{
"type": "FeatureCollection",
"name": "buildings",
"crs": { "type": "name", "properties": { "name": "urn:ogc:def:crs:OGC:1.3:CRS84" } },
"xy_coordinate_resolution": 1e-06,
"features": [
{"type":"Feature","properties":{"height_m":10.3},"geometry":{"type":"Polygon","coordinates":[[[2.182963,41.437173],[2.183395,41.437086],[2.183392,41.437076],[2.183467,41.437062],[2.183471,41.437072],[2.183905,41.436994],[2.183811,41.436721],[2.183379,41.436806],[2.183393,41.436839],[2.183387,41.43684],[2.183389,41.436846],[2.183352,41.436852],[2.183315,41.436861],[2.183313,41.436854],[2.183309,41.436855],[2.1833,41.436821],[2.182867,41.436906],[2.182963,41.437173]]]}},
{"type":"Feature","properties":{"height_m":18.0},"geometry":{"type":"Polygon","coordinates":[[[2.1755,41.43001],[2.175509,41.43011],[2.175512,41.430144],[2.175516,41.430184],[2.175944,41.43018],[2.175938,41.430005],[2.175594,41.430009],[2.1755,41.43001]],[[2.175855,41.430122],[2.175854,41.430081],[2.175907,41.43008],[2.175909,41.430122],[2.175855,41.430122]],[[2.175695,41.430083],[2.175749,41.430082],[2.17575,41.430124],[2.175697,41.430125],[2.175695,41.430083]],[[2.175537,41.430086],[2.175585,41.430085],[2.175586,41.430126],[2.175538,41.430127],[2.175537,41.430086]]]}},
{"type":"Feature","properties":{"height_m":22.8},"geometry":{"type":"Polygon","coordinates":[[[2.175316,41.430111],[2.175315,41.430104],[2.17537,41.430103],[2.17537,41.430094],[2.175401,41.430094],[2.175402,41.430103],[2.175428,41.430103],[2.17543,41.430111],[2.175462,41.43011],[2.175482,41.43011],[2.175478,41.430011],[2.175421,41.430011],[2.175421,41.430021],[2.175403,41.430022],[2.175403,41.430027],[2.1754,41.430028],[2.175382,41.430028],[2.175381,41.430023],[2.175322,41.430023],[2.175326,41.430012],[2.175312,41.430013],[2.1753,41.430013],[2.175261,41.430013],[2.175224,41.430014],[2.175227,41.430112],[2.175246,41.430112],[2.175265,41.430112],[2.175316,41.430111]],[[2.175313,41.430047],[2.175377,41.430046],[2.175377,41.430077],[2.175314,41.430078],[2.175313,41.430047]]]}},
{"type":"Feature","properties":{"height_m":14.5},"geometry":{"type":"Polygon","coordinates":[[[2.179676,41.431849],[2.179682,41.431849],[2.179728,41.431849],[2.179728,41.431838],[2.179754,41.431838],[2.179754,41.431848],[2.179769,41.431848],[2.179803,41.431848],[2.179811,41.431848],[2.179834,41.431847],[2.179867,41.431847],[2.179865,41.431788],[2.179864,41.431727],[2.179832,41.431727],[2.179809,41.431727],[2.179752,41.431727],[2.179752,41.431738],[2.179727,41.431738],[2.179727,41.431728],[2.179679,41.431728],[2.179674,41.431728],[2.179625,41.431728],[2.179562,41.431728],[2.179487,41.431728],[2.179488,41.431824],[2.179489,41.431851],[2.179513,41.431851],[2.179627,41.43185],[2.179676,41.431849]],[[2.17981,41.431772],[2.179811,41.431805],[2.179758,41.431806],[2.179758,41.431772],[2.17981,41.431772]],[[2.179724,41.431773],[2.179725,41.431805],[2.179674,41.431806],[2.179674,41.431773],[2.179724,41.431773]]]}},
{"type":"Feature","properties":{"height_m":15.0},"geometry":{"type":"Polygon","coordinates":[[[2.179335,41.431853],[2.179372,41.431853],[2.179462,41.431852],[2.179489,41.431851],[2.179488,41.431824],[2.179466,41.431824],[2.179464,41.431728],[2.17937,41.431728],[2.179347,41.431728],[2.179332,41.431728],[2.179303,41.431728],[2.179261,41.431728],[2.179166,41.431728],[2.179139,41.431729],[2.179095,41.43173],[2.179096,41.431791],[2.179097,41.431856],[2.179191,41.431855],[2.179244,41.431854],[2.179307,41.431854],[2.179335,41.431853]],[[2.179233,41.431753],[2.179235,41.431779],[2.179199,41.43178],[2.179198,41.431753],[2.179233,41.431753]],[[2.179234,41.431802],[2.179235,41.431829],[2.179201,41.43183],[2.1792,41.431803],[2.179234,41.431802]]]}},
{"type":"Feature","properties":{"height_m":14.8},"geometry":{"type":"Polygon","coordinates":[[[2.179487,41.4321],[2.179487,41.432076],[2.179467,41.432076],[2.179466,41.432041],[2.179343,41.432043],[2.179198,41.432045],[2.179168,41.432046],[2.179119,41.432047],[2.179121,41.43205],[2.179135,41.432067],[2.179234,41.432101],[2.179356,41.43213],[2.179487,41.43216],[2.179487,41.432157],[2.179487,41.432129],[2.179487,41.4321]],[[2.179354,41.432087],[2.179302,41.432088],[2.179301,41.432061],[2.179353,41.432061],[2.179354,41.432087]]]}},
{"type":"Feature","properties":{"height_m":14.2},"geometry":{"type":"Polygon","coordinates":[[[2.178978,41.431841],[2.178977,41.43178],[2.178975,41.431718],[2.178954,41.431719],[2.178861,41.431721],[2.178862,41.431732],[2.178847,41.431733],[2.178847,41.431721],[2.178803,41.431722],[2.178808,41.431845],[2.178838,41.431844],[2.178876,41.431843],[2.178957,41.431842],[2.178978,41.431841]],[[2.178879,41.431763],[2.178879,41.431757],[2.178917,41.431757],[2.178916,41.431762],[2.178879,41.431763]]]}},
{"type":"Feature","properties":{"height_m":14.2},"geometry":{"type":"Polygon","coordinates":[[[2.178821,41.4319],[2.17885,41.4319],[2.178958,41.431899],[2.178966,41.431899],[2.178979,41.431899],[2.178978,41.43187],[2.178978,41.431841],[2.178957,41.431842],[2.178876,41.431843],[2.178838,41.431844],[2.178808,41.431845],[2.178773,41.431845],[2.17875,41.431846],[2.17873,41.431846],[2.178719,41.431856],[2.17871,41.431866],[2.178739,41.431878],[2.178766,41.43189],[2.178789,41.431902],[2.178795,41.431906],[2.17881,41.431894],[2.178821,41.4319]],[[2.178877,41.431884],[2.178839,41.431885],[2.178839,41.431869],[2.178877,41.431867],[2.178877,41.431884]]]}},
{"type":"Feature","properties":{"height_m":14.8},"geometry":{"type":"Polygon","coordinates":[[[2.177531,41.431708],[2.177611,41.431707],[2.177627,41.431707],[2.177633,41.431878],[2.177725,41.431877],[2.178022,41.431873],[2.178114,41.431871],[2.178109,41.431696],[2.178097,41.431696],[2.178096,41.431643],[2.178094,41.431588],[2.178093,41.431513],[2.178036,41.431514],[2.177854,41.431517],[2.177737,41.431519],[2.177526,41.431522],[2.177528,41.431594],[2.177531,41.431708]],[[2.178024,41.431667],[2.178023,41.431627],[2.178037,41.431626],[2.178038,41.431667],[2.178024,41.431667]],[[2.177581,41.431635],[2.17761,41.431634],[2.17761,41.431675],[2.177583,41.431676],[2.177581,41.431635]],[[2.178018,41.431697],[2.178019,41.431751],[2.177769,41.431755],[2.177721,41.431755],[2.17772,41.431699],[2.177687,41.431699],[2.177685,41.431603],[2.17781,41.431601],[2.17781,41.431589],[2.177937,41.431588],[2.177939,41.431697],[2.178018,41.431697]]]}},
{"type":"Feature","properties":{"height_m":23.4},"geometry":{"type":"Polygon","coordinates":[[[2.180414,41.432057],[2.180364,41.432057],[2.180364,41.432076],[2.180365,41.432124],[2.180366,41.432234],[2.180366,41.432263],[2.180367,41.43229],[2.180478,41.432289],[2.180531,41.432224],[2.180665,41.432059],[2.180738,41.431969],[2.180738,41.431951],[2.180737,41.431904],[2.180735,41.431865],[2.180491,41.431866],[2.180379,41.431867],[2.18038,41.431927],[2.180362,41.431927],[2.180363,41.431987],[2.180363,41.432004],[2.180379,41.432004],[2.180379,41.432048],[2.180401,41.432048],[2.180401,41.432018],[2.180413,41.432018],[2.180414,41.432057]],[[2.180454,41.431939],[2.180453,41.431974],[2.180439,41.431974],[2.180454,41.431939]]]}},
{"type":"Feature","properties":{"height_m":25.3},"geometry":{"type":"Polygon","coordinates":[[[2.179985,41.432186],[2.180026,41.432186],[2.180026,41.432157],[2.180165,41.432157],[2.180164,41.432291],[2.180268,41.43229],[2.180367,41.43229],[2.180366,41.432263],[2.180366,41.432234],[2.180365,41.432124],[2.180364,41.432076],[2.180229,41.432077],[2.18022,41.432076],[2.18022,41.43206],[2.180196,41.43206],[2.180138,41.43206],[2.180056,41.43206],[2.180041,41.43206],[2.180023,41.43206],[2.179984,41.43206],[2.179985,41.432107],[2.179985,41.432157],[2.179985,41.432186]],[[2.180108,41.432107],[2.180108,41.432078],[2.180144,41.432079],[2.180143,41.432108],[2.180143,41.432132],[2.180108,41.432131],[2.180108,41.432107]],[[2.180267,41.432153],[2.180268,41.432123],[2.180309,41.432124],[2.180308,41.432153],[2.180267,41.432153]],[[2.180272,41.432192],[2.180315,41.432192],[2.180315,41.432234],[2.180272,41.432234],[2.180272,41.432192]]]}},
{"type":"Feature","properties":{"height_m":20.5},"geometry":{"type":"Polygon","coordinates":[[[2.180182,41.432483],[2.180182,41.432495],[2.18029,41.432494],[2.180289,41.432442],[2.180283,41.432442],[2.180283,41.432365],[2.180288,41.432365],[2.180287,41.432317],[2.180176,41.432318],[2.180092,41.432319],[2.179998,41.432321],[2.179999,41.432373],[2.180006,41.432373],[2.180007,41.432414],[2.180007,41.432448],[2.180003,41.432447],[2.180003,41.432496],[2.180098,41.432496],[2.180098,41.432484],[2.180182,41.432483]],[[2.180178,41.432389],[2.180178,41.432399],[2.180095,41.4324],[2.180095,41.43239],[2.180178,41.432389]],[[2.180144,41.432423],[2.18018,41.432422],[2.18018,41.432431],[2.180145,41.432432],[2.180144,41.432423]],[[2.180129,41.432423],[2.180129,41.432432],[2.180096,41.432433],[2.180096,41.432423],[2.180129,41.432423]]]}},
{"type":"Feature","properties":{"height_m":15.4},"geometry":{"type":"Polygon","coordinates":[[[2.180277,41.431533],[2.180277,41.431538],[2.180278,41.431555],[2.180278,41.431565],[2.180278,41.431592],[2.180278,41.431608],[2.180279,41.431631],[2.180279,41.431643],[2.180279,41.431657],[2.180319,41.431656],[2.18035,41.431656],[2.180349,41.431629],[2.180418,41.431628],[2.180418,41.431655],[2.180486,41.431654],[2.180489,41.431654],[2.180489,41.431537],[2.180479,41.431537],[2.180479,41.431526],[2.180489,41.431526],[2.180489,41.431478],[2.18037,41.43148],[2.180277,41.431482],[2.180277,41.431504],[2.180277,41.431527],[2.180277,41.431533]],[[2.180396,41.431571],[2.180396,41.431544],[2.180431,41.431543],[2.180432,41.43157],[2.180396,41.431571]],[[2.180371,41.431544],[2.180371,41.431571],[2.180335,41.431571],[2.180334,41.431544],[2.180371,41.431544]]]}},
{"type":"Feature","properties":{"height_m":10.5},"geometry":{"type":"Polygon","coordinates":[[[2.179315,41.431261],[2.179316,41.431279],[2.179316,41.431289],[2.179316,41.431315],[2.179317,41.431344],[2.179318,41.43139],[2.179318,41.431406],[2.179366,41.431405],[2.179401,41.431405],[2.179399,41.431279],[2.179399,41.431252],[2.179398,41.431238],[2.179398,41.431232],[2.179341,41.431232],[2.179315,41.431232],[2.179315,41.431252],[2.179315,41.431261]],[[2.179369,41.431349],[2.179346,41.43135],[2.179346,41.431333],[2.179369,41.431332],[2.179369,41.431349]]]}},
{"type":"Feature","properties":{"height_m":16.9},"geometry":{"type":"Polygon","coordinates":[[[2.179654,41.431238],[2.179614,41.431239],[2.179615,41.431277],[2.179654,41.431276],[2.179682,41.431276],[2.179708,41.431275],[2.179732,41.431275],[2.179731,41.431247],[2.179761,41.431248],[2.179761,41.431274],[2.179801,41.431274],[2.179817,41.431273],[2.179833,41.431273],[2.179853,41.431273],[2.179851,41.431207],[2.17985,41.431166],[2.17983,41.431166],[2.179797,41.431167],[2.179759,41.431167],[2.179759,41.431196],[2.17973,41.431197],[2.179729,41.431168],[2.179653,41.431169],[2.179613,41.431169],[2.179613,41.431187],[2.179614,41.431205],[2.179653,41.431204],[2.179654,41.431238]],[[2.17976,41.431237],[2.179698,41.431236],[2.179697,41.431208],[2.17976,41.431207],[2.17976,41.431237]]]}},
{"type":"Feature","properties":{"height_m":14.4},"geometry":{"type":"Polygon","coordinates":[[[2.179589,41.430846],[2.179606,41.430846],[2.179627,41.430846],[2.179661,41.430845],[2.179671,41.430845],[2.179702,41.430844],[2.179706,41.430844],[2.179803,41.430843],[2.179811,41.430843],[2.179822,41.430843],[2.179842,41.430842],[2.17984,41.430789],[2.179839,41.430735],[2.179808,41.430735],[2.179698,41.430737],[2.179658,41.430738],[2.179586,41.430738],[2.179525,41.430739],[2.179534,41.430798],[2.179588,41.430796],[2.179589,41.430846]],[[2.179752,41.430779],[2.179773,41.430779],[2.179774,41.430804],[2.179753,41.430804],[2.179752,41.430779]]]}},
{"type":"Feature","properties":{"height_m":16.6},"geometry":{"type":"Polygon","coordinates":[[[2.17907,41.43063],[2.179096,41.43063],[2.179142,41.43063],[2.179156,41.43063],[2.179181,41.43063],[2.179223,41.43063],[2.179283,41.43063],[2.179599,41.430628],[2.179623,41.430627],[2.179724,41.430626],[2.179725,41.430627],[2.17975,41.430626],[2.179754,41.430626],[2.179794,41.430626],[2.179836,41.430625],[2.179833,41.430514],[2.179832,41.430468],[2.179829,41.430352],[2.179419,41.430358],[2.179064,41.430364],[2.179067,41.430526],[2.17907,41.43063]],[[2.179439,41.430581],[2.179439,41.430607],[2.179314,41.430609],[2.179313,41.430583],[2.179439,41.430581]]]}},
{"type":"Feature","properties":{"height_m":21.6},"geometry":{"type":"Polygon","coordinates":[[[2.180711,41.431296],[2.180721,41.431296],[2.180719,41.431253],[2.180719,41.431221],[2.180683,41.431222],[2.180644,41.431224],[2.180625,41.431224],[2.180596,41.431225],[2.180568,41.431226],[2.180521,41.431228],[2.180523,41.4313],[2.180571,41.431299],[2.180621,41.431298],[2.180679,41.431297],[2.180711,41.431296]],[[2.180634,41.431288],[2.180605,41.431288],[2.180605,41.43126],[2.180636,41.43126],[2.180634,41.431288]]]}},
{"type":"Feature","properties":{"height_m":20.4},"geometry":{"type":"Polygon","coordinates":[[[2.180459,41.43094],[2.180526,41.430939],[2.180526,41.430932],[2.180611,41.43093],[2.180619,41.430921],[2.18064,41.43092],[2.180646,41.43092],[2.180646,41.430937],[2.180712,41.430936],[2.18071,41.43087],[2.180709,41.430811],[2.180667,41.430811],[2.180638,41.430811],[2.180633,41.430811],[2.180571,41.430812],[2.180523,41.430813],[2.180497,41.430813],[2.180457,41.430813],[2.18043,41.430813],[2.180378,41.430814],[2.180337,41.430815],[2.180338,41.430849],[2.18034,41.430929],[2.18034,41.430942],[2.180434,41.43094],[2.180459,41.43094]],[[2.180524,41.430868],[2.180552,41.430868],[2.180553,41.430893],[2.180525,41.430894],[2.180524,41.430868]]]}},
{"type":"Feature","properties":{"height_m":15.9},"geometry":{"type":"Polygon","coordinates":[[[2.180221,41.431374],[2.18022,41.431355],[2.180217,41.431259],[2.180186,41.431259],[2.180114,41.43126],[2.180069,41.43126],[2.18001,41.43126],[2.179997,41.43126],[2.179972,41.43126],[2.179972,41.431275],[2.179975,41.431396],[2.180221,41.431392],[2.180221,41.431377],[2.180221,41.431374]],[[2.180081,41.431327],[2.180044,41.431328],[2.180043,41.431301],[2.180081,41.4313],[2.180081,41.431327]]]}},
{"type":"Feature","properties":{"height_m":18.9},"geometry":{"type":"Polygon","coordinates":[[[2.181152,41.431041],[2.180955,41.431043],[2.180956,41.431089],[2.180957,41.431114],[2.181042,41.431113],[2.181076,41.431112],[2.181155,41.431111],[2.181162,41.431111],[2.18116,41.431041],[2.181152,41.431041]],[[2.181036,41.431066],[2.181081,41.431066],[2.181082,41.431085],[2.181036,41.431085],[2.181036,41.431066]]]}},
{"type":"Feature","properties":{"height_m":23.3},"geometry":{"type":"Polygon","coordinates":[[[2.181049,41.43046],[2.18105,41.430482],[2.18105,41.430495],[2.181148,41.430494],[2.181146,41.430369],[2.181146,41.430332],[2.181074,41.430333],[2.181046,41.430334],[2.181049,41.430455],[2.181049,41.43046]],[[2.181106,41.430454],[2.181083,41.430454],[2.181081,41.430397],[2.181104,41.430397],[2.181106,41.430454]]]}},
{"type":"Feature","properties":{"height_m":5.3},"geometry":{"type":"Polygon","coordinates":[[[2.181261,41.431284],[2.181265,41.431303],[2.181268,41.431315],[2.181277,41.431356],[2.181281,41.431372],[2.181282,41.431377],[2.181422,41.431375],[2.18143,41.431375],[2.181659,41.431153],[2.181674,41.431139],[2.181705,41.431109],[2.181705,41.431082],[2.181702,41.430867],[2.181668,41.430864],[2.181511,41.430852],[2.181408,41.430844],[2.181352,41.430839],[2.18121,41.430828],[2.181156,41.430824],[2.181161,41.430843],[2.181164,41.430857],[2.181174,41.4309],[2.181178,41.430921],[2.181185,41.43095],[2.181191,41.430978],[2.181239,41.43119],[2.181252,41.431245],[2.181261,41.431284]],[[2.181439,41.430861],[2.181441,41.431054],[2.181405,41.431059],[2.181359,41.430855],[2.181439,41.430861]]]}},
{"type":"Feature","properties":{"height_m":19.7},"geometry":{"type":"Polygon","coordinates":[[[2.181148,41.430494],[2.181149,41.430521],[2.181149,41.430556],[2.181245,41.430554],[2.181244,41.430526],[2.181242,41.430443],[2.181241,41.430428],[2.181239,41.430331],[2.181192,41.430332],[2.181146,41.430332],[2.181146,41.430369],[2.181148,41.430494]],[[2.181223,41.430494],[2.181198,41.430494],[2.181165,41.430495],[2.181165,41.430474],[2.181223,41.430474],[2.181223,41.430494]]]}},
{"type":"Feature","properties":{"height_m":25.2},"geometry":{"type":"Polygon","coordinates":[[[2.180951,41.430895],[2.180951,41.430903],[2.180952,41.430927],[2.18099,41.430926],[2.18116,41.430922],[2.181178,41.430921],[2.181174,41.4309],[2.181148,41.430895],[2.181143,41.430872],[2.181164,41.430857],[2.181161,41.430843],[2.180987,41.430846],[2.18095,41.430847],[2.18095,41.430868],[2.180951,41.430895]],[[2.181052,41.430876],[2.181071,41.430876],[2.181071,41.430852],[2.181091,41.430853],[2.181091,41.430875],[2.181104,41.430875],[2.181105,41.430895],[2.181053,41.430896],[2.181052,41.430876]]]}},
{"type":"Feature","properties":{"height_m":21.7},"geometry":{"type":"Polygon","coordinates":[[[2.181315,41.430385],[2.181315,41.430401],[2.181339,41.430401],[2.18134,41.430458],[2.181316,41.430458],[2.181317,41.430482],[2.181318,41.430525],[2.18132,41.430648],[2.181327,41.430648],[2.181492,41.430646],[2.181492,41.430634],[2.181554,41.430633],[2.181553,41.430604],[2.181553,41.430573],[2.181551,41.43052],[2.181551,41.430514],[2.181549,41.430447],[2.181549,41.430426],[2.181548,41.430377],[2.181547,41.43036],[2.181547,41.430354],[2.181546,41.430326],[2.181472,41.430327],[2.181314,41.43033],[2.181315,41.430364],[2.181315,41.430385]],[[2.181491,41.430454],[2.18148,41.430454],[2.18148,41.430468],[2.181457,41.430468],[2.181456,41.430451],[2.181467,41.430451],[2.181466,41.430416],[2.18149,41.430416],[2.181491,41.430454]]]}},
{"type":"Feature","properties":{"height_m":33.0},"geometry":{"type":"Polygon","coordinates":[[[2.179323,41.432886],[2.179309,41.432889],[2.179319,41.432955],[2.179307,41.432956],[2.179312,41.432987],[2.179387,41.432979],[2.17939,41.432997],[2.179602,41.432974],[2.179598,41.432955],[2.179681,41.432946],[2.179675,41.432918],[2.179661,41.43292],[2.179657,41.432896],[2.17965,41.432853],[2.179636,41.432855],[2.179634,41.432841],[2.17972,41.432831],[2.179707,41.432758],[2.17965,41.432763],[2.179649,41.432756],[2.179603,41.432758],[2.17939,41.432778],[2.179275,41.432795],[2.179276,41.432803],[2.179217,41.432808],[2.179232,41.432885],[2.17925,41.432882],[2.179321,41.432874],[2.179323,41.432886]],[[2.17959,41.432865],[2.179594,41.432886],[2.179576,41.432888],[2.179579,41.432907],[2.179398,41.432926],[2.179393,41.432907],[2.179376,41.432909],[2.179371,41.432881],[2.17937,41.432873],[2.179587,41.43285],[2.17959,41.432865]]]}},
{"type":"Feature","properties":{"height_m":21.4},"geometry":{"type":"Polygon","coordinates":[[[2.181981,41.430825],[2.182,41.430835],[2.182066,41.430772],[2.18213,41.43071],[2.182109,41.430697],[2.182078,41.430678],[2.182066,41.430691],[2.182033,41.430672],[2.182046,41.430659],[2.182018,41.430642],[2.182004,41.430632],[2.181963,41.430671],[2.181941,41.430671],[2.181944,41.43069],[2.181952,41.430745],[2.181974,41.430759],[2.181957,41.430776],[2.181958,41.430781],[2.181963,41.430814],[2.181978,41.430823],[2.181981,41.430825]],[[2.182047,41.43072],[2.182023,41.430743],[2.182001,41.430732],[2.182026,41.430707],[2.182047,41.43072]]]}},
{"type":"Feature","properties":{"height_m":4.0},"geometry":{"type":"Polygon","coordinates":[[[2.181869,41.430691],[2.181944,41.43069],[2.181941,41.430671],[2.181936,41.43065],[2.181976,41.430615],[2.182164,41.430447],[2.182029,41.430448],[2.181986,41.430448],[2.181986,41.430458],[2.181888,41.430458],[2.181889,41.430473],[2.181883,41.430473],[2.181884,41.430506],[2.181885,41.430562],[2.181844,41.430562],[2.181814,41.430563],[2.181815,41.430638],[2.181816,41.430691],[2.181846,41.430691],[2.181869,41.430691]],[[2.181896,41.430605],[2.181932,41.430604],[2.181933,41.43064],[2.181897,41.430641],[2.181896,41.430605]]]}},
{"type":"Feature","properties":{"height_m":17.8},"geometry":{"type":"Polygon","coordinates":[[[2.181872,41.430783],[2.181958,41.430781],[2.181957,41.430776],[2.181952,41.430745],[2.181944,41.43069],[2.181869,41.430691],[2.181846,41.430691],[2.181816,41.430691],[2.181816,41.430737],[2.181817,41.430783],[2.181848,41.430783],[2.181872,41.430783]],[[2.181936,41.43075],[2.181901,41.43075],[2.1819,41.430723],[2.181936,41.430723],[2.181936,41.43075]]]}},
{"type":"Feature","properties":{"height_m":35.4},"geometry":{"type":"Polygon","coordinates":[[[2.182169,41.430443],[2.182189,41.430457],[2.182184,41.430463],[2.182194,41.430469],[2.182197,41.430471],[2.182227,41.430489],[2.182247,41.430472],[2.182276,41.43049],[2.182257,41.430506],[2.182279,41.430519],[2.182288,41.43051],[2.182303,41.430519],[2.182293,41.430528],[2.182311,41.430538],[2.182461,41.430394],[2.182406,41.430315],[2.182364,41.430315],[2.182166,41.430318],[2.182168,41.430375],[2.182191,41.430376],[2.182191,41.430407],[2.182168,41.430407],[2.182169,41.43044],[2.182169,41.430443]],[[2.182295,41.430436],[2.182212,41.430463],[2.182195,41.430432],[2.182278,41.430406],[2.182295,41.430436]]]}},
{"type":"Feature","properties":{"height_m":15.0},"geometry":{"type":"Polygon","coordinates":[[[2.178265,41.430786],[2.178278,41.430786],[2.178302,41.430786],[2.178321,41.430786],[2.17835,41.430785],[2.178384,41.430785],[2.178397,41.430785],[2.178454,41.430784],[2.178579,41.430782],[2.178579,41.430761],[2.178578,41.430699],[2.178509,41.4307],[2.178451,41.430701],[2.178396,41.430701],[2.178264,41.430703],[2.178235,41.430703],[2.178193,41.430704],[2.178194,41.430752],[2.178195,41.430787],[2.178233,41.430787],[2.178237,41.430787],[2.178265,41.430786]],[[2.178452,41.430734],[2.178471,41.430734],[2.178471,41.430751],[2.178453,41.430751],[2.178452,41.430734]]]}},
{"type":"Feature","properties":{"height_m":16.2},"geometry":{"type":"Polygon","coordinates":[[[2.178257,41.431295],[2.178257,41.431285],[2.178282,41.431285],[2.178304,41.431284],[2.178305,41.431295],[2.178373,41.431295],[2.178373,41.431285],[2.178388,41.431285],[2.178424,41.431284],[2.178425,41.431294],[2.178438,41.431294],[2.178466,41.431294],[2.178465,41.43127],[2.178484,41.43127],[2.178484,41.431224],[2.178465,41.431225],[2.178464,41.4312],[2.178393,41.431201],[2.178387,41.431201],[2.178345,41.431201],[2.178315,41.431201],[2.178281,41.431202],[2.178238,41.431202],[2.178204,41.431202],[2.178205,41.431253],[2.178206,41.431296],[2.17824,41.431295],[2.178257,41.431295]],[[2.178388,41.431231],[2.178388,41.431253],[2.178357,41.431253],[2.178356,41.431232],[2.178388,41.431231]],[[2.178314,41.431232],[2.178314,41.431254],[2.178281,41.431254],[2.178281,41.431233],[2.178314,41.431232]]]}},
{"type":"Feature","properties":{"height_m":12.9},"geometry":{"type":"Polygon","coordinates":[[[2.178559,41.430633],[2.178589,41.430633],[2.178594,41.430633],[2.178594,41.430623],[2.178679,41.430622],[2.178677,41.430562],[2.178671,41.430369],[2.178613,41.43037],[2.178555,41.430371],[2.178555,41.430395],[2.178556,41.430424],[2.178558,41.430532],[2.178558,41.430563],[2.178559,41.430633]],[[2.178637,41.43049],[2.178595,41.430491],[2.178594,41.430461],[2.178636,41.430461],[2.178637,41.43049]]]}},
{"type":"Feature","properties":{"height_m":15.8},"geometry":{"type":"Polygon","coordinates":[[[2.178208,41.43137],[2.178209,41.431422],[2.178247,41.431421],[2.178332,41.43142],[2.178374,41.431419],[2.178443,41.431418],[2.178442,41.431389],[2.178442,41.431383],[2.178441,41.431365],[2.178441,41.431361],[2.178429,41.431361],[2.178429,41.431345],[2.178441,41.431345],[2.17844,41.431343],[2.178439,41.43131],[2.178438,41.431294],[2.178425,41.431294],[2.178403,41.431295],[2.178403,41.431304],[2.178374,41.431305],[2.178373,41.431295],[2.178305,41.431295],[2.178305,41.431305],[2.178279,41.431305],[2.178279,41.431295],[2.178257,41.431295],[2.17824,41.431295],[2.178206,41.431296],[2.178207,41.431316],[2.178208,41.43137]],[[2.178293,41.431329],[2.178293,41.431346],[2.178256,41.431346],[2.178255,41.43133],[2.178293,41.431329]],[[2.1784,41.431355],[2.178364,41.431356],[2.178364,41.43134],[2.178364,41.431338],[2.178399,41.431338],[2.1784,41.431355]]]}},
{"type":"Feature","properties":{"height_m":22.0},"geometry":{"type":"Polygon","coordinates":[[[2.178754,41.430437],[2.178754,41.430455],[2.178785,41.430454],[2.178786,41.430493],[2.178755,41.430493],[2.178755,41.430498],[2.178756,41.430539],[2.17879,41.430538],[2.178826,41.430538],[2.178837,41.430538],[2.178877,41.430537],[2.178925,41.430536],[2.178946,41.430536],[2.178941,41.430364],[2.178846,41.430366],[2.178752,41.430367],[2.178753,41.430391],[2.178754,41.430437]],[[2.178835,41.430448],[2.178835,41.430429],[2.178904,41.430428],[2.178904,41.430447],[2.178835,41.430448]],[[2.178837,41.430523],[2.178836,41.430489],[2.178882,41.430488],[2.178883,41.430523],[2.178837,41.430523]]]}},
{"type":"Feature","properties":{"height_m":23.1},"geometry":{"type":"Polygon","coordinates":[[[2.177515,41.431237],[2.177539,41.431236],[2.177548,41.431236],[2.177623,41.431234],[2.177654,41.431233],[2.177674,41.431233],[2.177716,41.431232],[2.177757,41.431231],[2.177754,41.43112],[2.177712,41.431121],[2.177649,41.431122],[2.17762,41.431122],[2.177511,41.431124],[2.177513,41.43119],[2.177514,41.43121],[2.177515,41.431237]],[[2.177654,41.431215],[2.177623,41.431215],[2.177622,41.431195],[2.177653,41.431195],[2.177654,41.431215]]]}},
{"type":"Feature","properties":{"height_m":21.6},"geometry":{"type":"Polygon","coordinates":[[[2.17762,41.431122],[2.177649,41.431122],[2.177712,41.431121],[2.177754,41.43112],[2.177751,41.431016],[2.177724,41.431016],[2.17771,41.431017],[2.177661,41.431017],[2.177646,41.431017],[2.177617,41.431018],[2.177568,41.431018],[2.17754,41.431018],[2.177508,41.431019],[2.17751,41.431081],[2.177511,41.431124],[2.17762,41.431122]],[[2.177648,41.431055],[2.177618,41.431055],[2.177618,41.431039],[2.177647,41.431038],[2.177648,41.431055]]]}},
{"type":"Feature","properties":{"height_m":16.0},"geometry":{"type":"Polygon","coordinates":[[[2.177951,41.430972],[2.177952,41.43098],[2.177986,41.430979],[2.177987,41.43097],[2.17801,41.43097],[2.178028,41.43097],[2.178028,41.430991],[2.178052,41.43099],[2.178081,41.43099],[2.17808,41.430949],[2.178079,41.430902],[2.178078,41.430853],[2.178077,41.430815],[2.178051,41.430815],[2.178023,41.430815],[2.178024,41.430836],[2.178005,41.430835],[2.177983,41.430835],[2.177984,41.430826],[2.177946,41.430827],[2.177947,41.430836],[2.177911,41.430836],[2.1779,41.430837],[2.177899,41.430827],[2.177898,41.430817],[2.177893,41.430817],[2.177878,41.430817],[2.177785,41.430818],[2.177785,41.430853],[2.177809,41.430853],[2.177809,41.430841],[2.177839,41.430841],[2.177843,41.430952],[2.177788,41.430952],[2.177789,41.430995],[2.177903,41.430993],[2.177903,41.430973],[2.177914,41.430973],[2.177951,41.430972]],[[2.177986,41.430925],[2.177932,41.430927],[2.177931,41.430882],[2.177984,41.430881],[2.177986,41.430925]]]}},
{"type":"Feature","properties":{"height_m":21.8},"geometry":{"type":"Polygon","coordinates":[[[2.177497,41.430695],[2.177498,41.430724],[2.1775,41.430759],[2.177542,41.430759],[2.177591,41.430758],[2.177599,41.430758],[2.177634,41.430758],[2.177672,41.430757],[2.177704,41.430757],[2.177712,41.430757],[2.177711,41.430718],[2.177671,41.430718],[2.17767,41.430668],[2.177688,41.430668],[2.177687,41.430649],[2.177709,41.430649],[2.17773,41.430648],[2.177729,41.430627],[2.177669,41.430628],[2.177645,41.430629],[2.17762,41.43063],[2.177595,41.43063],[2.177556,41.430631],[2.177539,41.430631],[2.177496,41.430633],[2.177497,41.430666],[2.177497,41.430695]],[[2.177597,41.430652],[2.17764,41.430652],[2.177642,41.430675],[2.177596,41.430676],[2.177597,41.430652]]]}},
{"type":"Feature","properties":{"height_m":17.2},"geometry":{"type":"Polygon","coordinates":[[[2.177494,41.430567],[2.177494,41.430598],[2.177496,41.430633],[2.177539,41.430631],[2.177556,41.430631],[2.177595,41.43063],[2.17762,41.43063],[2.177645,41.430629],[2.177643,41.430567],[2.177642,41.430539],[2.17764,41.430495],[2.17764,41.430492],[2.17764,41.430473],[2.177638,41.430422],[2.177638,41.430418],[2.177637,41.430402],[2.177637,41.430385],[2.17756,41.430386],[2.177488,41.430387],[2.177493,41.430542],[2.177494,41.430567]],[[2.177607,41.430565],[2.177522,41.430566],[2.17752,41.430542],[2.177606,41.43054],[2.177607,41.430565]]]}},
{"type":"Feature","properties":{"height_m":21.8},"geometry":{"type":"Polygon","coordinates":[[[2.18204,41.429955],[2.182044,41.429975],[2.182049,41.43],[2.182055,41.430031],[2.182058,41.430045],[2.182061,41.430059],[2.182066,41.430088],[2.182145,41.430087],[2.182226,41.430085],[2.182221,41.430057],[2.182198,41.429939],[2.182194,41.429919],[2.182189,41.429895],[2.182178,41.429838],[2.182139,41.429843],[2.182135,41.429818],[2.182173,41.429814],[2.18215,41.429697],[2.182125,41.429699],[2.182085,41.429701],[2.18209,41.429721],[2.181995,41.429726],[2.182031,41.429907],[2.18204,41.429955]],[[2.182143,41.429945],[2.182151,41.429981],[2.182127,41.429984],[2.182123,41.429972],[2.182098,41.429974],[2.182094,41.42995],[2.182143,41.429945]],[[2.182148,41.430006],[2.182152,41.430025],[2.182113,41.430029],[2.182109,41.43001],[2.182148,41.430006]]]}},
{"type":"Feature","properties":{"height_m":21.6},"geometry":{"type":"Polygon","coordinates":[[[2.182226,41.430085],[2.182301,41.430084],[2.182379,41.430083],[2.182379,41.430057],[2.182378,41.430054],[2.182378,41.430027],[2.182358,41.430028],[2.182358,41.429994],[2.182377,41.429994],[2.182376,41.42997],[2.182376,41.429946],[2.182375,41.429902],[2.182285,41.429903],[2.182286,41.42991],[2.182194,41.429919],[2.182198,41.429939],[2.182221,41.430057],[2.182226,41.430085]],[[2.182284,41.430007],[2.182238,41.430007],[2.182237,41.429979],[2.182284,41.429979],[2.182284,41.430007]]]}},
{"type":"Feature","properties":{"height_m":24.4},"geometry":{"type":"Polygon","coordinates":[[[2.181413,41.429804],[2.181435,41.429804],[2.181435,41.429833],[2.181414,41.429833],[2.181415,41.429873],[2.181437,41.429873],[2.181468,41.429872],[2.181491,41.429872],[2.181491,41.429866],[2.181513,41.429865],[2.181513,41.429878],[2.181514,41.429913],[2.181498,41.429913],[2.18143,41.429914],[2.181399,41.429914],[2.181399,41.429908],[2.181333,41.429909],[2.181335,41.429915],[2.181302,41.429915],[2.181302,41.429918],[2.181302,41.429925],[2.181302,41.429933],[2.181305,41.430078],[2.181305,41.430086],[2.181305,41.430097],[2.181494,41.430094],[2.181688,41.430091],[2.181683,41.429905],[2.181679,41.429717],[2.181652,41.429718],[2.181574,41.429721],[2.181464,41.429725],[2.181433,41.429726],[2.181422,41.429726],[2.181214,41.429734],[2.181216,41.429876],[2.181382,41.429873],[2.181379,41.429779],[2.181412,41.429778],[2.181413,41.429804]],[[2.18157,41.429781],[2.18157,41.429758],[2.18159,41.429757],[2.181591,41.42978],[2.18157,41.429781]],[[2.18149,41.42979],[2.18149,41.429769],[2.18154,41.429768],[2.181541,41.429789],[2.18149,41.42979]],[[2.181575,41.429877],[2.181574,41.429857],[2.181593,41.429857],[2.181595,41.429877],[2.181575,41.429877]],[[2.181585,41.429971],[2.181585,41.429952],[2.181641,41.429952],[2.181641,41.429971],[2.181585,41.429971]],[[2.181484,41.429954],[2.181512,41.429954],[2.181513,41.429978],[2.181484,41.429979],[2.181484,41.429954]],[[2.181351,41.429955],[2.181377,41.429955],[2.181379,41.429997],[2.181352,41.429997],[2.181351,41.429955]],[[2.181353,41.430037],[2.181353,41.430019],[2.18138,41.430018],[2.18138,41.430037],[2.181353,41.430037]],[[2.181512,41.430055],[2.181482,41.430056],[2.181482,41.430017],[2.18151,41.430017],[2.181512,41.430055]],[[2.181646,41.430073],[2.181617,41.430073],[2.181617,41.430049],[2.181646,41.430049],[2.181646,41.430073]]]}},
{"type":"Feature","properties":{"height_m":23.6},"geometry":{"type":"Polygon","coordinates":[[[2.181305,41.430078],[2.181302,41.429933],[2.181302,41.429925],[2.181302,41.429918],[2.181302,41.429915],[2.181302,41.429911],[2.181269,41.429911],[2.181268,41.429901],[2.181206,41.429901],[2.181206,41.429912],[2.181175,41.429912],[2.181175,41.429906],[2.181164,41.429906],[2.181093,41.429907],[2.181092,41.42988],[2.181164,41.429879],[2.181188,41.429879],[2.181187,41.429837],[2.181173,41.429837],[2.181172,41.429813],[2.181187,41.429813],[2.181186,41.429765],[2.181171,41.429765],[2.181171,41.429746],[2.181167,41.429744],[2.181161,41.429744],[2.181161,41.429736],[2.181016,41.429741],[2.180935,41.429744],[2.180921,41.429744],[2.180922,41.429795],[2.18093,41.430102],[2.181116,41.430099],[2.181305,41.430097],[2.181305,41.430086],[2.181305,41.430078]],[[2.181107,41.429782],[2.181107,41.4298],[2.181053,41.4298],[2.181053,41.429782],[2.181107,41.429782]],[[2.180975,41.4298],[2.180975,41.429783],[2.181029,41.429782],[2.181029,41.429786],[2.181016,41.429786],[2.181016,41.429795],[2.181029,41.429795],[2.181029,41.4298],[2.180975,41.4298]],[[2.18098,41.429895],[2.18098,41.429877],[2.181034,41.429876],[2.181034,41.429881],[2.181021,41.429881],[2.181021,41.42989],[2.181034,41.42989],[2.181034,41.429894],[2.18098,41.429895]],[[2.181025,41.429965],[2.181026,41.429983],[2.180972,41.429984],[2.180972,41.429966],[2.181025,41.429965]],[[2.181227,41.429958],[2.181251,41.429958],[2.181252,41.429998],[2.181228,41.429998],[2.181227,41.429958]],[[2.1811,41.429959],[2.181124,41.429959],[2.181124,41.43],[2.181118,41.43],[2.181118,41.42999],[2.181106,41.42999],[2.181106,41.43],[2.1811,41.43],[2.1811,41.429959]],[[2.181229,41.430056],[2.181228,41.430016],[2.181234,41.430016],[2.181234,41.430025],[2.181246,41.430025],[2.181246,41.430016],[2.181252,41.430016],[2.181253,41.430056],[2.181229,41.430056]],[[2.180975,41.430073],[2.180973,41.430032],[2.180979,41.430032],[2.18098,41.430042],[2.180992,41.430042],[2.180991,41.430032],[2.180997,41.430032],[2.180998,41.430073],[2.180975,41.430073]]]}},
{"type":"Feature","properties":{"height_m":23.2},"geometry":{"type":"Polygon","coordinates":[[[2.178429,41.42998],[2.178429,41.429992],[2.178429,41.429997],[2.17843,41.430018],[2.178431,41.430048],[2.178431,41.430075],[2.178432,41.4301],[2.178433,41.43011],[2.178434,41.430141],[2.178505,41.43014],[2.178576,41.430138],[2.178576,41.430108],[2.178575,41.430104],[2.178575,41.430096],[2.178575,41.430077],[2.178574,41.430062],[2.178574,41.430038],[2.178573,41.430019],[2.178573,41.430017],[2.178573,41.430013],[2.178573,41.429989],[2.178572,41.429986],[2.178572,41.429958],[2.17857,41.429894],[2.17844,41.429897],[2.178426,41.429897],[2.178427,41.429923],[2.178428,41.42996],[2.178429,41.42998]],[[2.178548,41.430038],[2.178532,41.430038],[2.17853,41.43002],[2.178548,41.430019],[2.178548,41.430038]]]}},
{"type":"Feature","properties":{"height_m":20.1},"geometry":{"type":"Polygon","coordinates":[[[2.178791,41.430034],[2.178792,41.430064],[2.178832,41.430063],[2.178833,41.430076],[2.178865,41.430076],[2.178866,41.430097],[2.178793,41.430099],[2.178793,41.430103],[2.178794,41.430134],[2.178873,41.430133],[2.178939,41.430132],[2.178934,41.429953],[2.178911,41.429953],[2.178899,41.429953],[2.178867,41.429954],[2.178862,41.429954],[2.178836,41.429955],[2.178824,41.429955],[2.178788,41.429955],[2.178789,41.429982],[2.17879,41.430008],[2.17879,41.430013],[2.17879,41.430018],[2.178791,41.430034]],[[2.178903,41.430085],[2.178892,41.430086],[2.178892,41.430075],[2.178903,41.430075],[2.178903,41.430085]]]}},
{"type":"Feature","properties":{"height_m":20.6},"geometry":{"type":"Polygon","coordinates":[[[2.177657,41.430009],[2.177657,41.430029],[2.17768,41.430028],[2.17768,41.430058],[2.17768,41.43007],[2.177672,41.430069],[2.177673,41.430097],[2.177658,41.430097],[2.177658,41.430126],[2.177658,41.430152],[2.177742,41.430151],[2.177803,41.430151],[2.177802,41.430124],[2.177802,41.430094],[2.177782,41.430095],[2.177782,41.430068],[2.17777,41.430068],[2.177769,41.430027],[2.1778,41.430026],[2.1778,41.430007],[2.177799,41.429975],[2.177798,41.429954],[2.177798,41.429922],[2.177797,41.429905],[2.177703,41.429907],[2.177655,41.429908],[2.177656,41.429985],[2.177657,41.430009]],[[2.177742,41.429962],[2.177742,41.429976],[2.17773,41.429976],[2.177716,41.429976],[2.177717,41.429961],[2.177704,41.429952],[2.177703,41.429942],[2.17775,41.429941],[2.17775,41.429955],[2.177742,41.429962]]]}},
{"type":"Feature","properties":{"height_m":22.1},"geometry":{"type":"Polygon","coordinates":[[[2.1778,41.430007],[2.1778,41.430026],[2.177802,41.430094],[2.177802,41.430124],[2.177803,41.430151],[2.177886,41.430149],[2.177933,41.430148],[2.177932,41.430122],[2.177932,41.430096],[2.17793,41.430038],[2.17793,41.430025],[2.177929,41.429973],[2.177927,41.429921],[2.177798,41.429922],[2.177798,41.429954],[2.177799,41.429975],[2.1778,41.430007]],[[2.177853,41.430088],[2.177852,41.430042],[2.177876,41.430042],[2.177877,41.430088],[2.177853,41.430088]]]}},
{"type":"Feature","properties":{"height_m":3.7},"geometry":{"type":"Polygon","coordinates":[[[2.176867,41.429948],[2.17696,41.429947],[2.17696,41.429952],[2.176961,41.429977],[2.177018,41.429977],[2.177043,41.429976],[2.177051,41.429976],[2.17709,41.429976],[2.177097,41.429976],[2.177143,41.429975],[2.177177,41.429975],[2.177176,41.42994],[2.177174,41.429904],[2.177141,41.429905],[2.177107,41.429905],[2.177095,41.429905],[2.177049,41.429906],[2.177014,41.429906],[2.176977,41.429907],[2.176971,41.429907],[2.176935,41.429907],[2.176802,41.429909],[2.176801,41.429898],[2.176675,41.4299],[2.176625,41.429901],[2.176596,41.429902],[2.176531,41.429903],[2.176532,41.429949],[2.176698,41.429946],[2.176867,41.429943],[2.176867,41.429948]],[[2.177096,41.429965],[2.177051,41.429966],[2.17705,41.429939],[2.177096,41.429938],[2.177096,41.429965]]]}},
{"type":"Feature","properties":{"height_m":23.7},"geometry":{"type":"Polygon","coordinates":[[[2.176701,41.430032],[2.176702,41.430049],[2.176703,41.430089],[2.176705,41.430132],[2.176706,41.430166],[2.176789,41.430165],[2.176874,41.430164],[2.176872,41.4301],[2.17687,41.430035],[2.17687,41.43003],[2.176868,41.429983],[2.176868,41.429978],[2.176867,41.429948],[2.176867,41.429943],[2.176698,41.429946],[2.176699,41.429979],[2.176701,41.430032]],[[2.176798,41.430054],[2.176768,41.430054],[2.176769,41.430049],[2.176764,41.430048],[2.176764,41.430025],[2.176807,41.430024],[2.176807,41.430053],[2.176798,41.430054]],[[2.176791,41.430101],[2.176791,41.430108],[2.17677,41.430108],[2.17677,41.430101],[2.176791,41.430101]]]}},
{"type":"Feature","properties":{"height_m":22.7},"geometry":{"type":"Polygon","coordinates":[[[2.176534,41.429987],[2.176535,41.430033],[2.176536,41.43005],[2.176537,41.430112],[2.176539,41.430169],[2.176634,41.430167],[2.176706,41.430166],[2.176705,41.430132],[2.176703,41.430089],[2.176702,41.430049],[2.176701,41.430032],[2.176699,41.429979],[2.176698,41.429946],[2.176532,41.429949],[2.176533,41.429981],[2.176534,41.429987]],[[2.17663,41.43005],[2.17663,41.430055],[2.1766,41.430056],[2.176589,41.430056],[2.176588,41.430027],[2.17663,41.430026],[2.17663,41.43005]],[[2.176632,41.430103],[2.176632,41.43011],[2.176609,41.430111],[2.176609,41.430104],[2.176632,41.430103]]]}},
{"type":"Feature","properties":{"height_m":21.8},"geometry":{"type":"Polygon","coordinates":[[[2.177474,41.432531],[2.177449,41.432541],[2.177475,41.432575],[2.177492,41.432597],[2.177661,41.432519],[2.177691,41.432418],[2.177673,41.432393],[2.177653,41.432366],[2.177623,41.432378],[2.177551,41.432409],[2.177489,41.432435],[2.177408,41.432469],[2.177397,41.432473],[2.177413,41.432495],[2.177437,41.432485],[2.177464,41.432519],[2.177474,41.432531]],[[2.17758,41.432469],[2.177548,41.432482],[2.177523,41.432449],[2.177555,41.432435],[2.17758,41.432469]]]}},
{"type":"Feature","properties":{"height_m":21.4},"geometry":{"type":"Polygon","coordinates":[[[2.176893,41.432761],[2.176837,41.432695],[2.176802,41.43271],[2.176808,41.432718],[2.176768,41.432736],[2.17676,41.432727],[2.176753,41.432719],[2.176827,41.432682],[2.176805,41.432656],[2.176792,41.432641],[2.176657,41.432702],[2.176629,41.432715],[2.176712,41.432816],[2.176793,41.432916],[2.176959,41.43284],[2.176948,41.432827],[2.176893,41.432761]],[[2.176869,41.432824],[2.176826,41.432844],[2.176803,41.432816],[2.176847,41.432796],[2.176869,41.432824]]]}},
{"type":"Feature","properties":{"height_m":21.3},"geometry":{"type":"Polygon","coordinates":[[[2.176469,41.432519],[2.176495,41.432507],[2.176623,41.432446],[2.176633,41.432442],[2.176611,41.432419],[2.176577,41.432384],[2.176547,41.432354],[2.176516,41.432323],[2.176502,41.432309],[2.176462,41.432268],[2.176453,41.432259],[2.176439,41.432244],[2.176418,41.43226],[2.176321,41.432336],[2.176451,41.432497],[2.176469,41.432519]],[[2.17644,41.432323],[2.176466,41.432355],[2.176432,41.432369],[2.176404,41.432337],[2.17644,41.432323]],[[2.176552,41.4324],[2.176574,41.432426],[2.176529,41.432447],[2.176508,41.43242],[2.176552,41.4324]]]}},
{"type":"Feature","properties":{"height_m":21.3},"geometry":{"type":"Polygon","coordinates":[[[2.177073,41.432533],[2.177104,41.432571],[2.177153,41.432628],[2.17721,41.432697],[2.177227,41.432717],[2.177396,41.43264],[2.177492,41.432597],[2.177475,41.432575],[2.177449,41.432541],[2.177413,41.432495],[2.177397,41.432473],[2.17737,41.432484],[2.177283,41.432381],[2.177203,41.432287],[2.17718,41.432302],[2.177197,41.432322],[2.177159,41.432341],[2.177145,41.432325],[2.176988,41.432431],[2.177,41.432446],[2.177067,41.432526],[2.177073,41.432533]],[[2.177373,41.432524],[2.17741,41.43257],[2.177362,41.432591],[2.177325,41.432545],[2.177373,41.432524]],[[2.177154,41.432552],[2.177204,41.432529],[2.17724,41.432574],[2.17719,41.432596],[2.177154,41.432552]],[[2.177249,41.432602],[2.177277,41.432636],[2.177238,41.432654],[2.17721,41.43262],[2.177249,41.432602]]]}},
{"type":"Feature","properties":{"height_m":21.4},"geometry":{"type":"Polygon","coordinates":[[[2.176961,41.431926],[2.176993,41.431959],[2.176998,41.431964],[2.177028,41.431994],[2.177058,41.432024],[2.177079,41.432045],[2.177101,41.432034],[2.17711,41.432043],[2.177122,41.432037],[2.177166,41.432019],[2.177136,41.431987],[2.177117,41.431997],[2.177071,41.431953],[2.177104,41.431933],[2.177126,41.431952],[2.177159,41.431941],[2.17717,41.431954],[2.177178,41.431963],[2.177188,41.431959],[2.177171,41.431938],[2.177227,41.431914],[2.177243,41.431935],[2.177278,41.431919],[2.17728,41.431918],[2.177311,41.431904],[2.177274,41.431853],[2.177233,41.431798],[2.177,41.431803],[2.176952,41.431841],[2.176909,41.431874],[2.176926,41.431891],[2.176961,41.431926]],[[2.177159,41.431837],[2.177185,41.431872],[2.177139,41.431892],[2.177111,41.431856],[2.177159,41.431837]],[[2.177035,41.43188],[2.177068,41.431913],[2.177022,41.431939],[2.176989,41.431907],[2.177035,41.43188]]]}},
{"type":"Feature","properties":{"height_m":15.5},"geometry":{"type":"Polygon","coordinates":[[[2.176792,41.432641],[2.176788,41.432636],[2.176829,41.432614],[2.176778,41.432571],[2.176767,41.432578],[2.176751,41.432562],[2.176726,41.432537],[2.176637,41.432446],[2.176633,41.432442],[2.176623,41.432446],[2.176495,41.432507],[2.176469,41.432519],[2.176549,41.432617],[2.176629,41.432715],[2.176657,41.432702],[2.176792,41.432641]],[[2.176576,41.432496],[2.176602,41.432528],[2.176569,41.432543],[2.176544,41.432511],[2.176576,41.432496]],[[2.176695,41.432611],[2.176726,41.432649],[2.176681,41.43267],[2.17665,41.432632],[2.176695,41.432611]]]}},
{"type":"Feature","properties":{"height_m":18.6},"geometry":{"type":"Polygon","coordinates":[[[2.176827,41.432682],[2.176837,41.432695],[2.176893,41.432761],[2.176948,41.432827],[2.176959,41.43284],[2.177155,41.43275],[2.177227,41.432717],[2.17721,41.432697],[2.177153,41.432628],[2.177104,41.432571],[2.177073,41.432533],[2.177067,41.432526],[2.177,41.432446],[2.176936,41.432477],[2.17693,41.432469],[2.176883,41.432501],[2.176814,41.432547],[2.176852,41.432603],[2.176829,41.432614],[2.176788,41.432636],[2.176792,41.432641],[2.176805,41.432656],[2.176827,41.432682]],[[2.177059,41.432591],[2.177107,41.43265],[2.177147,41.432698],[2.177111,41.432714],[2.177084,41.432684],[2.17708,41.432686],[2.17707,41.432674],[2.177057,41.432679],[2.177055,41.432676],[2.17705,41.43267],[2.177058,41.432667],[2.177045,41.432654],[2.177054,41.432649],[2.177021,41.432609],[2.177059,41.432591]],[[2.176929,41.432706],[2.176897,41.432668],[2.176932,41.432653],[2.176962,41.43269],[2.176964,41.432688],[2.176976,41.432702],[2.176958,41.432711],[2.17698,41.432738],[2.176989,41.432734],[2.177008,41.432757],[2.176971,41.432775],[2.176941,41.432738],[2.176921,41.432748],[2.1769,41.432721],[2.176929,41.432706]]]}},
{"type":"Feature","properties":{"height_m":22.5},"geometry":{"type":"Polygon","coordinates":[[[2.177283,41.432381],[2.17737,41.432484],[2.177397,41.432473],[2.177408,41.432469],[2.177489,41.432435],[2.177551,41.432409],[2.177623,41.432378],[2.177653,41.432366],[2.177575,41.432261],[2.177497,41.432156],[2.177466,41.432169],[2.177286,41.432246],[2.177235,41.432268],[2.177257,41.432297],[2.177238,41.432305],[2.177277,41.432355],[2.177284,41.432352],[2.177303,41.432374],[2.177283,41.432381]],[[2.177421,41.432238],[2.177455,41.432223],[2.177459,41.432228],[2.177466,41.432225],[2.177483,41.432248],[2.177467,41.432255],[2.177471,41.43226],[2.177445,41.43227],[2.177421,41.432238]],[[2.177338,41.432268],[2.177364,41.432257],[2.17737,41.432264],[2.177377,41.432262],[2.177392,41.432283],[2.177382,41.432287],[2.177386,41.432293],[2.177346,41.432312],[2.177325,41.432285],[2.177344,41.432276],[2.177338,41.432268]],[[2.177498,41.432341],[2.177539,41.432323],[2.177562,41.432354],[2.177544,41.432361],[2.177546,41.432365],[2.177525,41.432375],[2.177498,41.432341]],[[2.177404,41.432377],[2.177444,41.432358],[2.177462,41.432382],[2.177453,41.432385],[2.177456,41.43239],[2.177425,41.432404],[2.177404,41.432377]]]}},
{"type":"Feature","properties":{"height_m":5.9},"geometry":{"type":"Polygon","coordinates":[[[2.176607,41.432154],[2.176621,41.432168],[2.176637,41.432183],[2.176646,41.432179],[2.176653,41.432186],[2.176645,41.43219],[2.17669,41.432235],[2.176699,41.432231],[2.176705,41.432238],[2.176697,41.432242],[2.176703,41.432247],[2.176722,41.432265],[2.176733,41.432277],[2.176773,41.432316],[2.176875,41.432415],[2.176889,41.432408],[2.176927,41.432445],[2.176913,41.432452],[2.17693,41.432469],[2.176988,41.432431],[2.177145,41.432325],[2.17715,41.432322],[2.177137,41.432308],[2.177155,41.432296],[2.17707,41.432209],[2.176947,41.432276],[2.176909,41.432236],[2.176893,41.432219],[2.176857,41.432181],[2.176851,41.432175],[2.176838,41.432161],[2.176835,41.432158],[2.17681,41.432131],[2.17679,41.43211],[2.176779,41.432116],[2.176771,41.432108],[2.176782,41.432102],[2.176761,41.432079],[2.176756,41.432075],[2.176731,41.432048],[2.176713,41.432029],[2.176609,41.43211],[2.176583,41.43213],[2.176604,41.432151],[2.176607,41.432154]],[[2.176703,41.432111],[2.176724,41.432134],[2.176689,41.432153],[2.176674,41.432138],[2.176667,41.432131],[2.176703,41.432111]],[[2.176779,41.432188],[2.176801,41.432212],[2.176773,41.432229],[2.17675,41.432205],[2.176779,41.432188]]]}},
{"type":"Feature","properties":{"height_m":21.6},"geometry":{"type":"Polygon","coordinates":[[[2.176802,41.431264],[2.176803,41.431282],[2.176804,41.431324],[2.176805,41.431341],[2.176807,41.431401],[2.176807,41.431419],[2.176808,41.431443],[2.17689,41.431442],[2.176976,41.431441],[2.176975,41.431417],[2.176974,41.431398],[2.17697,41.43128],[2.176969,41.431261],[2.176969,41.431249],[2.176969,41.431241],[2.176967,41.431195],[2.176963,41.431196],[2.176843,41.431197],[2.17684,41.431159],[2.176799,41.43116],[2.176801,41.431209],[2.176801,41.431229],[2.176802,41.431245],[2.176802,41.431264]],[[2.176905,41.431299],[2.176906,41.431325],[2.176886,41.431325],[2.176875,41.431325],[2.176873,41.431299],[2.176905,41.431299]],[[2.176886,41.431344],[2.176887,41.431358],[2.176906,41.431357],[2.176906,41.431373],[2.176873,41.431373],[2.176872,41.431344],[2.176886,41.431344]]]}},
{"type":"Feature","properties":{"height_m":15.0},"geometry":{"type":"Polygon","coordinates":[[[2.176536,41.430915],[2.176634,41.430912],[2.176715,41.43091],[2.176772,41.430908],[2.176813,41.430907],[2.176811,41.430817],[2.176711,41.43082],[2.176624,41.430823],[2.176559,41.430824],[2.176533,41.430825],[2.176505,41.430826],[2.176489,41.430827],[2.176452,41.430828],[2.176453,41.430876],[2.176454,41.430917],[2.176491,41.430916],[2.176536,41.430915]],[[2.176597,41.430882],[2.176565,41.430883],[2.176564,41.430844],[2.176596,41.430843],[2.176597,41.430882]]]}},
{"type":"Feature","properties":{"height_m":22.7},"geometry":{"type":"Polygon","coordinates":[[[2.176986,41.430441],[2.176987,41.430486],[2.176988,41.430519],[2.177043,41.430518],[2.177043,41.430537],[2.177089,41.430536],[2.177126,41.430536],[2.177142,41.430535],[2.17715,41.430535],[2.177198,41.430535],[2.177195,41.430446],[2.177194,41.430386],[2.176984,41.430391],[2.176985,41.430418],[2.176986,41.430441]],[[2.177064,41.430468],[2.177013,41.430469],[2.177013,41.430447],[2.177064,41.430446],[2.177064,41.430468]],[[2.177117,41.430491],[2.177126,41.430491],[2.177126,41.430516],[2.177083,41.430517],[2.177082,41.430491],[2.177117,41.430491]]]}},
{"type":"Feature","properties":{"height_m":19.3},"geometry":{"type":"Polygon","coordinates":[[[2.177042,41.431247],[2.177075,41.431247],[2.177188,41.431245],[2.17722,41.431245],[2.177219,41.431218],[2.177218,41.431192],[2.177186,41.431193],[2.177179,41.431193],[2.17713,41.431193],[2.177072,41.431194],[2.177039,41.431195],[2.17701,41.431195],[2.176967,41.431195],[2.176969,41.431241],[2.176969,41.431249],[2.177012,41.431248],[2.177042,41.431247]],[[2.177012,41.43124],[2.176998,41.431241],[2.176996,41.431207],[2.17701,41.431206],[2.177012,41.43124]]]}},
{"type":"Feature","properties":{"height_m":21.2},"geometry":{"type":"Polygon","coordinates":[[[2.177169,41.430867],[2.177208,41.430866],[2.177206,41.430823],[2.177205,41.430795],[2.177167,41.430796],[2.176953,41.430801],[2.176833,41.430804],[2.176833,41.430817],[2.176835,41.430871],[2.176958,41.430869],[2.177169,41.430867]],[[2.177108,41.430845],[2.17706,41.430845],[2.177059,41.43081],[2.177107,41.43081],[2.177108,41.430845]]]}},
{"type":"Feature","properties":{"height_m":15.8},"geometry":{"type":"Polygon","coordinates":[[[2.177046,41.430724],[2.177105,41.430723],[2.177164,41.430721],[2.177203,41.430721],[2.177202,41.430678],[2.177201,41.430651],[2.177154,41.430652],[2.177083,41.430654],[2.177061,41.430654],[2.177017,41.430655],[2.176992,41.430656],[2.176944,41.430657],[2.176927,41.430657],[2.176916,41.430658],[2.176843,41.430659],[2.176845,41.430728],[2.176948,41.430726],[2.177046,41.430724]],[[2.177044,41.430701],[2.177043,41.430668],[2.177102,41.430667],[2.177104,41.4307],[2.177044,41.430701]]]}},
{"type":"Feature","properties":{"height_m":18.4},"geometry":{"type":"Polygon","coordinates":[[[2.177167,41.430796],[2.177205,41.430795],[2.177204,41.43075],[2.177203,41.430721],[2.177164,41.430721],[2.177105,41.430723],[2.177046,41.430724],[2.176948,41.430726],[2.176845,41.430728],[2.17683,41.430729],[2.176831,41.430762],[2.176833,41.430804],[2.176953,41.430801],[2.177167,41.430796]],[[2.177087,41.430772],[2.177086,41.430747],[2.177123,41.430746],[2.177123,41.43077],[2.177087,41.430772]],[[2.176874,41.43075],[2.176906,41.430748],[2.176908,41.430773],[2.176875,41.430774],[2.176874,41.43075]],[[2.177002,41.430749],[2.177042,41.430748],[2.177044,41.430773],[2.177004,41.430774],[2.177002,41.430749]]]}},
{"type":"Feature","properties":{"height_m":15.7},"geometry":{"type":"Polygon","coordinates":[[[2.175809,41.437938],[2.175727,41.437843],[2.175651,41.437876],[2.175664,41.437948],[2.175671,41.437981],[2.175679,41.438025],[2.175689,41.438024],[2.175696,41.438047],[2.175683,41.43805],[2.175698,41.43813],[2.175767,41.438125],[2.175755,41.438068],[2.175751,41.438045],[2.175736,41.438047],[2.175733,41.43802],[2.175748,41.43802],[2.175734,41.437947],[2.175809,41.437938]],[[2.17571,41.437949],[2.175704,41.437917],[2.175727,41.437915],[2.175734,41.437947],[2.17571,41.437949]]]}},
{"type":"Feature","properties":{"height_m":72.9},"geometry":{"type":"Polygon","coordinates":[[[2.180746,41.436961],[2.180563,41.436421],[2.180572,41.436419],[2.180569,41.436411],[2.18081,41.436366],[2.180813,41.436371],[2.18082,41.43637],[2.181004,41.43691],[2.180992,41.43692],[2.180758,41.436967],[2.180746,41.436961]]]}},
{"type":"Feature","properties":{"height_m":10.9},"geometry":{"type":"Polygon","coordinates":[[[2.181294,41.437458],[2.181198,41.437174],[2.18089,41.437228],[2.180989,41.437515],[2.181294,41.437458]]]}},
{"type":"Feature","properties":{"height_m":34.2},"geometry":{"type":"Polygon","coordinates":[[[2.181152,41.436683],[2.18174,41.436571],[2.181736,41.436552],[2.181995,41.436504],[2.181763,41.435811],[2.181504,41.43586],[2.181501,41.435844],[2.180905,41.435956],[2.181152,41.436683]]]}},
{"type":"Feature","properties":{"height_m":14.9},"geometry":{"type":"Polygon","coordinates":[[[2.180426,41.434969],[2.180375,41.434985],[2.180312,41.434993],[2.18025,41.434986],[2.180193,41.43497],[2.18015,41.434945],[2.180125,41.434919],[2.181451,41.43466],[2.181436,41.434725],[2.181396,41.434782],[2.181318,41.434831],[2.181309,41.434849],[2.181289,41.434866],[2.181269,41.434875],[2.181246,41.434882],[2.181226,41.434882],[2.181211,41.434876],[2.181195,41.434863],[2.181142,41.434894],[2.181054,41.43493],[2.180962,41.43496],[2.180861,41.434979],[2.180758,41.434983],[2.180661,41.434975],[2.18056,41.434961],[2.180472,41.434963],[2.180426,41.434969]]]}},
{"type":"Feature","properties":{"height_m":11.3},"geometry":{"type":"Polygon","coordinates":[[[2.178317,41.43245],[2.178192,41.432292],[2.178117,41.432192],[2.178084,41.432151],[2.178157,41.432121],[2.178165,41.432137],[2.178232,41.432105],[2.178344,41.432259],[2.178446,41.432399],[2.178317,41.43245]]]}},
{"type":"Feature","properties":{"height_m":26.5},"geometry":{"type":"Polygon","coordinates":[[[2.180352,41.435805],[2.180148,41.435205],[2.180609,41.435117],[2.18067,41.435298],[2.180746,41.435301],[2.180788,41.43535],[2.180793,41.435383],[2.180806,41.435423],[2.18108,41.435368],[2.181174,41.435643],[2.181319,41.435616],[2.181233,41.435516],[2.181183,41.435421],[2.18137,41.435388],[2.181324,41.435265],[2.181295,41.435249],[2.181272,41.435224],[2.181263,41.435186],[2.181284,41.435143],[2.181314,41.435123],[2.181305,41.435094],[2.181313,41.435067],[2.18134,41.435047],[2.181362,41.435043],[2.18137,41.434998],[2.181399,41.434956],[2.181416,41.434941],[2.181427,41.434931],[2.181407,41.434921],[2.181426,41.434904],[2.181454,41.434888],[2.181486,41.434878],[2.181515,41.434872],[2.181548,41.434961],[2.181633,41.435259],[2.181693,41.435424],[2.181706,41.435466],[2.181725,41.435528],[2.181654,41.435554],[2.180352,41.435805]]]}},
{"type":"Feature","properties":{"height_m":15.9},"geometry":{"type":"Polygon","coordinates":[[[2.180496,41.436238],[2.180752,41.436189],[2.18068,41.435978],[2.180428,41.436027],[2.180496,41.436238]]]}},
{"type":"Feature","properties":{"height_m":9.7},"geometry":{"type":"Polygon","coordinates":[[[2.177401,41.43286],[2.177603,41.433118],[2.17718,41.433305],[2.176978,41.433046],[2.177401,41.43286]]]}},
{"type":"Feature","properties":{"height_m":22.0},"geometry":{"type":"Polygon","coordinates":[[[2.172997,41.43622],[2.173061,41.436188],[2.17308,41.436206],[2.173193,41.436155],[2.173174,41.436135],[2.173233,41.436105],[2.173287,41.436183],[2.173313,41.43618],[2.173343,41.436217],[2.173512,41.436443],[2.17345,41.436475],[2.173437,41.436459],[2.17333,41.436505],[2.173343,41.436527],[2.173274,41.436555],[2.172997,41.43622]]]}},
{"type":"Feature","properties":{"height_m":16.8},"geometry":{"type":"Polygon","coordinates":[[[2.172549,41.435729],[2.172858,41.436113],[2.173078,41.436013],[2.172904,41.435797],[2.173442,41.435554],[2.173307,41.435386],[2.172549,41.435729]]]}},
{"type":"Feature","properties":{"height_m":27.3},"geometry":{"type":"Polygon","coordinates":[[[2.174627,41.43618],[2.174819,41.436096],[2.174821,41.43609],[2.174412,41.435564],[2.174222,41.435656],[2.174627,41.43618]]]}},
{"type":"Feature","properties":{"height_m":16.7},"geometry":{"type":"Polygon","coordinates":[[[2.176949,41.434816],[2.177212,41.435126],[2.177779,41.434855],[2.177508,41.434536],[2.177336,41.434618],[2.177482,41.434791],[2.177264,41.434895],[2.177126,41.434731],[2.176949,41.434816]]]}},
{"type":"Feature","properties":{"height_m":14.4},"geometry":{"type":"Polygon","coordinates":[[[2.17389,41.436366],[2.174388,41.436167],[2.17428,41.436016],[2.173787,41.436216],[2.17389,41.436366]]]}},
{"type":"Feature","properties":{"height_m":14.5},"geometry":{"type":"Polygon","coordinates":[[[2.173706,41.436099],[2.174199,41.4359],[2.174093,41.435752],[2.173598,41.43595],[2.173706,41.436099]]]}},
{"type":"Feature","properties":{"height_m":17.6},"geometry":{"type":"Polygon","coordinates":[[[2.177363,41.435615],[2.177283,41.435521],[2.176623,41.435836],[2.176703,41.435931],[2.177363,41.435615]]]}},
{"type":"Feature","properties":{"height_m":23.1},"geometry":{"type":"Polygon","coordinates":[[[2.173001,41.435824],[2.173452,41.435614],[2.173593,41.435784],[2.173142,41.435994],[2.173001,41.435824]]]}},
{"type":"Feature","properties":{"height_m":13.1},"geometry":{"type":"Polygon","coordinates":[[[2.175133,41.433278],[2.175107,41.433244],[2.175086,41.433217],[2.175173,41.433179],[2.175238,41.43315],[2.175318,41.433252],[2.175384,41.433336],[2.175364,41.433345],[2.175232,41.433402],[2.175165,41.433319],[2.175133,41.433278]]]}},
{"type":"Feature","properties":{"height_m":17.5},"geometry":{"type":"Polygon","coordinates":[[[2.175473,41.430623],[2.175489,41.43042],[2.175033,41.430431],[2.174947,41.430454],[2.174893,41.430486],[2.174764,41.430703],[2.17503,41.430731],[2.175054,41.430705],[2.175338,41.430698],[2.175341,41.430619],[2.175473,41.430623]]]}},
{"type":"Feature","properties":{"height_m":29.2},"geometry":{"type":"Polygon","coordinates":[[[2.174335,41.434085],[2.174671,41.43394],[2.174544,41.433775],[2.174208,41.433919],[2.174335,41.434085]]]}},
{"type":"Feature","properties":{"height_m":7.0},"geometry":{"type":"Polygon","coordinates":[[[2.173555,41.432429],[2.173743,41.432067],[2.173539,41.43157],[2.17308,41.432172],[2.173204,41.432232],[2.173408,41.431961],[2.173453,41.432078],[2.173335,41.432364],[2.173555,41.432429]]]}},
{"type":"Feature","properties":{"height_m":19.9},"geometry":{"type":"Polygon","coordinates":[[[2.17389,41.431856],[2.17378,41.43183],[2.173614,41.431401],[2.174049,41.430454],[2.1744,41.43045],[2.174499,41.430484],[2.174558,41.430532],[2.174593,41.430618],[2.17389,41.431856]]]}},
{"type":"Feature","properties":{"height_m":17.5},"geometry":{"type":"Polygon","coordinates":[[[2.174998,41.433417],[2.174951,41.433357],[2.174905,41.433299],[2.174986,41.433263],[2.175025,41.433316],[2.175041,41.433309],[2.175057,41.433329],[2.175057,41.433329],[2.175041,41.433336],[2.175079,41.433381],[2.174998,41.433417]]]}},
{"type":"Feature","properties":{"height_m":17.5},"geometry":{"type":"Polygon","coordinates":[[[2.174816,41.433873],[2.174943,41.433815],[2.174773,41.433604],[2.174645,41.433662],[2.174816,41.433873]]]}},
{"type":"Feature","properties":{"height_m":17.1},"geometry":{"type":"Polygon","coordinates":[[[2.179749,41.437817],[2.180264,41.437725],[2.180369,41.437926],[2.180601,41.437847],[2.180456,41.437569],[2.179711,41.437699],[2.179749,41.437817]]]}},
{"type":"Feature","properties":{"height_m":16.8},"geometry":{"type":"Polygon","coordinates":[[[2.179527,41.438001],[2.179582,41.437966],[2.179508,41.437895],[2.179497,41.437859],[2.179536,41.437852],[2.179545,41.437882],[2.179718,41.437852],[2.179721,41.437863],[2.179735,41.437861],[2.179761,41.437856],[2.179749,41.437817],[2.179711,41.437699],[2.179286,41.437773],[2.179527,41.438001]]]}},
{"type":"Feature","properties":{"height_m":7.0},"geometry":{"type":"Polygon","coordinates":[[[2.181082,41.439649],[2.181199,41.439696],[2.181374,41.439535],[2.181195,41.439414],[2.181082,41.439649]]]}},
{"type":"Feature","properties":{"height_m":6.2},"geometry":{"type":"Polygon","coordinates":[[[2.173502,41.433632],[2.173569,41.433711],[2.173785,41.433613],[2.173603,41.433351],[2.1735,41.433318],[2.173472,41.43337],[2.173521,41.433381],[2.17346,41.433504],[2.173528,41.433526],[2.173555,41.433531],[2.173502,41.433632]]]}},
{"type":"Feature","properties":{"height_m":7.0},"geometry":{"type":"Polygon","coordinates":[[[2.174924,41.434697],[2.175203,41.435037],[2.175287,41.434998],[2.175015,41.434654],[2.174924,41.434697]]]}},
{"type":"Feature","properties":{"height_m":16.9},"geometry":{"type":"Polygon","coordinates":[[[2.175245,41.434254],[2.175435,41.43448],[2.175263,41.434562],[2.175241,41.434537],[2.175071,41.434329],[2.175245,41.434254]]]}},
{"type":"Feature","properties":{"height_m":17.5},"geometry":{"type":"Polygon","coordinates":[[[2.173892,41.434452],[2.174172,41.434798],[2.174345,41.434721],[2.174066,41.434369],[2.173892,41.434452]]]}},
{"type":"Feature","properties":{"height_m":17.6},"geometry":{"type":"Polygon","coordinates":[[[2.173674,41.434389],[2.173848,41.434309],[2.173661,41.434083],[2.173488,41.434163],[2.173674,41.434389]]]}},
{"type":"Feature","properties":{"height_m":18.5},"geometry":{"type":"Polygon","coordinates":[[[2.174693,41.434806],[2.174977,41.435151],[2.17515,41.435072],[2.174869,41.434725],[2.174693,41.434806]]]}},
{"type":"Feature","properties":{"height_m":17.8},"geometry":{"type":"Polygon","coordinates":[[[2.173172,41.434301],[2.17336,41.434529],[2.173534,41.434449],[2.173346,41.43422],[2.173172,41.434301]]]}},
{"type":"Feature","properties":{"height_m":18.4},"geometry":{"type":"Polygon","coordinates":[[[2.174544,41.434624],[2.174717,41.434549],[2.17444,41.434199],[2.174263,41.434281],[2.174544,41.434624]]]}},
{"type":"Feature","properties":{"height_m":17.4},"geometry":{"type":"Polygon","coordinates":[[[2.173872,41.435187],[2.174161,41.435524],[2.174334,41.435443],[2.17405,41.435103],[2.173872,41.435187]]]}},
{"type":"Feature","properties":{"height_m":17.6},"geometry":{"type":"Polygon","coordinates":[[[2.173805,41.434016],[2.173993,41.434243],[2.174165,41.434166],[2.173983,41.433937],[2.173805,41.434016]]]}},
{"type":"Feature","properties":{"height_m":6.7},"geometry":{"type":"Polygon","coordinates":[[[2.17377,41.434646],[2.173873,41.434773],[2.174027,41.434704],[2.173929,41.434571],[2.17377,41.434646]]]}},
{"type":"Feature","properties":{"height_m":17.7},"geometry":{"type":"Polygon","coordinates":[[[2.174322,41.43498],[2.174604,41.435319],[2.174784,41.435238],[2.174495,41.434896],[2.174322,41.43498]]]}},
{"type":"Feature","properties":{"height_m":7.0},"geometry":{"type":"Polygon","coordinates":[[[2.174301,41.435302],[2.174455,41.435236],[2.17435,41.435108],[2.174194,41.435178],[2.174301,41.435302]]]}},
{"type":"Feature","properties":{"height_m":7.0},"geometry":{"type":"Polygon","coordinates":[[[2.174772,41.434515],[2.174857,41.434477],[2.174571,41.434124],[2.174485,41.434165],[2.174772,41.434515]]]}},
{"type":"Feature","properties":{"height_m":18.5},"geometry":{"type":"Polygon","coordinates":[[[2.174052,41.434813],[2.174243,41.435043],[2.174065,41.435121],[2.17405,41.435103],[2.173876,41.434893],[2.174052,41.434813]]]}},
{"type":"Feature","properties":{"height_m":18.2},"geometry":{"type":"Polygon","coordinates":[[[2.173449,41.434651],[2.173723,41.434989],[2.173894,41.434915],[2.173876,41.434893],[2.173617,41.434572],[2.173449,41.434651]]]}},
{"type":"Feature","properties":{"height_m":16.9},"geometry":{"type":"Polygon","coordinates":[[[2.175346,41.434962],[2.175519,41.434881],[2.175263,41.434562],[2.175241,41.434537],[2.175069,41.434618],[2.175346,41.434962]]]}},
{"type":"Feature","properties":{"height_m":16.9},"geometry":{"type":"Polygon","coordinates":[[[2.174917,41.434438],[2.175093,41.434356],[2.175071,41.434329],[2.174809,41.434005],[2.174633,41.434092],[2.174917,41.434438]]]}},
{"type":"Feature","properties":{"height_m":8.5},"geometry":{"type":"Polygon","coordinates":[[[2.174205,41.434823],[2.1743,41.434939],[2.174377,41.434904],[2.174373,41.434898],[2.174507,41.434837],[2.174631,41.434988],[2.174735,41.43494],[2.174615,41.434794],[2.174683,41.434763],[2.174588,41.434647],[2.174499,41.434687],[2.17458,41.434783],[2.174504,41.434814],[2.174426,41.434721],[2.174354,41.434753],[2.174425,41.434847],[2.174358,41.434883],[2.17428,41.43479],[2.174205,41.434823]]]}},
{"type":"Feature","properties":{"height_m":8.6},"geometry":{"type":"Polygon","coordinates":[[[2.182925,41.431091],[2.182943,41.430834],[2.183287,41.430848],[2.183277,41.430979],[2.183272,41.431062],[2.183269,41.431105],[2.182938,41.431092],[2.182925,41.431091]]]}},
{"type":"Feature","properties":{"height_m":4.2},"geometry":{"type":"Polygon","coordinates":[[[2.183105,41.43181],[2.183098,41.431809],[2.183048,41.431851],[2.183015,41.431841],[2.183046,41.431795],[2.183046,41.431792],[2.183044,41.43179],[2.182992,41.431771],[2.183021,41.43172],[2.183021,41.431716],[2.183018,41.431713],[2.182969,41.431696],[2.182999,41.431643],[2.183,41.43164],[2.182998,41.431637],[2.18295,41.431619],[2.182989,41.431553],[2.18299,41.43155],[2.182987,41.431547],[2.182936,41.431529],[2.182973,41.431459],[2.182974,41.431456],[2.18297,41.431453],[2.182918,41.431436],[2.182969,41.431352],[2.182976,41.431336],[2.182979,41.431321],[2.182981,41.431304],[2.182979,41.431285],[2.182974,41.431269],[2.182965,41.431251],[2.182955,41.431235],[2.182938,41.431219],[2.182897,41.43119],[2.182856,41.431288],[2.182858,41.43139],[2.182863,41.431451],[2.18287,41.431507],[2.18288,41.431574],[2.18289,41.431621],[2.182902,41.431674],[2.182914,41.431716],[2.182926,41.431759],[2.182946,41.431823],[2.182962,41.431868],[2.182984,41.431921],[2.183042,41.431932],[2.18312,41.431866],[2.183112,41.431835],[2.183105,41.43181]]]}},
{"type":"Feature","properties":{"height_m":8.3},"geometry":{"type":"Polygon","coordinates":[[[2.178858,41.434159],[2.178998,41.434242],[2.179011,41.434231],[2.179117,41.434292],[2.179268,41.434152],[2.179122,41.434056],[2.179009,41.434162],[2.178919,41.434109],[2.178858,41.434159]]]}},
{"type":"Feature","properties":{"height_m":23.0},"geometry":{"type":"Polygon","coordinates":[[[2.17556,41.438623],[2.175571,41.438624],[2.175633,41.438632],[2.175641,41.438812],[2.17557,41.438835],[2.17556,41.438623]]]}},
{"type":"Feature","properties":{"height_m":20.7},"geometry":{"type":"Polygon","coordinates":[[[2.175633,41.438632],[2.175723,41.438643],[2.175879,41.438663],[2.175861,41.438742],[2.175641,41.438812],[2.175633,41.438632]]]}},
{"type":"Feature","properties":{"height_m":20.1},"geometry":{"type":"Polygon","coordinates":[[[2.17517,41.438572],[2.175268,41.438585],[2.175337,41.438594],[2.175345,41.438685],[2.175177,41.438687],[2.17517,41.438572]]]}},
{"type":"Feature","properties":{"height_m":16.8},"geometry":{"type":"Polygon","coordinates":[[[2.175213,41.438795],[2.175181,41.438758],[2.175177,41.438687],[2.175345,41.438685],[2.175353,41.438788],[2.175213,41.438795]]]}},
{"type":"Feature","properties":{"height_m":21.8},"geometry":{"type":"Polygon","coordinates":[[[2.175337,41.438594],[2.175476,41.438611],[2.175485,41.438612],[2.175494,41.43878],[2.175353,41.438788],[2.175345,41.438685],[2.175337,41.438594]]]}},
{"type":"Feature","properties":{"height_m":18.2},"geometry":{"type":"Polygon","coordinates":[[[2.175485,41.438612],[2.175506,41.438615],[2.17556,41.438623],[2.17557,41.438835],[2.175507,41.438854],[2.175496,41.438857],[2.175495,41.438832],[2.175494,41.43878],[2.175485,41.438612]]]}},
{"type":"Feature","properties":{"height_m":16.7},"geometry":{"type":"Polygon","coordinates":[[[2.176051,41.438796],[2.17611,41.438778],[2.17618,41.438756],[2.17628,41.438943],[2.176205,41.438969],[2.17615,41.438987],[2.176051,41.438796]]]}},
{"type":"Feature","properties":{"height_m":16.8},"geometry":{"type":"Polygon","coordinates":[[[2.176371,41.438729],[2.17638,41.43873],[2.17645,41.438739],[2.17641,41.438917],[2.176401,41.438903],[2.17635,41.438839],[2.176371,41.438729]]]}},
{"type":"Feature","properties":{"height_m":19.8},"geometry":{"type":"Polygon","coordinates":[[[2.175914,41.438839],[2.175965,41.438823],[2.176051,41.438796],[2.17615,41.438987],[2.176107,41.439002],[2.176021,41.439031],[2.175914,41.438839]]]}},
{"type":"Feature","properties":{"height_m":21.2},"geometry":{"type":"Polygon","coordinates":[[[2.176517,41.43891],[2.176489,41.43903],[2.176486,41.439037],[2.176527,41.439106],[2.176747,41.439028],[2.176767,41.438943],[2.1768,41.438785],[2.176553,41.438753],[2.176517,41.43891]]]}},
{"type":"Feature","properties":{"height_m":21.2},"geometry":{"type":"Polygon","coordinates":[[[2.17645,41.438739],[2.176463,41.438741],[2.176553,41.438753],[2.176517,41.43891],[2.176489,41.43903],[2.176486,41.439037],[2.17641,41.438917],[2.17645,41.438739]]]}},
{"type":"Feature","properties":{"height_m":19.8},"geometry":{"type":"Polygon","coordinates":[[[2.17618,41.438756],[2.1762,41.43875],[2.176298,41.438718],[2.176371,41.438729],[2.17635,41.438839],[2.176401,41.438903],[2.176336,41.438924],[2.17628,41.438943],[2.17618,41.438756]]]}},
{"type":"Feature","properties":{"height_m":4.6},"geometry":{"type":"Polygon","coordinates":[[[2.180317,41.439288],[2.180394,41.439298],[2.180381,41.439356],[2.180443,41.439364],[2.180461,41.439287],[2.180556,41.4393],[2.180543,41.439361],[2.180629,41.439372],[2.180634,41.439348],[2.180724,41.43936],[2.180699,41.439468],[2.180726,41.439471],[2.180699,41.439591],[2.18056,41.439573],[2.180545,41.439642],[2.180623,41.439652],[2.180595,41.439774],[2.180527,41.439765],[2.180516,41.439815],[2.180542,41.439818],[2.180512,41.439949],[2.180359,41.43993],[2.180368,41.439892],[2.180339,41.439888],[2.18036,41.439795],[2.180387,41.439798],[2.180398,41.439748],[2.180326,41.439739],[2.180354,41.439618],[2.180398,41.439623],[2.180405,41.439592],[2.180342,41.439584],[2.180351,41.439546],[2.180364,41.439547],[2.180377,41.439491],[2.180404,41.439494],[2.180412,41.439459],[2.180282,41.439443],[2.180317,41.439288]]]}},
{"type":"Feature","properties":{"height_m":21.2},"geometry":{"type":"Polygon","coordinates":[[[2.178468,41.439137],[2.178757,41.439174],[2.178786,41.439044],[2.178503,41.439007],[2.178468,41.439137]]]}},
{"type":"Feature","properties":{"height_m":24.0},"geometry":{"type":"Polygon","coordinates":[[[2.17925,41.439104],[2.179404,41.439126],[2.179353,41.439348],[2.1792,41.439328],[2.17925,41.439104]]]}},
{"type":"Feature","properties":{"height_m":24.5},"geometry":{"type":"Polygon","coordinates":[[[2.179563,41.439148],[2.179717,41.439168],[2.179667,41.439392],[2.179511,41.43937],[2.179563,41.439148]]]}},
{"type":"Feature","properties":{"height_m":22.8},"geometry":{"type":"Polygon","coordinates":[[[2.178786,41.439044],[2.178939,41.439065],[2.178908,41.439195],[2.178757,41.439174],[2.178786,41.439044]]]}},
{"type":"Feature","properties":{"height_m":22.1},"geometry":{"type":"Polygon","coordinates":[[[2.179093,41.439084],[2.17925,41.439104],[2.1792,41.439328],[2.179043,41.439309],[2.179093,41.439084]]]}},
{"type":"Feature","properties":{"height_m":17.0},"geometry":{"type":"Polygon","coordinates":[[[2.179868,41.439186],[2.180028,41.439207],[2.179997,41.439445],[2.179814,41.439431],[2.179868,41.439186]]]}},
{"type":"Feature","properties":{"height_m":24.4},"geometry":{"type":"Polygon","coordinates":[[[2.179404,41.439126],[2.179563,41.439148],[2.179511,41.43937],[2.179353,41.439348],[2.179404,41.439126]]]}},
{"type":"Feature","properties":{"height_m":25.0},"geometry":{"type":"Polygon","coordinates":[[[2.179717,41.439168],[2.179868,41.439186],[2.179814,41.439431],[2.179693,41.439421],[2.179696,41.439394],[2.179667,41.439392],[2.179717,41.439168]]]}},
{"type":"Feature","properties":{"height_m":23.7},"geometry":{"type":"Polygon","coordinates":[[[2.178939,41.439065],[2.179093,41.439084],[2.179043,41.439309],[2.17904,41.439321],[2.178897,41.439303],[2.178885,41.439291],[2.178908,41.439195],[2.178939,41.439065]]]}},
{"type":"Feature","properties":{"height_m":16.2},"geometry":{"type":"Polygon","coordinates":[[[2.178673,41.439411],[2.178566,41.439289],[2.178465,41.439152],[2.178468,41.439137],[2.178757,41.439174],[2.178908,41.439195],[2.178885,41.439291],[2.178897,41.439303],[2.178673,41.439411]]]}},
{"type":"Feature","properties":{"height_m":20.7},"geometry":{"type":"Polygon","coordinates":[[[2.172245,41.434292],[2.172306,41.434416],[2.172367,41.434543],[2.172524,41.434265],[2.1723,41.434192],[2.172245,41.434292]]]}},
{"type":"Feature","properties":{"height_m":23.8},"geometry":{"type":"Polygon","coordinates":[[[2.1723,41.434192],[2.172524,41.434265],[2.172577,41.434168],[2.172356,41.434096],[2.1723,41.434192]]]}},
{"type":"Feature","properties":{"height_m":24.1},"geometry":{"type":"Polygon","coordinates":[[[2.172356,41.434096],[2.172577,41.434168],[2.172741,41.433879],[2.172646,41.433849],[2.172497,41.433848],[2.172356,41.434096]]]}},
{"type":"Feature","properties":{"height_m":10.7},"geometry":{"type":"Polygon","coordinates":[[[2.172071,41.434501],[2.172116,41.43457],[2.172275,41.434512],[2.172228,41.434444],[2.172196,41.434455],[2.172071,41.434501]]]}},
{"type":"Feature","properties":{"height_m":23.7},"geometry":{"type":"Polygon","coordinates":[[[2.172306,41.434416],[2.172228,41.434444],[2.172275,41.434512],[2.172116,41.43457],[2.172183,41.43467],[2.172298,41.434665],[2.172367,41.434543],[2.172306,41.434416]]]}},
{"type":"Feature","properties":{"height_m":17.5},"geometry":{"type":"Polygon","coordinates":[[[2.174805,41.437412],[2.174872,41.437388],[2.174885,41.437384],[2.174761,41.437194],[2.174683,41.437222],[2.174805,41.437412]]]}},
{"type":"Feature","properties":{"height_m":17.4},"geometry":{"type":"Polygon","coordinates":[[[2.175034,41.436955],[2.174977,41.436882],[2.174801,41.436945],[2.17479,41.436949],[2.174842,41.437028],[2.175034,41.436955]]]}},
{"type":"Feature","properties":{"height_m":15.9},"geometry":{"type":"Polygon","coordinates":[[[2.174508,41.437518],[2.174517,41.437515],[2.17458,41.437493],[2.174457,41.437303],[2.174385,41.437329],[2.174508,41.437518]]]}},
{"type":"Feature","properties":{"height_m":17.1},"geometry":{"type":"Polygon","coordinates":[[[2.175077,41.43701],[2.175039,41.436962],[2.175034,41.436955],[2.174842,41.437028],[2.17488,41.437086],[2.175077,41.43701]]]}},
{"type":"Feature","properties":{"height_m":17.0},"geometry":{"type":"Polygon","coordinates":[[[2.174718,41.436975],[2.174706,41.436979],[2.174638,41.437004],[2.174761,41.437194],[2.174842,41.437164],[2.174718,41.436975]]]}},
{"type":"Feature","properties":{"height_m":16.5},"geometry":{"type":"Polygon","coordinates":[[[2.174658,41.437465],[2.174729,41.437439],[2.174805,41.437412],[2.174683,41.437222],[2.174612,41.437248],[2.174536,41.437275],[2.174658,41.437465]]]}},
{"type":"Feature","properties":{"height_m":18.1},"geometry":{"type":"Polygon","coordinates":[[[2.17449,41.437057],[2.174411,41.437086],[2.17434,41.437111],[2.174464,41.437301],[2.174536,41.437275],[2.174612,41.437248],[2.17449,41.437057]]]}},
{"type":"Feature","properties":{"height_m":18.4},"geometry":{"type":"Polygon","coordinates":[[[2.17458,41.437493],[2.174591,41.437489],[2.174658,41.437465],[2.174536,41.437275],[2.174464,41.437301],[2.174457,41.437303],[2.17458,41.437493]]]}},
{"type":"Feature","properties":{"height_m":18.2},"geometry":{"type":"Polygon","coordinates":[[[2.174638,41.437004],[2.174564,41.437031],[2.17449,41.437057],[2.174612,41.437248],[2.174683,41.437222],[2.174761,41.437194],[2.174638,41.437004]]]}},
{"type":"Feature","properties":{"height_m":15.0},"geometry":{"type":"Polygon","coordinates":[[[2.175164,41.43712],[2.175121,41.437065],[2.175077,41.43701],[2.17488,41.437086],[2.174915,41.437139],[2.174953,41.437198],[2.175164,41.43712]]]}},
{"type":"Feature","properties":{"height_m":15.2},"geometry":{"type":"Polygon","coordinates":[[[2.175265,41.437248],[2.175213,41.437182],[2.175164,41.43712],[2.174953,41.437198],[2.175039,41.437329],[2.175084,41.437312],[2.175265,41.437248]]]}},
{"type":"Feature","properties":{"height_m":17.0},"geometry":{"type":"Polygon","coordinates":[[[2.17434,41.437111],[2.174329,41.437115],[2.174261,41.437139],[2.174382,41.437323],[2.174385,41.437329],[2.174457,41.437303],[2.174464,41.437301],[2.17434,41.437111]]]}},
{"type":"Feature","properties":{"height_m":15.9},"geometry":{"type":"Polygon","coordinates":[[[2.17479,41.436949],[2.174728,41.436971],[2.174718,41.436975],[2.174842,41.437164],[2.174915,41.437139],[2.17488,41.437086],[2.174842,41.437028],[2.17479,41.436949]]]}},
{"type":"Feature","properties":{"height_m":18.5},"geometry":{"type":"Polygon","coordinates":[[[2.17409,41.437201],[2.173922,41.437261],[2.174004,41.43735],[2.174075,41.437427],[2.174233,41.43737],[2.174217,41.437345],[2.17419,41.437355],[2.17409,41.437201]]]}},
{"type":"Feature","properties":{"height_m":18.1},"geometry":{"type":"Polygon","coordinates":[[[2.174885,41.437384],[2.174957,41.437358],[2.175039,41.437329],[2.174953,41.437198],[2.174915,41.437139],[2.174842,41.437164],[2.174761,41.437194],[2.174885,41.437384]]]}},
{"type":"Feature","properties":{"height_m":18.3},"geometry":{"type":"Polygon","coordinates":[[[2.174261,41.437139],[2.174173,41.437171],[2.17409,41.437201],[2.17419,41.437355],[2.174217,41.437345],[2.174233,41.43737],[2.174237,41.437376],[2.174382,41.437323],[2.174261,41.437139]]]}},
{"type":"Feature","properties":{"height_m":18.5},"geometry":{"type":"Polygon","coordinates":[[[2.174332,41.437581],[2.174418,41.43755],[2.174508,41.437518],[2.174385,41.437329],[2.174382,41.437323],[2.174237,41.437376],[2.174263,41.437417],[2.174236,41.437428],[2.174332,41.437581]]]}},
{"type":"Feature","properties":{"height_m":18.3},"geometry":{"type":"Polygon","coordinates":[[[2.174075,41.437427],[2.174159,41.437528],[2.174234,41.437617],[2.174332,41.437581],[2.174236,41.437428],[2.174263,41.437417],[2.174237,41.437376],[2.174233,41.43737],[2.174075,41.437427]]]}},
{"type":"Feature","properties":{"height_m":23.5},"geometry":{"type":"Polygon","coordinates":[[[2.174631,41.437987],[2.174671,41.437991],[2.174711,41.437996],[2.174755,41.438005],[2.174793,41.438013],[2.174823,41.438022],[2.174864,41.438038],[2.174909,41.438056],[2.174942,41.438072],[2.174982,41.438096],[2.175091,41.438048],[2.174969,41.437896],[2.174909,41.437801],[2.174727,41.437862],[2.174573,41.437914],[2.174631,41.437987]]]}},
{"type":"Feature","properties":{"height_m":11.4},"geometry":{"type":"Polygon","coordinates":[[[2.175604,41.431072],[2.175603,41.430863],[2.175602,41.430685],[2.175672,41.430685],[2.175799,41.430683],[2.175895,41.430683],[2.175981,41.430681],[2.176051,41.430678],[2.176051,41.430911],[2.176056,41.43098],[2.176055,41.431039],[2.176009,41.43104],[2.17601,41.431069],[2.175927,41.431069],[2.175928,41.431149],[2.175779,41.431151],[2.175775,41.431071],[2.175604,41.431072]]]}},
{"type":"Feature","properties":{"height_m":16.8},"geometry":{"type":"Polygon","coordinates":[[[2.175974,41.43041],[2.176047,41.430409],[2.176051,41.430678],[2.175981,41.430681],[2.175974,41.43041]]]}},
{"type":"Feature","properties":{"height_m":18.1},"geometry":{"type":"Polygon","coordinates":[[[2.175598,41.430417],[2.175673,41.430415],[2.175672,41.430685],[2.175602,41.430685],[2.175598,41.430417]]]}},
{"type":"Feature","properties":{"height_m":26.0},"geometry":{"type":"Polygon","coordinates":[[[2.175889,41.430412],[2.175974,41.43041],[2.175981,41.430681],[2.175895,41.430683],[2.175889,41.430412]]]}},
{"type":"Feature","properties":{"height_m":21.1},"geometry":{"type":"Polygon","coordinates":[[[2.175421,41.437448],[2.175334,41.437339],[2.175266,41.437366],[2.175354,41.437472],[2.175421,41.437448]]]}},
{"type":"Feature","properties":{"height_m":22.4},"geometry":{"type":"Polygon","coordinates":[[[2.174304,41.43771],[2.174573,41.437614],[2.174653,41.437743],[2.174393,41.437836],[2.174304,41.43771]]]}},
{"type":"Feature","properties":{"height_m":21.9},"geometry":{"type":"Polygon","coordinates":[[[2.175795,41.430414],[2.175889,41.430412],[2.175895,41.430683],[2.175799,41.430683],[2.175795,41.430414]]]}},
{"type":"Feature","properties":{"height_m":14.1},"geometry":{"type":"Polygon","coordinates":[[[2.175226,41.437517],[2.175169,41.437537],[2.175097,41.437426],[2.17514,41.43741],[2.175226,41.437517]]]}},
{"type":"Feature","properties":{"height_m":9.9},"geometry":{"type":"Polygon","coordinates":[[[2.175294,41.437493],[2.175226,41.437517],[2.17514,41.43741],[2.175208,41.437386],[2.175294,41.437493]]]}},
{"type":"Feature","properties":{"height_m":15.6},"geometry":{"type":"Polygon","coordinates":[[[2.176097,41.432138],[2.176229,41.432219],[2.176431,41.432065],[2.176366,41.432018],[2.176097,41.432138]]]}},
{"type":"Feature","properties":{"height_m":9.8},"geometry":{"type":"Polygon","coordinates":[[[2.176341,41.430907],[2.176344,41.430977],[2.176056,41.43098],[2.176051,41.430911],[2.176341,41.430907]]]}},
{"type":"Feature","properties":{"height_m":15.1},"geometry":{"type":"Polygon","coordinates":[[[2.176353,41.431325],[2.176357,41.431451],[2.176177,41.431454],[2.176176,41.431301],[2.176353,41.431325]]]}},
{"type":"Feature","properties":{"height_m":15.2},"geometry":{"type":"Polygon","coordinates":[[[2.175879,41.432003],[2.175988,41.432069],[2.17619,41.431892],[2.176087,41.431812],[2.175879,41.432003]]]}},
{"type":"Feature","properties":{"height_m":16.0},"geometry":{"type":"Polygon","coordinates":[[[2.175606,41.431733],[2.175608,41.431839],[2.17574,41.431917],[2.175944,41.431727],[2.175606,41.431733]]]}},
{"type":"Feature","properties":{"height_m":20.8},"geometry":{"type":"Polygon","coordinates":[[[2.176627,41.431907],[2.176872,41.431711],[2.17636,41.43172],[2.176418,41.431762],[2.176627,41.431907]]]}},
{"type":"Feature","properties":{"height_m":17.8},"geometry":{"type":"Polygon","coordinates":[[[2.175354,41.437472],[2.175294,41.437493],[2.175208,41.437386],[2.175266,41.437366],[2.175354,41.437472]]]}},
{"type":"Feature","properties":{"height_m":18.4},"geometry":{"type":"Polygon","coordinates":[[[2.17624,41.430407],[2.176326,41.430406],[2.176334,41.430675],[2.176245,41.430678],[2.17624,41.430407]]]}},
{"type":"Feature","properties":{"height_m":15.3},"geometry":{"type":"Polygon","coordinates":[[[2.176327,41.431843],[2.176529,41.431983],[2.176627,41.431907],[2.176418,41.431762],[2.176327,41.431843]]]}},
{"type":"Feature","properties":{"height_m":21.8},"geometry":{"type":"Polygon","coordinates":[[[2.176047,41.430409],[2.17624,41.430407],[2.176245,41.430678],[2.176051,41.430678],[2.176047,41.430409]]]}},
{"type":"Feature","properties":{"height_m":21.8},"geometry":{"type":"Polygon","coordinates":[[[2.175673,41.430415],[2.175795,41.430414],[2.175799,41.430683],[2.175672,41.430685],[2.175673,41.430415]]]}},
{"type":"Feature","properties":{"height_m":23.1},"geometry":{"type":"Polygon","coordinates":[[[2.175469,41.43788],[2.175686,41.437785],[2.175535,41.437593],[2.175297,41.43767],[2.175469,41.43788]]]}},
{"type":"Feature","properties":{"height_m":6.9},"geometry":{"type":"Polygon","coordinates":[[[2.175606,41.431153],[2.175604,41.431072],[2.175775,41.431071],[2.175779,41.431151],[2.175606,41.431153]]]}},
{"type":"Feature","properties":{"height_m":15.8},"geometry":{"type":"Polygon","coordinates":[[[2.175988,41.432069],[2.176097,41.432138],[2.176366,41.432018],[2.176228,41.431919],[2.17619,41.431892],[2.175988,41.432069]]]}},
{"type":"Feature","properties":{"height_m":13.9},"geometry":{"type":"Polygon","coordinates":[[[2.17574,41.431917],[2.175879,41.432003],[2.176087,41.431812],[2.176185,41.431723],[2.175944,41.431727],[2.17574,41.431917]]]}},
{"type":"Feature","properties":{"height_m":10.5},"geometry":{"type":"Polygon","coordinates":[[[2.175406,41.437907],[2.175469,41.43788],[2.175297,41.43767],[2.175263,41.437683],[2.175241,41.437691],[2.175406,41.437907]]]}},
{"type":"Feature","properties":{"height_m":18.6},"geometry":{"type":"Polygon","coordinates":[[[2.174393,41.437836],[2.174471,41.437948],[2.174573,41.437914],[2.174727,41.437862],[2.174653,41.437743],[2.174393,41.437836]]]}},
{"type":"Feature","properties":{"height_m":19.0},"geometry":{"type":"Polygon","coordinates":[[[2.176431,41.432065],[2.176529,41.431983],[2.176327,41.431843],[2.176228,41.431919],[2.176366,41.432018],[2.176431,41.432065]]]}},
{"type":"Feature","properties":{"height_m":13.5},"geometry":{"type":"Polygon","coordinates":[[[2.175342,41.437936],[2.175406,41.437907],[2.175241,41.437691],[2.17519,41.437707],[2.175168,41.437714],[2.175342,41.437936]]]}},
{"type":"Feature","properties":{"height_m":15.1},"geometry":{"type":"Polygon","coordinates":[[[2.175932,41.431456],[2.175607,41.431462],[2.175606,41.431153],[2.175779,41.431151],[2.175928,41.431149],[2.175932,41.431456]]]}},
{"type":"Feature","properties":{"height_m":10.0},"geometry":{"type":"Polygon","coordinates":[[[2.176334,41.430675],[2.176341,41.430907],[2.176051,41.430911],[2.176051,41.430678],[2.176245,41.430678],[2.176334,41.430675]]]}},
{"type":"Feature","properties":{"height_m":16.0},"geometry":{"type":"Polygon","coordinates":[[[2.176348,41.431161],[2.176353,41.431325],[2.176176,41.431301],[2.176012,41.431279],[2.176011,41.431164],[2.176348,41.431161]]]}},
{"type":"Feature","properties":{"height_m":20.6},"geometry":{"type":"Polygon","coordinates":[[[2.175535,41.437593],[2.175459,41.437495],[2.1752,41.437587],[2.175263,41.437683],[2.175297,41.43767],[2.175535,41.437593]]]}},
{"type":"Feature","properties":{"height_m":15.1},"geometry":{"type":"Polygon","coordinates":[[[2.176346,41.431038],[2.176348,41.431161],[2.176011,41.431164],[2.17601,41.431069],[2.176009,41.43104],[2.176055,41.431039],[2.176346,41.431038]]]}},
{"type":"Feature","properties":{"height_m":16.7},"geometry":{"type":"Polygon","coordinates":[[[2.174798,41.437533],[2.174573,41.437614],[2.174653,41.437743],[2.174727,41.437862],[2.174909,41.437801],[2.174956,41.437785],[2.174798,41.437533]]]}},
{"type":"Feature","properties":{"height_m":14.5},"geometry":{"type":"Polygon","coordinates":[[[2.175091,41.438048],[2.175284,41.437962],[2.175104,41.437736],[2.174956,41.437785],[2.174909,41.437801],[2.174969,41.437896],[2.175091,41.438048]]]}},
{"type":"Feature","properties":{"height_m":17.7},"geometry":{"type":"Polygon","coordinates":[[[2.175021,41.437453],[2.174798,41.437533],[2.174956,41.437785],[2.175104,41.437736],[2.175168,41.437714],[2.17519,41.437707],[2.175021,41.437453]]]}},
{"type":"Feature","properties":{"height_m":24.0},"geometry":{"type":"Polygon","coordinates":[[[2.175459,41.437495],[2.175421,41.437448],[2.175354,41.437472],[2.175294,41.437493],[2.175226,41.437517],[2.175169,41.437537],[2.1752,41.437587],[2.175459,41.437495]]]}},
{"type":"Feature","properties":{"height_m":15.1},"geometry":{"type":"Polygon","coordinates":[[[2.175606,41.431551],[2.176868,41.431529],[2.176872,41.431711],[2.17636,41.43172],[2.176185,41.431723],[2.175944,41.431727],[2.175606,41.431733],[2.175606,41.431551]]]}},
{"type":"Feature","properties":{"height_m":17.5},"geometry":{"type":"Polygon","coordinates":[[[2.175097,41.437426],[2.175021,41.437453],[2.17519,41.437707],[2.175241,41.437691],[2.175263,41.437683],[2.1752,41.437587],[2.175169,41.437537],[2.175097,41.437426]]]}},
{"type":"Feature","properties":{"height_m":18.7},"geometry":{"type":"Polygon","coordinates":[[[2.174471,41.437948],[2.174501,41.437993],[2.174518,41.437991],[2.174543,41.437989],[2.174574,41.437988],[2.174606,41.437987],[2.174631,41.437987],[2.174573,41.437914],[2.174471,41.437948]]]}},
{"type":"Feature","properties":{"height_m":11.1},"geometry":{"type":"Polygon","coordinates":[[[2.176177,41.431454],[2.175932,41.431456],[2.175928,41.431149],[2.175927,41.431069],[2.17601,41.431069],[2.176011,41.431164],[2.176012,41.431279],[2.176176,41.431301],[2.176177,41.431454]]]}},
{"type":"Feature","properties":{"height_m":5.8},"geometry":{"type":"Polygon","coordinates":[[[2.182528,41.436335],[2.182477,41.436184],[2.182651,41.436204],[2.182655,41.43619],[2.182605,41.436185],[2.182611,41.436157],[2.183082,41.436212],[2.18309,41.436172],[2.18312,41.436019],[2.183532,41.436069],[2.1835,41.436204],[2.183676,41.43617],[2.183737,41.436335],[2.183709,41.436333],[2.183705,41.436347],[2.183693,41.436345],[2.183679,41.436402],[2.183434,41.436367],[2.183381,41.43643],[2.183375,41.436436],[2.183354,41.436429],[2.183336,41.436423],[2.183314,41.436418],[2.183298,41.436414],[2.183278,41.436413],[2.183257,41.436411],[2.183242,41.436412],[2.183216,41.436415],[2.183198,41.436417],[2.183179,41.436421],[2.183159,41.436427],[2.183144,41.436409],[2.18306,41.436442],[2.183033,41.436399],[2.183121,41.436368],[2.183057,41.436264],[2.183012,41.436257],[2.183003,41.436308],[2.182624,41.436259],[2.182528,41.436335]]]}},
{"type":"Feature","properties":{"height_m":4.4},"geometry":{"type":"Polygon","coordinates":[[[2.176986,41.433659],[2.177014,41.433646],[2.177092,41.43361],[2.177174,41.433711],[2.177342,41.433917],[2.17728,41.433946],[2.177236,41.433966],[2.176986,41.433659]]]}},
{"type":"Feature","properties":{"height_m":4.1},"geometry":{"type":"Polygon","coordinates":[[[2.180171,41.433281],[2.180455,41.433214],[2.180435,41.433156],[2.180673,41.433102],[2.180637,41.433008],[2.180605,41.433015],[2.180592,41.432992],[2.180295,41.433043],[2.18033,41.433145],[2.180211,41.433162],[2.180135,41.433172],[2.180171,41.433281]]]}},
{"type":"Feature","properties":{"height_m":6.3},"geometry":{"type":"Polygon","coordinates":[[[2.180759,41.434154],[2.181366,41.434036],[2.181026,41.433044],[2.180673,41.433102],[2.180435,41.433156],[2.180455,41.433214],[2.180495,41.433358],[2.180497,41.433384],[2.180535,41.433501],[2.180935,41.433427],[2.181095,41.433897],[2.180698,41.433968],[2.180759,41.434154]]]}},
{"type":"Feature","properties":{"height_m":7.9},"geometry":{"type":"Polygon","coordinates":[[[2.180603,41.434184],[2.180567,41.434062],[2.180267,41.434108],[2.180103,41.43364],[2.179886,41.433682],[2.179855,41.433792],[2.17998,41.433778],[2.180017,41.433913],[2.179812,41.433949],[2.179804,41.433976],[2.179831,41.434058],[2.180052,41.434018],[2.180092,41.434138],[2.179864,41.434185],[2.17991,41.434309],[2.180603,41.434184]]]}},
{"type":"Feature","properties":{"height_m":18.2},"geometry":{"type":"Polygon","coordinates":[[[2.18147,41.438421],[2.18171,41.438704],[2.181721,41.43869],[2.182228,41.438047],[2.182143,41.437788],[2.182023,41.437439],[2.181995,41.437444],[2.181989,41.437428],[2.181857,41.437453],[2.182054,41.438025],[2.181795,41.438357],[2.18147,41.438421]]]}},
{"type":"Feature","properties":{"height_m":18.7},"geometry":{"type":"Polygon","coordinates":[[[2.181789,41.438803],[2.181899,41.438922],[2.182612,41.437995],[2.182641,41.438004],[2.182681,41.43812],[2.182753,41.438108],[2.182626,41.437726],[2.182428,41.437977],[2.181806,41.438782],[2.181789,41.438803]]]}},
{"type":"Feature","properties":{"height_m":32.6},"geometry":{"type":"Polygon","coordinates":[[[2.182068,41.437362],[2.182468,41.43728],[2.182351,41.436946],[2.182267,41.436963],[2.182271,41.436974],[2.18222,41.436985],[2.182231,41.437018],[2.182308,41.437243],[2.182278,41.437249],[2.182272,41.437229],[2.182038,41.437276],[2.182068,41.437362]]]}},
{"type":"Feature","properties":{"height_m":23.0},"geometry":{"type":"Polygon","coordinates":[[[2.181824,41.437356],[2.181966,41.437328],[2.181901,41.437129],[2.182104,41.437085],[2.182098,41.437064],[2.182077,41.437001],[2.181725,41.437069],[2.181824,41.437356]]]}},
{"type":"Feature","properties":{"height_m":7.0},"geometry":{"type":"Polygon","coordinates":[[[2.180965,41.437669],[2.181064,41.437827],[2.181837,41.437795],[2.181795,41.437655],[2.181756,41.437643],[2.180965,41.437669]]]}},
{"type":"Feature","properties":{"height_m":5.3},"geometry":{"type":"Polygon","coordinates":[[[2.181298,41.438234],[2.181359,41.438296],[2.181416,41.438326],[2.1815,41.438341],[2.181623,41.438325],[2.181701,41.438293],[2.181775,41.43821],[2.181298,41.438234]]]}},
{"type":"Feature","properties":{"height_m":7.8},"geometry":{"type":"Polygon","coordinates":[[[2.180641,41.432998],[2.180561,41.432751],[2.180708,41.432722],[2.180709,41.432702],[2.180727,41.432691],[2.180757,41.432694],[2.180768,41.432708],[2.180815,41.432699],[2.18088,41.432688],[2.180945,41.432869],[2.180958,41.432869],[2.180986,41.432946],[2.180869,41.432976],[2.180874,41.432946],[2.180641,41.432998]]]}},
{"type":"Feature","properties":{"height_m":51.2},"geometry":{"type":"Polygon","coordinates":[[[2.181415,41.435318],[2.181392,41.435376],[2.181411,41.435381],[2.181408,41.435392],[2.181474,41.435408],[2.181481,41.435399],[2.181497,41.435407],[2.181629,41.435461],[2.181583,41.435525],[2.181654,41.435554],[2.181696,41.4355],[2.18167,41.435489],[2.181706,41.435466],[2.181693,41.435424],[2.181606,41.43538],[2.181512,41.435346],[2.181415,41.435318]]]}},
{"type":"Feature","properties":{"height_m":17.5},"geometry":{"type":"Polygon","coordinates":[[[2.182839,41.43837],[2.182658,41.43841],[2.182705,41.438545],[2.182806,41.438535],[2.182829,41.438603],[2.182739,41.438623],[2.182766,41.438726],[2.182863,41.438713],[2.182872,41.438741],[2.182889,41.438789],[2.182796,41.438814],[2.182829,41.438919],[2.18293,41.438904],[2.182938,41.438938],[2.182949,41.438979],[2.182866,41.439002],[2.182896,41.439102],[2.182976,41.439095],[2.183006,41.439175],[2.182956,41.439205],[2.182856,41.439197],[2.182859,41.439137],[2.182722,41.439122],[2.182702,41.439187],[2.182642,41.439177],[2.182595,41.43917],[2.182608,41.439102],[2.182455,41.439085],[2.182441,41.439147],[2.182389,41.439141],[2.182331,41.439135],[2.182344,41.439082],[2.181983,41.439034],[2.18212,41.439207],[2.182364,41.439236],[2.182615,41.439265],[2.183174,41.439327],[2.183032,41.438924],[2.182963,41.438723],[2.182839,41.43837]]]}},
{"type":"Feature","properties":{"height_m":3.6},"geometry":{"type":"Polygon","coordinates":[[[2.181283,41.432473],[2.181295,41.432508],[2.182195,41.432339],[2.182173,41.432272],[2.18179,41.432342],[2.181707,41.432321],[2.181621,41.432337],[2.181435,41.432398],[2.181268,41.43243],[2.181271,41.432437],[2.181283,41.432473]]]}},
{"type":"Feature","properties":{"height_m":18.3},"geometry":{"type":"Polygon","coordinates":[[[2.175512,41.430144],[2.175509,41.43011],[2.175482,41.43011],[2.175462,41.43011],[2.17543,41.430111],[2.175316,41.430111],[2.175265,41.430112],[2.175246,41.430112],[2.175227,41.430112],[2.175229,41.430188],[2.175516,41.430184],[2.175512,41.430144]]]}},
{"type":"Feature","properties":{"height_m":17.7},"geometry":{"type":"Polygon","coordinates":[[[2.176509,41.435729],[2.176715,41.435632],[2.176498,41.43537],[2.176292,41.435467],[2.176509,41.435729]]]}},
{"type":"Feature","properties":{"height_m":17.7},"geometry":{"type":"Polygon","coordinates":[[[2.177006,41.435545],[2.177212,41.435448],[2.176994,41.435186],[2.176788,41.435283],[2.177006,41.435545]]]}},
{"type":"Feature","properties":{"height_m":17.9},"geometry":{"type":"Polygon","coordinates":[[[2.176348,41.4351],[2.176506,41.435027],[2.176707,41.435272],[2.176549,41.435345],[2.176348,41.4351]]]}},
{"type":"Feature","properties":{"height_m":20.0},"geometry":{"type":"Polygon","coordinates":[[[2.176055,41.434936],[2.176563,41.434693],[2.176479,41.434594],[2.175971,41.434836],[2.176055,41.434936]]]}},
{"type":"Feature","properties":{"height_m":18.2},"geometry":{"type":"Polygon","coordinates":[[[2.176639,41.434585],[2.176725,41.434687],[2.177738,41.43422],[2.177652,41.434119],[2.177348,41.434247],[2.176639,41.434585]]]}},
{"type":"Feature","properties":{"height_m":13.1},"geometry":{"type":"Polygon","coordinates":[[[2.176175,41.430014],[2.176277,41.430013],[2.176299,41.430012],[2.176313,41.430012],[2.176311,41.42995],[2.176309,41.42991],[2.176296,41.42991],[2.176274,41.42991],[2.176268,41.42991],[2.176246,41.42991],[2.176171,41.429911],[2.17616,41.429911],[2.176162,41.430014],[2.176175,41.430014]]]}},
{"type":"Feature","properties":{"height_m":16.9},"geometry":{"type":"Polygon","coordinates":[[[2.176089,41.430082],[2.176089,41.430087],[2.176058,41.430087],[2.17606,41.430178],[2.176166,41.430177],[2.176164,41.430081],[2.176128,41.430082],[2.176128,41.430055],[2.176163,41.430054],[2.176162,41.430021],[2.176162,41.430014],[2.17616,41.429911],[2.176132,41.429911],[2.176101,41.429911],[2.176104,41.430022],[2.176058,41.430023],[2.176058,41.430054],[2.176089,41.430054],[2.176089,41.430082]]]}},
{"type":"Feature","properties":{"height_m":24.3},"geometry":{"type":"Polygon","coordinates":[[[2.175221,41.429937],[2.175223,41.429965],[2.175224,41.429979],[2.175224,41.430014],[2.175261,41.430013],[2.1753,41.430013],[2.175312,41.430013],[2.175326,41.430012],[2.175329,41.430002],[2.175386,41.430001],[2.175385,41.42998],[2.17542,41.42998],[2.175421,41.430011],[2.175478,41.430011],[2.1755,41.43001],[2.175594,41.430009],[2.175592,41.429923],[2.17559,41.429873],[2.175458,41.429875],[2.175416,41.429876],[2.175417,41.429933],[2.175383,41.429933],[2.175382,41.429883],[2.175314,41.429884],[2.175313,41.429877],[2.175301,41.429877],[2.175274,41.429877],[2.175258,41.429878],[2.175221,41.429878],[2.175221,41.429937]]]}},
{"type":"Feature","properties":{"height_m":8.3},"geometry":{"type":"Polygon","coordinates":[[[2.176058,41.430068],[2.176,41.430069],[2.176,41.430075],[2.176001,41.430099],[2.176002,41.430124],[2.176003,41.430179],[2.176038,41.430179],[2.17606,41.430178],[2.176058,41.430087],[2.176058,41.430068]]]}},
{"type":"Feature","properties":{"height_m":13.6},"geometry":{"type":"Polygon","coordinates":[[[2.175935,41.429919],[2.175938,41.430005],[2.175944,41.43018],[2.175992,41.430179],[2.176003,41.430179],[2.176002,41.430124],[2.176001,41.430099],[2.175967,41.4301],[2.175965,41.430075],[2.176,41.430075],[2.176,41.430069],[2.175998,41.430004],[2.175996,41.429918],[2.175974,41.429918],[2.175935,41.429919]]]}},
{"type":"Feature","properties":{"height_m":9.1},"geometry":{"type":"Polygon","coordinates":[[[2.176164,41.430078],[2.176164,41.430081],[2.176166,41.430177],[2.176318,41.430175],[2.176315,41.430076],[2.176313,41.430043],[2.176313,41.430033],[2.176313,41.430012],[2.176299,41.430012],[2.176277,41.430013],[2.176175,41.430014],[2.176162,41.430014],[2.176162,41.430021],[2.176163,41.430054],[2.176164,41.430078]]]}},
{"type":"Feature","properties":{"height_m":27.8},"geometry":{"type":"Polygon","coordinates":[[[2.182745,41.430057],[2.182744,41.430012],[2.182743,41.429972],[2.182729,41.429972],[2.182729,41.429919],[2.182741,41.429919],[2.18274,41.429897],[2.182673,41.429898],[2.18266,41.429898],[2.182633,41.429898],[2.182634,41.430007],[2.182635,41.430079],[2.182707,41.430078],[2.182746,41.430077],[2.182745,41.430057]]]}},
{"type":"Feature","properties":{"height_m":16.7},"geometry":{"type":"Polygon","coordinates":[[[2.182742,41.429959],[2.182743,41.429972],[2.182744,41.430012],[2.182745,41.430057],[2.182746,41.430077],[2.182765,41.430077],[2.182787,41.430049],[2.182866,41.42995],[2.18291,41.429896],[2.182928,41.429875],[2.182939,41.429863],[2.182937,41.429838],[2.182838,41.429839],[2.182835,41.429839],[2.182791,41.42984],[2.182791,41.429856],[2.182791,41.429889],[2.182793,41.429896],[2.182765,41.429897],[2.18274,41.429897],[2.182741,41.429919],[2.182742,41.429959]]]}},
{"type":"Feature","properties":{"height_m":9.3},"geometry":{"type":"Polygon","coordinates":[[[2.175363,41.431331],[2.175481,41.431348],[2.175485,41.431051],[2.175361,41.431052],[2.175363,41.431196],[2.175363,41.431331]]]}},
{"type":"Feature","properties":{"height_m":10.3},"geometry":{"type":"Polygon","coordinates":[[[2.17492,41.431424],[2.175056,41.43129],[2.175054,41.430705],[2.17503,41.430731],[2.174764,41.430703],[2.174498,41.431167],[2.17492,41.431424]]]}},
{"type":"Feature","properties":{"height_m":11.8},"geometry":{"type":"Polygon","coordinates":[[[2.182969,41.43633],[2.183044,41.43655],[2.182631,41.436629],[2.182556,41.436409],[2.182969,41.43633]]]}},
{"type":"Feature","properties":{"height_m":3.2},"geometry":{"type":"Polygon","coordinates":[[[2.173316,41.434878],[2.173381,41.434849],[2.17346,41.434948],[2.173396,41.434977],[2.173316,41.434878]]]}},
{"type":"Feature","properties":{"height_m":14.8},"geometry":{"type":"Polygon","coordinates":[[[2.179626,41.432097],[2.179654,41.432096],[2.179705,41.432095],[2.179757,41.432094],[2.179798,41.432094],[2.179823,41.432093],[2.179851,41.432093],[2.179873,41.432092],[2.179872,41.432062],[2.179871,41.432022],[2.179852,41.432022],[2.179824,41.432023],[2.179776,41.432023],[2.179727,41.432024],[2.17971,41.432024],[2.179651,41.432024],[2.179633,41.432025],[2.179624,41.432025],[2.179517,41.432026],[2.179491,41.432026],[2.179491,41.432041],[2.179486,41.432041],[2.179487,41.432076],[2.179487,41.4321],[2.179542,41.432099],[2.179626,41.432097]]]}},
{"type":"Feature","properties":{"height_m":15.1},"geometry":{"type":"Polygon","coordinates":[[[2.179664,41.431548],[2.179694,41.431547],[2.179694,41.43154],[2.179731,41.431539],[2.179732,41.431555],[2.179759,41.431555],[2.179759,41.431543],[2.179817,41.431542],[2.179816,41.431554],[2.179825,41.431554],[2.179861,41.431555],[2.179859,41.431488],[2.179826,41.431488],[2.179711,41.43149],[2.179664,41.43149],[2.17962,41.431491],[2.179621,41.431515],[2.179622,41.431555],[2.179664,41.431555],[2.179664,41.431548]]]}},
{"type":"Feature","properties":{"height_m":15.3},"geometry":{"type":"Polygon","coordinates":[[[2.179404,41.431522],[2.179405,41.431548],[2.179433,41.431547],[2.179433,41.431574],[2.179434,41.431595],[2.179434,41.43162],[2.179406,41.43162],[2.179406,41.431685],[2.179486,41.431684],[2.179486,41.43168],[2.179485,41.431657],[2.179485,41.431606],[2.179484,41.431568],[2.179483,41.431533],[2.179483,41.431521],[2.179483,41.43151],[2.179483,41.431493],[2.179444,41.431494],[2.179404,41.431494],[2.179404,41.431511],[2.179404,41.431522]]]}},
{"type":"Feature","properties":{"height_m":3.2},"geometry":{"type":"Polygon","coordinates":[[[2.179542,41.432099],[2.179487,41.4321],[2.179487,41.432129],[2.179487,41.432157],[2.179511,41.432159],[2.17953,41.432161],[2.179543,41.432162],[2.179542,41.432099]]]}},
{"type":"Feature","properties":{"height_m":14.5},"geometry":{"type":"Polygon","coordinates":[[[2.179168,41.432046],[2.179198,41.432045],[2.179343,41.432043],[2.179466,41.432041],[2.179479,41.432041],[2.179476,41.431981],[2.17945,41.431981],[2.17934,41.431983],[2.179256,41.431985],[2.179246,41.431985],[2.179247,41.432012],[2.17921,41.432013],[2.179208,41.431986],[2.179159,41.431987],[2.1791,41.431988],[2.179102,41.432015],[2.179106,41.432023],[2.179112,41.432036],[2.179119,41.432047],[2.179168,41.432046]]]}},
{"type":"Feature","properties":{"height_m":7.4},"geometry":{"type":"Polygon","coordinates":[[[2.179256,41.431985],[2.17934,41.431983],[2.17945,41.431981],[2.179476,41.431981],[2.17949,41.43198],[2.17949,41.431969],[2.17949,41.431959],[2.179449,41.431959],[2.179448,41.431939],[2.17949,41.431938],[2.17949,41.431916],[2.179465,41.431916],[2.179448,41.431916],[2.179336,41.431918],[2.179254,41.431919],[2.179099,41.431922],[2.1791,41.431962],[2.1791,41.431988],[2.179159,41.431987],[2.179208,41.431986],[2.179246,41.431985],[2.179256,41.431985]]]}},
{"type":"Feature","properties":{"height_m":15.1},"geometry":{"type":"Polygon","coordinates":[[[2.179558,41.431515],[2.179558,41.431528],[2.179558,41.431533],[2.179558,41.431549],[2.179584,41.431548],[2.179584,41.431582],[2.179559,41.431583],[2.17956,41.431616],[2.17956,41.431632],[2.179561,41.431657],[2.179561,41.43167],[2.179576,41.431671],[2.179624,41.431671],[2.179624,41.431645],[2.179623,41.431616],[2.179622,41.431555],[2.179621,41.431515],[2.17962,41.431491],[2.179595,41.431491],[2.179557,41.431492],[2.179558,41.43151],[2.179558,41.431515]]]}},
{"type":"Feature","properties":{"height_m":13.5},"geometry":{"type":"Polygon","coordinates":[[[2.179336,41.431918],[2.179448,41.431916],[2.179465,41.431916],[2.179462,41.431852],[2.179372,41.431853],[2.179335,41.431853],[2.179307,41.431854],[2.179244,41.431854],[2.179243,41.431882],[2.179191,41.431882],[2.179191,41.431855],[2.179097,41.431856],[2.179098,41.43189],[2.179099,41.431922],[2.179254,41.431919],[2.179336,41.431918]]]}},
{"type":"Feature","properties":{"height_m":15.8},"geometry":{"type":"Polygon","coordinates":[[[2.179126,41.43164],[2.179138,41.43164],[2.179151,41.43164],[2.179164,41.43164],[2.179191,41.43164],[2.179232,41.431639],[2.179264,41.431639],[2.1793,41.431639],[2.17933,41.431638],[2.179346,41.431638],[2.17939,41.431638],[2.179388,41.431565],[2.179329,41.431565],[2.179298,41.431565],[2.179274,41.431565],[2.179231,41.431565],[2.179231,41.431603],[2.179189,41.431603],[2.179188,41.431565],[2.17915,41.431565],[2.179124,41.431565],[2.179111,41.431565],[2.179091,41.431565],[2.179093,41.431629],[2.179093,41.431641],[2.179126,41.43164]]]}},
{"type":"Feature","properties":{"height_m":15.4},"geometry":{"type":"Polygon","coordinates":[[[2.179637,41.431644],[2.179637,41.431671],[2.179678,41.431671],[2.179702,41.431671],[2.179702,41.431643],[2.179742,41.431643],[2.179742,41.431671],[2.179749,41.431671],[2.17978,41.43167],[2.179824,41.43167],[2.179863,41.43167],[2.179862,41.431631],[2.179862,41.431615],[2.179825,41.431615],[2.179799,41.431615],[2.17979,41.431615],[2.17979,41.431625],[2.179763,41.431625],[2.179761,41.431615],[2.179702,41.431615],[2.179664,41.431616],[2.179623,41.431616],[2.179624,41.431645],[2.179637,41.431644]]]}},
{"type":"Feature","properties":{"height_m":7.1},"geometry":{"type":"Polygon","coordinates":[[[2.179633,41.432025],[2.179651,41.432024],[2.17971,41.432024],[2.179727,41.432024],[2.179776,41.432023],[2.179824,41.432023],[2.179852,41.432022],[2.179871,41.432022],[2.17987,41.431988],[2.179869,41.431967],[2.179821,41.431967],[2.179791,41.431967],[2.179773,41.431967],[2.179722,41.431968],[2.179684,41.431968],[2.179632,41.431968],[2.179596,41.431969],[2.179516,41.431969],[2.179517,41.432026],[2.179624,41.432025],[2.179633,41.432025]]]}},
{"type":"Feature","properties":{"height_m":9.4},"geometry":{"type":"Polygon","coordinates":[[[2.179679,41.431728],[2.179727,41.431728],[2.179752,41.431727],[2.179809,41.431727],[2.179832,41.431727],[2.179864,41.431727],[2.179863,41.431684],[2.179863,41.43167],[2.179824,41.43167],[2.17978,41.43167],[2.179781,41.431692],[2.17975,41.431692],[2.179749,41.431671],[2.179742,41.431671],[2.179702,41.431671],[2.179678,41.431671],[2.179637,41.431671],[2.179624,41.431671],[2.179576,41.431671],[2.179576,41.431702],[2.179561,41.431702],[2.179562,41.431728],[2.179625,41.431728],[2.179674,41.431728],[2.179679,41.431728]]]}},
{"type":"Feature","properties":{"height_m":14.5},"geometry":{"type":"Polygon","coordinates":[[[2.179483,41.43151],[2.179483,41.431521],[2.179483,41.431533],[2.179484,41.431568],[2.179508,41.431568],[2.179508,41.431606],[2.179485,41.431606],[2.179485,41.431657],[2.179486,41.43168],[2.179486,41.431684],[2.179487,41.431728],[2.179562,41.431728],[2.179561,41.431702],[2.179561,41.431679],[2.179561,41.43167],[2.179561,41.431657],[2.17956,41.431632],[2.17956,41.431616],[2.179559,41.431583],[2.179558,41.431549],[2.179558,41.431533],[2.179558,41.431528],[2.179558,41.431515],[2.179558,41.43151],[2.179557,41.431492],[2.179489,41.431493],[2.179483,41.431493],[2.179483,41.43151]]]}},
{"type":"Feature","properties":{"height_m":18.3},"geometry":{"type":"Polygon","coordinates":[[[2.179093,41.431666],[2.179094,41.431689],[2.179094,41.431705],[2.179095,41.43173],[2.179139,41.431729],[2.179166,41.431728],[2.179165,41.431717],[2.1792,41.431716],[2.179235,41.431715],[2.17926,41.431714],[2.179261,41.431728],[2.179303,41.431728],[2.179332,41.431728],[2.179347,41.431728],[2.179346,41.431667],[2.179346,41.431638],[2.17933,41.431638],[2.1793,41.431639],[2.179264,41.431639],[2.179264,41.431646],[2.179164,41.431648],[2.179164,41.43164],[2.179151,41.43164],[2.179138,41.43164],[2.179126,41.43164],[2.179093,41.431641],[2.179093,41.431666]]]}},
{"type":"Feature","properties":{"height_m":15.2},"geometry":{"type":"Polygon","coordinates":[[[2.179702,41.431605],[2.179702,41.431615],[2.179761,41.431615],[2.179761,41.431604],[2.179799,41.431604],[2.179799,41.431615],[2.179825,41.431615],[2.179862,41.431615],[2.179861,41.431576],[2.179861,41.431555],[2.179825,41.431554],[2.179816,41.431554],[2.179759,41.431555],[2.179732,41.431555],[2.179664,41.431555],[2.179622,41.431555],[2.179623,41.431616],[2.179664,41.431616],[2.179664,41.431596],[2.179702,41.431596],[2.179702,41.431605]]]}},
{"type":"Feature","properties":{"height_m":17.4},"geometry":{"type":"Polygon","coordinates":[[[2.179629,41.431914],[2.179683,41.431913],[2.179759,41.431912],[2.179785,41.431911],[2.179806,41.431911],[2.179838,41.431911],[2.179868,41.43191],[2.179867,41.431865],[2.179867,41.431847],[2.179834,41.431847],[2.179811,41.431848],[2.179803,41.431848],[2.179769,41.431848],[2.179754,41.431848],[2.179728,41.431849],[2.179682,41.431849],[2.179676,41.431849],[2.179627,41.43185],[2.179513,41.431851],[2.179514,41.431915],[2.179629,41.431914]]]}},
{"type":"Feature","properties":{"height_m":12.8},"geometry":{"type":"Polygon","coordinates":[[[2.179705,41.432143],[2.179705,41.432164],[2.179722,41.432163],[2.179875,41.43216],[2.179873,41.432113],[2.179873,41.432092],[2.179851,41.432093],[2.179823,41.432093],[2.179798,41.432094],[2.179757,41.432094],[2.179705,41.432095],[2.179705,41.432103],[2.179689,41.432111],[2.179691,41.432143],[2.179705,41.432143]]]}},
{"type":"Feature","properties":{"height_m":15.2},"geometry":{"type":"Polygon","coordinates":[[[2.179111,41.431565],[2.179124,41.431565],[2.17915,41.431565],[2.179188,41.431565],[2.179186,41.431558],[2.179224,41.431558],[2.179225,41.431565],[2.179231,41.431565],[2.179274,41.431565],[2.179298,41.431565],[2.179329,41.431565],[2.179388,41.431565],[2.179405,41.431565],[2.179405,41.431548],[2.179404,41.431522],[2.179404,41.431511],[2.179404,41.431494],[2.17909,41.431499],[2.179091,41.431543],[2.179091,41.431565],[2.179111,41.431565]]]}},
{"type":"Feature","properties":{"height_m":5.8},"geometry":{"type":"Polygon","coordinates":[[[2.179596,41.431969],[2.179632,41.431968],[2.179684,41.431968],[2.179722,41.431968],[2.179773,41.431967],[2.179791,41.431967],[2.179821,41.431967],[2.179869,41.431967],[2.179868,41.43192],[2.179868,41.43191],[2.179838,41.431911],[2.179806,41.431911],[2.179785,41.431911],[2.179785,41.431935],[2.179761,41.431936],[2.179759,41.431912],[2.179683,41.431913],[2.179629,41.431914],[2.179514,41.431915],[2.17949,41.431916],[2.17949,41.431938],[2.17949,41.431959],[2.17949,41.431969],[2.179516,41.431969],[2.179596,41.431969]]]}},
{"type":"Feature","properties":{"height_m":8.1},"geometry":{"type":"Polygon","coordinates":[[[2.178524,41.431533],[2.178524,41.431539],[2.178525,41.431559],[2.178525,41.431574],[2.178526,41.431591],[2.178526,41.431594],[2.178527,41.431637],[2.178528,41.431647],[2.178529,41.431678],[2.17853,41.431742],[2.178532,41.431776],[2.178532,41.431784],[2.178537,41.431784],[2.178601,41.431783],[2.178598,41.431727],[2.178598,41.431677],[2.178598,41.431668],[2.178597,41.431635],[2.178597,41.431621],[2.178596,41.431582],[2.178596,41.43154],[2.178596,41.431532],[2.178595,41.431505],[2.17857,41.431505],[2.178523,41.431506],[2.178524,41.431524],[2.178524,41.431533]]]}},
{"type":"Feature","properties":{"height_m":9.1},"geometry":{"type":"Polygon","coordinates":[[[2.178294,41.431536],[2.178295,41.431557],[2.178297,41.431592],[2.178298,41.431611],[2.178298,41.431621],[2.178364,41.43162],[2.178363,41.431641],[2.178376,41.43164],[2.178375,41.431614],[2.178375,41.43161],[2.178375,41.431604],[2.178374,41.431535],[2.178373,41.431508],[2.178333,41.431509],[2.178322,41.431509],[2.178293,41.431509],[2.178294,41.431531],[2.178294,41.431536]]]}},
{"type":"Feature","properties":{"height_m":11.3},"geometry":{"type":"Polygon","coordinates":[[[2.17878,41.431527],[2.17878,41.431529],[2.17878,41.431541],[2.17878,41.431548],[2.17878,41.431594],[2.178818,41.431594],[2.178829,41.431594],[2.17887,41.431593],[2.178888,41.431594],[2.178888,41.431581],[2.178904,41.431581],[2.178904,41.431593],[2.178933,41.431593],[2.178936,41.431593],[2.178973,41.431593],[2.178972,41.431566],[2.178972,41.43154],[2.178971,41.4315],[2.17887,41.431501],[2.178834,41.431501],[2.17878,41.431502],[2.17878,41.431527]]]}},
{"type":"Feature","properties":{"height_m":6.6},"geometry":{"type":"Polygon","coordinates":[[[2.178375,41.431604],[2.178375,41.43161],[2.178375,41.431614],[2.178419,41.431613],[2.17842,41.431624],[2.178441,41.431623],[2.178441,41.431604],[2.17844,41.431561],[2.178439,41.431526],[2.178439,41.431507],[2.178397,41.431508],[2.178373,41.431508],[2.178374,41.431535],[2.178375,41.431604]]]}},
{"type":"Feature","properties":{"height_m":10.2},"geometry":{"type":"Polygon","coordinates":[[[2.178602,41.431792],[2.178601,41.431783],[2.178537,41.431784],[2.178532,41.431784],[2.178532,41.431776],[2.178517,41.431776],[2.178441,41.431776],[2.178435,41.431776],[2.178381,41.431776],[2.178347,41.431776],[2.178322,41.431776],[2.178314,41.431776],[2.178304,41.431776],[2.178286,41.431776],[2.178269,41.431776],[2.178278,41.43179],[2.178288,41.431798],[2.178307,41.431808],[2.178325,41.431817],[2.178368,41.431823],[2.17837,41.431823],[2.178398,41.431825],[2.178439,41.431828],[2.178443,41.431828],[2.178605,41.431842],[2.178604,41.431826],[2.178602,41.431805],[2.178602,41.431792]]]}},
{"type":"Feature","properties":{"height_m":15.9},"geometry":{"type":"Polygon","coordinates":[[[2.178674,41.431531],[2.178675,41.431551],[2.178675,41.431584],[2.178676,41.431595],[2.178697,41.431595],[2.17874,41.431595],[2.17878,41.431594],[2.17878,41.431548],[2.17878,41.431541],[2.17878,41.431529],[2.17878,41.431527],[2.17878,41.431502],[2.178689,41.431503],[2.178674,41.431504],[2.178674,41.431531]]]}},
{"type":"Feature","properties":{"height_m":14.4},"geometry":{"type":"Polygon","coordinates":[[[2.178439,41.431526],[2.17844,41.431561],[2.178441,41.431604],[2.178441,41.431623],[2.178443,41.4317],[2.178443,41.431742],[2.17853,41.431742],[2.178529,41.431678],[2.178528,41.431647],[2.178527,41.431637],[2.178526,41.431594],[2.178526,41.431591],[2.178525,41.431574],[2.178525,41.431559],[2.178524,41.431539],[2.178524,41.431533],[2.178524,41.431524],[2.178523,41.431506],[2.178494,41.431506],[2.178439,41.431507],[2.178439,41.431526]]]}},
{"type":"Feature","properties":{"height_m":3.3},"geometry":{"type":"Polygon","coordinates":[[[2.178837,41.431669],[2.178838,41.431702],[2.17885,41.431702],[2.178851,41.431721],[2.178861,41.431721],[2.178954,41.431719],[2.178975,41.431718],[2.178975,41.431677],[2.178975,41.431658],[2.178837,41.43166],[2.178837,41.431669]]]}},
{"type":"Feature","properties":{"height_m":9.6},"geometry":{"type":"Polygon","coordinates":[[[2.178829,41.43166],[2.178837,41.43166],[2.178975,41.431658],[2.178973,41.431604],[2.178973,41.431593],[2.178936,41.431593],[2.178933,41.431593],[2.178904,41.431593],[2.178888,41.431594],[2.17887,41.431593],[2.178829,41.431594],[2.178818,41.431594],[2.17878,41.431594],[2.178781,41.431615],[2.178771,41.431615],[2.178771,41.431645],[2.178802,41.431645],[2.178804,41.43166],[2.178829,41.43166]]]}},
{"type":"Feature","properties":{"height_m":14.7},"geometry":{"type":"Polygon","coordinates":[[[2.178286,41.431776],[2.178304,41.431776],[2.178314,41.431776],[2.178322,41.431776],[2.178347,41.431776],[2.178381,41.431776],[2.178435,41.431776],[2.178441,41.431776],[2.178517,41.431776],[2.178532,41.431776],[2.17853,41.431742],[2.178443,41.431742],[2.178443,41.4317],[2.17841,41.4317],[2.178391,41.431701],[2.178346,41.431701],[2.178341,41.431701],[2.17832,41.431702],[2.178271,41.431703],[2.178254,41.431703],[2.178239,41.431703],[2.178248,41.431725],[2.178269,41.431776],[2.178286,41.431776]]]}},
{"type":"Feature","properties":{"height_m":17.2},"geometry":{"type":"Polygon","coordinates":[[[2.178602,41.431805],[2.178604,41.431826],[2.178605,41.431842],[2.178626,41.431845],[2.178639,41.431847],[2.178678,41.431856],[2.17871,41.431866],[2.178719,41.431856],[2.17873,41.431846],[2.17875,41.431846],[2.178773,41.431845],[2.178772,41.431823],[2.178761,41.431824],[2.17876,41.431812],[2.178772,41.431812],[2.178769,41.431736],[2.178759,41.431736],[2.178759,41.431731],[2.178728,41.431731],[2.178728,41.431724],[2.178672,41.431725],[2.178647,41.431726],[2.178598,41.431727],[2.178601,41.431783],[2.178602,41.431792],[2.178602,41.431805]]]}},
{"type":"Feature","properties":{"height_m":12.4},"geometry":{"type":"Polygon","coordinates":[[[2.178219,41.431655],[2.178234,41.431692],[2.178239,41.431703],[2.178254,41.431703],[2.178271,41.431703],[2.17832,41.431702],[2.178341,41.431701],[2.178346,41.431701],[2.178391,41.431701],[2.178377,41.431676],[2.178376,41.43164],[2.178363,41.431641],[2.178339,41.431641],[2.178299,41.431641],[2.178272,41.431642],[2.178244,41.431642],[2.178214,41.431643],[2.178219,41.431655]]]}},
{"type":"Feature","properties":{"height_m":14.8},"geometry":{"type":"Polygon","coordinates":[[[2.178244,41.431642],[2.178272,41.431642],[2.178299,41.431641],[2.178298,41.431621],[2.178298,41.431611],[2.178297,41.431592],[2.178265,41.431592],[2.178263,41.431558],[2.178295,41.431557],[2.178294,41.431536],[2.178294,41.431531],[2.178293,41.431509],[2.17825,41.43151],[2.17821,41.431511],[2.178212,41.431579],[2.178214,41.431643],[2.178244,41.431642]]]}},
{"type":"Feature","properties":{"height_m":13.4},"geometry":{"type":"Polygon","coordinates":[[[2.178597,41.431621],[2.178597,41.431635],[2.178598,41.431668],[2.178629,41.431667],[2.178628,41.43164],[2.178643,41.43164],[2.178651,41.431621],[2.178676,41.43162],[2.178676,41.431595],[2.178675,41.431584],[2.178675,41.431551],[2.178674,41.431531],[2.178674,41.431504],[2.178622,41.431504],[2.178595,41.431505],[2.178596,41.431532],[2.178596,41.43154],[2.178626,41.43154],[2.178627,41.431581],[2.178596,41.431582],[2.178597,41.431621]]]}},
{"type":"Feature","properties":{"height_m":10.5},"geometry":{"type":"Polygon","coordinates":[[[2.178966,41.431899],[2.178958,41.431899],[2.17885,41.4319],[2.178821,41.4319],[2.17881,41.431894],[2.178795,41.431906],[2.178835,41.431932],[2.178859,41.431952],[2.178923,41.431987],[2.17898,41.431986],[2.178979,41.431899],[2.178966,41.431899]]]}},
{"type":"Feature","properties":{"height_m":12.2},"geometry":{"type":"Polygon","coordinates":[[[2.180096,41.431523],[2.180097,41.431546],[2.180101,41.431546],[2.180118,41.431545],[2.180171,41.431544],[2.180204,41.431544],[2.180204,41.431533],[2.180204,41.431518],[2.180204,41.431505],[2.180204,41.431483],[2.180094,41.431485],[2.180064,41.431485],[2.179977,41.431487],[2.179978,41.431548],[2.180008,41.431547],[2.180075,41.431546],[2.180074,41.431524],[2.180096,41.431523]]]}},
{"type":"Feature","properties":{"height_m":14.7},"geometry":{"type":"Polygon","coordinates":[[[2.179395,41.432488],[2.17941,41.432488],[2.17941,41.432495],[2.179511,41.432497],[2.179512,41.432494],[2.179596,41.432494],[2.17964,41.432495],[2.179684,41.432495],[2.179885,41.432492],[2.179885,41.43242],[2.179806,41.432421],[2.179805,41.432318],[2.179789,41.432317],[2.179712,41.432319],[2.179712,41.432331],[2.17944,41.432348],[2.179337,41.432358],[2.179339,41.432363],[2.179346,41.432423],[2.179319,41.43243],[2.179323,41.432439],[2.179267,41.432454],[2.179299,41.432521],[2.179362,41.432505],[2.179398,41.432495],[2.179395,41.432488]]]}},
{"type":"Feature","properties":{"height_m":12.0},"geometry":{"type":"Polygon","coordinates":[[[2.18011,41.432009],[2.18011,41.431999],[2.180096,41.431999],[2.180096,41.431986],[2.180056,41.431986],[2.179983,41.431986],[2.179984,41.432036],[2.179984,41.43206],[2.180023,41.43206],[2.180041,41.43206],[2.180056,41.43206],[2.180056,41.432051],[2.180085,41.432051],[2.180089,41.432044],[2.180101,41.432044],[2.180106,41.432051],[2.180138,41.432051],[2.180138,41.43206],[2.180196,41.43206],[2.180197,41.431986],[2.180136,41.431986],[2.180137,41.432009],[2.18011,41.432009]]]}},
{"type":"Feature","properties":{"height_m":6.2},"geometry":{"type":"Polygon","coordinates":[[[2.180132,41.431822],[2.180133,41.431844],[2.180225,41.431844],[2.180226,41.431839],[2.180225,41.431785],[2.180131,41.431786],[2.180132,41.431798],[2.180068,41.431799],[2.180067,41.431805],[2.180055,41.431805],[2.180054,41.431786],[2.180045,41.431786],[2.180016,41.431786],[2.179981,41.431787],[2.179981,41.431831],[2.179981,41.431845],[2.180049,41.431845],[2.18005,41.431833],[2.18006,41.431833],[2.18006,41.431845],[2.1801,41.431845],[2.180099,41.431822],[2.180132,41.431822]]]}},
{"type":"Feature","properties":{"height_m":6.8},"geometry":{"type":"Polygon","coordinates":[[[2.180361,41.431843],[2.180225,41.431844],[2.180133,41.431844],[2.1801,41.431845],[2.18006,41.431845],[2.180049,41.431845],[2.179981,41.431845],[2.179982,41.43194],[2.179983,41.431986],[2.180056,41.431986],[2.180096,41.431986],[2.180136,41.431986],[2.180197,41.431986],[2.180363,41.431987],[2.180362,41.431927],[2.180361,41.431867],[2.180361,41.431851],[2.180361,41.431843]]]}},
{"type":"Feature","properties":{"height_m":15.6},"geometry":{"type":"Polygon","coordinates":[[[2.180204,41.431505],[2.180204,41.431518],[2.180204,41.431533],[2.180204,41.431544],[2.180204,41.431556],[2.180204,41.431593],[2.180204,41.431605],[2.180204,41.431609],[2.180205,41.43163],[2.180205,41.431645],[2.180279,41.431643],[2.180279,41.431631],[2.180278,41.431608],[2.180278,41.431592],[2.180278,41.431565],[2.180278,41.431555],[2.180277,41.431538],[2.180277,41.431533],[2.180277,41.431527],[2.180277,41.431504],[2.180277,41.431482],[2.180254,41.431482],[2.180204,41.431483],[2.180204,41.431505]]]}},
{"type":"Feature","properties":{"height_m":17.0},"geometry":{"type":"Polygon","coordinates":[[[2.180358,41.431685],[2.180358,41.43171],[2.180391,41.43171],[2.180486,41.431709],[2.180492,41.431709],[2.180561,41.431708],[2.180568,41.431708],[2.180607,41.431707],[2.180615,41.431707],[2.180731,41.431705],[2.180726,41.431474],[2.180589,41.431476],[2.180489,41.431478],[2.180489,41.431526],[2.180489,41.431537],[2.180489,41.431654],[2.180486,41.431654],[2.180418,41.431655],[2.180358,41.431656],[2.180358,41.431685]]]}},
{"type":"Feature","properties":{"height_m":16.9},"geometry":{"type":"Polygon","coordinates":[[[2.180563,41.43179],[2.180617,41.43179],[2.180618,41.431817],[2.180672,41.431817],[2.180734,41.431817],[2.180734,41.431788],[2.180731,41.431705],[2.180615,41.431707],[2.180615,41.431734],[2.180562,41.431735],[2.180561,41.431708],[2.180492,41.431709],[2.180495,41.431818],[2.180564,41.431818],[2.180563,41.43179]]]}},
{"type":"Feature","properties":{"height_m":17.0},"geometry":{"type":"Polygon","coordinates":[[[2.180491,41.431866],[2.180735,41.431865],[2.180735,41.43183],[2.180734,41.431817],[2.180672,41.431817],[2.180618,41.431817],[2.180614,41.431817],[2.180578,41.431817],[2.180564,41.431818],[2.180495,41.431818],[2.180491,41.431818],[2.180361,41.431819],[2.180361,41.431833],[2.180379,41.431833],[2.180379,41.431851],[2.180361,41.431851],[2.180361,41.431867],[2.180379,41.431867],[2.180491,41.431866]]]}},
{"type":"Feature","properties":{"height_m":14.5},"geometry":{"type":"Polygon","coordinates":[[[2.180014,41.431715],[2.180044,41.431715],[2.180087,41.431714],[2.180122,41.431714],[2.180225,41.431712],[2.180321,41.431711],[2.180319,41.431656],[2.180279,41.431657],[2.180224,41.431658],[2.180205,41.431658],[2.180117,41.431659],[2.180081,41.431659],[2.180013,41.43166],[2.179979,41.431661],[2.17998,41.43169],[2.17998,41.431716],[2.180014,41.431715]]]}},
{"type":"Feature","properties":{"height_m":15.1},"geometry":{"type":"Polygon","coordinates":[[[2.180016,41.431786],[2.180045,41.431786],[2.180054,41.431786],[2.180089,41.431786],[2.180111,41.431786],[2.180131,41.431786],[2.180225,41.431785],[2.180322,41.431784],[2.18036,41.431784],[2.180358,41.43171],[2.180321,41.431711],[2.180225,41.431712],[2.180122,41.431714],[2.180087,41.431714],[2.180044,41.431715],[2.180014,41.431715],[2.17998,41.431716],[2.17998,41.431751],[2.179981,41.431787],[2.180016,41.431786]]]}},
{"type":"Feature","properties":{"height_m":15.0},"geometry":{"type":"Polygon","coordinates":[[[2.18001,41.431608],[2.180059,41.431607],[2.180101,41.431607],[2.180144,41.431606],[2.180174,41.431606],[2.180204,41.431605],[2.180204,41.431593],[2.180204,41.431556],[2.180204,41.431544],[2.180171,41.431544],[2.180118,41.431545],[2.180119,41.431565],[2.180102,41.431565],[2.180101,41.431546],[2.180097,41.431546],[2.180075,41.431546],[2.180008,41.431547],[2.179978,41.431548],[2.179978,41.431578],[2.179979,41.431608],[2.18001,41.431608]]]}},
{"type":"Feature","properties":{"height_m":7.4},"geometry":{"type":"Polygon","coordinates":[[[2.180081,41.431659],[2.180117,41.431659],[2.180205,41.431658],[2.180205,41.431645],[2.180205,41.43163],[2.180175,41.43163],[2.180174,41.431606],[2.180144,41.431606],[2.180101,41.431607],[2.180102,41.431626],[2.18006,41.431627],[2.180059,41.431607],[2.18001,41.431608],[2.179979,41.431608],[2.179979,41.431649],[2.179979,41.431661],[2.180013,41.43166],[2.180081,41.431659]]]}},
{"type":"Feature","properties":{"height_m":17.0},"geometry":{"type":"Polygon","coordinates":[[[2.179123,41.431234],[2.179179,41.431233],[2.179212,41.431233],[2.179275,41.431233],[2.179302,41.431233],[2.179315,41.431232],[2.179341,41.431232],[2.179398,41.431232],[2.179397,41.431172],[2.179444,41.431171],[2.179443,41.431153],[2.179397,41.431154],[2.179339,41.431155],[2.179314,41.431155],[2.179294,41.431156],[2.179122,41.431159],[2.179081,41.43116],[2.179082,41.431203],[2.179082,41.431234],[2.179123,41.431234]]]}},
{"type":"Feature","properties":{"height_m":17.3},"geometry":{"type":"Polygon","coordinates":[[[2.179513,41.431206],[2.179514,41.43124],[2.179514,41.431278],[2.179515,41.431335],[2.179516,41.43137],[2.179516,41.431396],[2.179517,41.431403],[2.179551,41.431403],[2.179618,41.431402],[2.179617,41.431393],[2.179617,41.431369],[2.179616,41.431336],[2.179616,41.431305],[2.179615,41.431277],[2.179614,41.431239],[2.179614,41.431205],[2.179613,41.431187],[2.179513,41.431189],[2.179513,41.431204],[2.179513,41.431206]]]}},
{"type":"Feature","properties":{"height_m":8.9},"geometry":{"type":"Polygon","coordinates":[[[2.179514,41.431278],[2.179399,41.431279],[2.179401,41.431405],[2.179457,41.431404],[2.179517,41.431403],[2.179516,41.431396],[2.179516,41.43137],[2.179515,41.431335],[2.179514,41.431278]]]}},
{"type":"Feature","properties":{"height_m":7.2},"geometry":{"type":"Polygon","coordinates":[[[2.1796,41.430684],[2.179838,41.430681],[2.179837,41.430646],[2.179836,41.430625],[2.179794,41.430626],[2.179754,41.430626],[2.17975,41.430626],[2.179725,41.430627],[2.179724,41.430626],[2.179623,41.430627],[2.179599,41.430628],[2.1796,41.430684]]]}},
{"type":"Feature","properties":{"height_m":3.0},"geometry":{"type":"Polygon","coordinates":[[[2.179397,41.431172],[2.179398,41.431232],[2.179398,41.431238],[2.179422,41.431238],[2.179421,41.431204],[2.179513,41.431204],[2.179513,41.431189],[2.179512,41.43117],[2.179471,41.431171],[2.179444,41.431171],[2.179397,41.431172]]]}},
{"type":"Feature","properties":{"height_m":15.7},"geometry":{"type":"Polygon","coordinates":[[[2.179318,41.43139],[2.179317,41.431344],[2.179209,41.431346],[2.179171,41.431346],[2.179129,41.431347],[2.179085,41.431347],[2.179085,41.431382],[2.179086,41.431409],[2.179318,41.431406],[2.179318,41.43139]]]}},
{"type":"Feature","properties":{"height_m":13.1},"geometry":{"type":"Polygon","coordinates":[[[2.179292,41.43104],[2.179138,41.431042],[2.179114,41.431043],[2.179079,41.431043],[2.17908,41.431108],[2.179081,41.43116],[2.179122,41.431159],[2.179294,41.431156],[2.179292,41.43104]]]}},
{"type":"Feature","properties":{"height_m":18.7},"geometry":{"type":"Polygon","coordinates":[[[2.179656,41.431115],[2.179697,41.431114],[2.179697,41.431092],[2.179755,41.431091],[2.179755,41.431113],[2.179791,41.431113],[2.179827,41.431112],[2.179849,41.431112],[2.179848,41.431096],[2.179847,41.431057],[2.179826,41.431057],[2.179808,41.431057],[2.17979,41.431057],[2.179779,41.431057],[2.179654,41.431059],[2.179638,41.431059],[2.179637,41.431068],[2.179611,41.431069],[2.179612,41.431115],[2.179656,41.431115]]]}},
{"type":"Feature","properties":{"height_m":7.2},"geometry":{"type":"Polygon","coordinates":[[[2.179616,41.431336],[2.179617,41.431369],[2.179617,41.431393],[2.179618,41.431402],[2.179651,41.431401],[2.179687,41.431401],[2.179686,41.431383],[2.179685,41.43135],[2.179685,41.431341],[2.179682,41.431276],[2.179654,41.431276],[2.179656,41.431304],[2.179616,41.431305],[2.179616,41.431336]]]}},
{"type":"Feature","properties":{"height_m":3.5},"geometry":{"type":"Polygon","coordinates":[[[2.179525,41.430739],[2.179586,41.430738],[2.179658,41.430738],[2.179698,41.430737],[2.179808,41.430735],[2.179839,41.430735],[2.179838,41.430699],[2.179838,41.430681],[2.1796,41.430684],[2.179519,41.430685],[2.179522,41.430712],[2.179525,41.430739]]]}},
{"type":"Feature","properties":{"height_m":16.7},"geometry":{"type":"Polygon","coordinates":[[[2.179114,41.431043],[2.179138,41.431042],[2.179292,41.43104],[2.179295,41.43104],[2.179338,41.431039],[2.179382,41.431039],[2.179381,41.431007],[2.179379,41.430945],[2.179379,41.430922],[2.179335,41.430922],[2.179293,41.430922],[2.179276,41.430922],[2.179151,41.430923],[2.179137,41.430923],[2.179112,41.430923],[2.179076,41.430923],[2.179078,41.43099],[2.179079,41.431043],[2.179114,41.431043]]]}},
{"type":"Feature","properties":{"height_m":7.0},"geometry":{"type":"Polygon","coordinates":[[[2.179779,41.431057],[2.17979,41.431057],[2.179808,41.431057],[2.179826,41.431057],[2.179847,41.431057],[2.179847,41.431032],[2.179846,41.431006],[2.179833,41.431006],[2.179812,41.431006],[2.179749,41.431007],[2.179749,41.43103],[2.179726,41.43103],[2.179726,41.431007],[2.179653,41.431007],[2.179654,41.431059],[2.179779,41.431057]]]}},
{"type":"Feature","properties":{"height_m":9.7},"geometry":{"type":"Polygon","coordinates":[[[2.179142,41.43063],[2.179096,41.43063],[2.17907,41.43063],[2.179071,41.430677],[2.179071,41.4307],[2.179108,41.430699],[2.179148,41.430699],[2.179224,41.430698],[2.179223,41.43063],[2.179181,41.43063],[2.179156,41.43063],[2.179142,41.43063]]]}},
{"type":"Feature","properties":{"height_m":17.6},"geometry":{"type":"Polygon","coordinates":[[[2.179632,41.431007],[2.179653,41.431007],[2.179726,41.431007],[2.179749,41.431007],[2.179812,41.431006],[2.179833,41.431006],[2.179846,41.431006],[2.179845,41.430951],[2.179843,41.430895],[2.179832,41.430895],[2.179825,41.430895],[2.17981,41.430896],[2.179804,41.430896],[2.179756,41.430896],[2.179708,41.430897],[2.179628,41.430897],[2.179607,41.430898],[2.179609,41.431008],[2.179632,41.431007]]]}},
{"type":"Feature","properties":{"height_m":10.8},"geometry":{"type":"Polygon","coordinates":[[[2.179613,41.431169],[2.179653,41.431169],[2.179729,41.431168],[2.179759,41.431167],[2.179797,41.431167],[2.17983,41.431166],[2.17985,41.431166],[2.179849,41.431132],[2.179849,41.431112],[2.179827,41.431112],[2.179791,41.431113],[2.179755,41.431113],[2.179697,41.431114],[2.179656,41.431115],[2.179612,41.431115],[2.17947,41.431117],[2.179471,41.431171],[2.179512,41.43117],[2.179613,41.431169]]]}},
{"type":"Feature","properties":{"height_m":3.9},"geometry":{"type":"Polygon","coordinates":[[[2.17961,41.431059],[2.179469,41.431061],[2.17947,41.431117],[2.179612,41.431115],[2.179611,41.431069],[2.17961,41.431059]]]}},
{"type":"Feature","properties":{"height_m":16.8},"geometry":{"type":"Polygon","coordinates":[[[2.179628,41.430897],[2.179708,41.430897],[2.179707,41.43087],[2.179756,41.43087],[2.179756,41.430896],[2.179804,41.430896],[2.17981,41.430896],[2.179825,41.430895],[2.179832,41.430895],[2.179843,41.430895],[2.179843,41.430867],[2.179842,41.430842],[2.179822,41.430843],[2.179811,41.430843],[2.179803,41.430843],[2.179706,41.430844],[2.179702,41.430844],[2.179671,41.430845],[2.179661,41.430845],[2.179627,41.430846],[2.179606,41.430846],[2.179607,41.430898],[2.179628,41.430897]]]}},
{"type":"Feature","properties":{"height_m":19.2},"geometry":{"type":"Polygon","coordinates":[[[2.179793,41.431338],[2.179806,41.431338],[2.179835,41.431338],[2.179855,41.431337],[2.179854,41.431312],[2.179853,41.431273],[2.179833,41.431273],[2.179817,41.431273],[2.179801,41.431274],[2.179761,41.431274],[2.179746,41.431274],[2.179732,41.431275],[2.179708,41.431275],[2.179682,41.431276],[2.179685,41.431341],[2.179793,41.431338]]]}},
{"type":"Feature","properties":{"height_m":12.2},"geometry":{"type":"Polygon","coordinates":[[[2.179124,41.431291],[2.17917,41.43129],[2.17918,41.43129],[2.179208,41.43129],[2.179213,41.43129],[2.179276,41.43129],[2.179287,41.431289],[2.179316,41.431289],[2.179316,41.431279],[2.179315,41.431261],[2.179304,41.431261],[2.179302,41.431233],[2.179275,41.431233],[2.179212,41.431233],[2.179179,41.431233],[2.179123,41.431234],[2.179082,41.431234],[2.179083,41.431271],[2.179084,41.431291],[2.179124,41.431291]]]}},
{"type":"Feature","properties":{"height_m":12.3},"geometry":{"type":"Polygon","coordinates":[[[2.179171,41.431346],[2.179209,41.431346],[2.179317,41.431344],[2.179316,41.431315],[2.179288,41.431316],[2.179287,41.431289],[2.179276,41.43129],[2.179213,41.43129],[2.179208,41.43129],[2.179207,41.431325],[2.179171,41.431326],[2.17917,41.43129],[2.179124,41.431291],[2.179084,41.431291],[2.179084,41.431328],[2.179085,41.431347],[2.179129,41.431347],[2.179171,41.431346]]]}},
{"type":"Feature","properties":{"height_m":5.9},"geometry":{"type":"Polygon","coordinates":[[[2.179112,41.430923],[2.179137,41.430923],[2.179151,41.430923],[2.179276,41.430922],[2.179293,41.430922],[2.179335,41.430922],[2.179379,41.430922],[2.179379,41.430945],[2.179381,41.431007],[2.179382,41.431039],[2.179468,41.431037],[2.179468,41.431046],[2.17961,41.431042],[2.179609,41.431008],[2.179607,41.430898],[2.179606,41.430846],[2.179589,41.430846],[2.179549,41.430847],[2.179535,41.430809],[2.179534,41.430798],[2.179525,41.430739],[2.179522,41.430712],[2.179398,41.430713],[2.179397,41.430697],[2.179358,41.430698],[2.179329,41.430698],[2.179269,41.430698],[2.179224,41.430698],[2.179148,41.430699],[2.179108,41.430699],[2.179071,41.4307],[2.179073,41.430811],[2.179076,41.430923],[2.179112,41.430923]]]}},
{"type":"Feature","properties":{"height_m":11.9},"geometry":{"type":"Polygon","coordinates":[[[2.179808,41.431399],[2.179856,41.431398],[2.179855,41.431359],[2.179855,41.431337],[2.179835,41.431338],[2.179806,41.431338],[2.179793,41.431338],[2.179685,41.431341],[2.179685,41.43135],[2.179712,41.43135],[2.179713,41.431382],[2.179686,41.431383],[2.179687,41.431401],[2.179808,41.431399]]]}},
{"type":"Feature","properties":{"height_m":7.4},"geometry":{"type":"Polygon","coordinates":[[[2.180598,41.43046],[2.180594,41.430341],[2.18057,41.430342],[2.180551,41.430342],[2.180553,41.430397],[2.180554,41.430436],[2.180555,41.430451],[2.180555,41.43046],[2.180598,41.43046]]]}},
{"type":"Feature","properties":{"height_m":16.4},"geometry":{"type":"Polygon","coordinates":[[[2.1804,41.431199],[2.180401,41.431241],[2.180401,41.431274],[2.180402,41.431281],[2.180402,41.431311],[2.180402,41.431321],[2.180403,41.431352],[2.180404,41.431371],[2.180404,41.43139],[2.180478,41.431388],[2.180499,41.431388],[2.180499,41.431381],[2.180498,41.43137],[2.180498,41.431365],[2.180498,41.43135],[2.180497,41.43131],[2.180497,41.431301],[2.180496,41.431239],[2.180496,41.431229],[2.180495,41.431197],[2.180494,41.431174],[2.180493,41.431111],[2.180465,41.431112],[2.180464,41.431127],[2.180398,41.431128],[2.1804,41.431199]]]}},
{"type":"Feature","properties":{"height_m":23.8},"geometry":{"type":"Polygon","coordinates":[[[2.180465,41.431112],[2.180493,41.431111],[2.180504,41.431111],[2.180524,41.431111],[2.180556,41.43111],[2.18057,41.43111],[2.180601,41.431109],[2.180632,41.431109],[2.180632,41.431109],[2.180657,41.431109],[2.180685,41.431108],[2.180716,41.431108],[2.180714,41.431043],[2.180713,41.431001],[2.180682,41.431001],[2.180656,41.431002],[2.180618,41.431002],[2.180578,41.431003],[2.180553,41.431003],[2.180463,41.431004],[2.180443,41.431005],[2.180445,41.431112],[2.180465,41.431112]]]}},
{"type":"Feature","properties":{"height_m":16.8},"geometry":{"type":"Polygon","coordinates":[[[2.180505,41.431153],[2.180506,41.431174],[2.180515,41.431174],[2.180573,41.431172],[2.180587,41.431172],[2.180624,41.431171],[2.180717,41.431168],[2.180716,41.431128],[2.180716,41.431108],[2.180685,41.431108],[2.180657,41.431109],[2.180632,41.431109],[2.180632,41.431109],[2.180601,41.431109],[2.18057,41.43111],[2.180556,41.43111],[2.180524,41.431111],[2.180504,41.431111],[2.180505,41.431133],[2.180505,41.431137],[2.180499,41.431137],[2.180499,41.431153],[2.180505,41.431153]]]}},
{"type":"Feature","properties":{"height_m":12.2},"geometry":{"type":"Polygon","coordinates":[[[2.180516,41.431228],[2.180521,41.431228],[2.180568,41.431226],[2.180596,41.431225],[2.180625,41.431224],[2.180644,41.431224],[2.180683,41.431222],[2.180719,41.431221],[2.180718,41.431183],[2.180717,41.431168],[2.180624,41.431171],[2.180587,41.431172],[2.180573,41.431172],[2.180515,41.431174],[2.180506,41.431174],[2.180494,41.431174],[2.180495,41.431197],[2.180496,41.431229],[2.180516,41.431228]]]}},
{"type":"Feature","properties":{"height_m":16.9},"geometry":{"type":"Polygon","coordinates":[[[2.179997,41.43126],[2.18001,41.43126],[2.180069,41.43126],[2.180114,41.43126],[2.180186,41.431259],[2.180217,41.431259],[2.180217,41.431244],[2.180216,41.431221],[2.180185,41.431222],[2.180184,41.431193],[2.180177,41.431193],[2.180164,41.431193],[2.180088,41.431195],[2.180059,41.431196],[2.180008,41.431197],[2.179997,41.431197],[2.17997,41.431198],[2.179972,41.431251],[2.179972,41.43126],[2.179997,41.43126]]]}},
{"type":"Feature","properties":{"height_m":17.6},"geometry":{"type":"Polygon","coordinates":[[[2.179998,41.430735],[2.180025,41.430735],[2.180079,41.430734],[2.180084,41.430734],[2.180104,41.430733],[2.180109,41.430733],[2.18015,41.430732],[2.180211,41.430731],[2.18021,41.430713],[2.180234,41.430713],[2.180233,41.430686],[2.180211,41.430687],[2.180211,41.430673],[2.180149,41.430674],[2.180137,41.430674],[2.180107,41.430675],[2.180101,41.430675],[2.180057,41.430676],[2.180026,41.430676],[2.180023,41.430676],[2.179997,41.430677],[2.179957,41.430677],[2.179958,41.43072],[2.179958,41.430736],[2.179998,41.430735]]]}},
{"type":"Feature","properties":{"height_m":8.5},"geometry":{"type":"Polygon","coordinates":[[[2.179952,41.430458],[2.179956,41.430622],[2.180031,41.43062],[2.180054,41.43062],[2.180049,41.430529],[2.180069,41.430529],[2.180069,41.430473],[2.180125,41.430473],[2.180126,41.430485],[2.180155,41.430484],[2.180155,41.430473],[2.18021,41.430473],[2.18021,41.430454],[2.180209,41.430405],[2.180208,41.430402],[2.180208,41.430385],[2.180207,41.430371],[2.180206,41.430347],[2.180149,41.430347],[2.180082,41.430348],[2.180054,41.430349],[2.179948,41.43035],[2.179952,41.430458]]]}},
{"type":"Feature","properties":{"height_m":17.3},"geometry":{"type":"Polygon","coordinates":[[[2.179992,41.431072],[2.180009,41.431072],[2.180014,41.431072],[2.180027,41.431072],[2.180051,41.431071],[2.180062,41.431071],[2.180062,41.431044],[2.180096,41.431044],[2.180096,41.431071],[2.180111,41.431071],[2.18017,41.43107],[2.180211,41.43107],[2.18021,41.431034],[2.180169,41.431034],[2.180168,41.431009],[2.180139,41.431009],[2.180097,41.43101],[2.180061,41.43101],[2.180048,41.43101],[2.180013,41.431011],[2.180005,41.431011],[2.17999,41.431011],[2.179965,41.431012],[2.179966,41.431033],[2.179967,41.431072],[2.179992,41.431072]]]}},
{"type":"Feature","properties":{"height_m":7.9},"geometry":{"type":"Polygon","coordinates":[[[2.180658,41.430686],[2.180628,41.430686],[2.18061,41.430686],[2.180611,41.430712],[2.180589,41.430713],[2.180588,41.430687],[2.18058,41.430687],[2.180513,41.430687],[2.180516,41.430749],[2.180611,41.430748],[2.180612,41.430738],[2.180628,41.430738],[2.180629,41.430748],[2.180665,41.430747],[2.180707,41.430746],[2.180706,41.430701],[2.180706,41.430685],[2.180658,41.430686]]]}},
{"type":"Feature","properties":{"height_m":16.8},"geometry":{"type":"Polygon","coordinates":[[[2.180497,41.430813],[2.180523,41.430813],[2.180571,41.430812],[2.180633,41.430811],[2.18063,41.430782],[2.180666,41.430782],[2.180667,41.430811],[2.180709,41.430811],[2.180708,41.430767],[2.180707,41.430746],[2.180665,41.430747],[2.180629,41.430748],[2.180624,41.430748],[2.180611,41.430748],[2.180516,41.430749],[2.180496,41.43075],[2.180376,41.430752],[2.180378,41.430814],[2.18043,41.430813],[2.180457,41.430813],[2.180497,41.430813]]]}},
{"type":"Feature","properties":{"height_m":11.5},"geometry":{"type":"Polygon","coordinates":[[[2.179969,41.431162],[2.179969,41.43117],[2.17997,41.431198],[2.179997,41.431197],[2.180008,41.431197],[2.180059,41.431196],[2.180088,41.431195],[2.180164,41.431193],[2.180177,41.431193],[2.180184,41.431193],[2.180215,41.431192],[2.180213,41.431131],[2.180188,41.431133],[2.180175,41.431133],[2.180162,41.431133],[2.180139,41.431133],[2.18012,41.431134],[2.180082,41.431134],[2.180011,41.431135],[2.179996,41.431135],[2.179969,41.431136],[2.179969,41.431145],[2.17996,41.431145],[2.179961,41.431162],[2.179969,41.431162]]]}},
{"type":"Feature","properties":{"height_m":22.6},"geometry":{"type":"Polygon","coordinates":[[[2.180207,41.430371],[2.180208,41.430385],[2.180208,41.430402],[2.180209,41.430405],[2.18021,41.430454],[2.18021,41.430473],[2.180212,41.430543],[2.180214,41.430617],[2.180317,41.430615],[2.180315,41.430573],[2.180314,41.430546],[2.180314,41.430542],[2.180312,41.430478],[2.180311,41.430458],[2.180309,41.430428],[2.180308,41.430401],[2.180306,41.43037],[2.180305,41.430345],[2.180237,41.430346],[2.180206,41.430347],[2.180207,41.430371]]]}},
{"type":"Feature","properties":{"height_m":21.4},"geometry":{"type":"Polygon","coordinates":[[[2.180312,41.430478],[2.180314,41.430542],[2.180314,41.430546],[2.180315,41.430573],[2.180317,41.430615],[2.18033,41.430614],[2.180399,41.430613],[2.180433,41.430612],[2.180442,41.430612],[2.180439,41.43056],[2.180438,41.430543],[2.180437,41.430515],[2.180437,41.430504],[2.180436,41.430479],[2.180433,41.430398],[2.180431,41.430343],[2.180367,41.430344],[2.180305,41.430345],[2.180306,41.43037],[2.180308,41.430401],[2.180309,41.430428],[2.180311,41.430458],[2.180312,41.430478]]]}},
{"type":"Feature","properties":{"height_m":4.4},"geometry":{"type":"Polygon","coordinates":[[[2.180443,41.431005],[2.180463,41.431004],[2.180553,41.431003],[2.180578,41.431003],[2.180618,41.431002],[2.180656,41.431002],[2.180682,41.431001],[2.180713,41.431001],[2.180713,41.430968],[2.180712,41.430936],[2.180646,41.430937],[2.180576,41.430938],[2.180526,41.430939],[2.180459,41.43094],[2.180434,41.43094],[2.18034,41.430942],[2.180343,41.431006],[2.180443,41.431005]]]}},
{"type":"Feature","properties":{"height_m":17.0},"geometry":{"type":"Polygon","coordinates":[[[2.179993,41.430936],[2.180003,41.430936],[2.180023,41.430936],[2.180045,41.430935],[2.180059,41.430935],[2.180118,41.430934],[2.180138,41.430934],[2.180172,41.430933],[2.180217,41.430932],[2.18034,41.430929],[2.180338,41.430849],[2.180214,41.430851],[2.180173,41.430852],[2.180171,41.430852],[2.18014,41.430852],[2.180058,41.430854],[2.180021,41.430854],[2.179992,41.430855],[2.179961,41.430855],[2.179962,41.430891],[2.179963,41.430937],[2.179993,41.430936]]]}},
{"type":"Feature","properties":{"height_m":6.8},"geometry":{"type":"Polygon","coordinates":[[[2.180433,41.430398],[2.180436,41.430479],[2.180437,41.430504],[2.180437,41.430515],[2.180501,41.430514],[2.180501,41.430493],[2.180556,41.430492],[2.180555,41.43046],[2.180555,41.430451],[2.180554,41.430436],[2.180553,41.430397],[2.180551,41.430342],[2.180509,41.430342],[2.180498,41.430343],[2.180464,41.430343],[2.180431,41.430343],[2.180433,41.430398]]]}},
{"type":"Feature","properties":{"height_m":12.3},"geometry":{"type":"Polygon","coordinates":[[[2.180173,41.430852],[2.180214,41.430851],[2.180338,41.430849],[2.180337,41.430815],[2.180336,41.430789],[2.180211,41.430791],[2.180172,41.430791],[2.180151,41.430792],[2.180091,41.430793],[2.18005,41.430793],[2.180026,41.430794],[2.18,41.430794],[2.17996,41.430795],[2.179961,41.430826],[2.179961,41.430855],[2.179992,41.430855],[2.180021,41.430854],[2.180058,41.430854],[2.18014,41.430852],[2.180171,41.430852],[2.180173,41.430852]]]}},
{"type":"Feature","properties":{"height_m":23.2},"geometry":{"type":"Polygon","coordinates":[[[2.180497,41.43131],[2.180498,41.43135],[2.180498,41.431365],[2.180498,41.43137],[2.180499,41.431381],[2.180499,41.431388],[2.180531,41.431388],[2.180722,41.431385],[2.180721,41.431296],[2.180711,41.431296],[2.180679,41.431297],[2.180621,41.431298],[2.180571,41.431299],[2.180523,41.4313],[2.180497,41.431301],[2.180497,41.43131]]]}},
{"type":"Feature","properties":{"height_m":7.8},"geometry":{"type":"Polygon","coordinates":[[[2.18064,41.430459],[2.180636,41.430346],[2.180636,41.430341],[2.180612,41.430341],[2.180594,41.430341],[2.180598,41.43046],[2.18064,41.430459]]]}},
{"type":"Feature","properties":{"height_m":17.0},"geometry":{"type":"Polygon","coordinates":[[[2.180698,41.430607],[2.180704,41.430607],[2.180704,41.430597],[2.180703,41.430574],[2.180703,41.430552],[2.180702,41.430518],[2.180698,41.43034],[2.180649,41.43034],[2.180636,41.430341],[2.180636,41.430346],[2.18064,41.430459],[2.180645,41.430569],[2.180602,41.43057],[2.180604,41.430609],[2.180698,41.430607]]]}},
{"type":"Feature","properties":{"height_m":16.8},"geometry":{"type":"Polygon","coordinates":[[[2.180494,41.430688],[2.180513,41.430687],[2.18058,41.430687],[2.180588,41.430687],[2.18061,41.430686],[2.180628,41.430686],[2.180658,41.430686],[2.180706,41.430685],[2.180705,41.430648],[2.180704,41.430607],[2.180698,41.430607],[2.180604,41.430609],[2.180492,41.430611],[2.180442,41.430612],[2.180433,41.430612],[2.180433,41.430635],[2.1804,41.430636],[2.180399,41.430613],[2.18033,41.430614],[2.180333,41.43069],[2.180494,41.430688]]]}},
{"type":"Feature","properties":{"height_m":12.2},"geometry":{"type":"Polygon","coordinates":[[[2.179968,41.43112],[2.179969,41.431136],[2.179996,41.431135],[2.180011,41.431135],[2.180082,41.431134],[2.18012,41.431134],[2.180139,41.431133],[2.180139,41.4311],[2.180112,41.4311],[2.180111,41.431071],[2.180096,41.431071],[2.18008,41.431071],[2.180062,41.431071],[2.180051,41.431071],[2.18005,41.431095],[2.180029,41.431095],[2.180027,41.431072],[2.180014,41.431072],[2.180009,41.431072],[2.179992,41.431072],[2.179967,41.431072],[2.179968,41.431097],[2.179968,41.43112]]]}},
{"type":"Feature","properties":{"height_m":16.6},"geometry":{"type":"Polygon","coordinates":[[[2.180215,41.431202],[2.180216,41.431221],[2.180217,41.431244],[2.180217,41.431259],[2.18022,41.431355],[2.180221,41.431374],[2.180221,41.431377],[2.180221,41.431392],[2.180313,41.431391],[2.180404,41.43139],[2.180404,41.431371],[2.180403,41.431352],[2.180402,41.431321],[2.180402,41.431311],[2.180402,41.431281],[2.180401,41.431274],[2.180401,41.431241],[2.1804,41.431199],[2.180398,41.431128],[2.180331,41.43113],[2.180331,41.431113],[2.180275,41.431114],[2.180276,41.43113],[2.180213,41.431131],[2.180215,41.431192],[2.180215,41.431202]]]}},
{"type":"Feature","properties":{"height_m":10.3},"geometry":{"type":"Polygon","coordinates":[[[2.180057,41.430657],[2.180057,41.430676],[2.180101,41.430675],[2.180107,41.430675],[2.180107,41.430657],[2.180136,41.430656],[2.180137,41.430674],[2.180149,41.430674],[2.180211,41.430673],[2.180209,41.430617],[2.18013,41.430619],[2.180054,41.43062],[2.180031,41.43062],[2.179956,41.430622],[2.179956,41.430658],[2.179957,41.430677],[2.179997,41.430677],[2.180023,41.430676],[2.180026,41.430676],[2.180026,41.430657],[2.180057,41.430657]]]}},
{"type":"Feature","properties":{"height_m":14.2},"geometry":{"type":"Polygon","coordinates":[[[2.180005,41.431011],[2.180013,41.431011],[2.180048,41.43101],[2.180047,41.430995],[2.180138,41.430994],[2.180139,41.431009],[2.180168,41.431009],[2.180219,41.431008],[2.180229,41.431008],[2.180343,41.431006],[2.18034,41.430942],[2.18034,41.430929],[2.180217,41.430932],[2.180172,41.430933],[2.180138,41.430934],[2.180118,41.430934],[2.180118,41.43094],[2.180104,41.430949],[2.180103,41.430961],[2.180082,41.430961],[2.180082,41.430949],[2.180058,41.430941],[2.180059,41.430935],[2.180045,41.430935],[2.180023,41.430936],[2.180003,41.430936],[2.179993,41.430936],[2.179963,41.430937],[2.179964,41.430963],[2.179965,41.431012],[2.17999,41.431011],[2.180005,41.431011]]]}},
{"type":"Feature","properties":{"height_m":17.4},"geometry":{"type":"Polygon","coordinates":[[[2.18,41.430794],[2.180026,41.430794],[2.18005,41.430793],[2.180091,41.430793],[2.180151,41.430792],[2.180172,41.430791],[2.180211,41.430791],[2.180336,41.430789],[2.180334,41.430729],[2.180211,41.430731],[2.18015,41.430732],[2.180109,41.430733],[2.180104,41.430733],[2.180084,41.430734],[2.180079,41.430734],[2.180025,41.430735],[2.179998,41.430735],[2.179958,41.430736],[2.179959,41.430773],[2.17996,41.430795],[2.18,41.430794]]]}},
{"type":"Feature","properties":{"height_m":22.6},"geometry":{"type":"Polygon","coordinates":[[[2.178503,41.432671],[2.178525,41.432661],[2.178533,41.432658],[2.178553,41.43265],[2.178559,41.432658],[2.178603,41.432639],[2.178542,41.432555],[2.178385,41.432621],[2.178448,41.432705],[2.17849,41.432688],[2.178483,41.432679],[2.178503,41.432671]]]}},
{"type":"Feature","properties":{"height_m":24.1},"geometry":{"type":"Polygon","coordinates":[[[2.178895,41.432258],[2.178902,41.432282],[2.178903,41.432284],[2.178934,41.432389],[2.178938,41.432389],[2.179047,41.43237],[2.179018,41.432274],[2.178976,41.432135],[2.178864,41.432153],[2.178895,41.432258]]]}},
{"type":"Feature","properties":{"height_m":22.8},"geometry":{"type":"Polygon","coordinates":[[[2.178653,41.432606],[2.178676,41.432596],[2.178688,41.432591],[2.178701,41.432586],[2.178706,41.432593],[2.178751,41.432574],[2.178689,41.432493],[2.178542,41.432555],[2.178603,41.432639],[2.178643,41.432621],[2.178638,41.432612],[2.178653,41.432606]]]}},
{"type":"Feature","properties":{"height_m":4.4},"geometry":{"type":"Polygon","coordinates":[[[2.179062,41.432422],[2.17905,41.432381],[2.179047,41.43237],[2.178938,41.432389],[2.178934,41.432389],[2.178903,41.432284],[2.178902,41.432282],[2.178703,41.432313],[2.178739,41.432361],[2.178624,41.432408],[2.178689,41.432493],[2.178751,41.432574],[2.178783,41.432561],[2.178814,41.43255],[2.178791,41.432463],[2.178936,41.432441],[2.178964,41.432437],[2.179062,41.432422]]]}},
{"type":"Feature","properties":{"height_m":23.4},"geometry":{"type":"Polygon","coordinates":[[[2.178964,41.432437],[2.178936,41.432441],[2.178791,41.432463],[2.178814,41.43255],[2.178967,41.432527],[2.179128,41.432502],[2.179102,41.432415],[2.179062,41.432422],[2.178964,41.432437]]]}},
{"type":"Feature","properties":{"height_m":4.7},"geometry":{"type":"Polygon","coordinates":[[[2.178703,41.432313],[2.178902,41.432282],[2.178895,41.432258],[2.178864,41.432153],[2.178779,41.432167],[2.178614,41.432194],[2.17865,41.432243],[2.178703,41.432313]]]}},
{"type":"Feature","properties":{"height_m":22.5},"geometry":{"type":"Polygon","coordinates":[[[2.178077,41.43245],[2.178084,41.432459],[2.178091,41.432469],[2.178098,41.432478],[2.178086,41.432484],[2.178114,41.432522],[2.178227,41.432474],[2.178144,41.432363],[2.178031,41.43241],[2.178052,41.432438],[2.178065,41.432434],[2.178077,41.43245]]]}},
{"type":"Feature","properties":{"height_m":22.6},"geometry":{"type":"Polygon","coordinates":[[[2.178353,41.432737],[2.178369,41.43273],[2.178385,41.432723],[2.178401,41.432716],[2.178407,41.432722],[2.178448,41.432705],[2.178385,41.432621],[2.178232,41.432686],[2.178295,41.432771],[2.178342,41.43275],[2.178337,41.432743],[2.178353,41.432737]]]}},
{"type":"Feature","properties":{"height_m":23.2},"geometry":{"type":"Polygon","coordinates":[[[2.178587,41.432334],[2.178594,41.432344],[2.178602,41.432354],[2.17861,41.432365],[2.178595,41.432371],[2.178624,41.432408],[2.178739,41.432361],[2.178703,41.432313],[2.17865,41.432243],[2.178536,41.432294],[2.178559,41.432326],[2.178575,41.432319],[2.178587,41.432334]]]}},
{"type":"Feature","properties":{"height_m":22.6},"geometry":{"type":"Polygon","coordinates":[[[2.177993,41.432336],[2.178,41.432346],[2.178007,41.432355],[2.178016,41.432366],[2.178003,41.432372],[2.178031,41.43241],[2.178144,41.432363],[2.17806,41.432252],[2.177948,41.432298],[2.177969,41.432325],[2.17798,41.432321],[2.177993,41.432336]]]}},
{"type":"Feature","properties":{"height_m":23.0},"geometry":{"type":"Polygon","coordinates":[[[2.178411,41.432104],[2.17842,41.432115],[2.178428,41.432125],[2.178437,41.432137],[2.178422,41.432143],[2.178451,41.432182],[2.178567,41.432131],[2.17848,41.432015],[2.178366,41.432063],[2.178387,41.432094],[2.178399,41.432088],[2.178411,41.432104]]]}},
{"type":"Feature","properties":{"height_m":22.1},"geometry":{"type":"Polygon","coordinates":[[[2.177904,41.432219],[2.177911,41.432228],[2.177918,41.432237],[2.177929,41.432252],[2.177917,41.432257],[2.177948,41.432298],[2.17806,41.432252],[2.177968,41.432128],[2.177857,41.432176],[2.177883,41.432211],[2.177895,41.432206],[2.177904,41.432219]]]}},
{"type":"Feature","properties":{"height_m":23.2},"geometry":{"type":"Polygon","coordinates":[[[2.178498,41.432217],[2.178507,41.432228],[2.178514,41.432238],[2.178524,41.432251],[2.178508,41.432258],[2.178536,41.432294],[2.17865,41.432243],[2.178614,41.432194],[2.178567,41.432131],[2.178451,41.432182],[2.178474,41.432212],[2.17849,41.432206],[2.178498,41.432217]]]}},
{"type":"Feature","properties":{"height_m":19.4},"geometry":{"type":"Polygon","coordinates":[[[2.181086,41.43098],[2.181033,41.430981],[2.180979,41.430982],[2.180953,41.430982],[2.180955,41.431025],[2.180955,41.431043],[2.181152,41.431041],[2.18115,41.430979],[2.181103,41.43098],[2.181086,41.43098]]]}},
{"type":"Feature","properties":{"height_m":18.5},"geometry":{"type":"Polygon","coordinates":[[[2.181076,41.431112],[2.181042,41.431113],[2.180957,41.431114],[2.180958,41.431163],[2.180959,41.431194],[2.181044,41.431193],[2.181043,41.431166],[2.181077,41.431165],[2.181078,41.431192],[2.181109,41.431192],[2.181159,41.431191],[2.181155,41.431111],[2.181076,41.431112]]]}},
{"type":"Feature","properties":{"height_m":5.2},"geometry":{"type":"Polygon","coordinates":[[[2.1815,41.430754],[2.181523,41.430754],[2.181522,41.430705],[2.181521,41.430676],[2.18152,41.43066],[2.181488,41.43066],[2.181488,41.43066],[2.181457,41.43066],[2.181458,41.430726],[2.18147,41.430725],[2.181471,41.430745],[2.181501,41.430744],[2.1815,41.430754]]]}},
{"type":"Feature","properties":{"height_m":20.9},"geometry":{"type":"Polygon","coordinates":[[[2.181547,41.430354],[2.181547,41.43036],[2.181548,41.430377],[2.181549,41.430426],[2.181549,41.430447],[2.181584,41.430447],[2.181623,41.430446],[2.181669,41.430445],[2.181695,41.430445],[2.181693,41.430324],[2.181598,41.430326],[2.181546,41.430326],[2.181547,41.430354]]]}},
{"type":"Feature","properties":{"height_m":17.1},"geometry":{"type":"Polygon","coordinates":[[[2.181167,41.431317],[2.181166,41.431284],[2.181165,41.431249],[2.18111,41.431249],[2.181076,41.431249],[2.181035,41.43125],[2.180993,41.43125],[2.18096,41.43125],[2.180964,41.431381],[2.181064,41.43138],[2.181169,41.431379],[2.181167,41.431317]]]}},
{"type":"Feature","properties":{"height_m":18.6},"geometry":{"type":"Polygon","coordinates":[[[2.180945,41.430658],[2.180983,41.430657],[2.181103,41.430656],[2.181102,41.430611],[2.181108,41.430611],[2.181106,41.430599],[2.181112,41.430599],[2.181111,41.43055],[2.18111,41.430545],[2.181107,41.43054],[2.181102,41.430537],[2.181094,41.430534],[2.181089,41.430534],[2.181081,41.430534],[2.181051,41.430534],[2.18105,41.430495],[2.18105,41.430482],[2.181049,41.43046],[2.181049,41.430455],[2.181046,41.430334],[2.180936,41.430335],[2.180941,41.430497],[2.180945,41.430658]]]}},
{"type":"Feature","properties":{"height_m":15.0},"geometry":{"type":"Polygon","coordinates":[[[2.181551,41.430514],[2.181551,41.43052],[2.181553,41.430573],[2.181568,41.430573],[2.18161,41.430572],[2.181607,41.430554],[2.18163,41.430553],[2.18163,41.430572],[2.181672,41.430571],[2.181697,41.430571],[2.181696,41.430514],[2.181695,41.430445],[2.181669,41.430445],[2.181623,41.430446],[2.181584,41.430447],[2.181549,41.430447],[2.181551,41.430514]]]}},
{"type":"Feature","properties":{"height_m":15.8},"geometry":{"type":"Polygon","coordinates":[[[2.181352,41.430839],[2.181408,41.430844],[2.181511,41.430852],[2.181668,41.430864],[2.181702,41.430867],[2.181701,41.430809],[2.1817,41.430751],[2.181664,41.430752],[2.181618,41.430752],[2.181573,41.430753],[2.181523,41.430754],[2.1815,41.430754],[2.181423,41.430756],[2.181404,41.430756],[2.181394,41.430756],[2.181369,41.430757],[2.181349,41.430758],[2.181283,41.430758],[2.181258,41.430758],[2.181241,41.430759],[2.181151,41.430762],[2.181142,41.430762],[2.181152,41.430805],[2.181209,41.430803],[2.18121,41.430828],[2.181352,41.430839]]]}},
{"type":"Feature","properties":{"height_m":17.3},"geometry":{"type":"Polygon","coordinates":[[[2.181655,41.430703],[2.181662,41.430703],[2.181684,41.430703],[2.181699,41.430702],[2.181698,41.430664],[2.181698,41.430656],[2.181683,41.430656],[2.181654,41.430656],[2.18152,41.430658],[2.18152,41.43066],[2.181521,41.430676],[2.181536,41.430677],[2.181537,41.430705],[2.18156,41.430705],[2.181581,41.430704],[2.181581,41.430682],[2.181611,41.430682],[2.181612,41.430704],[2.181617,41.430704],[2.181655,41.430703]]]}},
{"type":"Feature","properties":{"height_m":5.6},"geometry":{"type":"Polygon","coordinates":[[[2.181458,41.430726],[2.181457,41.43066],[2.181418,41.430661],[2.181393,41.430661],[2.181394,41.430756],[2.181404,41.430756],[2.181423,41.430756],[2.181421,41.430726],[2.181458,41.430726]]]}},
{"type":"Feature","properties":{"height_m":16.4},"geometry":{"type":"Polygon","coordinates":[[[2.181573,41.430753],[2.181618,41.430752],[2.181664,41.430752],[2.1817,41.430751],[2.181699,41.430721],[2.181699,41.430702],[2.181684,41.430703],[2.181662,41.430703],[2.181655,41.430703],[2.181617,41.430704],[2.181612,41.430704],[2.181606,41.430704],[2.181581,41.430704],[2.18156,41.430705],[2.181537,41.430705],[2.181522,41.430705],[2.181523,41.430754],[2.181573,41.430753]]]}},
{"type":"Feature","properties":{"height_m":5.7},"geometry":{"type":"Polygon","coordinates":[[[2.181369,41.430757],[2.181394,41.430756],[2.181393,41.430661],[2.181359,41.43066],[2.181328,41.43066],[2.181328,41.430726],[2.181367,41.430726],[2.181369,41.430757]]]}},
{"type":"Feature","properties":{"height_m":5.1},"geometry":{"type":"Polygon","coordinates":[[[2.181245,41.430574],[2.181197,41.430575],[2.181198,41.430601],[2.18115,41.430602],[2.18115,41.430637],[2.181187,41.430636],[2.181221,41.430636],[2.181257,41.430636],[2.181245,41.430574]]]}},
{"type":"Feature","properties":{"height_m":11.6},"geometry":{"type":"Polygon","coordinates":[[[2.181166,41.431284],[2.181167,41.431317],[2.181169,41.431379],[2.181213,41.431378],[2.181235,41.431378],[2.181282,41.431377],[2.181281,41.431372],[2.181277,41.431356],[2.181268,41.431315],[2.181265,41.431303],[2.181238,41.431303],[2.181237,41.431283],[2.181261,41.431284],[2.181252,41.431245],[2.181239,41.43119],[2.181219,41.43119],[2.181219,41.43121],[2.181163,41.43121],[2.181165,41.431249],[2.181166,41.431284]]]}},
{"type":"Feature","properties":{"height_m":4.9},"geometry":{"type":"Polygon","coordinates":[[[2.181117,41.43065],[2.181151,41.43065],[2.18115,41.430641],[2.18115,41.430602],[2.18115,41.430599],[2.181112,41.430599],[2.181106,41.430599],[2.181108,41.430611],[2.181117,41.43065]]]}},
{"type":"Feature","properties":{"height_m":21.4},"geometry":{"type":"Polygon","coordinates":[[[2.18111,41.430762],[2.180987,41.430765],[2.180948,41.430766],[2.180949,41.43082],[2.18095,41.430847],[2.180987,41.430846],[2.181161,41.430843],[2.181156,41.430824],[2.181153,41.430808],[2.181111,41.430808],[2.18111,41.430762]]]}},
{"type":"Feature","properties":{"height_m":22.3},"geometry":{"type":"Polygon","coordinates":[[[2.180946,41.430688],[2.180946,41.430721],[2.180947,41.430735],[2.180948,41.430766],[2.180987,41.430765],[2.18111,41.430762],[2.181123,41.430762],[2.181107,41.430696],[2.181124,41.430681],[2.181118,41.430655],[2.181103,41.430656],[2.180983,41.430657],[2.180945,41.430658],[2.180946,41.430688]]]}},
{"type":"Feature","properties":{"height_m":17.4},"geometry":{"type":"Polygon","coordinates":[[[2.18105,41.430956],[2.18105,41.430968],[2.181076,41.430967],[2.181076,41.430956],[2.181102,41.430956],[2.181103,41.43098],[2.18115,41.430979],[2.181191,41.430978],[2.181185,41.43095],[2.18116,41.430951],[2.18116,41.430922],[2.18099,41.430926],[2.180952,41.430927],[2.180953,41.430968],[2.180953,41.430982],[2.180979,41.430982],[2.181033,41.430981],[2.181032,41.430956],[2.18105,41.430956]]]}},
{"type":"Feature","properties":{"height_m":3.7},"geometry":{"type":"Polygon","coordinates":[[[2.181241,41.430759],[2.181258,41.430758],[2.181256,41.430661],[2.181249,41.430661],[2.18122,41.430661],[2.181192,41.430661],[2.181193,41.430731],[2.181202,41.430731],[2.181202,41.430748],[2.18124,41.430749],[2.181241,41.430759]]]}},
{"type":"Feature","properties":{"height_m":4.0},"geometry":{"type":"Polygon","coordinates":[[[2.181328,41.430729],[2.181328,41.430726],[2.181328,41.43066],[2.181304,41.43066],[2.181285,41.43066],[2.181256,41.430661],[2.181258,41.430758],[2.181283,41.430758],[2.181282,41.430748],[2.181316,41.430748],[2.181316,41.430729],[2.181328,41.430729]]]}},
{"type":"Feature","properties":{"height_m":15.4},"geometry":{"type":"Polygon","coordinates":[[[2.181553,41.430604],[2.181554,41.430633],[2.181554,41.430645],[2.181571,41.430645],[2.181673,41.430643],[2.181698,41.430643],[2.181698,41.430616],[2.181697,41.430571],[2.181672,41.430571],[2.18163,41.430572],[2.18161,41.430572],[2.181568,41.430573],[2.181553,41.430573],[2.181553,41.430604]]]}},
{"type":"Feature","properties":{"height_m":16.9},"geometry":{"type":"Polygon","coordinates":[[[2.181241,41.430428],[2.181242,41.430443],[2.181244,41.430526],[2.18127,41.430545],[2.18129,41.430545],[2.181318,41.430525],[2.181317,41.430482],[2.181301,41.430482],[2.1813,41.430443],[2.18129,41.430443],[2.181291,41.430428],[2.1813,41.430427],[2.181298,41.430385],[2.181315,41.430385],[2.181315,41.430364],[2.181314,41.43033],[2.181254,41.430331],[2.181239,41.430331],[2.181241,41.430428]]]}},
{"type":"Feature","properties":{"height_m":17.0},"geometry":{"type":"Polygon","coordinates":[[[2.180993,41.43125],[2.181035,41.43125],[2.181076,41.431249],[2.18111,41.431249],[2.181109,41.431192],[2.181078,41.431192],[2.181044,41.431193],[2.180959,41.431194],[2.18096,41.431234],[2.18096,41.43125],[2.180993,41.43125]]]}},
{"type":"Feature","properties":{"height_m":14.6},"geometry":{"type":"Polygon","coordinates":[[[2.1798,41.433053],[2.179748,41.433059],[2.17975,41.433067],[2.179615,41.433082],[2.179612,41.433073],[2.179561,41.433079],[2.179573,41.433151],[2.179657,41.433142],[2.179668,41.433203],[2.179655,41.433204],[2.17966,41.43323],[2.179754,41.433221],[2.179739,41.433134],[2.179813,41.433126],[2.1798,41.433053]]]}},
{"type":"Feature","properties":{"height_m":18.7},"geometry":{"type":"Polygon","coordinates":[[[2.179376,41.433808],[2.179386,41.4338],[2.179376,41.433794],[2.17939,41.433784],[2.179398,41.43379],[2.179422,41.43377],[2.179448,41.433747],[2.179421,41.433727],[2.179427,41.433721],[2.179439,41.433712],[2.179467,41.433731],[2.179516,41.43369],[2.179518,41.433688],[2.179513,41.433673],[2.179477,41.433648],[2.179454,41.433645],[2.179421,41.433674],[2.179433,41.433682],[2.179405,41.433706],[2.179393,41.433697],[2.179365,41.433722],[2.179335,41.433747],[2.179315,41.433764],[2.179287,41.433788],[2.17933,41.433816],[2.179351,41.43383],[2.179376,41.433808]]]}},
{"type":"Feature","properties":{"height_m":14.3},"geometry":{"type":"Polygon","coordinates":[[[2.179557,41.433255],[2.179495,41.433261],[2.179496,41.43327],[2.179373,41.433284],[2.179372,41.433274],[2.17932,41.433279],[2.179332,41.433351],[2.179414,41.433342],[2.179424,41.433403],[2.179412,41.433404],[2.179417,41.433431],[2.17951,41.433422],[2.179491,41.433336],[2.179569,41.433328],[2.179557,41.433255]]]}},
{"type":"Feature","properties":{"height_m":23.0},"geometry":{"type":"Polygon","coordinates":[[[2.179117,41.433575],[2.179122,41.433603],[2.17914,41.433693],[2.179179,41.433719],[2.179232,41.433676],[2.179222,41.433594],[2.17922,41.433578],[2.179207,41.43358],[2.179205,41.433565],[2.179281,41.433556],[2.179266,41.433488],[2.179198,41.433496],[2.1792,41.433504],[2.179102,41.433515],[2.1791,41.433507],[2.179029,41.433515],[2.179041,41.433583],[2.179117,41.433575]]]}},
{"type":"Feature","properties":{"height_m":21.9},"geometry":{"type":"Polygon","coordinates":[[[2.178838,41.433409],[2.178865,41.433405],[2.178874,41.433455],[2.178968,41.433445],[2.178958,41.433394],[2.178954,41.433395],[2.178947,41.43336],[2.178939,41.433325],[2.178944,41.433324],[2.178934,41.433268],[2.178926,41.433225],[2.178921,41.433226],[2.178914,41.433188],[2.178908,41.433153],[2.178913,41.433152],[2.178903,41.433099],[2.178895,41.433053],[2.178889,41.433053],[2.178876,41.432979],[2.178881,41.432979],[2.178871,41.432924],[2.17874,41.432937],[2.178728,41.432939],[2.1787,41.43295],[2.178508,41.43304],[2.178829,41.433411],[2.178838,41.433409]]]}},
{"type":"Feature","properties":{"height_m":14.3},"geometry":{"type":"Polygon","coordinates":[[[2.179091,41.433191],[2.179081,41.433193],[2.17909,41.433239],[2.1791,41.433238],[2.179111,41.433304],[2.179206,41.433293],[2.179199,41.433265],[2.179187,41.433267],[2.179166,41.433144],[2.179178,41.433143],[2.17917,41.433092],[2.179157,41.433094],[2.179146,41.433032],[2.179227,41.433024],[2.179215,41.432951],[2.179162,41.432956],[2.179164,41.432966],[2.179028,41.43298],[2.179026,41.43297],[2.178975,41.432974],[2.17899,41.433048],[2.179064,41.433041],[2.179091,41.433191]]]}},
{"type":"Feature","properties":{"height_m":14.7},"geometry":{"type":"Polygon","coordinates":[[[2.179908,41.432942],[2.179912,41.432962],[2.180032,41.432949],[2.180042,41.432946],[2.180049,41.432943],[2.180054,41.432938],[2.180054,41.432931],[2.180055,41.432925],[2.180039,41.432854],[2.179994,41.43286],[2.179996,41.432871],[2.17985,41.432886],[2.179848,41.432875],[2.179803,41.43288],[2.179815,41.432952],[2.179908,41.432942]]]}},
{"type":"Feature","properties":{"height_m":16.2},"geometry":{"type":"Polygon","coordinates":[[[2.179365,41.433722],[2.179393,41.433697],[2.179394,41.433697],[2.179421,41.433674],[2.179454,41.433645],[2.179474,41.433629],[2.179372,41.43356],[2.179344,41.433583],[2.179291,41.433627],[2.179232,41.433676],[2.179179,41.433719],[2.179237,41.433756],[2.179287,41.433788],[2.179315,41.433764],[2.179335,41.433747],[2.179365,41.433722]]]}},
{"type":"Feature","properties":{"height_m":11.3},"geometry":{"type":"Polygon","coordinates":[[[2.181818,41.430837],[2.181903,41.430831],[2.181959,41.430827],[2.181965,41.430827],[2.181963,41.430814],[2.181958,41.430781],[2.181872,41.430783],[2.181848,41.430783],[2.181817,41.430783],[2.181817,41.430815],[2.181818,41.430837]]]}},
{"type":"Feature","properties":{"height_m":21.3},"geometry":{"type":"Polygon","coordinates":[[[2.182018,41.430642],[2.182046,41.430659],[2.182059,41.430667],[2.18208,41.430648],[2.182098,41.430659],[2.182078,41.430678],[2.182109,41.430697],[2.18213,41.43071],[2.182182,41.430661],[2.182221,41.430623],[2.1822,41.43061],[2.182169,41.430591],[2.182153,41.430606],[2.182135,41.430595],[2.18215,41.43058],[2.182108,41.430555],[2.182095,41.430547],[2.182061,41.430579],[2.182041,41.430597],[2.182004,41.430632],[2.182018,41.430642]]]}},
{"type":"Feature","properties":{"height_m":17.2},"geometry":{"type":"Polygon","coordinates":[[[2.181972,41.43086],[2.182,41.430835],[2.181981,41.430825],[2.181978,41.430828],[2.181965,41.430827],[2.181959,41.430827],[2.181903,41.430831],[2.181818,41.430837],[2.181818,41.430889],[2.18189,41.430935],[2.181917,41.43091],[2.181972,41.43086]]]}},
{"type":"Feature","properties":{"height_m":17.8},"geometry":{"type":"Polygon","coordinates":[[[2.182028,41.430403],[2.182029,41.430448],[2.182164,41.430447],[2.182169,41.430443],[2.182169,41.43044],[2.182168,41.430407],[2.182168,41.430375],[2.182166,41.430318],[2.182074,41.430319],[2.182027,41.43032],[2.182028,41.43035],[2.182028,41.430372],[2.18205,41.430373],[2.182051,41.430403],[2.182028,41.430403]]]}},
{"type":"Feature","properties":{"height_m":14.5},"geometry":{"type":"Polygon","coordinates":[[[2.181844,41.430562],[2.181885,41.430562],[2.181884,41.430506],[2.181871,41.430506],[2.181871,41.430473],[2.181883,41.430473],[2.181889,41.430473],[2.181888,41.430458],[2.181888,41.430449],[2.181843,41.430449],[2.181812,41.43045],[2.181813,41.430513],[2.181814,41.430563],[2.181844,41.430562]]]}},
{"type":"Feature","properties":{"height_m":21.8},"geometry":{"type":"Polygon","coordinates":[[[2.181843,41.430449],[2.181888,41.430449],[2.181887,41.430393],[2.181878,41.430393],[2.181878,41.430365],[2.181886,41.430365],[2.181886,41.430351],[2.181885,41.430322],[2.181841,41.430322],[2.181811,41.430323],[2.181812,41.430439],[2.181812,41.43045],[2.181843,41.430449]]]}},
{"type":"Feature","properties":{"height_m":21.1},"geometry":{"type":"Polygon","coordinates":[[[2.182108,41.430555],[2.18215,41.43058],[2.182167,41.430563],[2.182186,41.430575],[2.182169,41.430591],[2.1822,41.43061],[2.182221,41.430623],[2.182266,41.430581],[2.182311,41.430538],[2.182293,41.430528],[2.182289,41.430525],[2.182279,41.430519],[2.182257,41.430506],[2.182227,41.430489],[2.182197,41.430471],[2.182194,41.430469],[2.182184,41.430463],[2.182151,41.430494],[2.182132,41.430511],[2.182095,41.430547],[2.182108,41.430555]]]}},
{"type":"Feature","properties":{"height_m":20.6},"geometry":{"type":"Polygon","coordinates":[[[2.181886,41.430351],[2.181886,41.430365],[2.181914,41.430365],[2.181914,41.430393],[2.181887,41.430393],[2.181888,41.430449],[2.181944,41.430448],[2.181969,41.430448],[2.181986,41.430448],[2.182029,41.430448],[2.182028,41.430403],[2.182028,41.430397],[2.182002,41.430397],[2.182003,41.430372],[2.182028,41.430372],[2.182028,41.43035],[2.182027,41.43032],[2.181951,41.430321],[2.181885,41.430322],[2.181886,41.430351]]]}},
{"type":"Feature","properties":{"height_m":6.8},"geometry":{"type":"Polygon","coordinates":[[[2.180815,41.432699],[2.18088,41.432688],[2.180807,41.43248],[2.180805,41.432483],[2.180764,41.432532],[2.180815,41.432699]]]}},
{"type":"Feature","properties":{"height_m":3.3},"geometry":{"type":"Polygon","coordinates":[[[2.180455,41.433214],[2.180495,41.433358],[2.180497,41.433384],[2.180395,41.433404],[2.179993,41.433452],[2.180065,41.433306],[2.180114,41.433295],[2.180171,41.433281],[2.180455,41.433214]]]}},
{"type":"Feature","properties":{"height_m":12.9},"geometry":{"type":"Polygon","coordinates":[[[2.178235,41.430703],[2.178264,41.430703],[2.178396,41.430701],[2.178451,41.430701],[2.17845,41.430634],[2.178362,41.430635],[2.178354,41.430635],[2.178293,41.430636],[2.178234,41.430637],[2.178192,41.430637],[2.178193,41.43068],[2.178193,41.430704],[2.178235,41.430703]]]}},
{"type":"Feature","properties":{"height_m":18.2},"geometry":{"type":"Polygon","coordinates":[[[2.17819,41.430535],[2.17819,41.430585],[2.178192,41.430637],[2.178234,41.430637],[2.178293,41.430636],[2.178354,41.430635],[2.178362,41.430635],[2.178361,41.430566],[2.17836,41.430534],[2.178358,41.430425],[2.178358,41.430398],[2.178358,41.430374],[2.178342,41.430374],[2.178186,41.430377],[2.17819,41.430535]]]}},
{"type":"Feature","properties":{"height_m":12.0},"geometry":{"type":"Polygon","coordinates":[[[2.178263,41.431021],[2.178292,41.431021],[2.178345,41.43102],[2.178344,41.430955],[2.178274,41.430956],[2.178262,41.430956],[2.178231,41.430956],[2.178199,41.430957],[2.1782,41.430995],[2.1782,41.431022],[2.178263,41.431021]]]}},
{"type":"Feature","properties":{"height_m":2.9},"geometry":{"type":"Polygon","coordinates":[[[2.178582,41.430896],[2.178506,41.430897],[2.178507,41.430953],[2.178583,41.430953],[2.178582,41.430896]]]}},
{"type":"Feature","properties":{"height_m":16.1},"geometry":{"type":"Polygon","coordinates":[[[2.178921,41.43076],[2.178952,41.430759],[2.178951,41.430728],[2.17895,41.430695],[2.17892,41.430696],[2.17869,41.430698],[2.178691,41.430761],[2.17877,41.43076],[2.17877,41.430746],[2.178792,41.430746],[2.178806,41.430739],[2.178842,41.430739],[2.178858,41.430745],[2.178876,41.430745],[2.178877,41.43076],[2.178914,41.43076],[2.178921,41.43076]]]}},
{"type":"Feature","properties":{"height_m":3.4},"geometry":{"type":"Polygon","coordinates":[[[2.178589,41.430633],[2.178559,41.430633],[2.178518,41.430634],[2.178508,41.430634],[2.178509,41.4307],[2.178578,41.430699],[2.17859,41.430699],[2.178589,41.430633]]]}},
{"type":"Feature","properties":{"height_m":14.0},"geometry":{"type":"Polygon","coordinates":[[[2.178879,41.43063],[2.178919,41.43063],[2.178948,41.430629],[2.178946,41.430557],[2.178946,41.430536],[2.178925,41.430536],[2.178877,41.430537],[2.178837,41.430538],[2.178826,41.430538],[2.178826,41.430568],[2.178791,41.430569],[2.17879,41.430538],[2.178756,41.430539],[2.178756,41.430561],[2.178758,41.430621],[2.178758,41.430631],[2.178767,41.430631],[2.178792,41.430631],[2.178792,41.430602],[2.178826,41.430601],[2.178828,41.43063],[2.178873,41.43063],[2.178879,41.43063]]]}},
{"type":"Feature","properties":{"height_m":3.2},"geometry":{"type":"Polygon","coordinates":[[[2.178581,41.430887],[2.17858,41.430835],[2.17856,41.430835],[2.178505,41.430835],[2.178507,41.430889],[2.178581,41.430887]]]}},
{"type":"Feature","properties":{"height_m":15.6},"geometry":{"type":"Polygon","coordinates":[[[2.178916,41.431141],[2.178929,41.431141],[2.178962,41.43114],[2.178961,41.431117],[2.178961,41.431106],[2.178961,41.431095],[2.17896,41.431069],[2.178914,41.43107],[2.178904,41.43107],[2.178842,41.431071],[2.178844,41.431142],[2.178879,41.431142],[2.178916,41.431141]]]}},
{"type":"Feature","properties":{"height_m":3.8},"geometry":{"type":"Polygon","coordinates":[[[2.178803,41.431143],[2.178802,41.431107],[2.178723,41.431108],[2.178723,41.431144],[2.17876,41.431143],[2.178784,41.431143],[2.178796,41.431143],[2.178803,41.431143]]]}},
{"type":"Feature","properties":{"height_m":2.9},"geometry":{"type":"Polygon","coordinates":[[[2.178744,41.431055],[2.178827,41.431054],[2.178827,41.431071],[2.178842,41.431071],[2.178904,41.43107],[2.178914,41.43107],[2.17896,41.431069],[2.178959,41.431034],[2.178958,41.431013],[2.178935,41.431013],[2.178903,41.431013],[2.178901,41.431013],[2.178826,41.431014],[2.178743,41.431015],[2.178715,41.431016],[2.178707,41.431016],[2.178643,41.431016],[2.178593,41.431017],[2.178584,41.431017],[2.178585,41.431072],[2.178587,41.431145],[2.178723,41.431144],[2.178723,41.431108],[2.178722,41.431072],[2.178651,41.431074],[2.178651,41.431056],[2.178744,41.431055]]]}},
{"type":"Feature","properties":{"height_m":16.6},"geometry":{"type":"Polygon","coordinates":[[[2.178197,41.430867],[2.178197,41.430897],[2.178198,41.430928],[2.178199,41.430957],[2.178231,41.430956],[2.178262,41.430956],[2.178274,41.430956],[2.178273,41.430936],[2.178387,41.430935],[2.178388,41.430955],[2.178458,41.430954],[2.178455,41.430836],[2.178385,41.430836],[2.178386,41.430855],[2.178272,41.430856],[2.178272,41.430838],[2.178235,41.430838],[2.178231,41.430838],[2.178196,41.430838],[2.178197,41.430867]]]}},
{"type":"Feature","properties":{"height_m":16.2},"geometry":{"type":"Polygon","coordinates":[[[2.17892,41.430696],[2.17895,41.430695],[2.178949,41.430663],[2.178948,41.430629],[2.178919,41.43063],[2.178879,41.43063],[2.178873,41.43063],[2.178873,41.430644],[2.178849,41.430644],[2.178837,41.430651],[2.178803,41.430651],[2.178791,41.430644],[2.178767,41.430645],[2.178767,41.430631],[2.178758,41.430631],[2.178688,41.430632],[2.17869,41.430698],[2.17892,41.430696]]]}},
{"type":"Feature","properties":{"height_m":12.1},"geometry":{"type":"Polygon","coordinates":[[[2.178263,41.431021],[2.1782,41.431022],[2.178201,41.431051],[2.178201,41.431077],[2.178228,41.431077],[2.178265,41.431076],[2.178316,41.431076],[2.178351,41.431075],[2.178375,41.431075],[2.178374,41.43102],[2.178345,41.43102],[2.178292,41.431021],[2.178293,41.431041],[2.178264,41.43104],[2.178263,41.431021]]]}},
{"type":"Feature","properties":{"height_m":23.9},"geometry":{"type":"Polygon","coordinates":[[[2.178358,41.430398],[2.178358,41.430425],[2.17836,41.430534],[2.178361,41.430566],[2.178362,41.430635],[2.17845,41.430634],[2.17847,41.430634],[2.178469,41.43061],[2.178518,41.43061],[2.178518,41.430634],[2.178559,41.430633],[2.178558,41.430563],[2.178558,41.430532],[2.178556,41.430424],[2.178555,41.430395],[2.178555,41.430371],[2.178358,41.430374],[2.178358,41.430398]]]}},
{"type":"Feature","properties":{"height_m":10.2},"geometry":{"type":"Polygon","coordinates":[[[2.178235,41.430838],[2.178272,41.430838],[2.178351,41.430837],[2.178385,41.430836],[2.178455,41.430836],[2.178505,41.430835],[2.17856,41.430835],[2.17856,41.430814],[2.17858,41.430814],[2.178579,41.430782],[2.178454,41.430784],[2.178397,41.430785],[2.178384,41.430785],[2.17835,41.430785],[2.178321,41.430786],[2.178302,41.430786],[2.178278,41.430786],[2.178265,41.430786],[2.178237,41.430787],[2.178233,41.430787],[2.178195,41.430787],[2.178196,41.430819],[2.178196,41.430838],[2.178231,41.430838],[2.178235,41.430838]]]}},
{"type":"Feature","properties":{"height_m":10.9},"geometry":{"type":"Polygon","coordinates":[[[2.178812,41.43135],[2.178813,41.431413],[2.178896,41.431412],[2.178969,41.431411],[2.178967,41.431349],[2.178831,41.43135],[2.178812,41.43135]]]}},
{"type":"Feature","properties":{"height_m":15.8},"geometry":{"type":"Polygon","coordinates":[[[2.178643,41.431016],[2.178707,41.431016],[2.178715,41.431016],[2.178743,41.431015],[2.178826,41.431014],[2.178901,41.431013],[2.178903,41.431013],[2.178935,41.431013],[2.178958,41.431013],[2.178958,41.430995],[2.178957,41.430949],[2.178944,41.430949],[2.178934,41.430949],[2.178907,41.430949],[2.178899,41.430949],[2.17886,41.43095],[2.178848,41.43095],[2.178848,41.43099],[2.178822,41.43099],[2.178821,41.43095],[2.178803,41.43095],[2.178738,41.430951],[2.178718,41.430951],[2.178707,41.430951],[2.178697,41.430951],[2.178642,41.430952],[2.178616,41.430952],[2.178583,41.430953],[2.178584,41.430982],[2.178593,41.430981],[2.178593,41.431017],[2.178643,41.431016]]]}},
{"type":"Feature","properties":{"height_m":3.2},"geometry":{"type":"Polygon","coordinates":[[[2.178533,41.431073],[2.178563,41.431072],[2.178585,41.431072],[2.178584,41.431017],[2.178532,41.431018],[2.178533,41.431073]]]}},
{"type":"Feature","properties":{"height_m":13.4},"geometry":{"type":"Polygon","coordinates":[[[2.178458,41.431364],[2.178441,41.431365],[2.178442,41.431383],[2.178442,41.431389],[2.178443,41.431418],[2.178462,41.431418],[2.1785,41.431418],[2.17852,41.431418],[2.178536,41.431417],[2.178536,41.431395],[2.178535,41.431379],[2.178519,41.431379],[2.178518,41.43136],[2.178534,41.431359],[2.178533,41.431309],[2.178501,41.431309],[2.178501,41.431299],[2.178464,41.4313],[2.178464,41.43131],[2.178439,41.43131],[2.17844,41.431343],[2.178457,41.431343],[2.178458,41.431364]]]}},
{"type":"Feature","properties":{"height_m":3.5},"geometry":{"type":"Polygon","coordinates":[[[2.178644,41.430699],[2.17859,41.430699],[2.178578,41.430699],[2.178579,41.430761],[2.178635,41.430761],[2.178645,41.430761],[2.178644,41.430699]]]}},
{"type":"Feature","properties":{"height_m":21.1},"geometry":{"type":"Polygon","coordinates":[[[2.178629,41.431222],[2.17863,41.431283],[2.178643,41.431283],[2.178644,41.431309],[2.178644,41.431337],[2.178644,41.431357],[2.178631,41.431357],[2.178632,41.431373],[2.178632,41.431395],[2.178632,41.431398],[2.178632,41.431416],[2.178651,41.431416],[2.178727,41.431415],[2.178726,41.431397],[2.178726,41.431372],[2.178726,41.431356],[2.178711,41.431356],[2.178711,41.431336],[2.178711,41.431308],[2.17871,41.431282],[2.178725,41.431282],[2.178724,41.431224],[2.178724,41.431221],[2.178723,41.431187],[2.178723,41.431165],[2.178628,41.431166],[2.178629,41.431217],[2.178629,41.431222]]]}},
{"type":"Feature","properties":{"height_m":18.4},"geometry":{"type":"Polygon","coordinates":[[[2.178723,41.431187],[2.178724,41.431221],[2.178724,41.431224],[2.178735,41.431224],[2.178754,41.431224],[2.178786,41.431224],[2.178799,41.431224],[2.178827,41.431224],[2.178838,41.431224],[2.178851,41.431223],[2.178881,41.431223],[2.178931,41.431223],[2.178964,41.431222],[2.178963,41.431177],[2.178962,41.43114],[2.178929,41.431141],[2.178916,41.431141],[2.178879,41.431142],[2.178844,41.431142],[2.178839,41.431142],[2.178803,41.431143],[2.178796,41.431143],[2.178784,41.431143],[2.17876,41.431143],[2.178723,41.431144],[2.178723,41.431165],[2.178723,41.431187]]]}},
{"type":"Feature","properties":{"height_m":11.0},"geometry":{"type":"Polygon","coordinates":[[[2.17876,41.431351],[2.178726,41.431351],[2.178726,41.431356],[2.178726,41.431372],[2.178726,41.431397],[2.178727,41.431415],[2.178771,41.431414],[2.178813,41.431413],[2.178812,41.43135],[2.178794,41.43135],[2.178795,41.431368],[2.178776,41.431368],[2.178777,41.431372],[2.17876,41.431372],[2.17876,41.431351]]]}},
{"type":"Feature","properties":{"height_m":16.5},"geometry":{"type":"Polygon","coordinates":[[[2.178238,41.431202],[2.178281,41.431202],[2.178315,41.431201],[2.178314,41.431164],[2.178339,41.431164],[2.178345,41.431163],[2.178345,41.431201],[2.178387,41.431201],[2.178393,41.431201],[2.178464,41.4312],[2.17853,41.431199],[2.178533,41.431199],[2.178533,41.431134],[2.178468,41.431135],[2.178463,41.431135],[2.178417,41.431136],[2.178391,41.431136],[2.17833,41.431137],[2.178314,41.431137],[2.178266,41.431138],[2.178237,41.431138],[2.178229,41.431138],[2.178203,41.431139],[2.178204,41.431193],[2.178204,41.431202],[2.178238,41.431202]]]}},
{"type":"Feature","properties":{"height_m":14.8},"geometry":{"type":"Polygon","coordinates":[[[2.178697,41.430951],[2.178707,41.430951],[2.178718,41.430951],[2.178738,41.430951],[2.178803,41.43095],[2.178803,41.430928],[2.178859,41.430928],[2.17886,41.43095],[2.178899,41.430949],[2.178907,41.430949],[2.178934,41.430949],[2.178944,41.430949],[2.178957,41.430949],[2.178956,41.430931],[2.178955,41.430886],[2.178944,41.430886],[2.178924,41.430886],[2.178908,41.430886],[2.178867,41.430887],[2.178814,41.430887],[2.178737,41.430889],[2.178717,41.430889],[2.178701,41.430889],[2.178696,41.430889],[2.178615,41.43089],[2.178616,41.430952],[2.178642,41.430952],[2.178697,41.430951]]]}},
{"type":"Feature","properties":{"height_m":14.0},"geometry":{"type":"Polygon","coordinates":[[[2.178701,41.430889],[2.178717,41.430889],[2.178737,41.430889],[2.178814,41.430887],[2.178814,41.430875],[2.178867,41.430874],[2.178867,41.430887],[2.178908,41.430886],[2.178924,41.430886],[2.178944,41.430886],[2.178955,41.430886],[2.178955,41.430867],[2.178954,41.430823],[2.178923,41.430824],[2.178915,41.430824],[2.178834,41.430825],[2.1788,41.430825],[2.178699,41.430826],[2.178594,41.430828],[2.178594,41.43089],[2.178615,41.43089],[2.178696,41.430889],[2.178701,41.430889]]]}},
{"type":"Feature","properties":{"height_m":15.0},"geometry":{"type":"Polygon","coordinates":[[[2.178229,41.431138],[2.178237,41.431138],[2.178266,41.431138],[2.178314,41.431137],[2.17833,41.431137],[2.178391,41.431136],[2.178417,41.431136],[2.178463,41.431135],[2.178468,41.431135],[2.178533,41.431134],[2.178563,41.431134],[2.178563,41.431072],[2.178533,41.431073],[2.178467,41.431074],[2.178417,41.431074],[2.178375,41.431075],[2.178351,41.431075],[2.178352,41.43111],[2.178316,41.431111],[2.178316,41.431076],[2.178265,41.431076],[2.178228,41.431077],[2.178201,41.431077],[2.178202,41.431098],[2.178203,41.431139],[2.178229,41.431138]]]}},
{"type":"Feature","properties":{"height_m":14.5},"geometry":{"type":"Polygon","coordinates":[[[2.17853,41.431219],[2.178533,41.431309],[2.178534,41.431359],[2.178549,41.431359],[2.178549,41.431379],[2.178535,41.431379],[2.178536,41.431395],[2.178536,41.431417],[2.178622,41.431416],[2.178632,41.431416],[2.178632,41.431398],[2.178632,41.431395],[2.178632,41.431373],[2.178631,41.431357],[2.178631,41.431334],[2.178575,41.431335],[2.178574,41.431303],[2.17863,41.431302],[2.17863,41.431283],[2.178629,41.431222],[2.178629,41.431217],[2.178628,41.431166],[2.178587,41.431166],[2.178588,41.431198],[2.178533,41.431199],[2.17853,41.431199],[2.17853,41.431219]]]}},
{"type":"Feature","properties":{"height_m":6.8},"geometry":{"type":"Polygon","coordinates":[[[2.178594,41.430828],[2.178699,41.430826],[2.1788,41.430825],[2.178834,41.430825],[2.178915,41.430824],[2.178923,41.430824],[2.178954,41.430823],[2.178952,41.430782],[2.178952,41.430759],[2.178921,41.43076],[2.178914,41.43076],[2.178877,41.43076],[2.1788,41.43076],[2.1788,41.430794],[2.17866,41.430795],[2.178659,41.4308],[2.178645,41.4308],[2.178645,41.430807],[2.178635,41.430807],[2.178635,41.430761],[2.178579,41.430761],[2.178579,41.430782],[2.17858,41.430814],[2.17858,41.430828],[2.178594,41.430828]]]}},
{"type":"Feature","properties":{"height_m":7.2},"geometry":{"type":"Polygon","coordinates":[[[2.178831,41.43135],[2.178967,41.431349],[2.178966,41.431306],[2.178966,41.431284],[2.178852,41.431286],[2.178829,41.431286],[2.178831,41.43135]]]}},
{"type":"Feature","properties":{"height_m":15.6},"geometry":{"type":"Polygon","coordinates":[[[2.178677,41.430562],[2.178679,41.430622],[2.178758,41.430621],[2.178756,41.430561],[2.178756,41.430539],[2.178755,41.430498],[2.178755,41.430493],[2.178754,41.430455],[2.178754,41.430437],[2.178753,41.430391],[2.178752,41.430367],[2.178712,41.430368],[2.178671,41.430369],[2.178677,41.430562]]]}},
{"type":"Feature","properties":{"height_m":7.2},"geometry":{"type":"Polygon","coordinates":[[[2.178852,41.431286],[2.178966,41.431284],[2.178965,41.431246],[2.178964,41.431222],[2.178931,41.431223],[2.178881,41.431223],[2.178851,41.431223],[2.178838,41.431224],[2.178827,41.431224],[2.178829,41.431286],[2.178852,41.431286]]]}},
{"type":"Feature","properties":{"height_m":14.3},"geometry":{"type":"Polygon","coordinates":[[[2.177901,41.430423],[2.177902,41.430459],[2.177903,41.430486],[2.177904,41.430513],[2.177906,41.430566],[2.177907,41.430601],[2.177913,41.4306],[2.177914,41.430644],[2.178014,41.430642],[2.178047,41.430642],[2.178073,41.430641],[2.178072,41.430587],[2.178072,41.430578],[2.178071,41.430567],[2.17807,41.430513],[2.178067,41.430378],[2.178021,41.430379],[2.177899,41.43038],[2.177901,41.430423]]]}},
{"type":"Feature","properties":{"height_m":14.7},"geometry":{"type":"Polygon","coordinates":[[[2.177831,41.430756],[2.177865,41.430755],[2.177876,41.430755],[2.177891,41.430755],[2.177906,41.430755],[2.177964,41.430754],[2.177989,41.430754],[2.178018,41.430754],[2.178049,41.430753],[2.178075,41.430753],[2.178074,41.430696],[2.178073,41.430641],[2.178047,41.430642],[2.178014,41.430642],[2.177914,41.430644],[2.177903,41.430645],[2.177861,41.430646],[2.177826,41.430646],[2.177817,41.430646],[2.17773,41.430648],[2.177709,41.430649],[2.177711,41.430718],[2.177712,41.430757],[2.177752,41.430757],[2.177783,41.430756],[2.177831,41.430756]]]}},
{"type":"Feature","properties":{"height_m":2.9},"geometry":{"type":"Polygon","coordinates":[[[2.177785,41.430818],[2.177878,41.430817],[2.177876,41.430755],[2.177865,41.430755],[2.177831,41.430756],[2.177783,41.430756],[2.177783,41.430771],[2.177784,41.430799],[2.177785,41.430818]]]}},
{"type":"Feature","properties":{"height_m":22.6},"geometry":{"type":"Polygon","coordinates":[[[2.177541,41.431299],[2.177546,41.431299],[2.177603,41.431297],[2.177616,41.431296],[2.177635,41.431296],[2.177655,41.431295],[2.177681,41.431294],[2.177718,41.431293],[2.177716,41.431257],[2.177716,41.431232],[2.177674,41.431233],[2.177654,41.431233],[2.177623,41.431234],[2.177548,41.431236],[2.177539,41.431236],[2.177515,41.431237],[2.177516,41.431289],[2.177517,41.4313],[2.177541,41.431299]]]}},
{"type":"Feature","properties":{"height_m":16.6},"geometry":{"type":"Polygon","coordinates":[[[2.177718,41.431307],[2.177719,41.431324],[2.17772,41.431353],[2.177721,41.431375],[2.177722,41.431382],[2.177722,41.431398],[2.177723,41.431429],[2.177785,41.431428],[2.177855,41.431427],[2.177855,41.431412],[2.177854,41.431395],[2.177854,41.431371],[2.177854,41.43136],[2.177853,41.431305],[2.177813,41.431306],[2.177812,41.431282],[2.177853,41.431281],[2.177852,41.43125],[2.177743,41.431253],[2.177744,41.431257],[2.177716,41.431257],[2.177718,41.431293],[2.177718,41.431307]]]}},
{"type":"Feature","properties":{"height_m":17.1},"geometry":{"type":"Polygon","coordinates":[[[2.177883,41.431329],[2.177883,41.43136],[2.177909,41.431359],[2.177946,41.431358],[2.178039,41.431357],[2.178065,41.431356],[2.178089,41.431356],[2.178089,41.431333],[2.178088,41.431293],[2.178063,41.431294],[2.177882,41.431295],[2.177883,41.431329]]]}},
{"type":"Feature","properties":{"height_m":7.3},"geometry":{"type":"Polygon","coordinates":[[[2.177806,41.430488],[2.177808,41.430555],[2.17787,41.430553],[2.17787,41.430567],[2.177906,41.430566],[2.177904,41.430513],[2.177903,41.430486],[2.177902,41.430459],[2.177901,41.430423],[2.177899,41.43038],[2.17785,41.430381],[2.177802,41.430382],[2.177805,41.430461],[2.177806,41.430486],[2.177806,41.430488]]]}},
{"type":"Feature","properties":{"height_m":23.1},"geometry":{"type":"Polygon","coordinates":[[[2.177637,41.430402],[2.177638,41.430418],[2.177638,41.430422],[2.17764,41.430473],[2.17764,41.430492],[2.17764,41.430495],[2.177642,41.430539],[2.177643,41.430567],[2.177645,41.430629],[2.177669,41.430628],[2.177729,41.430627],[2.177727,41.430566],[2.177726,41.430537],[2.177725,41.430529],[2.177725,41.430527],[2.177725,41.43051],[2.177724,41.430487],[2.177723,41.430462],[2.177722,41.430444],[2.177722,41.430435],[2.177721,41.430425],[2.177721,41.43042],[2.17772,41.4304],[2.17772,41.430384],[2.177681,41.430384],[2.177637,41.430385],[2.177637,41.430402]]]}},
{"type":"Feature","properties":{"height_m":11.1},"geometry":{"type":"Polygon","coordinates":[[[2.177721,41.430425],[2.177722,41.430435],[2.177722,41.430444],[2.177723,41.430462],[2.177753,41.430461],[2.177754,41.430487],[2.177724,41.430487],[2.177725,41.43051],[2.177725,41.430527],[2.177725,41.430529],[2.177726,41.430537],[2.177727,41.430566],[2.177729,41.430627],[2.17773,41.430648],[2.177817,41.430646],[2.177814,41.430571],[2.177809,41.430571],[2.177809,41.430564],[2.177808,41.430555],[2.177806,41.430488],[2.177806,41.430486],[2.177805,41.430461],[2.177802,41.430382],[2.177749,41.430383],[2.17772,41.430384],[2.17772,41.4304],[2.177721,41.43042],[2.177721,41.430425]]]}},
{"type":"Feature","properties":{"height_m":13.9},"geometry":{"type":"Polygon","coordinates":[[[2.178051,41.430815],[2.178077,41.430815],[2.178076,41.430783],[2.178075,41.430753],[2.178049,41.430753],[2.178018,41.430754],[2.177989,41.430754],[2.17799,41.430772],[2.177965,41.430773],[2.177964,41.430754],[2.177906,41.430755],[2.177891,41.430755],[2.177893,41.430817],[2.177898,41.430817],[2.178023,41.430815],[2.178051,41.430815]]]}},
{"type":"Feature","properties":{"height_m":13.2},"geometry":{"type":"Polygon","coordinates":[[[2.177855,41.431412],[2.177855,41.431427],[2.177972,41.431425],[2.178091,41.431423],[2.178089,41.431356],[2.178065,41.431356],[2.178039,41.431357],[2.177946,41.431358],[2.177909,41.431359],[2.177883,41.43136],[2.177854,41.43136],[2.177854,41.431371],[2.177854,41.431395],[2.177855,41.431412]]]}},
{"type":"Feature","properties":{"height_m":5.3},"geometry":{"type":"Polygon","coordinates":[[[2.177941,41.431061],[2.177951,41.431061],[2.177979,41.43106],[2.178025,41.431059],[2.178048,41.431059],[2.178083,41.431058],[2.178082,41.431038],[2.178081,41.431005],[2.178081,41.43099],[2.178052,41.43099],[2.178028,41.430991],[2.177939,41.430992],[2.177941,41.43105],[2.177914,41.43105],[2.177913,41.430993],[2.177903,41.430993],[2.177789,41.430995],[2.177789,41.431005],[2.177789,41.431016],[2.17779,41.431064],[2.177825,41.431063],[2.177845,41.431063],[2.177899,41.431062],[2.177941,41.431061]]]}},
{"type":"Feature","properties":{"height_m":18.9},"geometry":{"type":"Polygon","coordinates":[[[2.17765,41.43143],[2.177723,41.431429],[2.177722,41.431398],[2.177722,41.431382],[2.177685,41.431382],[2.177685,41.431365],[2.177685,41.431353],[2.17772,41.431353],[2.177719,41.431324],[2.177683,41.431325],[2.177681,41.431294],[2.177655,41.431295],[2.177635,41.431296],[2.177616,41.431296],[2.177603,41.431297],[2.177546,41.431299],[2.177541,41.431299],[2.177517,41.4313],[2.177519,41.431367],[2.177521,41.431432],[2.17765,41.43143]]]}},
{"type":"Feature","properties":{"height_m":17.9},"geometry":{"type":"Polygon","coordinates":[[[2.177553,41.43082],[2.177568,41.43082],[2.177596,41.43082],[2.177599,41.43082],[2.177633,41.430819],[2.177657,41.430819],[2.177685,41.430819],[2.177705,41.430819],[2.177744,41.430818],[2.177785,41.430818],[2.177784,41.430799],[2.177753,41.430799],[2.177752,41.430772],[2.177783,41.430771],[2.177783,41.430756],[2.177752,41.430757],[2.177712,41.430757],[2.177704,41.430757],[2.177672,41.430757],[2.177634,41.430758],[2.177599,41.430758],[2.177591,41.430758],[2.177542,41.430759],[2.1775,41.430759],[2.177501,41.430797],[2.177501,41.430821],[2.17754,41.43082],[2.177553,41.43082]]]}},
{"type":"Feature","properties":{"height_m":3.4},"geometry":{"type":"Polygon","coordinates":[[[2.177907,41.430601],[2.177859,41.430602],[2.177861,41.430646],[2.177903,41.430645],[2.177914,41.430644],[2.177913,41.4306],[2.177907,41.430601]]]}},
{"type":"Feature","properties":{"height_m":22.3},"geometry":{"type":"Polygon","coordinates":[[[2.177544,41.430957],[2.177592,41.430956],[2.17766,41.430955],[2.177708,41.430954],[2.177723,41.430954],[2.177749,41.430953],[2.177788,41.430952],[2.177786,41.430879],[2.177746,41.43088],[2.177707,41.43088],[2.177686,41.430881],[2.177646,41.430881],[2.177609,41.430882],[2.177572,41.430882],[2.177542,41.430883],[2.177504,41.430883],[2.177505,41.430927],[2.177506,41.430957],[2.17754,41.430957],[2.177544,41.430957]]]}},
{"type":"Feature","properties":{"height_m":15.0},"geometry":{"type":"Polygon","coordinates":[[[2.17783,41.431215],[2.177865,41.431214],[2.177901,41.431214],[2.177954,41.431213],[2.177981,41.431212],[2.178051,41.431211],[2.17806,41.431211],[2.178086,41.43121],[2.178085,41.431177],[2.178085,41.431148],[2.178084,41.431134],[2.178084,41.431119],[2.178083,41.431081],[2.178083,41.431058],[2.178048,41.431059],[2.178025,41.431059],[2.177979,41.43106],[2.177951,41.431061],[2.177941,41.431061],[2.177899,41.431062],[2.177845,41.431063],[2.177847,41.43114],[2.177828,41.43114],[2.177825,41.431063],[2.17779,41.431064],[2.177794,41.431216],[2.17783,41.431215]]]}},
{"type":"Feature","properties":{"height_m":14.9},"geometry":{"type":"Polygon","coordinates":[[[2.178063,41.431294],[2.178088,41.431293],[2.178087,41.431267],[2.178086,41.43121],[2.17806,41.431211],[2.178051,41.431211],[2.177981,41.431212],[2.177954,41.431213],[2.177901,41.431214],[2.177865,41.431214],[2.177867,41.431251],[2.177852,41.43125],[2.177853,41.431281],[2.177853,41.431295],[2.177882,41.431295],[2.178063,41.431294]]]}},
{"type":"Feature","properties":{"height_m":23.0},"geometry":{"type":"Polygon","coordinates":[[[2.17754,41.431018],[2.177568,41.431018],[2.177617,41.431018],[2.177646,41.431017],[2.177661,41.431017],[2.17771,41.431017],[2.177724,41.431016],[2.177751,41.431016],[2.177789,41.431016],[2.177789,41.431005],[2.177762,41.431005],[2.177761,41.430979],[2.177749,41.430979],[2.177749,41.430953],[2.177723,41.430954],[2.177708,41.430954],[2.17766,41.430955],[2.177592,41.430956],[2.177544,41.430957],[2.17754,41.430957],[2.177506,41.430957],[2.177507,41.430994],[2.177508,41.431019],[2.17754,41.431018]]]}},
{"type":"Feature","properties":{"height_m":21.8},"geometry":{"type":"Polygon","coordinates":[[[2.177542,41.430883],[2.177572,41.430882],[2.177609,41.430882],[2.177646,41.430881],[2.177686,41.430881],[2.177707,41.43088],[2.177746,41.43088],[2.177786,41.430879],[2.177785,41.430853],[2.177785,41.430818],[2.177744,41.430818],[2.177705,41.430819],[2.177685,41.430819],[2.177657,41.430819],[2.177633,41.430819],[2.177599,41.43082],[2.177596,41.43082],[2.177568,41.43082],[2.177553,41.43082],[2.17754,41.43082],[2.177501,41.430821],[2.177503,41.430858],[2.177504,41.430883],[2.177542,41.430883]]]}},
{"type":"Feature","properties":{"height_m":21.8},"geometry":{"type":"Polygon","coordinates":[[[2.181804,41.429911],[2.181806,41.430002],[2.181808,41.430092],[2.181944,41.43009],[2.18194,41.430068],[2.181929,41.430016],[2.181912,41.430016],[2.181911,41.429994],[2.181902,41.429994],[2.181901,41.429974],[2.181894,41.429974],[2.181893,41.429955],[2.181916,41.429954],[2.181907,41.429909],[2.181902,41.429885],[2.18188,41.429887],[2.181879,41.429841],[2.181892,41.429841],[2.181884,41.429799],[2.181874,41.429751],[2.181872,41.429711],[2.181826,41.429713],[2.181798,41.429714],[2.181804,41.429911]]]}},
{"type":"Feature","properties":{"height_m":23.2},"geometry":{"type":"Polygon","coordinates":[[[2.181972,41.429908],[2.181982,41.429961],[2.181996,41.430032],[2.181999,41.430046],[2.182002,41.43006],[2.182003,41.430067],[2.182008,41.430089],[2.182051,41.430088],[2.182066,41.430088],[2.182061,41.430059],[2.182058,41.430045],[2.182055,41.430031],[2.182049,41.43],[2.182028,41.430002],[2.182031,41.430013],[2.182004,41.430016],[2.181997,41.42998],[2.182044,41.429975],[2.18204,41.429955],[2.182031,41.429907],[2.181995,41.429726],[2.181936,41.429729],[2.181944,41.42977],[2.181972,41.429908]]]}},
{"type":"Feature","properties":{"height_m":22.2},"geometry":{"type":"Polygon","coordinates":[[[2.181907,41.429909],[2.181916,41.429954],[2.181922,41.429984],[2.181952,41.42998],[2.181956,41.430003],[2.181927,41.430006],[2.181929,41.430016],[2.18194,41.430068],[2.181944,41.43009],[2.18196,41.43009],[2.182008,41.430089],[2.182003,41.430067],[2.182002,41.43006],[2.181999,41.430046],[2.181996,41.430032],[2.181982,41.429961],[2.181972,41.429908],[2.181944,41.42977],[2.181936,41.429729],[2.181914,41.429729],[2.181893,41.42973],[2.181891,41.42971],[2.181872,41.429711],[2.181874,41.429751],[2.181884,41.429799],[2.181892,41.429841],[2.181902,41.429885],[2.181907,41.429909]]]}},
{"type":"Feature","properties":{"height_m":21.1},"geometry":{"type":"Polygon","coordinates":[[[2.182376,41.42997],[2.182377,41.429994],[2.182402,41.429994],[2.182403,41.430027],[2.182378,41.430027],[2.182378,41.430054],[2.182379,41.430057],[2.182379,41.430083],[2.182442,41.430082],[2.182521,41.43008],[2.182517,41.429901],[2.182491,41.429901],[2.182484,41.429901],[2.182433,41.429901],[2.182423,41.429945],[2.182376,41.429946],[2.182376,41.42997]]]}},
{"type":"Feature","properties":{"height_m":17.5},"geometry":{"type":"Polygon","coordinates":[[[2.179933,41.429804],[2.179934,41.429829],[2.179938,41.429984],[2.179942,41.430116],[2.180025,41.430115],[2.180238,41.430112],[2.180235,41.430025],[2.180235,41.430009],[2.180234,41.429979],[2.180233,41.429928],[2.18023,41.429836],[2.18023,41.429814],[2.180306,41.429813],[2.180306,41.42979],[2.180305,41.42973],[2.180304,41.429672],[2.180222,41.429674],[2.180108,41.429676],[2.180072,41.429676],[2.180011,41.429677],[2.17993,41.429678],[2.179933,41.429804]]]}},
{"type":"Feature","properties":{"height_m":6.8},"geometry":{"type":"Polygon","coordinates":[[[2.180546,41.429971],[2.180491,41.429971],[2.180491,41.429979],[2.180492,41.430022],[2.180493,41.430056],[2.180495,41.430108],[2.180532,41.430107],[2.180536,41.430107],[2.180549,41.430107],[2.180548,41.430089],[2.180546,41.429982],[2.180546,41.429971]]]}},
{"type":"Feature","properties":{"height_m":13.3},"geometry":{"type":"Polygon","coordinates":[[[2.180233,41.429928],[2.180234,41.429979],[2.180235,41.430009],[2.180235,41.430025],[2.180238,41.430112],[2.180315,41.430111],[2.180357,41.43011],[2.180355,41.43006],[2.180355,41.430052],[2.180355,41.43003],[2.180353,41.429981],[2.180352,41.429926],[2.18035,41.42986],[2.180349,41.429835],[2.180344,41.429835],[2.180307,41.429835],[2.18023,41.429836],[2.180233,41.429928]]]}},
{"type":"Feature","properties":{"height_m":23.6},"geometry":{"type":"Polygon","coordinates":[[[2.180549,41.430096],[2.180549,41.430107],[2.180632,41.430106],[2.180693,41.430105],[2.180688,41.42998],[2.180654,41.42998],[2.18065,41.42998],[2.180627,41.429981],[2.180546,41.429982],[2.180548,41.430089],[2.180549,41.430096]]]}},
{"type":"Feature","properties":{"height_m":24.8},"geometry":{"type":"Polygon","coordinates":[[[2.180627,41.429981],[2.18065,41.42998],[2.180654,41.42998],[2.180688,41.42998],[2.180687,41.429897],[2.180685,41.42983],[2.18065,41.429831],[2.180637,41.429831],[2.180621,41.429831],[2.180589,41.429832],[2.180551,41.429832],[2.180553,41.429923],[2.180544,41.429924],[2.180546,41.429971],[2.180546,41.429982],[2.180627,41.429981]]]}},
{"type":"Feature","properties":{"height_m":9.7},"geometry":{"type":"Polygon","coordinates":[[[2.180353,41.429981],[2.180355,41.43003],[2.180373,41.43003],[2.180373,41.430051],[2.180355,41.430052],[2.180355,41.43006],[2.180357,41.43011],[2.180385,41.43011],[2.180413,41.430109],[2.180441,41.430109],[2.180438,41.43003],[2.180437,41.429979],[2.180437,41.429962],[2.180412,41.429963],[2.180413,41.42998],[2.180353,41.429981]]]}},
{"type":"Feature","properties":{"height_m":7.8},"geometry":{"type":"Polygon","coordinates":[[[2.180493,41.430056],[2.180492,41.430022],[2.180491,41.429979],[2.180437,41.429979],[2.180438,41.43003],[2.180441,41.430109],[2.18047,41.430108],[2.180495,41.430108],[2.180493,41.430056]]]}},
{"type":"Feature","properties":{"height_m":21.5},"geometry":{"type":"Polygon","coordinates":[[[2.179353,41.429948],[2.179353,41.429968],[2.179354,41.43],[2.179355,41.430062],[2.179355,41.430068],[2.179356,41.430084],[2.179356,41.4301],[2.179357,41.430125],[2.179456,41.430123],[2.179523,41.430122],[2.179523,41.4301],[2.179523,41.430098],[2.179522,41.430061],[2.179521,41.430046],[2.179521,41.430015],[2.179519,41.429973],[2.179519,41.429965],[2.179519,41.429946],[2.179519,41.429942],[2.179516,41.429859],[2.179516,41.429846],[2.179473,41.429846],[2.179473,41.429857],[2.179391,41.429857],[2.179391,41.429847],[2.179384,41.429847],[2.179351,41.429847],[2.179353,41.429948]]]}},
{"type":"Feature","properties":{"height_m":21.6},"geometry":{"type":"Polygon","coordinates":[[[2.179053,41.429952],[2.179058,41.430129],[2.179329,41.430125],[2.179357,41.430125],[2.179356,41.4301],[2.179356,41.430084],[2.179355,41.430068],[2.179355,41.430062],[2.179354,41.43],[2.179353,41.429968],[2.179313,41.429968],[2.179312,41.429904],[2.179293,41.429903],[2.179292,41.429848],[2.179283,41.429848],[2.179248,41.429848],[2.179248,41.429856],[2.179232,41.429856],[2.179232,41.429849],[2.179187,41.429849],[2.179092,41.429851],[2.17905,41.429851],[2.179051,41.429873],[2.179053,41.429952]]]}},
{"type":"Feature","properties":{"height_m":22.2},"geometry":{"type":"Polygon","coordinates":[[[2.179519,41.429946],[2.179519,41.429965],[2.179519,41.429973],[2.179521,41.430015],[2.179561,41.430014],[2.179562,41.430046],[2.179521,41.430046],[2.179522,41.430061],[2.179523,41.430098],[2.179523,41.4301],[2.179523,41.430122],[2.179562,41.430121],[2.179607,41.430121],[2.179607,41.430098],[2.179606,41.430083],[2.179606,41.43008],[2.179594,41.430079],[2.179594,41.43007],[2.179606,41.43007],[2.179605,41.430046],[2.179605,41.430014],[2.179604,41.429997],[2.179593,41.429998],[2.179594,41.429988],[2.179604,41.429988],[2.179604,41.429983],[2.179603,41.429945],[2.179603,41.429941],[2.179603,41.429937],[2.179602,41.42991],[2.179601,41.429878],[2.179601,41.429858],[2.179516,41.429859],[2.179519,41.429942],[2.179519,41.429946]]]}},
{"type":"Feature","properties":{"height_m":24.0},"geometry":{"type":"Polygon","coordinates":[[[2.179661,41.429878],[2.179661,41.429892],[2.179638,41.429892],[2.179648,41.42991],[2.179602,41.42991],[2.179603,41.429937],[2.179603,41.429941],[2.179627,41.429942],[2.179628,41.429983],[2.179604,41.429983],[2.179604,41.429988],[2.179604,41.429997],[2.179605,41.430014],[2.179605,41.430046],[2.179606,41.43007],[2.179606,41.43008],[2.179606,41.430083],[2.179607,41.430098],[2.179607,41.430121],[2.179631,41.43012],[2.179824,41.430117],[2.179819,41.429939],[2.179818,41.429892],[2.179817,41.429845],[2.179794,41.429845],[2.179769,41.429845],[2.179759,41.429845],[2.179726,41.429845],[2.179683,41.429846],[2.179661,41.429846],[2.179637,41.429846],[2.179621,41.429846],[2.179601,41.429846],[2.179601,41.429858],[2.179601,41.429878],[2.179661,41.429878]]]}},
{"type":"Feature","properties":{"height_m":22.0},"geometry":{"type":"Polygon","coordinates":[[[2.178176,41.429963],[2.17818,41.430145],[2.178219,41.430144],[2.17829,41.430143],[2.17829,41.430121],[2.178289,41.430103],[2.178287,41.43005],[2.178287,41.430045],[2.178285,41.43],[2.178284,41.429983],[2.178283,41.429943],[2.178282,41.429927],[2.178282,41.429919],[2.178282,41.429899],[2.178215,41.429901],[2.178204,41.429901],[2.178174,41.429901],[2.178174,41.429928],[2.178175,41.429955],[2.178176,41.429963]]]}},
{"type":"Feature","properties":{"height_m":24.5},"geometry":{"type":"Polygon","coordinates":[[[2.178572,41.429958],[2.178572,41.429986],[2.178573,41.429989],[2.178573,41.430013],[2.178573,41.430017],[2.178573,41.430019],[2.178574,41.430038],[2.178574,41.430062],[2.178575,41.430077],[2.178575,41.430096],[2.178575,41.430104],[2.178576,41.430108],[2.178576,41.430138],[2.178684,41.430136],[2.178794,41.430134],[2.178793,41.430103],[2.178793,41.430099],[2.178792,41.430073],[2.178792,41.430064],[2.178791,41.430034],[2.17879,41.430018],[2.17879,41.430013],[2.17879,41.430008],[2.178789,41.429982],[2.178788,41.429955],[2.178785,41.429837],[2.178697,41.429839],[2.178591,41.42984],[2.178569,41.429841],[2.17857,41.429894],[2.178572,41.429958]]]}},
{"type":"Feature","properties":{"height_m":14.6},"geometry":{"type":"Polygon","coordinates":[[[2.178836,41.429955],[2.178862,41.429954],[2.178867,41.429954],[2.178899,41.429953],[2.178911,41.429953],[2.178934,41.429953],[2.178932,41.429885],[2.178932,41.429878],[2.178931,41.429834],[2.178893,41.429835],[2.178864,41.429835],[2.17883,41.429836],[2.178818,41.429836],[2.178797,41.429837],[2.178785,41.429837],[2.178788,41.429955],[2.178824,41.429955],[2.178836,41.429955]]]}},
{"type":"Feature","properties":{"height_m":20.4},"geometry":{"type":"Polygon","coordinates":[[[2.178284,41.429983],[2.178285,41.43],[2.178287,41.430045],[2.178287,41.43005],[2.178289,41.430103],[2.17829,41.430121],[2.17829,41.430143],[2.178374,41.430142],[2.178434,41.430141],[2.178433,41.43011],[2.178432,41.4301],[2.178431,41.430075],[2.178431,41.430048],[2.17843,41.430018],[2.178429,41.429997],[2.178429,41.429992],[2.178429,41.42998],[2.178428,41.42996],[2.178427,41.429923],[2.178282,41.429927],[2.178283,41.429943],[2.178284,41.429983]]]}},
{"type":"Feature","properties":{"height_m":17.0},"geometry":{"type":"Polygon","coordinates":[[[2.177656,41.429985],[2.17751,41.429988],[2.177511,41.430034],[2.177532,41.430034],[2.177533,41.430096],[2.177512,41.430096],[2.177513,41.430154],[2.177585,41.430153],[2.177658,41.430152],[2.177658,41.430126],[2.177658,41.430097],[2.177658,41.430094],[2.177637,41.430094],[2.177635,41.430029],[2.177647,41.430028],[2.177657,41.430029],[2.177657,41.430009],[2.177656,41.429985]]]}},
{"type":"Feature","properties":{"height_m":11.1},"geometry":{"type":"Polygon","coordinates":[[[2.17793,41.430025],[2.17793,41.430038],[2.177932,41.430096],[2.177932,41.430122],[2.177933,41.430148],[2.178007,41.430147],[2.178061,41.430146],[2.178059,41.430049],[2.178058,41.429991],[2.178056,41.429901],[2.17796,41.429903],[2.177927,41.429903],[2.177927,41.429921],[2.177929,41.429973],[2.17793,41.430025]]]}},
{"type":"Feature","properties":{"height_m":16.7},"geometry":{"type":"Polygon","coordinates":[[[2.177468,41.429746],[2.177468,41.429785],[2.177471,41.429911],[2.177472,41.42993],[2.177472,41.429947],[2.177474,41.430155],[2.177513,41.430154],[2.177512,41.430096],[2.177511,41.430034],[2.17751,41.429988],[2.17751,41.42996],[2.177508,41.42991],[2.177625,41.429908],[2.177655,41.429908],[2.177703,41.429907],[2.177797,41.429905],[2.177828,41.429905],[2.177827,41.429825],[2.1778,41.429825],[2.1778,41.429799],[2.177672,41.429801],[2.177672,41.429745],[2.177657,41.429745],[2.177624,41.429746],[2.177481,41.429746],[2.177468,41.429746]]]}},
{"type":"Feature","properties":{"height_m":24.8},"geometry":{"type":"Polygon","coordinates":[[[2.176963,41.430029],[2.176963,41.430054],[2.176964,41.430081],[2.176965,41.43011],[2.176966,41.430137],[2.176967,41.430163],[2.177031,41.430162],[2.177096,41.430161],[2.177095,41.430135],[2.177094,41.430108],[2.17709,41.429976],[2.177051,41.429976],[2.177043,41.429976],[2.177044,41.430018],[2.177027,41.430019],[2.177019,41.430019],[2.177018,41.429977],[2.176961,41.429977],[2.176961,41.429981],[2.176962,41.430018],[2.176963,41.430029]]]}},
{"type":"Feature","properties":{"height_m":11.0},"geometry":{"type":"Polygon","coordinates":[[[2.176428,41.429992],[2.176429,41.430017],[2.17643,41.430051],[2.176434,41.43017],[2.176462,41.430169],[2.176489,41.430169],[2.176485,41.43005],[2.176484,41.430017],[2.176483,41.429991],[2.176483,41.429989],[2.17648,41.429904],[2.176456,41.429904],[2.176453,41.429904],[2.176425,41.429905],[2.176427,41.42995],[2.176428,41.429992]]]}},
{"type":"Feature","properties":{"height_m":18.7},"geometry":{"type":"Polygon","coordinates":[[[2.176868,41.429983],[2.17687,41.43003],[2.17687,41.430035],[2.176872,41.4301],[2.176874,41.430164],[2.176936,41.430163],[2.176967,41.430163],[2.176966,41.430137],[2.176965,41.43011],[2.176964,41.430081],[2.176939,41.430082],[2.176938,41.430054],[2.176963,41.430054],[2.176963,41.430029],[2.176954,41.430028],[2.176953,41.430019],[2.176962,41.430018],[2.176961,41.429981],[2.176961,41.429977],[2.17696,41.429952],[2.17696,41.429947],[2.176867,41.429948],[2.176868,41.429978],[2.176868,41.429983]]]}},
{"type":"Feature","properties":{"height_m":21.8},"geometry":{"type":"Polygon","coordinates":[[[2.177095,41.430135],[2.177096,41.430161],[2.177182,41.43016],[2.177179,41.430056],[2.177177,41.429975],[2.177143,41.429975],[2.177097,41.429976],[2.17709,41.429976],[2.177094,41.430108],[2.177095,41.430135]]]}},
{"type":"Feature","properties":{"height_m":7.6},"geometry":{"type":"Polygon","coordinates":[[[2.176483,41.429989],[2.176483,41.429991],[2.176484,41.430017],[2.176485,41.43005],[2.176489,41.430169],[2.176529,41.430169],[2.176539,41.430169],[2.176537,41.430112],[2.176536,41.43005],[2.176535,41.430033],[2.176534,41.429987],[2.176533,41.429981],[2.176532,41.429949],[2.176531,41.429903],[2.176486,41.429904],[2.17648,41.429904],[2.176483,41.429989]]]}},
{"type":"Feature","properties":{"height_m":4.4},"geometry":{"type":"Polygon","coordinates":[[[2.176689,41.433295],[2.176898,41.433549],[2.177008,41.433498],[2.176799,41.433245],[2.176689,41.433295]]]}},
{"type":"Feature","properties":{"height_m":7.3},"geometry":{"type":"Polygon","coordinates":[[[2.176453,41.432259],[2.176462,41.432268],[2.176502,41.432309],[2.176549,41.432283],[2.176563,41.432297],[2.176516,41.432323],[2.176547,41.432354],[2.176577,41.432384],[2.176611,41.432419],[2.176633,41.432442],[2.176637,41.432446],[2.176726,41.432537],[2.176751,41.432562],[2.176838,41.43251],[2.176834,41.432506],[2.176814,41.432486],[2.176775,41.432449],[2.176701,41.43249],[2.176685,41.432471],[2.176735,41.432444],[2.176702,41.43241],[2.176642,41.432348],[2.176662,41.432337],[2.176628,41.432305],[2.176608,41.432315],[2.176596,41.432303],[2.176615,41.432292],[2.176599,41.432277],[2.176585,41.432263],[2.176578,41.432255],[2.176572,41.432249],[2.176553,41.43226],[2.176541,41.432247],[2.176558,41.432236],[2.176552,41.43223],[2.176537,41.432215],[2.176533,41.432211],[2.17651,41.432188],[2.176452,41.432233],[2.176439,41.432244],[2.176453,41.432259]]]}},
{"type":"Feature","properties":{"height_m":12.2},"geometry":{"type":"Polygon","coordinates":[[[2.176533,41.432211],[2.176537,41.432215],[2.176552,41.43223],[2.1766,41.432202],[2.176626,41.432228],[2.176578,41.432255],[2.176585,41.432263],[2.176599,41.432277],[2.176615,41.432292],[2.176628,41.432305],[2.176662,41.432337],[2.176699,41.432374],[2.176775,41.432449],[2.176814,41.432486],[2.176834,41.432506],[2.176868,41.432487],[2.176883,41.432501],[2.17693,41.432469],[2.176913,41.432452],[2.176875,41.432415],[2.176773,41.432316],[2.176733,41.432277],[2.176687,41.432302],[2.176656,41.432273],[2.176703,41.432247],[2.176697,41.432242],[2.17669,41.432235],[2.176645,41.43219],[2.176637,41.432183],[2.176621,41.432168],[2.176607,41.432154],[2.176604,41.432151],[2.176583,41.43213],[2.176528,41.432173],[2.17651,41.432188],[2.176533,41.432211]]]}},
{"type":"Feature","properties":{"height_m":22.2},"geometry":{"type":"Polygon","coordinates":[[[2.177183,41.432126],[2.177282,41.432085],[2.177313,41.432071],[2.177373,41.432046],[2.177375,41.432045],[2.177406,41.432032],[2.177359,41.431968],[2.177311,41.431904],[2.17728,41.431918],[2.177278,41.431919],[2.177243,41.431935],[2.177235,41.431938],[2.177203,41.431952],[2.177188,41.431959],[2.177178,41.431963],[2.17717,41.431954],[2.177159,41.431941],[2.177126,41.431952],[2.17714,41.431969],[2.177126,41.431977],[2.177136,41.431987],[2.177166,41.432019],[2.177122,41.432037],[2.177143,41.432059],[2.177107,41.432074],[2.177166,41.432133],[2.177177,41.432129],[2.177183,41.432126]]]}},
{"type":"Feature","properties":{"height_m":21.6},"geometry":{"type":"Polygon","coordinates":[[[2.176731,41.432048],[2.176756,41.432075],[2.176761,41.432079],[2.176782,41.432102],[2.176786,41.432106],[2.176812,41.432092],[2.176836,41.432118],[2.17681,41.432131],[2.176835,41.432158],[2.176838,41.432161],[2.176891,41.432132],[2.176906,41.432145],[2.176851,41.432175],[2.176857,41.432181],[2.176893,41.432219],[2.176919,41.432197],[2.176913,41.432191],[2.176944,41.432173],[2.17697,41.4322],[2.176945,41.432214],[2.17693,41.432198],[2.176924,41.432202],[2.176939,41.432218],[2.176909,41.432236],[2.176947,41.432276],[2.17707,41.432209],[2.176996,41.432134],[2.176966,41.432102],[2.176956,41.432108],[2.176947,41.432099],[2.176957,41.432093],[2.176923,41.432058],[2.176897,41.432073],[2.176872,41.432047],[2.176897,41.432032],[2.176886,41.432021],[2.176867,41.432001],[2.176854,41.431989],[2.176842,41.431976],[2.176815,41.431948],[2.176762,41.43199],[2.176713,41.432029],[2.176731,41.432048]]]}},
{"type":"Feature","properties":{"height_m":17.3},"geometry":{"type":"Polygon","coordinates":[[[2.176887,41.431969],[2.176919,41.432002],[2.176886,41.432021],[2.176897,41.432032],[2.176923,41.432058],[2.176957,41.432093],[2.176963,41.432099],[2.177058,41.432024],[2.177028,41.431994],[2.176998,41.431964],[2.176993,41.431959],[2.17696,41.431978],[2.176928,41.431946],[2.176961,41.431926],[2.176926,41.431891],[2.176909,41.431874],[2.176881,41.431897],[2.176815,41.431948],[2.176842,41.431976],[2.176854,41.431989],[2.176887,41.431969]]]}},
{"type":"Feature","properties":{"height_m":23.3},"geometry":{"type":"Polygon","coordinates":[[[2.177466,41.432169],[2.177497,41.432156],[2.177452,41.432094],[2.177443,41.432083],[2.177406,41.432032],[2.177375,41.432045],[2.177373,41.432046],[2.177313,41.432071],[2.177282,41.432085],[2.177183,41.432126],[2.177177,41.432129],[2.17727,41.432225],[2.177286,41.432246],[2.177466,41.432169]]]}},
{"type":"Feature","properties":{"height_m":4.3},"geometry":{"type":"Polygon","coordinates":[[[2.178376,41.432532],[2.178317,41.43245],[2.178446,41.432399],[2.178475,41.432387],[2.17855,41.432462],[2.178376,41.432532]]]}},
{"type":"Feature","properties":{"height_m":17.5},"geometry":{"type":"Polygon","coordinates":[[[2.176933,41.430464],[2.176932,41.430487],[2.176932,41.43049],[2.176872,41.430492],[2.176874,41.43055],[2.176874,41.430554],[2.176877,41.430638],[2.176915,41.430636],[2.176916,41.430658],[2.176927,41.430657],[2.176944,41.430657],[2.176992,41.430656],[2.176992,41.430638],[2.176991,41.430612],[2.176989,41.430547],[2.176989,41.430537],[2.176988,41.430519],[2.176987,41.430486],[2.176986,41.430441],[2.176985,41.430418],[2.176984,41.430391],[2.176913,41.430392],[2.176869,41.430393],[2.176871,41.430457],[2.176932,41.430456],[2.176933,41.430464]]]}},
{"type":"Feature","properties":{"height_m":21.4},"geometry":{"type":"Polygon","coordinates":[[[2.176975,41.431417],[2.176976,41.431441],[2.177109,41.431439],[2.177226,41.431437],[2.17722,41.431245],[2.177188,41.431245],[2.177075,41.431247],[2.177042,41.431247],[2.177012,41.431248],[2.176969,41.431249],[2.176969,41.431261],[2.17697,41.43128],[2.176974,41.431398],[2.176975,41.431417]]]}},
{"type":"Feature","properties":{"height_m":14.7},"geometry":{"type":"Polygon","coordinates":[[[2.176639,41.431411],[2.176637,41.431349],[2.176601,41.43135],[2.176551,41.431352],[2.176541,41.431352],[2.176512,41.431353],[2.176501,41.431353],[2.176467,41.431354],[2.176468,41.431401],[2.17647,41.431448],[2.17664,41.431445],[2.176639,41.431411]]]}},
{"type":"Feature","properties":{"height_m":9.9},"geometry":{"type":"Polygon","coordinates":[[[2.176874,41.430554],[2.176874,41.43055],[2.176872,41.430492],[2.176871,41.430457],[2.176869,41.430393],[2.176825,41.430394],[2.176814,41.430394],[2.176815,41.430414],[2.176818,41.430555],[2.176874,41.430554]]]}},
{"type":"Feature","properties":{"height_m":23.8},"geometry":{"type":"Polygon","coordinates":[[[2.176703,41.430415],[2.17671,41.430586],[2.176712,41.430641],[2.176713,41.430659],[2.176752,41.430658],[2.176753,41.430639],[2.17682,41.430638],[2.176819,41.430584],[2.176818,41.430555],[2.176815,41.430414],[2.176814,41.430394],[2.176703,41.430397],[2.176703,41.430415]]]}},
{"type":"Feature","properties":{"height_m":15.4},"geometry":{"type":"Polygon","coordinates":[[[2.176501,41.431353],[2.176512,41.431353],[2.176541,41.431352],[2.176551,41.431352],[2.176601,41.43135],[2.176637,41.431349],[2.176637,41.431344],[2.176636,41.431328],[2.176636,41.431301],[2.176622,41.431301],[2.176621,41.43128],[2.176621,41.431238],[2.17662,41.431197],[2.176633,41.431197],[2.176645,41.431197],[2.176643,41.431165],[2.176542,41.431168],[2.176494,41.43117],[2.176461,41.431171],[2.176464,41.431265],[2.176467,41.431354],[2.176501,41.431353]]]}},
{"type":"Feature","properties":{"height_m":16.4},"geometry":{"type":"Polygon","coordinates":[[[2.176458,41.43107],[2.176459,41.431106],[2.17646,41.431138],[2.176461,41.431171],[2.176494,41.43117],[2.176542,41.431168],[2.176542,41.431157],[2.17657,41.431157],[2.17657,41.431146],[2.176618,41.431144],[2.17662,41.431156],[2.176643,41.431155],[2.176643,41.431165],[2.176707,41.431163],[2.176723,41.431163],[2.176719,41.431036],[2.176638,41.431038],[2.176639,41.431048],[2.176604,41.431049],[2.176604,41.431064],[2.176583,41.431064],[2.176582,41.431049],[2.176538,41.43105],[2.176538,41.43104],[2.176457,41.431041],[2.176458,41.43107]]]}},
{"type":"Feature","properties":{"height_m":16.2},"geometry":{"type":"Polygon","coordinates":[[[2.176455,41.430946],[2.176456,41.430979],[2.176456,41.43101],[2.176457,41.431041],[2.176538,41.43104],[2.176538,41.431029],[2.176582,41.431027],[2.176582,41.431012],[2.176602,41.431011],[2.176602,41.431026],[2.176638,41.431026],[2.176638,41.431038],[2.176719,41.431036],[2.176715,41.43091],[2.176634,41.430912],[2.176634,41.430923],[2.176614,41.430924],[2.176614,41.430929],[2.176567,41.430931],[2.176565,41.430925],[2.176536,41.430926],[2.176536,41.430915],[2.176491,41.430916],[2.176454,41.430917],[2.176455,41.430946]]]}},
{"type":"Feature","properties":{"height_m":9.6},"geometry":{"type":"Polygon","coordinates":[[[2.176634,41.43123],[2.176635,41.431251],[2.176636,41.431291],[2.176636,41.431301],[2.176636,41.431328],[2.176699,41.431327],[2.1767,41.431343],[2.176637,41.431344],[2.176637,41.431349],[2.176639,41.431411],[2.17664,41.431445],[2.17673,41.431444],[2.176808,41.431443],[2.176807,41.431419],[2.176807,41.431401],[2.176805,41.431341],[2.176804,41.431324],[2.176803,41.431282],[2.176802,41.431264],[2.176802,41.431245],[2.176801,41.431229],[2.176736,41.43123],[2.176734,41.431209],[2.176801,41.431209],[2.176799,41.43116],[2.176723,41.431163],[2.176707,41.431163],[2.176643,41.431165],[2.176645,41.431197],[2.176633,41.431197],[2.176634,41.43123]]]}},
{"type":"Feature","properties":{"height_m":21.0},"geometry":{"type":"Polygon","coordinates":[[[2.176963,41.431196],[2.176967,41.431195],[2.17701,41.431195],[2.177039,41.431195],[2.177072,41.431194],[2.17713,41.431193],[2.177179,41.431193],[2.177186,41.431193],[2.177218,41.431192],[2.177213,41.431029],[2.177208,41.430866],[2.177169,41.430867],[2.176958,41.430869],[2.176835,41.430871],[2.176836,41.4309],[2.17682,41.4309],[2.17682,41.430907],[2.176813,41.430907],[2.176772,41.430908],[2.176773,41.43093],[2.176745,41.430931],[2.176751,41.431135],[2.176801,41.431135],[2.176799,41.43116],[2.17684,41.431159],[2.176843,41.431197],[2.176963,41.431196]]]}},
{"type":"Feature","properties":{"height_m":18.2},"geometry":{"type":"Polygon","coordinates":[[[2.176444,41.430577],[2.176445,41.430595],[2.176447,41.430664],[2.176519,41.430662],[2.17669,41.430659],[2.176712,41.430641],[2.17671,41.430586],[2.176703,41.430415],[2.176703,41.430397],[2.176439,41.430402],[2.176444,41.430577]]]}},
{"type":"Feature","properties":{"height_m":23.8},"geometry":{"type":"Polygon","coordinates":[[[2.177154,41.430652],[2.177201,41.430651],[2.177199,41.430588],[2.177198,41.430535],[2.17715,41.430535],[2.177142,41.430535],[2.177126,41.430536],[2.177089,41.430536],[2.177043,41.430537],[2.176989,41.430537],[2.176989,41.430547],[2.176991,41.430612],[2.177014,41.430611],[2.177017,41.430655],[2.177061,41.430654],[2.17706,41.430631],[2.177082,41.430631],[2.177083,41.430654],[2.177154,41.430652]]]}},
{"type":"Feature","properties":{"height_m":10.8},"geometry":{"type":"Polygon","coordinates":[[[2.176448,41.430717],[2.17645,41.430773],[2.176621,41.430768],[2.176657,41.430767],[2.176831,41.430762],[2.17683,41.430729],[2.176829,41.430711],[2.176827,41.430657],[2.176752,41.430658],[2.176713,41.430659],[2.17669,41.430659],[2.176519,41.430662],[2.176447,41.430664],[2.176448,41.430706],[2.176448,41.430717]]]}},
{"type":"Feature","properties":{"height_m":9.5},"geometry":{"type":"Polygon","coordinates":[[[2.176505,41.430826],[2.176533,41.430825],[2.176533,41.430808],[2.176558,41.430807],[2.176559,41.430824],[2.176624,41.430823],[2.176711,41.43082],[2.176811,41.430817],[2.176833,41.430817],[2.176833,41.430804],[2.176831,41.430762],[2.176657,41.430767],[2.176658,41.430794],[2.176622,41.430796],[2.176621,41.430768],[2.17645,41.430773],[2.176451,41.430807],[2.176452,41.430828],[2.176489,41.430827],[2.176505,41.430826]]]}},
{"type":"Feature","properties":{"height_m":7.7},"geometry":{"type":"Polygon","coordinates":[[[2.172608,41.434719],[2.172575,41.434721],[2.172545,41.434731],[2.172521,41.434749],[2.172508,41.434772],[2.172505,41.434797],[2.172515,41.434822],[2.172535,41.434842],[2.172561,41.434855],[2.172591,41.434861],[2.172623,41.434859],[2.172652,41.43485],[2.172675,41.434834],[2.17269,41.434813],[2.172695,41.434788],[2.172688,41.434762],[2.172669,41.434741],[2.172642,41.434725],[2.172608,41.434719]]]}},
{"type":"Feature","properties":{"height_m":10.2},"geometry":{"type":"Polygon","coordinates":[[[2.174915,41.432284],[2.175009,41.432353],[2.174969,41.432383],[2.175057,41.432451],[2.175099,41.432424],[2.175128,41.43244],[2.175138,41.432433],[2.175244,41.432355],[2.174999,41.432221],[2.174915,41.432284]]]}},
{"type":"Feature","properties":{"height_m":16.9},"geometry":{"type":"Polygon","coordinates":[[[2.175093,41.436771],[2.175298,41.436676],[2.175667,41.437142],[2.175462,41.437233],[2.175093,41.436771]]]}},
{"type":"Feature","properties":{"height_m":15.2},"geometry":{"type":"Polygon","coordinates":[[[2.175516,41.43661],[2.175721,41.436517],[2.175908,41.436748],[2.17588,41.436761],[2.175917,41.436809],[2.176006,41.43677],[2.176237,41.437062],[2.17603,41.437154],[2.175803,41.436861],[2.175825,41.436851],[2.175787,41.436803],[2.175701,41.436841],[2.175516,41.43661]]]}},
{"type":"Feature","properties":{"height_m":28.1},"geometry":{"type":"Polygon","coordinates":[[[2.172795,41.433298],[2.173063,41.433298],[2.173064,41.433164],[2.172796,41.433163],[2.172795,41.433298]]]}},
{"type":"Feature","properties":{"height_m":28.4},"geometry":{"type":"Polygon","coordinates":[[[2.172672,41.433526],[2.172936,41.433528],[2.172938,41.433392],[2.172674,41.43339],[2.172673,41.433476],[2.172672,41.433526]]]}},
{"type":"Feature","properties":{"height_m":28.4},"geometry":{"type":"Polygon","coordinates":[[[2.172544,41.433735],[2.172818,41.433733],[2.172817,41.433609],[2.172543,41.433611],[2.172544,41.433735]]]}},
{"type":"Feature","properties":{"height_m":17.0},"geometry":{"type":"Polygon","coordinates":[[[2.173569,41.433711],[2.173418,41.43378],[2.173123,41.433688],[2.173198,41.433536],[2.173477,41.433624],[2.173502,41.433632],[2.173569,41.433711]]]}},
{"type":"Feature","properties":{"height_m":17.2},"geometry":{"type":"Polygon","coordinates":[[[2.173123,41.433688],[2.173053,41.433805],[2.173233,41.433863],[2.173418,41.43378],[2.173123,41.433688]]]}},
{"type":"Feature","properties":{"height_m":21.0},"geometry":{"type":"Polygon","coordinates":[[[2.173198,41.433536],[2.173253,41.433438],[2.173408,41.433489],[2.17346,41.433504],[2.173528,41.433526],[2.173477,41.433624],[2.173198,41.433536]]]}},
{"type":"Feature","properties":{"height_m":21.4},"geometry":{"type":"Polygon","coordinates":[[[2.173253,41.433438],[2.173342,41.433269],[2.173401,41.433287],[2.173436,41.433298],[2.1735,41.433318],[2.173472,41.43337],[2.173408,41.433489],[2.173253,41.433438]]]}},
{"type":"Feature","properties":{"height_m":7.0},"geometry":{"type":"Polygon","coordinates":[[[2.173603,41.433351],[2.173649,41.433367],[2.173602,41.433298],[2.173366,41.433226],[2.173342,41.433269],[2.173401,41.433287],[2.173407,41.433274],[2.173443,41.433285],[2.173436,41.433298],[2.1735,41.433318],[2.173603,41.433351]]]}},
{"type":"Feature","properties":{"height_m":22.9},"geometry":{"type":"Polygon","coordinates":[[[2.174357,41.43143],[2.174581,41.431501],[2.174497,41.431649],[2.174276,41.431581],[2.174357,41.43143]]]}},
{"type":"Feature","properties":{"height_m":21.0},"geometry":{"type":"Polygon","coordinates":[[[2.174276,41.431581],[2.174207,41.431705],[2.174409,41.431812],[2.174438,41.431758],[2.174497,41.431649],[2.174276,41.431581]]]}},
{"type":"Feature","properties":{"height_m":20.2},"geometry":{"type":"Polygon","coordinates":[[[2.174357,41.43143],[2.17445,41.431265],[2.174477,41.43127],[2.174731,41.431423],[2.174622,41.431519],[2.174611,41.431509],[2.174649,41.431445],[2.17462,41.431426],[2.174581,41.431501],[2.174357,41.43143]]]}},
{"type":"Feature","properties":{"height_m":14.3},"geometry":{"type":"Polygon","coordinates":[[[2.174731,41.431423],[2.174946,41.431551],[2.174816,41.431637],[2.174761,41.431673],[2.174583,41.431566],[2.174593,41.431543],[2.174622,41.431519],[2.174731,41.431423]]]}},
{"type":"Feature","properties":{"height_m":11.3},"geometry":{"type":"Polygon","coordinates":[[[2.174946,41.431551],[2.175042,41.431609],[2.174916,41.431696],[2.174816,41.431637],[2.174946,41.431551]]]}},
{"type":"Feature","properties":{"height_m":15.4},"geometry":{"type":"Polygon","coordinates":[[[2.175042,41.431609],[2.175104,41.431648],[2.175012,41.431718],[2.174929,41.431781],[2.174924,41.431776],[2.174913,41.431781],[2.174902,41.431772],[2.174894,41.431778],[2.174864,41.431757],[2.174879,41.431744],[2.174863,41.43173],[2.174916,41.431696],[2.175042,41.431609]]]}},
{"type":"Feature","properties":{"height_m":13.0},"geometry":{"type":"Polygon","coordinates":[[[2.175104,41.431648],[2.175163,41.431681],[2.175073,41.431749],[2.17506,41.431737],[2.175047,41.431747],[2.175012,41.431718],[2.175104,41.431648]]]}},
{"type":"Feature","properties":{"height_m":6.7},"geometry":{"type":"Polygon","coordinates":[[[2.175163,41.431681],[2.175228,41.431719],[2.175086,41.431823],[2.175063,41.431803],[2.175055,41.431809],[2.175028,41.431786],[2.175073,41.431749],[2.175163,41.431681]]]}},
{"type":"Feature","properties":{"height_m":11.0},"geometry":{"type":"Polygon","coordinates":[[[2.175228,41.431719],[2.175285,41.431755],[2.175131,41.431865],[2.175121,41.431857],[2.175081,41.431828],[2.175086,41.431823],[2.175228,41.431719]]]}},
{"type":"Feature","properties":{"height_m":11.6},"geometry":{"type":"Polygon","coordinates":[[[2.175285,41.431755],[2.175339,41.431788],[2.175235,41.431868],[2.175215,41.431883],[2.175187,41.431905],[2.175131,41.431865],[2.175285,41.431755]]]}},
{"type":"Feature","properties":{"height_m":12.4},"geometry":{"type":"Polygon","coordinates":[[[2.175339,41.431788],[2.1754,41.431825],[2.17531,41.431892],[2.175285,41.431872],[2.175302,41.431857],[2.175289,41.431847],[2.17525,41.431877],[2.175235,41.431868],[2.175339,41.431788]]]}},
{"type":"Feature","properties":{"height_m":12.3},"geometry":{"type":"Polygon","coordinates":[[[2.175187,41.431905],[2.17524,41.431945],[2.175291,41.431907],[2.175256,41.431881],[2.175234,41.431897],[2.175215,41.431883],[2.175187,41.431905]]]}},
{"type":"Feature","properties":{"height_m":11.6},"geometry":{"type":"Polygon","coordinates":[[[2.175121,41.431857],[2.175078,41.431889],[2.175194,41.431978],[2.17524,41.431945],[2.175187,41.431905],[2.175131,41.431865],[2.175121,41.431857]]]}},
{"type":"Feature","properties":{"height_m":11.8},"geometry":{"type":"Polygon","coordinates":[[[2.175194,41.431978],[2.175141,41.432019],[2.175023,41.431926],[2.175078,41.431889],[2.175194,41.431978]]]}},
{"type":"Feature","properties":{"height_m":11.5},"geometry":{"type":"Polygon","coordinates":[[[2.175141,41.432019],[2.17509,41.432057],[2.174884,41.431897],[2.174938,41.431857],[2.175023,41.431926],[2.175141,41.432019]]]}},
{"type":"Feature","properties":{"height_m":10.9},"geometry":{"type":"Polygon","coordinates":[[[2.174884,41.431897],[2.174849,41.43192],[2.174805,41.43195],[2.174741,41.431992],[2.174989,41.43213],[2.17509,41.432057],[2.174884,41.431897]]]}},
{"type":"Feature","properties":{"height_m":14.2},"geometry":{"type":"Polygon","coordinates":[[[2.174741,41.431992],[2.174682,41.431963],[2.174739,41.431922],[2.174754,41.431911],[2.174773,41.431923],[2.174818,41.431894],[2.174804,41.43188],[2.174904,41.431812],[2.174961,41.431843],[2.174938,41.431857],[2.174884,41.431897],[2.174849,41.43192],[2.174831,41.431906],[2.174786,41.431935],[2.174805,41.43195],[2.174741,41.431992]]]}},
{"type":"Feature","properties":{"height_m":17.5},"geometry":{"type":"Polygon","coordinates":[[[2.174409,41.431812],[2.174491,41.431857],[2.174551,41.431815],[2.174512,41.431782],[2.174528,41.431771],[2.174571,41.431804],[2.174663,41.431739],[2.174532,41.431658],[2.17448,41.431742],[2.174492,41.431749],[2.174463,41.431767],[2.174438,41.431758],[2.174409,41.431812]]]}},
{"type":"Feature","properties":{"height_m":10.4},"geometry":{"type":"Polygon","coordinates":[[[2.174491,41.431857],[2.174556,41.431892],[2.174704,41.431789],[2.174682,41.43177],[2.174747,41.431728],[2.174708,41.431707],[2.174663,41.431739],[2.174571,41.431804],[2.174576,41.431812],[2.174561,41.431825],[2.174551,41.431815],[2.174491,41.431857]]]}},
{"type":"Feature","properties":{"height_m":7.8},"geometry":{"type":"Polygon","coordinates":[[[2.174556,41.431892],[2.17462,41.431929],[2.174665,41.431899],[2.174653,41.43189],[2.174682,41.431871],[2.174693,41.43188],[2.174769,41.431827],[2.174713,41.431783],[2.174704,41.431789],[2.174556,41.431892]]]}},
{"type":"Feature","properties":{"height_m":12.3},"geometry":{"type":"Polygon","coordinates":[[[2.17462,41.431929],[2.174682,41.431963],[2.174739,41.431922],[2.174725,41.43191],[2.174723,41.431896],[2.174738,41.431888],[2.17476,41.431906],[2.174804,41.43188],[2.174904,41.431812],[2.174879,41.431797],[2.174866,41.431807],[2.174841,41.431781],[2.174769,41.431827],[2.174693,41.43188],[2.174665,41.431899],[2.17462,41.431929]]]}},
{"type":"Feature","properties":{"height_m":6.2},"geometry":{"type":"Polygon","coordinates":[[[2.176204,41.433061],[2.176474,41.432941],[2.176421,41.432877],[2.176225,41.432963],[2.17608,41.432766],[2.176002,41.432803],[2.176152,41.432995],[2.176204,41.433061]]]}},
{"type":"Feature","properties":{"height_m":19.6},"geometry":{"type":"Polygon","coordinates":[[[2.176294,41.433176],[2.17642,41.433119],[2.176449,41.433107],[2.176503,41.433083],[2.176558,41.433058],[2.176586,41.433046],[2.176712,41.43299],[2.176629,41.432892],[2.176616,41.432877],[2.176474,41.432941],[2.176204,41.433061],[2.176215,41.433076],[2.176294,41.433176]]]}},
{"type":"Feature","properties":{"height_m":19.0},"geometry":{"type":"Polygon","coordinates":[[[2.176474,41.432941],[2.176616,41.432877],[2.176561,41.432809],[2.176237,41.432422],[2.176116,41.43251],[2.176213,41.432625],[2.176265,41.43269],[2.176421,41.432877],[2.176474,41.432941]]]}},
{"type":"Feature","properties":{"height_m":5.1},"geometry":{"type":"Polygon","coordinates":[[[2.179509,41.437254],[2.179526,41.437277],[2.179727,41.437193],[2.179942,41.437101],[2.179925,41.43708],[2.17971,41.43717],[2.179509,41.437254]]]}},
{"type":"Feature","properties":{"height_m":33.1},"geometry":{"type":"Polygon","coordinates":[[[2.173634,41.43659],[2.173711,41.436695],[2.173622,41.43673],[2.173609,41.436709],[2.173567,41.436727],[2.173582,41.43675],[2.173498,41.436783],[2.17342,41.436675],[2.173507,41.43664],[2.173514,41.436649],[2.173551,41.436634],[2.173545,41.436626],[2.173634,41.43659]]]}},
{"type":"Feature","properties":{"height_m":33.0},"geometry":{"type":"Polygon","coordinates":[[[2.173711,41.436695],[2.17379,41.436801],[2.173699,41.436837],[2.173687,41.436819],[2.173649,41.436833],[2.173662,41.436852],[2.173571,41.436888],[2.173498,41.436783],[2.173582,41.43675],[2.173614,41.436796],[2.173656,41.436779],[2.173622,41.43673],[2.173711,41.436695]]]}},
{"type":"Feature","properties":{"height_m":33.0},"geometry":{"type":"Polygon","coordinates":[[[2.17379,41.436801],[2.173871,41.436913],[2.173776,41.436953],[2.173747,41.436905],[2.173708,41.436919],[2.173741,41.436967],[2.173656,41.437001],[2.173571,41.436888],[2.173662,41.436852],[2.173678,41.436875],[2.173717,41.436862],[2.173699,41.436837],[2.17379,41.436801]]]}},
{"type":"Feature","properties":{"height_m":4.7},"geometry":{"type":"Polygon","coordinates":[[[2.174268,41.436332],[2.174352,41.436454],[2.174431,41.436568],[2.174503,41.436672],[2.174297,41.436756],[2.174215,41.436641],[2.174141,41.436537],[2.174056,41.436416],[2.174268,41.436332]]]}},
{"type":"Feature","properties":{"height_m":33.4},"geometry":{"type":"Polygon","coordinates":[[[2.174056,41.436416],[2.173838,41.436507],[2.173923,41.436622],[2.174141,41.436537],[2.174056,41.436416]]]}},
{"type":"Feature","properties":{"height_m":31.6},"geometry":{"type":"Polygon","coordinates":[[[2.174215,41.436641],[2.174001,41.436729],[2.173923,41.436622],[2.174141,41.436537],[2.174215,41.436641]]]}},
{"type":"Feature","properties":{"height_m":33.1},"geometry":{"type":"Polygon","coordinates":[[[2.174215,41.436641],[2.174297,41.436756],[2.174086,41.436845],[2.174001,41.436729],[2.174215,41.436641]]]}},
{"type":"Feature","properties":{"height_m":31.9},"geometry":{"type":"Polygon","coordinates":[[[2.174431,41.436568],[2.174522,41.436531],[2.174541,41.43656],[2.174577,41.436549],[2.174556,41.436517],[2.174645,41.436481],[2.174731,41.436599],[2.174639,41.436638],[2.174605,41.436586],[2.174568,41.4366],[2.174605,41.43665],[2.174514,41.436688],[2.174503,41.436672],[2.174431,41.436568]]]}},
{"type":"Feature","properties":{"height_m":32.1},"geometry":{"type":"Polygon","coordinates":[[[2.174645,41.436481],[2.174567,41.436366],[2.174477,41.436403],[2.174495,41.436428],[2.174457,41.436447],[2.17444,41.436419],[2.174352,41.436454],[2.174431,41.436568],[2.174522,41.436531],[2.174491,41.436485],[2.174526,41.436472],[2.174556,41.436517],[2.174645,41.436481]]]}},
{"type":"Feature","properties":{"height_m":31.9},"geometry":{"type":"Polygon","coordinates":[[[2.174567,41.436366],[2.174479,41.436247],[2.174391,41.436281],[2.174427,41.436332],[2.174387,41.436348],[2.174352,41.436297],[2.174268,41.436332],[2.174352,41.436454],[2.17444,41.436419],[2.174419,41.436387],[2.174458,41.436374],[2.174477,41.436403],[2.174567,41.436366]]]}},
{"type":"Feature","properties":{"height_m":17.2},"geometry":{"type":"Polygon","coordinates":[[[2.175347,41.438214],[2.175649,41.438252],[2.17565,41.438265],[2.175837,41.438285],[2.175837,41.4383],[2.175811,41.438301],[2.175769,41.438302],[2.175689,41.438302],[2.175676,41.438304],[2.17558,41.43831],[2.175572,41.438348],[2.175138,41.438293],[2.175136,41.438259],[2.175259,41.438248],[2.175326,41.438242],[2.175351,41.43824],[2.175347,41.438214]]]}},
{"type":"Feature","properties":{"height_m":21.1},"geometry":{"type":"Polygon","coordinates":[[[2.175136,41.438259],[2.175116,41.438225],[2.1751,41.438199],[2.175083,41.438181],[2.175067,41.438166],[2.175047,41.438146],[2.175312,41.438028],[2.175332,41.438114],[2.175295,41.438129],[2.175306,41.438144],[2.175339,41.438132],[2.175347,41.438214],[2.175351,41.43824],[2.175326,41.438242],[2.175302,41.438212],[2.175248,41.438236],[2.175259,41.438248],[2.175136,41.438259]]]}},
{"type":"Feature","properties":{"height_m":10.9},"geometry":{"type":"Polygon","coordinates":[[[2.175312,41.438028],[2.175587,41.437906],[2.175608,41.438015],[2.175339,41.438132],[2.175332,41.438114],[2.175312,41.438028]]]}},
{"type":"Feature","properties":{"height_m":16.9},"geometry":{"type":"Polygon","coordinates":[[[2.175572,41.438348],[2.175821,41.438379],[2.175832,41.438331],[2.175808,41.438328],[2.175811,41.438301],[2.175769,41.438302],[2.175762,41.438322],[2.175689,41.438316],[2.175689,41.438302],[2.175676,41.438304],[2.17558,41.43831],[2.175572,41.438348]]]}},
{"type":"Feature","properties":{"height_m":17.6},"geometry":{"type":"Polygon","coordinates":[[[2.175821,41.438379],[2.175996,41.438403],[2.176018,41.438306],[2.175967,41.4383],[2.17596,41.43833],[2.175883,41.438318],[2.175888,41.438293],[2.175882,41.438291],[2.175837,41.438285],[2.175837,41.4383],[2.175832,41.438331],[2.175821,41.438379]]]}},
{"type":"Feature","properties":{"height_m":16.1},"geometry":{"type":"Polygon","coordinates":[[[2.176018,41.438306],[2.176035,41.438228],[2.175979,41.438156],[2.175828,41.438167],[2.175893,41.438247],[2.175882,41.438291],[2.175888,41.438293],[2.175967,41.4383],[2.176018,41.438306]]]}},
{"type":"Feature","properties":{"height_m":16.9},"geometry":{"type":"Polygon","coordinates":[[[2.175979,41.438156],[2.175809,41.437938],[2.175734,41.437947],[2.175748,41.43802],[2.175751,41.438045],[2.175755,41.438068],[2.175778,41.438096],[2.175766,41.438102],[2.175817,41.438169],[2.175828,41.438167],[2.175979,41.438156]]]}},
{"type":"Feature","properties":{"height_m":13.7},"geometry":{"type":"Polygon","coordinates":[[[2.175651,41.437876],[2.175587,41.437906],[2.175608,41.438015],[2.175638,41.438186],[2.175707,41.438178],[2.175698,41.43813],[2.175683,41.43805],[2.175679,41.438025],[2.175671,41.437981],[2.175646,41.437982],[2.17564,41.43795],[2.175664,41.437948],[2.175651,41.437876]]]}},
{"type":"Feature","properties":{"height_m":21.4},"geometry":{"type":"Polygon","coordinates":[[[2.175881,41.43777],[2.176107,41.437672],[2.176235,41.437831],[2.176327,41.437949],[2.176315,41.437958],[2.176288,41.437982],[2.176257,41.438008],[2.176218,41.438041],[2.176168,41.437978],[2.17615,41.437986],[2.176077,41.43802],[2.175881,41.43777]]]}},
{"type":"Feature","properties":{"height_m":17.0},"geometry":{"type":"Polygon","coordinates":[[[2.172782,41.43495],[2.173205,41.43475],[2.173268,41.434827],[2.172839,41.435022],[2.172782,41.43495]]]}},
{"type":"Feature","properties":{"height_m":5.3},"geometry":{"type":"Polygon","coordinates":[[[2.173285,41.434716],[2.173377,41.434833],[2.173313,41.434861],[2.17322,41.434744],[2.173285,41.434716]]]}},
{"type":"Feature","properties":{"height_m":16.9},"geometry":{"type":"Polygon","coordinates":[[[2.173065,41.43505],[2.172933,41.43511],[2.173111,41.435338],[2.173211,41.435291],[2.173094,41.435147],[2.173116,41.435135],[2.173094,41.435109],[2.173107,41.435103],[2.173065,41.43505]]]}},
{"type":"Feature","properties":{"height_m":4.0},"geometry":{"type":"Polygon","coordinates":[[[2.17263,41.435119],[2.172767,41.435291],[2.172887,41.435441],[2.172726,41.435519],[2.172646,41.435419],[2.172485,41.435373],[2.17263,41.435119]]]}},
{"type":"Feature","properties":{"height_m":17.5},"geometry":{"type":"Polygon","coordinates":[[[2.172485,41.435373],[2.172426,41.435481],[2.172502,41.435508],[2.172507,41.435498],[2.172567,41.435518],[2.172542,41.43553],[2.172583,41.435583],[2.172726,41.435519],[2.172646,41.435419],[2.172485,41.435373]]]}},
{"type":"Feature","properties":{"height_m":16.9},"geometry":{"type":"Polygon","coordinates":[[[2.172583,41.435583],[2.172465,41.435639],[2.172392,41.435541],[2.172426,41.435481],[2.172502,41.435508],[2.172512,41.435512],[2.172492,41.435539],[2.172501,41.435551],[2.172542,41.43553],[2.172583,41.435583]]]}},
{"type":"Feature","properties":{"height_m":16.0},"geometry":{"type":"Polygon","coordinates":[[[2.17263,41.435119],[2.172734,41.435071],[2.17286,41.435227],[2.17281,41.435245],[2.172823,41.435268],[2.172767,41.435291],[2.17263,41.435119]]]}},
{"type":"Feature","properties":{"height_m":15.7},"geometry":{"type":"Polygon","coordinates":[[[2.17286,41.435227],[2.172993,41.435393],[2.172887,41.435441],[2.172767,41.435291],[2.172823,41.435268],[2.17281,41.435245],[2.17286,41.435227]]]}},
{"type":"Feature","properties":{"height_m":18.6},"geometry":{"type":"Polygon","coordinates":[[[2.17452,41.432442],[2.174565,41.432474],[2.174366,41.432624],[2.17433,41.432578],[2.174398,41.432529],[2.174419,41.432515],[2.17452,41.432442]]]}},
{"type":"Feature","properties":{"height_m":6.9},"geometry":{"type":"Polygon","coordinates":[[[2.17452,41.432442],[2.174478,41.432411],[2.174299,41.432539],[2.17433,41.432578],[2.174398,41.432529],[2.174391,41.432523],[2.17441,41.432509],[2.174419,41.432515],[2.17452,41.432442]]]}},
{"type":"Feature","properties":{"height_m":20.0},"geometry":{"type":"Polygon","coordinates":[[[2.174478,41.432411],[2.174392,41.432345],[2.174237,41.432462],[2.174299,41.432539],[2.174478,41.432411]]]}},
{"type":"Feature","properties":{"height_m":17.5},"geometry":{"type":"Polygon","coordinates":[[[2.174392,41.432345],[2.174296,41.432275],[2.174267,41.432297],[2.17424,41.432317],[2.174167,41.432373],[2.174237,41.432462],[2.174392,41.432345]]]}},
{"type":"Feature","properties":{"height_m":19.6},"geometry":{"type":"Polygon","coordinates":[[[2.174296,41.432275],[2.174171,41.432181],[2.174142,41.432203],[2.174165,41.432222],[2.174136,41.432241],[2.174114,41.432223],[2.174073,41.432255],[2.174167,41.432373],[2.17424,41.432317],[2.174207,41.432291],[2.174234,41.432271],[2.174267,41.432297],[2.174296,41.432275]]]}},
{"type":"Feature","properties":{"height_m":21.9},"geometry":{"type":"Polygon","coordinates":[[[2.174171,41.432181],[2.174011,41.432062],[2.173973,41.432128],[2.174073,41.432255],[2.174114,41.432223],[2.174142,41.432203],[2.174171,41.432181]]]}},
{"type":"Feature","properties":{"height_m":19.7},"geometry":{"type":"Polygon","coordinates":[[[2.174173,41.431771],[2.174047,41.431995],[2.174159,41.432076],[2.17422,41.432034],[2.174202,41.43202],[2.174244,41.431992],[2.174261,41.432006],[2.174303,41.431977],[2.174285,41.431962],[2.174329,41.431936],[2.174345,41.431949],[2.174412,41.431905],[2.174173,41.431771]]]}},
{"type":"Feature","properties":{"height_m":17.6},"geometry":{"type":"Polygon","coordinates":[[[2.174159,41.432076],[2.174361,41.432225],[2.174494,41.432121],[2.174513,41.432106],[2.174623,41.43202],[2.174412,41.431905],[2.174345,41.431949],[2.174355,41.431957],[2.174313,41.431986],[2.174303,41.431977],[2.174261,41.432006],[2.17427,41.432013],[2.174229,41.432041],[2.17422,41.432034],[2.174159,41.432076]]]}},
{"type":"Feature","properties":{"height_m":15.1},"geometry":{"type":"Polygon","coordinates":[[[2.174623,41.43202],[2.174781,41.432104],[2.174626,41.432223],[2.174563,41.432174],[2.174536,41.432153],[2.174562,41.432133],[2.174513,41.432106],[2.174623,41.43202]]]}},
{"type":"Feature","properties":{"height_m":15.6},"geometry":{"type":"Polygon","coordinates":[[[2.174563,41.432174],[2.174429,41.432274],[2.174496,41.432325],[2.174535,41.432295],[2.174523,41.432286],[2.174545,41.43227],[2.174554,41.43228],[2.174619,41.432229],[2.174626,41.432223],[2.174563,41.432174]]]}},
{"type":"Feature","properties":{"height_m":15.5},"geometry":{"type":"Polygon","coordinates":[[[2.174429,41.432274],[2.174361,41.432225],[2.174494,41.432121],[2.174536,41.432153],[2.174563,41.432174],[2.174429,41.432274]]]}},
{"type":"Feature","properties":{"height_m":6.8},"geometry":{"type":"Polygon","coordinates":[[[2.174619,41.432229],[2.174661,41.43226],[2.174536,41.432356],[2.174496,41.432325],[2.174535,41.432295],[2.174554,41.43228],[2.174619,41.432229]]]}},
{"type":"Feature","properties":{"height_m":6.7},"geometry":{"type":"Polygon","coordinates":[[[2.174536,41.432356],[2.174572,41.432384],[2.1747,41.432288],[2.174709,41.432282],[2.174685,41.432261],[2.174671,41.43227],[2.174661,41.43226],[2.174536,41.432356]]]}},
{"type":"Feature","properties":{"height_m":7.1},"geometry":{"type":"Polygon","coordinates":[[[2.174572,41.432384],[2.174615,41.432414],[2.174791,41.43228],[2.174778,41.432267],[2.174724,41.432308],[2.1747,41.432288],[2.174572,41.432384]]]}},
{"type":"Feature","properties":{"height_m":17.9},"geometry":{"type":"Polygon","coordinates":[[[2.175509,41.433526],[2.17549,41.433501],[2.17543,41.433428],[2.175364,41.433345],[2.175384,41.433336],[2.175318,41.433252],[2.175238,41.43315],[2.175313,41.433116],[2.175464,41.433047],[2.175631,41.43297],[2.175797,41.432895],[2.175876,41.432859],[2.175957,41.43296],[2.176094,41.433131],[2.176174,41.433231],[2.176086,41.43327],[2.175927,41.433341],[2.175696,41.433443],[2.175509,41.433526]]]}},
{"type":"Feature","properties":{"height_m":16.9},"geometry":{"type":"Polygon","coordinates":[[[2.175098,41.433543],[2.175146,41.433603],[2.175196,41.433667],[2.175277,41.433631],[2.175179,41.433507],[2.175098,41.433543]]]}},
{"type":"Feature","properties":{"height_m":17.2},"geometry":{"type":"Polygon","coordinates":[[[2.174998,41.433417],[2.175048,41.43348],[2.175098,41.433543],[2.175179,41.433507],[2.175079,41.433381],[2.174998,41.433417]]]}},
{"type":"Feature","properties":{"height_m":17.7},"geometry":{"type":"Polygon","coordinates":[[[2.177721,41.433724],[2.177821,41.433839],[2.177637,41.433926],[2.177539,41.433809],[2.177721,41.433724]]]}},
{"type":"Feature","properties":{"height_m":19.2},"geometry":{"type":"Polygon","coordinates":[[[2.177721,41.433724],[2.177625,41.433603],[2.177442,41.433691],[2.177539,41.433809],[2.177721,41.433724]]]}},
{"type":"Feature","properties":{"height_m":19.1},"geometry":{"type":"Polygon","coordinates":[[[2.177625,41.433603],[2.17753,41.433486],[2.177341,41.433572],[2.177442,41.433691],[2.177625,41.433603]]]}},
{"type":"Feature","properties":{"height_m":17.6},"geometry":{"type":"Polygon","coordinates":[[[2.177998,41.433456],[2.178101,41.433568],[2.178026,41.433609],[2.17799,41.433571],[2.177957,41.433585],[2.177991,41.43362],[2.177915,41.43366],[2.177816,41.433545],[2.177892,41.433506],[2.177925,41.433548],[2.177962,41.433534],[2.177924,41.433492],[2.177998,41.433456]]]}},
{"type":"Feature","properties":{"height_m":17.6},"geometry":{"type":"Polygon","coordinates":[[[2.178101,41.433568],[2.178201,41.433687],[2.178129,41.433725],[2.178089,41.433681],[2.178059,41.433696],[2.178094,41.43374],[2.178019,41.433781],[2.177915,41.43366],[2.177991,41.43362],[2.178029,41.433668],[2.178061,41.433651],[2.178026,41.433609],[2.178101,41.433568]]]}},
{"type":"Feature","properties":{"height_m":17.4},"geometry":{"type":"Polygon","coordinates":[[[2.178201,41.433687],[2.178303,41.433805],[2.178229,41.433844],[2.178193,41.433799],[2.17816,41.433816],[2.1782,41.433858],[2.17812,41.433897],[2.178019,41.433781],[2.178094,41.43374],[2.178127,41.433778],[2.178157,41.433765],[2.178129,41.433725],[2.178201,41.433687]]]}},
{"type":"Feature","properties":{"height_m":17.6},"geometry":{"type":"Polygon","coordinates":[[[2.178304,41.43351],[2.1784,41.433629],[2.178478,41.433592],[2.178447,41.433552],[2.178477,41.433536],[2.178511,41.433574],[2.178585,41.43354],[2.178483,41.433425],[2.178407,41.43346],[2.17844,41.433495],[2.178414,41.433512],[2.178379,41.433474],[2.178304,41.43351]]]}},
{"type":"Feature","properties":{"height_m":16.6},"geometry":{"type":"Polygon","coordinates":[[[2.178585,41.43354],[2.17869,41.433659],[2.178502,41.433752],[2.1784,41.433629],[2.178478,41.433592],[2.178511,41.433574],[2.178585,41.43354]]]}},
{"type":"Feature","properties":{"height_m":15.1},"geometry":{"type":"Polygon","coordinates":[[[2.173276,41.432393],[2.173365,41.432424],[2.172978,41.433106],[2.172885,41.433104],[2.173276,41.432393]]]}},
{"type":"Feature","properties":{"height_m":16.9},"geometry":{"type":"Polygon","coordinates":[[[2.173432,41.432447],[2.173517,41.432474],[2.17316,41.433112],[2.173068,41.433106],[2.173432,41.432447]]]}},
{"type":"Feature","properties":{"height_m":24.6},"geometry":{"type":"Polygon","coordinates":[[[2.171883,41.435011],[2.171939,41.435097],[2.172171,41.434914],[2.172115,41.434829],[2.171883,41.435011]]]}},
{"type":"Feature","properties":{"height_m":19.9},"geometry":{"type":"Polygon","coordinates":[[[2.171789,41.435053],[2.171863,41.434986],[2.171931,41.4351],[2.171902,41.435128],[2.171789,41.435053]]]}},
{"type":"Feature","properties":{"height_m":10.2},"geometry":{"type":"Polygon","coordinates":[[[2.172107,41.434805],[2.171976,41.434851],[2.171939,41.4348],[2.172077,41.434744],[2.172107,41.434805]]]}},
{"type":"Feature","properties":{"height_m":8.4},"geometry":{"type":"Polygon","coordinates":[[[2.172077,41.434744],[2.172048,41.434699],[2.172037,41.434703],[2.171818,41.434778],[2.171808,41.434782],[2.17184,41.434833],[2.171939,41.4348],[2.172077,41.434744]]]}},
{"type":"Feature","properties":{"height_m":5.4},"geometry":{"type":"Polygon","coordinates":[[[2.172596,41.434698],[2.172697,41.434517],[2.172769,41.434536],[2.172934,41.434463],[2.172988,41.434535],[2.172729,41.434656],[2.17283,41.43478],[2.172742,41.434817],[2.17273,41.434799],[2.172705,41.434751],[2.172596,41.434698]]]}},
{"type":"Feature","properties":{"height_m":15.6},"geometry":{"type":"Polygon","coordinates":[[[2.17283,41.43478],[2.172729,41.434656],[2.172988,41.434535],[2.17301,41.43464],[2.17302,41.434688],[2.17283,41.43478]]]}},
{"type":"Feature","properties":{"height_m":5.8},"geometry":{"type":"Polygon","coordinates":[[[2.17302,41.434688],[2.173197,41.434606],[2.173173,41.434579],[2.17301,41.43464],[2.17302,41.434688]]]}},
{"type":"Feature","properties":{"height_m":18.0},"geometry":{"type":"Polygon","coordinates":[[[2.172988,41.434535],[2.173092,41.434479],[2.173106,41.434471],[2.173178,41.43457],[2.17301,41.43464],[2.172988,41.434535]]]}},
{"type":"Feature","properties":{"height_m":6.5},"geometry":{"type":"Polygon","coordinates":[[[2.172934,41.434463],[2.172988,41.434535],[2.173092,41.434479],[2.173044,41.434407],[2.172934,41.434463]]]}},
{"type":"Feature","properties":{"height_m":19.6},"geometry":{"type":"Polygon","coordinates":[[[2.172809,41.434227],[2.172944,41.434267],[2.172862,41.434424],[2.172841,41.434418],[2.172811,41.434479],[2.172776,41.434473],[2.172767,41.434494],[2.172734,41.43448],[2.172656,41.434469],[2.172693,41.434405],[2.17271,41.434407],[2.172809,41.434227]]]}},
{"type":"Feature","properties":{"height_m":36.5},"geometry":{"type":"Polygon","coordinates":[[[2.171924,41.43589],[2.171933,41.435891],[2.171949,41.435989],[2.171938,41.435991],[2.171945,41.43602],[2.171969,41.436016],[2.171973,41.436031],[2.172217,41.43601],[2.172229,41.436009],[2.172221,41.435989],[2.172191,41.435993],[2.172189,41.435972],[2.172186,41.435957],[2.172206,41.435952],[2.172198,41.435866],[2.17217,41.435869],[2.172171,41.435861],[2.172185,41.43586],[2.172182,41.435838],[2.172087,41.435846],[2.172085,41.435859],[2.172019,41.43587],[2.17202,41.435858],[2.171918,41.435859],[2.171924,41.43589]]]}},
{"type":"Feature","properties":{"height_m":36.0},"geometry":{"type":"Polygon","coordinates":[[[2.171993,41.436164],[2.172091,41.436156],[2.172089,41.436145],[2.172154,41.43614],[2.172154,41.436149],[2.172247,41.43614],[2.172247,41.43612],[2.172231,41.43612],[2.172217,41.43601],[2.171973,41.436031],[2.171976,41.436039],[2.171993,41.436164]]]}},
{"type":"Feature","properties":{"height_m":37.1},"geometry":{"type":"Polygon","coordinates":[[[2.172268,41.436587],[2.172568,41.436557],[2.172492,41.436223],[2.172199,41.436258],[2.172268,41.436587]]]}},
{"type":"Feature","properties":{"height_m":37.0},"geometry":{"type":"Polygon","coordinates":[[[2.172512,41.436671],[2.172541,41.436855],[2.172561,41.436851],[2.172591,41.436985],[2.172867,41.436972],[2.17281,41.43665],[2.172512,41.436671]]]}},
{"type":"Feature","properties":{"height_m":37.0},"geometry":{"type":"Polygon","coordinates":[[[2.172903,41.43708],[2.172986,41.437383],[2.173297,41.43735],[2.173266,41.437188],[2.173208,41.437034],[2.172902,41.437059],[2.172903,41.43708]]]}},
{"type":"Feature","properties":{"height_m":7.0},"geometry":{"type":"Polygon","coordinates":[[[2.176352,41.437196],[2.176464,41.437318],[2.176373,41.437379],[2.176333,41.437348],[2.176204,41.437421],[2.176116,41.437331],[2.176352,41.437196]]]}},
{"type":"Feature","properties":{"height_m":19.3},"geometry":{"type":"Polygon","coordinates":[[[2.173459,41.433073],[2.173681,41.43314],[2.173759,41.433088],[2.17349,41.43301],[2.173459,41.433073]]]}},
{"type":"Feature","properties":{"height_m":20.7},"geometry":{"type":"Polygon","coordinates":[[[2.17356,41.432903],[2.17349,41.43301],[2.173759,41.433088],[2.173875,41.433002],[2.17356,41.432903]]]}},
{"type":"Feature","properties":{"height_m":20.6},"geometry":{"type":"Polygon","coordinates":[[[2.17356,41.432903],[2.173618,41.432788],[2.173885,41.432863],[2.173937,41.432951],[2.173875,41.433002],[2.17356,41.432903]]]}},
{"type":"Feature","properties":{"height_m":17.3},"geometry":{"type":"Polygon","coordinates":[[[2.173618,41.432788],[2.173674,41.432678],[2.173812,41.432714],[2.173885,41.432863],[2.173618,41.432788]]]}},
{"type":"Feature","properties":{"height_m":19.1},"geometry":{"type":"Polygon","coordinates":[[[2.173674,41.432678],[2.173731,41.432576],[2.173857,41.432617],[2.173881,41.432624],[2.173835,41.432718],[2.173812,41.432714],[2.173674,41.432678]]]}},
{"type":"Feature","properties":{"height_m":19.1},"geometry":{"type":"Polygon","coordinates":[[[2.173731,41.432576],[2.173845,41.432386],[2.173936,41.432417],[2.174009,41.432505],[2.173874,41.432605],[2.173857,41.432617],[2.173731,41.432576]]]}},
{"type":"Feature","properties":{"height_m":20.8},"geometry":{"type":"Polygon","coordinates":[[[2.174009,41.432505],[2.174043,41.432554],[2.173903,41.432647],[2.173874,41.432605],[2.174009,41.432505]]]}},
{"type":"Feature","properties":{"height_m":21.1},"geometry":{"type":"Polygon","coordinates":[[[2.174043,41.432554],[2.174118,41.432663],[2.173982,41.432752],[2.173903,41.432647],[2.174043,41.432554]]]}},
{"type":"Feature","properties":{"height_m":21.1},"geometry":{"type":"Polygon","coordinates":[[[2.174118,41.432663],[2.174203,41.432756],[2.174026,41.432894],[2.173943,41.432778],[2.173982,41.432752],[2.174118,41.432663]]]}},
{"type":"Feature","properties":{"height_m":21.8},"geometry":{"type":"Polygon","coordinates":[[[2.174255,41.432833],[2.174612,41.433275],[2.174275,41.43343],[2.174152,41.43327],[2.174289,41.433205],[2.17408,41.43296],[2.174255,41.432833]]]}},
{"type":"Feature","properties":{"height_m":18.4},"geometry":{"type":"Polygon","coordinates":[[[2.173855,41.433141],[2.174111,41.433481],[2.174214,41.433445],[2.173932,41.43308],[2.173855,41.433141]]]}},
{"type":"Feature","properties":{"height_m":17.9},"geometry":{"type":"Polygon","coordinates":[[[2.174512,41.435564],[2.174563,41.435634],[2.17492,41.435488],[2.174864,41.435412],[2.174512,41.435564]]]}},
{"type":"Feature","properties":{"height_m":17.4},"geometry":{"type":"Polygon","coordinates":[[[2.174883,41.435367],[2.174989,41.43533],[2.175136,41.435561],[2.17502,41.4356],[2.174883,41.435367]]]}},
{"type":"Feature","properties":{"height_m":21.7},"geometry":{"type":"Polygon","coordinates":[[[2.175062,41.435783],[2.175226,41.435719],[2.175338,41.435864],[2.175177,41.435945],[2.175062,41.435783]]]}},
{"type":"Feature","properties":{"height_m":14.7},"geometry":{"type":"Polygon","coordinates":[[[2.174676,41.432476],[2.174915,41.432284],[2.175009,41.432353],[2.174969,41.432383],[2.174772,41.432535],[2.174676,41.432476]]]}},
{"type":"Feature","properties":{"height_m":3.7},"geometry":{"type":"Polygon","coordinates":[[[2.174772,41.432535],[2.174893,41.43262],[2.174909,41.432609],[2.175134,41.432453],[2.175128,41.43244],[2.175099,41.432424],[2.175057,41.432451],[2.174969,41.432383],[2.174772,41.432535]]]}},
{"type":"Feature","properties":{"height_m":7.9},"geometry":{"type":"Polygon","coordinates":[[[2.174909,41.432609],[2.17497,41.432654],[2.175136,41.432531],[2.175165,41.432507],[2.17518,41.432492],[2.175197,41.432482],[2.17515,41.432443],[2.175134,41.432453],[2.174909,41.432609]]]}},
{"type":"Feature","properties":{"height_m":12.0},"geometry":{"type":"Polygon","coordinates":[[[2.17497,41.432654],[2.174955,41.432669],[2.175175,41.432827],[2.175308,41.43266],[2.175136,41.432531],[2.17497,41.432654]]]}},
{"type":"Feature","properties":{"height_m":22.6},"geometry":{"type":"Polygon","coordinates":[[[2.175175,41.432827],[2.175315,41.43293],[2.17571,41.432631],[2.175462,41.432491],[2.175308,41.43266],[2.175175,41.432827]]]}},
{"type":"Feature","properties":{"height_m":10.2},"geometry":{"type":"Polygon","coordinates":[[[2.175308,41.43266],[2.175136,41.432531],[2.175165,41.432507],[2.17518,41.432492],[2.175197,41.432482],[2.175305,41.432398],[2.175462,41.432491],[2.175308,41.43266]]]}},
{"type":"Feature","properties":{"height_m":11.6},"geometry":{"type":"Polygon","coordinates":[[[2.175197,41.432482],[2.175305,41.432398],[2.175244,41.432355],[2.175138,41.432433],[2.17515,41.432443],[2.175197,41.432482]]]}},
{"type":"Feature","properties":{"height_m":20.9},"geometry":{"type":"Polygon","coordinates":[[[2.174423,41.432668],[2.174463,41.43275],[2.174704,41.432572],[2.174622,41.432511],[2.174423,41.432668]]]}},
{"type":"Feature","properties":{"height_m":2.9},"geometry":{"type":"Polygon","coordinates":[[[2.174463,41.43275],[2.174493,41.432788],[2.174589,41.432718],[2.174642,41.432679],[2.174736,41.43261],[2.174704,41.432572],[2.174463,41.43275]]]}},
{"type":"Feature","properties":{"height_m":16.6},"geometry":{"type":"Polygon","coordinates":[[[2.174493,41.432788],[2.174562,41.43287],[2.174653,41.432804],[2.174589,41.432718],[2.174493,41.432788]]]}},
{"type":"Feature","properties":{"height_m":20.9},"geometry":{"type":"Polygon","coordinates":[[[2.174653,41.432804],[2.174691,41.432786],[2.1748,41.432933],[2.174813,41.43295],[2.174658,41.433021],[2.174552,41.432891],[2.174562,41.43287],[2.174653,41.432804]]]}},
{"type":"Feature","properties":{"height_m":21.2},"geometry":{"type":"Polygon","coordinates":[[[2.174658,41.433021],[2.174804,41.433206],[2.175264,41.432991],[2.175157,41.432902],[2.175148,41.432908],[2.175024,41.432992],[2.17492,41.433061],[2.174823,41.432946],[2.174658,41.433021]]]}},
{"type":"Feature","properties":{"height_m":7.2},"geometry":{"type":"Polygon","coordinates":[[[2.175148,41.432908],[2.175084,41.432863],[2.175081,41.432865],[2.174966,41.432949],[2.175024,41.432992],[2.175148,41.432908]]]}},
{"type":"Feature","properties":{"height_m":3.7},"geometry":{"type":"Polygon","coordinates":[[[2.175081,41.432865],[2.175026,41.432821],[2.174908,41.432906],[2.174966,41.432949],[2.175081,41.432865]]]}},
{"type":"Feature","properties":{"height_m":12.2},"geometry":{"type":"Polygon","coordinates":[[[2.174908,41.432906],[2.175026,41.432821],[2.174967,41.432773],[2.174852,41.432864],[2.174908,41.432906]]]}},
{"type":"Feature","properties":{"height_m":15.9},"geometry":{"type":"Polygon","coordinates":[[[2.174967,41.432773],[2.174907,41.432726],[2.174784,41.432813],[2.174852,41.432864],[2.174967,41.432773]]]}},
{"type":"Feature","properties":{"height_m":6.7},"geometry":{"type":"Polygon","coordinates":[[[2.174784,41.432813],[2.174704,41.432752],[2.174722,41.432738],[2.174822,41.432662],[2.174907,41.432726],[2.174784,41.432813]]]}},
{"type":"Feature","properties":{"height_m":9.5},"geometry":{"type":"Polygon","coordinates":[[[2.174822,41.432662],[2.174736,41.43261],[2.174642,41.432679],[2.174722,41.432738],[2.174822,41.432662]]]}},
{"type":"Feature","properties":{"height_m":55.5},"geometry":{"type":"Polygon","coordinates":[[[2.173535,41.437952],[2.173568,41.43791],[2.173625,41.437836],[2.173699,41.437869],[2.173765,41.437899],[2.173905,41.437835],[2.17391,41.437833],[2.174014,41.437947],[2.173969,41.437966],[2.173864,41.438012],[2.173872,41.438135],[2.173855,41.438136],[2.17369,41.438142],[2.173679,41.438014],[2.173662,41.438008],[2.173535,41.437952]]]}},
{"type":"Feature","properties":{"height_m":3.8},"geometry":{"type":"Polygon","coordinates":[[[2.173568,41.43791],[2.173494,41.437852],[2.173443,41.437854],[2.173398,41.43759],[2.173667,41.437568],[2.173694,41.437748],[2.173905,41.437835],[2.173765,41.437899],[2.173699,41.437869],[2.173625,41.437836],[2.173568,41.43791]]]}},
{"type":"Feature","properties":{"height_m":4.2},"geometry":{"type":"Polygon","coordinates":[[[2.173855,41.438136],[2.173864,41.4382],[2.174009,41.438188],[2.173969,41.437966],[2.173864,41.438012],[2.173872,41.438135],[2.173855,41.438136]]]}},
{"type":"Feature","properties":{"height_m":18.6},"geometry":{"type":"Polygon","coordinates":[[[2.17516,41.43524],[2.175168,41.435257],[2.175142,41.435263],[2.175162,41.43529],[2.175145,41.435294],[2.175226,41.435404],[2.175245,41.435398],[2.17526,41.435426],[2.175285,41.435413],[2.175268,41.435434],[2.175298,41.43548],[2.175467,41.435414],[2.175439,41.435368],[2.175322,41.435179],[2.17516,41.43524]]]}},
{"type":"Feature","properties":{"height_m":18.7},"geometry":{"type":"Polygon","coordinates":[[[2.175322,41.435179],[2.175512,41.435103],[2.175628,41.435285],[2.175439,41.435368],[2.175322,41.435179]]]}},
{"type":"Feature","properties":{"height_m":17.0},"geometry":{"type":"Polygon","coordinates":[[[2.175323,41.435505],[2.175649,41.435425],[2.17587,41.435703],[2.175549,41.435843],[2.175323,41.435505]]]}},
{"type":"Feature","properties":{"height_m":17.7},"geometry":{"type":"Polygon","coordinates":[[[2.175628,41.435285],[2.175988,41.435694],[2.176135,41.435631],[2.175786,41.435218],[2.175628,41.435285]]]}},
{"type":"Feature","properties":{"height_m":16.0},"geometry":{"type":"Polygon","coordinates":[[[2.176092,41.435743],[2.176326,41.436036],[2.17641,41.435997],[2.176191,41.435696],[2.176092,41.435743]]]}},
{"type":"Feature","properties":{"height_m":24.2},"geometry":{"type":"Polygon","coordinates":[[[2.175724,41.436085],[2.175595,41.435923],[2.175917,41.435788],[2.176039,41.435956],[2.175724,41.436085]]]}},
{"type":"Feature","properties":{"height_m":16.4},"geometry":{"type":"Polygon","coordinates":[[[2.17582,41.43622],[2.17589,41.436291],[2.17628,41.436121],[2.176233,41.436058],[2.17582,41.43622]]]}},
{"type":"Feature","properties":{"height_m":18.6},"geometry":{"type":"Polygon","coordinates":[[[2.174835,41.436119],[2.175052,41.436036],[2.175284,41.436384],[2.175179,41.436441],[2.175242,41.436525],[2.175043,41.436628],[2.17496,41.436508],[2.175095,41.436455],[2.174835,41.436119]]]}},
{"type":"Feature","properties":{"height_m":5.1},"geometry":{"type":"Polygon","coordinates":[[[2.175449,41.436434],[2.175086,41.435991],[2.175338,41.435864],[2.175483,41.436065],[2.175406,41.436101],[2.17561,41.436371],[2.175449,41.436434]]]}},
{"type":"Feature","properties":{"height_m":16.0},"geometry":{"type":"Polygon","coordinates":[[[2.17561,41.436371],[2.175698,41.436339],[2.175483,41.436065],[2.175406,41.436101],[2.17561,41.436371]]]}},
{"type":"Feature","properties":{"height_m":17.2},"geometry":{"type":"Polygon","coordinates":[[[2.175839,41.437733],[2.176101,41.437615],[2.175937,41.437444],[2.175705,41.437575],[2.175839,41.437733]]]}},
{"type":"Feature","properties":{"height_m":24.7},"geometry":{"type":"Polygon","coordinates":[[[2.177645,41.438419],[2.177505,41.43855],[2.177495,41.438601],[2.178712,41.43876],[2.178755,41.43858],[2.178574,41.438419],[2.178378,41.438536],[2.178344,41.43852],[2.178338,41.438532],[2.17831,41.438528],[2.178311,41.43852],[2.178267,41.438515],[2.178268,41.438507],[2.178192,41.438496],[2.178189,41.438503],[2.178104,41.438493],[2.178105,41.438485],[2.17803,41.438475],[2.178028,41.438483],[2.177945,41.438472],[2.177947,41.438463],[2.17792,41.43846],[2.177832,41.438542],[2.177764,41.438489],[2.177645,41.438419]]]}},
{"type":"Feature","properties":{"height_m":23.5},"geometry":{"type":"Polygon","coordinates":[[[2.178574,41.438419],[2.178187,41.438078],[2.177995,41.438088],[2.177645,41.438419],[2.177764,41.438489],[2.177832,41.438542],[2.17792,41.43846],[2.17794,41.438438],[2.177948,41.438443],[2.177971,41.43842],[2.177964,41.438416],[2.178018,41.438367],[2.178023,41.43837],[2.178049,41.438346],[2.178036,41.438337],[2.178095,41.438282],[2.178148,41.438327],[2.178129,41.438337],[2.178188,41.438389],[2.178194,41.438385],[2.178246,41.43843],[2.17824,41.438435],[2.178286,41.438478],[2.178304,41.438466],[2.178353,41.43851],[2.178344,41.43852],[2.178378,41.438536],[2.178574,41.438419]]]}},
{"type":"Feature","properties":{"height_m":23.5},"geometry":{"type":"Polygon","coordinates":[[[2.176653,41.438308],[2.176749,41.438322],[2.176797,41.43833],[2.176838,41.438336],[2.1768,41.43851],[2.176609,41.438485],[2.176653,41.438308]]]}},
{"type":"Feature","properties":{"height_m":23.4},"geometry":{"type":"Polygon","coordinates":[[[2.1768,41.43851],[2.176973,41.438533],[2.177024,41.438328],[2.176908,41.438314],[2.176885,41.438345],[2.176838,41.438336],[2.1768,41.43851]]]}},
{"type":"Feature","properties":{"height_m":23.5},"geometry":{"type":"Polygon","coordinates":[[[2.177024,41.438328],[2.177199,41.438351],[2.177154,41.438558],[2.176973,41.438533],[2.177024,41.438328]]]}},
{"type":"Feature","properties":{"height_m":24.2},"geometry":{"type":"Polygon","coordinates":[[[2.177154,41.438558],[2.177292,41.438574],[2.17742,41.438452],[2.177228,41.438343],[2.177214,41.438353],[2.177199,41.438351],[2.177154,41.438558]]]}},
{"type":"Feature","properties":{"height_m":20.6},"geometry":{"type":"Polygon","coordinates":[[[2.17742,41.438452],[2.177545,41.438334],[2.177431,41.438228],[2.177242,41.438336],[2.177228,41.438343],[2.17742,41.438452]]]}},
{"type":"Feature","properties":{"height_m":17.7},"geometry":{"type":"Polygon","coordinates":[[[2.177431,41.438228],[2.177326,41.438124],[2.177141,41.43823],[2.177175,41.438263],[2.17717,41.438266],[2.177242,41.438336],[2.177431,41.438228]]]}},
{"type":"Feature","properties":{"height_m":17.6},"geometry":{"type":"Polygon","coordinates":[[[2.177326,41.438124],[2.177218,41.438022],[2.177062,41.438112],[2.177032,41.438138],[2.177059,41.438163],[2.177046,41.438172],[2.177056,41.438181],[2.177121,41.438242],[2.177141,41.43823],[2.177326,41.438124]]]}},
{"type":"Feature","properties":{"height_m":5.4},"geometry":{"type":"Polygon","coordinates":[[[2.177056,41.438181],[2.176952,41.438274],[2.176908,41.438314],[2.177024,41.438328],[2.177199,41.438351],[2.177214,41.438353],[2.177228,41.438343],[2.177242,41.438336],[2.17717,41.438266],[2.177175,41.438263],[2.177141,41.43823],[2.177121,41.438242],[2.177056,41.438181]]]}},
{"type":"Feature","properties":{"height_m":25.2},"geometry":{"type":"Polygon","coordinates":[[[2.177032,41.438138],[2.176927,41.438061],[2.176796,41.438178],[2.176952,41.438274],[2.177056,41.438181],[2.177046,41.438172],[2.177059,41.438163],[2.177032,41.438138]]]}},
{"type":"Feature","properties":{"height_m":24.3},"geometry":{"type":"Polygon","coordinates":[[[2.176796,41.438178],[2.176653,41.438308],[2.176749,41.438322],[2.17675,41.438315],[2.176761,41.438305],[2.176797,41.43833],[2.176838,41.438336],[2.176885,41.438345],[2.176908,41.438314],[2.176952,41.438274],[2.176796,41.438178]]]}},
{"type":"Feature","properties":{"height_m":23.6},"geometry":{"type":"Polygon","coordinates":[[[2.176927,41.438061],[2.177066,41.437935],[2.177106,41.437916],[2.177218,41.438022],[2.177062,41.438112],[2.177032,41.438138],[2.176927,41.438061]]]}},
{"type":"Feature","properties":{"height_m":20.9},"geometry":{"type":"Polygon","coordinates":[[[2.177206,41.437895],[2.177453,41.438131],[2.177561,41.43807],[2.17758,41.438058],[2.177634,41.438028],[2.177672,41.437984],[2.17752,41.437832],[2.177213,41.43789],[2.177206,41.437895]]]}},
{"type":"Feature","properties":{"height_m":18.9},"geometry":{"type":"Polygon","coordinates":[[[2.177453,41.438131],[2.177605,41.438276],[2.177747,41.43814],[2.177669,41.438062],[2.17765,41.438043],[2.177634,41.438028],[2.17758,41.438058],[2.177618,41.438093],[2.177596,41.438107],[2.177561,41.43807],[2.177453,41.438131]]]}},
{"type":"Feature","properties":{"height_m":21.4},"geometry":{"type":"Polygon","coordinates":[[[2.177747,41.43814],[2.177865,41.438028],[2.177712,41.43794],[2.177672,41.437984],[2.177634,41.438028],[2.17765,41.438043],[2.177656,41.438033],[2.177683,41.438045],[2.177669,41.438062],[2.177747,41.43814]]]}},
{"type":"Feature","properties":{"height_m":17.0},"geometry":{"type":"Polygon","coordinates":[[[2.179017,41.434512],[2.179129,41.434649],[2.179029,41.434695],[2.17849,41.434943],[2.178378,41.434812],[2.179017,41.434512]]]}},
{"type":"Feature","properties":{"height_m":3.6},"geometry":{"type":"Polygon","coordinates":[[[2.179029,41.434695],[2.179124,41.43481],[2.178589,41.435062],[2.17849,41.434943],[2.179029,41.434695]]]}},
{"type":"Feature","properties":{"height_m":17.0},"geometry":{"type":"Polygon","coordinates":[[[2.178589,41.435062],[2.178704,41.435196],[2.179339,41.434896],[2.179228,41.43476],[2.179124,41.43481],[2.178589,41.435062]]]}},
{"type":"Feature","properties":{"height_m":16.9},"geometry":{"type":"Polygon","coordinates":[[[2.177962,41.434317],[2.178579,41.43402],[2.178732,41.434199],[2.178229,41.434455],[2.178123,41.434509],[2.177962,41.434317]]]}},
{"type":"Feature","properties":{"height_m":16.9},"geometry":{"type":"Polygon","coordinates":[[[2.178123,41.434509],[2.178289,41.434702],[2.178927,41.434401],[2.178811,41.434263],[2.178281,41.434518],[2.178229,41.434455],[2.178123,41.434509]]]}},
{"type":"Feature","properties":{"height_m":17.1},"geometry":{"type":"Polygon","coordinates":[[[2.177864,41.43437],[2.178134,41.434686],[2.178063,41.434722],[2.17804,41.434693],[2.177996,41.434714],[2.178017,41.43474],[2.177953,41.434771],[2.177687,41.43445],[2.177752,41.434421],[2.177776,41.434446],[2.177818,41.434427],[2.177798,41.434403],[2.177864,41.43437]]]}},
{"type":"Feature","properties":{"height_m":16.8},"geometry":{"type":"Polygon","coordinates":[[[2.17698,41.437666],[2.177086,41.437604],[2.177105,41.437621],[2.177128,41.43761],[2.177106,41.437593],[2.177214,41.437527],[2.177407,41.43771],[2.177088,41.437772],[2.17698,41.437666]]]}},
{"type":"Feature","properties":{"height_m":13.6},"geometry":{"type":"Polygon","coordinates":[[[2.1767,41.437405],[2.176962,41.437289],[2.177076,41.437394],[2.176979,41.437454],[2.176951,41.437428],[2.176911,41.437452],[2.176942,41.437478],[2.176846,41.437541],[2.1767,41.437405]]]}},
{"type":"Feature","properties":{"height_m":16.5},"geometry":{"type":"Polygon","coordinates":[[[2.176556,41.437241],[2.176827,41.43712],[2.176912,41.437228],[2.176639,41.437349],[2.176556,41.437241]]]}},
{"type":"Feature","properties":{"height_m":19.9},"geometry":{"type":"Polygon","coordinates":[[[2.176327,41.437949],[2.176407,41.437882],[2.176415,41.437876],[2.176687,41.438054],[2.176596,41.438137],[2.176315,41.437958],[2.176327,41.437949]]]}},
{"type":"Feature","properties":{"height_m":4.0},"geometry":{"type":"Polygon","coordinates":[[[2.176407,41.437882],[2.176349,41.437814],[2.17649,41.437729],[2.176527,41.437762],[2.176551,41.437749],[2.176639,41.43784],[2.176777,41.437973],[2.176687,41.438054],[2.176415,41.437876],[2.176407,41.437882]]]}},
{"type":"Feature","properties":{"height_m":20.6},"geometry":{"type":"Polygon","coordinates":[[[2.176315,41.437958],[2.176288,41.437982],[2.176306,41.437994],[2.176275,41.43802],[2.176257,41.438008],[2.176218,41.438041],[2.176203,41.438054],[2.176198,41.438058],[2.176267,41.438101],[2.176296,41.438118],[2.176293,41.438121],[2.176345,41.438154],[2.176483,41.43824],[2.176596,41.438137],[2.176315,41.437958]]]}},
{"type":"Feature","properties":{"height_m":4.8},"geometry":{"type":"Polygon","coordinates":[[[2.176483,41.43824],[2.176445,41.438273],[2.176255,41.438248],[2.176221,41.438206],[2.176331,41.43816],[2.176345,41.438154],[2.176483,41.43824]]]}},
{"type":"Feature","properties":{"height_m":9.2},"geometry":{"type":"Polygon","coordinates":[[[2.176267,41.438101],[2.176173,41.438143],[2.176221,41.438206],[2.176331,41.43816],[2.176309,41.438135],[2.176301,41.438138],[2.176297,41.438131],[2.176292,41.438133],[2.176267,41.438101]]]}},
{"type":"Feature","properties":{"height_m":9.2},"geometry":{"type":"Polygon","coordinates":[[[2.176173,41.438143],[2.17613,41.438088],[2.176198,41.438058],[2.176267,41.438101],[2.176173,41.438143]]]}},
{"type":"Feature","properties":{"height_m":8.9},"geometry":{"type":"Polygon","coordinates":[[[2.176077,41.43802],[2.17613,41.438088],[2.176198,41.438058],[2.176203,41.438054],[2.17615,41.437986],[2.176077,41.43802]]]}},
{"type":"Feature","properties":{"height_m":22.6},"geometry":{"type":"Polygon","coordinates":[[[2.176639,41.43784],[2.176684,41.437813],[2.17688,41.437697],[2.176925,41.437739],[2.176776,41.437828],[2.176855,41.437903],[2.176777,41.437973],[2.176639,41.43784]]]}},
{"type":"Feature","properties":{"height_m":22.4},"geometry":{"type":"Polygon","coordinates":[[[2.176925,41.437739],[2.176979,41.437791],[2.176855,41.437903],[2.176776,41.437828],[2.176925,41.437739]]]}},
{"type":"Feature","properties":{"height_m":16.9},"geometry":{"type":"Polygon","coordinates":[[[2.17688,41.437697],[2.176837,41.437655],[2.17664,41.437769],[2.17665,41.43778],[2.176639,41.43779],[2.176659,41.437809],[2.176673,41.437802],[2.176684,41.437813],[2.17688,41.437697]]]}},
{"type":"Feature","properties":{"height_m":17.3},"geometry":{"type":"Polygon","coordinates":[[[2.176837,41.437655],[2.176748,41.437571],[2.176552,41.437689],[2.17664,41.437769],[2.176837,41.437655]]]}},
{"type":"Feature","properties":{"height_m":17.2},"geometry":{"type":"Polygon","coordinates":[[[2.176748,41.437571],[2.176616,41.437443],[2.176403,41.437539],[2.176532,41.437693],[2.176537,41.4377],[2.176552,41.437689],[2.176748,41.437571]]]}},
{"type":"Feature","properties":{"height_m":17.5},"geometry":{"type":"Polygon","coordinates":[[[2.176107,41.437672],[2.176201,41.43763],[2.176322,41.437779],[2.17633,41.437789],[2.176308,41.437799],[2.176319,41.437814],[2.176266,41.437839],[2.176235,41.437831],[2.176107,41.437672]]]}},
{"type":"Feature","properties":{"height_m":17.3},"geometry":{"type":"Polygon","coordinates":[[[2.176403,41.437539],[2.176292,41.437588],[2.176414,41.437736],[2.176419,41.437742],[2.176455,41.437726],[2.176461,41.437733],[2.176503,41.437717],[2.176496,41.437708],[2.176532,41.437693],[2.176403,41.437539]]]}},
{"type":"Feature","properties":{"height_m":10.5},"geometry":{"type":"Polygon","coordinates":[[[2.176292,41.437588],[2.176201,41.43763],[2.176322,41.437779],[2.176347,41.437766],[2.176359,41.437782],[2.176403,41.437762],[2.176391,41.437746],[2.176414,41.437736],[2.176292,41.437588]]]}},
{"type":"Feature","properties":{"height_m":21.9},"geometry":{"type":"Polygon","coordinates":[[[2.180601,41.437847],[2.180668,41.43797],[2.180561,41.438007],[2.180538,41.437968],[2.180519,41.437975],[2.180541,41.438013],[2.180538,41.438014],[2.180434,41.438049],[2.180417,41.438022],[2.180386,41.438032],[2.180362,41.437989],[2.180394,41.437977],[2.180364,41.43793],[2.180369,41.437926],[2.180601,41.437847]]]}},
{"type":"Feature","properties":{"height_m":21.9},"geometry":{"type":"Polygon","coordinates":[[[2.180668,41.43797],[2.180737,41.43809],[2.180642,41.438123],[2.180632,41.438127],[2.180608,41.438088],[2.180588,41.438094],[2.180613,41.438133],[2.180595,41.438139],[2.180498,41.438174],[2.180475,41.438138],[2.180482,41.438136],[2.180434,41.438049],[2.180538,41.438014],[2.180567,41.438063],[2.180589,41.438056],[2.180561,41.438007],[2.180668,41.43797]]]}},
{"type":"Feature","properties":{"height_m":21.8},"geometry":{"type":"Polygon","coordinates":[[[2.180737,41.43809],[2.180805,41.438209],[2.180712,41.43824],[2.180696,41.438215],[2.180652,41.438231],[2.180667,41.438255],[2.180662,41.438257],[2.180543,41.438297],[2.180522,41.438264],[2.180544,41.438257],[2.180493,41.438176],[2.180498,41.438174],[2.180595,41.438139],[2.18061,41.438162],[2.180655,41.438147],[2.180642,41.438123],[2.180737,41.43809]]]}},
{"type":"Feature","properties":{"height_m":21.6},"geometry":{"type":"Polygon","coordinates":[[[2.180805,41.438209],[2.18087,41.438329],[2.18078,41.43836],[2.180762,41.43833],[2.180718,41.438344],[2.180737,41.438373],[2.180732,41.438375],[2.180635,41.438409],[2.180584,41.438324],[2.180563,41.438331],[2.180543,41.438297],[2.180662,41.438257],[2.180678,41.438283],[2.180724,41.438268],[2.180708,41.438241],[2.180712,41.43824],[2.180805,41.438209]]]}},
{"type":"Feature","properties":{"height_m":21.8},"geometry":{"type":"Polygon","coordinates":[[[2.18087,41.438329],[2.180947,41.438444],[2.180858,41.438477],[2.180852,41.438479],[2.180836,41.438449],[2.180791,41.438464],[2.180809,41.438494],[2.180709,41.43853],[2.180635,41.438409],[2.180732,41.438375],[2.180747,41.4384],[2.180795,41.438384],[2.18078,41.43836],[2.18087,41.438329]]]}},
{"type":"Feature","properties":{"height_m":21.8},"geometry":{"type":"Polygon","coordinates":[[[2.180947,41.438444],[2.181025,41.43856],[2.180936,41.438593],[2.180931,41.438595],[2.180914,41.43857],[2.180867,41.438585],[2.180882,41.438611],[2.180787,41.438644],[2.180783,41.438646],[2.180709,41.43853],[2.180809,41.438494],[2.180814,41.438492],[2.180829,41.438518],[2.18087,41.438503],[2.180858,41.438477],[2.180947,41.438444]]]}},
{"type":"Feature","properties":{"height_m":21.8},"geometry":{"type":"Polygon","coordinates":[[[2.181025,41.43856],[2.181106,41.438676],[2.181007,41.438711],[2.181001,41.438714],[2.180983,41.438685],[2.180942,41.438699],[2.18096,41.438728],[2.180863,41.438763],[2.180787,41.438644],[2.180882,41.438611],[2.18089,41.438609],[2.180906,41.438636],[2.180952,41.43862],[2.180936,41.438593],[2.181025,41.43856]]]}},
{"type":"Feature","properties":{"height_m":10.2},"geometry":{"type":"Polygon","coordinates":[[[2.180236,41.4384],[2.180414,41.438571],[2.180411,41.438573],[2.180228,41.438679],[2.180053,41.43851],[2.180202,41.438421],[2.180212,41.438415],[2.180236,41.4384]]]}},
{"type":"Feature","properties":{"height_m":13.1},"geometry":{"type":"Polygon","coordinates":[[[2.180053,41.43851],[2.180007,41.438467],[2.180225,41.438336],[2.180259,41.43837],[2.180233,41.438386],[2.180243,41.438394],[2.180236,41.4384],[2.180212,41.438415],[2.180206,41.438408],[2.180193,41.438414],[2.180202,41.438421],[2.180053,41.43851]]]}},
{"type":"Feature","properties":{"height_m":13.5},"geometry":{"type":"Polygon","coordinates":[[[2.180141,41.438252],[2.17992,41.438382],[2.180007,41.438467],[2.180225,41.438336],[2.180141,41.438252]]]}},
{"type":"Feature","properties":{"height_m":14.4},"geometry":{"type":"Polygon","coordinates":[[[2.180411,41.438573],[2.180464,41.438622],[2.180429,41.43866],[2.180408,41.438682],[2.180325,41.438771],[2.180228,41.438679],[2.180411,41.438573]]]}},
{"type":"Feature","properties":{"height_m":14.2},"geometry":{"type":"Polygon","coordinates":[[[2.180325,41.438771],[2.180368,41.438812],[2.18043,41.438872],[2.180494,41.438835],[2.180496,41.438833],[2.180486,41.438823],[2.180529,41.438798],[2.180537,41.438808],[2.18062,41.438758],[2.180626,41.438755],[2.180557,41.438689],[2.180566,41.438684],[2.180539,41.438659],[2.180531,41.438663],[2.180475,41.438609],[2.180464,41.438622],[2.180429,41.43866],[2.180456,41.438685],[2.180428,41.438703],[2.180408,41.438682],[2.180325,41.438771]]]}},
{"type":"Feature","properties":{"height_m":21.2},"geometry":{"type":"Polygon","coordinates":[[[2.181106,41.438676],[2.181238,41.438864],[2.181193,41.438882],[2.181182,41.438866],[2.181153,41.438879],[2.18113,41.438879],[2.181135,41.438852],[2.180868,41.438818],[2.18084,41.438769],[2.180863,41.438763],[2.18096,41.438728],[2.180964,41.438727],[2.180973,41.438744],[2.181018,41.438728],[2.181007,41.438711],[2.181106,41.438676]]]}},
{"type":"Feature","properties":{"height_m":18.7},"geometry":{"type":"Polygon","coordinates":[[[2.181238,41.438864],[2.181324,41.438986],[2.181241,41.43908],[2.181095,41.439061],[2.181109,41.438985],[2.181122,41.438985],[2.181129,41.43895],[2.181116,41.438949],[2.181125,41.4389],[2.181142,41.438903],[2.181193,41.438882],[2.181238,41.438864]]]}},
{"type":"Feature","properties":{"height_m":16.9},"geometry":{"type":"Polygon","coordinates":[[[2.181095,41.439061],[2.180932,41.439041],[2.180945,41.43896],[2.180965,41.438962],[2.180971,41.438935],[2.180951,41.438932],[2.180962,41.438858],[2.181,41.438861],[2.181016,41.438852],[2.181085,41.438858],[2.181099,41.438874],[2.18113,41.438879],[2.181125,41.4389],[2.181116,41.438949],[2.1811,41.438946],[2.181094,41.438983],[2.181109,41.438985],[2.181095,41.439061]]]}},
{"type":"Feature","properties":{"height_m":16.9},"geometry":{"type":"Polygon","coordinates":[[[2.180932,41.439041],[2.180775,41.439024],[2.180788,41.438961],[2.180791,41.438945],[2.180814,41.438948],[2.180818,41.438924],[2.180795,41.438921],[2.180811,41.43884],[2.180863,41.438846],[2.180866,41.438835],[2.180918,41.438839],[2.180916,41.438851],[2.180962,41.438858],[2.180951,41.438932],[2.180936,41.438932],[2.180929,41.438958],[2.180945,41.43896],[2.180932,41.439041]]]}},
{"type":"Feature","properties":{"height_m":16.8},"geometry":{"type":"Polygon","coordinates":[[[2.180775,41.439024],[2.180561,41.438999],[2.180613,41.438933],[2.180663,41.438955],[2.180672,41.438944],[2.180678,41.438919],[2.180638,41.438903],[2.180696,41.438827],[2.180748,41.438833],[2.180748,41.438821],[2.180788,41.438825],[2.180788,41.438836],[2.180811,41.43884],[2.180795,41.438921],[2.180771,41.438919],[2.180763,41.438958],[2.180788,41.438961],[2.180775,41.439024]]]}},
{"type":"Feature","properties":{"height_m":17.0},"geometry":{"type":"Polygon","coordinates":[[[2.180561,41.438999],[2.18043,41.438872],[2.180494,41.438835],[2.180507,41.438848],[2.180554,41.438822],[2.180537,41.438808],[2.18062,41.438758],[2.180634,41.438771],[2.180652,41.438762],[2.180676,41.438782],[2.180659,41.438792],[2.18067,41.438801],[2.180705,41.438816],[2.180696,41.438827],[2.180638,41.438903],[2.180598,41.438885],[2.180566,41.438904],[2.180564,41.438911],[2.180613,41.438933],[2.180561,41.438999]]]}},
{"type":"Feature","properties":{"height_m":9.4},"geometry":{"type":"Polygon","coordinates":[[[2.180008,41.438124],[2.179933,41.438169],[2.179884,41.438198],[2.179788,41.438256],[2.179742,41.438211],[2.179868,41.438136],[2.179898,41.438166],[2.179918,41.438154],[2.179887,41.438124],[2.179933,41.438097],[2.179963,41.438079],[2.179982,41.438097],[2.179964,41.438109],[2.179971,41.438116],[2.17999,41.438106],[2.180008,41.438124]]]}},
{"type":"Feature","properties":{"height_m":6.2},"geometry":{"type":"Polygon","coordinates":[[[2.179788,41.438256],[2.179876,41.43834],[2.180097,41.438209],[2.180058,41.438171],[2.179992,41.438209],[2.179987,41.438203],[2.18005,41.438164],[2.180008,41.438124],[2.179933,41.438169],[2.179972,41.438209],[2.179931,41.438234],[2.179919,41.438221],[2.179911,41.438226],[2.179884,41.438198],[2.179788,41.438256]]]}},
{"type":"Feature","properties":{"height_m":12.7},"geometry":{"type":"Polygon","coordinates":[[[2.179876,41.43834],[2.17992,41.438382],[2.180141,41.438252],[2.180117,41.438228],[2.180097,41.438209],[2.179876,41.43834]]]}},
{"type":"Feature","properties":{"height_m":6.1},"geometry":{"type":"Polygon","coordinates":[[[2.179527,41.438001],[2.179569,41.438045],[2.179681,41.437975],[2.179782,41.437913],[2.179741,41.437868],[2.179676,41.437907],[2.179691,41.437922],[2.179651,41.437948],[2.179637,41.437933],[2.179582,41.437966],[2.179527,41.438001]]]}},
{"type":"Feature","properties":{"height_m":3.3},"geometry":{"type":"Polygon","coordinates":[[[2.179569,41.438045],[2.179614,41.438088],[2.17966,41.43806],[2.179725,41.438021],[2.179681,41.437975],[2.179569,41.438045]]]}},
{"type":"Feature","properties":{"height_m":2.7},"geometry":{"type":"Polygon","coordinates":[[[2.17966,41.43806],[2.179704,41.438102],[2.179747,41.438075],[2.179774,41.438059],[2.17982,41.438031],[2.179779,41.437991],[2.179725,41.438021],[2.17966,41.43806]]]}},
{"type":"Feature","properties":{"height_m":17.2},"geometry":{"type":"Polygon","coordinates":[[[2.179704,41.438102],[2.179657,41.43813],[2.1797,41.43817],[2.179891,41.438055],[2.179878,41.438043],[2.179894,41.438033],[2.179876,41.438014],[2.179859,41.438024],[2.17985,41.438013],[2.17982,41.438031],[2.179774,41.438059],[2.179795,41.43808],[2.179765,41.438095],[2.179747,41.438075],[2.179704,41.438102]]]}},
{"type":"Feature","properties":{"height_m":16.6},"geometry":{"type":"Polygon","coordinates":[[[2.1797,41.43817],[2.179742,41.438211],[2.179868,41.438136],[2.179887,41.438124],[2.179933,41.438097],[2.179924,41.438088],[2.17994,41.438078],[2.179918,41.438058],[2.179903,41.438067],[2.179891,41.438055],[2.1797,41.43817]]]}},
{"type":"Feature","properties":{"height_m":5.7},"geometry":{"type":"Polygon","coordinates":[[[2.179621,41.438665],[2.179597,41.438781],[2.17959,41.438813],[2.179577,41.438873],[2.179766,41.438898],[2.179798,41.43875],[2.179801,41.438741],[2.179814,41.438679],[2.179821,41.438648],[2.179808,41.438646],[2.17981,41.438624],[2.179753,41.438588],[2.179683,41.438629],[2.179659,41.438643],[2.179628,41.438661],[2.179621,41.438665]]]}},
{"type":"Feature","properties":{"height_m":18.0},"geometry":{"type":"Polygon","coordinates":[[[2.179766,41.438898],[2.179946,41.43892],[2.17998,41.43877],[2.179947,41.438761],[2.179925,41.438758],[2.179872,41.43875],[2.179869,41.43876],[2.179798,41.43875],[2.179766,41.438898]]]}},
{"type":"Feature","properties":{"height_m":22.1},"geometry":{"type":"Polygon","coordinates":[[[2.17998,41.43877],[2.180024,41.43878],[2.180046,41.438802],[2.18006,41.438816],[2.180106,41.438861],[2.180128,41.438849],[2.18015,41.438837],[2.180212,41.438803],[2.18025,41.43884],[2.180224,41.438958],[2.179946,41.43892],[2.17998,41.43877]]]}},
{"type":"Feature","properties":{"height_m":16.6},"geometry":{"type":"Polygon","coordinates":[[[2.179814,41.438679],[2.179865,41.438649],[2.179982,41.43858],[2.180032,41.438629],[2.179884,41.438715],[2.179833,41.438745],[2.179801,41.438741],[2.179814,41.438679]]]}},
{"type":"Feature","properties":{"height_m":16.5},"geometry":{"type":"Polygon","coordinates":[[[2.179925,41.438758],[2.179884,41.438715],[2.180032,41.438629],[2.180088,41.438682],[2.179983,41.438741],[2.179947,41.438761],[2.179925,41.438758]]]}},
{"type":"Feature","properties":{"height_m":9.9},"geometry":{"type":"Polygon","coordinates":[[[2.180024,41.43878],[2.180128,41.438721],[2.180212,41.438803],[2.18015,41.438837],[2.180137,41.438822],[2.180114,41.438835],[2.180128,41.438849],[2.180106,41.438861],[2.18006,41.438816],[2.18008,41.438804],[2.180067,41.438791],[2.180046,41.438802],[2.180024,41.43878]]]}},
{"type":"Feature","properties":{"height_m":9.7},"geometry":{"type":"Polygon","coordinates":[[[2.180088,41.438682],[2.180128,41.438721],[2.180024,41.43878],[2.179983,41.438741],[2.180088,41.438682]]]}},
{"type":"Feature","properties":{"height_m":15.4},"geometry":{"type":"Polygon","coordinates":[[[2.179753,41.438588],[2.179792,41.438566],[2.17981,41.438555],[2.179843,41.438536],[2.179875,41.438517],[2.179901,41.438503],[2.179982,41.43858],[2.179865,41.438649],[2.179858,41.438641],[2.179842,41.43865],[2.17981,41.438624],[2.179753,41.438588]]]}},
{"type":"Feature","properties":{"height_m":13.4},"geometry":{"type":"Polygon","coordinates":[[[2.179901,41.438503],[2.179815,41.438418],[2.179728,41.438461],[2.17981,41.438555],[2.179843,41.438536],[2.17982,41.438513],[2.179854,41.438495],[2.179875,41.438517],[2.179901,41.438503]]]}},
{"type":"Feature","properties":{"height_m":13.4},"geometry":{"type":"Polygon","coordinates":[[[2.179728,41.438461],[2.179568,41.438539],[2.179659,41.438643],[2.179683,41.438629],[2.179667,41.438609],[2.179746,41.438568],[2.179737,41.438557],[2.179769,41.43854],[2.179792,41.438566],[2.17981,41.438555],[2.179728,41.438461]]]}},
{"type":"Feature","properties":{"height_m":12.8},"geometry":{"type":"Polygon","coordinates":[[[2.179568,41.438539],[2.179405,41.438619],[2.17947,41.438696],[2.179598,41.438628],[2.179628,41.438661],[2.179659,41.438643],[2.179568,41.438539]]]}},
{"type":"Feature","properties":{"height_m":20.5},"geometry":{"type":"Polygon","coordinates":[[[2.179405,41.438619],[2.179328,41.438659],[2.179287,41.438836],[2.179577,41.438873],[2.17959,41.438813],[2.179553,41.438808],[2.179558,41.438777],[2.179597,41.438781],[2.179621,41.438665],[2.179505,41.438736],[2.17947,41.438696],[2.179405,41.438619]]]}},
{"type":"Feature","properties":{"height_m":4.9},"geometry":{"type":"Polygon","coordinates":[[[2.179397,41.438343],[2.179412,41.438334],[2.179601,41.438223],[2.179647,41.438266],[2.179575,41.438309],[2.179649,41.438391],[2.179433,41.438499],[2.17938,41.438448],[2.179359,41.438428],[2.179436,41.438385],[2.179397,41.438343]]]}},
{"type":"Feature","properties":{"height_m":9.5},"geometry":{"type":"Polygon","coordinates":[[[2.179647,41.438266],[2.179733,41.438351],[2.179649,41.438391],[2.179575,41.438309],[2.179647,41.438266]]]}},
{"type":"Feature","properties":{"height_m":23.4},"geometry":{"type":"Polygon","coordinates":[[[2.179258,41.438426],[2.179371,41.438531],[2.179305,41.438562],[2.17908,41.438532],[2.179258,41.438426]]]}},
{"type":"Feature","properties":{"height_m":15.9},"geometry":{"type":"Polygon","coordinates":[[[2.17908,41.438532],[2.178988,41.438522],[2.179043,41.438488],[2.179076,41.438467],[2.179156,41.438418],[2.179235,41.438369],[2.179257,41.43839],[2.179295,41.438368],[2.17932,41.43839],[2.179258,41.438426],[2.17908,41.438532]]]}},
{"type":"Feature","properties":{"height_m":16.9},"geometry":{"type":"Polygon","coordinates":[[[2.179433,41.438499],[2.179371,41.438531],[2.179258,41.438426],[2.17932,41.43839],[2.179359,41.438428],[2.179337,41.438442],[2.179358,41.43846],[2.17938,41.438448],[2.179433,41.438499]]]}},
{"type":"Feature","properties":{"height_m":7.8},"geometry":{"type":"Polygon","coordinates":[[[2.179412,41.438334],[2.17939,41.438312],[2.179438,41.438285],[2.179421,41.438272],[2.179563,41.438187],[2.179601,41.438223],[2.179412,41.438334]]]}},
{"type":"Feature","properties":{"height_m":14.0},"geometry":{"type":"Polygon","coordinates":[[[2.17947,41.438096],[2.179558,41.43818],[2.17947,41.438233],[2.179446,41.438209],[2.179412,41.438228],[2.179438,41.438251],[2.179369,41.438293],[2.179276,41.438348],[2.179232,41.438306],[2.179253,41.438292],[2.179209,41.438248],[2.179352,41.438165],[2.17937,41.438184],[2.179401,41.438167],[2.17938,41.438148],[2.17947,41.438096]]]}},
{"type":"Feature","properties":{"height_m":6.8},"geometry":{"type":"Polygon","coordinates":[[[2.179156,41.438418],[2.179101,41.438368],[2.179017,41.438419],[2.179025,41.438428],[2.178982,41.438454],[2.178974,41.438447],[2.178897,41.438494],[2.178914,41.438511],[2.178988,41.438522],[2.179043,41.438488],[2.179028,41.438474],[2.179062,41.438456],[2.179076,41.438467],[2.179156,41.438418]]]}},
{"type":"Feature","properties":{"height_m":16.8},"geometry":{"type":"Polygon","coordinates":[[[2.178897,41.438494],[2.178834,41.438439],[2.179161,41.438237],[2.179187,41.438261],[2.179222,41.438292],[2.179101,41.438368],[2.179017,41.438419],[2.178974,41.438447],[2.178897,41.438494]]]}},
{"type":"Feature","properties":{"height_m":2.7},"geometry":{"type":"Polygon","coordinates":[[[2.179276,41.438348],[2.17932,41.43839],[2.179359,41.438428],[2.179436,41.438385],[2.179397,41.438343],[2.179412,41.438334],[2.17939,41.438312],[2.179369,41.438293],[2.179276,41.438348]]]}},
{"type":"Feature","properties":{"height_m":14.1},"geometry":{"type":"Polygon","coordinates":[[[2.17947,41.438096],[2.179429,41.438054],[2.179396,41.438072],[2.179365,41.438089],[2.179372,41.438095],[2.179346,41.438109],[2.179353,41.438116],[2.179335,41.43813],[2.179328,41.438122],[2.179304,41.438133],[2.179299,41.438127],[2.179255,41.438152],[2.17914,41.438216],[2.179146,41.438222],[2.179161,41.438237],[2.179187,41.438261],[2.179209,41.438248],[2.179352,41.438165],[2.17938,41.438148],[2.17947,41.438096]]]}},
{"type":"Feature","properties":{"height_m":21.1},"geometry":{"type":"Polygon","coordinates":[[[2.17897,41.438243],[2.178878,41.438301],[2.178845,41.438321],[2.178763,41.438373],[2.178821,41.438426],[2.179027,41.438295],[2.17897,41.438243]]]}},
{"type":"Feature","properties":{"height_m":19.0},"geometry":{"type":"Polygon","coordinates":[[[2.178763,41.438373],[2.178708,41.438323],[2.178895,41.438207],[2.179024,41.438127],[2.179078,41.438176],[2.179063,41.438185],[2.179047,41.438195],[2.178993,41.438228],[2.17897,41.438243],[2.178878,41.438301],[2.178853,41.438277],[2.17882,41.438296],[2.178845,41.438321],[2.178763,41.438373]]]}},
{"type":"Feature","properties":{"height_m":24.0},"geometry":{"type":"Polygon","coordinates":[[[2.178708,41.438323],[2.178631,41.438255],[2.178827,41.438132],[2.178838,41.43813],[2.178874,41.438166],[2.17886,41.438176],[2.178895,41.438207],[2.178708,41.438323]]]}},
{"type":"Feature","properties":{"height_m":17.6},"geometry":{"type":"Polygon","coordinates":[[[2.178475,41.438114],[2.178677,41.438003],[2.178704,41.437988],[2.178769,41.43795],[2.178763,41.437944],[2.1788,41.437923],[2.178807,41.437931],[2.178829,41.437918],[2.178776,41.437865],[2.17849,41.437917],[2.178354,41.438006],[2.178475,41.438114]]]}},
{"type":"Feature","properties":{"height_m":23.9},"geometry":{"type":"Polygon","coordinates":[[[2.178827,41.438132],[2.178825,41.438118],[2.178812,41.438117],[2.178809,41.438101],[2.178794,41.438101],[2.178801,41.438095],[2.178781,41.438077],[2.178773,41.438083],[2.17877,41.438068],[2.178762,41.438068],[2.178756,41.438071],[2.178557,41.438186],[2.178631,41.438255],[2.178827,41.438132]]]}},
{"type":"Feature","properties":{"height_m":23.8},"geometry":{"type":"Polygon","coordinates":[[[2.178475,41.438114],[2.178557,41.438186],[2.178756,41.438071],[2.178754,41.438054],[2.178751,41.438051],[2.178734,41.438053],[2.17874,41.438039],[2.178735,41.438036],[2.178717,41.438039],[2.178722,41.438026],[2.178719,41.438023],[2.178707,41.438026],[2.178696,41.438015],[2.178698,41.438003],[2.178677,41.438003],[2.178475,41.438114]]]}},
{"type":"Feature","properties":{"height_m":3.3},"geometry":{"type":"Polygon","coordinates":[[[2.179352,41.43803],[2.179386,41.43801],[2.179349,41.437976],[2.17928,41.438015],[2.179288,41.438025],[2.17927,41.438034],[2.17926,41.438025],[2.179179,41.438073],[2.179215,41.438107],[2.179267,41.438077],[2.179352,41.43803]]]}},
{"type":"Feature","properties":{"height_m":6.7},"geometry":{"type":"Polygon","coordinates":[[[2.179349,41.437976],[2.179297,41.437925],[2.179093,41.438042],[2.179131,41.438081],[2.179093,41.438101],[2.179055,41.438065],[2.179008,41.438089],[2.179019,41.4381],[2.179062,41.438139],[2.179179,41.438073],[2.17926,41.438025],[2.17928,41.438015],[2.179349,41.437976]]]}},
{"type":"Feature","properties":{"height_m":3.6},"geometry":{"type":"Polygon","coordinates":[[[2.179027,41.438295],[2.179088,41.438259],[2.179049,41.438223],[2.179013,41.438245],[2.178993,41.438228],[2.17897,41.438243],[2.179027,41.438295]]]}},
{"type":"Feature","properties":{"height_m":3.3},"geometry":{"type":"Polygon","coordinates":[[[2.179088,41.438259],[2.179146,41.438222],[2.17914,41.438216],[2.179092,41.438169],[2.179078,41.438176],[2.179095,41.438193],[2.179085,41.438199],[2.179079,41.438192],[2.179073,41.438195],[2.179063,41.438185],[2.179047,41.438195],[2.179065,41.438212],[2.179049,41.438223],[2.179088,41.438259]]]}},
{"type":"Feature","properties":{"height_m":3.0},"geometry":{"type":"Polygon","coordinates":[[[2.178829,41.437918],[2.179008,41.438089],[2.179019,41.4381],[2.178901,41.438175],[2.178704,41.437988],[2.178769,41.43795],[2.178807,41.437931],[2.178829,41.437918]]]}},
{"type":"Feature","properties":{"height_m":9.7},"geometry":{"type":"Polygon","coordinates":[[[2.179207,41.436593],[2.179256,41.4366],[2.179305,41.436585],[2.179321,41.436546],[2.179298,41.436505],[2.179242,41.436493],[2.179193,41.436511],[2.179178,41.436553],[2.179207,41.436593]]]}},
{"type":"Feature","properties":{"height_m":3.0},"geometry":{"type":"Polygon","coordinates":[[[2.182231,41.437018],[2.182164,41.437032],[2.182161,41.437033],[2.182147,41.436998],[2.18222,41.436985],[2.182231,41.437018]]]}}
]
}
