tree_id,x,y,species,size_category,planting_date,street,is_plane
0131191AR,109.12,492.49,Pyrus calleryana 'Chanticleer',PRIMERA,2018-02-14,C\ Alcúdia,False
0131196AR,105.65,486.58,Pyrus calleryana 'Chanticleer',PRIMERA,2026-03-05,C\ Alcúdia,False
0131648AR,662.49,175.35,Citrus × aurantium,SEGONA,,C\ Alella,False
0131649AR,985.79,585.09,Celtis australis,PRIMERA,2022-01-18,Av Meridiana,False
0131650AR,66.0,608.0,Brachychiton populneus,TERCERA,,C\ Doctor Pi i Molist,False
0131651AR,788.06,334.02,Platanus × acerifolia,SEGONA,,Pg Andreu Nin,True
0131652AR,303.55,742.77,Platanus × acerifolia,TERCERA,,C\ Pintor Alsamora,True
0131653AR,987.12,622.16,Celtis australis,EXEMPLAR,,Av Meridiana,False
0131655AR,329.68,411.45,Robinia pseudoacacia 'Pyramidalis',SEGONA,,C\ Deià,False
0131656AR,201.02,472.66,Jacaranda mimosifolia,TERCERA,,C\ Andratx,False
0131657AR,258.65,618.14,Catalpa bignonioides,TERCERA,,C\ Valldemossa,False
0131658AR,77.24,511.85,Platanus × acerifolia,SEGONA,,C\ Doctor Pi i Molist,True
0131659AR,874.12,202.6,Celtis australis,SEGONA,,Av Meridiana,False
0131661AR,529.71,252.29,Tipuana tipu,PRIMERA,2021-05-25,C\ Torrent de Can Piquer,False
0131662AR,704.8,180.35,Citrus × aurantium,PRIMERA,2022-04-12,C\ Alella,False
0131663AR,794.23,193.59,Platanus × acerifolia PLATANOR® 'Vallis Clausa',PRIMERA,2025-11-27,Av Rio de Janeiro,True
0131665AR,947.07,1052.34,Platanus × acerifolia,SEGONA,,Pg Valldaura,True
0131666AR,929.28,373.79,Celtis australis,PRIMERA,2019-11-25,Av Meridiana,False
0131667AR,533.37,886.92,Melia azedarach,TERCERA,,C\ Escultor Ordóñez,False
0131668AR,643.0,51.0,Platanus × acerifolia,TERCERA,,Pg Fabra i Puig,True
0131672AR,779.63,212.63,Platanus × acerifolia,SEGONA,,Av Rio de Janeiro,True
0131673AR,677.72,495.77,Tipuana tipu,TERCERA,,Av Rio de Janeiro,False
0131674AR,968.38,520.83,Celtis australis,PRIMERA,2021-11-11,Av Meridiana,False
0131675AR,887.0,198.0,Platanus × acerifolia,EXEMPLAR,,Av Meridiana,True
0131676AR,1007.29,641.87,Platanus × acerifolia,EXEMPLAR,,Av Meridiana,True
0131678AR,806.45,402.64,Platanus × acerifolia,SEGONA,,Pg Andreu Nin,True
0131681AR,68.1,602.61,Brachychiton populneus,TERCERA,,C\ Doctor Pi i Molist,False
0131682AR,461.74,393.93,Celtis australis,TERCERA,,Pg Ciutat de Mallorca,False
0131683AR,515.15,351.3,Platanus × acerifolia,TERCERA,,Pg Ciutat de Mallorca,True
0131684AR,290.71,61.33,Platanus × acerifolia,TERCERA,,Pg Fabra i Puig,True
0131685AR,752.61,131.3,Brachychiton populneus,PRIMERA,2019-05-23,C\ Vèlia,False
0131687AR,767.35,814.91,Melia azedarach,EXEMPLAR,,C\ Rosselló i Porcel,False
0131688AR,868.54,512.76,Tilia x europaea,SEGONA,,C\ Pintor Alsamora,False
0131689AR,968.1,552.02,Celtis australis,SEGONA,,Av Meridiana,False
0131691AR,288.48,447.54,Brachychiton populneus,EXEMPLAR,,C\ Deià,False
0131692AR,920.65,400.72,Platanus × acerifolia,TERCERA,,Av Meridiana,True
0131693AR,410.35,930.57,Ligustrum lucidum,SEGONA,2013-04-18,C\ Garrofers,False
0131694AR,683.75,196.42,Citrus × aurantium,PRIMERA,,C\ Malgrat,False
0131695AR,678.16,617.82,Populus nigra 'Italica',PRIMERA,,Av Rio de Janeiro,False
0131696AR,760.98,85.21,Brachychiton populneus,SEGONA,2010-08-25,C\ Vèlia,False
0131698AR,968.13,1006.76,Handroanthus heptaphyllus,PRIMERA,2025-03-20,Pg Andreu Nin,False
0131699AR,798.27,188.55,Platanus × acerifolia,SEGONA,2013-12-04,Av Rio de Janeiro,True
0131700AR,982.67,604.29,Celtis australis,SEGONA,,Av Meridiana,False
0131701AR,559.59,53.42,Platanus × acerifolia,TERCERA,,Pg Fabra i Puig,True
0131702AR,174.59,752.49,Citrus × aurantium,PRIMERA,,Pl Portocristo,False
0131704AR,295.14,644.86,X chitalpa tashkentensis 'minsum' SUMMER BELLS®,PRIMERA,,C\ Selva,False
0131705AR,496.92,236.9,Brachychiton populneus,TERCERA,,C\ Torrent de Can Piquer,False
0131707AR,371.51,628.26,Melia azedarach,TERCERA,,C\ Escultor Ordóñez,False
0131709AR,801.18,805.79,Melia azedarach,TERCERA,,C\ Rosselló i Porcel,False
0131712AR,210.86,803.42,Platanus × acerifolia,EXEMPLAR,,Pl Jardins d'Alfàbia,True
0131713AR,890.45,504.92,Tilia x europaea,SEGONA,,C\ Pintor Alsamora,False
0131714AR,899.99,835.33,Celtis australis,EXEMPLAR,,Pg Andreu Nin,False
0131715AR,924.11,412.11,Platanus × acerifolia,TERCERA,,Av Meridiana,True
0131716AR,215.24,886.36,Platanus × acerifolia,TERCERA,,Pg Verdum,True
0131717AR,551.66,907.61,Melia azedarach,EXEMPLAR,,C\ Escultor Ordóñez,False
0131721AR,173.98,530.33,Celtis australis,EXEMPLAR,,C\ Deià,False
0131722AR,870.82,787.14,Acer negundo,TERCERA,,C\ Rosselló i Porcel,False
0131723AR,200.7,208.82,Platanus × acerifolia,TERCERA,,C\ Doctor Pi i Molist,True
0131724AR,1086.38,957.03,Celtis sinensis,TERCERA,,Av Meridiana,False
0131725AR,482.0,251.0,Casuarina cunninghamiana,PRIMERA,2026-06-25,C\ Piferrer,False
0131726AR,801.31,383.92,Platanus × acerifolia,SEGONA,,Pg Andreu Nin,True
0131727AR,444.54,334.57,Handroanthus heptaphyllus,PRIMERA,2025-04-29,C\ Deià,False
0131728AR,892.71,728.01,Platanus × acerifolia,TERCERA,,Pg Andreu Nin,True
0131729AR,374.89,636.06,Melia azedarach,EXEMPLAR,,C\ Escultor Ordóñez,False
0131734AR,865.18,538.24,Tilia x europaea,SEGONA,,C\ Pintor Alsamora,False
0131735AR,669.6,175.19,Citrus × aurantium,PRIMERA,,C\ Alella,False
0131736AR,249.29,623.84,Catalpa bignonioides,SEGONA,,C\ Valldemossa,False
0131737AR,474.58,138.2,Platanus × acerifolia,TERCERA,,C\ Arnau d'Oms,True
0131739AR,895.73,283.24,Celtis australis,SEGONA,,Av Meridiana,False
0131741AR,753.55,158.62,Brachychiton populneus,SEGONA,2010-08-25,C\ Vèlia,False
0131743AR,672.02,472.61,Tipuana tipu,TERCERA,,Av Rio de Janeiro,False
0131744AR,778.72,349.52,Platanus × acerifolia,TERCERA,,Pg Andreu Nin,True
0131745AR,292.62,748.8,Platanus × acerifolia,SEGONA,,C\ Pintor Alsamora,True
0131746AR,752.47,265.82,Ulmus pumila,EXEMPLAR,,Av Rio de Janeiro,False
0131747AR,707.89,640.31,Populus alba 'Pyramidalis',SEGONA,,Av Rio de Janeiro,False
0131748AR,962.16,529.07,Celtis australis,TERCERA,,Av Meridiana,False
0131749AR,899.0,239.0,Platanus × acerifolia,EXEMPLAR,,Av Meridiana,True
0131750AR,611.67,268.62,Platanus × acerifolia,EXEMPLAR,,C\ Santapau,True
0131752AR,103.33,447.57,Platanus × acerifolia,SEGONA,,C\ Doctor Pi i Molist,True
0131753AR,791.58,938.83,Platanus × acerifolia,TERCERA,,Av Rio de Janeiro,True
0131756AR,407.2,375.71,Platanus × acerifolia,SEGONA,,C\ Deià,True
0131757AR,257.39,65.17,Tipuana tipu,SEGONA,,C\ Doctor Pi i Molist,False
0131758AR,834.95,1018.94,Platanus × acerifolia,SEGONA,,Av Rio de Janeiro,True
0131759AR,464.99,430.16,Platanus × acerifolia,TERCERA,,C\ Estudiant,True
0131760AR,670.25,454.41,Tipuana tipu,TERCERA,,Av Rio de Janeiro,False
0131761AR,870.63,509.85,Tilia x europaea,SEGONA,,C\ Pintor Alsamora,False
0131762AR,523.08,179.25,Citrus × aurantium,PRIMERA,,C\ Alella,False
0131763AR,844.09,546.78,Platanus × acerifolia,SEGONA,,Pg Andreu Nin,True
0131764AR,701.87,538.97,Jacaranda mimosifolia,TERCERA,,C\ Pintor Alsamora,False
0131765AR,418.37,502.89,Platanus × acerifolia,TERCERA,,C\ Valldemossa,True
0131768AR,110.72,634.54,Platanus × acerifolia,TERCERA,,C\ Felanitx,True
0131770AR,201.85,592.65,Morus alba,SEGONA,,C\ Deià,False
0131771AR,942.02,960.85,Catalpa bignonioides,TERCERA,,Pg Andreu Nin,False
0131772AR,486.97,180.27,Citrus × aurantium,PRIMERA,,C\ Alella,False
0131774AR,528.57,899.94,Acer monspessulanum,SEGONA,,C\ Lluc,False
0131775AR,934.63,372.24,Platanus × acerifolia,SEGONA,,Av Meridiana,True
0131776AR,501.24,837.1,Melia azedarach,SEGONA,,C\ Escultor Ordóñez,False
0131777AR,1031.31,785.46,Celtis australis,EXEMPLAR,,Av Meridiana,False
0131778AR,547.91,53.79,Platanus × acerifolia PLATANOR® 'Vallis Clausa',PRIMERA,2015-01-22,Pg Fabra i Puig,True
0131779AR,345.37,329.74,Celtis australis,EXEMPLAR,,Ptge Alfonso Lafuente,False
0131780AR,532.93,339.35,Casuarina cunninghamiana,SEGONA,2022-04-25,C\ Piferrer,False
0131783AR,576.69,183.76,Citrus × aurantium,SEGONA,,C\ Alella,False
0131784AR,235.11,632.68,Catalpa bignonioides,SEGONA,,C\ Valldemossa,False
0131785AR,658.52,1009.44,Grevillea robusta,PRIMERA,2022-09-20,Pg Valldaura,False
0131787AR,647.17,899.34,Ligustrum lucidum,SEGONA,,C\ Horitzontal,False
0131788AR,582.56,943.69,Melia azedarach,EXEMPLAR,,C\ Escultor Ordóñez,False
0131790AR,61.9,593.68,Melia azedarach,SEGONA,2016-11-21,C\ Doctor Pi i Molist,False
0131793AR,385.32,860.36,Fraxinus ornus 'Mecsek',PRIMERA,2024-10-30,C\ Eduard Tubau,False
0131794AR,906.52,268.03,Platanus × acerifolia,SEGONA,,Av Meridiana,True
0131795AR,211.8,181.56,Platanus × acerifolia,SEGONA,,C\ Doctor Pi i Molist,True
0131796AR,485.4,817.04,Melia azedarach,EXEMPLAR,,C\ Escultor Ordóñez,False
0131797AR,869.68,540.4,Tilia x europaea,TERCERA,,C\ Pintor Alsamora,False
0131798AR,597.55,413.3,Casuarina cunninghamiana,PRIMERA,2025-05-05,C\ Piferrer,False
0131799AR,205.15,197.73,Platanus × acerifolia,TERCERA,,C\ Doctor Pi i Molist,True
0131800AR,686.02,662.61,Morus alba,SEGONA,,Av Rio de Janeiro,False
0131802AR,160.66,666.89,Platanus × acerifolia,SEGONA,,C\ Valldemossa,True
0131803AR,990.6,659.44,Platanus × acerifolia,TERCERA,,Av Meridiana,True
0131804AR,459.94,103.62,Koelreuteria paniculata 'Fastigiata',PRIMERA,2017-05-22,C\ Arnau d'Oms,False
0131805AR,510.06,359.83,Pinus pinea,EXEMPLAR,,Pg Ciutat de Mallorca,False
0131807AR,345.26,749.01,Platanus × acerifolia,SEGONA,,C\ Selva,True
0131808AR,684.56,313.54,Tipuana tipu,SEGONA,,Pg Ciutat de Mallorca,False
0131809AR,816.0,440.26,Platanus × acerifolia,TERCERA,,Pg Andreu Nin,True
0131811AR,874.01,534.04,Prunus cerasifera 'Pissardii',PRIMERA,2023-02-09,C\ Pintor Alsamora,False
0131812AR,683.87,203.32,Citrus × aurantium,PRIMERA,,C\ Malgrat,False
0131814AR,461.94,159.0,Koelreuteria paniculata 'Fastigiata',PRIMERA,2017-05-22,C\ Arnau d'Oms,False
0131815AR,149.16,335.3,Platanus × acerifolia,SEGONA,,C\ Doctor Pi i Molist,True
0131816AR,693.07,610.77,Fraxinus angustifolia 'Raywood',PRIMERA,2025-10-10,Av Rio de Janeiro,False
0131818AR,193.8,447.29,Jacaranda mimosifolia,SEGONA,,C\ Andratx,False
0131819AR,756.13,520.16,Jacaranda mimosifolia,TERCERA,,C\ Pintor Alsamora,False
0131820AR,252.0,68.0,Tipuana tipu,TERCERA,,C\ Doctor Pi i Molist,False
0131822AR,1079.38,909.06,Platanus × acerifolia,SEGONA,,Av Meridiana,True
0131823AR,154.34,606.9,Photinia x fraseri 'Red Robin',PRIMERA,2016-03-02,C\ Felanitx,False
0131825AR,887.72,867.7,Tipuana tipu,SEGONA,,Pl Gabriel Alomar,False
0131826AR,1088.0,962.62,Celtis sinensis,TERCERA,,Av Meridiana,False
0131827AR,996.78,682.31,Platanus × acerifolia,SEGONA,,Av Meridiana,True
0131828AR,785.49,965.03,Platanus × acerifolia,TERCERA,,Av Rio de Janeiro,True
0131830AR,687.39,652.62,Fraxinus angustifolia 'Raywood',PRIMERA,2025-10-16,Av Rio de Janeiro,False
0131831AR,455.16,197.31,Tipuana tipu,SEGONA,,Plta Rafaela Serrano,False
0131832AR,957.63,968.11,Catalpa bignonioides,SEGONA,,Pg Andreu Nin,False
0131833AR,542.48,245.1,Tipuana tipu,EXEMPLAR,,C\ Torrent de Can Piquer,False
0131834AR,872.52,196.35,Celtis australis,TERCERA,,Av Meridiana,False
0131835AR,892.45,216.13,Platanus × acerifolia,EXEMPLAR,,Av Meridiana,True
0131837AR,1080.03,933.8,Celtis sinensis,TERCERA,,Av Meridiana,False
0131838AR,498.0,468.0,Brachychiton populneus,SEGONA,,C\ Estudiant,False
0131840AR,284.85,61.33,Platanus × acerifolia,TERCERA,,Pg Fabra i Puig,True
0131841AR,442.56,352.21,Catalpa bignonioides,PRIMERA,2022-01-11,C\ Deià,False
0131842AR,350.75,410.27,Platanus × acerifolia,SEGONA,,C\ Deià,True
0131844AR,241.2,423.78,Hesperocyparis macrocarpa,SEGONA,,C\ Andratx,False
0131845AR,915.63,302.4,Platanus × acerifolia,TERCERA,,Av Meridiana,True
0131846AR,626.14,51.45,Platanus × acerifolia,SEGONA,,Pg Fabra i Puig,True
0131847AR,491.7,958.54,Acer monspessulanum,SEGONA,,C\ Lluc,False
0131848AR,474.76,151.94,Celtis australis,TERCERA,,C\ Arnau d'Oms,False
0131849AR,785.71,47.04,Platanus × acerifolia,TERCERA,,Pg Fabra i Puig,True
0131850AR,221.69,478.47,Robinia pseudoacacia,SEGONA,2012-01-26,C\ Deià,False
0131851AR,1114.73,1042.65,Platanus × acerifolia,EXEMPLAR,,Av Meridiana,True
0131852AR,389.09,521.44,Platanus × acerifolia,EXEMPLAR,,C\ Valldemossa,True
0131853AR,455.0,396.0,Platanus × acerifolia,PRIMERA,2026-03-26,Pg Ciutat de Mallorca,True
0131856AR,65.64,668.58,Platanus × acerifolia,TERCERA,,Pg Verdum,True
0131857AR,1015.28,695.71,Celtis occidentalis,PRIMERA,2020-02-19,Av Meridiana,False
0131858AR,554.39,265.75,Pyrus calleryana 'Chanticleer',PRIMERA,2026-03-09,C\ Torrent de Can Piquer,False
0131859AR,681.96,330.81,Celtis australis,SEGONA,,Pg Ciutat de Mallorca,False
0131861AR,715.95,772.78,Morus alba,SEGONA,,Av Rio de Janeiro,False
0131862AR,475.19,164.66,Platanus × acerifolia,TERCERA,,C\ Arnau d'Oms,True
0131863AR,948.74,424.49,Platanus × acerifolia,EXEMPLAR,,Av Meridiana,True
0131864AR,1013.52,665.35,Platanus × acerifolia,TERCERA,,Av Meridiana,True
0131865AR,289.97,403.04,Celtis australis,SEGONA,,C\ Deià,False
0131866AR,967.5,515.37,Celtis australis,PRIMERA,2021-11-11,Av Meridiana,False
0131867AR,477.21,476.44,Robinia pseudoacacia,TERCERA,,C\ Valldemossa,False
0131868AR,356.12,574.29,Melia azedarach,EXEMPLAR,,C\ Escultor Ordóñez,False
0131870AR,887.05,86.54,Platanus × acerifolia,TERCERA,,Av Rio de Janeiro,True
0131871AR,1043.83,1059.59,Platanus × acerifolia,SEGONA,,Pg Valldaura,True
0131872AR,675.3,528.2,Tipuana tipu,TERCERA,,Av Rio de Janeiro,False
0131873AR,684.41,384.68,Melia azedarach,EXEMPLAR,,Av Rio de Janeiro,False
0131874AR,797.78,988.67,Platanus × acerifolia,TERCERA,,Av Rio de Janeiro,True
0131875AR,1021.84,719.46,Celtis australis,SEGONA,,Av Meridiana,False
0131876AR,493.2,321.59,Handroanthus heptaphyllus,PRIMERA,2025-05-27,C\ Deià,False
0131878AR,1004.24,630.71,Platanus × acerifolia,EXEMPLAR,,Av Meridiana,True
0131879AR,812.88,169.38,Platanus × acerifolia,SEGONA,,Av Rio de Janeiro,True
0131881AR,105.28,736.05,Platanus × acerifolia,TERCERA,,Pg Verdum,True
0131882AR,158.6,444.33,Casuarina cunninghamiana,PRIMERA,2026-06-19,C\ Maladeta,False
0131884AR,565.55,861.21,Gleditsia triacanthos,SEGONA,,C\ Garrofers,False
0131885AR,973.42,513.73,Platanus × acerifolia,TERCERA,,Av Meridiana,True
0131886AR,1006.03,692.73,Celtis australis,TERCERA,,Av Meridiana,False
0131888AR,521.8,239.17,Tipuana tipu,SEGONA,,C\ Torrent de Can Piquer,False
0131889AR,360.79,404.4,Platanus × acerifolia,TERCERA,,C\ Deià,True
0131890AR,1008.95,647.98,Platanus × acerifolia,TERCERA,,Av Meridiana,True
0131891AR,744.38,523.56,Jacaranda mimosifolia,TERCERA,,C\ Pintor Alsamora,False
0131892AR,89.09,581.05,Styphnolobium japonicum,SEGONA,,C\ Pollença,False
0131893AR,475.15,880.57,Ligustrum lucidum,PRIMERA,2023-02-14,C\ Garrofers,False
0131894AR,879.57,156.68,Platanus × acerifolia,EXEMPLAR,,Av Meridiana,True
0131896AR,466.11,382.1,Celtis australis,SEGONA,,Pg Ciutat de Mallorca,False
0131897AR,959.4,517.65,Celtis australis,PRIMERA,2022-01-18,Av Meridiana,False
0131898AR,925.53,394.04,Celtis australis,SEGONA,,Av Meridiana,False
0131903AR,1038.03,777.79,Celtis sinensis,SEGONA,,Av Meridiana,False
0131905AR,317.01,88.54,Pyrus calleryana 'Chanticleer',SEGONA,2010-08-30,C\ Santanyí,False
0131906AR,543.79,237.87,Tipuana tipu,EXEMPLAR,,C\ Torrent de Can Piquer,False
0131907AR,763.09,167.21,Brachychiton populneus,SEGONA,2010-08-25,C\ Vèlia,False
0131908AR,1101.0,990.0,Platanus × acerifolia,TERCERA,,Av Meridiana,True
0131910AR,954.01,499.52,Celtis australis,SEGONA,,Av Meridiana,False
0131912AR,473.71,117.42,Platanus × acerifolia,TERCERA,,C\ Arnau d'Oms,True
0131913AR,202.75,203.3,Platanus × acerifolia,TERCERA,,C\ Doctor Pi i Molist,True
0131914AR,750.9,58.99,Brachychiton populneus,SEGONA,2010-08-25,C\ Vèlia,False
0131915AR,657.7,410.76,Jacaranda mimosifolia,TERCERA,,Av Rio de Janeiro,False
0131916AR,841.55,1030.18,Platanus × acerifolia,TERCERA,,Av Rio de Janeiro,True
0131918AR,652.73,906.34,Ligustrum lucidum,SEGONA,,C\ Horitzontal,False
0131919AR,685.16,244.49,Citrus × aurantium,PRIMERA,,C\ Malgrat,False
0131920AR,1030.7,1064.39,Platanus × acerifolia,SEGONA,,Pg Valldaura,True
0131922AR,582.28,52.84,Platanus × acerifolia,TERCERA,,Pg Fabra i Puig,True
0131923AR,943.41,915.04,Catalpa bignonioides,SEGONA,2012-01-01,Pg Andreu Nin,False
0131924AR,1018.0,682.0,Platanus × acerifolia,PRIMERA,,Av Meridiana,True
0131925AR,214.76,517.53,Tipuana tipu,EXEMPLAR,,C\ Deià,False
0131927AR,915.48,499.26,Tilia x europaea,SEGONA,,C\ Pintor Alsamora,False
0131929AR,533.31,873.79,Gleditsia triacanthos,SEGONA,,C\ Garrofers,False
0131930AR,630.14,255.05,Pyrus calleryana 'Chanticleer',PRIMERA,2010-12-21,C\ Torrent de Can Piquer,False
0131932AR,878.79,244.16,Platanus × acerifolia,SEGONA,2013-12-04,Av Meridiana,True
0131933AR,405.02,57.72,Platanus × acerifolia,TERCERA,,Pg Fabra i Puig,True
0131934AR,822.88,45.9,Platanus × acerifolia,SEGONA,,Pg Fabra i Puig,True
0131935AR,608.67,589.09,Jacaranda mimosifolia,TERCERA,,C\ Pintor Alsamora,False
0131936AR,838.43,1025.12,Platanus × acerifolia,TERCERA,,Av Rio de Janeiro,True
0131939AR,700.51,831.05,Gleditsia triacanthos,SEGONA,,C\ Garrofers,False
0131940AR,610.1,426.28,Casuarina cunninghamiana,SEGONA,2014-05-30,C\ Piferrer,False
0131942AR,224.2,783.32,Platanus × acerifolia,TERCERA,,Pl Jardins d'Alfàbia,True
0131943AR,683.77,519.38,Tipuana tipu,SEGONA,,Av Rio de Janeiro,False
0131945AR,993.0,589.0,Platanus × acerifolia,TERCERA,,Av Meridiana,True
0131946AR,1067.71,887.41,Celtis sinensis,TERCERA,,Av Meridiana,False
0131948AR,697.49,180.31,Citrus × aurantium,PRIMERA,2022-04-12,C\ Alella,False
0131949AR,714.0,664.0,Populus alba 'Pyramidalis',EXEMPLAR,,Av Rio de Janeiro,False
0131950AR,966.9,571.3,Platanus × acerifolia,EXEMPLAR,,Av Meridiana,True
0131951AR,615.06,988.17,Platanus × acerifolia,SEGONA,,Plta Avis,True
0131952AR,363.34,591.83,Melia azedarach,EXEMPLAR,,C\ Escultor Ordóñez,False
0131958AR,329.32,706.37,X chitalpa tashkentensis 'minsum' SUMMER BELLS®,PRIMERA,2015-02-03,C\ Selva,False
0131959AR,157.79,379.03,Melia azedarach,EXEMPLAR,,C\ Porta,False
0131960AR,294.18,242.83,Prunus cerasifera 'Pissardii',PRIMERA,2023-02-21,C\ Porta,False
0131961AR,574.8,380.85,Casuarina cunninghamiana,SEGONA,2014-05-30,C\ Piferrer,False
0131962AR,591.35,863.47,Gleditsia triacanthos,SEGONA,,C\ Garrofers,False
0131963AR,210.89,473.93,Jacaranda mimosifolia,SEGONA,,C\ Andratx,False
0131966AR,234.2,127.18,Platanus × acerifolia,SEGONA,,C\ Doctor Pi i Molist,True
0131967AR,356.06,553.93,Robinia pseudoacacia,TERCERA,,C\ Valldemossa,False
0131969AR,794.57,209.46,Platanus × acerifolia,SEGONA,,Av Rio de Janeiro,True
0131970AR,508.7,936.76,Acer monspessulanum,PRIMERA,,C\ Lluc,False
0131971AR,456.69,100.23,Platanus × acerifolia,TERCERA,,C\ Arnau d'Oms,True
0131972AR,352.79,905.41,Jacaranda mimosifolia,SEGONA,,C\ Alcúdia,False
0131974AR,769.57,241.59,Platanus × acerifolia,SEGONA,,Av Rio de Janeiro,True
0131976AR,468.81,396.59,Platanus × acerifolia,SEGONA,,Pg Ciutat de Mallorca,True
0131977AR,305.7,908.22,Prunus cerasifera 'Pissardii',SEGONA,,C\ Eduard Tubau,False
0131979AR,215.02,439.62,Hesperocyparis macrocarpa,SEGONA,,C\ Andratx,False
0131980AR,541.82,872.19,Gleditsia triacanthos,SEGONA,,C\ Garrofers,False
0131982AR,502.01,259.29,Celtis australis,SEGONA,,C\ Piferrer,False
0131983AR,63.81,613.3,Brachychiton populneus,SEGONA,,C\ Doctor Pi i Molist,False
0131986AR,402.87,958.97,Robinia pseudoacacia 'Bessoniana',PRIMERA,2021-12-14,Pl Otero Pedrayo,False
0131988AR,441.06,206.67,Tipuana tipu,SEGONA,,Plta Rafaela Serrano,False
0131989AR,486.39,885.05,Ligustrum lucidum,PRIMERA,,C\ Garrofers,False
0131990AR,512.28,842.14,Melia azedarach,EXEMPLAR,,C\ Escultor Ordóñez,False
0131991AR,1033.31,760.0,Celtis australis,SEGONA,,Av Meridiana,False
0131992AR,779.47,47.11,Platanus × acerifolia,TERCERA,,Pg Fabra i Puig,True
0131993AR,930.31,1057.75,Brachychiton populneus,SEGONA,,Pg Valldaura,False
0131994AR,1014.25,690.49,Celtis australis,SEGONA,,Av Meridiana,False
0131995AR,279.82,387.5,Celtis australis,TERCERA,,C\ Deià,False
0131996AR,990.13,577.59,Platanus × acerifolia,TERCERA,,Av Meridiana,True
0131997AR,641.17,176.01,Citrus × aurantium,PRIMERA,,C\ Alella,False
0131998AR,1000.89,618.79,Platanus × acerifolia,EXEMPLAR,,Av Meridiana,True
0131999AR,855.88,129.99,Platanus × acerifolia,SEGONA,,Av Rio de Janeiro,True
0132000AR,582.3,858.26,Gleditsia triacanthos,SEGONA,,C\ Garrofers,False
0132004AR,153.53,595.38,Platanus × acerifolia,SEGONA,,C\ Felanitx,True
0132005AR,692.42,685.34,Morus alba,SEGONA,,Av Rio de Janeiro,False
0132006AR,1044.9,782.41,Platanus × acerifolia,TERCERA,,Av Meridiana,True
0132008AR,988.46,571.61,Platanus × acerifolia,TERCERA,,Av Meridiana,True
0132009AR,1071.94,1070.39,Platanus × acerifolia,SEGONA,,Pg Valldaura,True
0132010AR,56.99,605.78,Platanus × acerifolia,TERCERA,,C\ Doctor Pi i Molist,True
0132011AR,906.64,323.99,Celtis australis,SEGONA,,Av Meridiana,False
0132012AR,1062.97,870.35,Celtis sinensis,TERCERA,,Av Meridiana,False
0132013AR,787.04,203.22,Platanus × acerifolia,SEGONA,,Av Rio de Janeiro,True
0132014AR,1085.73,932.3,Platanus × acerifolia,SEGONA,,Pl Xandri,True
0132015AR,793.98,513.75,Jacaranda mimosifolia,SEGONA,,C\ Pintor Alsamora,False
0132016AR,905.04,262.03,Platanus × acerifolia,TERCERA,,Av Meridiana,True
0132017AR,116.38,415.82,Platanus × acerifolia,SEGONA,,C\ Doctor Pi i Molist,True
0132018AR,711.97,761.5,Morus alba,PRIMERA,,Av Rio de Janeiro,False
0132020AR,951.97,435.87,Platanus × acerifolia,TERCERA,,Av Meridiana,True
0132021AR,937.87,383.67,Platanus × acerifolia,SEGONA,,Av Meridiana,True
0132022AR,518.88,288.53,Platanus × acerifolia,TERCERA,,C\ Piferrer,True
0132023AR,298.69,912.49,Prunus cerasifera 'Pissardii',SEGONA,,C\ Eduard Tubau,False
0132024AR,299.1,362.01,Melia azedarach,TERCERA,2011-11-02,C\ Maladeta,False
0132025AR,698.43,693.57,Fraxinus angustifolia 'Raywood',PRIMERA,2025-10-16,Av Rio de Janeiro,False
0132026AR,716.89,762.74,Fraxinus angustifolia 'Raywood',PRIMERA,2025-10-16,Av Rio de Janeiro,False
0132027AR,1009.09,704.01,Celtis australis,TERCERA,,Av Meridiana,False
0132028AR,544.35,899.43,Melia azedarach,TERCERA,,C\ Escultor Ordóñez,False
0132029AR,134.94,607.11,Platanus × acerifolia,SEGONA,,C\ Felanitx,True
0132030AR,155.61,319.18,Platanus × acerifolia,SEGONA,,C\ Doctor Pi i Molist,True
0132033AR,669.68,927.57,Ligustrum lucidum,SEGONA,,C\ Horitzontal,False
0132034AR,906.28,860.7,Celtis australis,EXEMPLAR,,Pg Andreu Nin,False
0132036AR,647.21,433.47,Casuarina cunninghamiana,TERCERA,,Av Rio de Janeiro,False
0132037AR,821.06,459.21,Platanus × acerifolia,SEGONA,,Pg Andreu Nin,True
0132039AR,873.61,843.45,Tipuana tipu,TERCERA,,Pl Gabriel Alomar,False
0132040AR,913.24,371.7,Platanus × acerifolia,SEGONA,,Av Meridiana,True
0132042AR,773.44,277.12,Catalpa bignonioides,PRIMERA,2022-11-09,Pg Andreu Nin,False
0132043AR,79.69,642.37,Acer campestre 'Elsrijk',PRIMERA,2024-11-25,C\ Felanitx,False
0132044AR,129.79,383.87,Platanus × acerifolia,SEGONA,,C\ Doctor Pi i Molist,True
0132045AR,439.39,500.62,Robinia pseudoacacia,TERCERA,,C\ Valldemossa,False
0132048AR,218.21,166.43,Platanus × acerifolia,TERCERA,,C\ Doctor Pi i Molist,True
0132049AR,671.97,50.28,Platanus × acerifolia,TERCERA,,Pg Fabra i Puig,True
0132050AR,956.37,530.53,Platanus × acerifolia,TERCERA,,Av Meridiana,True
0132051AR,822.85,156.66,Grevillea robusta,SEGONA,2017-06-12,Av Rio de Janeiro,False
0132052AR,928.08,349.01,Platanus × acerifolia,SEGONA,,Av Meridiana,True
0132053AR,71.6,679.54,Platanus × acerifolia,SEGONA,,Pg Verdum,True
0132055AR,592.97,183.48,Citrus × aurantium,PRIMERA,,C\ Alella,False
0132056AR,669.57,955.37,Jacaranda mimosifolia,TERCERA,,C\ Artà,False
0132057AR,280.58,422.08,Platanus × acerifolia,EXEMPLAR,,C\ Escultor Ordóñez,True
0132059AR,694.44,616.09,Fraxinus angustifolia 'Raywood',PRIMERA,2025-10-10,Av Rio de Janeiro,False
0132060AR,996.28,600.81,Platanus × acerifolia,EXEMPLAR,,Av Meridiana,True
0132061AR,175.22,770.31,Citrus × aurantium,PRIMERA,,Pl Portocristo,False
0132062AR,198.99,420.29,Casuarina cunninghamiana,PRIMERA,2026-06-19,C\ Maladeta,False
0132065AR,883.36,508.37,Tipuana tipu,TERCERA,,C\ Pintor Alsamora,False
0132066AR,284.27,429.22,Platanus × acerifolia,EXEMPLAR,,C\ Escultor Ordóñez,True
0132068AR,349.11,308.45,Melia azedarach,SEGONA,2011-11-02,C\ Maladeta,False
0132069AR,334.06,956.19,Grevillea robusta,PRIMERA,2022-09-20,Pg Valldaura,False
0132070AR,919.43,877.22,Handroanthus heptaphyllus,PRIMERA,2025-05-13,Pg Andreu Nin,False
0132071AR,83.34,496.3,Platanus × acerifolia,SEGONA,,C\ Doctor Pi i Molist,True
0132072AR,358.86,876.05,Fraxinus ornus 'Mecsek',PRIMERA,2025-01-10,C\ Eduard Tubau,False
0132074AR,607.4,343.92,Prunus cerasifera 'Pissardii',SEGONA,2009-03-25,Pg Ciutat de Mallorca,False
0132075AR,287.57,764.64,Platanus × acerifolia,EXEMPLAR,,C\ Pintor Alsamora,True
0132076AR,682.93,635.18,Populus nigra 'Italica',SEGONA,2015-04-13,Av Rio de Janeiro,False
0132077AR,298.55,637.78,X chitalpa tashkentensis 'minsum' SUMMER BELLS®,SEGONA,2015-02-03,C\ Selva,False
0132080AR,549.45,372.87,Casuarina cunninghamiana,TERCERA,2015-06-26,C\ Piferrer,False
0132082AR,186.16,773.28,Citrus × aurantium,SEGONA,,Pl Portocristo,False
0132083AR,522.46,327.66,Robinia pseudoacacia,TERCERA,,C\ Piferrer,False
0132084AR,577.44,318.1,Brachychiton populneus,TERCERA,,Pg Ciutat de Mallorca,False
0132086AR,683.6,836.89,Gleditsia triacanthos,SEGONA,,C\ Garrofers,False
0132088AR,1065.72,1069.3,Platanus × acerifolia,SEGONA,,Pg Valldaura,True
0132089AR,890.49,210.28,Platanus × acerifolia,EXEMPLAR,,Av Meridiana,True
0132090AR,673.34,832.96,Gleditsia triacanthos,SEGONA,,C\ Garrofers,False
0132091AR,872.42,139.05,Celtis australis,SEGONA,,Av Meridiana,False
0132092AR,883.36,205.63,Celtis australis,SEGONA,,Av Meridiana,False
0132093AR,714.6,173.93,Citrus × aurantium,PRIMERA,,C\ Alella,False
0132094AR,748.47,526.02,Jacaranda mimosifolia,TERCERA,,C\ Pintor Alsamora,False
0132095AR,254.12,398.79,Jacaranda mimosifolia,TERCERA,2007-10-10,C\ Escultor Ordóñez,False
0132097AR,928.42,405.11,Celtis australis,SEGONA,,Av Meridiana,False
0132099AR,747.8,267.8,Celtis australis,SEGONA,,Av Rio de Janeiro,False
0132100AR,397.09,381.88,Platanus × acerifolia,SEGONA,,C\ Deià,True
0132102AR,57.3,629.65,Brachychiton populneus,EXEMPLAR,,C\ Doctor Pi i Molist,False
0132104AR,884.47,186.6,Platanus × acerifolia,EXEMPLAR,,Av Meridiana,True
0132106AR,1069.2,892.92,Celtis sinensis,TERCERA,,Av Meridiana,False
0132107AR,701.0,307.0,Tipuana tipu,TERCERA,,Pg Ciutat de Mallorca,False
0132108AR,662.07,435.04,Tipuana tipu,EXEMPLAR,,Av Rio de Janeiro,False
0132110AR,275.94,435.99,Jacaranda mimosifolia,TERCERA,,C\ Escultor Ordóñez,False
0132111AR,1013.86,1056.46,Robinia pseudoacacia,SEGONA,,Pg Valldaura,False
0132112AR,107.83,437.66,Platanus × acerifolia,SEGONA,,C\ Doctor Pi i Molist,True
0132114AR,508.95,372.05,Platanus × acerifolia,SEGONA,,Pg Ciutat de Mallorca,True
0132115AR,1002.87,649.52,Celtis australis,SEGONA,,Av Meridiana,False
0132116AR,798.24,424.31,Platanus × acerifolia,SEGONA,,Pg Andreu Nin,True
0132117AR,217.76,786.25,Platanus × acerifolia,EXEMPLAR,,Pl Jardins d'Alfàbia,True
0132119AR,1051.7,804.58,Platanus × acerifolia,TERCERA,,Av Meridiana,True
0132122AR,536.35,907.0,Acer monspessulanum,PRIMERA,2011-02-15,C\ Lluc,False
0132123AR,459.39,82.07,Grevillea robusta,PRIMERA,2025-04-08,C\ Arnau d'Oms,False
0132124AR,969.79,558.03,Celtis australis,SEGONA,,Av Meridiana,False
0132125AR,498.81,253.77,Celtis australis,SEGONA,,C\ Piferrer,False
0132126AR,46.5,587.91,Platanus × acerifolia,TERCERA,,C\ Doctor Pi i Molist,True
0132127AR,742.81,868.36,Platanus × acerifolia,TERCERA,,Av Rio de Janeiro,True
0132129AR,142.03,784.43,Platanus × acerifolia,TERCERA,,Pg Verdum,True
0132131AR,469.3,335.92,Handroanthus heptaphyllus,PRIMERA,2025-04-29,C\ Deià,False
0132133AR,520.43,921.3,Acer monspessulanum,PRIMERA,,C\ Lluc,False
0132136AR,988.96,596.77,Celtis australis,SEGONA,,Av Meridiana,False
0132137AR,324.5,698.25,X chitalpa tashkentensis 'minsum' SUMMER BELLS®,PRIMERA,2018-11-16,C\ Selva,False
0132138AR,1061.51,1061.8,Platanus × acerifolia,TERCERA,,Pg Valldaura,True
0132140AR,952.03,998.75,Catalpa bignonioides,SEGONA,2012-01-26,Pg Andreu Nin,False
0132141AR,1044.26,800.65,Celtis sinensis,SEGONA,,Av Meridiana,False
0132144AR,1012.0,684.0,Celtis australis,SEGONA,,Av Meridiana,False
0132145AR,314.39,749.47,Platanus × acerifolia,TERCERA,,C\ Pintor Alsamora,True
0132147AR,479.89,810.38,Melia azedarach,TERCERA,,C\ Escultor Ordóñez,False
0132148AR,363.68,924.05,Jacaranda mimosifolia,SEGONA,,C\ Alcúdia,False
0132151AR,770.08,264.73,Platanus × acerifolia,TERCERA,,Pg Andreu Nin,True
0132154AR,342.27,334.68,Celtis australis,SEGONA,,C\ Maladeta,False
0132155AR,346.32,958.04,Grevillea robusta,SEGONA,2020-11-27,Pg Valldaura,False
0132156AR,738.16,855.92,Platanus × acerifolia,TERCERA,,Av Rio de Janeiro,True
0132159AR,1102.52,996.21,Platanus × acerifolia,TERCERA,,Av Meridiana,True
0132161AR,998.77,688.03,Platanus × acerifolia,TERCERA,,Av Meridiana,True
0132162AR,206.3,451.39,Melia azedarach,TERCERA,,C\ Andratx,False
0132163AR,927.4,1049.25,Platanus × acerifolia,SEGONA,,Pg Valldaura,True
0132164AR,762.67,140.15,Brachychiton populneus,SEGONA,2010-08-25,C\ Vèlia,False
0132165AR,529.95,909.89,Acer monspessulanum,SEGONA,,C\ Lluc,False
0132166AR,1099.92,1009.32,Celtis occidentalis,PRIMERA,2020-02-19,Av Meridiana,False
0132167AR,920.92,375.99,Celtis australis,SEGONA,,Av Meridiana,False
0132168AR,909.28,839.13,Catalpa bignonioides,PRIMERA,,Pg Andreu Nin,False
0132170AR,569.85,928.96,Melia azedarach,TERCERA,2011-11-02,C\ Escultor Ordóñez,False
0132171AR,1113.18,1036.84,Platanus × acerifolia,TERCERA,,Av Meridiana,True
0132172AR,777.21,343.35,Platanus × acerifolia,TERCERA,,Pg Andreu Nin,True
0132173AR,865.92,524.28,Prunus cerasifera 'Pissardii',PRIMERA,2021-02-16,C\ Pintor Alsamora,False
0132174AR,650.54,848.71,Gleditsia triacanthos,SEGONA,,C\ Garrofers,False
0132175AR,59.47,624.43,Brachychiton populneus,EXEMPLAR,,C\ Doctor Pi i Molist,False
0132178AR,416.67,515.19,Robinia pseudoacacia 'Bessoniana',PRIMERA,2022-11-14,C\ Valldemossa,False
0132179AR,837.39,153.48,Platanus × acerifolia,SEGONA,,Av Rio de Janeiro,True
0132180AR,347.85,334.13,Celtis australis,TERCERA,,Ptge Alfonso Lafuente,False
0132181AR,555.91,184.14,Citrus × aurantium,PRIMERA,,C\ Alella,False
0132182AR,823.35,171.75,Platanus × acerifolia,TERCERA,,Av Rio de Janeiro,True
0132183AR,479.23,329.95,Handroanthus heptaphyllus,PRIMERA,2025-04-29,C\ Deià,False
0132185AR,317.97,145.88,Pyrus calleryana 'Chanticleer',PRIMERA,2018-02-22,C\ Santanyí,False
0132186AR,453.25,776.75,Melia azedarach,TERCERA,,C\ Escultor Ordóñez,False
0132187AR,207.16,589.28,Morus alba,SEGONA,,C\ Deià,False
0132188AR,796.15,365.51,Platanus × acerifolia,SEGONA,,Pg Andreu Nin,True
0132189AR,859.98,149.74,Celtis australis,SEGONA,,Av Meridiana,False
0132191AR,659.0,406.0,Jacaranda mimosifolia,SEGONA,,Av Rio de Janeiro,False
0132192AR,416.66,368.27,Brachychiton populneus,EXEMPLAR,,C\ Deià,False
0132193AR,787.34,218.38,Platanus × acerifolia,SEGONA,2014-03-25,Av Rio de Janeiro,True
0132195AR,680.84,507.69,Tipuana tipu,SEGONA,,Av Rio de Janeiro,False
0132197AR,534.27,348.05,Robinia pseudoacacia,TERCERA,,C\ Piferrer,False
0132198AR,167.93,462.93,Casuarina cunninghamiana,PRIMERA,2026-06-19,C\ Maladeta,False
0132201AR,460.46,341.37,Catalpa bignonioides,PRIMERA,2022-01-11,C\ Deià,False
0132204AR,287.78,596.84,Robinia pseudoacacia,TERCERA,,C\ Valldemossa,False
0132205AR,182.59,766.64,Citrus × aurantium,PRIMERA,2011-02-15,Pl Portocristo,False
0132206AR,189.53,351.23,Prunus serrulata 'Kanzan',PRIMERA,,C\ Porta,False
0132207AR,330.34,328.65,Melia azedarach,TERCERA,,C\ Maladeta,False
0132208AR,1008.04,723.08,Platanus × acerifolia,TERCERA,,Av Meridiana,True
0132210AR,678.18,134.62,Photinia x fraseri 'Red Robin',PRIMERA,2016-03-02,C\ Malgrat,False
0132211AR,699.18,633.36,Populus nigra 'Italica',TERCERA,,Av Rio de Janeiro,False
0132213AR,103.9,468.63,Pyrus calleryana 'Chanticleer',PRIMERA,2018-02-14,C\ Maladeta,False
0132214AR,616.79,290.28,Platanus × acerifolia,EXEMPLAR,,C\ Santapau,True
0132216AR,164.87,530.17,Celtis australis,EXEMPLAR,,C\ Deià,False
0132217AR,263.85,272.88,Koelreuteria paniculata 'Fastigiata',PRIMERA,2026-06-29,C\ Porta,False
0132218AR,66.19,539.27,Platanus × acerifolia,TERCERA,,C\ Doctor Pi i Molist,True
0132219AR,627.62,443.76,Casuarina cunninghamiana,SEGONA,2020-12-15,C\ Piferrer,False
0132220AR,48.78,608.54,Citrus × aurantium,SEGONA,,C\ Doctor Pi i Molist,False
0132221AR,437.93,750.04,Melia azedarach,SEGONA,,C\ Escultor Ordóñez,False
0132222AR,900.08,851.46,Tipuana tipu,PRIMERA,2014-01-29,Pg Andreu Nin,False
0132223AR,455.49,188.68,Tipuana tipu,TERCERA,,Plta Rafaela Serrano,False
0132225AR,1002.49,624.34,Platanus × acerifolia,EXEMPLAR,,Av Meridiana,True
0132226AR,781.87,958.52,Platanus × acerifolia,TERCERA,,Av Rio de Janeiro,True
0132227AR,1017.01,1055.93,Robinia pseudoacacia,SEGONA,,Pg Valldaura,False
0132229AR,303.3,660.91,X chitalpa tashkentensis 'minsum' SUMMER BELLS®,PRIMERA,2012-03-01,C\ Selva,False
0132230AR,102.01,730.93,Platanus × acerifolia,TERCERA,,Pg Verdum,True
0132232AR,671.22,466.64,Tipuana tipu,TERCERA,,Av Rio de Janeiro,False
0132233AR,1112.41,1055.02,Celtis sinensis,EXEMPLAR,,Av Meridiana,False
0132234AR,882.97,237.03,Celtis australis,TERCERA,,Av Meridiana,False
0132235AR,506.78,879.43,Ligustrum lucidum,SEGONA,,C\ Garrofers,False
0132238AR,917.84,870.85,Handroanthus heptaphyllus,PRIMERA,2024-12-30,Pg Andreu Nin,False
0132239AR,236.66,426.32,Hesperocyparis macrocarpa,SEGONA,,C\ Andratx,False
0132240AR,936.25,378.03,Platanus × acerifolia,SEGONA,,Av Meridiana,True
0132241AR,819.44,452.86,Platanus × acerifolia,SEGONA,,Pg Andreu Nin,True
0132243AR,722.96,1019.41,Grevillea robusta,SEGONA,2018-05-23,Pg Valldaura,False
0132244AR,928.61,429.69,Platanus × acerifolia,TERCERA,,Av Meridiana,True
0132245AR,541.05,327.02,Platanus × acerifolia,EXEMPLAR,,C\ Piferrer,True
0132247AR,571.82,376.42,Casuarina cunninghamiana,SEGONA,2014-05-30,C\ Piferrer,False
0132248AR,565.09,366.18,Casuarina cunninghamiana,PRIMERA,2025-05-05,C\ Piferrer,False
0132249AR,239.95,629.73,Catalpa bignonioides,SEGONA,,C\ Valldemossa,False
0132250AR,623.25,252.81,Pyrus calleryana 'Chanticleer',PRIMERA,2026-03-09,C\ Torrent de Can Piquer,False
0132251AR,357.47,594.81,Melia azedarach,TERCERA,,C\ Escultor Ordóñez,False
0132252AR,360.82,602.58,Melia azedarach,EXEMPLAR,,C\ Escultor Ordóñez,False
0132253AR,965.13,509.28,Celtis australis,SEGONA,,Av Meridiana,False
0132254AR,918.8,314.14,Platanus × acerifolia,TERCERA,,Av Meridiana,True
0132255AR,698.58,605.76,Populus alba 'Pyramidalis',TERCERA,,Av Rio de Janeiro,False
0132257AR,175.26,657.72,Robinia pseudoacacia 'Bessoniana',SEGONA,2013-09-12,C\ Valldemossa,False
0132259AR,204.64,806.39,Platanus × acerifolia,TERCERA,,Pl Jardins d'Alfàbia,True
0132261AR,229.16,437.41,Melia azedarach,EXEMPLAR,,C\ Andratx,False
0132262AR,746.84,865.83,Melia azedarach,PRIMERA,2024-12-25,Av Rio de Janeiro,False
0132263AR,424.63,714.42,Melia azedarach,TERCERA,,C\ Escultor Ordóñez,False
0132266AR,931.45,416.57,Celtis australis,SEGONA,,Av Meridiana,False
0132267AR,375.12,954.4,Robinia pseudoacacia 'Bessoniana',PRIMERA,2021-12-14,Pl Otero Pedrayo,False
0132269AR,737.3,48.21,Platanus × acerifolia,EXEMPLAR,,Pg Fabra i Puig,True
0132270AR,99.47,456.77,Platanus × acerifolia,SEGONA,,C\ Doctor Pi i Molist,True
0132272AR,456.62,107.98,Celtis australis,TERCERA,,C\ Arnau d'Oms,False
0132274AR,531.39,245.22,Tipuana tipu,SEGONA,,C\ Torrent de Can Piquer,False
0132275AR,284.29,591.22,Robinia pseudoacacia,TERCERA,,C\ Valldemossa,False
0132276AR,799.57,377.32,Platanus × acerifolia,SEGONA,,Pg Andreu Nin,True
0132277AR,447.17,495.78,Robinia pseudoacacia,TERCERA,,C\ Valldemossa,False
0132278AR,790.66,198.51,Platanus × acerifolia,TERCERA,,Av Rio de Janeiro,True
0132281AR,295.44,406.48,Celtis australis,SEGONA,,C\ Deià,False
0132283AR,925.59,418.08,Platanus × acerifolia,TERCERA,,Av Meridiana,True
0132284AR,906.48,525.5,Tilia x europaea,SEGONA,,C\ Pintor Alsamora,False
0132285AR,515.57,282.83,Platanus × acerifolia,EXEMPLAR,,C\ Piferrer,True
0132286AR,862.79,161.12,Celtis australis,SEGONA,,Av Meridiana,False
0132288AR,945.17,752.68,X chitalpa tashkentensis 'minsum' SUMMER BELLS®,SEGONA,2016-02-23,C\ Rosselló i Porcel,False
0132290AR,812.0,1018.0,Platanus × acerifolia,EXEMPLAR,,Av Rio de Janeiro,True
0132292AR,500.88,496.36,Populus nigra 'Italica',EXEMPLAR,,C\ Casas i Amigó,False
0132294AR,292.02,443.76,Brachychiton populneus,TERCERA,,C\ Deià,False
0132295AR,829.71,148.07,Platanus × acerifolia,TERCERA,,Av Rio de Janeiro,True
0132296AR,471.29,440.25,Platanus × acerifolia,TERCERA,,C\ Estudiant,True
0132297AR,909.42,279.89,Platanus × acerifolia,TERCERA,,Av Meridiana,True
0132298AR,955.97,963.31,Catalpa bignonioides,TERCERA,,Pg Andreu Nin,False
0132299AR,814.65,435.05,Platanus × acerifolia,SEGONA,,Pg Andreu Nin,True
0132300AR,920.91,883.36,Catalpa bignonioides,PRIMERA,,Pg Andreu Nin,False
0132302AR,895.55,739.65,Platanus × acerifolia,SEGONA,,Pg Andreu Nin,True
0132304AR,696.92,687.68,Populus nigra 'Italica',EXEMPLAR,,Av Rio de Janeiro,False
0132305AR,933.92,1050.26,Platanus × acerifolia,SEGONA,,Pg Valldaura,True
0132306AR,241.06,110.61,Platanus × acerifolia,TERCERA,,C\ Doctor Pi i Molist,True
0132307AR,738.63,285.61,Tipuana tipu,SEGONA,,Av Rio de Janeiro,False
0132308AR,631.77,847.83,Gleditsia triacanthos,SEGONA,,C\ Garrofers,False
0132309AR,496.88,283.82,Robinia pseudoacacia,SEGONA,,C\ Piferrer,False
0132310AR,676.01,330.99,Celtis australis,SEGONA,,Pg Ciutat de Mallorca,False
0132312AR,308.52,60.75,Platanus × acerifolia,TERCERA,,Pg Fabra i Puig,True
0132313AR,399.73,57.83,Platanus × acerifolia,SEGONA,,Pg Fabra i Puig,True
0132314AR,198.93,859.48,Platanus × acerifolia,TERCERA,,Pg Verdum,True
0132315AR,249.28,418.6,Hesperocyparis macrocarpa,SEGONA,,C\ Andratx,False
0132317AR,283.19,922.18,Prunus cerasifera 'Pissardii',SEGONA,,C\ Eduard Tubau,False
0132319AR,497.95,318.76,Handroanthus heptaphyllus,PRIMERA,2025-05-27,C\ Deià,False
0132320AR,747.72,1023.67,Grevillea robusta,PRIMERA,2021-06-22,Pg Valldaura,False
0132321AR,416.41,935.14,Ligustrum lucidum,SEGONA,,C\ Garrofers,False
0132322AR,467.65,796.18,Melia azedarach,EXEMPLAR,,C\ Escultor Ordóñez,False
0132324AR,865.9,131.38,Eucalyptus camaldulensis,SEGONA,2016-04-28,Av Meridiana,False
0132325AR,345.13,413.49,Platanus × acerifolia,SEGONA,,C\ Deià,True
0132326AR,425.37,971.17,Grevillea robusta,PRIMERA,2020-11-27,Pg Valldaura,False
0132327AR,464.73,322.1,Catalpa bignonioides,SEGONA,,C\ Deià,False
0132329AR,936.61,941.04,Handroanthus heptaphyllus,PRIMERA,2025-05-08,Pg Andreu Nin,False
0132330AR,857.24,520.28,Tilia x europaea,SEGONA,,C\ Pintor Alsamora,False
0132331AR,653.09,966.38,Jacaranda mimosifolia,TERCERA,,C\ Artà,False
0132332AR,912.19,798.94,Handroanthus heptaphyllus,PRIMERA,2025-05-13,Pg Andreu Nin,False
0132334AR,762.84,871.64,Celtis australis,SEGONA,,Av Rio de Janeiro,False
0132335AR,209.96,575.0,Morus alba,SEGONA,,C\ Deià,False
0132336AR,167.81,431.57,Pyrus calleryana 'Chanticleer',PRIMERA,2020-02-05,C\ Maladeta,False
0132337AR,178.92,620.14,Platanus × acerifolia,SEGONA,,C\ Alcúdia,True
0132338AR,550.28,367.59,Populus nigra 'Italica',SEGONA,2009-03-23,C\ Piferrer,False
0132339AR,489.64,270.58,Robinia pseudoacacia,SEGONA,,C\ Piferrer,False
0132340AR,942.11,910.25,Catalpa bignonioides,PRIMERA,2021-11-02,Pg Andreu Nin,False
0132341AR,1024.71,706.19,Platanus × acerifolia,TERCERA,,Av Meridiana,True
0132342AR,800.87,957.06,Platanus × acerifolia,TERCERA,,Av Rio de Janeiro,True
0132344AR,812.93,428.0,Platanus × acerifolia,SEGONA,,Pg Andreu Nin,True
0132345AR,54.91,610.81,Melia azedarach,PRIMERA,2019-01-10,C\ Doctor Pi i Molist,False
0132347AR,935.17,503.8,Tipuana tipu,SEGONA,,C\ Pintor Alsamora,False
0132348AR,207.08,444.21,Hesperocyparis macrocarpa,SEGONA,,C\ Andratx,False
0132349AR,1042.59,794.82,Celtis sinensis,SEGONA,,Av Meridiana,False
0132350AR,762.64,538.61,Populus alba 'Pyramidalis',TERCERA,,C\ Pintor Alsamora,False
0132351AR,424.13,510.42,Robinia pseudoacacia,SEGONA,,C\ Valldemossa,False
0132352AR,684.8,656.63,Morus alba 'Fruitless',PRIMERA,2024-11-20,Av Rio de Janeiro,False
0132353AR,139.72,371.3,Melia azedarach,EXEMPLAR,,C\ Porta,False
0132354AR,885.71,510.43,Tipuana tipu,SEGONA,2013-01-10,C\ Pintor Alsamora,False
0132357AR,315.81,684.3,X chitalpa tashkentensis 'minsum' SUMMER BELLS®,SEGONA,,C\ Selva,False
0132361AR,684.37,641.02,Fraxinus angustifolia 'Raywood',PRIMERA,2025-10-16,Av Rio de Janeiro,False
0132362AR,881.99,174.88,Platanus × acerifolia,TERCERA,,Av Meridiana,True
0132366AR,430.0,544.0,Acer campestre 'Elsrijk',PRIMERA,2026-09-30,C\ Casas i Amigó,False
0132369AR,501.55,473.82,Brachychiton populneus,TERCERA,,C\ Estudiant,False
0132370AR,872.71,132.95,Celtis australis,SEGONA,,Av Meridiana,False
0132372AR,491.44,823.39,Melia azedarach,EXEMPLAR,,C\ Escultor Ordóñez,False
0132373AR,392.02,385.55,Platanus × acerifolia,EXEMPLAR,,C\ Deià,True
0132374AR,788.67,932.4,Platanus × acerifolia,SEGONA,2008-12-05,Av Rio de Janeiro,True
0132375AR,925.21,337.26,Platanus × acerifolia,SEGONA,,Av Meridiana,True
0132377AR,890.29,82.35,Platanus × acerifolia,TERCERA,,Av Rio de Janeiro,True
0132378AR,449.36,482.93,Melia azedarach,SEGONA,2013-04-16,C\ Valldemossa,False
0132379AR,999.73,637.56,Celtis australis,SEGONA,,Av Meridiana,False
0132380AR,100.25,598.8,Robinia pseudoacacia 'Bessoniana',SEGONA,2012-01-26,C\ Pollença,False
0132381AR,680.48,214.33,Citrus × aurantium,PRIMERA,,C\ Malgrat,False
0132382AR,367.18,600.33,Melia azedarach,PRIMERA,2023-02-13,C\ Escultor Ordóñez,False
0132383AR,827.08,166.76,Platanus × acerifolia,SEGONA,,Av Rio de Janeiro,True
0132384AR,457.6,121.74,Celtis australis,PRIMERA,2016-05-27,C\ Arnau d'Oms,False
0132387AR,621.08,337.86,Acer negundo,SEGONA,,Pg Ciutat de Mallorca,False
0132389AR,883.11,180.82,Platanus × acerifolia,TERCERA,,Av Meridiana,True
0132390AR,114.56,421.02,Platanus × acerifolia,SEGONA,,C\ Doctor Pi i Molist,True
0132391AR,615.9,182.73,Citrus × aurantium,PRIMERA,2009-06-05,C\ Alella,False
0132393AR,351.46,758.88,Platanus × acerifolia,SEGONA,,C\ Selva,True
0132394AR,1045.56,806.0,Celtis sinensis,SEGONA,,Av Meridiana,False
0132396AR,886.33,248.58,Celtis australis,TERCERA,,Av Meridiana,False
0132398AR,274.18,847.17,Brachychiton populneus,EXEMPLAR,,C\ Bunyola,False
0132399AR,806.05,995.86,Melia azedarach,SEGONA,2013-12-17,Av Rio de Janeiro,False
0132400AR,1076.46,897.81,Platanus × acerifolia,SEGONA,,Av Meridiana,True
0132402AR,666.48,515.3,Casuarina cunninghamiana,SEGONA,2018-05-31,Av Rio de Janeiro,False
0132404AR,899.17,750.71,Platanus × acerifolia,SEGONA,,Pg Andreu Nin,True
0132406AR,855.72,114.78,Melia azedarach,PRIMERA,2025-11-27,Av Rio de Janeiro,False
0132407AR,960.49,522.81,Celtis australis,PRIMERA,2018-03-07,Av Meridiana,False
0132409AR,377.32,865.17,Prunus cerasifera 'Pissardii',PRIMERA,2021-02-16,C\ Eduard Tubau,False
0132410AR,717.31,778.34,Morus alba 'Fruitless',PRIMERA,2024-11-20,Av Rio de Janeiro,False
0132411AR,370.92,397.84,Platanus × acerifolia,TERCERA,,C\ Deià,True
0132412AR,817.76,46.09,Platanus × acerifolia,TERCERA,,Pg Fabra i Puig,True
0132413AR,490.17,401.69,Morus nigra,TERCERA,,Pg Ciutat de Mallorca,False
0132414AR,677.03,94.22,Citrus × aurantium,PRIMERA,,C\ Malgrat,False
0132415AR,275.2,375.86,Melia azedarach,TERCERA,,C\ Maladeta,False
0132417AR,508.83,925.04,Acer monspessulanum,PRIMERA,,C\ Lluc,False
0132420AR,558.68,263.97,Cercis siliquastrum,SEGONA,,C\ Torrent de Can Piquer,False
0132422AR,505.66,265.13,Platanus × acerifolia,EXEMPLAR,,C\ Piferrer,True
0132423AR,936.33,491.54,Tipuana tipu,TERCERA,,C\ Pintor Alsamora,False
0132425AR,236.97,917.73,Brachychiton populneus,SEGONA,,Pl República,False
0132426AR,367.87,619.33,Melia azedarach,EXEMPLAR,,C\ Escultor Ordóñez,False
0132427AR,668.71,305.47,Tipuana tipu,SEGONA,,Pg Ciutat de Mallorca,False
0132428AR,879.39,87.95,Platanus × acerifolia,TERCERA,,Av Rio de Janeiro,True
0132429AR,623.16,439.11,Populus nigra 'Italica',EXEMPLAR,,C\ Piferrer,False
0132431AR,934.79,428.15,Celtis australis,PRIMERA,2021-12-09,Av Meridiana,False
0132432AR,70.0,597.0,Brachychiton populneus,SEGONA,,C\ Doctor Pi i Molist,False
0132433AR,170.93,437.17,Populus alba 'Pyramidalis',EXEMPLAR,,C\ Maladeta,False
0132434AR,641.72,439.54,Casuarina cunninghamiana,SEGONA,,Av Rio de Janeiro,False
0132435AR,696.11,622.04,Fraxinus angustifolia 'Raywood',PRIMERA,2019-10-10,Av Rio de Janeiro,False
0132436AR,764.95,922.14,Platanus × acerifolia,TERCERA,,Av Rio de Janeiro,True
0132437AR,857.45,790.67,Melia azedarach,TERCERA,,C\ Rosselló i Porcel,False
0132438AR,484.2,472.12,Robinia pseudoacacia,TERCERA,,C\ Valldemossa,False
0132441AR,459.54,88.41,Grevillea robusta,PRIMERA,2021-05-05,C\ Arnau d'Oms,False
0132442AR,982.8,629.81,Platanus × acerifolia,TERCERA,,Av Meridiana,True
0132443AR,1088.78,944.34,Platanus × acerifolia,PRIMERA,2014-10-20,Av Meridiana,True
0132444AR,1042.9,1065.97,Platanus × acerifolia,SEGONA,,Pg Valldaura,True
0132445AR,950.12,430.25,Platanus × acerifolia,EXEMPLAR,,Av Meridiana,True
0132446AR,682.21,154.64,Citrus × aurantium,PRIMERA,,C\ Malgrat,False
0132447AR,665.41,259.95,Pyrus calleryana 'Chanticleer',PRIMERA,2010-12-21,C\ Torrent de Can Piquer,False
0132448AR,1071.86,880.04,Platanus × acerifolia,SEGONA,,Av Meridiana,True
0132449AR,253.22,608.24,Catalpa bignonioides,TERCERA,,C\ Valldemossa,False
0132450AR,844.78,794.04,Melia azedarach,EXEMPLAR,,C\ Rosselló i Porcel,False
0132451AR,969.5,501.74,Platanus × acerifolia,TERCERA,,Av Meridiana,True
0132452AR,569.78,225.68,Pyrus calleryana 'Chanticleer',SEGONA,2010-12-21,C\ Torrent de Can Piquer,False
0132453AR,668.24,521.38,Casuarina cunninghamiana,PRIMERA,2025-05-05,Av Rio de Janeiro,False
0132454AR,877.43,213.95,Celtis australis,SEGONA,,Av Meridiana,False
0132455AR,275.92,414.89,Platanus × acerifolia,EXEMPLAR,,C\ Escultor Ordóñez,True
0132457AR,676.05,951.32,Jacaranda mimosifolia,TERCERA,,C\ Artà,False
0132458AR,511.83,641.7,Jacaranda mimosifolia,TERCERA,,C\ Pintor Alsamora,False
0132459AR,1006.14,717.44,Platanus × acerifolia,SEGONA,,Av Meridiana,True
0132461AR,325.53,60.16,Platanus × acerifolia,TERCERA,,Pg Fabra i Puig,True
0132464AR,861.99,533.67,Tilia x europaea,SEGONA,,C\ Pintor Alsamora,False
0132467AR,1013.01,1061.36,Platanus × acerifolia,TERCERA,,Pg Valldaura,True
0132468AR,309.14,739.78,Platanus × acerifolia,TERCERA,,C\ Pintor Alsamora,True
0132469AR,436.62,386.22,Platanus × acerifolia,TERCERA,2015-10-23,C\ Estudiant,True
0132470AR,540.61,865.5,Gleditsia triacanthos,SEGONA,2010-02-01,C\ Garrofers,False
0132472AR,317.53,497.2,Platanus × acerifolia,TERCERA,,C\ Escultor Ordóñez,True
0132473AR,473.21,102.24,Platanus × acerifolia,TERCERA,,C\ Arnau d'Oms,True
0132474AR,374.05,530.87,Platanus × acerifolia,SEGONA,,C\ Valldemossa,True
0132477AR,49.44,615.04,Citrus × aurantium,SEGONA,,C\ Doctor Pi i Molist,False
0132478AR,1018.58,707.35,Celtis australis,SEGONA,,Av Meridiana,False
0132479AR,883.31,91.28,Platanus × acerifolia,TERCERA,,Av Rio de Janeiro,True
0132480AR,239.82,863.81,Brachychiton populneus,SEGONA,,C\ Bunyola,False
0132484AR,851.9,119.69,Platanus × acerifolia,TERCERA,,Av Rio de Janeiro,True
0132485AR,680.82,229.83,Citrus × aurantium,PRIMERA,2010-06-14,C\ Malgrat,False
0132488AR,925.34,848.29,Catalpa bignonioides,SEGONA,,Pg Andreu Nin,False
0132490AR,704.9,1016.79,Populus nigra 'Italica',TERCERA,,Pg Valldaura,False
0132491AR,689.51,674.19,Morus alba,PRIMERA,,Av Rio de Janeiro,False
0132493AR,999.77,613.01,Platanus × acerifolia,SEGONA,,Av Meridiana,True
0132494AR,623.28,996.14,Platanus × acerifolia,SEGONA,,Plta Avis,True
0132496AR,810.94,474.32,Platanus × acerifolia,SEGONA,,Pg Andreu Nin,True
0132497AR,920.15,496.17,Tilia x europaea,TERCERA,,C\ Pintor Alsamora,False
0132499AR,457.47,387.6,Tipuana tipu,PRIMERA,2018-05-31,Pg Ciutat de Mallorca,False
0132500AR,298.27,411.06,Celtis australis,SEGONA,,C\ Deià,False
0132502AR,1098.02,978.91,Platanus × acerifolia,SEGONA,,Av Meridiana,True
0132504AR,393.0,58.0,Platanus × acerifolia,TERCERA,,Pg Fabra i Puig,True
0132505AR,248.96,770.92,Platanus × acerifolia,SEGONA,,Pl Jardins d'Alfàbia,True
0132506AR,475.35,172.07,Platanus × acerifolia,EXEMPLAR,,C\ Arnau d'Oms,True
0132508AR,326.85,512.1,Platanus × acerifolia,TERCERA,,C\ Escultor Ordóñez,True
0132509AR,482.43,328.04,Catalpa bignonioides,TERCERA,,C\ Deià,False
0132511AR,891.37,508.74,Tipuana tipu,TERCERA,,C\ Pintor Alsamora,False
0132512AR,687.27,737.22,Populus x canadensis,EXEMPLAR,,Av Rio de Janeiro,False
0132514AR,736.82,173.01,Citrus × aurantium,PRIMERA,,C\ Alella,False
0132515AR,363.47,293.76,Melia azedarach,EXEMPLAR,,C\ Maladeta,False
0132516AR,401.99,575.05,Celtis australis,SEGONA,,C\ Casas i Amigó,False
0132517AR,395.71,573.92,Celtis australis,TERCERA,,C\ Casas i Amigó,False
0132518AR,459.26,172.0,Platanus × acerifolia,EXEMPLAR,2011-04-06,C\ Arnau d'Oms,True
0132519AR,171.59,763.56,Citrus × aurantium,PRIMERA,,Pl Portocristo,False
0132520AR,64.16,587.91,Platanus × acerifolia,EXEMPLAR,,C\ Doctor Pi i Molist,True
0132522AR,988.52,628.3,Celtis australis,SEGONA,,Av Meridiana,False
0132526AR,987.52,590.63,Celtis australis,SEGONA,,Av Meridiana,False
0132527AR,479.67,313.08,Catalpa bignonioides,PRIMERA,2022-01-11,C\ Deià,False
0132528AR,353.42,304.22,Melia azedarach,EXEMPLAR,,C\ Maladeta,False
0132529AR,907.7,832.93,Handroanthus heptaphyllus,PRIMERA,2024-12-30,Pg Andreu Nin,False
0132530AR,900.61,269.87,Celtis australis,SEGONA,,Av Meridiana,False
0132531AR,660.76,313.54,Tipuana tipu,SEGONA,,Pg Ciutat de Mallorca,False
0132532AR,976.0,606.0,Platanus × acerifolia,SEGONA,,Av Meridiana,True
0132533AR,1009.44,672.81,Celtis australis,SEGONA,,Av Meridiana,False
0132534AR,429.02,495.63,Platanus × acerifolia,TERCERA,,C\ Valldemossa,True
0132536AR,437.3,200.46,Tipuana tipu,SEGONA,,Plta Rafaela Serrano,False
0132537AR,291.53,348.38,Crataegus x media 'Paul's Scarlet',PRIMERA,,Ptge Porta,False
0132538AR,981.0,567.39,Celtis australis,PRIMERA,2021-11-11,Av Meridiana,False
0132539AR,916.25,383.2,Platanus × acerifolia,SEGONA,,Av Meridiana,True
0132540AR,444.33,486.04,Melia azedarach,SEGONA,,C\ Valldemossa,False
0132541AR,446.9,349.71,Catalpa bignonioides,SEGONA,,C\ Deià,False
0132543AR,570.52,398.04,Casuarina cunninghamiana,SEGONA,2016-05-27,C\ Piferrer,False
0132544AR,663.47,919.96,Ligustrum lucidum,SEGONA,2013-04-18,C\ Horitzontal,False
0132546AR,446.29,206.63,Tipuana tipu,SEGONA,,Plta Rafaela Serrano,False
0132547AR,1120.31,1065.87,Platanus × acerifolia,EXEMPLAR,,Av Meridiana,True
0132548AR,323.43,684.33,X chitalpa tashkentensis 'minsum' SUMMER BELLS®,SEGONA,,C\ Selva,False
0132549AR,919.21,339.05,Celtis australis,SEGONA,,Av Meridiana,False
0132550AR,631.01,325.6,Celtis australis,TERCERA,,Pg Ciutat de Mallorca,False
0132551AR,266.08,922.67,Brachychiton populneus,TERCERA,,Pl República,False
0132553AR,756.93,904.1,Platanus × acerifolia,SEGONA,,Av Rio de Janeiro,True
0132554AR,894.36,68.61,Platanus × acerifolia,TERCERA,,Av Rio de Janeiro,True
0132558AR,329.9,517.54,Platanus × acerifolia,TERCERA,,C\ Escultor Ordóñez,True
0132559AR,344.61,313.53,Melia azedarach,EXEMPLAR,,C\ Maladeta,False
0132561AR,301.32,471.59,Platanus × acerifolia,TERCERA,,C\ Escultor Ordóñez,True
0132562AR,889.57,229.13,Celtis australis,EXEMPLAR,,Av Meridiana,False
0132565AR,960.16,977.83,Handroanthus heptaphyllus,PRIMERA,2026-01-16,Pg Andreu Nin,False
0132566AR,159.13,604.04,Platanus × acerifolia,SEGONA,,C\ Felanitx,True
0132568AR,676.83,627.53,Morus alba 'Fruitless',PRIMERA,2024-11-20,Av Rio de Janeiro,False
0132570AR,720.56,790.32,Morus alba 'Fruitless',PRIMERA,2024-11-20,Av Rio de Janeiro,False
0132571AR,669.07,503.57,Tipuana tipu,SEGONA,,Av Rio de Janeiro,False
0132572AR,671.0,510.0,Tipuana tipu,SEGONA,,Av Rio de Janeiro,False
0132573AR,636.93,886.3,Ligustrum lucidum,SEGONA,,C\ Horitzontal,False
0132574AR,132.14,460.26,Casuarina cunninghamiana,PRIMERA,2026-06-19,C\ Maladeta,False
0132575AR,484.6,878.12,Ligustrum lucidum,SEGONA,,C\ Garrofers,False
0132576AR,349.37,59.31,Platanus × acerifolia,TERCERA,,Pg Fabra i Puig,True
0132577AR,780.09,533.63,Grevillea robusta,PRIMERA,2024-10-14,C\ Pintor Alsamora,False
0132578AR,501.46,359.63,Platanus × acerifolia,SEGONA,,Pg Ciutat de Mallorca,True
0132579AR,222.0,537.0,Tipuana tipu,EXEMPLAR,,C\ Deià,False
0132580AR,799.93,430.87,Platanus × acerifolia,PRIMERA,2011-11-09,Pg Andreu Nin,True
0132581AR,184.38,651.64,Platanus × acerifolia,SEGONA,,C\ Valldemossa,True
0132584AR,887.89,1043.54,Platanus × acerifolia,SEGONA,,Pg Valldaura,True
0132585AR,664.34,181.26,Citrus × aurantium,PRIMERA,,C\ Alella,False
0132586AR,85.89,490.64,Platanus × acerifolia,TERCERA,,C\ Doctor Pi i Molist,True
0132587AR,278.55,940.6,Brachychiton populneus,TERCERA,,Pl República,False
0132588AR,123.07,399.13,Platanus × acerifolia,SEGONA,,C\ Doctor Pi i Molist,True
0132589AR,266.96,400.17,Platanus × acerifolia,TERCERA,,C\ Escultor Ordóñez,True
0132591AR,229.97,794.02,Platanus × acerifolia,TERCERA,,Pl Jardins d'Alfàbia,True
0132592AR,474.31,131.25,Platanus × acerifolia,TERCERA,,C\ Arnau d'Oms,True
0132593AR,618.33,583.02,Jacaranda mimosifolia,TERCERA,,C\ Pintor Alsamora,False
0132594AR,971.48,588.78,Platanus × acerifolia,EXEMPLAR,,Av Meridiana,True
0132595AR,650.55,259.97,Pyrus calleryana 'Chanticleer',SEGONA,2010-12-21,C\ Torrent de Can Piquer,False
0132596AR,456.0,87.0,Celtis australis,TERCERA,,C\ Arnau d'Oms,False
0132598AR,683.17,650.74,Morus alba,PRIMERA,,Av Rio de Janeiro,False
0132599AR,287.67,840.55,Brachychiton populneus,SEGONA,,C\ Bunyola,False
0132600AR,323.28,415.31,Robinia pseudoacacia 'Pyramidalis',SEGONA,,C\ Deià,False
0132601AR,562.86,280.29,Pyrus calleryana 'Chanticleer',PRIMERA,2026-03-09,C\ Torrent de Can Piquer,False
0132602AR,449.47,769.9,Melia azedarach,TERCERA,,C\ Escultor Ordóñez,False
0132603AR,877.67,534.55,Tilia x europaea,SEGONA,,C\ Pintor Alsamora,False
0132604AR,152.0,448.0,Casuarina cunninghamiana,PRIMERA,2026-06-19,C\ Maladeta,False
0132605AR,893.73,221.99,Platanus × acerifolia,SEGONA,,Av Meridiana,True
0132606AR,1007.72,666.75,Celtis australis,SEGONA,,Av Meridiana,False
0132607AR,721.03,529.93,Jacaranda mimosifolia,SEGONA,,C\ Pintor Alsamora,False
0132608AR,561.08,178.15,Citrus × aurantium,PRIMERA,,C\ Alella,False
0132609AR,678.86,520.2,Ligustrum lucidum,SEGONA,,Av Rio de Janeiro,False
0132610AR,846.08,45.12,Platanus × acerifolia,TERCERA,,Pg Fabra i Puig,True
0132613AR,70.28,648.15,Celtis australis,SEGONA,,C\ Felanitx,False
0132614AR,226.05,870.83,Brachychiton populneus,TERCERA,,C\ Bunyola,False
0132615AR,675.73,59.4,Citrus × aurantium,PRIMERA,,C\ Malgrat,False
0132616AR,320.49,60.3,Platanus × acerifolia,TERCERA,,Pg Fabra i Puig,True
0132617AR,754.51,189.25,Brachychiton populneus,SEGONA,2010-08-25,C\ Vèlia,False
0132618AR,773.65,330.25,Platanus × acerifolia,SEGONA,,Pg Andreu Nin,True
0132620AR,729.62,300.67,Ulmus pumila,EXEMPLAR,,Av Rio de Janeiro,False
0132623AR,482.61,503.42,Tipuana tipu,EXEMPLAR,,C\ Casas i Amigó,False
0132624AR,564.36,388.91,Populus nigra 'Italica',EXEMPLAR,,C\ Piferrer,False
0132625AR,472.41,75.53,Celtis australis,SEGONA,2009-11-30,C\ Arnau d'Oms,False
0132626AR,888.93,839.09,Tipuana tipu,SEGONA,,Pl Gabriel Alomar,False
0132628AR,412.69,371.84,Platanus × acerifolia,SEGONA,,C\ Deià,True
0132629AR,678.75,321.18,Prunus cerasifera 'Pissardii',PRIMERA,2024-11-25,Pg Ciutat de Mallorca,False
0132630AR,922.29,325.76,Platanus × acerifolia,TERCERA,,Av Meridiana,True
0132631AR,349.97,891.77,Jacaranda mimosifolia,TERCERA,,C\ Alcúdia,False
0132632AR,861.3,529.27,Tilia x euchlora,PRIMERA,2025-02-18,C\ Pintor Alsamora,False
0132633AR,672.53,477.91,Tipuana tipu,TERCERA,,Av Rio de Janeiro,False
0132634AR,333.84,714.41,X chitalpa tashkentensis 'minsum' SUMMER BELLS®,PRIMERA,2022-11-14,C\ Selva,False
0132635AR,676.5,72.95,Citrus × aurantium,PRIMERA,,C\ Malgrat,False
0132636AR,59.55,580.37,Citrus × aurantium,SEGONA,,C\ Doctor Pi i Molist,False
0132637AR,346.34,568.9,Melia azedarach,EXEMPLAR,,C\ Escultor Ordóñez,False
0132639AR,524.74,355.69,Celtis australis,TERCERA,,Pg Ciutat de Mallorca,False
0132640AR,909.62,335.74,Celtis australis,SEGONA,,Av Meridiana,False
0132641AR,968.0,577.0,Platanus × acerifolia,TERCERA,,Av Meridiana,True
0132642AR,794.88,412.08,Platanus × acerifolia,SEGONA,,Pg Andreu Nin,True
0132644AR,879.89,114.37,Platanus × acerifolia,EXEMPLAR,,Av Meridiana,True
0132645AR,963.92,559.44,Platanus × acerifolia,TERCERA,,Av Meridiana,True
0132646AR,182.34,625.18,Platanus × acerifolia,SEGONA,,C\ Alcúdia,True
0132648AR,555.82,621.1,Jacaranda mimosifolia,EXEMPLAR,,C\ Pintor Alsamora,False
0132650AR,961.14,547.73,Platanus × acerifolia,TERCERA,,Av Meridiana,True
0132652AR,493.0,276.0,Robinia pseudoacacia,SEGONA,,C\ Piferrer,False
0132653AR,254.49,781.96,Celtis sinensis,PRIMERA,2024-12-10,Pl Jardins d'Alfàbia,False
0132655AR,216.75,800.43,Platanus × acerifolia,EXEMPLAR,,Pl Jardins d'Alfàbia,True
0132657AR,886.44,217.58,Celtis australis,EXEMPLAR,,Av Meridiana,False
0132658AR,280.25,381.43,Celtis australis,SEGONA,,C\ Deià,False
0132659AR,681.49,133.77,Citrus × aurantium,PRIMERA,,C\ Malgrat,False
0132660AR,807.97,461.79,Catalpa bignonioides,PRIMERA,2013-12-17,Pg Andreu Nin,False
0132661AR,567.41,393.52,Casuarina cunninghamiana,PRIMERA,2020-12-15,C\ Piferrer,False
0132662AR,780.77,914.76,Platanus × acerifolia,TERCERA,,Av Rio de Janeiro,True
0132663AR,298.77,237.87,Prunus cerasifera 'Pissardii',PRIMERA,2023-02-21,C\ Porta,False
0132664AR,593.23,337.37,Celtis australis,EXEMPLAR,,Pg Ciutat de Mallorca,False
0132665AR,262.78,920.73,Brachychiton populneus,TERCERA,,Pl República,False
0132670AR,759.94,522.93,Jacaranda mimosifolia,SEGONA,,C\ Pintor Alsamora,False
0132671AR,771.76,519.97,Jacaranda mimosifolia,SEGONA,,C\ Pintor Alsamora,False
0132672AR,975.22,1033.18,Handroanthus heptaphyllus,PRIMERA,2025-03-19,Pg Andreu Nin,False
0132673AR,527.0,247.66,Tipuana tipu,SEGONA,,C\ Torrent de Can Piquer,False
0132674AR,93.44,645.35,Platanus × acerifolia,TERCERA,,C\ Felanitx,True
0132678AR,858.86,44.78,Platanus × acerifolia,EXEMPLAR,,Pg Fabra i Puig,True
0132679AR,365.66,953.12,Robinia pseudoacacia 'Bessoniana',SEGONA,2017-02-13,Pl Otero Pedrayo,False
0132680AR,317.96,153.52,Pyrus calleryana 'Chanticleer',SEGONA,2010-08-30,C\ Santanyí,False
0132681AR,804.77,510.71,Jacaranda mimosifolia,SEGONA,,C\ Pintor Alsamora,False
0132682AR,468.66,890.06,Ligustrum lucidum,SEGONA,,C\ Garrofers,False
0132685AR,41.93,599.02,Platanus × acerifolia,TERCERA,,C\ Doctor Pi i Molist,True
0132686AR,816.19,985.71,Platanus × acerifolia,TERCERA,,Av Rio de Janeiro,True
0132687AR,727.45,528.34,Jacaranda mimosifolia,SEGONA,,C\ Pintor Alsamora,False
0132688AR,722.05,795.86,Morus alba,SEGONA,,Av Rio de Janeiro,False
0132689AR,1097.18,997.3,Celtis sinensis,SEGONA,,Av Meridiana,False
0132690AR,150.77,795.15,Platanus × acerifolia,TERCERA,,Pg Verdum,True
0132691AR,665.45,492.94,Tipuana tipu,TERCERA,,Av Rio de Janeiro,False
0132692AR,610.0,262.0,Platanus × acerifolia,EXEMPLAR,,C\ Santapau,True
0132694AR,934.03,881.83,Catalpa bignonioides,SEGONA,,Pg Andreu Nin,False
0132695AR,342.37,537.37,Celtis australis,SEGONA,,C\ Escultor Ordóñez,False
0132697AR,999.74,669.11,Celtis australis,SEGONA,,Av Meridiana,False
0132699AR,684.34,217.3,Citrus × aurantium,PRIMERA,,C\ Malgrat,False
0132701AR,864.45,167.39,Celtis australis,SEGONA,,Av Meridiana,False
0132702AR,816.0,181.0,Platanus × acerifolia,TERCERA,,Av Rio de Janeiro,True
0132703AR,183.33,784.65,Citrus × aurantium,PRIMERA,,Pl Portocristo,False
0132704AR,185.47,630.18,Platanus × acerifolia,SEGONA,,C\ Alcúdia,True
0132705AR,639.92,323.84,Celtis australis,TERCERA,,Pg Ciutat de Mallorca,False
0132706AR,901.25,525.73,Tilia x europaea,SEGONA,,C\ Pintor Alsamora,False
0132707AR,261.52,391.9,Platanus × acerifolia,EXEMPLAR,,C\ Escultor Ordóñez,True
0132708AR,761.78,518.67,Jacaranda mimosifolia,TERCERA,,C\ Pintor Alsamora,False
0132709AR,1041.07,789.36,Celtis sinensis,TERCERA,,Av Meridiana,False
0132711AR,459.01,64.9,Populus nigra 'Italica',EXEMPLAR,,C\ Arnau d'Oms,False
0132712AR,724.0,179.63,Citrus × aurantium,PRIMERA,,C\ Alella,False
0132713AR,1050.17,799.11,Platanus × acerifolia,SEGONA,,Av Meridiana,True
0132714AR,764.21,206.72,Brachychiton populneus,SEGONA,2010-08-25,C\ Vèlia,False
0132715AR,331.93,560.13,Robinia pseudoacacia,EXEMPLAR,,C\ Valldemossa,False
0132717AR,492.4,382.44,Platanus × acerifolia,TERCERA,,Pg Ciutat de Mallorca,True
0132719AR,340.18,957.19,Grevillea robusta,PRIMERA,2022-09-20,Pg Valldaura,False
0132720AR,724.67,791.7,Fraxinus angustifolia 'Raywood',PRIMERA,2025-10-28,Av Rio de Janeiro,False
0132721AR,698.18,536.05,Jacaranda mimosifolia,SEGONA,,C\ Pintor Alsamora,False
0132722AR,911.08,846.0,Catalpa bignonioides,SEGONA,,Pg Andreu Nin,False
0132723AR,605.92,1000.89,Populus nigra 'Italica',SEGONA,,Pg Valldaura,False
0132725AR,979.06,536.63,Platanus × acerifolia,SEGONA,,Av Meridiana,True
0132726AR,754.28,524.48,Jacaranda mimosifolia,PRIMERA,2018-05-31,C\ Pintor Alsamora,False
0132727AR,688.82,658.41,Fraxinus angustifolia 'Raywood',PRIMERA,2025-10-16,Av Rio de Janeiro,False
0132728AR,994.95,595.19,Platanus × acerifolia,EXEMPLAR,,Av Meridiana,True
0132730AR,809.55,1022.41,Platanus × acerifolia,EXEMPLAR,,Av Rio de Janeiro,True
0132731AR,228.96,623.27,Catalpa bignonioides,SEGONA,,C\ Valldemossa,False
0132732AR,272.55,427.9,Jacaranda mimosifolia,TERCERA,,C\ Escultor Ordóñez,False
0132733AR,1021.18,694.17,Platanus × acerifolia,TERCERA,,Av Meridiana,True
0132734AR,301.1,415.44,Celtis australis,SEGONA,2012-03-01,C\ Deià,False
0132735AR,697.12,703.19,Morus alba,SEGONA,,Av Rio de Janeiro,False
0132737AR,1036.74,1065.3,Platanus × acerifolia,SEGONA,,Pg Valldaura,True
0132738AR,979.44,561.57,Celtis australis,PRIMERA,2021-11-11,Av Meridiana,False
0132739AR,1077.05,922.36,Celtis sinensis,TERCERA,,Av Meridiana,False
0132742AR,116.1,751.41,Platanus × acerifolia,TERCERA,,Pg Verdum,True
0132743AR,694.05,691.11,Morus alba,SEGONA,,Av Rio de Janeiro,False
0132745AR,906.91,516.65,Tilia x euchlora,SEGONA,,C\ Pintor Alsamora,False
0132747AR,1022.8,700.42,Platanus × acerifolia,TERCERA,,Av Meridiana,True
0132748AR,762.69,149.16,Brachychiton populneus,SEGONA,2010-08-25,C\ Vèlia,False
0132749AR,416.17,551.67,Citrus × aurantium,PRIMERA,,C\ Brossa,False
0132750AR,248.69,859.72,Brachychiton populneus,SEGONA,,C\ Bunyola,False
0132751AR,57.76,585.41,Citrus × aurantium,SEGONA,,C\ Doctor Pi i Molist,False
0132752AR,1068.73,868.73,Platanus × acerifolia,SEGONA,2015-03-31,Av Meridiana,True
0132753AR,664.5,1010.47,Populus nigra 'Italica',SEGONA,,Pg Valldaura,False
0132755AR,522.62,295.03,Platanus × acerifolia,EXEMPLAR,,C\ Piferrer,True
0132757AR,186.54,435.84,Jacaranda mimosifolia,EXEMPLAR,,C\ Andratx,False
0132758AR,228.81,403.1,Pyrus calleryana 'Chanticleer',PRIMERA,2020-02-05,C\ Maladeta,False
0132760AR,682.45,168.62,Citrus × aurantium,PRIMERA,,C\ Malgrat,False
0132761AR,296.8,60.88,Platanus × acerifolia,SEGONA,,Pg Fabra i Puig,True
0132762AR,498.5,230.5,Pyrus calleryana 'Chanticleer',PRIMERA,2010-12-21,C\ Torrent de Can Piquer,False
0132763AR,277.63,334.66,Crataegus x media 'Paul's Scarlet',PRIMERA,2011-05-11,Ptge Porta,False
0132764AR,441.93,973.86,Grevillea robusta,PRIMERA,2022-09-20,Pg Valldaura,False
0132765AR,361.45,350.02,Celtis australis,SEGONA,,Ptge Alfonso Lafuente,False
0132766AR,906.12,826.85,Catalpa bignonioides,SEGONA,,Pg Andreu Nin,False
0132767AR,433.14,57.08,Platanus × acerifolia,SEGONA,,Pg Fabra i Puig,True
0132769AR,1026.76,768.38,Celtis australis,EXEMPLAR,,Av Meridiana,False
0132770AR,917.73,333.23,Celtis australis,SEGONA,2019-11-25,Av Meridiana,False
0132771AR,1052.03,829.37,Celtis sinensis,SEGONA,,Av Meridiana,False
0132773AR,953.83,1004.91,Catalpa bignonioides,TERCERA,,Pg Andreu Nin,False
0132774AR,708.27,756.13,Morus alba,SEGONA,,Av Rio de Janeiro,False
0132776AR,354.0,545.0,Brachychiton populneus,EXEMPLAR,,C\ Valldemossa,False
0132778AR,446.32,57.11,Platanus × acerifolia PLATANOR® 'Vallis Clausa',PRIMERA,2014-03-25,Pg Fabra i Puig,True
0132780AR,668.98,583.31,Populus nigra 'Italica',EXEMPLAR,,Av Rio de Janeiro,False
0132781AR,304.18,476.14,Platanus × acerifolia,SEGONA,,C\ Escultor Ordóñez,True
0132782AR,179.65,818.65,Platanus × acerifolia,EXEMPLAR,,Pl Jardins d'Alfàbia,True
0132783AR,486.02,212.77,Catalpa bignonioides,TERCERA,,C\ Arnau d'Oms,False
0132785AR,1108.0,1038.0,Celtis sinensis,TERCERA,,Av Meridiana,False
0132789AR,538.6,247.38,Tipuana tipu,TERCERA,,C\ Torrent de Can Piquer,False
0132790AR,423.11,231.45,Pyrus calleryana 'Chanticleer',PRIMERA,2010-12-20,C\ Maladeta,False
0132791AR,701.97,617.62,Fraxinus angustifolia 'Raywood',PRIMERA,2025-10-10,Av Rio de Janeiro,False
0132792AR,655.0,405.0,Jacaranda mimosifolia,TERCERA,,Av Rio de Janeiro,False
0132793AR,235.94,398.96,Populus alba 'Pyramidalis',TERCERA,,C\ Maladeta,False
0132794AR,960.94,1031.24,Handroanthus heptaphyllus,PRIMERA,2025-05-08,Pg Andreu Nin,False
0132796AR,258.81,918.88,Brachychiton populneus,EXEMPLAR,,Pl República,False
0132797AR,765.63,299.37,Platanus × acerifolia,TERCERA,,Pg Andreu Nin,True
0132798AR,953.69,953.67,Catalpa bignonioides,SEGONA,,Pg Andreu Nin,False
0132802AR,870.78,190.9,Celtis australis,SEGONA,,Av Meridiana,False
0132803AR,887.99,223.55,Celtis australis,EXEMPLAR,,Av Meridiana,False
0132804AR,539.01,893.33,Melia azedarach,TERCERA,,C\ Escultor Ordóñez,False
0132805AR,977.84,555.78,Celtis australis,PRIMERA,,Av Meridiana,False
0132807AR,542.83,53.86,Platanus × acerifolia,TERCERA,,Pg Fabra i Puig,True
0132808AR,497.34,379.32,Platanus × acerifolia,TERCERA,,Pg Ciutat de Mallorca,True
0132809AR,804.23,999.77,Platanus × acerifolia,TERCERA,,Av Rio de Janeiro,True
0132810AR,211.95,586.27,Morus alba,SEGONA,,C\ Deià,False
0132811AR,545.62,250.11,Jacaranda mimosifolia,SEGONA,2012-05-02,C\ Torrent de Can Piquer,False
0132813AR,224.68,625.93,Catalpa bignonioides,SEGONA,,C\ Valldemossa,False
0132814AR,685.71,646.83,Fraxinus angustifolia 'Raywood',PRIMERA,2025-10-16,Av Rio de Janeiro,False
0132815AR,496.63,496.95,Populus nigra 'Italica',SEGONA,2009-12-09,C\ Casas i Amigó,False
0132816AR,874.31,113.96,Celtis australis,TERCERA,,Av Meridiana,False
0132818AR,883.31,783.74,Melia azedarach,EXEMPLAR,,C\ Rosselló i Porcel,False
0132819AR,495.5,875.41,Ligustrum lucidum,SEGONA,,C\ Garrofers,False
0132820AR,456.46,94.11,Platanus × acerifolia,TERCERA,,C\ Arnau d'Oms,True
0132821AR,480.81,972.62,Acer monspessulanum,PRIMERA,,C\ Lluc,False
0132822AR,284.8,395.4,Celtis australis,SEGONA,,C\ Deià,False
0132823AR,189.1,552.3,Morus alba,SEGONA,,C\ Deià,False
0132824AR,615.04,852.24,Gleditsia triacanthos,SEGONA,,C\ Garrofers,False
0132826AR,101.24,452.49,Platanus × acerifolia,SEGONA,,C\ Doctor Pi i Molist,True
0132827AR,72.17,591.84,Brachychiton populneus,TERCERA,,C\ Doctor Pi i Molist,False
0132828AR,916.91,814.76,Catalpa bignonioides,SEGONA,,Pg Andreu Nin,False
0132829AR,895.73,865.47,Tipuana tipu,SEGONA,,Pg Andreu Nin,False
0132830AR,483.02,55.91,Platanus × acerifolia,EXEMPLAR,,Pg Fabra i Puig,True
0132833AR,647.66,1007.81,Grevillea robusta,SEGONA,2018-05-23,Pg Valldaura,False
0132834AR,480.91,961.21,Acer monspessulanum,PRIMERA,,C\ Lluc,False
0132835AR,316.4,953.42,Populus nigra 'Italica',SEGONA,,Pg Valldaura,False
0132836AR,460.06,325.21,Catalpa bignonioides,EXEMPLAR,,C\ Deià,False
0132837AR,790.52,393.69,Platanus × acerifolia,TERCERA,,Pg Andreu Nin,True
0132838AR,330.1,343.0,Celtis australis,TERCERA,,C\ Maladeta,False
0132840AR,462.78,171.96,Populus nigra 'Italica',SEGONA,,C\ Arnau d'Oms,False
0132841AR,462.33,223.2,Robinia pseudoacacia,TERCERA,,C\ Piferrer,False
0132842AR,192.89,424.16,Populus alba 'Pyramidalis',TERCERA,,C\ Maladeta,False
0132843AR,600.0,183.0,Citrus × aurantium,PRIMERA,,C\ Alella,False
0132844AR,567.12,278.77,Cercis siliquastrum,SEGONA,,C\ Torrent de Can Piquer,False
0132847AR,307.8,481.63,Platanus × acerifolia,SEGONA,,C\ Escultor Ordóñez,True
0132849AR,477.22,213.35,Grevillea robusta,PRIMERA,2019-05-23,C\ Arnau d'Oms,False
0132851AR,748.19,285.11,Tipuana tipu,TERCERA,,Av Rio de Janeiro,False
0132854AR,305.05,426.99,Robinia pseudoacacia 'Bessoniana',SEGONA,2011-11-24,C\ Deià,False
0132855AR,802.86,989.63,Melia azedarach,PRIMERA,2024-12-25,Av Rio de Janeiro,False
0132857AR,193.71,461.19,Jacaranda mimosifolia,SEGONA,,C\ Andratx,False
0132858AR,939.18,445.55,Celtis australis,SEGONA,,Av Meridiana,False
0132859AR,1094.0,986.0,Celtis sinensis,SEGONA,,Av Meridiana,False
0132860AR,89.73,710.37,Platanus × acerifolia,TERCERA,,Pg Verdum,True
0132861AR,999.94,694.12,Platanus × acerifolia,EXEMPLAR,,Av Meridiana,True
0132862AR,469.27,319.55,Handroanthus heptaphyllus,PRIMERA,2025-04-29,C\ Deià,False
0132863AR,701.51,705.24,Populus nigra 'Italica',PRIMERA,,Av Rio de Janeiro,False
0132864AR,912.69,315.86,Celtis australis,TERCERA,,Av Meridiana,False
0132865AR,236.76,468.83,Robinia pseudoacacia,TERCERA,,C\ Deià,False
0132866AR,936.46,459.05,Platanus × acerifolia,EXEMPLAR,,Av Meridiana,True
0132867AR,903.0,312.0,Celtis australis,SEGONA,,Av Meridiana,False
0132868AR,668.9,313.14,Tipuana tipu,TERCERA,,Pg Ciutat de Mallorca,False
0132869AR,451.97,390.66,Platanus × acerifolia,TERCERA,,Pg Ciutat de Mallorca,True
0132870AR,891.19,722.33,Platanus × acerifolia,TERCERA,,Pg Andreu Nin,True
0132871AR,1091.8,955.67,Platanus × acerifolia,SEGONA,,Av Meridiana,True
0132872AR,381.26,583.54,Celtis australis,TERCERA,,C\ Casas i Amigó,False
0132873AR,474.78,244.86,Robinia pseudoacacia,TERCERA,,C\ Piferrer,False
0132874AR,1025.04,762.46,Celtis australis,TERCERA,,C\ Rosselló i Porcel,False
0132877AR,695.54,696.97,Morus alba,SEGONA,,Av Rio de Janeiro,False
0132880AR,709.34,779.17,Fraxinus angustifolia 'Raywood',PRIMERA,2023-02-14,Av Rio de Janeiro,False
0132881AR,1081.71,939.52,Celtis sinensis,TERCERA,,Av Meridiana,False
0132882AR,583.36,315.69,Brachychiton populneus,SEGONA,,Pg Ciutat de Mallorca,False
0132883AR,440.5,336.89,Catalpa bignonioides,SEGONA,,C\ Deià,False
0132884AR,904.56,854.31,Celtis australis,TERCERA,,Pg Andreu Nin,False
0132885AR,502.86,932.27,Acer monspessulanum,PRIMERA,,C\ Lluc,False
0132886AR,298.07,746.03,Platanus × acerifolia,SEGONA,,C\ Pintor Alsamora,True
0132888AR,209.95,510.88,Tipuana tipu,EXEMPLAR,,C\ Deià,False
0132889AR,473.67,333.21,Catalpa bignonioides,SEGONA,,C\ Deià,False
0132890AR,399.93,243.03,Pyrus calleryana 'Chanticleer',PRIMERA,2010-12-20,C\ Maladeta,False
0132891AR,213.18,579.99,Morus alba,SEGONA,,C\ Deià,False
0132892AR,223.22,797.27,Platanus × acerifolia,SEGONA,,Pl Jardins d'Alfàbia,True
0132895AR,658.66,321.2,Celtis australis,TERCERA,,Pg Ciutat de Mallorca,False
0132896AR,924.08,498.0,Tilia tomentosa,PRIMERA,,C\ Pintor Alsamora,False
0132898AR,658.85,418.46,Jacaranda mimosifolia,SEGONA,,Av Rio de Janeiro,False
0132900AR,298.34,835.19,Brachychiton populneus,SEGONA,,C\ Bunyola,False
0132902AR,862.63,121.11,Platanus × acerifolia,SEGONA,,Av Rio de Janeiro,True
0132905AR,61.72,550.7,Platanus × acerifolia,EXEMPLAR,,C\ Doctor Pi i Molist,True
0132906AR,880.31,869.53,Tipuana tipu,SEGONA,,Pl Gabriel Alomar,False
0132907AR,673.54,425.33,Tipuana tipu,SEGONA,,Av Rio de Janeiro,False
0132908AR,667.5,498.43,Tipuana tipu,TERCERA,,Av Rio de Janeiro,False
0132909AR,671.21,448.85,Tipuana tipu,TERCERA,,Av Rio de Janeiro,False
0132910AR,458.9,163.1,Celtis australis,TERCERA,,C\ Arnau d'Oms,False
0132911AR,689.73,827.34,Gleditsia triacanthos,PRIMERA,,C\ Garrofers,False
0132912AR,744.05,172.93,Citrus × aurantium,PRIMERA,,C\ Alella,False
0132914AR,709.13,671.02,Fraxinus angustifolia 'Raywood',PRIMERA,2025-10-10,Av Rio de Janeiro,False
0132917AR,976.4,550.08,Celtis australis,PRIMERA,2025-01-10,Av Meridiana,False
0132918AR,652.44,446.91,Tipuana tipu,TERCERA,,Av Rio de Janeiro,False
0132919AR,576.2,936.16,Melia azedarach,TERCERA,2011-11-02,C\ Escultor Ordóñez,False
0132920AR,842.48,541.04,Platanus × acerifolia,SEGONA,,Pg Andreu Nin,True
0132921AR,507.65,834.23,Melia azedarach,TERCERA,,C\ Escultor Ordóñez,False
0132922AR,762.24,906.11,Melia azedarach,PRIMERA,2026-04-13,Av Rio de Janeiro,False
0132923AR,414.91,710.91,Melia azedarach,EXEMPLAR,,C\ Escultor Ordóñez,False
0132924AR,1039.68,783.66,Celtis sinensis,SEGONA,,Av Meridiana,False
0132925AR,110.16,465.22,Casuarina cunninghamiana,PRIMERA,2026-06-19,C\ Maladeta,False
0132926AR,463.56,201.77,Robinia pseudoacacia 'Bessoniana',SEGONA,2019-01-24,Plta Rafaela Serrano,False
0132927AR,613.56,276.02,Platanus × acerifolia,TERCERA,,C\ Santapau,True
0132928AR,1010.49,653.85,Platanus × acerifolia,SEGONA,,Av Meridiana,True
0132929AR,555.39,258.51,Cercis siliquastrum,PRIMERA,,C\ Torrent de Can Piquer,False
0132930AR,552.22,377.6,Casuarina cunninghamiana,PRIMERA,2020-12-15,C\ Piferrer,False
0132931AR,920.48,320.26,Platanus × acerifolia,TERCERA,,Av Meridiana,True
0132932AR,121.13,703.9,Celtis australis,SEGONA,,C\ Valldemossa,False
0132933AR,122.88,458.07,Populus alba 'Pyramidalis',EXEMPLAR,,C\ Maladeta,False
0132934AR,920.85,345.19,Celtis australis,PRIMERA,,Av Meridiana,False
0132935AR,959.41,542.01,Platanus × acerifolia,TERCERA,,Av Meridiana,True
0132936AR,926.89,343.24,Platanus × acerifolia,TERCERA,,Av Meridiana,True
0132937AR,512.38,277.11,Platanus × acerifolia,SEGONA,,C\ Piferrer,True
0132938AR,945.67,412.57,Platanus × acerifolia,EXEMPLAR,,Av Meridiana,True
0132939AR,48.75,582.11,Platanus × acerifolia,TERCERA,,C\ Doctor Pi i Molist,True
0132940AR,787.89,1029.8,Grevillea robusta,PRIMERA,2018-05-23,Pg Valldaura,False
0132941AR,519.63,322.4,Casuarina cunninghamiana,SEGONA,2022-04-25,C\ Piferrer,False
0132942AR,920.66,1048.48,Catalpa bignonioides,PRIMERA,2023-01-17,Pg Valldaura,False
0132944AR,159.55,806.36,Platanus × acerifolia,SEGONA,,Pg Verdum,True
0132945AR,788.65,387.18,Platanus × acerifolia,SEGONA,,Pg Andreu Nin,True
0132946AR,388.2,578.67,Celtis australis,TERCERA,,C\ Casas i Amigó,False
0132948AR,646.08,970.87,Jacaranda mimosifolia,SEGONA,,C\ Artà,False
0132950AR,693.59,675.15,Populus nigra 'Italica',TERCERA,,Av Rio de Janeiro,False
0132952AR,126.01,700.4,Celtis australis,TERCERA,,C\ Valldemossa,False
0132953AR,576.42,609.87,Jacaranda mimosifolia,TERCERA,,C\ Pintor Alsamora,False
0132954AR,863.56,105.16,Platanus × acerifolia,TERCERA,,Av Rio de Janeiro,True
0132955AR,170.46,819.91,Platanus × acerifolia,SEGONA,,Pl Jardins d'Alfàbia,True
0132956AR,377.57,625.36,Melia azedarach,TERCERA,,C\ Escultor Ordóñez,False
0132958AR,878.59,187.9,Celtis australis,TERCERA,,Av Meridiana,False
0132959AR,672.72,515.93,Tipuana tipu,SEGONA,,Av Rio de Janeiro,False
0132961AR,457.55,128.14,Platanus × acerifolia,SEGONA,,C\ Arnau d'Oms,True
0132963AR,909.39,524.53,Tilia x euchlora,PRIMERA,2025-02-18,C\ Pintor Alsamora,False
0132964AR,137.99,456.53,Casuarina cunninghamiana,PRIMERA,2026-06-19,C\ Maladeta,False
0132965AR,878.26,138.76,Platanus × acerifolia,EXEMPLAR,,Av Meridiana,True
0132967AR,694.31,322.04,Prunus cerasifera 'Pissardii',SEGONA,,Pg Ciutat de Mallorca,False
0132968AR,571.17,53.26,Platanus × acerifolia,TERCERA,,Pg Fabra i Puig,True
0132970AR,411.45,544.84,Citrus × aurantium,PRIMERA,,C\ Brossa,False
0132971AR,879.89,162.86,Platanus × acerifolia,TERCERA,,Av Meridiana,True
0132972AR,1070.43,874.77,Platanus × acerifolia,SEGONA,,Av Meridiana,True
0132973AR,931.76,385.41,Celtis australis,PRIMERA,2019-11-25,Av Meridiana,False
0132976AR,582.49,341.65,Prunus cerasifera 'Pissardii',SEGONA,,Pg Ciutat de Mallorca,False
0132978AR,803.05,390.75,Platanus × acerifolia,SEGONA,,Pg Andreu Nin,True
0132981AR,985.58,559.83,Platanus × acerifolia,EXEMPLAR,,Av Meridiana,True
0132982AR,717.7,795.98,Cupressus sempervirens,SEGONA,,Av Rio de Janeiro,False
0132983AR,870.89,215.73,Platanus × acerifolia,SEGONA,,Av Meridiana,True
0132986AR,124.32,489.09,Populus alba,SEGONA,,C\ Maladeta,False
0132987AR,909.03,787.62,Catalpa bignonioides,PRIMERA,2022-12-22,Pg Andreu Nin,False
0132988AR,484.81,805.76,Melia azedarach,TERCERA,,C\ Escultor Ordóñez,False
0132991AR,696.72,754.69,Fraxinus angustifolia 'Raywood',PRIMERA,2023-02-14,Av Rio de Janeiro,False
0132992AR,1082.6,920.89,Platanus × acerifolia,SEGONA,,Av Meridiana,True
0132994AR,179.82,654.56,Robinia pseudoacacia 'Bessoniana',PRIMERA,,C\ Valldemossa,False
0132995AR,380.47,263.08,Pyrus calleryana 'Chanticleer',SEGONA,2010-12-20,C\ Maladeta,False
0132996AR,191.04,640.3,Platanus × acerifolia,TERCERA,,C\ Alcúdia,True
0132997AR,613.26,343.21,Acer negundo,TERCERA,,Pg Ciutat de Mallorca,False
0132998AR,675.54,621.96,Morus alba,SEGONA,,Av Rio de Janeiro,False
0132999AR,192.54,849.03,Platanus × acerifolia,TERCERA,,Pg Verdum,True
0133000AR,865.81,152.36,Eucalyptus camaldulensis,TERCERA,,Av Meridiana,False
0133001AR,703.0,711.1,Fraxinus angustifolia 'Raywood',PRIMERA,2025-10-28,Av Rio de Janeiro,False
0133002AR,718.39,329.97,Melia azedarach,EXEMPLAR,,Av Rio de Janeiro,False
0133003AR,437.89,355.04,Handroanthus heptaphyllus,PRIMERA,2026-05-07,C\ Deià,False
0133005AR,1085.33,1065.41,Platanus × acerifolia,EXEMPLAR,,Pg Valldaura,True
0133006AR,561.16,383.94,Casuarina cunninghamiana,SEGONA,2016-05-27,C\ Piferrer,False
0133007AR,518.0,366.25,Platanus × acerifolia,SEGONA,,Pg Ciutat de Mallorca,True
0133010AR,618.45,971.06,Platanus × acerifolia,SEGONA,,Plta Avis,True
0133012AR,381.01,632.89,Melia azedarach,TERCERA,,C\ Escultor Ordóñez,False
0133013AR,524.59,54.39,Platanus × acerifolia,TERCERA,,Pg Fabra i Puig,True
0133014AR,908.08,273.84,Platanus × acerifolia,SEGONA,,Av Meridiana,True
0133015AR,773.97,813.13,Melia azedarach,TERCERA,,C\ Rosselló i Porcel,False
0133016AR,817.85,447.33,Platanus × acerifolia,SEGONA,,Pg Andreu Nin,True
0133017AR,944.68,920.15,Catalpa bignonioides,SEGONA,,Pg Andreu Nin,False
0133018AR,526.66,229.57,Pyrus calleryana 'Chanticleer',PRIMERA,2010-12-21,C\ Torrent de Can Piquer,False
0133019AR,700.77,174.4,Citrus × aurantium,PRIMERA,2022-04-12,C\ Alella,False
0133021AR,304.75,578.55,Robinia pseudoacacia,SEGONA,,C\ Valldemossa,False
0133022AR,962.05,497.38,Celtis australis,SEGONA,,Av Meridiana,False
0133023AR,250.13,916.61,Brachychiton populneus,PRIMERA,2019-05-30,Pl República,False
0133024AR,484.0,458.0,Brachychiton populneus,TERCERA,,C\ Estudiant,False
0133025AR,190.07,235.73,Platanus × acerifolia,EXEMPLAR,,C\ Doctor Pi i Molist,True
0133026AR,464.26,473.33,Melia azedarach,TERCERA,,C\ Valldemossa,False
0133027AR,840.47,45.36,Platanus × acerifolia,EXEMPLAR,,Pg Fabra i Puig,True
0133031AR,373.98,616.74,Melia azedarach,SEGONA,,C\ Escultor Ordóñez,False
0133032AR,449.93,331.41,Handroanthus heptaphyllus,PRIMERA,2025-04-29,C\ Deià,False
0133034AR,190.28,441.28,Jacaranda mimosifolia,TERCERA,,C\ Andratx,False
0133036AR,922.06,758.54,Eucalyptus camaldulensis,EXEMPLAR,,C\ Rosselló i Porcel,False
0133037AR,194.51,224.37,Platanus × acerifolia,SEGONA,,C\ Doctor Pi i Molist,True
0133039AR,927.78,857.63,Handroanthus heptaphyllus,PRIMERA,2025-03-27,Pg Andreu Nin,False
0133041AR,995.0,620.0,Celtis australis,SEGONA,,Av Meridiana,False
0133042AR,1114.0,1061.0,Celtis sinensis,EXEMPLAR,,Av Meridiana,False
0133044AR,383.84,524.78,Platanus × acerifolia,TERCERA,,C\ Valldemossa,True
0133045AR,981.29,623.84,Platanus × acerifolia,TERCERA,,Av Meridiana,True
0133046AR,706.57,773.75,Populus nigra 'Italica',EXEMPLAR,,Av Rio de Janeiro,False
0133047AR,571.26,612.83,Jacaranda mimosifolia,TERCERA,,C\ Pintor Alsamora,False
0133048AR,955.72,505.17,Celtis australis,SEGONA,,Av Meridiana,False
0133049AR,483.09,388.15,Platanus × acerifolia,TERCERA,,Pg Ciutat de Mallorca,True
0133050AR,974.74,544.05,Celtis australis,PRIMERA,2021-11-11,Av Meridiana,False
0133051AR,330.45,422.87,Platanus × acerifolia,SEGONA,,C\ Deià,True
0133052AR,177.93,806.56,Celtis australis,EXEMPLAR,,Pl Jardins d'Alfàbia,False
0133054AR,455.77,206.33,Tipuana tipu,TERCERA,,Plta Rafaela Serrano,False
0133055AR,895.68,58.08,Platanus × acerifolia,TERCERA,,Av Rio de Janeiro,True
0133056AR,911.45,341.27,Celtis australis,SEGONA,,Av Meridiana,False
0133058AR,1025.96,712.17,Platanus × acerifolia,TERCERA,,Av Meridiana,True
0133059AR,906.94,292.38,Celtis australis,SEGONA,,Av Meridiana,False
0133060AR,914.23,297.1,Platanus × acerifolia,TERCERA,,Av Meridiana,True
0133061AR,258.38,605.0,Catalpa bignonioides,TERCERA,,C\ Valldemossa,False
0133064AR,808.21,409.29,Platanus × acerifolia,SEGONA,,Pg Andreu Nin,True
0133065AR,477.8,505.79,Tipuana tipu,TERCERA,,C\ Casas i Amigó,False
0133066AR,520.61,986.85,Grevillea robusta,PRIMERA,2025-05-27,Pg Valldaura,False
0133067AR,107.6,474.66,Populus alba 'Pyramidalis',EXEMPLAR,,C\ Maladeta,False
0133070AR,690.59,743.47,Populus nigra 'Italica',TERCERA,,Av Rio de Janeiro,False
0133071AR,287.53,452.88,Brachychiton populneus,EXEMPLAR,,C\ Deià,False
0133072AR,865.04,528.21,Tilia tomentosa,SEGONA,,C\ Pintor Alsamora,False
0133074AR,812.52,481.58,Platanus × acerifolia,SEGONA,,Pg Andreu Nin,True
0133075AR,457.96,136.54,Koelreuteria paniculata 'Fastigiata',PRIMERA,2019-10-10,C\ Arnau d'Oms,False
0133076AR,680.07,639.33,Morus alba 'Fruitless',PRIMERA,,Av Rio de Janeiro,False
0133077AR,520.37,235.79,Brachychiton populneus,SEGONA,,C\ Torrent de Can Piquer,False
0133078AR,957.87,536.19,Platanus × acerifolia,TERCERA,,Av Meridiana,True
0133079AR,664.68,836.14,Gleditsia triacanthos,SEGONA,,C\ Garrofers,False
0133080AR,878.51,144.65,Platanus × acerifolia,TERCERA,,Av Meridiana,True
0133081AR,487.57,385.37,Platanus × acerifolia,TERCERA,,Pg Ciutat de Mallorca,True
0133082AR,207.49,468.67,Jacaranda mimosifolia,TERCERA,,C\ Andratx,False
0133083AR,207.3,570.78,Morus alba,SEGONA,,C\ Deià,False
0133084AR,935.05,452.79,Platanus × acerifolia,TERCERA,,Av Meridiana,True
0133085AR,512.35,230.11,Pyrus calleryana 'Chanticleer',PRIMERA,2010-12-21,C\ Torrent de Can Piquer,False
0133086AR,783.25,207.79,Platanus × acerifolia,SEGONA,,Av Rio de Janeiro,True
0133088AR,973.18,538.15,Celtis australis,PRIMERA,2021-11-11,Av Meridiana,False
0133089AR,653.33,314.19,Tipuana tipu,SEGONA,,Pg Ciutat de Mallorca,False
0133091AR,486.25,217.13,Catalpa bignonioides,SEGONA,,C\ Arnau d'Oms,False
0133092AR,751.53,85.7,Brachychiton populneus,SEGONA,2010-08-25,C\ Vèlia,False
0133094AR,1089.55,968.68,Celtis sinensis,SEGONA,,Av Meridiana,False
0133095AR,681.77,397.16,Melia azedarach,TERCERA,,Av Rio de Janeiro,False
0133097AR,249.51,307.49,Prunus cerasifera 'Pissardii',PRIMERA,2023-02-21,Ptge Porta,False
0133098AR,476.54,196.8,Populus nigra 'Italica',SEGONA,,C\ Arnau d'Oms,False
0133099AR,725.48,48.66,Platanus × acerifolia,TERCERA,,Pg Fabra i Puig,True
0133100AR,349.98,576.84,Melia azedarach,SEGONA,2016-11-03,C\ Escultor Ordóñez,False
0133101AR,727.09,305.87,Platanus × acerifolia,PRIMERA,2025-11-27,Av Rio de Janeiro,True
0133102AR,932.88,366.28,Platanus × acerifolia,TERCERA,,Av Meridiana,True
0133103AR,945.78,925.02,Handroanthus heptaphyllus,PRIMERA,2025-05-13,Pg Andreu Nin,False
0133104AR,639.0,442.0,Casuarina cunninghamiana,EXEMPLAR,,Av Rio de Janeiro,False
0133105AR,136.58,481.29,Pyrus calleryana 'Chanticleer',PRIMERA,2024-12-10,C\ Maladeta,False
0133107AR,316.89,80.8,Pyrus calleryana 'Chanticleer',PRIMERA,2010-08-30,C\ Santanyí,False
0133108AR,485.0,370.0,Celtis australis,TERCERA,,Pg Ciutat de Mallorca,False
0133109AR,937.58,439.72,Celtis australis,SEGONA,,Av Meridiana,False
0133110AR,335.55,322.93,Melia azedarach,TERCERA,,C\ Maladeta,False
0133111AR,915.38,809.84,Catalpa bignonioides,SEGONA,,Pg Andreu Nin,False
0133112AR,985.56,616.89,Celtis australis,TERCERA,,Av Meridiana,False
0133114AR,509.43,236.31,Brachychiton populneus,TERCERA,,C\ Torrent de Can Piquer,False
0133115AR,87.97,485.2,Platanus × acerifolia,EXEMPLAR,,C\ Doctor Pi i Molist,True
0133116AR,416.31,565.16,Celtis australis,SEGONA,,C\ Casas i Amigó,False
0133117AR,524.28,242.91,Tipuana tipu,SEGONA,,C\ Torrent de Can Piquer,False
0133119AR,914.21,1047.49,Platanus × acerifolia,TERCERA,2013-12-17,Pg Valldaura,True
0133120AR,334.92,419.82,Platanus × acerifolia,SEGONA,,C\ Deià,True
0133123AR,83.68,699.94,Platanus × acerifolia,TERCERA,,Pg Verdum,True
0133125AR,665.44,50.3,Platanus × acerifolia,TERCERA,,Pg Fabra i Puig,True
0133126AR,891.44,234.65,Celtis australis,TERCERA,,Av Meridiana,False
0133128AR,403.24,569.25,Celtis australis,TERCERA,,C\ Casas i Amigó,False
0133129AR,146.31,789.77,Platanus × acerifolia,SEGONA,,Pg Verdum,True
0133130AR,409.85,946.93,Robinia pseudoacacia,PRIMERA,2010-02-10,Pl Otero Pedrayo,False
0133131AR,753.78,167.77,Brachychiton populneus,SEGONA,,C\ Vèlia,False
0133132AR,1060.02,1068.6,Catalpa bignonioides,PRIMERA,2024-12-02,Pg Valldaura,False
0133133AR,970.82,1016.62,Catalpa bignonioides,SEGONA,,Pg Andreu Nin,False
0133134AR,732.4,295.65,Ulmus pumila,EXEMPLAR,,Av Rio de Janeiro,False
0133136AR,162.59,302.14,Platanus × acerifolia,SEGONA,,C\ Doctor Pi i Molist,True
0133137AR,1019.22,1062.49,Platanus × acerifolia,SEGONA,,Pg Valldaura,True
0133138AR,929.77,915.28,Catalpa bignonioides,SEGONA,2014-11-12,Pg Andreu Nin,False
0133139AR,420.73,707.72,Melia azedarach,EXEMPLAR,,C\ Escultor Ordóñez,False
0133142AR,1116.04,1048.12,Platanus × acerifolia,TERCERA,,Av Meridiana,True
0133143AR,915.77,359.04,Celtis australis,SEGONA,,Av Meridiana,False
0133144AR,761.88,113.42,Brachychiton populneus,SEGONA,,C\ Vèlia,False
0133145AR,188.13,635.31,Platanus × acerifolia,SEGONA,,C\ Alcúdia,True
0133146AR,199.17,795.76,Platanus × acerifolia,SEGONA,,Pl Jardins d'Alfàbia,True
0133147AR,358.62,345.54,Celtis australis,TERCERA,,Ptge Alfonso Lafuente,False
0133148AR,682.0,513.0,Tipuana tipu,SEGONA,,Av Rio de Janeiro,False
0133149AR,979.0,593.0,Celtis australis,SEGONA,,Av Meridiana,False
0133150AR,132.91,483.9,Casuarina cunninghamiana,PRIMERA,2026-06-19,C\ Maladeta,False
0133152AR,218.1,444.13,Melia azedarach,EXEMPLAR,,C\ Andratx,False
0133153AR,690.51,49.52,Platanus × acerifolia,TERCERA,,Pg Fabra i Puig,True
0133154AR,401.28,830.78,X chitalpa tashkentensis 'minsum' SUMMER BELLS®,PRIMERA,,C\ Selva,False
0133155AR,184.98,355.87,Prunus cerasifera 'Pissardii',PRIMERA,2023-02-21,C\ Porta,False
0133157AR,229.59,473.18,Gleditsia triacanthos f. inermis,PRIMERA,2025-11-18,C\ Deià,False
0133159AR,353.28,584.87,Melia azedarach,EXEMPLAR,,C\ Escultor Ordóñez,False
0133162AR,1107.22,1013.81,Platanus × acerifolia,TERCERA,,Av Meridiana,True
0133164AR,923.63,387.54,Celtis australis,TERCERA,,Av Meridiana,False
0133165AR,550.02,624.08,Jacaranda mimosifolia,TERCERA,,C\ Pintor Alsamora,False
0133166AR,794.69,982.91,Grevillea robusta,TERCERA,,Av Rio de Janeiro,False
0133167AR,648.97,50.68,Platanus × acerifolia,TERCERA,,Pg Fabra i Puig,True
0133168AR,785.33,374.88,Platanus × acerifolia,SEGONA,,Pg Andreu Nin,True
0133169AR,796.46,418.1,Platanus × acerifolia,SEGONA,,Pg Andreu Nin,True
0133170AR,530.88,235.15,Brachychiton populneus,EXEMPLAR,,C\ Torrent de Can Piquer,False
0133171AR,485.67,309.54,Catalpa bignonioides,SEGONA,,C\ Deià,False
0133172AR,803.14,443.81,Platanus × acerifolia,SEGONA,,Pg Andreu Nin,True
0133173AR,492.85,243.33,Platanus × acerifolia,SEGONA,,C\ Piferrer,True
0133174AR,901.8,306.21,Celtis australis,TERCERA,,Av Meridiana,False
0133176AR,814.79,488.63,Platanus × acerifolia,TERCERA,,Pg Andreu Nin,True
0133177AR,301.92,438.2,Brachychiton populneus,EXEMPLAR,,C\ Deià,False
0133178AR,119.8,467.52,Populus alba 'Pyramidalis',SEGONA,,C\ Maladeta,False
0133179AR,72.56,523.38,Platanus × acerifolia,TERCERA,,C\ Doctor Pi i Molist,True
0133180AR,942.99,426.18,Celtis australis,PRIMERA,2021-12-09,Av Meridiana,False
0133181AR,408.18,234.46,Pyrus calleryana 'Chanticleer',PRIMERA,2010-12-20,C\ Maladeta,False
0133183AR,856.4,512.4,Tilia x europaea,PRIMERA,,C\ Pintor Alsamora,False
0133186AR,430.22,737.02,Melia azedarach,TERCERA,,C\ Escultor Ordóñez,False
0133188AR,494.0,271.0,Casuarina cunninghamiana,SEGONA,,C\ Piferrer,False
0133191AR,235.14,866.22,Brachychiton populneus,SEGONA,,C\ Bunyola,False
0133192AR,253.74,621.08,Catalpa bignonioides,SEGONA,,C\ Valldemossa,False
0133193AR,128.63,486.28,Populus alba,TERCERA,,C\ Maladeta,False
0133194AR,824.25,472.04,Platanus × acerifolia,SEGONA,,Pg Andreu Nin,True
0133195AR,796.87,977.68,Fraxinus angustifolia 'Raywood',PRIMERA,2018-11-16,Av Rio de Janeiro,False
0133196AR,366.4,948.36,Robinia pseudoacacia 'Bessoniana',PRIMERA,2021-12-14,Pl Otero Pedrayo,False
0133198AR,533.16,237.97,Tipuana tipu,SEGONA,,C\ Torrent de Can Piquer,False
0133202AR,774.38,535.53,Grevillea robusta,PRIMERA,2024-10-14,C\ Pintor Alsamora,False
0133203AR,470.78,379.11,Platanus × acerifolia,EXEMPLAR,,Pg Ciutat de Mallorca,True
0133204AR,143.89,601.43,Platanus × acerifolia,SEGONA,,C\ Felanitx,True
0133205AR,477.68,249.59,Robinia pseudoacacia,SEGONA,,C\ Piferrer,False
0133208AR,200.31,457.67,Jacaranda mimosifolia,SEGONA,,C\ Andratx,False
0133209AR,85.74,575.13,Styphnolobium japonicum,EXEMPLAR,,C\ Pollença,False
0133213AR,598.22,240.34,Pyrus calleryana 'Chanticleer',PRIMERA,2010-12-21,C\ Torrent de Can Piquer,False
0133214AR,263.37,421.88,Jacaranda mimosifolia,TERCERA,,C\ Escultor Ordóñez,False
0133215AR,536.85,54.03,Platanus × acerifolia,TERCERA,,Pg Fabra i Puig,True
0133216AR,942.45,510.13,Tilia x euchlora,PRIMERA,2015-02-19,C\ Pintor Alsamora,False
0133217AR,1053.29,835.31,Celtis sinensis,TERCERA,,Av Meridiana,False
0133218AR,261.58,765.04,Platanus × acerifolia,TERCERA,,Pl Jardins d'Alfàbia,True
0133219AR,253.77,283.65,Koelreuteria paniculata 'Fastigiata',PRIMERA,2026-06-29,C\ Porta,False
0133220AR,625.55,856.52,Gleditsia triacanthos,TERCERA,,C\ Garrofers,False
0133221AR,923.62,331.62,Platanus × acerifolia,TERCERA,,Av Meridiana,True
0133222AR,374.39,377.69,Celtis australis,TERCERA,,Ptge Alfonso Lafuente,False
0133224AR,164.9,297.22,Platanus × acerifolia,SEGONA,,C\ Doctor Pi i Molist,True
0133225AR,752.51,1024.55,Populus nigra 'Italica',TERCERA,,Pg Valldaura,False
0133227AR,576.55,52.92,Platanus × acerifolia,EXEMPLAR,,Pg Fabra i Puig,True
0133230AR,1118.96,1059.88,Platanus × acerifolia,SEGONA,,Av Meridiana,True
0133231AR,771.69,271.01,Platanus × acerifolia,SEGONA,,Pg Andreu Nin,True
0133232AR,181.27,439.25,Jacaranda mimosifolia,TERCERA,,C\ Andratx,False
0133233AR,184.53,444.74,Jacaranda mimosifolia,TERCERA,,C\ Andratx,False
0133234AR,679.68,199.07,Citrus × aurantium,PRIMERA,2011-05-25,C\ Malgrat,False
0133235AR,942.42,516.19,Tilia x euchlora,PRIMERA,2022-02-25,C\ Pintor Alsamora,False
0133236AR,521.02,318.23,Casuarina cunninghamiana,PRIMERA,2026-06-25,C\ Piferrer,False
0133237AR,218.04,891.86,Platanus × acerifolia,SEGONA,,Pg Verdum,True
0133238AR,587.05,998.03,Populus nigra 'Italica',EXEMPLAR,,Pg Valldaura,False
0133239AR,855.1,522.92,Tilia x europaea,SEGONA,,C\ Pintor Alsamora,False
0133240AR,989.07,653.03,Platanus × acerifolia,TERCERA,,Av Meridiana,True
0133242AR,720.38,774.76,Fraxinus angustifolia 'Raywood',PRIMERA,2018-11-19,Av Rio de Janeiro,False
0133243AR,490.67,502.4,Acer campestre 'Elsrijk',PRIMERA,2026-09-30,C\ Casas i Amigó,False
0133244AR,456.13,79.3,Celtis australis,SEGONA,,C\ Arnau d'Oms,False
0133245AR,947.4,418.58,Platanus × acerifolia,PRIMERA,,Av Meridiana,True
0133246AR,473.2,235.75,Casuarina cunninghamiana,SEGONA,2020-12-15,C\ Piferrer,False
0133247AR,108.48,611.88,Prunus cerasifera 'Pissardii',SEGONA,,C\ Pollença,False
0133250AR,424.22,498.87,Melia azedarach,TERCERA,,C\ Valldemossa,False
0133253AR,845.26,551.47,Platanus × acerifolia,TERCERA,,Pg Andreu Nin,True
0133254AR,271.63,407.66,Platanus × acerifolia,TERCERA,,C\ Escultor Ordóñez,True
0133255AR,489.78,507.54,Populus nigra 'Italica',TERCERA,,C\ Casas i Amigó,False
0133256AR,781.96,362.23,Platanus × acerifolia,SEGONA,,Pg Andreu Nin,True
0133257AR,776.37,946.89,Platanus × acerifolia,TERCERA,,Av Rio de Janeiro,True
0133258AR,166.88,292.08,Platanus × acerifolia,SEGONA,,C\ Doctor Pi i Molist,True
0133259AR,313.9,491.73,Platanus × acerifolia,SEGONA,,C\ Escultor Ordóñez,True
0133261AR,940.7,905.75,Handroanthus heptaphyllus,PRIMERA,2025-03-27,Pg Andreu Nin,False
0133263AR,350.65,338.38,Celtis australis,TERCERA,,Ptge Alfonso Lafuente,False
0133264AR,710.69,1017.8,Phoenix dactylifera,EXEMPLAR,,Pg Valldaura,False
0133266AR,205.34,792.61,Platanus × acerifolia,EXEMPLAR,,Pl Jardins d'Alfàbia,True
0133267AR,838.43,130.96,Platanus × acerifolia,TERCERA,,C\ Manuel Sancho,True
0133268AR,564.8,53.2,Platanus × acerifolia,TERCERA,,Pg Fabra i Puig,True
0133269AR,1025.1,1063.59,Platanus × acerifolia,SEGONA,,Pg Valldaura,True
0133272AR,347.67,896.96,Jacaranda mimosifolia,SEGONA,,C\ Alcúdia,False
0133273AR,472.66,81.29,Celtis australis,EXEMPLAR,,C\ Arnau d'Oms,False
0133275AR,272.73,606.35,Robinia pseudoacacia,TERCERA,,C\ Valldemossa,False
0133276AR,325.18,565.68,Robinia pseudoacacia 'Bessoniana',PRIMERA,2022-11-14,C\ Valldemossa,False
0133277AR,1108.19,1068.73,Platanus × acerifolia,EXEMPLAR,,Pg Valldaura,True
0133278AR,542.05,178.91,Citrus × aurantium,PRIMERA,,C\ Alella,False
0133281AR,1055.0,841.0,Celtis sinensis,SEGONA,,Av Meridiana,False
0133282AR,215.58,584.14,Morus alba,SEGONA,,C\ Deià,False
0133283AR,991.96,664.65,Platanus × acerifolia,SEGONA,,Av Meridiana,True
0133285AR,690.91,680.04,Morus alba,PRIMERA,,Av Rio de Janeiro,False
0133287AR,962.98,987.34,Catalpa bignonioides,SEGONA,2012-01-26,Pg Andreu Nin,False
0133288AR,676.01,489.88,Tipuana tipu,SEGONA,,Av Rio de Janeiro,False
0133289AR,957.66,511.45,Celtis australis,SEGONA,,Av Meridiana,False
0133290AR,898.67,843.96,Tipuana tipu,SEGONA,,Pg Andreu Nin,False
0133291AR,474.51,445.23,Platanus × acerifolia,SEGONA,,C\ Estudiant,True
0133293AR,680.06,83.29,Citrus × aurantium,SEGONA,,C\ Malgrat,False
0133295AR,719.36,534.01,Jacaranda mimosifolia,SEGONA,,C\ Pintor Alsamora,False
0133296AR,547.15,184.49,Citrus × aurantium,PRIMERA,,C\ Alella,False
0133297AR,515.32,236.07,Brachychiton populneus,TERCERA,,C\ Torrent de Can Piquer,False
0133299AR,878.72,150.77,Platanus × acerifolia,EXEMPLAR,,Av Meridiana,True
0133300AR,1005.69,636.07,Platanus × acerifolia,TERCERA,,Av Meridiana,True
0133302AR,929.23,862.67,Catalpa bignonioides,SEGONA,,Pg Andreu Nin,False
0133303AR,647.57,322.58,Celtis australis,TERCERA,,Pg Ciutat de Mallorca,False
0133304AR,178.67,759.41,Citrus × aurantium,SEGONA,,Pl Portocristo,False
0133305AR,269.02,379.75,Melia azedarach,PRIMERA,2024-12-30,C\ Maladeta,False
0133306AR,560.11,275.36,Jacaranda mimosifolia,TERCERA,,C\ Torrent de Can Piquer,False
0133308AR,1010.51,678.6,Celtis australis,SEGONA,,Av Meridiana,False
0133309AR,329.03,894.16,Prunus cerasifera 'Pissardii',SEGONA,,C\ Eduard Tubau,False
0133310AR,794.53,944.5,Platanus × acerifolia,PRIMERA,2008-12-05,Av Rio de Janeiro,True
0133311AR,1102.52,1067.72,Platanus × acerifolia,EXEMPLAR,,Pg Valldaura,True
0133314AR,459.39,75.48,Grevillea robusta,PRIMERA,2016-05-27,C\ Arnau d'Oms,False
0133317AR,169.76,661.08,Platanus × acerifolia,SEGONA,,C\ Valldemossa,True
0133318AR,260.84,778.94,Platanus × acerifolia,SEGONA,,Pl Jardins d'Alfàbia,True
0133319AR,561.58,269.37,Cercis siliquastrum,PRIMERA,2018-11-27,C\ Torrent de Can Piquer,False
0133321AR,889.7,260.58,Celtis australis,TERCERA,,Av Meridiana,False
0133323AR,744.07,48.01,Platanus × acerifolia,EXEMPLAR,,Pg Fabra i Puig,True
0133325AR,880.07,225.75,Celtis australis,TERCERA,,Av Meridiana,False
0133326AR,221.07,897.28,Platanus × acerifolia,TERCERA,,Pg Verdum,True
0133327AR,509.09,179.71,Citrus × aurantium,PRIMERA,,C\ Alella,False
0133328AR,416.86,57.36,Platanus × acerifolia,SEGONA,,Pg Fabra i Puig,True
0133329AR,684.41,49.82,Platanus × acerifolia,TERCERA,,Pg Fabra i Puig,True
0133331AR,830.34,162.56,Platanus × acerifolia,SEGONA,,Av Rio de Janeiro,True
0133334AR,1081.05,914.66,Platanus × acerifolia,SEGONA,,Av Meridiana,True
0133335AR,588.07,52.69,Platanus × acerifolia,EXEMPLAR,,Pg Fabra i Puig,True
0133336AR,441.73,756.49,Melia azedarach,TERCERA,,C\ Escultor Ordóñez,False
0133337AR,805.68,506.25,Jacaranda mimosifolia,TERCERA,,C\ Pintor Alsamora,False
0133338AR,262.73,383.48,Melia azedarach,EXEMPLAR,2007-12-13,C\ Maladeta,False
0133339AR,778.01,296.23,Platanus × acerifolia,SEGONA,,Pg Andreu Nin,True
0133340AR,1062.56,845.3,Platanus × acerifolia,PRIMERA,,Av Meridiana,True
0133341AR,223.75,440.96,Melia azedarach,SEGONA,,C\ Andratx,False
0133342AR,991.68,639.74,Celtis australis,SEGONA,,Av Meridiana,False
0133343AR,804.93,396.04,Platanus × acerifolia,SEGONA,,Pg Andreu Nin,True
0133349AR,291.33,637.16,X chitalpa tashkentensis 'minsum' SUMMER BELLS®,SEGONA,,C\ Selva,False
0133350AR,395.99,247.3,Pyrus calleryana 'Chanticleer',PRIMERA,2010-12-20,C\ Maladeta,False
0133351AR,914.53,321.71,Celtis australis,SEGONA,,Av Meridiana,False
0133352AR,320.24,691.33,X chitalpa tashkentensis 'minsum' SUMMER BELLS®,PRIMERA,2018-11-16,C\ Selva,False
0133354AR,461.77,424.88,Platanus × acerifolia,EXEMPLAR,,C\ Estudiant,True
0133356AR,575.15,177.77,Citrus × aurantium,PRIMERA,,C\ Alella,False
0133357AR,580.79,412.87,Casuarina cunninghamiana,SEGONA,2014-05-30,C\ Piferrer,False
0133358AR,372.56,594.22,Celtis australis,SEGONA,,C\ Casas i Amigó,False
0133359AR,787.99,970.89,Platanus × acerifolia,TERCERA,,Av Rio de Janeiro,True
0133360AR,1001.31,643.46,Celtis australis,SEGONA,,Av Meridiana,False
0133361AR,659.0,456.0,Tipuana tipu,SEGONA,,Av Rio de Janeiro,False
0133362AR,679.16,501.48,Tipuana tipu,TERCERA,,Av Rio de Janeiro,False
0133363AR,719.0,784.3,Morus alba,PRIMERA,,Av Rio de Janeiro,False
0133364AR,561.08,326.72,Brachychiton populneus,EXEMPLAR,,Pg Ciutat de Mallorca,False
0133365AR,613.42,586.1,Jacaranda mimosifolia,TERCERA,,C\ Pintor Alsamora,False
0133366AR,831.89,1013.57,Platanus × acerifolia,SEGONA,,Av Rio de Janeiro,True
0133367AR,255.23,767.68,Platanus × acerifolia,SEGONA,,Pl Jardins d'Alfàbia,True
0133368AR,493.48,396.01,Morus nigra,SEGONA,,Pg Ciutat de Mallorca,False
0133369AR,903.44,863.44,Tipuana tipu,TERCERA,2007-10-10,Pg Andreu Nin,False
0133370AR,798.04,371.44,Platanus × acerifolia,TERCERA,,Pg Andreu Nin,True
0133372AR,587.19,399.74,Casuarina cunninghamiana,SEGONA,2014-05-30,C\ Piferrer,False
0133373AR,272.42,928.85,Brachychiton populneus,EXEMPLAR,,Pl República,False
0133374AR,548.26,864.25,Gleditsia triacanthos,SEGONA,,C\ Garrofers,False
0133376AR,145.99,451.67,Casuarina cunninghamiana,PRIMERA,2026-06-19,C\ Maladeta,False
0133377AR,1103.89,1002.05,Platanus × acerifolia,TERCERA,,Av Meridiana,True
0133378AR,924.18,356.83,Celtis australis,PRIMERA,2019-11-25,Av Meridiana,False
0133379AR,767.05,305.8,Platanus × acerifolia,SEGONA,,Pg Andreu Nin,True
0133380AR,454.06,975.63,Grevillea robusta,SEGONA,2018-05-23,Pg Valldaura,False
0133382AR,112.24,746.37,Platanus × acerifolia,TERCERA,,Pg Verdum,True
0133383AR,770.37,934.82,Platanus × acerifolia,EXEMPLAR,2014-06-05,Av Rio de Janeiro,True
0133385AR,275.01,932.55,Brachychiton populneus,TERCERA,,Pl República,False
0133386AR,136.64,379.71,Melia azedarach,SEGONA,2016-01-27,C\ Porta,False
0133387AR,926.25,903.56,Catalpa bignonioides,SEGONA,,Pg Andreu Nin,False
0133388AR,523.6,323.17,Casuarina cunninghamiana,PRIMERA,2026-06-25,C\ Piferrer,False
0133389AR,293.01,761.33,Platanus × acerifolia,TERCERA,,C\ Pintor Alsamora,True
0133390AR,320.08,339.66,Melia azedarach,TERCERA,,C\ Maladeta,False
0133392AR,898.83,1053.04,Brachychiton populneus,SEGONA,,Pg Valldaura,False
0133393AR,50.65,613.02,Citrus × aurantium,SEGONA,,C\ Doctor Pi i Molist,False
0133395AR,604.0,972.0,Platanus × acerifolia,PRIMERA,2016-02-23,Plta Avis,True
0133396AR,78.47,654.64,Celtis australis,TERCERA,,C\ Felanitx,False
0133397AR,246.72,94.61,Platanus × acerifolia,SEGONA,,C\ Doctor Pi i Molist,True
0133398AR,792.1,400.13,Platanus × acerifolia,SEGONA,,Pg Andreu Nin,True
0133399AR,46.49,615.92,Citrus × aurantium,SEGONA,,C\ Doctor Pi i Molist,False
0133401AR,355.93,59.2,Platanus × acerifolia,TERCERA,,Pg Fabra i Puig,True
0133403AR,587.89,233.65,Pyrus calleryana 'Chanticleer',SEGONA,2010-12-21,C\ Torrent de Can Piquer,False
0133404AR,912.89,502.63,Koelreuteria paniculata 'Fastigiata',PRIMERA,,C\ Pintor Alsamora,False
0133405AR,673.63,419.12,Melia azedarach,EXEMPLAR,,Av Rio de Janeiro,False
0133406AR,901.72,857.05,Tipuana tipu,SEGONA,,Pg Andreu Nin,False
0133407AR,428.75,344.09,Catalpa bignonioides,SEGONA,,C\ Deià,False
0133409AR,971.25,507.44,Platanus × acerifolia,TERCERA,,Av Meridiana,True
0133410AR,655.5,443.3,Tipuana tipu,TERCERA,,Av Rio de Janeiro,False
0133411AR,947.09,929.66,Catalpa bignonioides,SEGONA,2012-01-01,Pg Andreu Nin,False
0133412AR,565.66,324.34,Brachychiton populneus,SEGONA,2012-05-02,Pg Ciutat de Mallorca,False
0133414AR,311.33,422.91,Robinia pseudoacacia 'Pyramidalis',TERCERA,,C\ Deià,False
0133415AR,875.06,90.27,Platanus × acerifolia,EXEMPLAR,,Av Rio de Janeiro,True
0133416AR,838.58,118.32,Platanus × acerifolia,EXEMPLAR,,C\ Manuel Sancho,True
0133417AR,912.46,291.03,Platanus × acerifolia,EXEMPLAR,,Av Meridiana,True
0133419AR,221.0,873.0,Brachychiton populneus,SEGONA,,C\ Bunyola,False
0133420AR,1064.52,876.11,Celtis sinensis,TERCERA,,Av Meridiana,False
0133421AR,474.18,467.01,Platanus × acerifolia,TERCERA,,C\ Valldemossa,True
0133422AR,497.28,881.98,Ligustrum lucidum,PRIMERA,,C\ Garrofers,False
0133423AR,852.3,44.81,Platanus × acerifolia,TERCERA,,Pg Fabra i Puig,True
0133424AR,984.2,579.26,Celtis australis,PRIMERA,2022-01-18,Av Meridiana,False
0133426AR,506.0,357.0,Celtis australis,SEGONA,,Pg Ciutat de Mallorca,False
0133427AR,391.51,942.91,Robinia pseudoacacia 'Bessoniana',PRIMERA,2021-12-14,Pl Otero Pedrayo,False
0133428AR,761.65,103.98,Brachychiton populneus,SEGONA,2010-08-25,C\ Vèlia,False
0133429AR,979.94,618.34,Platanus × acerifolia,PRIMERA,2017-12-19,Av Meridiana,True
0133430AR,524.32,905.59,Acer monspessulanum,SEGONA,,C\ Lluc,False
0133431AR,325.07,743.58,Platanus × acerifolia,SEGONA,,C\ Pintor Alsamora,True
0133432AR,760.09,58.36,Brachychiton populneus,SEGONA,2010-08-25,C\ Vèlia,False
0133433AR,977.57,530.79,Platanus × acerifolia,EXEMPLAR,,Av Meridiana,True
0133434AR,878.37,126.85,Platanus × acerifolia,TERCERA,,Av Meridiana,True
0133435AR,773.29,940.44,Grevillea robusta,SEGONA,,Av Rio de Janeiro,False
0133436AR,693.0,306.0,Tipuana tipu,TERCERA,,Pg Ciutat de Mallorca,False
0133438AR,261.53,853.38,Brachychiton populneus,SEGONA,,C\ Bunyola,False
0133442AR,341.66,403.65,Robinia pseudoacacia 'Bessoniana',SEGONA,2013-04-25,C\ Deià,False
0133443AR,941.0,451.0,Celtis australis,PRIMERA,2021-12-09,Av Meridiana,False
0133445AR,800.93,994.46,Grevillea robusta,PRIMERA,2024-10-14,Av Rio de Janeiro,False
0133446AR,385.0,535.0,Robinia pseudoacacia 'Bessoniana',PRIMERA,2022-11-14,C\ Valldemossa,False
0133447AR,386.33,269.47,Pyrus calleryana 'Chanticleer',PRIMERA,2024-12-10,C\ Maladeta,False
0133448AR,706.11,821.36,Gleditsia triacanthos,SEGONA,,C\ Garrofers,False
0133449AR,671.82,443.05,Tipuana tipu,SEGONA,,Av Rio de Janeiro,False
0133452AR,760.8,75.79,Brachychiton populneus,SEGONA,2010-08-25,C\ Vèlia,False
0133453AR,880.27,194.06,Celtis australis,SEGONA,,Av Meridiana,False
0133454AR,690.46,372.7,Melia azedarach,EXEMPLAR,,Av Rio de Janeiro,False
0133455AR,723.1,786.22,Populus nigra 'Italica',TERCERA,,Av Rio de Janeiro,False
0133457AR,354.31,763.57,Platanus × acerifolia,SEGONA,,C\ Selva,True
0133458AR,273.94,597.75,Robinia pseudoacacia,SEGONA,,C\ Valldemossa,False
0133459AR,535.54,343.67,Casuarina cunninghamiana,SEGONA,2022-04-25,C\ Piferrer,False
0133460AR,485.22,508.35,Acer campestre 'Elsrijk',PRIMERA,2026-09-30,C\ Casas i Amigó,False
0133461AR,245.71,916.42,Brachychiton populneus,TERCERA,,Pl República,False
0133462AR,950.77,455.16,Celtis australis,SEGONA,,Av Meridiana,False
0133464AR,767.21,253.25,Platanus × acerifolia,SEGONA,,Pg Andreu Nin,True
0133466AR,876.9,785.42,Melia azedarach,SEGONA,2010-12-22,C\ Rosselló i Porcel,False
0133468AR,1056.43,846.91,Celtis sinensis,EXEMPLAR,,Av Meridiana,False
0133470AR,937.76,517.55,Tilia x europaea,SEGONA,,C\ Pintor Alsamora,False
0133471AR,765.77,521.45,Jacaranda mimosifolia,SEGONA,,C\ Pintor Alsamora,False
0133472AR,232.91,479.54,Robinia pseudoacacia,TERCERA,,C\ Deià,False
0133473AR,789.83,340.25,Catalpa bignonioides,PRIMERA,2022-11-09,Pg Andreu Nin,False
0133474AR,676.72,313.16,Tipuana tipu,SEGONA,,Pg Ciutat de Mallorca,False
0133475AR,154.3,387.01,Melia azedarach,EXEMPLAR,,C\ Porta,False
0133477AR,317.21,95.44,Pyrus calleryana 'Chanticleer',SEGONA,2010-08-30,C\ Santanyí,False
0133478AR,176.56,589.4,Ulmus RESISTA® 'Sapporo Autumn Gold',EXEMPLAR,,C\ Alcúdia,False
0133479AR,442.95,395.76,Tipuana tipu,SEGONA,2014-04-29,C\ Estudiant,False
0133482AR,51.03,602.94,Citrus × aurantium,PRIMERA,,C\ Doctor Pi i Molist,False
0133484AR,1059.35,833.71,Platanus × acerifolia,TERCERA,,Av Meridiana,True
0133485AR,160.31,308.32,Platanus × acerifolia,SEGONA,,C\ Doctor Pi i Molist,True
0133486AR,115.66,707.42,Celtis australis,SEGONA,,C\ Valldemossa,False
0133490AR,896.75,837.46,Tipuana tipu,SEGONA,,Pg Andreu Nin,False
0133491AR,709.32,646.11,Populus alba 'Pyramidalis',SEGONA,,Av Rio de Janeiro,False
0133492AR,194.04,549.4,Morus alba,TERCERA,,C\ Deià,False
0133493AR,615.11,282.93,Platanus × acerifolia,TERCERA,,C\ Santapau,True
0133494AR,338.24,59.71,Platanus × acerifolia,TERCERA,,Pg Fabra i Puig,True
0133495AR,715.58,669.35,Fraxinus angustifolia 'Raywood',PRIMERA,2019-10-10,Av Rio de Janeiro,False
0133496AR,441.68,189.27,Tipuana tipu,SEGONA,,Plta Rafaela Serrano,False
0133497AR,269.45,600.4,Robinia pseudoacacia 'Bessoniana',PRIMERA,2022-11-14,C\ Valldemossa,False
0133499AR,1058.03,852.59,Celtis sinensis,TERCERA,,Av Meridiana,False
0133500AR,880.92,841.52,Tipuana tipu,SEGONA,,Pl Gabriel Alomar,False
0133502AR,1083.9,1072.09,Platanus × acerifolia,SEGONA,,Pg Valldaura,True
0133503AR,829.27,45.69,Platanus × acerifolia,TERCERA,,Pg Fabra i Puig,True
0133506AR,678.51,408.64,Melia azedarach,TERCERA,,Av Rio de Janeiro,False
0133507AR,940.86,493.58,Robinia pseudoacacia,SEGONA,,C\ Pintor Alsamora,False
0133508AR,657.66,260.22,Pyrus calleryana 'Chanticleer',SEGONA,2010-12-21,C\ Torrent de Can Piquer,False
0133509AR,939.4,901.04,Catalpa bignonioides,SEGONA,,Pg Andreu Nin,False
0133511AR,460.62,125.46,Grevillea robusta,PRIMERA,2025-04-08,C\ Arnau d'Oms,False
0133512AR,918.06,819.55,Handroanthus heptaphyllus,PRIMERA,2024-12-30,Pg Andreu Nin,False
0133513AR,389.0,648.0,Melia azedarach,EXEMPLAR,,C\ Escultor Ordóñez,False
0133514AR,219.53,629.27,Robinia pseudoacacia 'Bessoniana',SEGONA,2017-01-20,C\ Valldemossa,False
0133515AR,267.12,411.22,Jacaranda mimosifolia,SEGONA,,C\ Escultor Ordóñez,False
0133516AR,495.11,398.75,Platanus × acerifolia,SEGONA,,Pg Ciutat de Mallorca,True
0133517AR,885.84,192.78,Platanus × acerifolia,EXEMPLAR,,Av Meridiana,True
0133519AR,248.3,784.96,Platanus × acerifolia,SEGONA,,Pl Jardins d'Alfàbia,True
0133520AR,977.88,612.39,Platanus × acerifolia,EXEMPLAR,,Av Meridiana,True
0133521AR,385.19,641.31,Melia azedarach,TERCERA,,C\ Escultor Ordóñez,False
0133522AR,926.97,399.07,Celtis australis,SEGONA,,Av Meridiana,False
0133523AR,359.97,917.46,Jacaranda mimosifolia,SEGONA,,C\ Alcúdia,False
0133524AR,464.78,338.77,Catalpa bignonioides,TERCERA,,C\ Deià,False
0133526AR,933.53,447.06,Platanus × acerifolia,SEGONA,,Av Meridiana,True
0133527AR,847.8,124.92,Platanus × acerifolia,SEGONA,,Av Rio de Janeiro,True
0133528AR,428.27,909.11,Ligustrum lucidum,SEGONA,,C\ Garrofers,False
0133529AR,681.64,830.15,Gleditsia triacanthos,SEGONA,,C\ Garrofers,False
0133530AR,516.0,850.0,Melia azedarach,PRIMERA,2024-12-25,C\ Escultor Ordóñez,False
0133531AR,59.42,599.47,Platanus × acerifolia,TERCERA,,C\ Doctor Pi i Molist,True
0133532AR,145.89,373.96,Melia azedarach,TERCERA,,C\ Porta,False
0133535AR,692.08,669.9,Fraxinus angustifolia 'Raywood',PRIMERA,2025-10-28,Av Rio de Janeiro,False
0133536AR,190.59,780.82,Citrus × aurantium,SEGONA,,Pl Portocristo,False
0133538AR,726.17,797.3,Fraxinus angustifolia 'Raywood',PRIMERA,2025-10-28,Av Rio de Janeiro,False
0133539AR,911.72,365.73,Platanus × acerifolia,SEGONA,,Av Meridiana,True
0133540AR,909.73,304.16,Celtis australis,PRIMERA,2019-11-25,Av Meridiana,False
0133541AR,681.4,252.53,Citrus × aurantium,PRIMERA,,C\ Malgrat,False
0133545AR,1073.45,1063.49,Platanus × acerifolia,TERCERA,,Pg Valldaura,True
0133546AR,1047.0,812.0,Celtis sinensis,EXEMPLAR,,Av Meridiana,False
0133547AR,1117.3,1053.53,Platanus × acerifolia,SEGONA,,Av Meridiana,True
0133548AR,812.65,1006.32,Fraxinus angustifolia 'Raywood',PRIMERA,2018-11-16,Av Rio de Janeiro,False
0133549AR,867.53,100.2,Platanus × acerifolia,TERCERA,,Av Rio de Janeiro,True
0133550AR,538.62,348.93,Casuarina cunninghamiana,PRIMERA,2025-05-05,C\ Piferrer,False
0133553AR,1074.29,910.37,Celtis sinensis,SEGONA,,Av Meridiana,False
0133554AR,310.24,350.17,Melia azedarach,EXEMPLAR,,C\ Maladeta,False
0133556AR,1079.17,1064.37,Platanus × acerifolia,EXEMPLAR,,Pg Valldaura,True
0133557AR,1101.47,1015.42,Celtis sinensis,EXEMPLAR,,Av Meridiana,False
0133558AR,677.7,514.75,Ligustrum lucidum,SEGONA,,Av Rio de Janeiro,False
0133559AR,858.27,143.68,Celtis australis,SEGONA,,Av Meridiana,False
0133560AR,75.02,517.56,Platanus × acerifolia,SEGONA,,C\ Doctor Pi i Molist,True
0133562AR,936.47,402.92,Celtis australis,PRIMERA,2022-01-18,Av Meridiana,False
0133563AR,679.91,524.58,Ligustrum lucidum,SEGONA,,Av Rio de Janeiro,False
0133566AR,576.17,227.63,Pyrus calleryana 'Chanticleer',SEGONA,2010-12-21,C\ Torrent de Can Piquer,False
0133567AR,698.03,824.53,Gleditsia triacanthos,SEGONA,,C\ Garrofers,False
0133568AR,120.98,627.9,Platanus × acerifolia,EXEMPLAR,,C\ Felanitx,True
0133569AR,510.56,353.93,Celtis australis,TERCERA,,Pg Ciutat de Mallorca,False
0133570AR,696.24,540.48,Jacaranda mimosifolia,TERCERA,,C\ Pintor Alsamora,False
0133571AR,700.04,699.44,Fraxinus angustifolia 'Raywood',PRIMERA,2025-10-28,Av Rio de Janeiro,False
0133575AR,499.08,186.13,Citrus × aurantium,PRIMERA,,C\ Alella,False
0133577AR,403.9,251.07,Pyrus calleryana 'Chanticleer',PRIMERA,2024-12-10,C\ Maladeta,False
0133579AR,314.39,902.95,Prunus cerasifera 'Pissardii',SEGONA,,C\ Eduard Tubau,False
0133580AR,681.13,119.71,Citrus × aurantium,PRIMERA,,C\ Malgrat,False
0133581AR,94.67,590.15,Styphnolobium japonicum,TERCERA,,C\ Pollença,False
0133582AR,243.05,614.11,Catalpa bignonioides,SEGONA,,C\ Valldemossa,False
0133585AR,109.87,431.96,Platanus × acerifolia,SEGONA,,C\ Doctor Pi i Molist,True
0133586AR,524.87,345.89,Platanus × acerifolia,TERCERA,,Pg Ciutat de Mallorca,True
0133588AR,514.27,929.45,Acer monspessulanum,PRIMERA,,C\ Lluc,False
0133589AR,317.95,160.68,Pyrus calleryana 'Chanticleer',SEGONA,2010-08-30,C\ Santanyí,False
0133590AR,658.8,439.5,Tipuana tipu,TERCERA,,Av Rio de Janeiro,False
0133591AR,886.08,79.01,Platanus × acerifolia,SEGONA,,Av Rio de Janeiro,True
0133592AR,969.64,527.11,Celtis australis,TERCERA,,Av Meridiana,False
0133593AR,127.69,388.33,Platanus × acerifolia,SEGONA,,C\ Doctor Pi i Molist,True
0133594AR,767.05,247.66,Platanus × acerifolia,SEGONA,,Av Rio de Janeiro,True
0133595AR,334.2,340.08,Celtis australis,SEGONA,,C\ Maladeta,False
0133597AR,881.72,96.75,Platanus × acerifolia,EXEMPLAR,,Av Rio de Janeiro,True
0133598AR,211.19,441.63,Cupressus sempervirens 'Stricta',PRIMERA,2017-01-20,C\ Andratx,False
0133599AR,769.87,1027.12,Populus nigra 'Italica',SEGONA,,Pg Valldaura,False
0133600AR,426.84,539.91,Populus nigra 'Italica',TERCERA,,C\ Casas i Amigó,False
0133601AR,323.74,507.16,Platanus × acerifolia,TERCERA,,C\ Escultor Ordóñez,True
0133603AR,866.29,162.72,Eucalyptus camaldulensis,EXEMPLAR,,Av Meridiana,False
0133605AR,477.84,450.23,Platanus × acerifolia,TERCERA,,C\ Estudiant,True
0133606AR,933.14,422.41,Celtis australis,SEGONA,,Av Meridiana,False
0133608AR,406.74,837.71,X chitalpa tashkentensis 'minsum' SUMMER BELLS®,SEGONA,,C\ Selva,False
0133609AR,787.07,381.06,Platanus × acerifolia,SEGONA,,Pg Andreu Nin,True
0133611AR,682.35,161.9,Citrus × aurantium,PRIMERA,,C\ Malgrat,False
0133612AR,756.0,540.0,Populus alba 'Pyramidalis',TERCERA,,C\ Pintor Alsamora,False
0133614AR,829.02,1008.41,Platanus × acerifolia,TERCERA,,Av Rio de Janeiro,True
0133615AR,811.0,1012.0,Platanus × acerifolia,SEGONA,,Av Rio de Janeiro,True
0133616AR,609.84,993.98,Platanus × acerifolia,SEGONA,,Plta Avis,True
0133617AR,164.03,465.67,Casuarina cunninghamiana,PRIMERA,2026-06-19,C\ Maladeta,False
0133618AR,708.54,976.08,Ligustrum lucidum,SEGONA,,C\ Horitzontal,False
0133619AR,765.55,878.56,Platanus × acerifolia,TERCERA,,Av Rio de Janeiro,True
0133621AR,700.05,761.41,Populus nigra 'Italica',EXEMPLAR,,Av Rio de Janeiro,False
0133622AR,791.07,213.72,Platanus × acerifolia,SEGONA,,Av Rio de Janeiro,True
0133623AR,197.06,452.15,Jacaranda mimosifolia,SEGONA,,C\ Andratx,False
0133624AR,974.83,600.63,Platanus × acerifolia,EXEMPLAR,,Av Meridiana,True
0133625AR,1023.98,757.32,Celtis australis,TERCERA,,Av Meridiana,False
0133626AR,950.45,992.32,Handroanthus heptaphyllus,PRIMERA,2026-05-07,Pg Andreu Nin,False
0133628AR,654.27,471.82,Tipuana tipu,TERCERA,,Av Rio de Janeiro,False
0133629AR,679.75,623.72,Populus nigra 'Italica',TERCERA,,Av Rio de Janeiro,False
0133630AR,863.96,788.95,Melia azedarach,TERCERA,,C\ Rosselló i Porcel,False
0133631AR,904.19,530.34,Tipuana tipu,TERCERA,,C\ Pintor Alsamora,False
0133632AR,398.72,515.12,Platanus × acerifolia,TERCERA,,C\ Valldemossa,True
0133633AR,316.98,74.33,Pyrus calleryana 'Chanticleer',PRIMERA,2010-08-30,C\ Santanyí,False
0133634AR,1015.11,671.22,Platanus × acerifolia,TERCERA,,Av Meridiana,True
0133635AR,1064.1,851.0,Platanus × acerifolia,PRIMERA,,Av Meridiana,True
0133636AR,584.76,418.15,Populus nigra 'Italica',TERCERA,,C\ Piferrer,False
0133637AR,502.42,826.69,Melia azedarach,TERCERA,,C\ Escultor Ordóñez,False
0133638AR,1029.76,779.77,Celtis australis,SEGONA,,Av Meridiana,False
0133639AR,656.04,175.64,Citrus × aurantium,PRIMERA,,C\ Alella,False
0133642AR,768.88,311.89,Platanus × acerifolia,SEGONA,,Pg Andreu Nin,True
0133643AR,905.16,317.59,Celtis australis,SEGONA,,Av Meridiana,False
0133644AR,754.23,886.24,Melia azedarach,PRIMERA,2024-12-25,Av Rio de Janeiro,False
0133645AR,423.96,217.54,Pyrus calleryana 'Chanticleer',PRIMERA,2010-12-20,C\ Maladeta,False
0133646AR,878.58,863.24,Tipuana tipu,TERCERA,,Pl Gabriel Alomar,False
0133647AR,907.71,1046.47,Platanus × acerifolia,SEGONA,,Pg Valldaura,True
0133649AR,678.98,158.46,Citrus × aurantium,PRIMERA,,C\ Malgrat,False
0133650AR,617.29,977.57,Platanus × acerifolia,SEGONA,,Plta Avis,True
0133651AR,528.11,890.82,Melia azedarach,TERCERA,,C\ Escultor Ordóñez,False
0133652AR,1006.18,660.89,Celtis australis,SEGONA,,Av Meridiana,False
0133655AR,760.76,280.73,Platanus × acerifolia,TERCERA,,Pg Andreu Nin,True
0133656AR,213.34,412.01,Pyrus calleryana 'Chanticleer',PRIMERA,2023-02-02,C\ Maladeta,False
0133658AR,233.84,912.98,Brachychiton populneus,SEGONA,,Pl República,False
0133659AR,469.45,470.0,Platanus × acerifolia,TERCERA,,C\ Valldemossa,True
0133660AR,80.52,694.81,Platanus × acerifolia,TERCERA,,Pg Verdum,True
0133662AR,759.55,909.71,Platanus × acerifolia,SEGONA,,Av Rio de Janeiro,True
0133663AR,247.71,89.07,Platanus × acerifolia,SEGONA,,C\ Doctor Pi i Molist,True
0133664AR,1089.51,1073.06,Platanus × acerifolia,SEGONA,,Pg Valldaura,True
0133665AR,966.39,546.37,Celtis australis,SEGONA,,Av Meridiana,False
0133667AR,689.9,180.58,Citrus × aurantium,PRIMERA,,C\ Alella,False
0133668AR,809.59,1032.83,Populus nigra 'Italica',SEGONA,,Pg Valldaura,False
0133669AR,409.4,569.93,Celtis australis,SEGONA,,C\ Casas i Amigó,False
0133670AR,557.24,270.37,Jacaranda mimosifolia,TERCERA,,C\ Torrent de Can Piquer,False
0133672AR,738.86,179.34,Citrus × aurantium,PRIMERA,,C\ Alella,False
0133673AR,872.6,144.81,Celtis australis,TERCERA,,Av Meridiana,False
0133674AR,676.69,305.39,Tipuana tipu,TERCERA,,Pg Ciutat de Mallorca,False
0133676AR,599.88,861.77,Gleditsia triacanthos,SEGONA,,C\ Garrofers,False
0133677AR,592.75,599.3,Jacaranda mimosifolia,TERCERA,,C\ Pintor Alsamora,False
0133678AR,532.18,866.71,Gleditsia triacanthos,PRIMERA,,C\ Garrofers,False
0133679AR,919.0,370.04,Celtis australis,PRIMERA,2019-11-25,Av Meridiana,False
0133680AR,544.69,991.05,Populus nigra 'Italica',TERCERA,,Pg Valldaura,False
0133682AR,754.68,198.24,Brachychiton populneus,SEGONA,2010-08-25,C\ Vèlia,False
0133683AR,266.6,430.52,Jacaranda mimosifolia,SEGONA,,C\ Escultor Ordóñez,False
0133684AR,798.42,46.43,Platanus × acerifolia,TERCERA,,Pg Fabra i Puig,True
0133685AR,822.83,465.77,Platanus × acerifolia,SEGONA,,Pg Andreu Nin,True
0133686AR,552.62,253.38,Cercis siliquastrum,SEGONA,,C\ Torrent de Can Piquer,False
0133687AR,680.34,940.86,Ligustrum lucidum,SEGONA,,C\ Horitzontal,False
0133688AR,940.38,954.78,Catalpa bignonioides,TERCERA,,Pg Andreu Nin,False
0133689AR,526.7,328.67,Casuarina cunninghamiana,PRIMERA,2025-05-05,C\ Piferrer,False
0133690AR,598.59,855.23,Gleditsia triacanthos,SEGONA,,C\ Garrofers,False
0133691AR,596.7,340.77,Prunus cerasifera 'Pissardii',SEGONA,,Pg Ciutat de Mallorca,False
0133692AR,481.25,454.14,Brachychiton populneus,TERCERA,,C\ Estudiant,False
0133693AR,257.64,407.54,Jacaranda mimosifolia,SEGONA,,C\ Escultor Ordóñez,False
0133695AR,680.14,62.76,Citrus × aurantium,PRIMERA,,C\ Malgrat,False
0133696AR,289.16,587.78,Robinia pseudoacacia,SEGONA,,C\ Valldemossa,False
0133698AR,942.41,401.2,Platanus × acerifolia,SEGONA,,Av Meridiana,True
0133700AR,804.59,449.6,Platanus × acerifolia,SEGONA,,Pg Andreu Nin,True
0133701AR,125.26,394.61,Platanus × acerifolia,SEGONA,,C\ Doctor Pi i Molist,True
0133702AR,505.14,872.81,Ligustrum lucidum,PRIMERA,2023-02-14,C\ Garrofers,False
0133703AR,169.17,605.2,Platanus × acerifolia,TERCERA,,C\ Alcúdia,True
0133704AR,149.56,442.21,Populus alba 'Pyramidalis',SEGONA,,C\ Maladeta,False
0133705AR,885.53,267.92,Platanus × acerifolia,SEGONA,,Av Meridiana,True
0133706AR,244.33,861.68,Brachychiton populneus,SEGONA,,C\ Bunyola,False
0133707AR,1048.85,793.18,Platanus × acerifolia,TERCERA,,Av Meridiana,True
0133708AR,509.9,852.89,Melia azedarach,EXEMPLAR,,C\ Escultor Ordóñez,False
0133709AR,973.93,1027.55,Handroanthus heptaphyllus,PRIMERA,2025-03-20,Pg Andreu Nin,False
0133711AR,674.79,483.97,Tipuana tipu,TERCERA,,Av Rio de Janeiro,False
0133713AR,561.93,361.31,Populus nigra 'Italica',EXEMPLAR,,C\ Piferrer,False
0133714AR,620.29,51.62,Platanus × acerifolia,SEGONA,,Pg Fabra i Puig,True
0133715AR,453.8,491.42,Robinia pseudoacacia 'Bessoniana',PRIMERA,2022-11-14,C\ Valldemossa,False
0133716AR,892.24,272.25,Celtis australis,SEGONA,,Av Meridiana,False
0133717AR,310.26,575.03,Robinia pseudoacacia,SEGONA,,C\ Valldemossa,False
0133718AR,773.1,897.83,Platanus × acerifolia,TERCERA,,Av Rio de Janeiro,True
0133719AR,535.82,242.62,Tipuana tipu,SEGONA,,C\ Torrent de Can Piquer,False
0133721AR,700.23,611.91,Fraxinus angustifolia 'Raywood',PRIMERA,2025-10-10,Av Rio de Janeiro,False
0133722AR,486.34,965.51,Acer monspessulanum,PRIMERA,,C\ Lluc,False
0133723AR,546.48,242.88,Tipuana tipu,SEGONA,,C\ Torrent de Can Piquer,False
0133725AR,408.89,952.87,Robinia pseudoacacia 'Bessoniana',PRIMERA,2021-12-14,Pl Otero Pedrayo,False
0133726AR,365.91,400.9,Platanus × acerifolia,EXEMPLAR,,C\ Deià,True
0133727AR,807.89,1006.0,Platanus × acerifolia,TERCERA,,Av Rio de Janeiro,True
0133728AR,632.08,991.89,Platanus × acerifolia,SEGONA,,Plta Avis,True
0133729AR,556.52,992.77,Grevillea robusta,PRIMERA,2025-05-13,Pg Valldaura,False
0133730AR,1004.26,655.59,Celtis australis,TERCERA,,Av Meridiana,False
0133731AR,773.65,515.55,Jacaranda mimosifolia,SEGONA,,C\ Pintor Alsamora,False
0133732AR,768.4,537.05,Grevillea robusta,PRIMERA,2024-10-14,C\ Pintor Alsamora,False
0133733AR,712.67,658.1,Fraxinus angustifolia 'Raywood',PRIMERA,2025-11-13,Av Rio de Janeiro,False
0133734AR,635.5,1005.72,Populus nigra 'Italica',TERCERA,,Pg Valldaura,False
0133735AR,938.0,408.49,Celtis australis,TERCERA,,Av Meridiana,False
0133736AR,461.76,152.23,Koelreuteria paniculata 'Fastigiata',PRIMERA,2017-05-22,C\ Arnau d'Oms,False
0133737AR,952.16,949.08,Handroanthus heptaphyllus,PRIMERA,2025-03-27,Pg Andreu Nin,False
0133738AR,681.75,139.68,Citrus × aurantium,PRIMERA,,C\ Malgrat,False
0133739AR,905.38,287.18,Celtis australis,TERCERA,,Av Meridiana,False
0133740AR,369.09,533.92,Platanus × acerifolia,TERCERA,,C\ Valldemossa,True
0133741AR,472.2,240.12,Robinia pseudoacacia,TERCERA,,C\ Piferrer,False
0133742AR,930.35,435.37,Platanus × acerifolia,EXEMPLAR,,Av Meridiana,True
0133744AR,643.34,566.92,Tipuana tipu,TERCERA,,C\ Pintor Alsamora,False
0133745AR,558.3,869.32,Gleditsia triacanthos,SEGONA,,C\ Garrofers,False
0133746AR,871.24,94.95,Platanus × acerifolia,TERCERA,,Av Rio de Janeiro,True
0133747AR,407.68,960.08,Robinia pseudoacacia 'Bessoniana',PRIMERA,2019-01-24,Pl Otero Pedrayo,False
0133748AR,476.74,205.47,Grevillea robusta,SEGONA,2019-05-23,C\ Arnau d'Oms,False
0133750AR,427.56,921.56,Ligustrum lucidum,SEGONA,,C\ Garrofers,False
0133752AR,805.39,179.18,Platanus × acerifolia,SEGONA,,Av Rio de Janeiro,True
0133753AR,302.31,60.88,Platanus × acerifolia,TERCERA,,Pg Fabra i Puig,True
0133756AR,207.22,192.74,Platanus × acerifolia,TERCERA,,C\ Doctor Pi i Molist,True
0133758AR,616.45,858.69,Gleditsia triacanthos,TERCERA,,C\ Garrofers,False
0133759AR,230.57,868.33,Brachychiton populneus,SEGONA,2015-06-26,C\ Bunyola,False
0133762AR,720.41,295.88,Melia azedarach,SEGONA,,Av Rio de Janeiro,False
0133763AR,50.91,576.84,Platanus × acerifolia,EXEMPLAR,,C\ Doctor Pi i Molist,True
0133765AR,681.96,146.16,Citrus × aurantium,PRIMERA,,C\ Malgrat,False
0133766AR,513.62,369.1,Platanus × acerifolia,SEGONA,,Pg Ciutat de Mallorca,True
0133767AR,475.18,158.81,Platanus × acerifolia,SEGONA,,C\ Arnau d'Oms,True
0133768AR,100.07,640.89,Platanus × acerifolia,EXEMPLAR,,C\ Felanitx,True
0133770AR,468.06,435.17,Platanus × acerifolia,SEGONA,,C\ Estudiant,True
0133771AR,68.77,674.22,Platanus × acerifolia,SEGONA,,Pg Verdum,True
0133772AR,673.91,521.8,Tipuana tipu,TERCERA,,Av Rio de Janeiro,False
0133773AR,813.17,980.15,Platanus × acerifolia,SEGONA,,Av Rio de Janeiro,True
0133774AR,653.0,452.0,Casuarina cunninghamiana,EXEMPLAR,,Av Rio de Janeiro,False
0133777AR,315.11,432.41,Gleditsia triacanthos f. inermis,PRIMERA,2025-11-18,C\ Deià,False
0133778AR,202.51,864.94,Platanus × acerifolia,TERCERA,,Pg Verdum,True
0133779AR,587.88,339.45,Liquidambar styraciflua,PRIMERA,2026-04-07,Pg Ciutat de Mallorca,False
0133780AR,152.06,376.56,Melia azedarach,EXEMPLAR,,C\ Porta,False
0133781AR,1073.23,885.95,Platanus × acerifolia,SEGONA,,Av Meridiana,True
0133782AR,1103.08,1020.65,Celtis sinensis,TERCERA,,Av Meridiana,False
0133783AR,686.66,321.39,Prunus cerasifera 'Pissardii',PRIMERA,2024-11-25,Pg Ciutat de Mallorca,False
0133784AR,216.33,171.52,Platanus × acerifolia,SEGONA,,C\ Doctor Pi i Molist,True
0133785AR,311.53,676.66,X chitalpa tashkentensis 'minsum' SUMMER BELLS®,SEGONA,,C\ Selva,False
0133786AR,793.59,406.33,Platanus × acerifolia,SEGONA,,Pg Andreu Nin,True
0133787AR,168.82,286.84,Platanus × acerifolia,EXEMPLAR,,C\ Doctor Pi i Molist,True
0133788AR,131.8,378.41,Platanus × acerifolia,SEGONA,,C\ Doctor Pi i Molist,True
0133789AR,794.19,807.58,Melia azedarach,EXEMPLAR,,C\ Rosselló i Porcel,False
0133791AR,149.76,609.76,Platanus × acerifolia,SEGONA,,C\ Felanitx,True
0133793AR,394.54,689.8,Platanus × acerifolia,TERCERA,,C\ Pintor Alsamora,True
0133794AR,745.0,543.0,Grevillea robusta,PRIMERA,2025-05-20,C\ Pintor Alsamora,False
0133795AR,241.23,916.89,Brachychiton populneus,EXEMPLAR,,Pl República,False
0133796AR,956.45,453.45,Platanus × acerifolia,EXEMPLAR,,Av Meridiana,True
0133798AR,257.28,855.49,Brachychiton populneus,SEGONA,,C\ Bunyola,False
0133799AR,844.07,129.65,Platanus × acerifolia,SEGONA,,Av Rio de Janeiro,True
0133801AR,761.0,865.0,Platanus × acerifolia,TERCERA,,Av Rio de Janeiro,True
0133802AR,894.12,277.43,Celtis australis,TERCERA,,Av Meridiana,False
0133803AR,499.58,287.8,Robinia pseudoacacia,TERCERA,,C\ Piferrer,False
0133804AR,306.15,354.49,Melia azedarach,TERCERA,,C\ Maladeta,False
0133805AR,1036.51,771.83,Celtis australis,TERCERA,,Av Meridiana,False
0133807AR,396.41,943.71,Robinia pseudoacacia,TERCERA,2011-12-22,Pl Otero Pedrayo,False
0133809AR,859.62,110.23,Platanus × acerifolia,SEGONA,,Av Rio de Janeiro,True
0133810AR,969.52,1011.83,Catalpa bignonioides,TERCERA,,Pg Andreu Nin,False
0133811AR,514.58,985.96,Grevillea robusta,PRIMERA,2025-05-27,Pg Valldaura,False
0133812AR,1017.11,701.82,Celtis occidentalis,PRIMERA,2020-02-19,Av Meridiana,False
0133813AR,957.28,1018.41,Catalpa bignonioides,PRIMERA,2022-11-09,Pg Andreu Nin,False
0133814AR,342.64,744.11,Platanus × acerifolia,TERCERA,,C\ Selva,True
0133816AR,876.15,512.21,Tipuana tipu,TERCERA,,C\ Pintor Alsamora,False
0133818AR,730.33,179.65,Citrus × aurantium,PRIMERA,,C\ Alella,False
0133819AR,590.3,856.87,Gleditsia triacanthos,SEGONA,,C\ Garrofers,False
0133820AR,826.82,151.78,Platanus × acerifolia,TERCERA,,Av Rio de Janeiro,True
0133822AR,384.89,941.58,Robinia pseudoacacia 'Bessoniana',TERCERA,2017-02-13,Pl Otero Pedrayo,False
0133823AR,418.96,222.89,Pyrus calleryana 'Chanticleer',SEGONA,2010-12-20,C\ Maladeta,False
0133824AR,236.29,777.26,Platanus × acerifolia,TERCERA,,Pl Jardins d'Alfàbia,True
0133825AR,996.52,1058.67,Platanus × acerifolia,SEGONA,,Pg Valldaura,True
0133826AR,965.0,565.0,Platanus × acerifolia,TERCERA,,Av Meridiana,True
0133827AR,293.54,837.74,Brachychiton populneus,TERCERA,,C\ Bunyola,False
0133829AR,791.72,46.87,Platanus × acerifolia,TERCERA,,Pg Fabra i Puig,True
0133830AR,503.6,236.41,Brachychiton populneus,TERCERA,,C\ Torrent de Can Piquer,False
0133831AR,111.59,617.1,Prunus cerasifera 'Pissardii',PRIMERA,2017-06-12,C\ Pollença,False
0133832AR,434.21,743.64,Melia azedarach,TERCERA,,C\ Escultor Ordóñez,False
0133833AR,167.29,815.74,Platanus × acerifolia,SEGONA,,Pl Jardins d'Alfàbia,True
0133834AR,632.19,448.35,Casuarina cunninghamiana,SEGONA,2018-05-31,C\ Piferrer,False
0133835AR,903.61,281.41,Celtis australis,SEGONA,,Av Meridiana,False
0133836AR,465.96,882.7,Ligustrum lucidum,PRIMERA,2017-01-20,C\ Garrofers,False
0133839AR,668.5,481.66,Tipuana tipu,SEGONA,,Av Rio de Janeiro,False
0133841AR,887.07,506.83,Tilia x europaea,SEGONA,,C\ Pintor Alsamora,False
0133842AR,141.31,478.75,Populus alba 'Pyramidalis',TERCERA,,C\ Maladeta,False
0133843AR,678.75,151.29,Citrus × aurantium,PRIMERA,,C\ Malgrat,False
0133844AR,203.8,463.2,Jacaranda mimosifolia,SEGONA,,C\ Andratx,False
0133845AR,269.34,925.5,Brachychiton populneus,EXEMPLAR,,Pl República,False
0133847AR,553.98,373.15,Casuarina cunninghamiana,SEGONA,2017-06-06,C\ Piferrer,False
0133848AR,439.85,740.09,Melia azedarach,TERCERA,,C\ Escultor Ordóñez,False
0133849AR,903.34,847.91,Celtis australis,SEGONA,,Pg Andreu Nin,False
0133850AR,439.3,489.42,Platanus × acerifolia,SEGONA,,C\ Valldemossa,True
0133851AR,762.25,131.1,Brachychiton populneus,SEGONA,2010-08-25,C\ Vèlia,False
0133853AR,317.47,125.42,Pyrus calleryana 'Chanticleer',SEGONA,2010-08-30,C\ Santanyí,False
0133854AR,488.4,324.51,Handroanthus heptaphyllus,PRIMERA,2025-04-29,C\ Deià,False
0133856AR,190.98,456.19,Jacaranda mimosifolia,SEGONA,,C\ Andratx,False
0133857AR,253.01,416.43,Hesperocyparis macrocarpa,SEGONA,,C\ Andratx,False
0133859AR,791.23,346.28,Platanus × acerifolia,SEGONA,,Pg Andreu Nin,True
0133860AR,298.35,758.5,Platanus × acerifolia,TERCERA,,C\ Pintor Alsamora,True
0133861AR,971.4,563.75,Celtis australis,SEGONA,,Av Meridiana,False
0133862AR,633.95,854.37,Gleditsia triacanthos,SEGONA,,C\ Garrofers,False
0133863AR,402.17,825.29,X chitalpa tashkentensis 'minsum' SUMMER BELLS®,SEGONA,,C\ Selva,False
0133864AR,520.34,348.38,Tipuana tipu,PRIMERA,2020-12-15,Pg Ciutat de Mallorca,False
0133865AR,315.13,344.9,Melia azedarach,TERCERA,,C\ Maladeta,False
0133866AR,173.33,584.38,Jacaranda mimosifolia,PRIMERA,2024-11-30,C\ Alcúdia,False
0133867AR,475.49,968.33,Acer monspessulanum,PRIMERA,,C\ Lluc,False
0133868AR,311.15,661.48,X chitalpa tashkentensis 'minsum' SUMMER BELLS®,PRIMERA,2018-11-19,C\ Selva,False
0133870AR,776.63,290.43,Platanus × acerifolia,SEGONA,,Pg Andreu Nin,True
0133871AR,645.04,307.23,Tipuana tipu,SEGONA,,Pg Ciutat de Mallorca,False
0133873AR,473.46,110.22,Platanus × acerifolia,TERCERA,,C\ Arnau d'Oms,True
0133874AR,172.63,609.76,Platanus × acerifolia,SEGONA,,C\ Alcúdia,True
0133875AR,497.24,951.43,Acer monspessulanum,PRIMERA,,C\ Lluc,False
0133876AR,911.35,310.06,Celtis australis,PRIMERA,,Av Meridiana,False
0133877AR,229.04,431.0,Hesperocyparis macrocarpa,SEGONA,2013-04-18,C\ Andratx,False
0133879AR,929.6,355.33,Platanus × acerifolia,TERCERA,,Av Meridiana,True
0133880AR,142.76,351.46,Platanus × acerifolia,TERCERA,,C\ Doctor Pi i Molist,True
0133881AR,998.08,607.05,Platanus × acerifolia,EXEMPLAR,,Av Meridiana,True
0133882AR,361.0,59.0,Platanus × acerifolia,TERCERA,,Pg Fabra i Puig,True
0133884AR,844.54,144.45,Platanus × acerifolia,SEGONA,,Av Rio de Janeiro,True
0133885AR,1098.55,1003.24,Celtis sinensis,TERCERA,,Av Meridiana,False
0133886AR,752.24,104.79,Brachychiton populneus,SEGONA,2010-08-25,C\ Vèlia,False
0133888AR,86.52,705.35,Platanus × acerifolia,TERCERA,,Pg Verdum,True
0133891AR,924.44,897.12,Catalpa bignonioides,SEGONA,,Pg Andreu Nin,False
0133892AR,805.64,194.94,Platanus × acerifolia,SEGONA,,Av Rio de Janeiro,True
0133893AR,83.66,651.29,Platanus × acerifolia,TERCERA,,C\ Felanitx,True
0133896AR,665.22,452.07,Tipuana tipu,SEGONA,,Av Rio de Janeiro,False
0133897AR,715.57,531.4,Jacaranda mimosifolia,TERCERA,,C\ Pintor Alsamora,False
0133898AR,987.93,647.28,Platanus × acerifolia,SEGONA,,Av Meridiana,True
0133900AR,799.52,512.42,Jacaranda mimosifolia,SEGONA,,C\ Pintor Alsamora,False
0133902AR,947.1,980.05,Catalpa bignonioides,TERCERA,,Pg Andreu Nin,False
0133904AR,495.39,501.29,Acer campestre 'Elsrijk',PRIMERA,2024-12-02,C\ Casas i Amigó,False
0133905AR,589.06,177.65,Citrus × aurantium,PRIMERA,,C\ Alella,False
0133906AR,709.69,533.02,Jacaranda mimosifolia,SEGONA,,C\ Pintor Alsamora,False
0133907AR,455.23,414.92,Platanus × acerifolia,SEGONA,,C\ Estudiant,True
0133908AR,92.03,585.57,Styphnolobium japonicum,SEGONA,,C\ Pollença,False
0133909AR,876.53,175.94,Celtis australis,SEGONA,,Av Meridiana,False
0133910AR,629.45,1004.94,Populus nigra 'Italica',SEGONA,,Pg Valldaura,False
0133911AR,786.16,926.92,Platanus × acerifolia,TERCERA,,Av Rio de Janeiro,True
0133912AR,994.8,651.48,Celtis australis,SEGONA,,Av Meridiana,False
0133913AR,980.55,542.55,Platanus × acerifolia,TERCERA,,Av Meridiana,True
0133914AR,875.61,44.28,Platanus × acerifolia,EXEMPLAR,,Pg Fabra i Puig,True
0133915AR,899.39,263.77,Celtis australis,TERCERA,,Av Meridiana,False
0133916AR,130.99,697.33,Celtis australis,TERCERA,,C\ Valldemossa,False
0133917AR,222.21,528.22,Tipuana tipu,EXEMPLAR,,C\ Deià,False
0133918AR,684.98,305.62,Tipuana tipu,SEGONA,,Pg Ciutat de Mallorca,False
0133919AR,949.7,939.42,Handroanthus heptaphyllus,PRIMERA,2025-03-27,Pg Andreu Nin,False
0133920AR,304.53,951.5,Populus nigra 'Italica',SEGONA,,Pg Valldaura,False
0133921AR,236.37,121.8,Platanus × acerifolia,SEGONA,,C\ Doctor Pi i Molist,True
0133922AR,459.41,476.37,Platanus × acerifolia,EXEMPLAR,,C\ Valldemossa,True
0133923AR,998.43,632.24,Celtis sinensis,TERCERA,,Av Meridiana,False
0133924AR,775.56,337.15,Platanus × acerifolia,SEGONA,,Pg Andreu Nin,True
0133925AR,922.65,350.58,Celtis australis,PRIMERA,2025-01-10,Av Meridiana,False
0133926AR,731.07,530.85,Jacaranda mimosifolia,TERCERA,,C\ Pintor Alsamora,False
0133927AR,874.12,226.82,Platanus × acerifolia,SEGONA,,Av Meridiana,True
0133928AR,987.07,565.95,Platanus × acerifolia,TERCERA,,Av Meridiana,True
0133929AR,514.76,916.91,Acer monspessulanum,SEGONA,,C\ Lluc,False
0133931AR,881.0,168.71,Platanus × acerifolia,TERCERA,,Av Meridiana,True
0133932AR,763.56,179.34,Brachychiton populneus,SEGONA,,C\ Vèlia,False
0133933AR,958.92,973.02,Catalpa bignonioides,TERCERA,,Pg Andreu Nin,False
0133934AR,534.13,249.98,Tipuana tipu,PRIMERA,2021-05-25,C\ Torrent de Can Piquer,False
0133935AR,881.09,1042.43,Platanus × acerifolia,TERCERA,,Pg Valldaura,True
0133937AR,561.88,224.37,Pyrus calleryana 'Chanticleer',SEGONA,2010-12-21,C\ Torrent de Can Piquer,False
0133938AR,455.96,73.01,Platanus × acerifolia,TERCERA,,C\ Arnau d'Oms,True
0133939AR,554.06,178.52,Citrus × aurantium,PRIMERA,,C\ Alella,False
0133940AR,785.24,512.28,Jacaranda mimosifolia,SEGONA,,C\ Pintor Alsamora,False
0133941AR,550.25,991.78,Grevillea robusta,PRIMERA,2018-05-23,Pg Valldaura,False
0133943AR,790.44,510.93,Jacaranda mimosifolia,SEGONA,,C\ Pintor Alsamora,False
0133944AR,370.43,608.02,Melia azedarach,TERCERA,,C\ Escultor Ordóñez,False
0133945AR,189.55,648.28,Platanus × acerifolia,TERCERA,,C\ Valldemossa,True
0133948AR,916.04,865.03,Catalpa bignonioides,PRIMERA,2022-11-09,Pg Andreu Nin,False
0133949AR,1090.85,974.3,Celtis sinensis,SEGONA,,Av Meridiana,False
0133950AR,410.69,564.1,Celtis australis,TERCERA,,C\ Casas i Amigó,False
0133952AR,135.98,694.35,Celtis australis,TERCERA,,C\ Valldemossa,False
0133953AR,488.65,399.2,Platanus × acerifolia,SEGONA,,Pg Ciutat de Mallorca,True
0133954AR,888.09,254.48,Celtis australis,TERCERA,,Av Meridiana,False
0133955AR,380.07,58.61,Platanus × acerifolia,TERCERA,,Pg Fabra i Puig,True
0133956AR,922.79,838.63,Handroanthus heptaphyllus,PRIMERA,2025-03-27,Pg Andreu Nin,False
0133957AR,415.92,924.06,Ligustrum lucidum,SEGONA,,C\ Garrofers,False
0133958AR,577.46,385.1,Casuarina cunninghamiana,PRIMERA,,C\ Piferrer,False
0133962AR,394.35,579.5,Celtis australis,SEGONA,,C\ Casas i Amigó,False
0133965AR,917.59,364.33,Celtis australis,SEGONA,,Av Meridiana,False
0133966AR,116.24,631.01,Celtis australis,TERCERA,,C\ Felanitx,False
0133967AR,859.29,125.48,Platanus × acerifolia,SEGONA,,Av Rio de Janeiro,True
0133970AR,856.72,163.18,Platanus × acerifolia,SEGONA,,Av Meridiana,True
0133971AR,373.38,58.92,Platanus × acerifolia,TERCERA,,Pg Fabra i Puig,True
0133972AR,411.77,57.58,Platanus × acerifolia,TERCERA,,Pg Fabra i Puig,True
0133973AR,801.95,183.67,Platanus × acerifolia,SEGONA,,Av Rio de Janeiro,True
0133975AR,1055.66,1061.2,Platanus × acerifolia,TERCERA,,Pg Valldaura,True
0133976AR,560.79,618.5,Jacaranda mimosifolia,SEGONA,,C\ Pintor Alsamora,False
0133977AR,146.35,687.96,Celtis australis,TERCERA,,C\ Valldemossa,False
0133978AR,478.65,218.92,Populus nigra 'Italica',EXEMPLAR,,C\ Arnau d'Oms,False
0133979AR,39.57,604.92,Platanus × acerifolia,EXEMPLAR,,C\ Doctor Pi i Molist,True
0133980AR,293.19,433.99,Robinia pseudoacacia 'Pyramidalis',SEGONA,,C\ Deià,False
0133982AR,645.99,314.92,Tipuana tipu,SEGONA,,Pg Ciutat de Mallorca,False
0133983AR,282.03,754.97,Platanus × acerifolia,TERCERA,,C\ Pintor Alsamora,True
0133984AR,822.61,997.04,Platanus × acerifolia,TERCERA,,Av Rio de Janeiro,True
0133985AR,616.25,982.7,Platanus × acerifolia,SEGONA,,Plta Avis,True
0133986AR,456.17,66.59,Platanus × acerifolia,SEGONA,,C\ Arnau d'Oms,True
0133987AR,371.1,372.5,Celtis australis,TERCERA,,Ptge Alfonso Lafuente,False
0133988AR,105.4,454.74,Tipuana tipu,SEGONA,2010-06-01,C\ Doctor Pi i Molist,False
0133989AR,736.85,529.3,Jacaranda mimosifolia,SEGONA,,C\ Pintor Alsamora,False
0133990AR,548.45,178.62,Citrus × aurantium,PRIMERA,,C\ Alella,False
0133992AR,242.61,774.04,Platanus × acerifolia,EXEMPLAR,,Pl Jardins d'Alfàbia,True
0133993AR,624.22,327.38,Celtis australis,EXEMPLAR,,Pg Ciutat de Mallorca,False
0133994AR,473.37,316.94,Catalpa bignonioides,TERCERA,,C\ Deià,False
0133995AR,545.11,366.1,Casuarina cunninghamiana,SEGONA,2017-06-12,C\ Piferrer,False
0133996AR,875.03,850.05,Tipuana tipu,TERCERA,,Pl Gabriel Alomar,False
0133997AR,234.25,434.5,Melia azedarach,TERCERA,,C\ Andratx,False
0133998AR,940.64,395.24,Platanus × acerifolia,EXEMPLAR,,Av Meridiana,True
0133999AR,1104.58,1026.29,Celtis sinensis,TERCERA,,Av Meridiana,False
0134002AR,352.74,566.19,Melia azedarach,EXEMPLAR,,C\ Escultor Ordóñez,False
0134003AR,718.63,768.33,Fraxinus angustifolia 'Raywood',PRIMERA,2025-11-13,Av Rio de Janeiro,False
0134004AR,653.23,1008.63,Grevillea robusta,SEGONA,2018-05-23,Pg Valldaura,False
0134005AR,767.72,884.78,Platanus × acerifolia,EXEMPLAR,,Av Rio de Janeiro,True
0134006AR,258.71,316.42,Crataegus x media 'Paul's Scarlet',PRIMERA,,Ptge Porta,False
0134007AR,990.76,634.32,Celtis sinensis,SEGONA,,Av Meridiana,False
0134008AR,743.88,274.86,Ulmus pumila,TERCERA,,Av Rio de Janeiro,False
0134010AR,1109.82,1044.12,Celtis sinensis,EXEMPLAR,,Av Meridiana,False
0134011AR,641.68,1006.82,Grevillea robusta,PRIMERA,2022-09-20,Pg Valldaura,False
0134013AR,245.0,100.0,Platanus × acerifolia,TERCERA,,C\ Doctor Pi i Molist,True
0134014AR,948.94,449.17,Celtis australis,PRIMERA,2022-01-18,Av Meridiana,False
0134015AR,251.25,459.96,Robinia pseudoacacia,EXEMPLAR,,C\ Deià,False
0134016AR,324.34,731.08,Platanus × acerifolia,EXEMPLAR,,C\ Pintor Alsamora,True
0134018AR,489.41,55.6,Platanus × acerifolia,TERCERA,,Pg Fabra i Puig,True
0134019AR,317.07,109.99,Pyrus calleryana 'Chanticleer',SEGONA,2010-08-30,C\ Santanyí,False
0134020AR,929.94,410.52,Celtis australis,SEGONA,,Av Meridiana,False
0134022AR,348.2,753.51,Platanus × acerifolia,SEGONA,,C\ Selva,True
0134024AR,917.69,389.01,Platanus × acerifolia,TERCERA,,Av Meridiana,True
0134025AR,801.4,507.81,Jacaranda mimosifolia,SEGONA,,C\ Pintor Alsamora,False
0134026AR,752.66,123.13,Brachychiton populneus,SEGONA,2010-08-25,C\ Vèlia,False
0134027AR,911.03,285.48,Platanus × acerifolia,EXEMPLAR,,Av Meridiana,True
0134028AR,450.41,188.97,Tipuana tipu,TERCERA,,Plta Rafaela Serrano,False
0134029AR,322.43,897.97,Prunus cerasifera 'Pissardii',SEGONA,,C\ Eduard Tubau,False
0134030AR,525.61,914.68,Acer monspessulanum,SEGONA,,C\ Lluc,False
0134032AR,548.72,255.2,Pyrus calleryana 'Chanticleer',PRIMERA,2026-03-09,C\ Torrent de Can Piquer,False
0134033AR,356.22,341.23,Celtis australis,TERCERA,,Ptge Alfonso Lafuente,False
0134035AR,1078.63,928.23,Celtis sinensis,TERCERA,,Av Meridiana,False
0134036AR,232.03,132.64,Platanus × acerifolia,SEGONA,,C\ Doctor Pi i Molist,True
0134039AR,473.12,95.19,Platanus × acerifolia,TERCERA,,C\ Arnau d'Oms,True
0134040AR,708.11,537.19,Jacaranda mimosifolia,SEGONA,,C\ Pintor Alsamora,False
0134041AR,865.28,533.12,Tilia x europaea,SEGONA,,C\ Pintor Alsamora,False
0134042AR,570.35,284.71,Cercis siliquastrum,SEGONA,,C\ Torrent de Can Piquer,False
0134043AR,974.68,575.34,Celtis australis,SEGONA,,Av Meridiana,False
0134044AR,593.85,956.92,Melia azedarach,TERCERA,2011-11-02,C\ Escultor Ordóñez,False
0134045AR,179.59,558.53,Morus alba,SEGONA,,C\ Deià,False
0134046AR,392.52,530.94,Robinia pseudoacacia 'Bessoniana',SEGONA,2017-11-09,C\ Valldemossa,False
0134050AR,926.46,852.88,Catalpa bignonioides,SEGONA,,Pg Andreu Nin,False
0134052AR,712.2,784.8,Populus nigra 'Italica',EXEMPLAR,,Av Rio de Janeiro,False
0134053AR,1066.24,881.36,Celtis sinensis,TERCERA,,Av Meridiana,False
0134054AR,368.71,368.25,Celtis australis,SEGONA,,Ptge Alfonso Lafuente,False
0134055AR,884.78,242.59,Celtis australis,TERCERA,,Av Meridiana,False
0134056AR,631.77,51.35,Platanus × acerifolia,TERCERA,,Pg Fabra i Puig,True
0134057AR,699.52,314.5,Tipuana tipu,TERCERA,,Pg Ciutat de Mallorca,False
0134058AR,622.53,580.12,Tipuana tipu,TERCERA,,C\ Pintor Alsamora,False
0134061AR,458.54,155.48,Celtis australis,SEGONA,,C\ Arnau d'Oms,False
0134063AR,159.55,467.98,Casuarina cunninghamiana,PRIMERA,2026-06-19,C\ Maladeta,False
0134064AR,910.55,503.1,Tilia x euchlora,SEGONA,,C\ Pintor Alsamora,False
0134066AR,61.55,618.86,Brachychiton populneus,TERCERA,,C\ Doctor Pi i Molist,False
0134067AR,774.78,283.09,Platanus × acerifolia,SEGONA,,Pg Andreu Nin,True
0134068AR,912.77,852.53,Catalpa bignonioides,TERCERA,,Pg Andreu Nin,False
0134070AR,919.28,395.56,Platanus × acerifolia,EXEMPLAR,,Av Meridiana,True
0134071AR,895.91,63.64,Grevillea robusta,SEGONA,2014-06-05,Av Rio de Janeiro,False
0134072AR,394.05,517.96,Melia azedarach,TERCERA,,C\ Valldemossa,False
0134073AR,376.88,394.32,Platanus × acerifolia,TERCERA,,C\ Deià,True
0134074AR,968.04,495.5,Platanus × acerifolia,EXEMPLAR,,Av Meridiana,True
0134075AR,699.68,714.63,Morus alba,SEGONA,,Av Rio de Janeiro,False
0134076AR,936.28,433.96,Celtis australis,SEGONA,,Av Meridiana,False
0134077AR,1096.52,1066.94,Platanus × acerifolia,TERCERA,,Pg Valldaura,True
0134078AR,532.84,632.12,Jacaranda mimosifolia,EXEMPLAR,,C\ Pintor Alsamora,False
0134080AR,204.24,476.88,Jacaranda mimosifolia,SEGONA,,C\ Andratx,False
0134081AR,652.21,306.54,Tipuana tipu,SEGONA,,Pg Ciutat de Mallorca,False
0134083AR,813.71,802.29,Melia azedarach,EXEMPLAR,,C\ Rosselló i Porcel,False
0134084AR,686.41,1013.49,Grevillea robusta,PRIMERA,2018-05-23,Pg Valldaura,False
0134085AR,916.21,327.36,Celtis australis,PRIMERA,2019-11-25,Av Meridiana,False
0134087AR,472.76,88.09,Grevillea robusta,PRIMERA,2021-10-18,C\ Arnau d'Oms,False
0134088AR,923.96,843.62,Handroanthus heptaphyllus,PRIMERA,2026-01-16,Pg Andreu Nin,False
0134092AR,838.24,795.82,Melia azedarach,SEGONA,2016-02-23,C\ Rosselló i Porcel,False
0134093AR,733.41,526.51,Jacaranda mimosifolia,TERCERA,,C\ Pintor Alsamora,False
0134094AR,935.52,886.46,Catalpa bignonioides,PRIMERA,2018-12-10,Pg Andreu Nin,False
0134097AR,501.04,55.11,Platanus × acerifolia,SEGONA,,Pg Fabra i Puig,True
0134098AR,1105.52,1007.78,Platanus × acerifolia,EXEMPLAR,,Av Meridiana,True
0134100AR,179.19,777.45,Citrus × aurantium,PRIMERA,,Pl Portocristo,False
0134103AR,660.19,305.78,Tipuana tipu,TERCERA,,Pg Ciutat de Mallorca,False
0134104AR,812.84,185.18,Platanus × acerifolia,SEGONA,,Av Rio de Janeiro,True
0134105AR,546.77,224.54,Pyrus calleryana 'Chanticleer',PRIMERA,2010-12-21,C\ Torrent de Can Piquer,False
0134107AR,697.09,600.15,Populus alba 'Pyramidalis',TERCERA,,Av Rio de Janeiro,False
0134108AR,948.26,501.09,Platanus × acerifolia,SEGONA,,Av Meridiana,True
0134111AR,1067.4,1062.67,Platanus × acerifolia,EXEMPLAR,,Pg Valldaura,True
0134113AR,1101.69,1074.65,Platanus × acerifolia,EXEMPLAR,,Pg Valldaura,True
0134114AR,438.83,907.37,Ligustrum lucidum,SEGONA,,C\ Garrofers,False
0134116AR,803.75,962.75,Platanus × acerifolia,SEGONA,,Av Rio de Janeiro,True
0134118AR,654.71,50.81,Platanus × acerifolia,SEGONA,,Pg Fabra i Puig,True
0134119AR,939.43,389.86,Platanus × acerifolia,EXEMPLAR,,Av Meridiana,True
0134120AR,278.08,258.5,Prunus serrulata 'Kanzan',SEGONA,,C\ Porta,False
0134122AR,655.55,416.83,Jacaranda mimosifolia,TERCERA,,Av Rio de Janeiro,False
0134125AR,461.65,144.5,Grevillea robusta,PRIMERA,2025-04-08,C\ Arnau d'Oms,False
0134126AR,175.79,615.0,Platanus × acerifolia,SEGONA,,C\ Alcúdia,True
0134127AR,637.7,51.17,Platanus × acerifolia,TERCERA,,Pg Fabra i Puig,True
0134128AR,413.95,969.48,Populus nigra 'Italica',SEGONA,,Pg Valldaura,False
0134129AR,110.82,710.36,Celtis australis,TERCERA,,C\ Valldemossa,False
0134130AR,783.2,315.09,Platanus × acerifolia,SEGONA,,Pg Andreu Nin,True
0134131AR,809.8,415.21,Platanus × acerifolia,SEGONA,,Pg Andreu Nin,True
0134133AR,287.27,399.06,Celtis australis,SEGONA,,C\ Deià,False
0134134AR,880.61,250.34,Platanus × acerifolia,TERCERA,,Av Meridiana,True
0134135AR,680.8,1012.71,Populus nigra 'Italica',SEGONA,,Pg Valldaura,False
0134136AR,157.68,314.26,Platanus × acerifolia,SEGONA,,C\ Doctor Pi i Molist,True
0134137AR,1054.59,1067.79,Platanus × acerifolia,SEGONA,,Pg Valldaura,True
0134138AR,214.33,632.51,Catalpa bignonioides,TERCERA,,C\ Valldemossa,False
0134139AR,1001.77,699.5,Platanus × acerifolia,TERCERA,,Av Meridiana,True
0134140AR,764.74,224.16,Brachychiton populneus,TERCERA,2010-08-25,C\ Vèlia,False
0134141AR,245.17,421.27,Hesperocyparis macrocarpa,SEGONA,,C\ Andratx,False
0134142AR,721.89,780.41,Fraxinus angustifolia 'Raywood',PRIMERA,2025-10-28,Av Rio de Janeiro,False
0134143AR,1061.23,863.38,Celtis sinensis,SEGONA,,Av Meridiana,False
0134144AR,901.05,1045.45,Platanus × acerifolia,SEGONA,,Pg Valldaura,True
0134145AR,878.87,537.24,Tilia x europaea,SEGONA,,C\ Pintor Alsamora,False
0134146AR,917.22,308.36,Platanus × acerifolia,SEGONA,,Av Meridiana,True
0134147AR,773.05,47.32,Platanus × acerifolia,TERCERA,,Pg Fabra i Puig,True
0134148AR,379.94,589.36,Celtis australis,SEGONA,,C\ Casas i Amigó,False
0134149AR,841.12,149.15,Platanus × acerifolia,SEGONA,,Av Rio de Janeiro,True
0134150AR,827.4,484.48,Platanus × acerifolia,SEGONA,,Pg Andreu Nin,True
0134151AR,873.23,157.55,Celtis australis,SEGONA,,Av Meridiana,False
0134153AR,314.15,736.78,Platanus × acerifolia,SEGONA,,C\ Pintor Alsamora,True
0134155AR,909.33,497.33,Tilia tomentosa,SEGONA,,C\ Pintor Alsamora,False
0134156AR,901.98,250.59,Platanus × acerifolia,EXEMPLAR,,Av Meridiana,True
0134157AR,1047.23,787.61,Platanus × acerifolia,SEGONA,,Av Meridiana,True
0134158AR,184.53,555.25,Morus alba,SEGONA,,C\ Deià,False
0134159AR,724.51,276.23,Melia azedarach,PRIMERA,,Av Rio de Janeiro,False
0134160AR,731.38,48.36,Platanus × acerifolia,TERCERA,,Pg Fabra i Puig,True
0134162AR,364.19,353.84,Celtis australis,TERCERA,,Ptge Alfonso Lafuente,False
0134163AR,450.67,206.52,Tipuana tipu,SEGONA,,Plta Rafaela Serrano,False
0134164AR,944.14,406.93,Platanus × acerifolia,SEGONA,,Av Meridiana,True
0134165AR,536.53,235.05,Brachychiton populneus,TERCERA,,C\ Torrent de Can Piquer,False
0134166AR,993.62,670.58,Platanus × acerifolia,SEGONA,,Av Meridiana,True
0134167AR,95.58,720.74,Platanus × acerifolia,TERCERA,,Pg Verdum,True
0134168AR,379.22,527.62,Platanus × acerifolia,TERCERA,,C\ Valldemossa,True
0134169AR,700.5,720.53,Morus alba,SEGONA,,Av Rio de Janeiro,False
0134170AR,738.95,525.14,Jacaranda mimosifolia,SEGONA,,C\ Pintor Alsamora,False
0134171AR,296.31,441.43,Brachychiton populneus,EXEMPLAR,,C\ Deià,False
0134172AR,997.89,663.06,Celtis australis,SEGONA,,Av Meridiana,False
0134176AR,685.51,254.24,Citrus × aurantium,PRIMERA,,C\ Malgrat,False
0134178AR,196.89,219.58,Platanus × acerifolia,TERCERA,,C\ Doctor Pi i Molist,True
0134179AR,719.63,48.79,Platanus × acerifolia,TERCERA,,Pg Fabra i Puig,True
0134180AR,463.28,780.37,Melia azedarach,TERCERA,,C\ Escultor Ordóñez,False
0134182AR,203.07,446.4,Hesperocyparis macrocarpa,SEGONA,,C\ Andratx,False
0134183AR,368.89,288.12,Melia azedarach,TERCERA,,C\ Maladeta,False
0134184AR,311.09,487.13,Platanus × acerifolia,SEGONA,,C\ Escultor Ordóñez,True
0134186AR,549.62,870.78,Gleditsia triacanthos,SEGONA,,C\ Garrofers,False
0134187AR,327.78,691.58,X chitalpa tashkentensis 'minsum' SUMMER BELLS®,PRIMERA,,C\ Selva,False
0134188AR,513.08,54.73,Platanus × acerifolia,TERCERA,,Pg Fabra i Puig,True
0134189AR,617.47,250.44,Pyrus calleryana 'Chanticleer',PRIMERA,2010-12-21,C\ Torrent de Can Piquer,False
0134190AR,555.03,223.93,Pyrus calleryana 'Chanticleer',SEGONA,2010-12-21,C\ Torrent de Can Piquer,False
0134191AR,391.01,252.42,Pyrus calleryana 'Chanticleer',SEGONA,2010-12-20,C\ Maladeta,False
0134192AR,672.38,437.09,Tipuana tipu,SEGONA,,Av Rio de Janeiro,False
0134196AR,413.85,506.15,Melia azedarach,TERCERA,,C\ Valldemossa,False
0134197AR,243.07,394.84,Populus alba 'Pyramidalis',EXEMPLAR,,C\ Maladeta,False
0134198AR,409.48,508.52,Platanus × acerifolia,TERCERA,,C\ Valldemossa,True
0134199AR,680.44,90.85,Citrus × aurantium,PRIMERA,,C\ Malgrat,False
0134200AR,962.18,553.73,Platanus × acerifolia,SEGONA,,Av Meridiana,True
0134201AR,97.78,630.75,Celtis australis,SEGONA,,C\ Felanitx,False
0134202AR,605.11,307.41,Brachychiton populneus,TERCERA,,Pg Ciutat de Mallorca,False
0134203AR,990.55,602.35,Celtis australis,SEGONA,,Av Meridiana,False
0134204AR,42.86,612.34,Citrus × aurantium,SEGONA,,C\ Doctor Pi i Molist,False
0134207AR,745.27,875.93,Platanus × acerifolia,TERCERA,,Av Rio de Janeiro,True
0134208AR,809.88,974.29,Platanus × acerifolia,EXEMPLAR,,Av Rio de Janeiro,True
0134209AR,622.56,182.5,Citrus × aurantium,PRIMERA,2009-06-05,C\ Alella,False
0134210AR,903.46,256.6,Platanus × acerifolia,EXEMPLAR,,Av Meridiana,True
0134211AR,598.59,309.57,Brachychiton populneus,EXEMPLAR,,Pg Ciutat de Mallorca,False
0134212AR,954.69,447.52,Platanus × acerifolia,TERCERA,,Av Meridiana,True
0134213AR,763.74,292.63,Platanus × acerifolia,TERCERA,,Pg Andreu Nin,True
0134214AR,856.74,137.95,Celtis australis,SEGONA,,Av Meridiana,False
0134220AR,874.81,1041.15,Platanus × acerifolia,EXEMPLAR,,Pg Valldaura,True
0134222AR,866.02,157.32,Eucalyptus camaldulensis,TERCERA,,Av Meridiana,False
0134223AR,927.02,368.01,Celtis australis,PRIMERA,2019-11-25,Av Meridiana,False
0134224AR,938.42,947.9,Catalpa bignonioides,PRIMERA,2022-11-09,Pg Andreu Nin,False
0134225AR,982.53,548.75,Platanus × acerifolia,TERCERA,,Av Meridiana,True
0134231AR,494.3,180.16,Citrus × aurantium,PRIMERA,,C\ Alella,False
0134232AR,1059.59,857.75,Celtis sinensis,TERCERA,,Av Meridiana,False
0134233AR,386.96,388.03,Platanus × acerifolia,TERCERA,,C\ Deià,True
0134235AR,520.46,910.46,Acer monspessulanum,PRIMERA,,C\ Lluc,False
0134237AR,428.52,721.08,Melia azedarach,TERCERA,,C\ Escultor Ordóñez,False
0134238AR,1007.51,698.05,Celtis australis,TERCERA,,Av Meridiana,False
0134239AR,474.71,145.11,Platanus × acerifolia,TERCERA,,C\ Arnau d'Oms,True
0134240AR,806.42,456.09,Platanus × acerifolia,EXEMPLAR,,Pg Andreu Nin,True
0134241AR,875.88,208.22,Celtis australis,SEGONA,,Av Meridiana,False
0134243AR,98.68,725.68,Platanus × acerifolia,TERCERA,,Pg Verdum,True
0134244AR,458.12,144.37,Koelreuteria paniculata 'Fastigiata',PRIMERA,2017-05-22,C\ Arnau d'Oms,False
0134245AR,670.54,1011.45,Grevillea robusta,PRIMERA,2024-10-14,Pg Valldaura,False
0134247AR,422.32,57.43,Platanus × acerifolia,EXEMPLAR,,Pg Fabra i Puig,True
0134248AR,421.21,365.44,Brachychiton populneus,TERCERA,,C\ Deià,False
0134250AR,575.3,866.33,Gleditsia triacanthos,SEGONA,,C\ Garrofers,False
0134252AR,635.93,452.79,Populus nigra 'Italica',TERCERA,2015-04-13,C\ Piferrer,False
0134253AR,562.45,993.69,Grevillea robusta,PRIMERA,2019-05-23,Pg Valldaura,False
0134254AR,105.32,606.8,Styphnolobium japonicum,TERCERA,,C\ Pollença,False
0134255AR,986.1,641.27,Platanus × acerifolia,SEGONA,,Av Meridiana,True
0134259AR,1092.3,980.63,Celtis sinensis,TERCERA,,Av Meridiana,False
0134261AR,862.52,513.78,Tipuana tipu,TERCERA,,C\ Pintor Alsamora,False
0134262AR,1050.64,823.89,Celtis sinensis,SEGONA,,Av Meridiana,False
0134263AR,684.07,210.78,Citrus × aurantium,PRIMERA,2018-05-31,C\ Malgrat,False
0134266AR,325.29,425.99,Platanus × acerifolia,SEGONA,,C\ Deià,True
0134267AR,687.35,330.44,Celtis australis,PRIMERA,,Pg Ciutat de Mallorca,False
0134269AR,500.67,282.75,Casuarina cunninghamiana,PRIMERA,2026-06-25,C\ Piferrer,False
0134270AR,776.18,1028.0,Grevillea robusta,PRIMERA,2018-05-23,Pg Valldaura,False
0134271AR,108.72,741.3,Platanus × acerifolia,TERCERA,,Pg Verdum,True
0134273AR,133.3,773.34,Platanus × acerifolia,TERCERA,,Pg Verdum,True
0134274AR,937.72,895.84,Catalpa bignonioides,TERCERA,,Pg Andreu Nin,False
0134275AR,791.77,977.17,Platanus × acerifolia,TERCERA,,Av Rio de Janeiro,True
0134276AR,557.12,862.74,Gleditsia triacanthos,TERCERA,,C\ Garrofers,False
0134279AR,717.0,825.0,Gleditsia triacanthos,TERCERA,,C\ Garrofers,False
0134280AR,977.61,587.04,Celtis australis,SEGONA,,Av Meridiana,False
0134283AR,581.05,997.01,Populus nigra 'Italica',TERCERA,,Pg Valldaura,False
0134286AR,991.8,608.76,Celtis australis,SEGONA,,Av Meridiana,False
0134287AR,806.72,968.42,Platanus × acerifolia,SEGONA,,Av Rio de Janeiro,True
0134288AR,864.62,144.97,Eucalyptus camaldulensis,TERCERA,,Av Meridiana,False
0134289AR,1012.24,659.29,Platanus × acerifolia,TERCERA,,Av Meridiana,True
0134290AR,944.35,431.74,Celtis australis,PRIMERA,2022-01-18,Av Meridiana,False
0134291AR,531.19,309.33,Platanus × acerifolia,EXEMPLAR,,C\ Piferrer,True
0134292AR,890.86,266.42,Celtis australis,SEGONA,,Av Meridiana,False
0134293AR,783.67,368.71,Platanus × acerifolia,TERCERA,,Pg Andreu Nin,True
0134294AR,1012.0,716.0,Celtis australis,TERCERA,,Av Meridiana,False
0134295AR,896.43,505.61,Tilia x europaea,SEGONA,,C\ Pintor Alsamora,False
0134296AR,953.7,1053.46,Platanus × acerifolia,TERCERA,,Pg Valldaura,True
0134297AR,525.91,235.77,Brachychiton populneus,SEGONA,,C\ Torrent de Can Piquer,False
0134298AR,238.53,116.58,Platanus × acerifolia,TERCERA,,C\ Doctor Pi i Molist,True
0134300AR,865.79,520.78,Prunus cerasifera 'Pissardii',PRIMERA,2021-02-16,C\ Pintor Alsamora,False
0134302AR,618.37,995.39,Platanus × acerifolia,SEGONA,,Plta Avis,True
0134304AR,568.46,994.87,Populus nigra 'Italica',SEGONA,,Pg Valldaura,False
0134306AR,70.44,528.39,Platanus × acerifolia,SEGONA,,C\ Doctor Pi i Molist,True
0134309AR,873.0,126.0,Celtis australis,SEGONA,,Av Meridiana,False
0134310AR,434.12,492.75,Platanus × acerifolia,TERCERA,,C\ Valldemossa,True
0134312AR,320.01,568.93,Robinia pseudoacacia,TERCERA,,C\ Valldemossa,False
0134313AR,430.33,375.8,Platanus × acerifolia,TERCERA,,C\ Estudiant,True
0134315AR,72.8,658.18,Platanus × acerifolia,TERCERA,,C\ Felanitx,True
0134316AR,324.93,334.43,Melia azedarach,TERCERA,,C\ Maladeta,False
0134317AR,148.4,384.47,Melia azedarach,TERCERA,,C\ Porta,False
0134320AR,85.49,638.54,Celtis australis,SEGONA,,C\ Felanitx,False
0134321AR,667.06,842.73,Gleditsia triacanthos,SEGONA,,C\ Garrofers,False
0134322AR,775.92,903.53,Platanus × acerifolia,TERCERA,,Av Rio de Janeiro,True
0134323AR,407.09,538.07,Citrus × aurantium,PRIMERA,,C\ Brossa,False
0134324AR,472.6,791.99,Melia azedarach,TERCERA,,C\ Escultor Ordóñez,False
0134325AR,725.06,532.47,Jacaranda mimosifolia,SEGONA,,C\ Pintor Alsamora,False
0134326AR,90.53,635.44,Platanus × acerifolia,TERCERA,,C\ Felanitx,True
0134328AR,672.12,594.75,Populus nigra 'Italica',SEGONA,,Av Rio de Janeiro,False
0134329AR,409.64,519.72,Robinia pseudoacacia,EXEMPLAR,,C\ Valldemossa,False
0134330AR,866.0,173.03,Celtis australis,SEGONA,,Av Meridiana,False
0134331AR,134.8,450.72,Pyrus calleryana 'Chanticleer',PRIMERA,2024-12-10,C\ Maladeta,False
0134333AR,794.65,359.21,Platanus × acerifolia,SEGONA,,Pg Andreu Nin,True
0134334AR,381.77,391.2,Platanus × acerifolia,TERCERA,,C\ Deià,True
0134335AR,900.28,300.85,Celtis australis,SEGONA,,Av Meridiana,False
0134336AR,607.55,254.56,Platanus × acerifolia,EXEMPLAR,,C\ Santapau,True
0134337AR,894.91,1044.48,Platanus × acerifolia,SEGONA,,Pg Valldaura,True
0134338AR,681.53,645.12,Morus alba,PRIMERA,,Av Rio de Janeiro,False
0134339AR,896.36,252.45,Celtis australis,TERCERA,,Av Meridiana,False
0134340AR,602.65,592.97,Jacaranda mimosifolia,SEGONA,,C\ Pintor Alsamora,False
0134342AR,53.82,648.22,Platanus × acerifolia,TERCERA,,Pg Verdum,True
0134343AR,740.16,862.32,Platanus × acerifolia,SEGONA,,Av Rio de Janeiro,True
0134344AR,973.38,594.42,Platanus × acerifolia,EXEMPLAR,,Av Meridiana,True
0134346AR,971.45,532.36,Celtis australis,SEGONA,,Av Meridiana,False
0134347AR,282.29,391.48,Celtis australis,SEGONA,,C\ Deià,False
0134350AR,532.54,357.29,Platanus × acerifolia,TERCERA,,Pg Ciutat de Mallorca,True
0134351AR,411.13,535.53,Grevillea robusta,PRIMERA,2025-05-13,C\ Brossa,False
0134352AR,130.86,621.51,Platanus × acerifolia,TERCERA,,C\ Felanitx,True
0134353AR,869.29,184.87,Celtis australis,TERCERA,,Av Meridiana,False
0134354AR,680.64,97.93,Prunus cerasifera 'Pissardii',PRIMERA,2023-02-09,C\ Malgrat,False
0134357AR,254.34,917.19,Brachychiton populneus,TERCERA,,Pl República,False
0134358AR,601.6,417.86,Casuarina cunninghamiana,SEGONA,2019-05-23,C\ Piferrer,False
0134359AR,446.34,189.2,Tipuana tipu,SEGONA,,Plta Rafaela Serrano,False
0134360AR,562.88,920.87,Melia azedarach,TERCERA,,C\ Escultor Ordóñez,False
0134362AR,1099.43,984.56,Platanus × acerifolia,SEGONA,,Av Meridiana,True
0134363AR,908.53,298.51,Celtis australis,PRIMERA,,Av Meridiana,False
0134364AR,320.8,502.22,Platanus × acerifolia,TERCERA,,C\ Escultor Ordóñez,True
0134365AR,474.38,383.0,Celtis australis,TERCERA,,Pg Ciutat de Mallorca,False
0134366AR,330.51,740.36,Platanus × acerifolia,TERCERA,,C\ Pintor Alsamora,True
0134367AR,557.0,378.0,Populus nigra 'Italica',EXEMPLAR,,C\ Piferrer,False
0134368AR,877.08,238.55,Platanus × acerifolia,SEGONA,,Av Meridiana,True
0134370AR,212.18,448.03,Melia azedarach,SEGONA,,C\ Andratx,False
0134373AR,299.37,581.82,Robinia pseudoacacia 'Bessoniana',PRIMERA,2022-11-14,C\ Valldemossa,False
0134374AR,902.32,275.35,Celtis australis,SEGONA,,Av Meridiana,False
0134375AR,933.37,391.59,Celtis australis,PRIMERA,2019-11-25,Av Meridiana,False
0134376AR,614.6,51.89,Platanus × acerifolia,EXEMPLAR,,Pg Fabra i Puig,True
0134377AR,486.13,954.35,Acer monspessulanum,PRIMERA,,C\ Lluc,False
0134378AR,914.71,352.78,Celtis australis,SEGONA,,Av Meridiana,False
0134379AR,627.68,176.35,Citrus × aurantium,PRIMERA,,C\ Alella,False
0134380AR,880.39,534.25,Tilia x europaea,TERCERA,,C\ Pintor Alsamora,False
0134381AR,568.38,371.33,Populus nigra 'Italica',TERCERA,,C\ Piferrer,False
0134382AR,233.04,428.61,Cupressus sempervirens,SEGONA,,C\ Andratx,False
0134383AR,775.8,936.27,Melia azedarach,SEGONA,2018-03-07,Av Rio de Janeiro,False
0134385AR,573.98,403.66,Casuarina cunninghamiana,PRIMERA,2025-05-05,C\ Piferrer,False
0134386AR,1072.89,904.62,Celtis sinensis,EXEMPLAR,,Av Meridiana,False
0134387AR,779.2,952.74,Platanus × acerifolia,TERCERA,,Av Rio de Janeiro,True
0134389AR,963.6,534.58,Celtis australis,SEGONA,,Av Meridiana,False
0134390AR,965.0,540.0,Celtis australis,SEGONA,,Av Meridiana,False
0134391AR,240.23,474.89,Robinia pseudoacacia,SEGONA,,C\ Deià,False
0134393AR,877.17,182.11,Celtis australis,TERCERA,,Av Meridiana,False
0134394AR,633.05,573.37,Tipuana tipu,SEGONA,,C\ Pintor Alsamora,False
0134396AR,194.45,346.23,Prunus serrulata 'Kanzan',PRIMERA,,C\ Porta,False
0134397AR,1116.0,1067.0,Celtis sinensis,EXEMPLAR,,Av Meridiana,False
0134401AR,899.03,294.93,Celtis australis,SEGONA,,Av Meridiana,False
0134405AR,936.34,500.19,Tilia x europaea,SEGONA,,C\ Pintor Alsamora,False
0134406AR,568.55,178.06,Citrus × aurantium,PRIMERA,,C\ Alella,False
0134407AR,853.59,514.28,Tilia x europaea,TERCERA,,C\ Pintor Alsamora,False
0134408AR,183.14,254.12,Platanus × acerifolia,EXEMPLAR,,C\ Doctor Pi i Molist,True
0134409AR,1106.48,1032.34,Celtis sinensis,TERCERA,,Av Meridiana,False
0134410AR,710.91,652.2,Populus alba,TERCERA,,Av Rio de Janeiro,False
0134413AR,638.16,315.88,Tipuana tipu,SEGONA,,Pg Ciutat de Mallorca,False
0134415AR,925.43,362.26,Celtis australis,PRIMERA,2019-11-25,Av Meridiana,False
0134416AR,714.0,342.0,Melia azedarach,EXEMPLAR,,Av Rio de Janeiro,False
0134418AR,252.89,857.57,Brachychiton populneus,PRIMERA,2021-09-22,C\ Bunyola,False
0134421AR,337.77,337.25,Celtis australis,SEGONA,,C\ Maladeta,False
0134422AR,390.7,691.83,Platanus × acerifolia,EXEMPLAR,,C\ Pintor Alsamora,True
0134423AR,713.32,982.43,Ligustrum lucidum,SEGONA,2013-04-18,C\ Horitzontal,False
0134426AR,537.71,321.27,Platanus × acerifolia,SEGONA,,C\ Piferrer,True
0134427AR,927.83,909.47,Handroanthus heptaphyllus,PRIMERA,2025-05-08,Pg Andreu Nin,False
0134428AR,945.5,973.47,Catalpa bignonioides,TERCERA,,Pg Andreu Nin,False
0134429AR,660.47,50.65,Platanus × acerifolia,TERCERA,,Pg Fabra i Puig,True
0134431AR,336.18,527.16,Platanus × acerifolia,SEGONA,,C\ Escultor Ordóñez,True
0134432AR,459.1,773.19,Melia azedarach,TERCERA,,C\ Escultor Ordóñez,False
0134433AR,965.46,996.91,Handroanthus heptaphyllus,PRIMERA,2025-03-20,Pg Andreu Nin,False
0134435AR,708.57,828.4,Gleditsia triacanthos,SEGONA,,C\ Garrofers,False
0134437AR,277.34,936.74,Brachychiton populneus,SEGONA,,Pl República,False
0134438AR,678.5,633.49,Morus alba 'Fruitless',PRIMERA,2024-11-20,Av Rio de Janeiro,False
0134439AR,425.62,366.81,Brachychiton populneus,TERCERA,,C\ Estudiant,False
0134440AR,427.46,57.26,Platanus × acerifolia,SEGONA,,Pg Fabra i Puig,True
0134444AR,333.26,522.33,Platanus × acerifolia,TERCERA,,C\ Escultor Ordóñez,True
0134446AR,113.32,471.21,Populus alba 'Pyramidalis',TERCERA,,C\ Maladeta,False
0134451AR,562.61,393.03,Casuarina cunninghamiana,TERCERA,2015-06-26,C\ Piferrer,False
0134453AR,893.97,733.93,Platanus × acerifolia,SEGONA,,Pg Andreu Nin,True
0134455AR,955.04,524.43,Platanus × acerifolia,SEGONA,,Av Meridiana,True
0134456AR,551.61,260.46,Jacaranda mimosifolia,TERCERA,,C\ Torrent de Can Piquer,False
0134458AR,394.0,855.0,Fraxinus ornus 'Mecsek',PRIMERA,2024-10-30,C\ Eduard Tubau,False
0134459AR,881.8,199.88,Celtis australis,SEGONA,,Av Meridiana,False
0134461AR,941.18,420.27,Celtis australis,SEGONA,,Av Meridiana,False
0134462AR,356.67,911.96,Jacaranda mimosifolia,SEGONA,,C\ Alcúdia,False
0134463AR,984.29,610.7,Celtis australis,SEGONA,,Av Meridiana,False
0134464AR,1095.59,991.58,Celtis sinensis,SEGONA,,Av Meridiana,False
0134465AR,590.2,404.0,Casuarina cunninghamiana,PRIMERA,2025-05-05,C\ Piferrer,False
0134466AR,368.87,870.23,Fraxinus ornus 'Mecsek',PRIMERA,2024-10-30,C\ Eduard Tubau,False
0134467AR,267.22,775.66,Platanus × acerifolia,TERCERA,,Pl Jardins d'Alfàbia,True
0134468AR,751.39,891.46,Platanus × acerifolia,SEGONA,,Av Rio de Janeiro,True
0134469AR,478.68,245.31,Casuarina cunninghamiana,SEGONA,2019-05-23,C\ Piferrer,False
0134472AR,657.0,452.0,Casuarina cunninghamiana,TERCERA,,Av Rio de Janeiro,False
0134473AR,446.0,763.89,Melia azedarach,SEGONA,,C\ Escultor Ordóñez,False
0134474AR,370.82,544.48,Robinia pseudoacacia,SEGONA,,C\ Valldemossa,False
0134475AR,906.94,499.68,Tilia x europaea,SEGONA,,C\ Pintor Alsamora,False
0134476AR,522.74,636.83,Jacaranda mimosifolia,EXEMPLAR,,C\ Pintor Alsamora,False
0134477AR,661.54,960.67,Jacaranda mimosifolia,TERCERA,,C\ Artà,False
0134478AR,983.65,554.12,Platanus × acerifolia,TERCERA,,Av Meridiana,True
0134479AR,861.8,140.24,Eucalyptus camaldulensis,SEGONA,,Av Meridiana,False
0134480AR,204.4,502.61,Tipuana tipu,EXEMPLAR,,C\ Deià,False
0134481AR,772.08,324.54,Platanus × acerifolia,SEGONA,,Pg Andreu Nin,True
0134482AR,930.56,379.7,Celtis australis,PRIMERA,2019-11-25,Av Meridiana,False
0134483AR,900.52,245.0,Platanus × acerifolia,EXEMPLAR,,Av Meridiana,True
0134484AR,873.54,119.97,Celtis australis,TERCERA,,Av Meridiana,False
0134485AR,636.0,182.0,Citrus × aurantium,PRIMERA,,C\ Alella,False
0134486AR,167.67,756.34,Citrus × aurantium,PRIMERA,,Pl Portocristo,False
0134487AR,618.0,1003.13,Grevillea robusta,PRIMERA,2018-05-23,Pg Valldaura,False
0134488AR,1095.7,1073.77,Platanus × acerifolia,TERCERA,,Pg Valldaura,True
0134489AR,696.42,49.26,Platanus × acerifolia,TERCERA,,Pg Fabra i Puig,True
0134491AR,991.66,583.38,Platanus × acerifolia,TERCERA,,Av Meridiana,True
0134492AR,584.0,395.0,Casuarina cunninghamiana,PRIMERA,2022-04-25,C\ Piferrer,False
0134494AR,518.48,54.51,Platanus × acerifolia,SEGONA,,Pg Fabra i Puig,True
0134495AR,504.31,374.86,Platanus × acerifolia,EXEMPLAR,,Pg Ciutat de Mallorca,True
0134496AR,474.05,123.82,Celtis australis,EXEMPLAR,,C\ Arnau d'Oms,False
0134497AR,647.39,175.72,Citrus × aurantium,PRIMERA,,C\ Alella,False
0134498AR,142.44,446.73,Casuarina cunninghamiana,PRIMERA,2026-06-19,C\ Maladeta,False
0134500AR,478.22,390.86,Platanus × acerifolia,SEGONA,,Pg Ciutat de Mallorca,True
0134501AR,1087.0,938.0,Platanus × acerifolia,SEGONA,,Av Meridiana,True
0134502AR,299.27,430.46,Gleditsia triacanthos f. inermis,PRIMERA,2025-11-18,C\ Deià,False
0134503AR,415.59,542.13,Grevillea robusta,SEGONA,2011-05-25,C\ Brossa,False
0134504AR,702.93,767.22,Fraxinus angustifolia 'Raywood',PRIMERA,2023-02-14,Av Rio de Janeiro,False
0134507AR,664.44,438.75,Casuarina cunninghamiana,EXEMPLAR,,Av Rio de Janeiro,False
0134508AR,1077.96,1071.2,Platanus × acerifolia,SEGONA,,Pg Valldaura,True
0134509AR,714.9,818.6,Gleditsia triacanthos,PRIMERA,,C\ Garrofers,False
0134510AR,436.92,189.43,Tipuana tipu,TERCERA,,Plta Rafaela Serrano,False
0134511AR,772.85,237.13,Platanus × acerifolia,TERCERA,,Av Rio de Janeiro,True
0134512AR,192.87,799.04,Platanus × acerifolia,EXEMPLAR,,Pl Jardins d'Alfàbia,True
0134513AR,750.95,67.83,Brachychiton populneus,SEGONA,,C\ Vèlia,False
0134514AR,247.96,611.36,Catalpa bignonioides,TERCERA,,C\ Valldemossa,False
0134516AR,526.22,300.99,Platanus × acerifolia,TERCERA,,C\ Piferrer,True
0134518AR,890.18,73.76,Platanus × acerifolia,SEGONA,,Av Rio de Janeiro,True
0134521AR,825.95,478.94,Platanus × acerifolia,TERCERA,,Pg Andreu Nin,True
0134522AR,480.0,373.11,Platanus × acerifolia,EXEMPLAR,,Pg Ciutat de Mallorca,True
0134523AR,142.45,382.16,Melia azedarach,PRIMERA,2025-01-30,C\ Porta,False
0134524AR,476.95,887.31,Ligustrum lucidum,SEGONA,,C\ Garrofers,False
0134527AR,735.33,290.11,Celtis australis,SEGONA,,Av Rio de Janeiro,False
0134528AR,931.39,360.72,Platanus × acerifolia,EXEMPLAR,,Av Meridiana,True
0134532AR,1020.42,713.68,Celtis australis,SEGONA,,Av Meridiana,False
0134533AR,1035.07,766.14,Celtis australis,TERCERA,,Av Meridiana,False
0134534AR,502.77,944.41,Acer monspessulanum,PRIMERA,,C\ Lluc,False
0134535AR,1033.26,1058.59,Koelreuteria paniculata,PRIMERA,2022-04-20,Pg Valldaura,False
0134536AR,107.35,450.12,Tipuana tipu,SEGONA,2011-05-11,C\ Doctor Pi i Molist,False
0134539AR,657.36,912.19,Ligustrum lucidum,SEGONA,,C\ Horitzontal,False
0134542AR,44.03,614.89,Citrus × aurantium,SEGONA,,C\ Doctor Pi i Molist,False
0134543AR,841.07,535.54,Platanus × acerifolia,SEGONA,,Pg Andreu Nin,True
0134545AR,496.68,362.64,Platanus × acerifolia,SEGONA,,Pg Ciutat de Mallorca,True
0134547AR,138.5,361.88,Platanus × acerifolia,SEGONA,,C\ Doctor Pi i Molist,True
0134551AR,490.36,186.34,Citrus × aurantium,PRIMERA,,C\ Alella,False
0134552AR,685.11,524.86,Tipuana tipu,TERCERA,,Av Rio de Janeiro,False
0134553AR,900.09,755.55,Platanus × acerifolia,TERCERA,,Pg Andreu Nin,True
0134554AR,763.8,188.81,Brachychiton populneus,SEGONA,2017-05-02,C\ Vèlia,False
0134555AR,515.71,179.53,Citrus × aurantium,PRIMERA,,C\ Alella,False
0134556AR,490.65,812.48,Melia azedarach,TERCERA,,C\ Escultor Ordóñez,False
0134557AR,103.71,627.02,Platanus × acerifolia,SEGONA,,C\ Felanitx,True
0134558AR,418.72,717.58,Melia azedarach,TERCERA,,C\ Escultor Ordóñez,False
0134559AR,402.32,378.52,Platanus × acerifolia,TERCERA,,C\ Deià,True
0134560AR,881.65,231.23,Celtis australis,TERCERA,,Av Meridiana,False
0134561AR,328.72,571.2,Robinia pseudoacacia,TERCERA,,C\ Valldemossa,False
0134562AR,809.66,173.75,Platanus × acerifolia,TERCERA,,Av Rio de Janeiro,True
0134563AR,557.19,914.24,Melia azedarach,SEGONA,2011-11-02,C\ Escultor Ordóñez,False
0134564AR,185.13,802.71,Celtis australis,EXEMPLAR,,Pl Jardins d'Alfàbia,False
0134565AR,740.4,844.98,Populus alba 'Pyramidalis',SEGONA,2010-02-10,Av Rio de Janeiro,False
0134566AR,357.0,768.0,Platanus × acerifolia,EXEMPLAR,,C\ Selva,True
0134567AR,443.76,746.79,Melia azedarach,TERCERA,,C\ Escultor Ordóñez,False
0134570AR,758.46,274.07,Platanus × acerifolia,SEGONA,,Pg Andreu Nin,True
0134571AR,491.73,230.82,Pyrus calleryana 'Chanticleer',PRIMERA,2026-03-09,C\ Torrent de Can Piquer,False
0134573AR,964.34,1044.18,Catalpa bignonioides,PRIMERA,2020-01-29,Pg Andreu Nin,False
0134574AR,672.44,259.38,Pyrus calleryana 'Chanticleer',SEGONA,2010-12-21,C\ Torrent de Can Piquer,False
0134575AR,522.24,363.59,Celtis australis,EXEMPLAR,,Pg Ciutat de Mallorca,False
0134576AR,900.73,504.53,Tilia x europaea,SEGONA,,C\ Pintor Alsamora,False
0134577AR,933.2,755.69,Eucalyptus camaldulensis,EXEMPLAR,2012-01-01,C\ Rosselló i Porcel,False
0134578AR,141.38,690.98,Celtis australis,TERCERA,,C\ Valldemossa,False
0134579AR,951.06,944.23,Handroanthus heptaphyllus,PRIMERA,2024-12-30,Pg Andreu Nin,False
0134582AR,519.99,229.78,Pyrus calleryana 'Chanticleer',PRIMERA,2010-12-21,C\ Torrent de Can Piquer,False
0134583AR,939.45,414.43,Celtis australis,TERCERA,,Av Meridiana,False
0134584AR,280.79,372.67,Melia azedarach,TERCERA,,C\ Maladeta,False
0134585AR,811.11,421.49,Platanus × acerifolia,SEGONA,,Pg Andreu Nin,True
0134586AR,491.14,305.94,Catalpa bignonioides,PRIMERA,2022-01-11,C\ Deià,False
0134587AR,502.27,316.08,Handroanthus heptaphyllus,PRIMERA,2025-04-29,C\ Deià,False
0134588AR,681.3,125.92,Citrus × aurantium,PRIMERA,,C\ Malgrat,False
0134590AR,922.73,889.96,Catalpa bignonioides,TERCERA,,Pg Andreu Nin,False
0134591AR,921.53,833.41,Catalpa bignonioides,SEGONA,,Pg Andreu Nin,False
0134594AR,876.76,856.74,Tipuana tipu,TERCERA,,Pl Gabriel Alomar,False
0134595AR,849.0,139.0,Platanus × acerifolia,SEGONA,,Av Rio de Janeiro,True
0134597AR,897.0,233.0,Platanus × acerifolia,EXEMPLAR,,Av Meridiana,True
0134599AR,825.9,1002.79,Melia azedarach,SEGONA,2013-12-17,Av Rio de Janeiro,False
0134600AR,1096.4,972.99,Platanus × acerifolia,SEGONA,,Av Meridiana,True
0134601AR,317.45,578.46,Robinia pseudoacacia,TERCERA,,C\ Valldemossa,False
0134602AR,976.35,525.37,Platanus × acerifolia,EXEMPLAR,,Av Meridiana,True
0134603AR,692.0,833.93,Gleditsia triacanthos,SEGONA,,C\ Garrofers,False
0134604AR,753.09,140.84,Brachychiton populneus,SEGONA,2010-08-25,C\ Vèlia,False
0134605AR,486.58,222.79,Catalpa bignonioides,SEGONA,,C\ Arnau d'Oms,False
0134606AR,309.56,435.54,Platanus × acerifolia,SEGONA,,C\ Deià,True
0134607AR,874.44,163.64,Celtis australis,SEGONA,,Av Meridiana,False
0134608AR,460.87,132.05,Grevillea robusta,PRIMERA,2016-05-27,C\ Arnau d'Oms,False
0134610AR,1001.53,674.92,Celtis australis,SEGONA,,Av Meridiana,False
0134612AR,279.55,944.77,Brachychiton populneus,SEGONA,,Pl República,False
0134613AR,209.76,187.25,Platanus × acerifolia,SEGONA,,C\ Doctor Pi i Molist,True
0134614AR,787.33,959.24,Populus nigra 'Italica',TERCERA,,Av Rio de Janeiro,False
0134615AR,501.17,646.76,Jacaranda mimosifolia,TERCERA,,C\ Pintor Alsamora,False
0134616AR,459.39,96.26,Grevillea robusta,PRIMERA,2016-05-27,C\ Arnau d'Oms,False
0134617AR,754.0,897.0,Platanus × acerifolia,EXEMPLAR,,Av Rio de Janeiro,True
0134619AR,895.59,227.43,Platanus × acerifolia,EXEMPLAR,,Av Meridiana,True
0134620AR,719.6,990.14,Ligustrum lucidum,SEGONA,,C\ Horitzontal,False
0134622AR,433.64,913.61,Ligustrum lucidum,SEGONA,,C\ Garrofers,False
0134624AR,52.75,616.2,Platanus × acerifolia,EXEMPLAR,,C\ Doctor Pi i Molist,True
0134625AR,192.18,230.46,Platanus × acerifolia,TERCERA,,C\ Doctor Pi i Molist,True
0134626AR,996.79,657.69,Celtis australis,SEGONA,,Av Meridiana,False
0134627AR,692.46,1014.61,Grevillea robusta,PRIMERA,2024-10-14,Pg Valldaura,False
0134628AR,395.54,259.5,Pyrus calleryana 'Chanticleer',PRIMERA,2010-12-20,C\ Maladeta,False
0134629AR,666.78,478.48,Tipuana tipu,TERCERA,,Av Rio de Janeiro,False
0134630AR,809.64,467.99,Platanus × acerifolia,TERCERA,,Pg Andreu Nin,True
0134632AR,914.57,1055.4,Brachychiton populneus,TERCERA,,Pg Valldaura,False
0134633AR,675.53,934.54,Ligustrum lucidum,SEGONA,,C\ Horitzontal,False
0134634AR,408.15,832.63,X chitalpa tashkentensis 'minsum' SUMMER BELLS®,PRIMERA,,C\ Selva,False
0134636AR,221.23,407.41,Pyrus calleryana 'Chanticleer',PRIMERA,2023-02-02,C\ Maladeta,False
0134639AR,680.85,236.39,Citrus × aurantium,PRIMERA,,C\ Malgrat,False
0134640AR,126.39,624.45,Celtis australis,TERCERA,,C\ Felanitx,False
0134643AR,778.0,909.0,Platanus × acerifolia,PRIMERA,,Av Rio de Janeiro,True
0134644AR,797.97,950.9,Platanus × acerifolia,TERCERA,,Av Rio de Janeiro,True
0134645AR,655.0,457.0,Casuarina cunninghamiana,EXEMPLAR,,Av Rio de Janeiro,False
0134646AR,654.0,477.0,Celtis australis,EXEMPLAR,,Av Rio de Janeiro,False
0134647AR,750.35,521.82,Jacaranda mimosifolia,SEGONA,,C\ Pintor Alsamora,False
0134648AR,775.78,217.6,Platanus × acerifolia,SEGONA,,Av Rio de Janeiro,True
0134649AR,263.43,321.1,Crataegus x media 'Paul's Scarlet',PRIMERA,,Ptge Porta,False
0134650AR,780.63,811.34,Melia azedarach,EXEMPLAR,,C\ Rosselló i Porcel,False
0134654AR,913.08,347.02,Celtis australis,SEGONA,,Av Meridiana,False
0134655AR,534.34,315.28,Platanus × acerifolia,EXEMPLAR,,C\ Piferrer,True
0134657AR,624.0,849.93,Gleditsia triacanthos,SEGONA,,C\ Garrofers,False
0134658AR,319.59,746.43,Platanus × acerifolia,TERCERA,,C\ Pintor Alsamora,True
0134659AR,469.45,481.4,Robinia pseudoacacia,SEGONA,,C\ Valldemossa,False
0134660AR,901.62,841.42,Celtis australis,EXEMPLAR,,Pg Andreu Nin,False
0134661AR,942.61,457.48,Celtis australis,SEGONA,,Av Meridiana,False
0134662AR,475.43,375.99,Platanus × acerifolia,EXEMPLAR,,Pg Ciutat de Mallorca,True
0134663AR,755.07,215.8,Brachychiton populneus,SEGONA,2014-05-30,C\ Vèlia,False
0134664AR,140.12,615.68,Acer campestre 'Elsrijk',PRIMERA,2023-02-02,C\ Felanitx,False
0134665AR,529.84,333.81,Casuarina cunninghamiana,SEGONA,2018-05-31,C\ Piferrer,False
0134666AR,936.52,891.15,Handroanthus heptaphyllus,PRIMERA,2025-03-27,Pg Andreu Nin,False
0134667AR,702.41,49.05,Platanus × acerifolia,TERCERA,,Pg Fabra i Puig,True
0134668AR,1048.74,1066.98,Platanus × acerifolia,SEGONA,,Pg Valldaura,True
0134669AR,698.73,1015.6,Populus nigra 'Italica',SEGONA,,Pg Valldaura,False
0134670AR,788.51,515.2,Jacaranda mimosifolia,SEGONA,,C\ Pintor Alsamora,False
0134671AR,1094.87,967.35,Platanus × acerifolia,SEGONA,2015-03-31,Av Meridiana,True
0134673AR,339.83,590.14,Melia azedarach,SEGONA,,C\ Escultor Ordóñez,False
0134674AR,964.18,991.97,Handroanthus heptaphyllus,PRIMERA,2025-03-20,Pg Andreu Nin,False
0134675AR,458.35,419.87,Platanus × acerifolia,EXEMPLAR,,C\ Estudiant,True
0134676AR,228.97,911.88,Platanus × acerifolia,EXEMPLAR,,Pg Verdum,True
0134678AR,613.92,423.99,Magnolia grandiflora,SEGONA,,C\ Piferrer,False
0134679AR,870.62,111.1,Platanus × acerifolia,SEGONA,,Av Rio de Janeiro,True
0134680AR,363.61,549.09,Robinia pseudoacacia,SEGONA,,C\ Valldemossa,False
0134682AR,907.93,329.37,Celtis australis,SEGONA,,Av Meridiana,False
0134683AR,1010.46,734.75,X chitalpa tashkentensis 'minsum' SUMMER BELLS®,PRIMERA,2024-12-02,C\ Rosselló i Porcel,False
0134684AR,930.91,520.12,Tilia x euchlora,SEGONA,,C\ Pintor Alsamora,False
0134685AR,665.79,388.66,Populus x canadensis,EXEMPLAR,,Av Rio de Janeiro,False
0134686AR,878.73,219.59,Celtis australis,TERCERA,,Av Meridiana,False
0134687AR,428.12,370.65,Brachychiton populneus,SEGONA,,C\ Estudiant,False
0134688AR,317.01,102.71,Pyrus calleryana 'Chanticleer',SEGONA,2018-02-22,C\ Santanyí,False
0134689AR,1016.76,676.76,Platanus × acerifolia,TERCERA,,Av Meridiana,True
0134690AR,353.9,395.67,Robinia pseudoacacia,SEGONA,2010-02-17,C\ Deià,False
0134691AR,642.73,851.46,Gleditsia triacanthos,SEGONA,,C\ Garrofers,False
0134692AR,781.2,308.35,Platanus × acerifolia,SEGONA,,Pg Andreu Nin,True
0134693AR,509.21,271.33,Platanus × acerifolia,EXEMPLAR,,C\ Piferrer,True
0134695AR,315.35,572.0,Robinia pseudoacacia,SEGONA,,C\ Valldemossa,False
0134696AR,819.39,161.15,Platanus × acerifolia,SEGONA,,Av Rio de Janeiro,True
0134697AR,657.79,477.05,Tipuana tipu,TERCERA,,Av Rio de Janeiro,False
0134698AR,374.24,588.38,Celtis australis,TERCERA,,C\ Casas i Amigó,False
0134700AR,713.66,535.68,Jacaranda mimosifolia,TERCERA,,C\ Pintor Alsamora,False
0134701AR,873.31,539.64,Tilia x europaea,SEGONA,,C\ Pintor Alsamora,False
0134702AR,214.0,176.0,Platanus × acerifolia,SEGONA,,C\ Doctor Pi i Molist,True
0134703AR,198.23,809.19,Platanus × acerifolia,EXEMPLAR,,Pl Jardins d'Alfàbia,True
0134705AR,53.39,596.99,Citrus × aurantium,SEGONA,,C\ Doctor Pi i Molist,False
0134706AR,762.98,158.42,Brachychiton populneus,SEGONA,2010-08-25,C\ Vèlia,False
0134707AR,1075.94,916.06,Celtis sinensis,EXEMPLAR,,Av Meridiana,False
0134708AR,56.8,653.27,Platanus × acerifolia,TERCERA,,Pg Verdum,True
0134709AR,116.5,461.95,Populus alba 'Pyramidalis',TERCERA,,C\ Maladeta,False
0134710AR,270.12,419.16,Jacaranda mimosifolia,PRIMERA,2014-05-21,C\ Escultor Ordóñez,False
0134711AR,77.65,689.77,Platanus × acerifolia,SEGONA,,Pg Verdum,True
0134712AR,943.46,967.05,Catalpa bignonioides,PRIMERA,2022-11-09,Pg Andreu Nin,False
0134713AR,137.64,778.78,Platanus × acerifolia,TERCERA,,Pg Verdum,True
0134714AR,996.78,626.0,Celtis australis,SEGONA,,Av Meridiana,False
0134715AR,634.85,973.91,Platanus × acerifolia,SEGONA,,Plta Avis,True
0134716AR,148.7,598.61,Platanus × acerifolia,SEGONA,,C\ Felanitx,True
0134717AR,801.61,199.61,Platanus × acerifolia,SEGONA,,Av Rio de Janeiro,True
0134718AR,507.35,54.96,Platanus × acerifolia,TERCERA,,Pg Fabra i Puig,True
0134719AR,204.03,336.86,Prunus serrulata 'Kanzan',SEGONA,,C\ Porta,False
0134720AR,281.74,339.02,Prunus cerasifera 'Pissardii',PRIMERA,2023-02-21,Ptge Porta,False
0134721AR,120.79,404.73,Platanus × acerifolia,SEGONA,,C\ Doctor Pi i Molist,True
0134724AR,358.97,541.11,Platanus × acerifolia,TERCERA,,C\ Valldemossa,True
0134725AR,816.14,165.38,Platanus × acerifolia,SEGONA,,Av Rio de Janeiro,True
0134726AR,195.81,854.22,Platanus × acerifolia,TERCERA,,Pg Verdum,True
0134727AR,1083.89,926.7,Platanus × acerifolia,SEGONA,,Av Meridiana,True
0134728AR,816.59,496.11,Platanus × acerifolia,EXEMPLAR,,Pg Andreu Nin,True
0134729AR,147.12,340.51,Platanus × acerifolia,TERCERA,,C\ Doctor Pi i Molist,True
0134732AR,679.79,69.43,Citrus × aurantium,PRIMERA,,C\ Malgrat,False
0134733AR,787.26,809.53,Melia azedarach,TERCERA,,C\ Rosselló i Porcel,False
0134735AR,714.02,758.26,Fraxinus angustifolia 'Raywood',PRIMERA,2018-11-16,Av Rio de Janeiro,False
0134736AR,339.92,318.56,Melia azedarach,EXEMPLAR,,C\ Maladeta,False
0134737AR,79.0,507.0,Platanus × acerifolia,SEGONA,,C\ Doctor Pi i Molist,True
0134738AR,528.58,337.97,Robinia pseudoacacia,SEGONA,,C\ Piferrer,False
0134739AR,528.69,240.36,Tipuana tipu,PRIMERA,,C\ Torrent de Can Piquer,False
0134740AR,897.62,258.23,Celtis australis,SEGONA,,Av Meridiana,False
0134741AR,1010.93,709.74,Celtis australis,SEGONA,,Av Meridiana,False
0134742AR,1083.34,945.64,Celtis sinensis,TERCERA,,Av Meridiana,False
0134744AR,762.09,915.95,Platanus × acerifolia,TERCERA,,Av Rio de Janeiro,True
0134745AR,633.89,979.82,Platanus × acerifolia,SEGONA,,Plta Avis,True
0134747AR,995.0,676.0,Platanus × acerifolia,TERCERA,,Av Meridiana,True
0134748AR,1013.55,721.43,Celtis australis,EXEMPLAR,,Av Meridiana,False
0134749AR,770.48,891.12,Platanus × acerifolia,SEGONA,,Av Rio de Janeiro,True
0134751AR,878.82,120.39,Platanus × acerifolia,EXEMPLAR,,Av Meridiana,True
0134752AR,468.41,233.52,Robinia pseudoacacia,TERCERA,,C\ Piferrer,False
0134754AR,755.49,233.17,Brachychiton populneus,SEGONA,2014-05-30,C\ Vèlia,False
0134755AR,487.93,511.07,Eriobotrya japonica,SEGONA,,C\ Casas i Amigó,False
0134757AR,779.68,302.32,Platanus × acerifolia,TERCERA,,Pg Andreu Nin,True
0134758AR,914.46,858.72,Handroanthus heptaphyllus,PRIMERA,2024-12-30,Pg Andreu Nin,False
0134759AR,472.71,507.84,Tipuana tipu,TERCERA,,C\ Casas i Amigó,False
0134760AR,1085.07,951.24,Celtis sinensis,EXEMPLAR,,Av Meridiana,False
0134761AR,495.91,248.56,Platanus × acerifolia,SEGONA,,C\ Piferrer,True
0134765AR,714.42,766.86,Morus alba,SEGONA,,Av Rio de Janeiro,False
0134766AR,44.16,593.5,Melia azedarach,PRIMERA,2025-01-30,C\ Doctor Pi i Molist,False
0134767AR,650.11,430.11,Casuarina cunninghamiana,TERCERA,,Av Rio de Janeiro,False
0134770AR,1048.99,818.04,Celtis sinensis,SEGONA,,Av Meridiana,False
0134771AR,501.34,180.01,Citrus × aurantium,PRIMERA,2010-06-14,C\ Alella,False
0134774AR,573.94,859.43,Gleditsia triacanthos,PRIMERA,2014-12-04,C\ Garrofers,False
0134775AR,761.22,95.61,Gleditsia triacanthos,PRIMERA,2026-06-15,C\ Vèlia,False
0134776AR,466.58,390.75,Celtis australis,TERCERA,,Pg Ciutat de Mallorca,False
0134777AR,730.35,173.39,Citrus × aurantium,PRIMERA,,C\ Alella,False
0134778AR,483.84,186.26,Citrus × aurantium,PRIMERA,,C\ Alella,False
0134779AR,885.07,211.76,Celtis australis,SEGONA,,Av Meridiana,False
0134780AR,869.42,44.57,Platanus × acerifolia,EXEMPLAR,,Pg Fabra i Puig,True
0134782AR,751.83,95.97,Brachychiton populneus,SEGONA,2010-08-25,C\ Vèlia,False
0134783AR,426.39,730.29,Melia azedarach,TERCERA,,C\ Escultor Ordóñez,False
0134784AR,930.39,867.5,Catalpa bignonioides,PRIMERA,,Pg Andreu Nin,False
0134785AR,247.08,290.0,Prunus cerasifera 'Pissardii',PRIMERA,,C\ Porta,False
0134787AR,287.29,751.93,Platanus × acerifolia,SEGONA,,C\ Pintor Alsamora,True
0134788AR,490.0,367.0,Platanus × acerifolia,SEGONA,,Pg Ciutat de Mallorca,True
0134789AR,125.72,463.67,Casuarina cunninghamiana,PRIMERA,2026-06-19,C\ Maladeta,False
0134790AR,68.27,533.86,Platanus × acerifolia,TERCERA,,C\ Doctor Pi i Molist,True
0134791AR,1042.91,776.23,Platanus × acerifolia,TERCERA,,Av Meridiana,True
0134792AR,129.02,454.31,Populus alba 'Pyramidalis',TERCERA,,C\ Maladeta,False
0134793AR,594.32,408.9,Casuarina cunninghamiana,SEGONA,2014-05-30,C\ Piferrer,False
0134794AR,438.71,57.0,Platanus × acerifolia,TERCERA,,Pg Fabra i Puig,True
0134795AR,872.54,513.17,Tipuana tipu,TERCERA,,C\ Pintor Alsamora,False
0134796AR,673.51,600.65,Fraxinus angustifolia 'Raywood',PRIMERA,2025-10-16,Av Rio de Janeiro,False
0134799AR,1040.46,764.79,Platanus × acerifolia,TERCERA,,Av Meridiana,True
0134802AR,638.2,570.1,Tipuana tipu,TERCERA,,C\ Pintor Alsamora,False
0134803AR,754.09,180.13,Brachychiton populneus,SEGONA,2016-05-18,C\ Vèlia,False
0134806AR,320.06,429.2,Platanus × acerifolia,TERCERA,,C\ Deià,True
0134807AR,603.17,978.66,Platanus × acerifolia,SEGONA,,Plta Avis,True
0134808AR,1070.93,898.87,Celtis sinensis,TERCERA,,Av Meridiana,False
0134809AR,752.47,113.56,Brachychiton populneus,SEGONA,2014-05-30,C\ Vèlia,False
0134811AR,414.82,227.47,Pyrus calleryana 'Chanticleer',PRIMERA,2010-12-20,C\ Maladeta,False
0134812AR,663.78,457.77,Tipuana tipu,SEGONA,,Av Rio de Janeiro,False
0134813AR,703.39,623.7,Populus alba 'Pyramidalis',TERCERA,,Av Rio de Janeiro,False
0134815AR,1027.88,717.66,Platanus × acerifolia,TERCERA,,Av Meridiana,True
0134816AR,230.26,780.39,Platanus × acerifolia,TERCERA,,Pl Jardins d'Alfàbia,True
0134818AR,460.26,111.16,Grevillea robusta,PRIMERA,2025-04-08,C\ Arnau d'Oms,False
0134819AR,601.17,989.46,Platanus × acerifolia,SEGONA,,Plta Avis,True
0134820AR,693.77,749.21,Fraxinus angustifolia 'Raywood',PRIMERA,2025-11-13,Av Rio de Janeiro,False
0134821AR,387.19,584.75,Celtis australis,SEGONA,,C\ Casas i Amigó,False
0134822AR,269.41,438.16,Jacaranda mimosifolia,TERCERA,,C\ Escultor Ordóñez,False
0134824AR,244.41,626.98,Catalpa bignonioides,SEGONA,,C\ Valldemossa,False
0134825AR,254.99,465.9,Robinia pseudoacacia,TERCERA,,C\ Deià,False
0134826AR,554.88,330.13,Brachychiton populneus,SEGONA,,Pg Ciutat de Mallorca,False
0134827AR,939.84,508.78,Robinia pseudoacacia,SEGONA,,C\ Pintor Alsamora,False
0134828AR,317.17,117.59,Pyrus calleryana 'Chanticleer',SEGONA,2010-08-30,C\ Santanyí,False
0134829AR,770.38,318.06,Platanus × acerifolia,SEGONA,,Pg Andreu Nin,True
0134830AR,711.0,752.0,Populus nigra 'Italica',SEGONA,,Av Rio de Janeiro,False
0134831AR,662.47,487.66,Tipuana tipu,TERCERA,,Av Rio de Janeiro,False
0134832AR,976.39,581.14,Celtis australis,SEGONA,,Av Meridiana,False
0134835AR,810.76,46.23,Platanus × acerifolia,SEGONA,,Pg Fabra i Puig,True
0134836AR,931.67,441.26,Platanus × acerifolia,EXEMPLAR,,Av Meridiana,True
0134837AR,145.44,612.6,Platanus × acerifolia,SEGONA,,C\ Felanitx,True
0134838AR,692.24,313.97,Tipuana tipu,SEGONA,,Pg Ciutat de Mallorca,False
0134840AR,627.88,576.69,Tipuana tipu,TERCERA,,C\ Pintor Alsamora,False
0134841AR,793.0,352.67,Platanus × acerifolia,SEGONA,,Pg Andreu Nin,True
0134842AR,495.36,55.34,Platanus × acerifolia,TERCERA,,Pg Fabra i Puig,True
0134843AR,640.42,844.93,Gleditsia triacanthos,PRIMERA,,C\ Garrofers,False
0134844AR,665.44,444.72,Tipuana tipu,SEGONA,,Av Rio de Janeiro,False
0134845AR,526.79,987.84,Grevillea robusta,PRIMERA,2025-05-27,Pg Valldaura,False
0134846AR,323.46,574.48,Robinia pseudoacacia 'Bessoniana',PRIMERA,2017-11-09,C\ Valldemossa,False
0134847AR,260.29,414.06,Jacaranda mimosifolia,TERCERA,,C\ Escultor Ordóñez,False
0134848AR,932.9,876.72,Handroanthus heptaphyllus,PRIMERA,2025-05-13,Pg Andreu Nin,False
0134849AR,641.77,892.51,Ligustrum lucidum,PRIMERA,,C\ Horitzontal,False
0134850AR,881.85,44.06,Platanus × acerifolia,EXEMPLAR,,Pg Fabra i Puig,True
0134851AR,583.41,865.2,Gleditsia triacanthos,SEGONA,,C\ Garrofers,False
0134852AR,235.78,791.16,Platanus × acerifolia,SEGONA,,Pl Jardins d'Alfàbia,True
0134853AR,951.72,512.89,Platanus × acerifolia,TERCERA,,Av Meridiana,True
0134854AR,241.91,788.22,Platanus × acerifolia,PRIMERA,,Pl Jardins d'Alfàbia,True
0134855AR,934.93,396.96,Celtis australis,TERCERA,,Av Meridiana,False
0134856AR,243.24,105.42,Platanus × acerifolia,TERCERA,,C\ Doctor Pi i Molist,True
0134857AR,607.04,853.66,Gleditsia triacanthos,SEGONA,,C\ Garrofers,False
0134858AR,675.38,839.8,Gleditsia triacanthos,SEGONA,,C\ Garrofers,False
0134859AR,648.25,842.01,Gleditsia triacanthos,PRIMERA,,C\ Garrofers,False
0134860AR,801.6,437.45,Platanus × acerifolia,SEGONA,,Pg Andreu Nin,True
0134861AR,587.88,950.19,Melia azedarach,TERCERA,2011-11-02,C\ Escultor Ordóñez,False
0134863AR,292.32,366.21,Melia azedarach,TERCERA,2011-11-02,C\ Maladeta,False
0134867AR,948.33,934.29,Handroanthus heptaphyllus,PRIMERA,2025-05-08,Pg Andreu Nin,False
0134869AR,670.39,460.41,Tipuana tipu,TERCERA,,Av Rio de Janeiro,False
0134871AR,461.13,138.87,Grevillea robusta,PRIMERA,2025-04-08,C\ Arnau d'Oms,False
0134872AR,335.93,889.83,Prunus cerasifera 'Pissardii',SEGONA,,C\ Eduard Tubau,False
0134873AR,451.39,759.72,Melia azedarach,TERCERA,,C\ Escultor Ordóñez,False
0134874AR,105.01,637.89,Platanus × acerifolia,EXEMPLAR,,C\ Felanitx,True
0134875AR,658.96,845.74,Gleditsia triacanthos,SEGONA,,C\ Garrofers,False
0134876AR,691.51,604.81,Fraxinus angustifolia 'Raywood',PRIMERA,2025-10-10,Av Rio de Janeiro,False
0134877AR,455.13,766.4,Melia azedarach,SEGONA,,C\ Escultor Ordóñez,False
0134879AR,118.82,409.89,Platanus × acerifolia,SEGONA,,C\ Doctor Pi i Molist,True
0134880AR,506.2,230.23,Pyrus calleryana 'Chanticleer',PRIMERA,2010-12-21,C\ Torrent de Can Piquer,False
0134881AR,867.82,178.92,Celtis australis,SEGONA,,Av Meridiana,False
0134882AR,856.38,517.11,Tilia x euchlora,SEGONA,2019-10-10,C\ Pintor Alsamora,False
0134883AR,74.74,684.58,Platanus × acerifolia,TERCERA,,Pg Verdum,True
0134884AR,366.84,358.45,Celtis australis,TERCERA,,Ptge Alfonso Lafuente,False
0134885AR,795.8,509.3,Jacaranda mimosifolia,SEGONA,,C\ Pintor Alsamora,False
0134888AR,777.31,518.4,Jacaranda mimosifolia,TERCERA,,C\ Pintor Alsamora,False
0134889AR,698.49,363.67,Melia azedarach,EXEMPLAR,,Av Rio de Janeiro,False
0134890AR,834.15,158.0,Platanus × acerifolia,TERCERA,,Av Rio de Janeiro,True
0134891AR,873.07,151.22,Celtis australis,SEGONA,,Av Meridiana,False
0134893AR,436.24,733.79,Melia azedarach,TERCERA,,C\ Escultor Ordóñez,False
0134894AR,462.64,485.8,Robinia pseudoacacia,TERCERA,,C\ Valldemossa,False
0134895AR,478.93,465.54,Brachychiton populneus,EXEMPLAR,,C\ Valldemossa,False
0134896AR,505.86,844.71,Melia azedarach,TERCERA,2009-02-23,C\ Escultor Ordóñez,False
0134897AR,1049.78,1060.22,Platanus × acerifolia,TERCERA,,Pg Valldaura,True
0134898AR,862.24,524.21,Tilia x europaea,SEGONA,,C\ Pintor Alsamora,False
0134899AR,953.66,519.06,Platanus × acerifolia,SEGONA,,Av Meridiana,True
0134900AR,155.32,800.71,Platanus × acerifolia,TERCERA,,Pg Verdum,True
0134901AR,673.19,431.01,Tipuana tipu,SEGONA,,Av Rio de Janeiro,False
0134902AR,764.46,215.54,Brachychiton populneus,SEGONA,2010-08-25,C\ Vèlia,False
0134904AR,462.36,790.18,Melia azedarach,TERCERA,,C\ Escultor Ordóñez,False
0134905AR,993.44,645.77,Celtis australis,SEGONA,,Av Meridiana,False
0134907AR,660.44,482.4,Tipuana tipu,TERCERA,,Av Rio de Janeiro,False
0134908AR,838.53,124.96,Platanus × acerifolia,SEGONA,,C\ Manuel Sancho,True
0134909AR,819.39,991.01,Platanus × acerifolia,TERCERA,,Av Rio de Janeiro,True
0134910AR,1002.79,680.69,Celtis australis,SEGONA,,Av Meridiana,False
0134911AR,248.0,82.0,Platanus × acerifolia,TERCERA,,C\ Doctor Pi i Molist,True
0134914AR,972.38,1022.25,Handroanthus heptaphyllus,PRIMERA,2025-03-20,Pg Andreu Nin,False
0134916AR,489.88,377.27,Celtis australis,TERCERA,,Pg Ciutat de Mallorca,False
0134917AR,303.92,232.48,Prunus cerasifera 'Pissardii',PRIMERA,2023-02-13,C\ Porta,False
0134918AR,433.18,380.6,Platanus × acerifolia,TERCERA,,C\ Estudiant,True
0134919AR,660.61,497.17,Melia azedarach,SEGONA,2019-01-10,Av Rio de Janeiro,False
0134920AR,724.92,286.65,Populus alba,EXEMPLAR,,Av Rio de Janeiro,False
0134921AR,779.47,514.03,Jacaranda mimosifolia,SEGONA,,C\ Pintor Alsamora,False
0134923AR,1074.88,891.67,Platanus × acerifolia,SEGONA,,Av Meridiana,True
0134924AR,953.29,441.99,Platanus × acerifolia,TERCERA,,Av Meridiana,True
0134925AR,896.93,745.06,Platanus × acerifolia,SEGONA,,Pg Andreu Nin,True
0134926AR,188.19,450.43,Jacaranda mimosifolia,TERCERA,,C\ Andratx,False
0134927AR,744.83,859.32,Melia azedarach,SEGONA,2013-12-17,Av Rio de Janeiro,False
0134928AR,954.8,958.24,Handroanthus heptaphyllus,PRIMERA,2025-03-27,Pg Andreu Nin,False
0134929AR,1032.24,755.17,Celtis australis,TERCERA,,Av Meridiana,False
0134930AR,581.98,230.09,Pyrus calleryana 'Chanticleer',PRIMERA,2010-12-21,C\ Torrent de Can Piquer,False
0134931AR,969.7,582.9,Platanus × acerifolia,TERCERA,,Av Meridiana,True
0134932AR,875.29,170.32,Celtis australis,SEGONA,,Av Meridiana,False
0134933AR,403.7,511.93,Platanus × acerifolia,PRIMERA,,C\ Valldemossa,True
0134934AR,839.34,528.79,Platanus × acerifolia,EXEMPLAR,,Pg Andreu Nin,True
0134935AR,161.31,435.27,Populus alba 'Pyramidalis',TERCERA,,C\ Maladeta,False
0134936AR,852.06,134.85,Platanus × acerifolia,SEGONA,,Av Rio de Janeiro,True
0134937AR,698.61,708.83,Morus alba,PRIMERA,,Av Rio de Janeiro,False
0134938AR,65.74,583.01,Platanus × acerifolia,TERCERA,,C\ Doctor Pi i Molist,True
0134939AR,783.86,921.01,Platanus × acerifolia,SEGONA,,Av Rio de Janeiro,True
0134941AR,798.06,204.33,Platanus × acerifolia,SEGONA,,Av Rio de Janeiro,True
0134942AR,66.87,650.45,Photinia x fraseri 'Red Robin',PRIMERA,2015-02-16,C\ Felanitx,False
0134943AR,768.38,257.97,Platanus × acerifolia,SEGONA,,Pg Andreu Nin,True
0134944AR,742.75,527.6,Jacaranda mimosifolia,SEGONA,,C\ Pintor Alsamora,False
0134946AR,905.11,507.11,Tilia x euchlora,PRIMERA,2025-02-18,C\ Pintor Alsamora,False
0134947AR,454.88,328.37,Handroanthus heptaphyllus,PRIMERA,2025-04-29,C\ Deià,False
0134948AR,433.37,902.85,Ligustrum lucidum,SEGONA,,C\ Garrofers,False
0134951AR,151.2,330.34,Platanus × acerifolia,SEGONA,,C\ Doctor Pi i Molist,True
0134952AR,633.17,985.76,Platanus × acerifolia,SEGONA,,Plta Avis,True
0134953AR,112.28,426.79,Platanus × acerifolia,SEGONA,,C\ Doctor Pi i Molist,True
0134955AR,637.99,257.4,Pyrus calleryana 'Chanticleer',SEGONA,2010-12-21,C\ Torrent de Can Piquer,False
0134956AR,347.56,399.74,Robinia pseudoacacia 'Bessoniana',SEGONA,2011-11-24,C\ Deià,False
0134957AR,649.53,450.58,Tipuana tipu,TERCERA,,Av Rio de Janeiro,False
0134958AR,1111.32,1049.32,Celtis sinensis,EXEMPLAR,,Av Meridiana,False
0134959AR,464.4,399.39,Platanus × acerifolia,SEGONA,,Pg Ciutat de Mallorca,True
0134960AR,676.58,509.37,Ligustrum lucidum,SEGONA,,Av Rio de Janeiro,False
0134962AR,679.86,76.65,Citrus × aurantium,SEGONA,,C\ Malgrat,False
0134963AR,199.14,341.67,Prunus serrulata 'Kanzan',PRIMERA,,C\ Porta,False
0134965AR,656.06,839.14,Gleditsia triacanthos,PRIMERA,,C\ Garrofers,False
0134967AR,602.32,984.73,Platanus × acerifolia,SEGONA,,Plta Avis,True
0134968AR,1090.97,1066.17,Platanus × acerifolia,TERCERA,,Pg Valldaura,True
0134969AR,973.1,569.56,Celtis australis,SEGONA,,Av Meridiana,False
0134970AR,883.69,262.09,Platanus × acerifolia,SEGONA,,Av Meridiana,True
0134971AR,335.47,407.56,Robinia pseudoacacia 'Bessoniana',PRIMERA,2022-01-11,C\ Deià,False
0134972AR,250.02,73.33,Tipuana tipu,TERCERA,,C\ Doctor Pi i Molist,False
0134973AR,265.57,450.98,Gleditsia triacanthos f. inermis,PRIMERA,2025-11-18,C\ Deià,False
0134975AR,706.78,355.55,Melia azedarach,EXEMPLAR,,Av Rio de Janeiro,False
0134976AR,446.3,400.81,Tipuana tipu,SEGONA,2010-03-10,C\ Estudiant,False
0134978AR,598.15,595.86,Jacaranda mimosifolia,SEGONA,,C\ Pintor Alsamora,False
0134979AR,978.02,1043.71,Catalpa bignonioides,TERCERA,,Pg Andreu Nin,False
0134981AR,439.57,390.93,Platanus × acerifolia,TERCERA,,C\ Estudiant,True
0134982AR,949.95,507.08,Platanus × acerifolia,SEGONA,,Av Meridiana,True
0134983AR,910.66,793.55,Catalpa bignonioides,PRIMERA,2022-11-09,Pg Andreu Nin,False
0134984AR,355.74,407.34,Platanus × acerifolia,TERCERA,,C\ Deià,True
0134985AR,809.38,189.83,Platanus × acerifolia,SEGONA,,Av Rio de Janeiro,True
0134986AR,378.41,539.67,Robinia pseudoacacia,TERCERA,,C\ Valldemossa,False
0134987AR,882.84,83.29,Platanus × acerifolia,SEGONA,,Av Rio de Janeiro,True
0134988AR,761.91,122.24,Brachychiton populneus,SEGONA,2010-08-25,C\ Vèlia,False
0134990AR,1020.0,689.04,Platanus × acerifolia,SEGONA,,Av Meridiana,True
0134991AR,205.63,869.82,Platanus × acerifolia,SEGONA,2008-12-05,Pg Verdum,True
0134992AR,961.38,982.66,Handroanthus heptaphyllus,PRIMERA,2025-03-20,Pg Andreu Nin,False
0134993AR,661.83,462.15,Tipuana tipu,SEGONA,,Av Rio de Janeiro,False
0134994AR,521.5,882.51,Melia azedarach,PRIMERA,2025-02-18,C\ Escultor Ordóñez,False
0134995AR,566.68,867.82,Gleditsia triacanthos,SEGONA,,C\ Garrofers,False
0134999AR,745.59,179.04,Citrus × aurantium,PRIMERA,,C\ Alella,False
0135002AR,645.98,181.75,Citrus × aurantium,PRIMERA,,C\ Alella,False
0135003AR,243.72,464.67,Robinia pseudoacacia,TERCERA,,C\ Deià,False
0135004AR,419.81,970.53,Populus nigra 'Italica',SEGONA,,Pg Valldaura,False
0135005AR,363.99,610.61,Melia azedarach,EXEMPLAR,,C\ Escultor Ordóñez,False
0135006AR,966.86,1002.09,Handroanthus heptaphyllus,PRIMERA,2025-03-20,Pg Andreu Nin,False
0135007AR,546.11,912.1,Melia azedarach,EXEMPLAR,,C\ Escultor Ordóñez,False
0135008AR,783.14,516.68,Jacaranda mimosifolia,SEGONA,,C\ Pintor Alsamora,False
0135009AR,432.22,727.26,Melia azedarach,TERCERA,,C\ Escultor Ordóñez,False
0135010AR,421.26,917.98,Ligustrum lucidum,SEGONA,,C\ Garrofers,False
0135011AR,974.11,519.17,Platanus × acerifolia,TERCERA,,Av Meridiana,True
0135012AR,861.62,155.55,Celtis australis,SEGONA,,Av Meridiana,False
0135013AR,804.41,46.44,Platanus × acerifolia,TERCERA,,Pg Fabra i Puig,True
0135014AR,706.47,634.79,Populus alba 'Pyramidalis',TERCERA,,Av Rio de Janeiro,False
0135015AR,230.07,137.89,Platanus × acerifolia,TERCERA,,C\ Doctor Pi i Molist,True
0135016AR,1037.22,753.48,Platanus × acerifolia,TERCERA,,Av Meridiana,True
0135017AR,751.14,76.76,Brachychiton populneus,PRIMERA,2024-10-02,C\ Vèlia,False
0135018AR,901.95,508.08,Tilia x europaea,SEGONA,,C\ Pintor Alsamora,False
0135019AR,922.45,381.7,Celtis australis,SEGONA,,Av Meridiana,False
0135021AR,993.57,614.79,Celtis australis,SEGONA,,Av Meridiana,False
0135022AR,976.69,1038.27,Catalpa bignonioides,TERCERA,,Pg Andreu Nin,False
0135023AR,487.0,260.0,Casuarina cunninghamiana,PRIMERA,2026-06-25,C\ Piferrer,False
0135024AR,434.01,340.98,Handroanthus heptaphyllus,PRIMERA,2025-04-29,C\ Deià,False
0135026AR,155.3,438.82,Casuarina cunninghamiana,PRIMERA,2026-06-19,C\ Maladeta,False
0135027AR,659.98,448.15,Casuarina cunninghamiana,EXEMPLAR,,Av Rio de Janeiro,False
0135028AR,1004.0,686.0,Celtis australis,TERCERA,,Av Meridiana,False
0135029AR,340.16,416.58,Platanus × acerifolia,TERCERA,,C\ Deià,True
0135030AR,704.06,534.5,Jacaranda mimosifolia,SEGONA,,C\ Pintor Alsamora,False
0135031AR,496.45,819.41,Melia azedarach,TERCERA,,C\ Escultor Ordóñez,False
0135032AR,768.02,517.15,Jacaranda mimosifolia,TERCERA,,C\ Pintor Alsamora,False
0135034AR,197.57,467.56,Jacaranda mimosifolia,SEGONA,,C\ Andratx,False
0135036AR,153.54,324.51,Platanus × acerifolia,SEGONA,,C\ Doctor Pi i Molist,True
0135037AR,819.53,176.47,Platanus × acerifolia,SEGONA,,Av Rio de Janeiro,True
0135038AR,704.82,629.01,Populus alba 'Pyramidalis',SEGONA,,Av Rio de Janeiro,False
0135039AR,608.0,860.0,Gleditsia triacanthos,SEGONA,,C\ Garrofers,False
0135040AR,922.59,406.63,Platanus × acerifolia,TERCERA,,Av Meridiana,True
0135041AR,211.45,789.63,Platanus × acerifolia,TERCERA,,Pl Jardins d'Alfàbia,True
0135043AR,701.05,726.79,Morus alba,SEGONA,,Av Rio de Janeiro,False
0135044AR,421.8,928.41,Ligustrum lucidum,SEGONA,,C\ Garrofers,False
0264395AR,113.36,498.74,Pyrus calleryana 'Chanticleer',PRIMERA,2026-03-05,C\ Alcúdia,False
0264396AR,111.39,504.21,Pyrus calleryana 'Chanticleer',PRIMERA,2018-02-14,C\ Alcúdia,False
0264397AR,117.06,504.97,Pyrus calleryana 'Chanticleer',PRIMERA,2026-03-05,C\ Alcúdia,False
0264398AR,124.52,517.52,Pyrus calleryana 'Chanticleer',SEGONA,2018-02-14,C\ Alcúdia,False
0264399AR,125.94,528.72,Pyrus calleryana 'Chanticleer',SEGONA,2018-02-14,C\ Alcúdia,False
0264400AR,107.44,497.99,Pyrus calleryana 'Chanticleer',PRIMERA,2018-02-14,C\ Alcúdia,False
0264401AR,128.16,523.49,Pyrus calleryana 'Chanticleer',PRIMERA,2023-01-10,C\ Alcúdia,False
0264402AR,122.34,522.61,Pyrus calleryana 'Chanticleer',PRIMERA,2023-01-10,C\ Alcúdia,False
0264403AR,114.89,510.21,Pyrus calleryana 'Chanticleer',PRIMERA,2018-02-14,C\ Alcúdia,False
0264409AR,356.41,618.6,Melia azedarach,SEGONA,,C\ Escultor Ordóñez,False
0264416AR,117.05,480.85,Melia azedarach,SEGONA,,C\ Maladeta,False
0264514AR,349.99,608.64,Melia azedarach,EXEMPLAR,,C\ Escultor Ordóñez,False
0264559AR,122.93,482.55,Melia azedarach,TERCERA,,C\ Maladeta,False
0264568AR,342.98,596.09,Melia azedarach,EXEMPLAR,,C\ Escultor Ordóñez,False
0264685AR,119.29,474.02,Melia azedarach,SEGONA,,C\ Maladeta,False
0288546AR,225.96,695.72,Jacaranda mimosifolia,SEGONA,,C\ Alcúdia,False
0288547AR,222.22,689.13,Jacaranda mimosifolia,SEGONA,,C\ Alcúdia,False
0288548AR,218.44,682.59,Jacaranda mimosifolia,TERCERA,,C\ Alcúdia,False
0288549AR,211.14,670.0,Jacaranda mimosifolia,SEGONA,,C\ Alcúdia,False
0288550AR,207.56,663.92,Jacaranda mimosifolia,SEGONA,,C\ Alcúdia,False
0288551AR,203.85,657.84,Jacaranda mimosifolia,SEGONA,,C\ Alcúdia,False
0288552AR,214.67,676.38,Jacaranda mimosifolia,SEGONA,,C\ Alcúdia,False
0288553AR,260.11,751.91,Jacaranda mimosifolia,TERCERA,,C\ Alcúdia,False
0288554AR,256.55,746.32,Jacaranda mimosifolia,SEGONA,,C\ Alcúdia,False
0288555AR,252.83,739.79,Jacaranda mimosifolia,TERCERA,,C\ Alcúdia,False
0288556AR,248.99,733.46,Jacaranda mimosifolia,PRIMERA,2026-06-12,C\ Alcúdia,False
0288557AR,245.39,727.28,Jacaranda mimosifolia,PRIMERA,2021-06-02,C\ Alcúdia,False
0288558AR,241.87,721.14,Jacaranda mimosifolia,SEGONA,,C\ Alcúdia,False
0288559AR,238.08,715.07,Jacaranda mimosifolia,TERCERA,,C\ Alcúdia,False
0288560AR,301.38,820.15,Jacaranda mimosifolia,TERCERA,,C\ Alcúdia,False
0288561AR,297.56,813.5,Jacaranda mimosifolia,SEGONA,,C\ Alcúdia,False
0288562AR,293.98,807.5,Jacaranda mimosifolia,SEGONA,,C\ Alcúdia,False
0288563AR,282.68,789.01,Jacaranda mimosifolia,PRIMERA,2019-05-23,C\ Alcúdia,False
0288564AR,286.02,794.6,Jacaranda mimosifolia,PRIMERA,2026-06-12,C\ Alcúdia,False
0288565AR,290.11,801.16,Jacaranda mimosifolia,TERCERA,,C\ Alcúdia,False
0288566AR,335.75,876.69,Jacaranda mimosifolia,SEGONA,,C\ Alcúdia,False
0288567AR,332.12,870.94,Jacaranda mimosifolia,SEGONA,,C\ Alcúdia,False
0288568AR,328.48,864.56,Jacaranda mimosifolia,SEGONA,,C\ Alcúdia,False
0288569AR,321.12,852.82,Jacaranda mimosifolia,PRIMERA,2013-05-24,C\ Alcúdia,False
0288570AR,317.59,846.73,Jacaranda mimosifolia,SEGONA,2013-08-28,C\ Alcúdia,False
0288571AR,313.79,840.55,Jacaranda mimosifolia,PRIMERA,2024-11-30,C\ Alcúdia,False
0288572AR,269.8,757.3,Jacaranda mimosifolia,TERCERA,,C\ Alcúdia,False
0288575AR,238.48,706.55,Jacaranda mimosifolia,SEGONA,,C\ Alcúdia,False
0288883AR,101.18,510.17,Eugenia uniflora,PRIMERA,,C\ Doctor Pi i Molist,False
0288884AR,98.53,516.95,Populus alba 'Pyramidalis',TERCERA,,C\ Doctor Pi i Molist,False
0288885AR,103.59,503.8,Populus alba 'Pyramidalis',SEGONA,,C\ Doctor Pi i Molist,False
0288903AR,428.87,562.44,Grevillea robusta,SEGONA,,C\ Brossa,False
0288904AR,433.66,569.58,Grevillea robusta,SEGONA,,C\ Brossa,False
0288906AR,444.15,584.34,Grevillea robusta,TERCERA,,C\ Brossa,False
0288907AR,444.37,671.22,Jacaranda mimosifolia,TERCERA,,C\ Pintor Alsamora,False
0288908AR,427.11,678.32,Jacaranda mimosifolia,SEGONA,,C\ Pintor Alsamora,False
0288909AR,449.58,591.83,Grevillea robusta,TERCERA,,C\ Brossa,False
0288910AR,454.29,598.7,Grevillea robusta,TERCERA,,C\ Brossa,False
0288911AR,459.25,605.58,Grevillea robusta,SEGONA,,C\ Brossa,False
0288912AR,465.31,614.41,Grevillea robusta,TERCERA,,C\ Brossa,False
0288913AR,469.99,621.66,Grevillea robusta,TERCERA,,C\ Brossa,False
0288914AR,474.49,628.68,Grevillea robusta,PRIMERA,2025-05-13,C\ Brossa,False
0288915AR,479.19,636.19,Grevillea robusta,TERCERA,,C\ Brossa,False
0288916AR,483.22,642.77,Grevillea robusta,SEGONA,,C\ Brossa,False
0288917AR,457.09,613.58,Grevillea robusta,SEGONA,,C\ Brossa,False
0288918AR,471.73,636.41,Grevillea robusta,SEGONA,,C\ Brossa,False
0288919AR,466.99,628.96,Grevillea robusta,SEGONA,,C\ Brossa,False
0288920AR,476.37,643.84,Grevillea robusta,TERCERA,,C\ Brossa,False
0288921AR,452.18,606.48,Grevillea robusta,TERCERA,,C\ Brossa,False
0288922AR,461.35,664.06,Jacaranda mimosifolia,SEGONA,,C\ Pintor Alsamora,False
0288923AR,469.42,660.16,Jacaranda mimosifolia,TERCERA,,C\ Pintor Alsamora,False
0288924AR,452.58,667.54,Jacaranda mimosifolia,SEGONA,,C\ Pintor Alsamora,False
0288925AR,435.91,674.73,Jacaranda mimosifolia,PRIMERA,2021-06-02,C\ Pintor Alsamora,False
0289545AR,359.45,582.4,Melia azedarach,SEGONA,,C\ Escultor Ordóñez,False
0289546AR,404.24,557.43,Tipuana tipu,SEGONA,,C\ Casas i Amigó,False
0289547AR,409.33,553.68,Tipuana tipu,TERCERA,,C\ Casas i Amigó,False
0289548AR,394.94,567.07,Acer campestre 'Elsrijk',PRIMERA,2026-09-30,C\ Casas i Amigó,False
0289549AR,381.84,570.91,Populus nigra 'Italica',EXEMPLAR,,C\ Casas i Amigó,False
0289550AR,372.05,580.38,Tipuana tipu,SEGONA,,C\ Casas i Amigó,False
0289551AR,387.71,571.46,Acer campestre 'Elsrijk',PRIMERA,2026-09-30,C\ Casas i Amigó,False
0289763AR,790.68,794.89,Jacaranda mimosifolia,SEGONA,,C\ Rosselló i Porcel,False
0289764AR,780.84,797.53,Jacaranda mimosifolia,SEGONA,,C\ Rosselló i Porcel,False
0289765AR,770.75,800.17,Jacaranda mimosifolia,SEGONA,,C\ Rosselló i Porcel,False
0289766AR,761.66,802.96,Jacaranda mimosifolia,SEGONA,,C\ Rosselló i Porcel,False
0289767AR,752.31,805.5,Jacaranda mimosifolia,TERCERA,,C\ Rosselló i Porcel,False
0289777AR,713.19,685.99,Populus alba 'Pyramidalis',SEGONA,,Av Rio de Janeiro,False
0289778AR,714.95,692.58,Populus alba 'Pyramidalis',SEGONA,,Av Rio de Janeiro,False
0289779AR,716.71,699.27,Populus alba 'Pyramidalis',SEGONA,,Av Rio de Janeiro,False
0289780AR,718.54,705.92,Populus alba 'Pyramidalis',SEGONA,,Av Rio de Janeiro,False
0289781AR,720.53,713.24,Fraxinus angustifolia 'Raywood',PRIMERA,2025-10-21,Av Rio de Janeiro,False
0289782AR,722.5,720.2,Populus alba 'Pyramidalis',SEGONA,,Av Rio de Janeiro,False
0289783AR,724.52,726.57,Populus alba 'Pyramidalis',SEGONA,,Av Rio de Janeiro,False
0289785AR,748.86,795.15,Fraxinus angustifolia 'Raywood',PRIMERA,2025-11-13,Av Rio de Janeiro,False
0289787AR,744.83,781.43,Fraxinus angustifolia 'Raywood',PRIMERA,2018-11-19,Av Rio de Janeiro,False
0289788AR,743.54,774.87,Populus alba 'Pyramidalis',SEGONA,,Av Rio de Janeiro,False
0289789AR,742.4,767.62,Populus alba 'Pyramidalis',SEGONA,,Av Rio de Janeiro,False
0289790AR,740.35,761.56,Fraxinus angustifolia 'Raywood',PRIMERA,2025-10-21,Av Rio de Janeiro,False
0289791AR,738.62,754.4,Fraxinus angustifolia 'Raywood',PRIMERA,2025-10-21,Av Rio de Janeiro,False
0289792AR,736.94,747.42,Populus alba 'Pyramidalis',SEGONA,,Av Rio de Janeiro,False
0289794AR,733.33,733.63,Fraxinus angustifolia 'Raywood',PRIMERA,2025-11-13,Av Rio de Janeiro,False
0289795AR,731.56,727.52,Populus alba 'Pyramidalis',SEGONA,,Av Rio de Janeiro,False
0289796AR,729.72,720.78,Populus alba 'Pyramidalis',SEGONA,,Av Rio de Janeiro,False
0289797AR,727.46,713.24,Fraxinus angustifolia 'Raywood',PRIMERA,2025-10-21,Av Rio de Janeiro,False
0289798AR,725.28,706.71,Populus alba 'Pyramidalis',SEGONA,,Av Rio de Janeiro,False
0289799AR,723.75,699.93,Fraxinus angustifolia,PRIMERA,2019-01-10,Av Rio de Janeiro,False
0289800AR,721.49,693.03,Fraxinus angustifolia 'Raywood',PRIMERA,2025-10-21,Av Rio de Janeiro,False
0290139AR,457.14,803.19,Tipuana tipu,PRIMERA,2013-05-28,C\ Escultor Ordóñez,False
0290140AR,464.78,800.99,Tipuana tipu,TERCERA,,C\ Escultor Ordóñez,False
0290141AR,440.49,814.68,Tipuana tipu,SEGONA,,C\ Eduard Tubau,False
0290142AR,445.96,813.61,Celtis australis,TERCERA,,C\ Eduard Tubau,False
0290143AR,445.17,805.06,Tipuana tipu,TERCERA,,C\ Escultor Ordóñez,False
0290144AR,451.03,804.88,Tipuana tipu,TERCERA,,C\ Escultor Ordóñez,False
0290623AR,269.42,457.08,Robinia pseudoacacia,TERCERA,,C\ Deià,False
0290624AR,261.32,461.54,Gleditsia triacanthos f. inermis,PRIMERA,2025-11-18,C\ Deià,False
0290625AR,725.08,997.02,Ligustrum lucidum,SEGONA,,C\ Horitzontal,False
0290627AR,386.96,659.8,Melia azedarach,TERCERA,,C\ Escultor Ordóñez,False
0290628AR,391.25,667.25,Melia azedarach,TERCERA,,C\ Escultor Ordóñez,False
0290629AR,382.64,651.43,Melia azedarach,SEGONA,,C\ Escultor Ordóñez,False
0290630AR,378.99,644.78,Melia azedarach,SEGONA,,C\ Escultor Ordóñez,False
0290631AR,362.75,267.98,Pyrus calleryana 'Chanticleer',SEGONA,,C\ Alloza,False
0290632AR,350.97,258.42,Pyrus calleryana 'Chanticleer',PRIMERA,2024-11-25,C\ Alloza,False
0290633AR,357.05,263.4,Pyrus calleryana 'Chanticleer',SEGONA,,C\ Alloza,False
0290634AR,346.18,254.56,Pyrus calleryana 'Chanticleer',SEGONA,,C\ Alloza,False
0290636AR,233.11,165.38,Pyrus calleryana 'Chanticleer',PRIMERA,,C\ Alloza,False
0290637AR,227.99,161.36,Pyrus calleryana 'Chanticleer',PRIMERA,,C\ Alloza,False
0290638AR,340.87,250.27,Pyrus calleryana 'Chanticleer',SEGONA,,C\ Alloza,False
0290639AR,335.51,245.92,Pyrus calleryana 'Chanticleer',SEGONA,,C\ Alloza,False
0290640AR,329.35,240.96,Pyrus calleryana 'Chanticleer',SEGONA,,C\ Alloza,False
0290641AR,322.05,235.14,Pyrus calleryana 'Chanticleer',SEGONA,,C\ Alloza,False
0290642AR,317.84,231.8,Pyrus calleryana 'Chanticleer',SEGONA,,C\ Alloza,False
0290713AR,620.52,176.61,Citrus × aurantium,PRIMERA,,C\ Alella,False
0291853AR,310.07,834.51,Jacaranda mimosifolia,TERCERA,,C\ Alcúdia,False
0292446AR,443.8,901.08,Ligustrum lucidum,SEGONA,,C\ Garrofers,False
0292447AR,438.62,896.46,Ligustrum lucidum,SEGONA,,C\ Garrofers,False
0292448AR,293.14,949.65,Populus nigra 'Italica',PRIMERA,2014-11-07,Pg Valldaura,False
0292456AR,376.68,933.34,Celtis australis,EXEMPLAR,,C\ Alcúdia,False
0292457AR,371.93,926.41,Jacaranda mimosifolia,SEGONA,,C\ Alcúdia,False
0292460AR,225.0,433.62,Cupressus sempervirens,PRIMERA,,C\ Andratx,False
0292461AR,248.08,469.83,Robinia pseudoacacia,SEGONA,,C\ Deià,False
0292889AR,392.82,656.49,Melia azedarach,SEGONA,,C\ Escultor Ordóñez,False
0292890AR,397.03,664.34,Melia azedarach,TERCERA,,C\ Escultor Ordóñez,False
0292891AR,401.44,671.73,Melia azedarach,EXEMPLAR,,C\ Escultor Ordóñez,False
0292892AR,461.71,620.6,Grevillea robusta,TERCERA,,C\ Brossa,False
0292953AR,735.73,849.84,Platanus × acerifolia,TERCERA,,Av Rio de Janeiro,True
0298162AR,144.94,760.84,Pyrus calleryana 'Chanticleer',PRIMERA,,C\ Formentor,False
0298163AR,152.04,756.98,Pyrus calleryana 'Chanticleer',PRIMERA,,C\ Formentor,False
0298164AR,158.82,753.23,Pyrus calleryana 'Chanticleer',PRIMERA,,C\ Formentor,False
0298165AR,165.72,749.48,Pyrus calleryana 'Chanticleer',SEGONA,,C\ Formentor,False
0298166AR,174.26,744.63,Pyrus calleryana 'Chanticleer',PRIMERA,,C\ Formentor,False
0298167AR,181.45,741.19,Pyrus calleryana 'Chanticleer',SEGONA,,C\ Formentor,False
0298168AR,188.53,737.19,Pyrus calleryana 'Chanticleer',SEGONA,,C\ Formentor,False
0298169AR,195.68,733.25,Pyrus calleryana 'Chanticleer',SEGONA,,C\ Formentor,False
0298170AR,206.85,726.9,Pyrus calleryana 'Chanticleer',SEGONA,,C\ Formentor,False
0298171AR,216.29,721.87,Pyrus calleryana 'Chanticleer',PRIMERA,,C\ Formentor,False
0298172AR,223.69,718.31,Pyrus calleryana 'Chanticleer',PRIMERA,,C\ Formentor,False
0298173AR,220.17,711.67,Pyrus calleryana 'Chanticleer',PRIMERA,,C\ Formentor,False
0298174AR,212.45,715.71,Pyrus calleryana 'Chanticleer',PRIMERA,,C\ Formentor,False
0298175AR,203.45,720.67,Pyrus calleryana 'Chanticleer',SEGONA,,C\ Formentor,False
0298176AR,192.05,726.95,Pyrus calleryana 'Chanticleer',SEGONA,,C\ Formentor,False
0298177AR,184.85,730.83,Pyrus calleryana 'Chanticleer',SEGONA,,C\ Formentor,False
0298178AR,177.77,734.87,Pyrus calleryana 'Chanticleer',SEGONA,,C\ Formentor,False
0298179AR,170.72,738.83,Pyrus calleryana 'Chanticleer',SEGONA,,C\ Formentor,False
0298180AR,164.18,742.35,Pyrus calleryana 'Chanticleer',SEGONA,,C\ Formentor,False
0298181AR,156.55,746.48,Pyrus calleryana 'Chanticleer',SEGONA,,C\ Formentor,False
0304555AR,310.18,952.26,Grevillea robusta,PRIMERA,2022-09-20,Pg Valldaura,False
0304556AR,312.0,828.8,Jacaranda mimosifolia,TERCERA,,C\ Alcúdia,False
0304558AR,330.38,546.44,Populus nigra 'Italica',EXEMPLAR,,C\ Escultor Ordóñez,False
0304561AR,318.5,528.08,Fraxinus angustifolia 'Raywood',PRIMERA,2025-11-13,C\ Escultor Ordóñez,False
0304563AR,307.39,509.78,Populus nigra 'Italica',SEGONA,,C\ Escultor Ordóñez,False
0304564AR,310.79,516.05,Fraxinus angustifolia 'Raywood',PRIMERA,2017-11-09,C\ Escultor Ordóñez,False
0304565AR,303.53,503.73,Populus nigra 'Italica',SEGONA,,C\ Escultor Ordóñez,False
0304566AR,299.88,497.94,Fraxinus angustifolia 'Raywood',PRIMERA,2023-02-13,C\ Escultor Ordóñez,False
0304567AR,295.6,491.61,Populus nigra 'Italica',SEGONA,,C\ Escultor Ordóñez,False
0304568AR,291.82,485.78,Populus nigra 'Italica',SEGONA,,C\ Escultor Ordóñez,False
0304569AR,288.16,479.68,Populus nigra 'Italica',SEGONA,,C\ Escultor Ordóñez,False
0304572AR,276.87,461.99,Populus nigra 'Italica',SEGONA,,C\ Escultor Ordóñez,False
0304592AR,286.6,369.07,Melia azedarach,TERCERA,,C\ Maladeta,False
0304652AR,502.84,983.99,Grevillea robusta,PRIMERA,2018-05-23,Pg Valldaura,False
0304653AR,360.42,625.81,Melia azedarach,SEGONA,,C\ Escultor Ordóñez,False
0304654AR,353.0,613.0,Melia azedarach,SEGONA,,C\ Escultor Ordóñez,False
0304655AR,346.63,602.12,Melia azedarach,EXEMPLAR,,C\ Escultor Ordóñez,False
0304656AR,345.43,586.64,Melia azedarach,SEGONA,,C\ Escultor Ordóñez,False
0304657AR,341.18,579.46,Tipuana tipu,SEGONA,,C\ Escultor Ordóñez,False
0304662AR,948.85,986.69,Handroanthus heptaphyllus,PRIMERA,2024-12-30,Pg Andreu Nin,False
0304663AR,1002.61,1059.79,Catalpa bignonioides,PRIMERA,2017-05-22,Pg Valldaura,False
0304687AR,885.16,503.23,Tilia x europaea,SEGONA,,C\ Pintor Alsamora,False
0304688AR,880.45,509.95,Tilia x europaea,SEGONA,,C\ Pintor Alsamora,False
0304814AR,706.24,734.99,Populus nigra 'Italica',SEGONA,,Av Rio de Janeiro,False
0304995AR,458.95,70.17,Koelreuteria paniculata 'Fastigiata',PRIMERA,2017-05-22,C\ Arnau d'Oms,False
0307609AR,429.0,207.0,Pyrus calleryana 'Chanticleer',PRIMERA,,C\ Maladeta,False
0307610AR,428.95,199.52,Pyrus calleryana 'Chanticleer',PRIMERA,,C\ Maladeta,False
0307611AR,428.78,191.51,Pyrus calleryana 'Chanticleer',PRIMERA,,C\ Maladeta,False
0307612AR,418.17,188.01,Pyrus calleryana 'Chanticleer',PRIMERA,,C\ Alella,False
0307613AR,408.63,188.18,Pyrus calleryana 'Chanticleer',PRIMERA,,C\ Alella,False
0307614AR,399.1,188.31,Pyrus calleryana 'Chanticleer',SEGONA,,C\ Alella,False
0307615AR,389.47,188.87,Pyrus calleryana 'Chanticleer',SEGONA,,C\ Alella,False
0307616AR,380.0,189.16,Pyrus calleryana 'Chanticleer',SEGONA,,C\ Alella,False
0307617AR,369.75,189.42,Pyrus calleryana 'Chanticleer',SEGONA,,C\ Alella,False
0307618AR,359.93,189.85,Pyrus calleryana 'Chanticleer',PRIMERA,,C\ Alella,False
0307619AR,350.01,190.24,Pyrus calleryana 'Chanticleer',SEGONA,,C\ Alella,False
0307620AR,339.86,190.43,Pyrus calleryana 'Chanticleer',PRIMERA,,C\ Alella,False
0307621AR,330.47,190.69,Pyrus calleryana 'Chanticleer',PRIMERA,,C\ Alella,False
0311481AR,278.95,782.89,Jacaranda mimosifolia,PRIMERA,2024-11-30,C\ Alcúdia,False
0311483AR,351.78,958.88,Grevillea robusta,PRIMERA,2022-09-20,Pg Valldaura,False
0311496AR,303.31,586.99,Robinia pseudoacacia,TERCERA,,C\ Valldemossa,False
0311497AR,295.45,591.75,Robinia pseudoacacia,TERCERA,,C\ Valldemossa,False
0314475AR,756.98,268.26,Platanus × acerifolia,SEGONA,,Pg Andreu Nin,True
0316996AR,201.28,315.43,Eugenia uniflora,PRIMERA,,C\ Escultor Ordóñez,False
0316997AR,230.92,363.97,Eugenia uniflora,PRIMERA,,C\ Escultor Ordóñez,False
0316998AR,238.6,353.67,Pyrus calleryana 'Chanticleer',PRIMERA,,C\ Escultor Ordóñez,False
0316999AR,234.4,347.02,Pyrus calleryana 'Chanticleer',PRIMERA,,C\ Escultor Ordóñez,False
0317000AR,226.2,333.06,Pyrus calleryana 'Chanticleer',PRIMERA,,C\ Escultor Ordóñez,False
0317001AR,226.38,356.55,Eugenia uniflora,PRIMERA,,C\ Escultor Ordóñez,False
0317002AR,234.76,370.26,Eugenia uniflora,PRIMERA,,C\ Escultor Ordóñez,False
0317003AR,238.86,377.16,Eugenia uniflora,PRIMERA,,C\ Escultor Ordóñez,False
0317004AR,192.98,301.72,Eugenia uniflora,PRIMERA,,C\ Escultor Ordóñez,False
0317005AR,196.93,285.31,Pyrus calleryana 'Chanticleer',PRIMERA,,C\ Escultor Ordóñez,False
0317006AR,247.16,367.21,Pyrus calleryana 'Chanticleer',PRIMERA,,C\ Escultor Ordóñez,False
0317007AR,184.69,288.1,Eugenia uniflora,PRIMERA,,C\ Escultor Ordóñez,False
0317008AR,201.13,292.33,Pyrus calleryana 'Chanticleer',PRIMERA,,C\ Escultor Ordóñez,False
0317009AR,218.08,342.93,Eugenia uniflora,PRIMERA,,C\ Escultor Ordóñez,False
0317010AR,222.28,349.74,Eugenia uniflora,PRIMERA,,C\ Escultor Ordóñez,False
0317011AR,242.88,360.48,Pyrus calleryana 'Chanticleer',PRIMERA,,C\ Escultor Ordóñez,False
0317012AR,230.31,339.86,Pyrus calleryana 'Chanticleer',SEGONA,,C\ Escultor Ordóñez,False
0317013AR,197.17,308.62,Eugenia uniflora,PRIMERA,,C\ Escultor Ordóñez,False
0317014AR,192.84,278.57,Pyrus calleryana 'Chanticleer',PRIMERA,,C\ Escultor Ordóñez,False
0317015AR,180.76,281.46,Eugenia uniflora,PRIMERA,,C\ Escultor Ordóñez,False
0317016AR,221.38,326.0,Pyrus calleryana 'Chanticleer',PRIMERA,,C\ Escultor Ordóñez,False
0317017AR,209.44,306.06,Pyrus calleryana 'Chanticleer',PRIMERA,,C\ Escultor Ordóñez,False
0317018AR,213.98,312.9,Pyrus calleryana 'Chanticleer',PRIMERA,,C\ Escultor Ordóñez,False
0317019AR,205.17,299.07,Pyrus calleryana 'Chanticleer',PRIMERA,,C\ Escultor Ordóñez,False
0317020AR,188.97,294.82,Eugenia uniflora,PRIMERA,,C\ Escultor Ordóñez,False
0317021AR,205.38,321.89,Eugenia uniflora,PRIMERA,,C\ Escultor Ordóñez,False
0317022AR,213.89,335.94,Eugenia uniflora,PRIMERA,,C\ Escultor Ordóñez,False
0317228AR,784.53,953.83,Melia azedarach,SEGONA,2023-01-17,Av Rio de Janeiro,False
0319122AR,188.95,271.98,Pyrus calleryana 'Chanticleer',PRIMERA,,C\ Escultor Ordóñez,False
0322205AR,298.34,466.66,Celtis australis,SEGONA,,C\ Escultor Ordóñez,False
0322206AR,295.49,461.58,Celtis australis,SEGONA,,C\ Escultor Ordóñez,False
0323580AR,169.32,586.45,Pyrus calleryana 'Chanticleer',PRIMERA,,C\ Alcúdia,False
0323582AR,178.42,601.42,Pyrus calleryana 'Chanticleer',PRIMERA,,C\ Alcúdia,False
0323583AR,182.63,608.16,Pyrus calleryana 'Chanticleer',PRIMERA,,C\ Alcúdia,False
0323584AR,186.77,614.83,Pyrus calleryana 'Chanticleer',PRIMERA,,C\ Alcúdia,False
0323585AR,191.16,621.76,Pyrus calleryana 'Chanticleer',PRIMERA,,C\ Alcúdia,False
0323586AR,195.39,628.45,Pyrus calleryana 'Chanticleer',PRIMERA,,C\ Alcúdia,False
0323587AR,144.88,546.09,Pyrus calleryana 'Chanticleer',PRIMERA,,C\ Alcúdia,False
0323588AR,148.65,552.3,Pyrus calleryana 'Chanticleer',PRIMERA,,C\ Alcúdia,False
0323589AR,152.8,559.14,Pyrus calleryana 'Chanticleer',PRIMERA,,C\ Alcúdia,False
0323590AR,156.95,565.98,Pyrus calleryana 'Chanticleer',PRIMERA,,C\ Alcúdia,False
0323591AR,165.28,579.67,Pyrus calleryana 'Chanticleer',PRIMERA,,C\ Alcúdia,False
0323592AR,136.03,550.4,Pyrus calleryana 'Chanticleer',PRIMERA,,C\ Alcúdia,False
0323593AR,140.18,557.24,Pyrus calleryana 'Chanticleer',PRIMERA,,C\ Alcúdia,False
0323594AR,144.33,564.08,Pyrus calleryana 'Chanticleer',PRIMERA,,C\ Alcúdia,False
0323595AR,148.48,570.92,Pyrus calleryana 'Chanticleer',PRIMERA,,C\ Alcúdia,False
0323596AR,153.0,577.96,Pyrus calleryana 'Chanticleer',PRIMERA,,C\ Alcúdia,False
0323597AR,157.03,584.63,Pyrus calleryana 'Chanticleer',PRIMERA,,C\ Alcúdia,False
0323598AR,199.7,635.24,Pyrus calleryana 'Chanticleer',PRIMERA,,C\ Valldemossa,False
0323599AR,161.1,572.82,Pyrus calleryana 'Chanticleer',PRIMERA,,C\ Alcúdia,False
0324830AR,181.68,795.8,Hibiscus syriacus,PRIMERA,,Pl Jardins d'Alfàbia,False
0324831AR,189.09,792.1,Hibiscus syriacus,PRIMERA,,Pl Jardins d'Alfàbia,False
0324832AR,195.43,788.92,Hibiscus syriacus,PRIMERA,,Pl Jardins d'Alfàbia,False
0324834AR,207.76,782.58,Hibiscus syriacus,PRIMERA,,Pl Jardins d'Alfàbia,False
0324835AR,214.11,779.41,Hibiscus syriacus,PRIMERA,,Pl Jardins d'Alfàbia,False
0324836AR,220.63,776.24,Hibiscus syriacus,PRIMERA,,Pl Jardins d'Alfàbia,False
0324839AR,238.95,766.9,Hibiscus syriacus,PRIMERA,,Pl Jardins d'Alfàbia,False
0324840AR,245.3,763.72,Hibiscus syriacus,PRIMERA,,Pl Jardins d'Alfàbia,False
0324841AR,251.64,760.55,Hibiscus syriacus,PRIMERA,,Pl Jardins d'Alfàbia,False
0324842AR,186.44,823.81,Hibiscus syriacus,PRIMERA,,Pl Jardins d'Alfàbia,False
0324843AR,193.31,820.47,Hibiscus syriacus,PRIMERA,,Pl Jardins d'Alfàbia,False
0324847AR,220.1,807.43,Hibiscus syriacus,PRIMERA,,Pl Jardins d'Alfàbia,False
0324848AR,226.62,804.25,Hibiscus syriacus,PRIMERA,,Pl Jardins d'Alfàbia,False
0324849AR,233.32,800.87,Hibiscus syriacus,PRIMERA,,Pl Jardins d'Alfàbia,False
0324850AR,239.13,798.09,Hibiscus syriacus,PRIMERA,,Pl Jardins d'Alfàbia,False
0324851AR,251.64,792.27,Hibiscus syriacus,PRIMERA,,Pl Jardins d'Alfàbia,False
0324852AR,257.81,789.1,Hibiscus syriacus,PRIMERA,,Pl Jardins d'Alfàbia,False
0324853AR,263.97,785.93,Hibiscus syriacus,PRIMERA,,Pl Jardins d'Alfàbia,False
0324854AR,270.32,782.76,Hibiscus syriacus,PRIMERA,,Pl Jardins d'Alfàbia,False
0325669AR,913.73,803.75,Catalpa bignonioides,TERCERA,,Pg Andreu Nin,False
0325674AR,931.53,922.03,Handroanthus heptaphyllus,PRIMERA,2025-05-08,Pg Andreu Nin,False
0330718AR,443.38,381.68,Pyrus calleryana 'Chanticleer',PRIMERA,,C\ Estudiant,False
0330719AR,440.09,376.53,Pyrus calleryana 'Chanticleer',PRIMERA,,C\ Estudiant,False
0330720AR,437.12,371.6,Pyrus calleryana 'Chanticleer',PRIMERA,,C\ Estudiant,False
0330721AR,433.72,366.6,Pyrus calleryana 'Chanticleer',PRIMERA,,C\ Estudiant,False
0330726AR,364.14,537.65,Celtis australis,SEGONA,,C\ Valldemossa,False
0330731AR,450.57,407.39,Tipuana tipu,PRIMERA,,C\ Estudiant,False
0330769AR,339.38,532.22,Platanus × acerifolia,SEGONA,,C\ Escultor Ordóñez,True
0331092AR,717.42,278.8,Prunus cerasifera 'Pissardii',PRIMERA,,Av Rio de Janeiro,False
0331093AR,717.4,280.04,Prunus cerasifera 'Pissardii',PRIMERA,,Av Rio de Janeiro,False
0331242AR,497.32,983.13,Populus nigra 'Italica',SEGONA,,Pg Valldaura,False
0332576AR,363.97,720.9,Celtis australis,PRIMERA,2022-12-13,C\ Pintor Alsamora,False
0332577AR,379.37,711.59,Celtis australis,PRIMERA,2022-12-13,C\ Pintor Alsamora,False
0332578AR,348.28,730.3,Celtis australis,PRIMERA,2022-12-13,C\ Pintor Alsamora,False
0332579AR,394.99,702.26,Celtis australis,PRIMERA,2022-12-13,C\ Pintor Alsamora,False
0338305AR,897.03,289.38,Celtis australis,SEGONA,,Av Meridiana,False
0338418AR,707.75,740.38,Fraxinus angustifolia 'Raywood',PRIMERA,2025-10-21,Av Rio de Janeiro,False
0347207AR,750.36,242.86,Brachychiton acerifolius,PRIMERA,,Av Rio de Janeiro,False
0347208AR,746.84,250.01,Brachychiton acerifolius,PRIMERA,,Av Rio de Janeiro,False
