{
"type": "FeatureCollection",
"name": "porta_buildings",
"features": [
{"type":"Feature","properties":{"height_m":10.29,"lidar_cover":0.96,"ground_z":42.220001},"geometry":{"type":"Polygon","coordinates":[[[941.6544425644679,811.312090288847685],[977.688060976273846,801.323657882399857],[977.376932900806423,800.227403230965137],[983.670202872832306,798.646941546350718],[984.006183997902554,799.720756184309721],[1020.207754688279238,790.696908390149474],[1012.060976107954048,760.518248373642564],[976.016345769283362,770.251240168698132],[977.270974390965421,773.936678926460445],[976.771171220229007,774.096834440715611],[976.927102347486652,774.683818513527513],[973.817790569271892,775.445941966027021],[970.760386794456281,776.396326792426407],[970.586384692694992,775.66517530567944],[970.228084378584754,775.768481756560504],[969.432425740989856,772.023199616000056],[933.346238366211765,781.767901623621583],[941.6544425644679,811.312090288847685]]]}},
{"type":"Feature","properties":{"height_m":17.969999,"lidar_cover":0.97,"ground_z":52.220001},"geometry":{"type":"Polygon","coordinates":[[[310.572789088590071,22.06986809335649],[311.472057246020995,33.142031244002283],[311.783728546986822,36.914060389623046],[312.143413737940136,41.340705377049744],[347.866215057205409,40.512090804055333],[347.171731128531974,21.099673784337938],[318.492619189259131,21.883424506522715],[310.572789088590071,22.06986809335649]],[[340.386222742672544,34.232409741729498],[340.250352793489583,29.614883502013981],[344.727978850482032,29.483440367504954],[344.863845940330066,34.1009666537866],[340.386222742672544,34.232409741729498]],[[327.01800380111672,30.007320410571992],[331.487274196231738,29.875948622822762],[331.623044052161276,34.482372839935124],[327.153776504215784,34.613744580186903],[327.01800380111672,30.007320410571992]],[[313.76883928803727,30.388838738203049],[317.761959764407948,30.273095469921827],[317.897844074002933,34.890621464699507],[313.904726147593465,35.006364689208567],[313.76883928803727,30.388838738203049]]]}},
{"type":"Feature","properties":{"height_m":22.84,"lidar_cover":0.95,"ground_z":53.91},"geometry":{"type":"Polygon","coordinates":[[[295.322639415971935,33.451275814324617],[295.272508813475724,32.57462158985436],[299.842147463117726,32.453377143479884],[299.816554783319589,31.520974528975785],[302.45663564663846,31.473624302074313],[302.48233371967217,32.417128846980631],[304.713001885218546,32.373678656294942],[304.82172454718966,33.260877848602831],[307.545358302420937,33.212733741849661],[309.166191141470335,33.186195464804769],[308.793413248728029,22.120121669024229],[303.989712058508303,22.232486511580646],[304.025139794568531,23.320236508734524],[302.471993524522986,23.43495471123606],[302.502769220387563,24.034219972789288],[302.227253672957886,24.059049820527434],[300.731960713048466,24.106599815189838],[300.7096459713066,23.518356907181442],[295.77204839681508,23.609796608798206],[296.036566646886058,22.430366241373122],[294.867026891850401,22.463711792603135],[293.872844082769006,22.484284312464297],[290.639846195175778,22.57059421390295],[287.582416793331504,22.666336038149893],[287.920536660705693,33.59950440376997],[289.457815904403105,33.573757631704211],[291.036766166915186,33.536511319689453],[295.322639415971935,33.451275814324617]],[[295.011705661308952,26.248433878645301],[300.333330862631556,26.120027261786163],[300.424913984723389,29.594372985884547],[295.153211996308528,29.700098212808371],[295.011705661308952,26.248433878645301]]]}},
{"type":"Feature","properties":{"height_m":14.5,"lidar_cover":0.9,"ground_z":41.360001},"geometry":{"type":"Polygon","coordinates":[[[661.427149550290778,222.908919248729944],[661.953417508164421,222.892830027267337],[665.762830561434384,222.801223027519882],[665.809956760844216,221.60166073217988],[667.956909826491028,221.548011506907642],[667.943203788425308,222.747257157228887],[669.254748749663122,222.712625904940069],[672.036586154310498,222.641860230825841],[672.763377245864831,222.623872166499496],[674.693201816407964,222.583384782075882],[677.3747777241515,222.513570943847299],[677.212994745234028,216.019893076270819],[677.048477373318747,209.237565161660314],[674.366475866292603,209.262971349060535],[672.402911645360291,209.270469598472118],[667.648939369362779,209.326609904877841],[667.676798654953018,210.503255899064243],[665.613498927443288,210.567215507850051],[665.551903179264627,209.357580372132361],[661.59166968165664,209.406204623170197],[661.157096957613248,209.399219201877713],[657.096601721248589,209.448795880191028],[651.799650247034151,209.521194506436586],[645.508436551783234,209.603019587695599],[645.72620275785448,220.237557675689459],[645.796912049409002,223.290191888809204],[647.843603044515476,223.237486867234111],[657.333767360076308,223.014322181232274],[661.427149550290778,222.908919248729944]],[[672.549764498486184,214.187673642300069],[672.668127746146638,217.861620140261948],[668.232497676566709,218.003567834384739],[668.188802534597926,214.273399342782795],[672.549764498486184,214.187673642300069]],[[665.373856907652225,214.377788874320686],[665.550078648957424,217.984569621272385],[661.272985883173533,218.102813714183867],[661.246733754291199,214.450200385414064],[665.373856907652225,214.377788874320686]]]}},
{"type":"Feature","properties":{"height_m":15.02,"lidar_cover":0.94,"ground_z":41.619999},"geometry":{"type":"Polygon","coordinates":[[[632.931907418475021,223.611977928318083],[636.089725226862356,223.537634586915374],[643.608289094176143,223.355345549993217],[645.796912049409002,223.290191888809204],[645.72620275785448,220.237557675689459],[643.846297919168137,220.255373823456466],[643.5783980791457,209.621310859918594],[635.77458749699872,209.684171110391617],[633.836299100483302,209.713646104559302],[632.608092794485856,209.725287929177284],[630.2018110503559,209.748097005300224],[626.676045121857896,209.79262201115489],[618.722368137910962,209.912435967475176],[616.508675763907377,209.977835416793823],[612.76620243745856,210.079936448484659],[612.939872082904913,216.93989791162312],[613.124844106147066,224.110634211450815],[620.919021312554833,223.914605412632227],[625.338252931833267,223.806092843413353],[630.617957659298554,223.678323472850025],[632.931907418475021,223.611977928318083]],[[624.362705477455165,212.568077459931374],[624.524277824908495,215.508820991031826],[621.525098897400312,215.570562426000834],[621.447287248040084,212.651230704039335],[624.362705477455165,212.568077459931374]],[[624.481537991377991,218.051796086132526],[624.635386579320766,221.059230416081846],[621.728116405312903,221.120100528001785],[621.641528691747226,218.156440281309187],[624.481537991377991,218.051796086132526]]]}},
{"type":"Feature","properties":{"height_m":14.85,"lidar_cover":0.95,"ground_z":42.439999},"geometry":{"type":"Polygon","coordinates":[[[645.916120475973003,250.857625138945878],[645.874579786206596,248.237728451378644],[644.253690333513077,248.253089942969382],[644.13341876596678,244.379308861680329],[633.841929106682073,244.687807470560074],[621.729448267258704,245.057995961979032],[619.248613822390325,245.14813328627497],[615.113784582877997,245.28726212028414],[615.317780686134938,245.651724534109235],[616.513849587237928,247.538984727114439],[624.787973900674842,251.257741995155811],[635.036037908575963,254.3027254762128],[646.029905498377047,257.573816648684442],[646.017867918126285,257.185328339226544],[645.964289646828547,254.176943317987025],[645.916120475973003,250.857625138945878]],[[634.773871815646999,249.564261166378856],[630.454917110037059,249.671817765571177],[630.335333490977064,246.752881840802729],[634.696275913447607,246.667133074253798],[634.773871815646999,249.564261166378856]]]}},
{"type":"Feature","properties":{"height_m":14.25,"lidar_cover":0.94,"ground_z":42.66},"geometry":{"type":"Polygon","coordinates":[[[603.116950147144962,222.606710015796125],[602.952047404949553,215.791077096015215],[602.786723437835462,208.931036535650492],[600.974288383848034,209.014841505326331],[593.248094585083891,209.332378866150975],[593.285163467633538,210.597760899923742],[592.107298684946727,210.631138005293906],[592.053624599706382,209.377016389742494],[588.3450981209171,209.534322717227042],[588.916492611984722,223.08557649422437],[591.414044738281518,222.995270372368395],[594.646743079531007,222.886889953166246],[601.379504132608417,222.667597992345691],[603.116950147144962,222.606710015796125]],[[594.76250669703586,213.947936249896884],[594.748360538331326,213.33740946277976],[597.906182803388219,213.263049503788352],[597.911973554757424,213.873655530624092],[594.76250669703586,213.947936249896884]]]}},
{"type":"Feature","properties":{"height_m":14.23,"lidar_cover":0.91,"ground_z":42.8},"geometry":{"type":"Polygon","coordinates":[[[590.094626208301634,229.247629398480058],[592.492230619944166,229.191580358892679],[601.556486270215828,228.994587668217719],[602.199725470156409,228.977384831756353],[603.269075952237472,228.956141263246536],[603.188835497829132,225.781465247273445],[603.116950147144962,222.606710015796125],[601.379504132608417,222.667597992345691],[594.646743079531007,222.886889953166246],[591.414044738281518,222.995270372368395],[588.916492611984722,223.08557649422437],[586.026144111761823,223.168506328947842],[584.071570214349777,223.242560917511582],[582.38414988288423,223.291876012459397],[581.534418617782649,224.443537913262844],[580.759041267854627,225.50567118357867],[583.22829647641629,226.836805290542543],[585.496922476624604,228.158740338869393],[587.373067476670258,229.50660465285182],[587.928296457859688,229.901043629273772],[589.168718158907723,228.534721210598946],[590.094626208301634,229.247629398480058]],[[594.748503864277154,227.449227666482329],[591.557688484143,227.568313769996166],[591.523709589673672,225.747756063006818],[594.722143858671188,225.550877219066024],[594.748503864277154,227.449227666482329]]]}},
{"type":"Feature","properties":{"height_m":14.78,"lidar_cover":0.96,"ground_z":43.98},"geometry":{"type":"Polygon","coordinates":[[[482.10279657918727,208.966187016107142],[488.785754934418947,208.780572394840419],[490.147433165111579,208.745432514697313],[490.779248883831315,227.7587501546368],[498.464488744561095,227.530315242707729],[523.283141915453598,226.828322093933821],[530.968383041094057,226.599921735934913],[530.382799080107361,207.16425274964422],[529.388536308193579,207.173691282980144],[529.215917529072613,201.312983786687255],[529.04849203833146,195.119139196351171],[528.828359095088672,186.893959178589284],[524.041793679003604,187.039326374419034],[508.913422313751653,187.482746162451804],[499.097992619383149,187.775811265222728],[481.438533430977259,188.298841889947653],[481.697964955237694,196.257178009487689],[482.10279657918727,208.966187016107142]],[[523.224868871970102,203.967945002950728],[523.132261464081239,199.494344011880457],[524.268457594211213,199.47245423309505],[524.395117304986343,204.012349508702755],[523.224868871970102,203.967945002950728]],[[486.177477463439573,200.733518095687032],[488.583551884570625,200.688457288779318],[488.693312789779156,205.206307088956237],[486.387923527159728,205.294823202304542],[486.177477463439573,200.733518095687032]],[[522.78881152899703,207.325169343501329],[522.904530551226344,213.352960988879204],[502.062140604364686,213.939470794051886],[498.052305119344965,214.044170343317091],[497.88453657028731,207.817020246759057],[495.127442827157211,207.854308985173702],[494.817337714659516,197.198442005552351],[505.317034391802736,196.81004930101335],[505.245791471970733,195.467271436937153],[515.85590001946548,195.266595369204879],[516.138218118576333,207.399415921419859],[522.78881152899703,207.325169343501329]]]}},
{"type":"Feature","properties":{"height_m":23.379999,"lidar_cover":0.93,"ground_z":41.419998},"geometry":{"type":"Polygon","coordinates":[[[723.339600313454866,245.372239399701357],[719.153904166829307,245.434069805778563],[719.199148936546408,247.565402657724917],[719.291688399622217,252.927238348871469],[719.498890664370265,265.10518335364759],[719.553909832146019,268.268995594233274],[719.615707544318866,271.266199829056859],[728.897562696482055,271.11171727348119],[733.29034385929117,263.7977235596627],[744.329613870475441,245.384526135399938],[750.334710705035832,235.379481747746468],[750.273815446882509,233.359326248057187],[750.124704257934354,228.197878721170127],[749.999551905668341,223.80230609793216],[729.597592644044198,224.128625933080912],[720.240481052198447,224.283818713389337],[720.370801845740061,230.988750164397061],[718.875235518673435,231.002908453345299],[719.004821941955015,237.630126470699906],[719.039504494867288,239.528397912159562],[720.334441336337477,239.505036007612944],[720.430710604065098,244.378307715989649],[722.268833412264939,244.360906866379082],[722.203989117697347,241.041746841743588],[723.256522473238874,241.009577250108123],[723.339600313454866,245.372239399701357]],[[726.54134557757061,232.284894402138889],[726.519536071864422,236.160020754672587],[725.324859992368147,236.182432464323938],[726.54134557757061,232.284894402138889]]]}},
{"type":"Feature","properties":{"height_m":25.32,"lidar_cover":0.91,"ground_z":38.91},"geometry":{"type":"Polygon","coordinates":[[[687.666010442655534,260.110519191250205],[691.016294767847285,260.067685343325138],[690.985697565542068,256.837024249136448],[702.640732290688902,256.693341468460858],[702.697736689297017,271.53741065133363],[711.369776416453533,271.399783068336546],[719.615707544318866,271.266199829056859],[719.553909832146019,268.268995594233274],[719.498890664370265,265.10518335364759],[719.291688399622217,252.927238348871469],[719.199148936546408,247.565402657724917],[707.911724152043462,247.705577712506056],[707.126029391307384,247.67970834299922],[707.108789727499243,245.858992169611156],[705.128630516352132,245.877741805277765],[700.282671259134077,245.923629280179739],[693.448092530248687,245.977250032126904],[692.161406789673492,245.989435710012913],[690.682553697435651,246.003441607579589],[687.407353625807445,246.034461396746337],[687.507220235478599,251.285198538564146],[687.61034647456836,256.88009549677372],[687.666010442655534,260.110519191250205]],[[697.817408879520372,251.18755457457155],[697.829115971224383,248.012007562443614],[700.804057145607658,248.039350382983685],[700.767493720224593,251.237338585779071],[700.734659746289253,253.946762852370739],[697.809746422630269,253.907843428663909],[697.817408879520372,251.18755457457155]],[[711.167599872569554,256.224001009948552],[711.177736037585419,252.881925146095455],[714.662651094957255,252.937753937207162],[714.609897001471836,256.191409865394235],[711.167599872569554,256.224001009948552]],[[711.617993519990705,260.54987674113363],[715.226969858224038,260.471296031028032],[715.279890712117776,265.178434457629919],[711.620155563636217,265.190878239460289],[711.617993519990705,260.54987674113363]]]}},
{"type":"Feature","properties":{"height_m":20.48,"lidar_cover":0.89,"ground_z":42.279999},"geometry":{"type":"Polygon","coordinates":[[[704.38741118327016,292.905642341822386],[704.39950063242577,294.182364142499864],[713.439030123525299,294.030155727639794],[713.292256219312549,288.235819135792553],[712.790953032264952,288.240565435029566],[712.701661344908644,279.692159589380026],[713.111059431626927,279.688283443450928],[713.01037026377162,274.348730517551303],[703.737820367212407,274.603071753866971],[696.745784109691158,274.791416059248149],[688.834795654867776,274.999573602341115],[689.023890147567727,280.849023799411952],[689.599863685318269,280.788054026663303],[689.692894395906478,285.317166097462177],[689.770314818830229,289.080324253998697],[689.385772107983939,289.061760473996401],[689.445439660456032,294.479422563686967],[697.423983127810061,294.348345940001309],[697.370222344528884,293.083121679723263],[704.38741118327016,292.905642341822386]],[[703.987285395152867,282.41716795694083],[704.022758035978768,283.516021536663175],[697.047755924286321,283.737513211555779],[697.011756540392525,282.583150012418628],[703.987285395152867,282.41716795694083]],[[701.19891428417759,286.207463285885751],[704.156078347121365,286.123946246691048],[704.182460027048364,287.1451654471457],[701.250466675322969,287.239547050558031],[701.19891428417759,286.207463285885751]],[[699.870460438425653,286.220043270848691],[699.955748633830808,287.28511633630842],[697.199211497907527,287.377838063985109],[697.138988063437864,286.312527658417821],[699.870460438425653,286.220043270848691]]]}},
{"type":"Feature","properties":{"height_m":15.35,"lidar_cover":0.95,"ground_z":40.529999},"geometry":{"type":"Polygon","coordinates":[[[711.367178394226357,187.284064665436745],[711.381630024348851,187.927897319197655],[711.415368406218477,189.726251262240112],[711.434444935643114,190.858568700961769],[711.487890509830322,193.855851660482585],[711.521944218024146,195.687511402182281],[711.570554656209424,198.174105737358332],[711.600719233683776,199.594994190149009],[711.623054211493582,201.07147138658911],[714.998010822338983,200.984003957360983],[717.587688113504555,200.915075245313346],[717.492364138597623,197.907085806131363],[723.19809588463977,197.764248313382268],[723.276602084399201,200.761294053867459],[728.957161046098918,200.60759642533958],[729.157579660357442,200.594596452079713],[729.043511489406228,187.660772524774075],[728.241415258846246,187.668364737182856],[728.238000853685662,186.424869853071868],[729.031742051709443,186.417356725782156],[728.98944664245937,181.066148958168924],[719.023822826799005,181.382542840205133],[711.263545665482525,181.633658554404974],[711.303695851180237,184.109230013564229],[711.353147208923474,186.684639721177518],[711.367178394226357,187.284064665436745]],[[721.316346265142784,191.408984528854489],[721.279615114093758,188.411543371155858],[724.228464067331515,188.328114132396877],[724.315430076909252,191.336182672530413],[721.316346265142784,191.408984528854489]],[[719.174427997553721,188.464781164191663],[719.219515186152421,191.462143226526678],[716.212181371520273,191.54612822458148],[716.125211990904063,188.538059737533331],[719.174427997553721,188.464781164191663]]]}},
{"type":"Feature","properties":{"height_m":10.53,"lidar_cover":0.83,"ground_z":41.709999},"geometry":{"type":"Polygon","coordinates":[[[630.704311608220451,157.859366887249053],[630.757411216502078,159.93511038646102],[630.78464503842406,161.045144661329687],[630.853781921439804,163.931249628774822],[630.934115301992279,167.117027433589101],[631.057824963354506,172.234302941709757],[631.099307049706113,173.965965950861573],[635.083994299697224,173.850476099178195],[638.016138587146997,173.767170167528093],[637.725229179835878,159.824654714204371],[637.654832368949428,156.805326614528894],[637.624022007221356,155.317826827988029],[637.592011631466448,154.585337243974209],[632.81325325393118,154.675043356604874],[630.657819922140334,154.717680042609572],[630.686906262184493,156.904680392704904],[630.704311608220451,157.859366887249053]],[[635.317919330205768,167.675032990053296],[633.396435291389935,167.715451504103839],[633.353375310078263,165.817259604111314],[635.257728552038316,165.732591764070094],[635.317919330205768,167.675032990053296]]]}},
{"type":"Feature","properties":{"height_m":16.93,"lidar_cover":0.91,"ground_z":41.400002},"geometry":{"type":"Polygon","coordinates":[[[658.97147243982181,155.104425364173949],[655.671480999677442,155.169002298265696],[655.778402233147062,159.398202965967357],[659.052905371994711,159.289455847814679],[661.366875804611482,159.223119658418],[663.488571412686724,159.147502969950438],[665.568596217432059,159.083384620957077],[665.464790207624901,156.064373025670648],[667.912970876088366,156.052282048389316],[667.949408354645129,159.016417276114225],[671.307463760953397,158.906884156167507],[672.627270339638926,158.861072579398751],[673.963787336251698,158.815102947875857],[675.634512472315691,158.765967700630426],[675.422959672869183,151.428939806297421],[675.296920718217734,146.944553025998175],[673.601127200236078,146.993925764225423],[670.852681553456932,147.064373867586255],[667.636343800346367,147.139255706220865],[667.716660932463128,150.325033641420305],[665.27756980410777,150.414758989587426],[665.146909935283475,147.207252165302634],[658.814602389931679,147.367174284532666],[655.48150213988265,147.465373703278601],[655.53375305281952,149.452301854267716],[655.586529933148995,151.494739642366767],[658.894141927012242,151.352370040491223],[658.97147243982181,155.104425364173949]],[[667.87654613412451,154.853511453606188],[662.662580891803373,154.869600447826087],[662.565551098086871,151.683980842120945],[667.78692725521978,151.567895312793553],[667.87654613412451,154.853511453606188]]]}},
{"type":"Feature","properties":{"height_m":14.39,"lidar_cover":0.9,"ground_z":43.169998},"geometry":{"type":"Polygon","coordinates":[[[653.178129901876673,111.613655565306544],[654.548076621314976,111.567365767434239],[656.285654706531204,111.517592824995518],[659.184508489910513,111.445714387111366],[660.003113406710327,111.415752438828349],[662.551046393171418,111.347200237214565],[662.951993601280265,111.332298603840172],[671.004884895752184,111.0894636195153],[671.673200392338913,111.072029641829431],[672.608884157903958,111.052062944509089],[674.246199296554551,111.003244112245739],[674.072751573636197,105.042618098668754],[673.907658990472555,99.081912997178733],[671.334761014091782,99.161800522357225],[662.153894718037918,99.415321636013687],[658.753930172184482,99.514152560383081],[652.772502290434204,99.670754531398416],[647.651667543279473,99.819206079468131],[648.465607830148656,106.351114329881966],[652.991951815900393,106.075061364099383],[653.178129901876673,111.613655565306544]],[[666.701560675166547,104.035463937558234],[668.447706206468865,104.007818636484444],[668.541157461353578,106.815972588956356],[666.778407258738298,106.854878115467727],[666.701560675166547,104.035463937558234]]]}},
{"type":"Feature","properties":{"height_m":16.639999,"lidar_cover":0.89,"ground_z":45.459999},"geometry":{"type":"Polygon","coordinates":[[[609.52054811862763,88.089568220078945],[611.751409416319802,88.06841635890305],[615.527682809566613,87.999304505996406],[616.714028137037531,87.976954174228013],[618.811204869765788,87.957071906886995],[622.311859121546149,87.901679489761591],[627.308004313497804,87.821009674109519],[653.775550931924954,87.359212141484022],[655.763898608041927,87.318165956996381],[664.168264507083222,87.127508258447051],[664.251817368087359,87.126716673374176],[666.357139110856224,87.084565183147788],[666.691245379159227,87.070297023281455],[670.007978457433637,87.005567196756601],[673.558554409421049,86.927520824596286],[673.198990669159684,74.551169532351196],[673.050035065039992,69.411928017623723],[672.68563286686549,56.524888526648283],[638.460720387171023,57.570865400135517],[608.72177895042114,58.485645163804293],[609.210230314754881,76.512161278165877],[609.52054811862763,88.089568220078945]],[[640.291114697407465,82.301931814290583],[640.385418639634736,85.198900847695768],[629.893280714866705,85.520404650829732],[629.807433094072621,82.634458429180086],[640.291114697407465,82.301931814290583]]]}},
{"type":"Feature","properties":{"height_m":21.559999,"lidar_cover":0.96,"ground_z":39.279999},"geometry":{"type":"Polygon","coordinates":[[[747.338382649642881,160.685176869854331],[748.148626938345842,160.655303894542158],[748.011861615581438,155.915651091374457],[747.919652790878899,152.352486239746213],[744.97152450971771,152.513619120232761],[741.714358653582167,152.688780710101128],[740.127604351902846,152.781517661176622],[737.697289172327146,152.915547225624323],[735.30864503630437,153.038080292753875],[731.441864551277831,153.252324968576431],[731.626769878144842,161.311295370571315],[735.636109812941868,161.151216060854495],[739.812448804732412,160.978455598466098],[744.682164474099409,160.788033059798181],[747.338382649642881,160.685176869854331]],[[740.929579061688855,159.824282521381974],[738.523281157366,159.847055362537503],[738.468901356449351,156.749855159781873],[741.00867343560094,156.703613326884806],[740.929579061688855,159.824282521381974]]]}},
{"type":"Feature","properties":{"height_m":20.440001,"lidar_cover":0.87,"ground_z":41.360001},"geometry":{"type":"Polygon","coordinates":[[[725.967444598325528,121.338833687826991],[731.522737289662473,121.186325162649155],[731.506711331079714,120.375963672995567],[738.58202930848347,120.142456390894949],[739.307204677839763,119.069713136181235],[741.036320789949968,119.008937681093812],[741.504214688786305,119.004509761929512],[741.555601425119676,120.902622756548226],[747.052302743773907,120.739577728323638],[746.848757536557969,113.358062278479338],[746.661236393032596,106.786908400245011],[743.127380705962423,106.864760868251324],[740.738090908620507,106.920680397190154],[740.295367078331765,106.935973071493208],[735.182682142418344,107.062079781666398],[731.147510869661346,107.144682735204697],[728.975457983906381,107.198550036177039],[725.592102303402498,107.286089488305151],[723.378168065508362,107.329251984134316],[718.983930866525043,107.437466477043927],[715.558799008489586,107.525406104512513],[715.687072245927993,111.365802236832678],[715.988705824594945,120.278591921553016],[716.026594014023431,121.632789559662342],[723.845632545708213,121.403329980559647],[725.967444598325528,121.338833687826991]],[[731.314762939815409,113.338529082015157],[733.628748242044821,113.272216196171939],[733.705568746780045,116.091630808077753],[731.391584346769378,116.157943679951131],[731.314762939815409,113.338529082015157]]]}},
{"type":"Feature","properties":{"height_m":15.87,"lidar_cover":0.93,"ground_z":40.720001},"geometry":{"type":"Polygon","coordinates":[[[706.463289441366214,169.743467104621232],[706.393080688780174,167.623473795130849],[706.058221416547894,156.967839514836669],[703.426542134606279,157.014963878318667],[697.436280794616323,157.11609898135066],[693.693359319353476,157.173750087618828],[688.755748725146987,157.253820717334747],[687.703098072204739,157.274893253110349],[685.555915601260494,157.306332527659833],[685.605003764969297,158.960203031077981],[685.982785864500329,172.380058235488832],[706.524196919752285,171.763622188009322],[706.474798181094229,170.07644579000771],[706.463289441366214,169.743467104621232]],[[694.783555975940544,164.646795290522277],[691.625502117734868,164.698908833786845],[691.546982875908725,161.701863440684974],[694.721748442214448,161.649591628462076],[694.783555975940544,164.646795290522277]]]}},
{"type":"Feature","properties":{"height_m":18.940001,"lidar_cover":0.92,"ground_z":40.48},"geometry":{"type":"Polygon","coordinates":[[[783.908187917550094,131.971258782781661],[767.476280937087722,132.426463630050421],[767.624434370838571,137.487993286922574],[767.709596882108599,140.307329161092639],[774.801606198539957,140.073698994703591],[777.683528217952698,139.979822122491896],[784.291039993579034,139.761886844411492],[784.875800649577286,139.745253499597311],[784.584856762434356,131.953756193630397],[783.908187917550094,131.971258782781661]],[[774.243211447144859,134.927226387895644],[778.019145062600728,134.824893292970955],[778.097373037657235,136.911502132192254],[774.262638883665204,136.981082648970187],[774.243211447144859,134.927226387895644]]]}},
{"type":"Feature","properties":{"height_m":23.34,"lidar_cover":0.96,"ground_z":41.720001},"geometry":{"type":"Polygon","coordinates":[[[774.75109262438491,67.594325103797019],[774.824851732817478,70.091783949173987],[774.863148914184421,71.490389359183609],[783.058125794457737,71.246336181648076],[782.752362368395552,57.470507365651429],[782.663276367005892,53.352167574688792],[776.640243230271153,53.531265583820641],[774.334594033192843,53.59748543985188],[774.737801841110922,67.072613681666553],[774.75109262438491,67.594325103797019]],[[779.490501883847173,66.872219881042838],[777.52763456775574,66.957402598112822],[777.341926515742671,60.574981435202062],[779.280044627434108,60.523341539315879],[779.490501883847173,66.872219881042838]]]}},
{"type":"Feature","properties":{"height_m":5.27,"lidar_cover":0.79,"ground_z":38.540001},"geometry":{"type":"Polygon","coordinates":[[[793.253898363676853,158.874071361497045],[793.63353896792978,161.024447574280202],[793.880082608084194,162.354466424323618],[794.691488764481619,166.865681496448815],[795.017847984679975,168.683474064804614],[795.114794223802164,169.215497428551316],[806.843485854566097,168.893642387352884],[807.495085683942307,168.876378884539008],[826.454318552510813,144.08198500238359],[827.634634186222684,142.538626372814178],[830.242880788864568,139.127584849484265],[830.181129502598196,136.130380827002227],[829.671562455361709,112.275028258562088],[826.819587436388247,112.002204861491919],[813.738954440923408,110.749088734388351],[805.132893111323938,109.931114686653018],[800.449329979368486,109.486869313754141],[788.581459433422424,108.355566556565464],[784.073459502425976,107.920774369500577],[784.452475066238549,110.004538443870842],[784.726292537699919,111.567460289224982],[785.581690282793716,116.311419451609254],[786.013566394278314,118.683359570801258],[786.595775921072345,121.931008527055383],[787.1513443532167,125.01236570905894],[791.37565728451591,148.466192345134914],[792.486576287774369,154.606703800149262],[793.253898363676853,158.874071361497045]],[[807.732406167138834,111.782930701039732],[808.094150489778258,133.252553476952016],[805.13266204536194,133.769081330858171],[801.06665425770916,111.146470007486641],[807.732406167138834,111.782930701039732]]]}},
{"type":"Feature","properties":{"height_m":19.68,"lidar_cover":0.92,"ground_z":41.419998},"geometry":{"type":"Polygon","coordinates":[[[783.058125794457737,71.246336181648076],[783.120106318732724,74.265743590891361],[783.199156919377856,78.206531743519008],[791.151192799210548,77.898167709819973],[791.062889892025851,74.745774193666875],[790.792460263241082,65.588424718938768],[790.742661292315461,63.856840554624796],[790.432257361710072,53.123255030252039],[786.48927956080297,53.238263376988471],[782.663276367005892,53.352167574688792],[782.752362368395552,57.470507365651429],[783.058125794457737,71.246336181648076]],[[789.316562526568305,71.220457887277007],[787.194735601136927,71.284935410134494],[784.413469765218906,71.42226761393249],[784.416591641958803,69.101728322915733],[789.23686783935409,68.978422228246927],[789.316562526568305,71.220457887277007]]]}},
{"type":"Feature","properties":{"height_m":25.190001,"lidar_cover":0.9,"ground_z":41.549999},"geometry":{"type":"Polygon","coordinates":[[[766.994676585425623,115.965390600264072],[767.019999025273137,116.875590403564274],[767.103061292204075,119.472887678071856],[770.310531082563102,119.342619635164738],[784.460015262011439,118.753566770814359],[786.013566394278314,118.683359570801258],[785.581690282793716,116.311419451609254],[783.446586426580325,115.85418676584959],[783.00425409671152,113.260287314653397],[784.726292537699919,111.567460289224982],[784.452475066238549,110.004538443870842],[769.951527846627869,110.541401016525924],[766.844212218828034,110.659618757665157],[766.908253520843573,113.012831728905439],[766.994676585425623,115.965390600264072]],[[775.429923879157286,113.742735219188035],[776.967185568471905,113.71709185000509],[776.976349692442454,111.152230988256633],[778.639465810381807,111.180912178009748],[778.629251040227246,113.634753778576851],[779.781961062690243,113.590542399324477],[779.845368134847376,115.877143892459571],[775.48487206583377,116.018313796259463],[775.429923879157286,113.742735219188035]]]}},
{"type":"Feature","properties":{"height_m":21.68,"lidar_cover":0.92,"ground_z":39.139999},"geometry":{"type":"Polygon","coordinates":[[[796.855805878527462,59.069191494956613],[796.906233238172717,60.867387216538191],[798.860956953954883,60.804492631927133],[799.05500132101588,67.186835116706789],[797.066333222435787,67.194536067545414],[797.132569126144517,69.780889445915818],[797.253116401610896,74.576209804974496],[797.599369206349365,88.218421138823032],[798.13410731597105,88.213364870287478],[811.951541270653252,87.849565219134092],[811.930801449343562,86.539617089554667],[817.109818609780632,86.357423330657184],[817.01254204363795,83.138497030362487],[816.921836649009492,79.730759047903121],[816.749660990433767,73.892252488993108],[816.726233854191378,73.181887285783887],[816.514404633839149,65.800450246781111],[816.450379535439424,63.4472372001037],[816.290231948602013,57.997219157405198],[816.239179734722711,56.132411820814013],[816.215437707025558,55.388740865513682],[816.128405110619497,52.369570375420153],[809.938264450174756,52.550220297649503],[796.705950642877724,52.941798355430365],[796.800444638996851,56.749205336906016],[796.855805878527462,59.069191494956613]],[[811.608200203278102,66.557416694238782],[810.681075903761666,66.599490196444094],[810.729190822981764,68.153443656861782],[808.807470452855341,68.171611395664513],[808.731140459189191,66.284837185405195],[809.61680312192766,66.276464157737792],[809.480224408500362,62.436146214604378],[811.485499425907619,62.417188792489469],[811.608200203278102,66.557416694238782]]]}},
{"type":"Feature","properties":{"height_m":33.009998,"lidar_cover":0.86,"ground_z":43.419998},"geometry":{"type":"Polygon","coordinates":[[[633.04154592868872,338.315270214341581],[631.899437142943498,338.592566758394241],[632.821524225641042,345.956169872544706],[631.803057651151903,346.054647596552968],[632.220642361906357,349.55921427719295],[638.477619803044945,348.522847751155496],[638.772801517392509,350.574091458693147],[656.48633755731862,347.863647385500371],[656.090480138955172,345.76894536241889],[663.015336978016421,344.670756801962852],[662.492623429920059,341.533581358380616],[661.333698950882535,341.799929649569094],[660.974252752494067,339.138633153401315],[660.318894004623871,334.348378689028323],[659.201112262206152,334.547719893977046],[659.019810711441096,333.050542761571705],[666.161594695993699,331.916993234306574],[664.998342051170766,323.789569796994328],[660.241560095048044,324.423095385544002],[660.116489941312466,323.569355152547359],[656.300563383032568,323.849777755327523],[638.558851695270278,326.238503089174628],[628.942995098826941,328.172737688757479],[629.08562083367724,329.115134462714195],[624.128219621721655,329.739482819102705],[625.428354972915258,338.198690885677934],[626.946754196076654,337.951134864240885],[632.861922810669057,336.995724536478519],[633.04154592868872,338.315270214341581]],[[655.335753932362422,335.783463208004832],[655.65852109529078,338.100916306488216],[654.215210812457372,338.33665179554373],[654.502454197790939,340.432382956147194],[639.349357915692963,342.641136607155204],[638.953390049631707,340.535333546809852],[637.501936193206348,340.79335543513298],[637.080102663021535,337.72184297349304],[636.954398564819712,336.801491514779627],[655.111203762004152,334.131255004554987],[655.335753932362422,335.783463208004832]]]}},
{"type":"Feature","properties":{"height_m":21.42,"lidar_cover":0.88,"ground_z":38.830002},"geometry":{"type":"Polygon","coordinates":[[[853.005196010402869,107.357999877072871],[854.544907284667715,108.475950218737125],[859.976697691250592,101.440899704582989],[865.317744354018942,94.528842836618423],[863.549607823078986,93.113269308581948],[860.964715912763495,91.039237027987838],[859.891744582448155,92.448340688832104],[857.139221348974388,90.320378791540861],[858.261904637794942,88.866393419913948],[855.904385420260951,86.978964418172836],[854.658258631767239,85.980372085236013],[851.298461259924807,90.331149551086128],[849.459670332958922,90.281905588693917],[849.722008562006522,92.400083809159696],[850.490109108621255,98.521636020392179],[852.309007939998992,100.003344282507896],[850.915009380958509,101.926216599531472],[850.987830486614257,102.558394770137966],[851.448668842145707,106.229105819948018],[852.735939636011608,107.1606913395226],[853.005196010402869,107.357999877072871]],[[858.376539165270515,95.693603467196226],[856.420672855223529,98.287957728840411],[854.570870705763809,97.073010391555727],[856.641612847102806,94.255512024275959],[858.376539165270515,95.693603467196226]]]}},
{"type":"Feature","properties":{"height_m":4.0300002,"lidar_cover":0.84,"ground_z":38.959999},"geometry":{"type":"Polygon","coordinates":[[[843.49827104061842,92.558817357756197],[849.722008562006522,92.400083809159696],[849.459670332958922,90.281905588693917],[849.070534180442337,88.009484615176916],[852.350659470655955,84.070266745984554],[867.873856842285022,65.248516587540507],[856.578633447177708,65.477350488305092],[853.027942044311203,65.544204961508512],[853.030075731512625,66.654476322233677],[844.858795189065859,66.753888281062245],[844.898862165806349,68.341226601973176],[844.39754385035485,68.345963596366346],[844.499528865271714,72.064476639963686],[844.666473917546682,78.236120256595314],[841.28299954731483,78.312503495253623],[838.743409882823471,78.380913629196584],[838.905751906509977,86.717669397592545],[839.020471875730436,92.667748326435685],[841.576767076738179,92.59918032027781],[843.49827104061842,92.558817357756197]],[[845.647164795082062,82.978901598602533],[848.621332750364672,82.91749061550945],[848.742753517406527,86.92449592333287],[845.743521359050646,86.986143724061549],[845.647164795082062,82.978901598602533]]]}},
{"type":"Feature","properties":{"height_m":17.790001,"lidar_cover":0.86,"ground_z":38.77},"geometry":{"type":"Polygon","coordinates":[[[843.836877039342653,102.748094725422561],[850.987830486614257,102.558394770137966],[850.915009380958509,101.926216599531472],[850.490109108621255,98.521636020392179],[849.722008562006522,92.400083809159696],[843.49827104061842,92.558817357756197],[841.576767076738179,92.59918032027781],[839.020471875730436,92.667748326435685],[839.126588996383362,97.707469472661614],[839.225504848989658,102.869390787556767],[841.781796443334315,102.800822811201215],[843.836877039342653,102.748094725422561]],[[849.166865976236295,99.089284409768879],[846.176099034724757,99.16195507068187],[846.089393608737737,96.176089943386614],[849.080371579213534,96.125623111613095],[849.166865976236295,99.089284409768879]]]}},
{"type":"Feature","properties":{"height_m":35.369999,"lidar_cover":0.96,"ground_z":38.990002},"geometry":{"type":"Polygon","coordinates":[[[868.270507256675046,64.778447479940951],[869.998550875810906,66.37204755935818],[869.536945552274119,67.042582576163113],[870.412294081412256,67.711592206731439],[870.622749667149037,67.876148069277406],[873.164716836181469,69.828457211144269],[874.818266413290985,67.958652674220502],[877.277098771766759,69.956160093657672],[875.723498087667394,71.791711331345141],[877.533204043458682,73.18468941282481],[878.317625697236508,72.189121561124921],[879.529910853423644,73.143625879660249],[878.74527944176225,74.116989748552442],[880.226611304911785,75.246599833481014],[892.63419259537477,59.196749637834728],[887.930044226115569,50.381044424138963],[884.396370628674049,50.481031376868486],[867.905789772747084,50.936558075249195],[868.091522742062807,57.33008242584765],[870.013874982250854,57.378542015329003],[870.062988469959237,60.808878700248897],[868.191607955144718,60.848760964348912],[868.292951521929353,64.500662609934807],[868.270507256675046,64.778447479940951]],[[878.757540716906078,63.913295609876513],[871.884996374661569,67.042609971016645],[870.440127421403304,63.581045068800449],[877.364484024990816,60.628886695951223],[878.757540716906078,63.913295609876513]]]}},
{"type":"Feature","properties":{"height_m":14.99,"lidar_cover":0.9,"ground_z":46.580002},"geometry":{"type":"Polygon","coordinates":[[[542.441370398330037,106.024258093908429],[543.577475840924308,105.991269601508975],[545.574068328773137,105.939011838287115],[547.111226559674833,105.902217712253332],[549.525582381465938,105.845996347256005],[552.357596177083906,105.774709450080991],[553.451925339410082,105.742118949070573],[558.213584299315698,105.608111659996212],[568.706218777224422,105.342013129033148],[568.642112988862209,102.988801160827279],[568.476651918841526,96.11766024120152],[562.745774534705561,96.260856634005904],[557.933872393972706,96.384234625846148],[553.347457471536472,96.494373149238527],[542.295006696658675,96.765806850045919],[539.872292570071295,96.822109893895686],[536.363497878541239,96.899825419299304],[536.506829820747953,102.316692968830466],[536.601882477058098,106.168506194837391],[539.79317256482318,106.093804217875004],[540.110567299416289,106.079688801430166],[542.441370398330037,106.024258093908429]],[[558.044570724363439,100.124870141036808],[559.606901356426533,100.098942765034735],[559.616454122005962,101.986349464394152],[558.104150176397525,102.00069922581315],[558.044570724363439,100.124870141036808]]]}},
{"type":"Feature","properties":{"height_m":16.200001,"lidar_cover":0.92,"ground_z":43.450001},"geometry":{"type":"Polygon","coordinates":[[[542.342700534674805,162.539091438986361],[542.348768574243877,161.417638201266527],[544.403832168434747,161.364824822172523],[546.274765242589638,161.280450752004981],[546.30285494425334,162.479300285689533],[552.042456420022063,162.380418631248176],[551.982211122754961,161.315109367482364],[553.268596170353703,161.269593158736825],[556.283770616282709,161.129951640963554],[556.361779166269116,162.306121633388102],[557.481270725023933,162.284395709633827],[559.753674654755741,162.240627266466618],[559.695392843859736,159.620889610610902],[561.257499939645641,159.572758581489325],[561.175727682188153,154.477291228249669],[559.597014409257099,154.536682748235762],[559.545612974790856,151.761438868008554],[553.555768120801076,151.907100787386298],[553.096231414587237,151.911461602896452],[549.554042601492256,151.989488210529089],[547.072860485350247,152.046344115398824],[544.207443970430177,152.11795049905777],[540.63183440908324,152.196298672817647],[537.808088648540433,152.256409153342247],[537.953105734777637,157.850908005610108],[538.073614470427856,162.62402290571481],[540.872395952348597,162.575252311304212],[542.342700534674805,162.539091438986361]],[[553.153535098885186,155.308413376100361],[553.176396731461864,157.717531526461244],[550.594638034759555,157.742031919769943],[550.538881492218934,155.388740563765168],[553.153535098885186,155.308413376100361]],[[547.005365679506212,155.499994934536517],[547.027807910519186,157.864705383777618],[544.296393098018598,157.968348824419081],[544.265067930915393,155.548208034597337],[547.005365679506212,155.499994934536517]]]}},
{"type":"Feature","properties":{"height_m":12.92,"lidar_cover":0.79,"ground_z":46.919998},"geometry":{"type":"Polygon","coordinates":[[[566.886473764199764,88.80481636710465],[569.367677589762025,88.747967530041933],[569.79369182838127,88.7328229425475],[569.766975346836261,87.678298532962799],[576.892981832206715,87.499667478725314],[576.670621361641679,80.795610326342285],[575.957268950995058,59.329321464523673],[571.120592205377761,59.486233933828771],[566.217073045554571,59.643783812411129],[566.276721454341896,62.407846121117473],[566.356977680756245,65.582521138712764],[566.620813431567512,77.53786797542125],[566.703492133237887,80.967887356877327],[566.886473764199764,88.80481636710465]],[[573.177896936133038,72.879049628041685],[569.685801226994954,72.956590319052339],[569.620887832366861,69.637431681156158],[573.088235180475749,69.593434547074139],[573.177896936133038,72.879049628041685]]]}},
{"type":"Feature","properties":{"height_m":15.76,"lidar_cover":0.92,"ground_z":42.860001},"geometry":{"type":"Polygon","coordinates":[[[538.285697710292879,170.882587862201035],[538.431979021988809,176.610310004092753],[541.631487833627034,176.524427221156657],[548.707170191220939,176.335141189396381],[552.22407081304118,176.235148030333221],[558.021515565691516,176.06910439953208],[557.898425980703905,172.783806039951742],[557.866828934289515,172.095724399201572],[557.798262158234138,170.153362835757434],[557.768350642931182,169.642912033945322],[556.74129407905275,169.719275438226759],[556.707938693463802,167.965329513885081],[557.701996115618385,167.933690946549177],[557.691744682961144,167.733935541473329],[557.5567179400241,164.071250987239182],[557.481270725023933,162.284395709633827],[556.361779166269116,162.306121633388102],[554.473609138629399,162.335142035037279],[554.48403892153874,163.434232813306153],[552.061557837179862,163.512735905125737],[552.042456420022063,162.380418631248176],[546.30285494425334,162.479300285689533],[546.304509313893504,163.534062656573951],[544.182394004019443,163.565306035801768],[544.147318521980196,162.51086085382849],[542.342700534674805,162.539091438986361],[540.872395952348597,162.575252311304212],[538.073614470427856,162.62402290571481],[538.136571143695619,164.855113737285137],[538.285697710292879,170.882587862201035]],[[545.361120698798914,166.263233186677098],[545.403993045154493,168.139220990240574],[542.295966168865561,168.179822043515742],[542.211949256015942,166.370842315256596],[545.361120698798914,166.263233186677098]],[[554.294624728150666,169.009699542075396],[551.346505847235676,169.170911465771496],[551.296649477852043,167.439327985979617],[551.294647706730757,167.228391370736063],[554.226689100323711,167.133949572220445],[554.294624728150666,169.009699542075396]]]}},
{"type":"Feature","properties":{"height_m":21.98,"lidar_cover":0.95,"ground_z":46.360001},"geometry":{"type":"Polygon","coordinates":[[[582.905619780358393,66.8467086115852],[582.958206436713226,68.866942011751235],[585.55586492526345,68.753479656763375],[585.654998058162164,73.038268106989563],[583.065064585825894,73.085039640776813],[583.086408588394988,73.573365855030715],[583.196741725259926,78.15782705694437],[586.062082302290946,78.075134557671845],[589.035936494939961,77.98031108174473],[590.005045737256296,77.960016769357026],[593.288046012516133,77.862263014540076],[597.364694359188434,77.745881396345794],[599.077214584161993,77.696332516148686],[598.512104331981391,58.637971582822502],[590.509287210181355,58.880411103367805],[582.706998103181832,59.120957423001528],[582.773942479107063,61.77392128482461],[582.905619780358393,66.8467086115852]],[[589.726885612122715,68.014434994198382],[589.664892595319543,65.883261560462415],[595.487491986481473,65.717011330649257],[595.490890836692415,67.837637530639768],[589.726885612122715,68.014434994198382]],[[589.964922801475041,76.372679160907865],[589.853503945923876,72.554330017417669],[593.721167382842395,72.428825563751161],[593.774202386499383,76.258831347338855],[589.964922801475041,76.372679160907865]]]}},
{"type":"Feature","properties":{"height_m":23.07,"lidar_cover":0.96,"ground_z":45.380001},"geometry":{"type":"Polygon","coordinates":[[[480.235387638094835,156.644716694951057],[482.223294465336949,156.559214859269559],[483.008367679431103,156.518448363058269],[489.272875933442265,156.259089760482311],[491.887318131746724,156.156536562368274],[493.566187877673656,156.085076047107577],[497.065860557020642,155.929705264978111],[500.48219212674303,155.797333516180515],[500.080977521720342,143.465790407732129],[496.631008353957441,143.576275830157101],[491.292969710077159,143.726901659741998],[488.912258362630382,143.805029027163982],[479.815107822883874,144.069090624339879],[480.060490861884318,151.42800148203969],[480.131504239747301,153.625706835649908],[480.235387638094835,156.644716694951057]],[[491.817257352580782,154.058748474344611],[489.253156564955134,154.183029373176396],[489.156025806441903,151.874542776495218],[491.746036632102914,151.838839195668697],[491.817257352580782,154.058748474344611]]]}},
{"type":"Feature","properties":{"height_m":21.610001,"lidar_cover":0.95,"ground_z":46.040001},"geometry":{"type":"Polygon","coordinates":[[[488.912258362630382,143.805029027163982],[491.292969710077159,143.726901659741998],[496.631008353957441,143.576275830157101],[500.080977521720342,143.465790407732129],[499.704274824995082,131.955631423741579],[497.481992751825601,131.998942507430911],[496.312470502860378,132.03225570358336],[492.243997502024285,132.126411453820765],[490.982462229789235,132.149496522732079],[488.543154963466804,132.217077551409602],[484.482931851525791,132.300056380219758],[482.127177013200708,132.366845906712115],[479.42875204491429,132.425788543187082],[479.662088984623551,139.396211192943156],[479.815107822883874,144.069090624339879],[488.912258362630382,143.805029027163982]],[[491.197254124563187,136.28884869068861],[488.708027766901068,136.379109689034522],[488.632247105415445,134.558949217200279],[491.095986597356386,134.424518568441272],[491.197254124563187,136.28884869068861]]]}},
{"type":"Feature","properties":{"height_m":15.96,"lidar_cover":0.93,"ground_z":45.66},"geometry":{"type":"Polygon","coordinates":[[[516.435421004309319,126.933673803694546],[516.518418406718411,127.754502405412495],[519.358146393322386,127.616511590778828],[519.390963261481375,126.672451197169721],[521.328957909776364,126.609640026465058],[522.832901562098414,126.595361836254597],[522.871429575490765,128.893301998265088],[524.842739202314988,128.819072547368705],[527.298547384270933,128.729141287505627],[527.171995050215628,124.200348423793912],[527.031080051965546,119.038825104013085],[526.887319382978603,113.57754981610924],[526.771967672044411,109.348429753445089],[524.583099719486199,109.391415152698755],[522.252297717903275,109.446851630695164],[522.357035520311911,111.67754559032619],[520.777680624800269,111.670333908870816],[518.914352289226372,111.676921603269875],[519.00544525514124,110.710102093406022],[515.855933524668217,110.784416617825627],[515.931840766279493,111.73854764085263],[512.916540708974935,111.867103800177574],[511.972607196657918,111.898272418417037],[511.887606267584488,110.866507280617952],[511.8429058190668,109.678918500430882],[511.358406026847661,109.694621866568923],[510.13039331935579,109.728488131426275],[502.335882567684166,109.902430949732661],[502.431480598461349,113.809753624722362],[504.436847840202972,113.801812836900353],[504.390459346526768,112.436593261547387],[506.888365555671044,112.379564202390611],[507.323622128635179,124.777401170693338],[502.736698142718524,124.832062377594411],[502.865690658101812,129.616199315525591],[512.454975407861639,129.258670778945088],[512.400893160956912,127.08301049284637],[513.328325033304282,127.074204427190125],[516.435421004309319,126.933673803694546]],[[519.293505407869816,121.688162134028971],[514.741265461780131,121.875721519812942],[514.627620989922434,116.947100812569261],[519.096100691938773,116.738130806013942],[519.293505407869816,121.688162134028971]]]}},
{"type":"Feature","properties":{"height_m":21.75,"lidar_cover":0.9,"ground_z":47.93},"geometry":{"type":"Polygon","coordinates":[[[478.22708411043277,96.530333512462676],[478.332550368038937,99.71587198972702],[478.461793340218719,103.645080804824829],[482.037426904251333,103.566702193580568],[486.11416578234639,103.461359608918428],[486.76577136956621,103.444067281670868],[489.681338719383348,103.37196221575141],[492.880985276482534,103.297160193324089],[495.537644766271114,103.238619479350746],[496.180789668811485,103.21030542626977],[496.055799483845476,98.848041938617826],[492.756309432501439,98.968202518299222],[492.585664564336184,93.318433088250458],[494.114891938690562,93.326114792376757],[494.044831768376753,91.228326889686286],[495.815835609624628,91.17819803301245],[497.595089313690551,91.116888333112001],[497.505472799297422,88.719507114961743],[492.452211496187374,88.945147133432329],[490.472641294705682,89.03056656382978],[488.392913143034093,89.128040802665055],[486.32143486716086,89.214334348216653],[483.07228311675135,89.356226959265769],[481.585464036092162,89.414762285538018],[477.993851165927481,89.571013265289366],[478.121090473025106,93.289285419508815],[478.22708411043277,96.530333512462676]],[[486.478635529696476,91.688794046640396],[490.08737979689613,91.576796254143119],[490.245739067555405,94.173377213999629],[486.461640662048012,94.298143511638045],[486.478635529696476,91.688794046640396]]]}},
{"type":"Feature","properties":{"height_m":17.209999,"lidar_cover":0.88,"ground_z":48.82},"geometry":{"type":"Polygon","coordinates":[[[477.75713759183418,82.245329539291561],[477.865029792999849,85.686212244443595],[477.993851165927481,89.571013265289366],[481.585464036092162,89.414762285538018],[483.07228311675135,89.356226959265769],[486.32143486716086,89.214334348216653],[488.392913143034093,89.128040802665055],[490.472641294705682,89.03056656382978],[490.240790934476536,82.215571182779968],[490.135224462370388,79.018930752761662],[489.964341706945561,74.224089176394045],[489.952084850228857,73.813397280871868],[489.882234355434775,71.73781331628561],[489.686837669927627,66.121588014997542],[489.665171009371988,65.599956229329109],[489.606944617407862,63.868452628143132],[489.546925601316616,61.948216293007135],[483.156373079516925,62.142152586020529],[477.083322838298045,62.333078294992447],[477.664666888013016,79.54819651786238],[477.75713759183418,82.245329539291561]],[[487.221682515228167,81.944468565285206],[480.112803290307056,82.167436867021024],[479.944924861367326,79.44881431479007],[487.128266274463385,79.147418135777116],[487.221682515228167,81.944468565285206]]]}},
{"type":"Feature","properties":{"height_m":21.83,"lidar_cover":0.96,"ground_z":39.59},"geometry":{"type":"Polygon","coordinates":[[[857.014487388718408,10.78027561865747],[857.369783432397526,13.008604810573161],[857.787866962666158,15.691560343839228],[858.339356432843488,19.228180007077754],[858.570544868533034,20.702683554962277],[858.82826760871103,22.332377240993083],[859.325953276245855,25.480903280898929],[865.942030784848612,25.274066899903119],[872.674978650524281,25.055029812268913],[872.177403646812309,21.917604849673808],[870.132038990966976,8.846588575281203],[869.785626413999125,6.673689510673285],[869.358667237043846,3.935302673839033],[868.380432121804915,-2.317500608973205],[865.142946644220501,-1.820597583428025],[864.758286597381812,-4.503869149833918],[867.953996310243383,-5.000377723947167],[865.935047396400478,-17.927304216660559],[863.789071730687283,-17.762695414014161],[860.507285544474144,-17.531841919757426],[860.896632484800648,-15.237216832116246],[853.022103834431618,-14.674297002144158],[856.169544109085109,5.370035943575203],[857.014487388718408,10.78027561865747]],[[865.567627139156684,9.522568669170141],[866.257622994366102,13.568614532239735],[864.263521504937671,13.887229609303176],[863.974895185208879,12.524297626689076],[861.829977350658737,12.799926362000406],[861.453776927082799,10.127677897922695],[865.567627139156684,9.522568669170141]],[[866.032759551540948,16.302055389620364],[866.412489470967557,18.463536694645882],[863.199764919350855,18.926898177713156],[862.837269152048975,16.820768787525594],[866.032759551540948,16.302055389620364]]]}},
{"type":"Feature","properties":{"height_m":21.65,"lidar_cover":0.95,"ground_z":39.240002},"geometry":{"type":"Polygon","coordinates":[[[872.674978650524281,25.055029812268913],[878.923525894992054,24.862779587507248],[885.456050590611994,24.656750163063407],[885.379499067901634,21.859538890421391],[885.36736951128114,21.459948553703725],[885.289140537206549,18.485106525011361],[883.643868058279622,18.578363916836679],[883.558823690109421,14.881896902807057],[885.187700793845579,14.822103076614439],[885.112407248700038,12.158114925958216],[885.036589484021533,9.438617172650993],[884.907221102737822,4.587865814566612],[877.43010113958735,4.758404714055359],[877.478903007693589,5.501839004456997],[869.785626413999125,6.673689510673285],[870.132038990966976,8.846588575281203],[872.177403646812309,21.917604849673808],[872.674978650524281,25.055029812268913]],[[877.405459891830105,16.305667382664979],[873.587582412234042,16.397240477614105],[873.491484441445209,13.300435217097402],[877.359390916128177,13.197286698035896],[877.405459891830105,16.305667382664979]]]}},
{"type":"Feature","properties":{"height_m":24.35,"lidar_cover":0.94,"ground_z":40.810001},"geometry":{"type":"Polygon","coordinates":[[[804.425722294487059,-5.521428537555039],[806.263698426017072,-5.561011116020381],[806.344059044844471,-2.364131193608046],[804.573346673569176,-2.280772894620895],[804.698360514012165,2.103696848265827],[806.477951990207657,2.075769188813865],[809.075951119128149,1.995693203993142],[811.014504785649478,1.988469697535038],[810.982721690204926,1.278183571994305],[812.861948262201622,1.182698093354702],[812.900867732707411,2.647915007546544],[813.02041916543385,6.455084851011634],[811.683768718212377,6.489926507696509],[806.011202338384464,6.621274430304766],[803.387928822485264,6.679384680464864],[803.348629319574684,6.057992955669761],[797.901972726569511,6.220520095899701],[798.008220685471315,6.852381695993245],[795.251576154259965,6.945064715109766],[795.262660923530348,7.233635718002915],[795.286300133098848,7.96620465349406],[795.302948661497794,8.843177599832416],[795.680864577996545,24.949935583397746],[795.706813227967359,25.92674686294049],[795.734021593758371,27.036781227216125],[811.531056646432262,26.576544651761651],[827.687373197055422,26.112946923822165],[827.124781618011184,5.489047785289586],[826.568025798420422,-15.401375803165138],[824.313116505683865,-15.269034433178604],[817.832262808806263,-14.896895260550082],[808.64551904972177,-14.365934846922755],[806.023077594931237,-14.219010260887444],[805.146180315641686,-14.166308214887977],[787.758109197253361,-13.169176829047501],[788.08286460977979,2.616098732687533],[801.907977713504806,2.163387518376112],[801.575358474219684,-8.270208365283906],[804.365325452235993,-8.374306806363165],[804.425722294487059,-5.521428537555039]],[[817.578037452825811,-8.199434441514313],[817.495308106590528,-10.763425808399916],[819.182678544893861,-10.8237872896716],[819.306869445717894,-8.293496570549905],[817.578037452825811,-8.199434441514313]],[[810.878416576771997,-7.10353147983551],[810.830890625831671,-9.479106062091887],[814.990933129563928,-9.61835812125355],[815.096000953170005,-7.343253717757761],[810.878416576771997,-7.10353147983551]],[[818.038168104016222,2.46611759159714],[817.983968149521388,0.268252708949149],[819.554465572931804,0.220098922029138],[819.692428745562211,2.439377878792584],[818.038168104016222,2.46611759159714]],[[819.013917162606958,12.871428878977895],[818.994398256822024,10.806471122428775],[823.664211777737364,10.673508146777749],[823.692714318691287,12.804998464882374],[819.013917162606958,12.871428878977895]],[[810.515689700085204,11.0975760249421],[812.863129392324481,11.0309729417786],[812.946909869962838,13.705983594059944],[810.591325583984144,13.794869496487081],[810.515689700085204,11.0975760249421]],[[799.41266012127744,11.335783350281417],[801.635189003136475,11.314769337885082],[801.770344451710116,15.887892842292786],[799.564527708280366,15.90874882787466],[799.41266012127744,11.335783350281417]],[[799.682133986381814,20.393214954063296],[799.64652861043578,18.39502670429647],[801.868425521417521,18.307401196099818],[801.904345183807891,20.338895219378173],[799.682133986381814,20.393214954063296]],[[812.944272570195608,22.266356510110199],[810.496677172952332,22.34500939771533],[810.406662577122916,18.126752361655235],[812.796086705871858,18.081958133727312],[812.944272570195608,22.266356510110199]],[[824.184302552370355,24.147531533613801],[821.786210272519384,24.159095229580998],[821.711208171094768,21.528413191437721],[824.142303030705079,21.472125895321369],[824.184302552370355,24.147531533613801]]]}},
{"type":"Feature","properties":{"height_m":23.6,"lidar_cover":0.94,"ground_z":41.68},"geometry":{"type":"Polygon","coordinates":[[[795.680864577996545,24.949935583397746],[795.302948661497794,8.843177599832416],[795.286300133098848,7.96620465349406],[795.262660923530348,7.233635718002915],[795.251576154259965,6.945064715109766],[795.238391851598863,6.434455243870616],[792.498247966752388,6.504777451977134],[792.461843899742234,5.306006749160588],[787.215400929213502,5.433339941315353],[787.243450488662347,6.632189642637968],[784.695375376031734,6.68959553539753],[784.680405449995305,5.990253374911845],[783.786484985030256,6.009810307063162],[777.788163521559909,6.155364044010639],[777.717930696962867,3.147137916646898],[783.716359650017694,3.012686076574028],[785.704625490470789,2.960573975928128],[785.593371153401677,-1.73490746691823],[784.390300413651858,-1.712426981888711],[784.332310492871329,-4.309960960410535],[785.535276673734188,-4.343543374910951],[785.401221981330309,-9.682778277434409],[784.206610308494419,-9.649274870753288],[784.153345034108497,-11.7472222764045],[783.841360460268334,-12.04405050445348],[783.340141516760923,-12.028207425959408],[783.323386574571487,-12.9162822579965],[771.180200664210133,-12.212975666858256],[764.457044841255993,-11.83849663566798],[763.237681712780613,-11.771446875296533],[763.400179739110172,-6.077187784016132],[764.37369511637371,27.932940900325775],[779.961948864511214,27.485713322646916],[795.734021593758371,27.036781227216125],[795.706813227967359,25.92674686294049],[795.680864577996545,24.949935583397746]],[[778.851625768467784,-7.744442737661302],[778.903947575890925,-5.746412648819387],[774.400916455080733,-5.648307275958359],[774.357053805724718,-7.635314452461898],[778.851625768467784,-7.744442737661302]],[[767.85049938375596,-5.564140958711505],[767.806634934619069,-7.551148118451238],[772.301101822929922,-7.671382396481931],[772.314182728354353,-7.171874881722033],[771.261508160387166,-7.150814802385867],[771.287670114426874,-6.151799774728715],[772.331884133280255,-6.183882741257548],[772.34507004840998,-5.673273300752044],[767.85049938375596,-5.564140958711505]],[[768.384431517450139,4.945270576514304],[768.332001771079376,2.936138573102653],[772.834817523718812,2.815825507976115],[772.847898395964876,3.315333032049239],[771.795225354668219,3.336393052712083],[771.821492254792247,4.346510021947324],[772.874060138128698,4.314348080195487],[772.887141008104663,4.813855606131256],[768.384431517450139,4.945270576514304]],[[772.23415148165077,12.636485597118735],[772.294725501793437,14.623334764502943],[767.792127142543904,14.765852104872465],[767.748052588198334,12.756641036830842],[772.23415148165077,12.636485597118735]],[[789.063084159046412,11.722323418594897],[791.068058354023378,11.670054737478495],[791.160813755181152,16.176961639896035],[789.172446556040086,16.21797036100179],[789.063084159046412,11.722323418594897]],[[778.428061329876073,11.96724016405642],[780.424785072100349,11.926149480044842],[780.525797473557759,16.42187537997961],[780.024580506025814,16.437718715518713],[780.006355109100696,15.394216915592551],[779.003816031734459,15.414801766164601],[779.022041573247407,16.458303562365472],[778.520824609266128,16.474147001281381],[778.428061329876073,11.96724016405642]],[[789.325247579603456,22.656216943636537],[789.215885250014253,18.160569957457483],[789.717207089997828,18.155829182825983],[789.743786454142537,19.199251979589462],[790.746325005253311,19.178668612614274],[790.71139042172581,18.135324823670089],[791.212607278954238,18.119482230395079],[791.321968367206864,22.615129231475294],[789.325247579603456,22.656216943636537]],[[768.0864377906546,24.67797311488539],[767.951996164221782,20.182563388720155],[768.453212863823865,20.166719214059412],[768.488255676464178,21.221164862625301],[769.482333573163487,21.189555657096207],[769.455751284025609,20.146132894791663],[769.956967987178359,20.130288824439049],[770.083158026274759,24.636879531666636],[768.0864377906546,24.67797311488539]]]}},
{"type":"Feature","properties":{"height_m":23.18,"lidar_cover":0.92,"ground_z":47.689999},"geometry":{"type":"Polygon","coordinates":[[[555.260969372466207,16.357509324327111],[555.307453654473647,17.733830839395523],[555.321286972728558,18.31105163320899],[555.401475641527213,20.597493120469153],[555.516211425419897,23.882869985885918],[555.611918846843764,26.924163093790412],[555.704887257830705,29.676806169562042],[555.740803851978853,30.820066574960947],[555.856698259070981,34.227564667351544],[561.846113929059356,34.026396240107715],[567.777042381465435,33.82578765694052],[567.677969623939134,30.429232828319073],[567.665822511189617,30.029642806388438],[567.632856949348934,29.197236258536577],[567.570120159594808,26.98834958858788],[567.530097693786956,25.41211409214884],[567.454476464772597,22.72592394426465],[567.392055606585927,20.550343070179224],[567.389949071453884,20.328304579481483],[567.377275309467223,19.873204939998686],[567.302285990968812,17.253626363351941],[567.29129745287355,16.976157520897686],[567.202686392993201,13.801562001928687],[567.00222314381972,6.764210240915418],[556.151007018750533,7.122533992864192],[554.956503709661774,7.167177225463092],[555.051157914102077,10.097451006062329],[555.182150142965838,14.215392872691154],[555.260969372466207,16.357509324327111]],[[565.307359127677046,22.768500351347029],[563.953579845896456,22.759138674475253],[563.817012977495324,20.695290524512529],[565.253714307968039,20.637247913517058],[565.307359127677046,22.768500351347029]]]}},
{"type":"Feature","properties":{"height_m":20.059999,"lidar_cover":0.85,"ground_z":46.290001},"geometry":{"type":"Polygon","coordinates":[[[585.580767875071615,22.043243523687124],[585.696753529948182,25.461843805387616],[589.096331475069746,25.318571270443499],[589.135085717192851,26.76158373337239],[591.825089475256391,26.691659830510616],[591.905898327298928,29.044713158160448],[585.816951076791156,29.324521090835333],[585.837873735057656,29.768439581617713],[585.945714506728109,33.209323002956808],[592.528255851299036,32.991451472975314],[598.058233947551344,32.805773220025003],[597.477185647701845,12.948154306970537],[595.522449563024566,13.011103162541986],[594.561897559324279,13.053521238267422],[591.863849217072129,13.156829075887799],[591.412764388369396,13.172210030257702],[589.257604734390043,13.248164307326078],[588.280236741469707,13.279639780521393],[585.306250635592733,13.363361312076449],[585.401313734648284,16.338043065741658],[585.495639701199252,19.235011362470686],[585.500272854580544,19.723496040329337],[585.52277502551442,20.333943390287459],[585.580767875071615,22.043243523687124]],[[595.001561219105497,27.69410705100745],[594.124775297532324,27.757936681620777],[594.096904271049425,26.58129115216434],[594.974006189149804,26.550767294131219],[595.001561219105497,27.69410705100745]]]}},
{"type":"Feature","properties":{"height_m":20.57,"lidar_cover":0.95,"ground_z":48.8},"geometry":{"type":"Polygon","coordinates":[[[490.805333752883598,20.244773927144706],[490.8341453098692,22.398467999882996],[492.755562547361478,22.34691016189754],[492.811417510733008,25.588434178382158],[492.832531277032103,26.931687746196985],[492.172141663730145,26.90465109795332],[492.234665193129331,29.968464978039265],[490.973006655636709,29.980447904206812],[491.045573167735711,33.221813238225877],[491.106515538296662,36.119098265655339],[498.124058495333884,35.952523807995021],[503.153239738137927,35.827043577097356],[503.074958937242627,32.863305645063519],[502.993409907678142,29.555408051237464],[501.373209059878718,29.648514436557889],[501.311005688156001,26.618006301112473],[500.325495128985494,26.671776878647506],[500.223992209939752,22.142746940255165],[502.796706177934539,22.040595032274723],[502.742515808378812,19.853833213448524],[502.642252833000384,16.335157804191113],[502.586164760228712,13.948561358265579],[502.494784224021714,10.485316261649132],[502.443440288712736,8.598306448198855],[494.557438550284132,8.8286387110129],[490.581121728173457,8.955227426253259],[490.754855581559241,17.569448107853532],[490.805333752883598,20.244773927144706]],[[497.840708534815349,14.9151695324108],[497.897351482650265,16.480144178494811],[496.861496465979144,16.512187458574772],[495.750443125201855,16.54494505841285],[495.750600331230089,14.801784162409604],[494.672045032610185,13.857175782322884],[494.627552532416303,12.691791096702218],[498.52010271162726,12.54379422031343],[498.526613278314471,14.109244956634939],[497.840708534815349,14.9151695324108]]]}},
{"type":"Feature","properties":{"height_m":22.120001,"lidar_cover":0.92,"ground_z":48.5},"geometry":{"type":"Polygon","coordinates":[[[502.742515808378812,19.853833213448524],[502.796706177934539,22.040595032274723],[502.993409907678142,29.555408051237464],[503.074958937242627,32.863305645063519],[503.153239738137927,35.827043577097356],[510.086491618305445,35.583560694940388],[514.037622448580805,35.446118590421975],[513.951623212720733,32.549071475863457],[513.873873889737297,29.640843120403588],[513.695656115829479,23.191735395230353],[513.648531460319646,21.748802493326366],[513.476954299723729,15.999116105027497],[513.304849962471053,10.193920142948627],[502.494784224021714,10.485316261649132],[502.586164760228712,13.948561358265579],[502.642252833000384,16.335157804191113],[502.742515808378812,19.853833213448524]],[[507.281737153069116,28.848511032760143],[507.140913651848678,23.698090597055852],[509.13763423677301,23.656924982555211],[509.30310071806889,28.762699728831649],[507.281737153069116,28.848511032760143]]]}},
{"type":"Feature","properties":{"height_m":3.72,"lidar_cover":0.9,"ground_z":49.619999},"geometry":{"type":"Polygon","coordinates":[[[424.79215348220896,14.110374135896564],[432.544251841201913,13.859032678417861],[432.566239261592273,14.413970079272985],[432.651743422960863,17.255506915040314],[437.36343345901696,17.132999256253242],[439.460209274431691,17.068657544441521],[440.145244108571205,17.051043444313109],[443.436837900721002,16.975346442312002],[443.996542191307526,16.958923895843327],[447.86455106822541,16.866647583432496],[450.654717221739702,16.784616407938302],[450.526514125114772,12.966427669860423],[450.396411850000732,8.948404308408499],[447.581071024527773,9.019571844488382],[444.782335474796128,9.079479730688035],[443.779900984838605,9.111212957650423],[439.920348865096457,9.214513910003006],[436.971427616605069,9.298058168031275],[433.905425570730586,9.371613634750247],[433.420919111114927,9.387322137132287],[430.354917106451467,9.460879105143249],[419.244057276868261,9.755259042605758],[419.216157821007073,8.578613872639835],[408.657279653300066,8.923276635818183],[404.497145000554156,9.051660642027855],[402.082968093862291,9.130133869126439],[396.636527457914781,9.315167087130249],[396.802390151657164,14.454245891422033],[410.635722148232162,13.98960501421243],[424.76995437417645,13.533232901245356],[424.79215348220896,14.110374135896564]],[[443.927080927533098,15.804879578761756],[440.13469191850163,15.940850941464305],[440.030897119373549,12.93294401653111],[443.856603690015618,12.78555304557085],[443.927080927533098,15.804879578761756]]]}},
{"type":"Feature","properties":{"height_m":23.67,"lidar_cover":0.91,"ground_z":49.689999},"geometry":{"type":"Polygon","coordinates":[[[410.976642985246144,23.479367537423968],[411.045038225885946,25.399523910135031],[411.213123153080232,29.894611922092736],[411.383108158363029,34.589534622617066],[411.519792811945081,38.418745517730713],[418.462029713205993,38.24170686211437],[425.554557495051995,38.052143141627312],[425.33661235566251,30.948340692557395],[425.092017740826122,23.678247748874128],[425.086740479455329,23.123151487670839],[424.911909251648467,17.91754009667784],[424.889815700647887,17.351500786840916],[424.79215348220896,14.110374135896564],[424.76995437417645,13.533232901245356],[410.635722148232162,13.98960501421243],[410.762679503532127,17.674570204690099],[410.976642985246144,23.479367537423968]],[[419.104672810179181,25.855830907821655],[416.631908382987604,25.923753509297967],[416.651168760261498,25.312909288331866],[416.241333835874684,25.272394335828722],[416.200027897022665,22.685804640874267],[419.842227742192335,22.573454448953271],[419.898009828757495,25.803876374848187],[419.104672810179181,25.855830907821655]],[[418.54465924797114,31.112840790301561],[418.593824902432971,31.889578357338905],[416.822912219562568,31.950827869586647],[416.790140408673324,31.140625647269189],[418.54465924797114,31.112840790301561]]]}},
{"type":"Feature","properties":{"height_m":22.68,"lidar_cover":0.89,"ground_z":50.8},"geometry":{"type":"Polygon","coordinates":[[[396.942778161959723,18.67202387098223],[397.099968504626304,23.777876441366971],[397.167733901180327,25.631421175785363],[397.392055889358744,32.524207004345953],[397.593859629123472,38.806545932777226],[405.513354837778024,38.586891630664468],[411.519792811945081,38.418745517730713],[411.383108158363029,34.589534622617066],[411.213123153080232,29.894611922092736],[411.045038225885946,25.399523910135031],[410.976642985246144,23.479367537423968],[410.762679503532127,17.674570204690099],[410.635722148232162,13.98960501421243],[396.802390151657164,14.454245891422033],[396.920154480263591,18.050474991090596],[396.942778161959723,18.67202387098223]],[[405.08840487501584,25.533887764438987],[405.11092227534391,26.144334743730724],[402.554815532348584,26.235260580666363],[401.652542219380848,26.254944233223796],[401.5469365423196,23.058304890058935],[405.005318127165083,22.947695368900895],[405.08840487501584,25.533887764438987]],[[405.287245807761792,31.505372849293053],[405.311241250718012,32.271246791817248],[403.398287700721994,32.333850357681513],[403.374292055086698,31.567976421676576],[405.287245807761792,31.505372849293053]]]}},
{"type":"Feature","properties":{"height_m":21.83,"lidar_cover":0.97,"ground_z":44.82},"geometry":{"type":"Polygon","coordinates":[[[478.157740293769166,300.325271738693118],[476.122040843882132,301.532625745981932],[478.329895911854692,305.253337911330163],[479.739402782870457,307.615974553860724],[493.786147664766759,298.888872051611543],[496.219054299406707,287.596289061009884],[494.647006949584465,284.835487625561655],[492.947523480281234,281.853838326409459],[490.495961411856115,283.264990862458944],[484.478957231563982,286.697438017465174],[479.317994038981851,289.644331618212163],[472.594723842630628,293.49430713430047],[471.663915885903407,294.024988762103021],[473.056611459236592,296.376680953428149],[475.017643846338615,295.225550170987844],[477.368169907247648,299.011524153873324],[478.157740293769166,300.325271738693118]],[[486.949016839382239,293.391247511841357],[484.347912705794442,294.892646248452365],[482.173688923066948,291.193818678148091],[484.907842076616362,289.624537702649832],[486.949016839382239,293.391247511841357]]]}},
{"type":"Feature","properties":{"height_m":21.440001,"lidar_cover":0.92,"ground_z":46.880001},"geometry":{"type":"Polygon","coordinates":[[[429.875046413915697,326.387504026293755],[425.159148339822423,319.015580589883029],[422.21804353693733,320.786705288104713],[422.719117727596313,321.636866897344589],[419.446664147544652,323.710922512225807],[418.767917476245202,322.629288936033845],[418.183187129208818,321.768820124678314],[424.294058260275051,317.669247820042074],[422.436651693598833,314.777939457446337],[421.342596916365437,313.0784901836887],[410.152987202338409,319.979889025911689],[407.818846417765599,321.434365364722908],[414.801548541348893,332.570822501555085],[421.733255113125779,343.618947521783412],[435.464270816999488,335.094583136960864],[434.565131245879456,333.681955274194479],[429.875046413915697,326.387504026293755]],[[427.969549450906925,333.378262709826231],[424.414296424249187,335.588240121491253],[422.405026339984033,332.542934619821608],[426.117969922954217,330.220427632331848],[427.969549450906925,333.378262709826231]]]}},
{"type":"Feature","properties":{"height_m":21.27,"lidar_cover":0.92,"ground_z":46.639999},"geometry":{"type":"Polygon","coordinates":[[[394.226914543658495,299.779682348482311],[396.386343038699124,298.404584121890366],[407.008991849957965,291.63068885076791],[407.856245017785113,291.100793424993753],[405.986127359268721,288.631521492265165],[403.066571363189723,284.762158293277025],[400.527847467223182,281.399909051135182],[397.972199911950156,278.015615764074028],[396.787389803968836,276.43916554749012],[393.394026128051337,271.952548484317958],[392.606971696368419,270.905256296508014],[391.38842215097975,269.295819061808288],[389.659424613520969,271.122044332325459],[381.627232792787254,279.669994653202593],[392.716483751952183,297.351404158398509],[394.226914543658495,299.779682348482311]],[[391.572216762288008,278.076491680927575],[393.762039693305269,281.653012380003929],[390.952706921380013,283.223043280653656],[388.58700417453656,279.603784763254225],[391.572216762288008,278.076491680927575]],[[401.019343362189829,286.513686994090676],[402.87697668466717,289.427193781360984],[399.164018957817461,291.749712387099862],[397.339382527046837,288.791480933316052],[401.019343362189829,286.513686994090676]]]}},
{"type":"Feature","properties":{"height_m":21.26,"lidar_cover":0.93,"ground_z":45.439999},"geometry":{"type":"Polygon","coordinates":[[[444.706577085773461,300.898516892455518],[447.352814932761248,305.025861629284918],[451.457745885592885,311.41544474940747],[456.343043089669663,319.030039398930967],[457.767893161450047,321.248187971301377],[471.781481824466027,312.554665301926434],[479.739402782870457,307.615974553860724],[478.329895911854692,305.253337911330163],[476.122040843882132,301.532625745981932],[473.056611459236592,296.376680953428149],[471.663915885903407,294.024988762103021],[469.494745871052146,295.255818619392812],[462.083665797370486,283.87911659386009],[455.274635746493004,273.429346541874111],[453.377572409110144,275.157227098941803],[454.852351020439528,277.352694773115218],[451.672195907216519,279.470269596204162],[450.527696056698915,277.737986670807004],[437.446592731284909,289.598123645409942],[438.515054222021718,291.242303910665214],[444.163834460894577,300.059852811507881],[444.706577085773461,300.898516892455518]],[[469.761577164579649,299.594529709778726],[472.893215047894046,304.683226502500474],[468.8807282053167,307.141790143214166],[465.774153594102245,302.052856872789562],[469.761577164579649,299.594529709778726]],[[451.501930953876581,302.876869501546025],[455.663644696120173,300.294745719991624],[458.685832834802568,305.295653281733394],[454.573512622155249,307.799585431814194],[451.501930953876581,302.876869501546025]],[[459.458971692307387,308.397127184085548],[461.868092642980628,312.193642397411168],[458.612122916267253,314.245317423716187],[456.219288916734513,310.404236746020615],[459.458971692307387,308.397127184085548]]]}},
{"type":"Feature","properties":{"height_m":21.440001,"lidar_cover":0.91,"ground_z":45.009998},"geometry":{"type":"Polygon","coordinates":[[[434.683564344712067,233.632300840690732],[437.391395632817876,237.203910021111369],[437.823099788976833,237.788261705078185],[440.386780540691689,241.139183597639203],[442.908155782963149,244.434993823990226],[444.684888115036301,246.749721666797996],[446.485494519583881,245.422461360692978],[447.255516915116459,246.436612343415618],[448.302562242490239,245.827102421782911],[451.959605735610239,243.771611816249788],[449.369072231813334,240.232191322371364],[447.825678626657464,241.368256352841854],[443.876989311655052,236.476085795089602],[446.629573165439069,234.207130883820355],[448.512918399588671,236.309890646487474],[451.292554159183055,235.128767719492316],[452.183241435559466,236.530375030823052],[452.836503331316635,237.56784213334322],[453.667266978649423,237.060314904898405],[452.274870741297491,234.741932234726846],[456.903350969660096,232.033242017962039],[458.228588742727879,234.318954960443079],[461.15313310874626,232.559106395579875],[461.32764117984334,232.45752174127847],[463.95319598086644,230.889265339821577],[460.732589763356373,225.235168136656284],[457.265459578193258,219.139297798275948],[437.853398791165091,219.878944628871977],[433.84951206529513,224.125016883015633],[430.333833036420401,227.866818219423294],[431.772463344386779,229.773948807269335],[434.683564344712067,233.632300840690732]],[[451.182821668917313,223.582761947996914],[453.341636580065824,227.414962204173207],[449.552696049504448,229.660455275326967],[447.184157370938919,225.74142596963793],[451.182821668917313,223.582761947996914]],[[440.83420400734758,228.433176605962217],[443.642928679531906,232.070446635596454],[439.827221425890457,235.015684061683714],[437.0446166069014,231.489196506328881],[440.83420400734758,228.433176605962217]]]}},
{"type":"Feature","properties":{"height_m":15.48,"lidar_cover":0.93,"ground_z":46.759998},"geometry":{"type":"Polygon","coordinates":[[[421.342596916365437,313.0784901836887],[420.986302094650455,312.515628328546882],[424.355538296338636,310.074256555177271],[420.123853213735856,305.295818922109902],[419.196006289217621,306.137361417524517],[417.825177566381171,304.329515051096678],[415.743340243585408,301.562474674545228],[408.211908396508079,291.597043061628938],[407.856245017785113,291.100793424993753],[407.008991849957965,291.63068885076791],[396.386343038699124,298.404584121890366],[394.226914543658495,299.779682348482311],[401.014429842121899,310.595998232252896],[407.818846417765599,321.434365364722908],[410.152987202338409,319.979889025911689],[421.342596916365437,313.0784901836887]],[[403.134593956056051,297.185694604180753],[405.307378767931368,300.72907190117985],[402.632682086667046,302.397744373418391],[400.468251468148082,298.854288392700255],[403.134593956056051,297.185694604180753]],[[413.173443873354699,309.858598276972771],[415.828474146546796,314.030259985476732],[412.048790656204801,316.364509688690305],[409.452033038134687,312.170089283026755],[413.173443873354699,309.858598276972771]]]}},
{"type":"Feature","properties":{"height_m":18.65,"lidar_cover":0.95,"ground_z":45.91},"geometry":{"type":"Polygon","coordinates":[[[424.294058260275051,317.669247820042074],[425.159148339822423,319.015580589883029],[429.875046413915697,326.387504026293755],[434.565131245879456,333.681955274194479],[435.464270816999488,335.094583136960864],[451.803598499915097,324.946633005514741],[457.767893161450047,321.248187971301377],[456.343043089669663,319.030039398930967],[451.457745885592885,311.41544474940747],[447.352814932761248,305.025861629284918],[444.706577085773461,300.898516892455518],[444.163834460894577,300.059852811507881],[438.515054222021718,291.242303910665214],[433.226236334885471,294.801107581704855],[432.707923821173608,293.895594481378794],[428.747879718837794,297.475078211165965],[423.04002035461599,302.658901827409863],[426.299427163146902,308.878863559104502],[424.355538296338636,310.074256555177271],[420.986302094650455,312.515628328546882],[421.342596916365437,313.0784901836887],[422.436651693598833,314.777939457446337],[424.294058260275051,317.669247820042074]],[[443.573433414683677,307.393400438129902],[447.629291513760109,313.894477233290672],[451.021422172663733,319.136130041442811],[448.039380382047966,320.99645664729178],[445.792693622875959,317.587004620581865],[445.410578567534685,317.823798212222755],[444.595938894490246,316.510292364284396],[443.540338205872104,317.097678575664759],[443.361294791451655,316.721880703233182],[442.937317458097823,316.070837680250406],[443.553056650969665,315.798514497466385],[442.477933198213577,314.332043783739209],[443.258662525040563,313.836093621328473],[440.433592698187567,309.35515639744699],[443.573433414683677,307.393400438129902]],[[432.857483531697653,320.17481601331383],[430.127059036341961,315.981659189797938],[433.010421305720229,314.288807280361652],[435.623241171299014,318.416465548798442],[435.796796940558124,318.214962865225971],[436.797359253687318,319.748759004287422],[435.252401823119726,320.71829813439399],[437.13613323669415,323.74259462300688],[437.858164986828342,323.22499596234411],[439.511771394289099,325.77405449282378],[436.397638136171736,327.80218568816781],[433.877888077171519,323.795774650759995],[432.233516081760172,324.855083027854562],[430.467597498442046,321.918491182848811],[432.857483531697653,320.17481601331383]]]}},
{"type":"Feature","properties":{"height_m":22.459999,"lidar_cover":0.93,"ground_z":44.59},"geometry":{"type":"Polygon","coordinates":[[[462.083665797370486,283.87911659386009],[469.494745871052146,295.255818619392812],[471.663915885903407,294.024988762103021],[472.594723842630628,293.49430713430047],[479.317994038981851,289.644331618212163],[484.478957231563982,286.697438017465174],[490.495961411856115,283.264990862458944],[492.947523480281234,281.853838326409459],[486.370288071339019,270.291545220650733],[479.767439473129343,258.673986528068781],[477.149824836000334,260.197750244289637],[462.225211967946962,268.877710572443902],[457.962161599774845,271.349763703532517],[459.813846812117845,274.518708585761487],[458.235350767732598,275.477458243258297],[461.588352892489638,280.99706104863435],[462.152804920217022,280.603094656951725],[463.713134799560066,283.008706825785339],[462.083665797370486,283.87911659386009]],[[473.495919332955964,267.8601786904037],[476.329285886138678,266.178922748193145],[476.626776520104613,266.709037120454013],[477.22517817420885,266.370264071039855],[478.686194186564535,268.876749278046191],[477.314989319187589,269.666981399990618],[477.646005526650697,270.207880234345794],[475.476721789687872,271.42760622408241],[473.495919332955964,267.8601786904037]],[[466.576350665302016,271.279009990394115],[468.702908238337841,269.959760885685682],[469.254321661195718,270.831653164699674],[469.827868374879472,270.51532150991261],[471.103281349234749,272.834818915463984],[470.222179297416005,273.320616657845676],[470.588303917087615,274.038828505203128],[467.257646103331354,276.146723391488194],[465.508018834632821,273.165556750260293],[467.069278726237826,272.151457832194865],[466.576350665302016,271.279009990394115]],[[480.004016795544885,279.178852868266404],[483.43599224468926,277.181030720472336],[485.373851933982223,280.626736552454531],[483.869494921527803,281.473746997304261],[484.074129533139057,281.904817376285791],[482.296165190753527,282.976485937833786],[480.004016795544885,279.178852868266404]],[[472.196687853953335,283.261185872368515],[475.527765623119194,281.197700931690633],[477.040069984737784,283.82583078648895],[476.308305255835876,284.199179718270898],[476.563808939245064,284.707487126812339],[473.938587836455554,286.309045074507594],[472.196687853953335,283.261185872368515]]]}},
{"type":"Feature","properties":{"height_m":5.9299998,"lidar_cover":0.91,"ground_z":45.73},"geometry":{"type":"Polygon","coordinates":[[[405.346323971753009,259.137111388146877],[406.547422751202248,260.668996345251799],[407.875219876063056,262.344014720991254],[408.61449392978102,261.881763970479369],[409.207690712297335,262.753254476003349],[408.551861997344531,263.203608672134578],[412.391839975956827,268.085691212676466],[413.09790452895686,267.645962580107152],[413.673545584722888,268.428796912543476],[412.97551943938015,268.835140249691904],[413.457459837838542,269.430115731433034],[415.056100034387782,271.468956662341952],[416.045784265676048,272.736383093520999],[419.445799383509438,277.045300294645131],[428.047505271970294,287.966523041017354],[429.226429541129619,287.16700647585094],[432.38985009456519,291.200605560094118],[431.253229145950172,292.055234115570784],[432.707923821173608,293.895594481378794],[437.446592731284909,289.598123645409942],[450.527696056698915,277.737986670807004],[450.89215366600547,277.401434841565788],[449.816287652822211,275.857249568216503],[451.333026116713881,274.55489409621805],[444.122170548769645,264.908364265225828],[433.908301780931652,272.499934120103717],[430.648535473854281,268.000927105545998],[429.293990710866638,266.148512038402259],[426.246051389724016,261.958375196903944],[425.80578147189226,261.351899766363204],[424.704948028374929,259.819058410823345],[424.391798637341708,259.400124297477305],[422.292080160405021,256.511119758710265],[420.573300720425323,254.140331578440964],[419.668928865517955,254.815106603316963],[418.984037799877115,253.966693001799285],[419.955144921434112,253.280180419795215],[418.118020237539895,250.766179939731956],[417.745434299169574,250.247884864918888],[415.611762330692727,247.303690380416811],[414.062403253046796,245.175557211041451],[405.50895586371189,254.272479867562652],[403.333316234580707,256.580375541932881],[405.151834034826607,258.894696526229382],[405.346323971753009,259.137111388146877]],[[413.339053877803963,254.342355409637094],[415.1177992929006,256.868012769147754],[412.188932409568224,259.049833033233881],[410.927765314583667,257.351974391378462],[410.352228689065669,256.580242203548551],[413.339053877803963,254.342355409637094]],[[419.737105785286985,262.864084757864475],[421.674804637266789,265.410438146442175],[419.303301875537727,267.33158865571022],[417.339587328257039,264.68555686622858],[419.737105785286985,262.864084757864475]]]}},
{"type":"Feature","properties":{"height_m":21.59,"lidar_cover":0.87,"ground_z":44.849998},"geometry":{"type":"Polygon","coordinates":[[[420.741171429981478,160.185724628157914],[420.818763578077778,162.19461743440479],[420.964098565047607,166.93418724834919],[421.023080233309884,168.743404260836542],[421.253728942247108,175.425175965763628],[421.314293878269382,177.400921919383109],[421.406574383261614,180.075851015746593],[428.273267572163604,179.877331196330488],[435.407326834276319,179.676276321522892],[435.315790251304861,177.079060602933168],[435.237041279266123,174.948046440258622],[434.778618916228879,161.884254576638341],[434.708541571395472,159.786466822959483],[434.653257052414119,158.365817227400839],[434.628842576115858,157.555535370483994],[434.446929640253074,152.483225335367024],[434.087760980066378,152.49774254206568],[424.046377185033634,152.759747619740665],[423.796965086308774,148.498593426309526],[420.355987253191415,148.675647394731641],[420.532932685338892,154.103298286907375],[420.613058260874823,156.378637333400548],[420.670984454918653,158.076835038140416],[420.741171429981478,160.185724628157914]],[[429.392222544411197,163.978399000130594],[429.453295696352143,166.886786312796175],[427.815993664204143,166.935660727322102],[426.863712271209806,166.966919975355268],[426.693703827331774,164.026259531266987],[429.392222544411197,163.978399000130594]],[[427.844191484502517,169.022743696346879],[427.934375739714596,170.598502535372972],[429.487386208027601,170.472708952613175],[429.562970581231639,172.270665226504207],[426.738599354517646,172.264207604341209],[426.674991943931673,169.089374012313783],[427.844191484502517,169.022743696346879]]]}},
{"type":"Feature","properties":{"height_m":15.02,"lidar_cover":0.91,"ground_z":49.52},"geometry":{"type":"Polygon","coordinates":[[[398.123066714906599,121.684889135882258],[406.283295310160611,121.307503050193191],[413.031909475394059,120.987960656173527],[417.842844828031957,120.764568709768355],[421.242165220086463,120.599012842401862],[420.963456132507417,110.62012832146138],[412.62786012532888,111.010268050245941],[405.34481663047336,111.368201770819724],[399.932507566816639,111.619527202099562],[397.811115853604861,111.728526825085282],[395.455776872986462,111.839752206578851],[394.136173557024449,111.907818116247654],[390.970691130438354,112.060059460811317],[391.130736942985095,117.465664695948362],[391.265835310623515,122.005478617735207],[394.364471384848002,121.853873114101589],[398.123066714906599,121.684889135882258]],[[403.218136952782515,117.950258844532073],[400.536945045925677,118.064581562764943],[400.363032619876321,113.836018836125731],[403.051736696797889,113.632801197469234],[403.218136952782515,117.950258844532073]]]}},
{"type":"Feature","properties":{"height_m":22.74,"lidar_cover":0.92,"ground_z":49.66},"geometry":{"type":"Polygon","coordinates":[[[435.187733115220908,68.67126892041415],[435.352513061079662,73.699329472146928],[435.487496433663182,77.350910073146224],[440.074134376482107,77.262900812551379],[440.068273860262707,79.283689611591399],[443.894261863781139,79.169603996910155],[447.043787307105958,79.095258307643235],[448.321936946187634,79.06090494710952],[448.998610611655749,79.043371020816267],[453.025231450039428,78.938486400060356],[452.714200221700594,69.070938685908914],[452.50113494816469,62.477823995985091],[434.984466277761385,63.110633659176528],[435.096829486952629,66.140665193088353],[435.187733115220908,68.67126892041415]],[[441.800419661682099,71.628410581499338],[437.531701929168776,71.757808433845639],[437.467553500493523,69.404597231186926],[441.743994804972317,69.208508386276662],[441.800419661682099,71.628410581499338]],[[446.203079967643134,74.162445148453116],[446.955162854923401,74.166400196030736],[447.023528737016022,76.963688504882157],[443.397433659003582,77.009254967793822],[443.270579245290719,74.212522570043802],[446.203079967643134,74.162445148453116]]]}},
{"type":"Feature","properties":{"height_m":19.34,"lidar_cover":0.78,"ground_z":45.950001},"geometry":{"type":"Polygon","coordinates":[[[440.76821335661225,158.196661645546556],[443.491483284917194,158.115262366831303],[452.956244942091871,157.84766109008342],[455.58760775718838,157.767139807343483],[455.484452589589637,154.825843662954867],[455.381719387834892,151.928955240175128],[452.766959369473625,151.998215836472809],[452.098647744802292,152.015670091845095],[448.013581109233201,152.121111598797143],[443.185111538157798,152.25582714471966],[440.478444305481389,152.325965748168528],[438.005723092705011,152.393881579861045],[434.446929640253074,152.483225335367024],[434.628842576115858,157.555535370483994],[434.653257052414119,158.365817227400839],[438.262073322781362,158.264895085245371],[440.76821335661225,158.196661645546556]],[[438.228881924645975,157.41028493270278],[437.051219705841504,157.465891038998961],[436.832052036887035,153.748492638580501],[438.050857744470704,153.62587783485651],[438.228881924645975,157.41028493270278]]]}},
{"type":"Feature","properties":{"height_m":21.200001,"lidar_cover":0.9,"ground_z":49.029999},"geometry":{"type":"Polygon","coordinates":[[[450.94402162975166,115.808886518701911],[454.176978175761178,115.722647759132087],[454.022782201704103,110.927647676318884],[453.926715546171181,107.853049231693149],[450.694283025572076,107.99479769449681],[432.877990567998495,108.74149171449244],[422.796352961508092,109.170423806644976],[422.851112125325017,110.535563601180911],[423.09224228921812,116.562162204645574],[433.300675930106081,116.287465982139111],[450.94402162975166,115.808886518701911]],[[445.840812371927314,113.414742854423821],[441.830499178904574,113.475065174512565],[441.702397058077622,109.667977908626199],[445.762949458207004,109.618281001225114],[445.840812371927314,113.414742854423821]]]}},
{"type":"Feature","properties":{"height_m":15.79,"lidar_cover":0.85,"ground_z":49.080002},"geometry":{"type":"Polygon","coordinates":[[[440.524934403772932,100.075135598890483],[445.444819250202272,99.884035550989211],[450.431546480744146,99.692303608171642],[453.664193720673211,99.572758929803967],[453.519407718267757,94.888698829337955],[453.423868369776756,91.869610095396638],[449.506400968530215,92.028971929103136],[443.542416869662702,92.263301539234817],[441.688071589858737,92.336441207677126],[438.012802243989427,92.482404294423759],[435.966391065972857,92.568474018014967],[431.948555290466174,92.717696510255337],[430.55353965901304,92.764266718178988],[429.576288182521239,92.806865701451898],[423.504002989036962,93.075550210662186],[423.777042459754739,100.700667219236493],[432.380758211773355,100.385712324641645],[440.524934403772932,100.075135598890483]],[[440.37491260736715,97.478476071730256],[440.181866887025535,93.871858925558627],[445.18541428539902,93.691066507250071],[445.336997673613951,97.331386592239141],[440.37491260736715,97.478476071730256]]]}},
{"type":"Feature","properties":{"height_m":18.360001,"lidar_cover":0.84,"ground_z":48.290001},"geometry":{"type":"Polygon","coordinates":[[[450.694283025572076,107.99479769449681],[453.926715546171181,107.853049231693149],[453.770725836104248,102.86931645963341],[453.664193720673211,99.572758929803967],[450.431546480744146,99.692303608171642],[445.444819250202272,99.884035550989211],[440.524934403772932,100.075135598890483],[432.380758211773355,100.385712324641645],[423.777042459754739,100.700667219236493],[422.465686677023768,100.757546570152044],[422.617914779577404,104.464477914385498],[422.796352961508092,109.170423806644976],[432.877990567998495,108.74149171449244],[450.694283025572076,107.99479769449681]],[[443.984113329614047,105.327251229435205],[443.908340595546179,102.629959567449987],[446.948604206321761,102.490034523420036],[447.023531691753305,105.098510790616274],[443.984113329614047,105.327251229435205]],[[426.147883485944476,103.09856594260782],[428.894973434158601,102.883700005710125],[429.054832159075886,105.635706908069551],[426.315043061447795,105.739474095404148],[426.147883485944476,103.09856594260782]],[[436.92481118964497,102.851779378950596],[440.232759890379384,102.742615812458098],[440.392930872621946,105.527928691357374],[437.043945813609753,105.715202791616321],[436.92481118964497,102.851779378950596]]]}},
{"type":"Feature","properties":{"height_m":15.68,"lidar_cover":0.85,"ground_z":63.5},"geometry":{"type":"Polygon","coordinates":[[[344.811928854498547,902.007113761268556],[337.876802517508622,891.436520898714662],[331.546088766306639,895.205186545848846],[332.741159899916966,903.132413875311613],[333.285767055116594,906.802303522825241],[334.034786444739439,911.758188664913177],[334.85171445942251,911.561659662052989],[335.444863382435869,914.187410208396614],[334.436420228506904,914.452380468137562],[335.724331635050476,923.355783741921186],[341.450007543840911,922.735015845857561],[340.429536675976124,916.471566774882376],[340.104151297651697,913.887678163126111],[338.845077883801423,914.155034150928259],[338.507320620352402,911.149351411499083],[339.751588579500094,911.081989395432174],[338.505131612473633,903.022014912217855],[344.811928854498547,902.007113761268556]],[[336.560576973017305,903.251486339606345],[335.975150915328413,899.6819116929546],[337.920023628044873,899.485745943151414],[338.505131612473633,903.022014912217855],[336.560576973017305,903.251486339606345]]]}},
{"type":"Feature","properties":{"height_m":72.910004,"lidar_cover":0.92,"ground_z":46.700001},"geometry":{"type":"Polygon","coordinates":[[[756.213852120621596,789.548625509254634],[740.340784276719205,729.720822429284453],[741.082552156469319,729.52505146432668],[740.907579985563643,728.693987839855254],[760.918830560985953,723.430562268942595],[761.174719696864486,723.983287389390171],[761.766632059239782,723.844451241195202],[777.698434548452497,783.71615329105407],[776.740028046595398,784.857719236053526],[757.248071202135179,790.238322963006794],[756.213852120621596,789.548625509254634]]]}},
{"type":"Feature","properties":{"height_m":10.93,"lidar_cover":0.96,"ground_z":47.07},"geometry":{"type":"Polygon","coordinates":[[[802.568832322198432,844.347173538058996],[794.19941723824013,812.805183110758662],[768.567165085114539,819.143174659460783],[777.122268510633148,850.872131085023284],[802.568832322198432,844.347173538058996]]]}},
{"type":"Feature","properties":{"height_m":34.169998,"lidar_cover":0.92,"ground_z":43.110001},"geometry":{"type":"Polygon","coordinates":[[[789.882857900520321,758.363933779299259],[838.839716555550694,745.465751745738089],[838.51943584298715,743.403634455986321],[860.098949732142501,737.870293499901891],[840.013911759248003,661.072408691048622],[818.368393740733154,666.717457585036755],[818.125920025922824,664.93217880744487],[768.459034846164286,677.903823813423514],[789.882857900520321,758.363933779299259]]]}},
{"type":"Feature","properties":{"height_m":14.89,"lidar_cover":0.92,"ground_z":43.130001},"geometry":{"type":"Polygon","coordinates":[[[727.38580730650574,568.640022553503513],[723.167512402811553,570.534146497957408],[717.878814457100816,571.450246914289892],[712.708445533819031,570.744203182868659],[707.895170593226794,568.924488729797304],[704.352071658009663,566.23782327119261],[702.169320001208689,563.382835539989173],[812.672678608738352,533.558403586037457],[811.54628180101281,540.797057756222785],[808.23893913498614,547.134791132993996],[801.798528818762861,552.613919175229967],[801.032290105940774,554.641897563822567],[799.412923275260255,556.578017517924309],[797.726674843288492,557.626536297611892],[795.778910108085256,558.411058495752513],[794.157880578422919,558.404183378443122],[792.889909934601746,557.738896861672401],[791.564880563528277,556.341357105411589],[787.143515166302677,559.736258842051029],[779.846701714384835,563.891156290657818],[772.165951411123388,567.205871128477156],[763.714528582117055,569.428696387447417],[755.147200559033081,569.998292260803282],[747.017264801310375,569.109275260008872],[738.56469810026465,567.679277658462524],[731.197612845688127,567.937762349843979],[727.38580730650574,568.640022553503513]]]}},
{"type":"Feature","properties":{"height_m":11.27,"lidar_cover":0.88,"ground_z":43.290001},"geometry":{"type":"Polygon","coordinates":[[[548.538927421090193,290.674692991189659],[537.91221626085462,273.266235631890595],[531.531639578053728,262.168359357863665],[528.79882818099577,257.719821736216545],[534.824548362172209,254.320638623088598],[535.509922699944582,256.10170434974134],[541.082259195274673,252.473668741062284],[550.585091537504923,269.437576476484537],[559.29653262195643,284.899007472209632],[548.538927421090193,290.674692991189659]]]}},
{"type":"Feature","properties":{"height_m":26.450001,"lidar_cover":0.94,"ground_z":46.09},"geometry":{"type":"Polygon","coordinates":[[[722.115550320770126,661.521508510224521],[704.458644334226847,595.13773886859417],[742.8141850818065,584.970726988278329],[748.092588083760347,605.039276083931327],[754.486339749884792,605.234135626815259],[758.021615309990011,610.630013449117541],[758.524460125947371,614.322530246339738],[759.62731452845037,618.731059815734625],[782.495611908845603,612.496918765828013],[790.621062357502524,642.953112220391631],[802.656294528045692,639.785984942689538],[795.365986836724915,628.718694062903523],[791.106243510381319,618.277818874455988],[806.753002422687132,614.432572377845645],[802.73936681234045,600.858338342048228],[800.324772386462428,599.10470402892679],[798.326502005045768,596.314561130478978],[797.576140659046359,592.069236562587321],[799.269192767795175,587.323378727771342],[801.787816364085302,585.056769724935293],[800.955633000296075,581.878099556080997],[801.637017427710816,578.829454243183136],[803.822295896417927,576.654821764677763],[805.697698456817307,576.170764873735607],[806.335020212922245,571.112907183356583],[808.647278186690528,566.46112316660583],[810.084835509071127,564.737679905258119],[810.968819616828114,563.674543677829206],[809.270980986242648,562.613613525405526],[810.848995205480605,560.722298487089574],[813.188131260976661,558.912610854953527],[815.867021187557839,557.688166829757392],[818.325896834896412,557.054258894175291],[821.109428957337514,566.898443815298378],[828.590103205875494,599.870032132603228],[833.726357108622324,618.185720297507942],[834.856957264477387,622.88267417345196],[836.49206376937218,629.68441557046026],[830.621695778041612,632.704385190270841],[722.115550320770126,661.521508510224521]]]}},
{"type":"Feature","properties":{"height_m":15.86,"lidar_cover":1.0,"ground_z":46.82},"geometry":{"type":"Polygon","coordinates":[[[734.609401572612114,709.456711718812585],[755.904679180996027,703.903545518405735],[749.70121429458959,680.546174256131053],[728.66475902980892,686.085803935304284],[734.609401572612114,709.456711718812585]]]}},
{"type":"Feature","properties":{"height_m":9.7200003,"lidar_cover":0.87,"ground_z":44.200001},"geometry":{"type":"Polygon","coordinates":[[[472.430768126854673,336.919432846829295],[489.605541073367931,365.457350051961839],[454.443783816066571,386.465101413428783],[437.268917635898106,357.927265676669776],[472.430768126854673,336.919432846829295]]]}},
{"type":"Feature","properties":{"height_m":21.969999,"lidar_cover":0.74,"ground_z":67.639999},"geometry":{"type":"Polygon","coordinates":[[[108.048001835297327,713.427583224140108],[113.385843635129277,709.80144336912781],[114.975697686779313,711.795891274698079],[124.338073706137948,706.132787787355483],[122.787449220952112,703.871492380276322],[127.684738855459727,700.482733025215566],[132.204459531116299,709.177592748776078],[134.447599658218678,708.712054246105254],[136.994150326412637,712.895755449309945],[151.352062339836266,737.762512225657701],[146.189986478479113,741.420254966244102],[145.045058036048431,739.643611371517181],[136.179424031230155,744.824518632143736],[137.281011432642117,747.312163593247533],[131.529149604437407,750.453710278496146],[108.048001835297327,713.427583224140108]]]}},
{"type":"Feature","properties":{"height_m":16.780001,"lidar_cover":0.83,"ground_z":64.790001},"geometry":{"type":"Polygon","coordinates":[[[70.115225168177858,659.274552959017456],[96.296481128258165,701.648591847158968],[114.579513071570545,690.437597880139947],[99.8551841750741,666.595883326604962],[144.528995518514421,639.211254882626235],[133.080461979028769,620.667615106329322],[70.115225168177858,659.274552959017456]]]}},
{"type":"Feature","properties":{"height_m":27.280001,"lidar_cover":0.9,"ground_z":60.0},"geometry":{"type":"Polygon","coordinates":[[[244.20176292717224,707.67592853307724],[260.178721362666693,698.197147132828832],[260.322754664695822,697.529597480781376],[225.54590010951506,639.504076993092895],[209.761127240140922,649.869334725663066],[244.20176292717224,707.67592853307724]]]}},
{"type":"Feature","properties":{"height_m":16.73,"lidar_cover":0.88,"ground_z":51.130001},"geometry":{"type":"Polygon","coordinates":[[[436.738944772980176,554.432063586078584],[459.055731840780936,588.639039563015103],[506.158326858421788,558.146989001892507],[483.163273470359854,522.891537082381546],[468.854695260466542,532.154102001339197],[481.276492810226046,551.199743109755218],[463.172856953577138,562.918818193487823],[451.429435764322989,544.921538327820599],[436.738944772980176,554.432063586078584]]]}},
{"type":"Feature","properties":{"height_m":14.39,"lidar_cover":0.87,"ground_z":64.18},"geometry":{"type":"Polygon","coordinates":[[[182.784560934174806,728.990946557372808],[224.178897070640232,706.434573961421847],[215.063108258531429,689.778269842267036],[174.020018257957418,712.375752135179937],[182.784560934174806,728.990946557372808]]]}},
{"type":"Feature","properties":{"height_m":14.47,"lidar_cover":0.9,"ground_z":64.169998},"geometry":{"type":"Polygon","coordinates":[[[167.187002246326301,699.417208151891828],[208.1485066296882,677.020319987088442],[199.135337113111746,660.618424036540091],[157.981821094581392,683.039400041103363],[167.187002246326301,699.417208151891828]]]}},
{"type":"Feature","properties":{"height_m":17.58,"lidar_cover":0.81,"ground_z":54.82},"geometry":{"type":"Polygon","coordinates":[[[472.204336529190186,642.851864503696561],[465.37914456037106,632.424446022138],[410.596696466498543,667.986141019500792],[417.41358197061345,678.413588390685618],[472.204336529190186,642.851864503696561]]]}},
{"type":"Feature","properties":{"height_m":23.129999,"lidar_cover":0.75,"ground_z":64.540001},"geometry":{"type":"Polygon","coordinates":[[[107.996371365850791,669.538110973313451],[145.386285030166619,645.864839257672429],[157.35496113577392,664.636694395914674],[119.965002575074323,688.298803702928126],[107.996371365850791,669.538110973313451]]]}},
{"type":"Feature","properties":{"height_m":13.08,"lidar_cover":0.58,"ground_z":49.810001},"geometry":{"type":"Polygon","coordinates":[[[283.431938936468214,385.161237589083612],[281.156742718536407,381.396812638267875],[279.407273443124723,378.437893761321902],[286.668677136534825,374.08297511562705],[292.052443529013544,370.856244708411396],[298.810754805745091,382.105760649777949],[304.405596826050896,391.390041107311845],[302.760412855946925,392.360563985072076],[291.817877724417485,398.860092611052096],[286.131649305229075,389.632206911221147],[283.431938936468214,385.161237589083612]]]}},
{"type":"Feature","properties":{"height_m":17.51,"lidar_cover":0.96,"ground_z":53.169998},"geometry":{"type":"Polygon","coordinates":[[[308.96493461081991,90.14615913387388],[310.095411707938183,67.585335693322122],[272.031988754984923,69.180337955243886],[264.879107730812393,71.802170744165778],[260.426374033268075,75.419748263433576],[249.827096865454223,99.569724000990391],[272.123530677636154,102.466064296662807],[274.109543243015651,99.549275182187557],[297.763969116145745,98.513419621624053],[297.96493487036787,89.784599270671606],[308.96493461081991,90.14615913387388]]]}},
{"type":"Feature","properties":{"height_m":29.200001,"lidar_cover":0.89,"ground_z":54.450001},"geometry":{"type":"Polygon","coordinates":[[[217.605433677206747,475.378350880928338],[245.499606373836286,459.057523899711668],[234.713429148541763,440.751678585074842],[206.810853134666104,457.072625823318958],[217.605433677206747,475.378350880928338]]]}},
{"type":"Feature","properties":{"height_m":7.0300002,"lidar_cover":0.76,"ground_z":56.82},"geometry":{"type":"Polygon","coordinates":[[[150.657497623004019,292.141283157281578],[165.956502225250006,251.813714168965816],[148.402418659534305,196.832951846532524],[110.714751987659838,263.943697029724717],[121.08896874403581,270.550796794705093],[137.837208030396141,240.246387242339551],[141.780349754961208,253.288007695227861],[132.224074924248271,285.089250149205327],[150.657497623004019,292.141283157281578]]]}},
{"type":"Feature","properties":{"height_m":19.93,"lidar_cover":0.81,"ground_z":55.419998},"geometry":{"type":"Polygon","coordinates":[[[178.064906951854937,228.248757773078978],[168.846612241817638,225.438854242675006],[154.498172503488604,178.021899621002376],[189.798401847772766,72.529123972170055],[219.154619506734889,71.793916555121541],[227.479287886759266,75.511745270341635],[232.475798287137877,80.726899923756719],[235.474886893178336,90.291244783438742],[178.064906951854937,228.248757773078978]]]}},
{"type":"Feature","properties":{"height_m":17.5,"lidar_cover":0.99,"ground_z":50.619999},"geometry":{"type":"Polygon","coordinates":[[[272.265968464780599,400.656306322664022],[268.259385879850015,394.077134399674833],[264.363103296491317,387.674560464918613],[271.075812785944436,383.613531357608736],[274.448584022757132,389.44374434184283],[275.736406600568444,388.676473055966198],[277.068760714377277,390.828850918449461],[277.085682165343314,390.850895562209189],[275.797754057275597,391.607064681127667],[278.978669956733938,396.59528437256813],[272.265968464780599,400.656306322664022]]]}},
{"type":"Feature","properties":{"height_m":17.48,"lidar_cover":0.94,"ground_z":52.669998},"geometry":{"type":"Polygon","coordinates":[[[257.525703308871016,451.41509372740984],[268.125048779940698,444.86326614394784],[253.648447581974324,421.585137313231826],[243.040725094440859,428.137065264396369],[257.525703308871016,451.41509372740984]]]}},
{"type":"Feature","properties":{"height_m":17.08,"lidar_cover":0.94,"ground_z":50.41},"geometry":{"type":"Polygon","coordinates":[[[673.803270467498805,885.347900184802711],[716.723804580862634,874.793267854489386],[725.774115666921716,897.035574781708419],[745.047392523963936,888.004083410836756],[732.600457606313284,857.344576343894005],[670.572156169509981,872.36587555333972],[673.803270467498805,885.347900184802711]]]}},
{"type":"Feature","properties":{"height_m":16.76,"lidar_cover":0.91,"ground_z":53.259998},"geometry":{"type":"Polygon","coordinates":[[[655.441940098535269,905.962405628524721],[660.041774065059144,902.032783317379653],[653.76866761338897,894.264666546136141],[652.795414711639751,890.310142708010972],[656.112768351100385,889.468187055550516],[656.846310566819739,892.814321651123464],[671.292639362392947,889.324334332719445],[671.562985668540932,890.520889743231237],[672.672011393937282,890.288322581909597],[674.846818581689149,889.668157414533198],[673.803270467498805,885.347900184802711],[670.572156169509981,872.36587555333972],[635.151338535826653,880.817840607836843],[655.441940098535269,905.962405628524721]]]}},
{"type":"Feature","properties":{"height_m":7.02,"lidar_cover":0.58,"ground_z":49.689999},"geometry":{"type":"Polygon","coordinates":[[[787.108199849375524,1087.736468536779284],[796.973340606025886,1092.828221042640507],[811.415460752439685,1074.793700745329261],[796.317773718154058,1061.501939257606864],[787.108199849375524,1087.736468536779284]]]}},
{"type":"Feature","properties":{"height_m":6.23,"lidar_cover":0.98,"ground_z":54.98},"geometry":{"type":"Polygon","coordinates":[[[147.470561392838135,425.706810624338686],[153.169412865128834,434.490352814085782],[171.103477417607792,423.404986611567438],[155.678602023399435,394.484697883017361],[147.012975925172213,390.903447317890823],[144.745203659927938,396.676422172226012],[148.842319323739503,397.847529905848205],[143.860102731734514,411.618332793936133],[149.547099606948905,413.906762747094035],[151.817322555114515,414.517958956770599],[147.470561392838135,425.706810624338686]]]}},
{"type":"Feature","properties":{"height_m":6.96,"lidar_cover":0.8,"ground_z":53.93},"geometry":{"type":"Polygon","coordinates":[[[267.446063108043745,542.830996009521186],[291.081843096762896,580.333577948622406],[298.05930368398549,576.014679078012705],[274.978026915399823,537.951643934473395],[267.446063108043745,542.830996009521186]]]}},
{"type":"Feature","properties":{"height_m":16.940001,"lidar_cover":0.78,"ground_z":53.700001},"geometry":{"type":"Polygon","coordinates":[[[293.754978660261258,493.438692108727992],[309.867474888276774,518.311243410222232],[295.575388363795355,527.529586721211672],[293.769378759665415,524.771056149154902],[279.338806885061786,501.914351495914161],[293.754978660261258,493.438692108727992]]]}},
{"type":"Feature","properties":{"height_m":17.52,"lidar_cover":0.97,"ground_z":57.040001},"geometry":{"type":"Polygon","coordinates":[[[180.940274103195406,516.453721209429204],[204.716726569691673,554.631968363188207],[219.089345187530853,545.99002659227699],[195.448407683637924,507.122058350592852],[180.940274103195406,516.453721209429204]]]}},
{"type":"Feature","properties":{"height_m":17.559999,"lidar_cover":0.99,"ground_z":57.119999},"geometry":{"type":"Polygon","coordinates":[[[162.710081814788282,509.621740735135972],[177.087178152403794,500.56886528339237],[161.274320012191311,475.627121964469552],[146.897086240409408,484.668926195241511],[162.710081814788282,509.621740735135972]]]}},
{"type":"Feature","properties":{"height_m":18.450001,"lidar_cover":0.98,"ground_z":54.580002},"geometry":{"type":"Polygon","coordinates":[[[248.262443733401597,555.171570328995585],[272.312851044815034,593.214184555225074],[286.691285459965002,584.305850572884083],[262.913988491869532,545.983013509772718],[248.262443733401597,555.171570328995585]]]}},
{"type":"Feature","properties":{"height_m":17.780001,"lidar_cover":0.96,"ground_z":58.43},"geometry":{"type":"Polygon","coordinates":[[[120.633774244692177,500.241770804859698],[136.549842887558043,525.482222246006131],[151.051985482103191,516.405893561430275],[135.127594333724119,491.165490718558431],[120.633774244692177,500.241770804859698]]]}},
{"type":"Feature","properties":{"height_m":18.360001,"lidar_cover":0.98,"ground_z":54.650002},"geometry":{"type":"Polygon","coordinates":[[[235.579225442663301,535.062925945036113],[249.961543953279033,526.554190250113606],[226.456932332075667,487.951295232400298],[211.813773131929338,497.150946444831789],[235.579225442663301,535.062925945036113]]]}},
{"type":"Feature","properties":{"height_m":17.41,"lidar_cover":0.97,"ground_z":58.790001},"geometry":{"type":"Polygon","coordinates":[[[180.106561350810807,598.079434585757554],[204.566562939435244,635.240789505653083],[218.934994705603458,626.176970814354718],[194.839362730330322,588.667901193723083],[180.106561350810807,598.079434585757554]]]}},
{"type":"Feature","properties":{"height_m":17.629999,"lidar_cover":0.98,"ground_z":55.810001},"geometry":{"type":"Polygon","coordinates":[[[173.259482196415775,468.084866210818291],[189.190764571190812,493.180946230888367],[203.438167200249154,484.540171142667532],[188.04733483720338,459.161330694332719],[173.259482196415775,468.084866210818291]]]}},
{"type":"Feature","properties":{"height_m":6.6900001,"lidar_cover":0.9,"ground_z":57.27},"geometry":{"type":"Polygon","coordinates":[[[171.003415748593397,538.121571306139231],[179.67685385083314,552.172850968316197],[192.545074105786625,544.366829689592123],[184.140792438061908,529.624584254808724],[171.003415748593397,538.121571306139231]]]}},
{"type":"Feature","properties":{"height_m":17.700001,"lidar_cover":0.97,"ground_z":57.130001},"geometry":{"type":"Polygon","coordinates":[[[217.399575696093962,574.696152132935822],[241.378061875351705,612.195308455266058],[256.297465649200603,603.070798588916659],[231.839527309522964,565.231974797323346],[217.399575696093962,574.696152132935822]]]}},
{"type":"Feature","properties":{"height_m":6.9699998,"lidar_cover":0.96,"ground_z":57.84},"geometry":{"type":"Polygon","coordinates":[[[216.002849224838428,610.472061313688755],[228.807445859361906,603.010900527238846],[219.933013921894599,588.89486342202872],[206.991030246252194,596.845879536122084],[216.002849224838428,610.472061313688755]]]}},
{"type":"Feature","properties":{"height_m":6.96,"lidar_cover":0.84,"ground_z":53.970001},"geometry":{"type":"Polygon","coordinates":[[[254.587956869858317,522.779500826261938],[261.573807819746435,518.460487922653556],[237.339081785525195,479.520326281897724],[230.180719022988342,484.151889169588685],[254.587956869858317,522.779500826261938]]]}},
{"type":"Feature","properties":{"height_m":18.5,"lidar_cover":0.96,"ground_z":57.599998},"geometry":{"type":"Polygon","coordinates":[[[194.724150028487202,556.448250979185104],[210.866581453767139,581.808832671493292],[196.077580227516592,590.588000788353384],[194.839362730330322,588.667901193723083],[180.129286745097488,565.436554469168186],[194.724150028487202,556.448250979185104]]]}},
{"type":"Feature","properties":{"height_m":18.190001,"lidar_cover":0.98,"ground_z":58.34},"geometry":{"type":"Polygon","coordinates":[[[144.156053654442076,538.888577306643128],[167.373379882366862,576.250425888225436],[181.60589401575271,567.82070062123239],[180.129286745097488,565.436554469168186],[158.116600838722661,529.972874251194298],[144.156053654442076,538.888577306643128]]]}},
{"type":"Feature","properties":{"height_m":16.889999,"lidar_cover":0.83,"ground_z":53.8},"geometry":{"type":"Polygon","coordinates":[[[302.984046621480957,571.981810554862022],[317.35156253434252,562.796070002019405],[295.575388363795355,527.529586721211672],[293.769378759665415,524.771056149154902],[279.485150919063017,533.93384248111397],[302.984046621480957,571.981810554862022]]]}},
{"type":"Feature","properties":{"height_m":16.91,"lidar_cover":0.8,"ground_z":53.720001},"geometry":{"type":"Polygon","coordinates":[[[266.595442965975963,514.071377765387297],[281.205532592372037,504.905461867339909],[279.338806885061786,501.914351495914161],[257.081176737090573,466.141831702552736],[242.468185660778545,475.885175394825637],[266.595442965975963,514.071377765387297]]]}},
{"type":"Feature","properties":{"height_m":8.5299997,"lidar_cover":0.96,"ground_z":55.639999},"geometry":{"type":"Polygon","coordinates":[[[207.466744299454149,557.370369869284332],[215.543821815517731,570.228261336684227],[221.989404147083405,566.21414074767381],[221.624433082935866,565.618062323890626],[232.771284893155098,558.672352989204228],[243.274813920434099,575.393168776296079],[251.896540991903748,570.014872381463647],[241.724046516173985,553.834932699799538],[247.355654123355635,550.328228292055428],[239.312561140977778,537.525493170134723],[231.919898815220222,542.114878064021468],[238.779884831048548,552.641678704880178],[232.496824254107196,556.176807497628033],[225.856279225321487,545.881081861443818],[219.87536645779619,549.557678577490151],[225.922835792647675,559.870157431811094],[220.304788530862425,563.920793945901096],[213.740060775890015,553.690973696298897],[207.466744299454149,557.370369869284332]]]}},
{"type":"Feature","properties":{"height_m":8.6499996,"lidar_cover":0.99,"ground_z":38.869999},"geometry":{"type":"Polygon","coordinates":[[[932.116287420736626,136.200252924114466],[933.375305801455397,107.576163249090314],[962.098740606219508,108.870670015923679],[961.458682449534535,123.399317254312336],[961.061315529979765,132.65179197397083],[960.8480690420256,137.505776490084827],[933.219805821834598,136.256456383503973],[932.116287420736626,136.200252924114466]]]}},
{"type":"Feature","properties":{"height_m":4.21,"lidar_cover":0.73,"ground_z":39.389999},"geometry":{"type":"Polygon","coordinates":[[[947.925022391311359,215.82551748957485],[947.364495198475197,215.753085815347731],[943.189464831666555,220.489012757316232],[940.45469316287199,219.349012241698802],[942.963174604054075,214.218001084402204],[942.935490275267512,213.940689440816641],[942.774123768263962,213.66463921032846],[938.434403799183201,211.573830185458064],[940.779110468924046,205.911423917859793],[940.792154161899816,205.522698817774653],[940.521646697656251,205.192163939587772],[936.47665609640535,203.342838993296027],[938.910756514989771,197.413118679076433],[938.932574342412408,197.068722442723811],[938.787498584890272,196.748106913641095],[934.757746418355964,194.743198239244521],[937.947533018072136,187.429584955796599],[937.994102054275572,187.05164640955627],[937.807564523362089,186.764730900526047],[933.510231633554213,184.74014203902334],[936.520372350583784,176.984107074327767],[936.575296575552784,176.606089683249593],[936.279617571621202,176.264689572155476],[931.917427313805092,174.451668966561556],[936.057564825750887,165.1305619655177],[936.625246831681579,163.30432700086385],[936.910633455496281,161.669505535624921],[937.018361012684181,159.803199385292828],[936.813908054493368,157.617854650132358],[936.379804664757103,155.889896528795362],[935.667464934522286,153.898094138130546],[934.740508618939202,152.185889971442521],[933.302312573534437,150.311966793611646],[929.85538068972528,147.202371827326715],[926.523653558571823,158.070260238833725],[926.823222711216658,169.447920266538858],[927.330067933420651,176.22701751999557],[927.973187485942617,182.394168403930962],[928.896139930118807,189.879925243556499],[929.746432818123139,194.979241267777979],[930.855761174112558,200.964345944114029],[931.851624638773501,205.551554325036705],[932.933029001171235,210.348910961300135],[934.670480948057957,217.371762518770993],[936.054552276036702,222.366115818731487],[937.931599975330755,228.24405054282397],[942.822512948594522,229.419218998402357],[949.229224336799234,222.097461895085871],[948.502648321562447,218.595796157605946],[947.925022391311359,215.82551748957485]]]}},
{"type":"Feature","properties":{"height_m":8.2700005,"lidar_cover":0.94,"ground_z":47.189999},"geometry":{"type":"Polygon","coordinates":[[[595.564670409075916,480.010912047699094],[607.340360101661645,489.103561914525926],[608.398091370181646,487.861106064170599],[617.352046825457364,494.571194863878191],[629.753109233628493,478.854004767723382],[617.530032719601877,468.399900371208787],[608.133603267662693,480.235900799743831],[600.557607101509348,474.334371139295399],[595.564670409075916,480.010912047699094]]]}},
{"type":"Feature","properties":{"height_m":22.959999,"lidar_cover":0.88,"ground_z":65.419998},"geometry":{"type":"Polygon","coordinates":[[[324.699484907498118,978.153894597664475],[325.603225384955294,978.300729000009596],[330.866407872817945,979.127739643678069],[331.649858548480552,999.105586986988783],[325.768047945341095,1001.748587775044143],[324.699484907498118,978.153894597664475]]]}},
{"type":"Feature","properties":{"height_m":20.66,"lidar_cover":0.85,"ground_z":65.099998},"geometry":{"type":"Polygon","coordinates":[[[330.866407872817945,979.127739643678069],[338.338813426031265,980.322321163490415],[351.40094971266808,982.418547488749027],[350.005849406123161,991.214261025190353],[331.649858548480552,999.105586986988783],[330.866407872817945,979.127739643678069]]]}},
{"type":"Feature","properties":{"height_m":20.1,"lidar_cover":0.96,"ground_z":66.309998},"geometry":{"type":"Polygon","coordinates":[[[292.098179125285242,972.89077169355005],[300.290122986887582,974.18948782235384],[306.055519517918583,975.111622480675578],[306.787530458823312,985.297156877815723],[292.788022699998692,985.663694217801094],[292.098179125285242,972.89077169355005]]]}},
{"type":"Feature","properties":{"height_m":16.75,"lidar_cover":0.81,"ground_z":66.879997},"geometry":{"type":"Polygon","coordinates":[[[295.942362870206125,997.53600249812007],[293.188413610623684,993.487459123134613],[292.788022699998692,985.663694217801094],[306.787530458823312,985.297156877815723],[307.606255610182416,996.692086949944496],[295.942362870206125,997.53600249812007]]]}},
{"type":"Feature","properties":{"height_m":21.8,"lidar_cover":0.82,"ground_z":65.959999},"geometry":{"type":"Polygon","coordinates":[[[306.055519517918583,975.111622480675578],[317.686559038469568,976.954950676299632],[318.422897344513331,977.070069789886475],[319.343646993511356,995.669843042269349],[307.606255610182416,996.692086949944496],[306.787530458823312,985.297156877815723],[306.055519517918583,975.111622480675578]]]}},
{"type":"Feature","properties":{"height_m":18.16,"lidar_cover":0.76,"ground_z":65.650002},"geometry":{"type":"Polygon","coordinates":[[[318.422897344513331,977.070069789886475],[320.172004718682729,977.375396069139242],[324.699484907498118,978.153894597664475],[325.768047945341095,1001.748587775044143],[320.533430593146477,1003.919105453416705],[319.659619918616954,1004.282722357660532],[319.557150896405801,1001.41913734562695],[319.343646993511356,995.669843042269349],[318.422897344513331,977.070069789886475]]]}},
{"type":"Feature","properties":{"height_m":16.690001,"lidar_cover":0.88,"ground_z":64.199997},"geometry":{"type":"Polygon","coordinates":[[[365.910704153473489,997.036246687173843],[370.803872153745033,994.980041434988379],[376.64562320598634,992.515106157399714],[385.230407667171676,1013.151513506658375],[379.000037172343582,1016.04205244872719],[374.358458750415593,1018.195784648880363],[365.910704153473489,997.036246687173843]]]}},
{"type":"Feature","properties":{"height_m":16.75,"lidar_cover":0.82,"ground_z":63.450001},"geometry":{"type":"Polygon","coordinates":[[[392.623307710979134,989.309761092066765],[393.35974903323222,989.435989748686552],[399.217439174535684,990.401731842197478],[396.063432151160669,1010.16167460475117],[395.271173859888222,1008.559284791350365],[390.934666695364285,1001.505760441534221],[392.623307710979134,989.309761092066765]]]}},
{"type":"Feature","properties":{"height_m":19.77,"lidar_cover":0.92,"ground_z":64.510002},"geometry":{"type":"Polygon","coordinates":[[[354.502804317278787,1001.952413158491254],[358.738094823725987,1000.124521328136325],[365.910704153473489,997.036246687173843],[374.358458750415593,1018.195784648880363],[370.806741387932561,1019.861720361746848],[363.68649740179535,1023.182654188014567],[354.502804317278787,1001.952413158491254]]]}},
{"type":"Feature","properties":{"height_m":21.16,"lidar_cover":0.88,"ground_z":63.560001},"geometry":{"type":"Polygon","coordinates":[[[404.945039072423242,1009.311077907681465],[402.766114199650474,1022.666444982402027],[402.49781824083766,1023.44620359223336],[406.053970285051037,1031.028996264562011],[424.301259201252833,1022.250656750053167],[425.865335181122646,1012.764969342388213],[428.522362268180586,995.208150435239077],[407.794903943198733,991.830136646516621],[404.945039072423242,1009.311077907681465]]]}},
{"type":"Feature","properties":{"height_m":21.17,"lidar_cover":0.87,"ground_z":63.27},"geometry":{"type":"Polygon","coordinates":[[[399.217439174535684,990.401731842197478],[400.271869694232009,990.580450775101781],[407.794903943198733,991.830136646516621],[404.945039072423242,1009.311077907681465],[402.766114199650474,1022.666444982402027],[402.49781824083766,1023.44620359223336],[396.063432151160669,1010.16167460475117],[399.217439174535684,990.401731842197478]]]}},
{"type":"Feature","properties":{"height_m":19.8,"lidar_cover":0.85,"ground_z":63.8},"geometry":{"type":"Polygon","coordinates":[[[376.64562320598634,992.515106157399714],[378.351270425715484,991.766079965047538],[386.480197948170826,988.202401801012456],[392.623307710979134,989.309761092066765],[390.934666695364285,1001.505760441534221],[395.271173859888222,1008.559284791350365],[389.838998096762225,1011.042514101602137],[385.230407667171676,1013.151513506658375],[376.64562320598634,992.515106157399714]]]}},
{"type":"Feature","properties":{"height_m":4.62,"lidar_cover":0.98,"ground_z":51.290001},"geometry":{"type":"Polygon","coordinates":[[[722.794559456349816,1048.26356281992048],[729.28770031419117,1049.29017095733434],[728.254585265298374,1055.772964695468545],[733.475888430781197,1056.600662669166923],[734.840649197576568,1048.082892614416778],[742.831602494930848,1049.350700494833291],[741.751187896239571,1056.133719071745872],[748.963932713668328,1057.275665054097772],[749.382324383943342,1054.695823680609465],[756.904698745813221,1055.890361564233899],[754.980182259110734,1067.944158501923084],[757.205853973166086,1068.289490959607065],[755.083940575597808,1081.555376446805894],[743.453195161768235,1079.711347937583923],[742.222674640943296,1087.406228612177074],[748.774361383693758,1088.443402212113142],[746.605078068096191,1101.998415817506611],[740.881826721131802,1101.097740164026618],[740.006543654249981,1106.601980085484684],[742.173620502580889,1106.936759458854795],[739.84673321415903,1121.492532208561897],[727.027874015155248,1119.459926027804613],[727.706276275101118,1115.223283241502941],[725.32992819941137,1114.846078009344637],[726.994567658170126,1104.471275174058974],[729.186813271953724,1104.816915309987962],[730.0782710587373,1099.25700609292835],[724.095617091865279,1098.314387909136713],[726.24867702065967,1084.815035047009587],[729.930381753132679,1085.401940320618451],[730.490625081700273,1081.921416591852903],[725.244277302874252,1081.093958264216781],[725.922577703197021,1076.846213651821017],[727.043819716433063,1077.024347189813852],[728.053654566348996,1070.730523323640227],[730.304494449694175,1071.086712154559791],[730.927473181975074,1067.172580052167177],[720.049833269440569,1065.454693636856973],[722.794559456349816,1048.26356281992048]]]}},
{"type":"Feature","properties":{"height_m":21.209999,"lidar_cover":0.9,"ground_z":58.220001},"geometry":{"type":"Polygon","coordinates":[[[568.199971670575906,1032.941400196403265],[592.357080277055502,1036.775861664675176],[594.668154478888027,1022.342319986782968],[570.953772515873425,1018.503648492507637],[568.199971670575906,1032.941400196403265]]]}},
{"type":"Feature","properties":{"height_m":23.959999,"lidar_cover":0.87,"ground_z":55.560001},"geometry":{"type":"Polygon","coordinates":[[[633.537231600610539,1028.702074751257896],[646.400787901831791,1031.022771716117859],[642.331707668025047,1055.676562063395977],[629.545486351242289,1053.577198689803481],[633.537231600610539,1028.702074751257896]]]}},
{"type":"Feature","properties":{"height_m":24.48,"lidar_cover":0.9,"ground_z":54.68},"geometry":{"type":"Polygon","coordinates":[[[659.706371181178838,1033.261581481434405],[672.55945183878066,1035.360365141183138],[668.643501158920117,1060.312467309646308],[655.56279635959072,1057.993790126405656],[659.706371181178838,1033.261581481434405]]]}},
{"type":"Feature","properties":{"height_m":22.77,"lidar_cover":0.86,"ground_z":57.43},"geometry":{"type":"Polygon","coordinates":[[[594.668154478888027,1022.342319986782968],[607.522644699609373,1024.585313732735813],[605.061907543684356,1039.097990967333317],[592.357080277055502,1036.775861664675176],[594.668154478888027,1022.342319986782968]]]}},
{"type":"Feature","properties":{"height_m":22.08,"lidar_cover":0.87,"ground_z":56.139999},"geometry":{"type":"Polygon","coordinates":[[[620.383375093748327,1026.606212181970477],[633.537231600610539,1028.702074751257896],[629.545486351242289,1053.577198689803481],[616.40890831372235,1051.536695088259876],[620.383375093748327,1026.606212181970477]]]}},
{"type":"Feature","properties":{"height_m":16.969999,"lidar_cover":0.9,"ground_z":53.889999},"geometry":{"type":"Polygon","coordinates":[[[685.193843153130729,1037.305802215822041],[698.573852935282048,1039.466257301159203],[696.300968018302228,1065.890573143959045],[680.998769147845451,1064.54774665273726],[685.193843153130729,1037.305802215822041]]]}},
{"type":"Feature","properties":{"height_m":24.4,"lidar_cover":0.9,"ground_z":55.349998},"geometry":{"type":"Polygon","coordinates":[[[646.400787901831791,1031.022771716117859],[659.706371181178838,1033.261581481434405],[655.56279635959072,1057.993790126405656],[642.331707668025047,1055.676562063395977],[646.400787901831791,1031.022771716117859]]]}},
{"type":"Feature","properties":{"height_m":24.959999,"lidar_cover":0.86,"ground_z":54.25},"geometry":{"type":"Polygon","coordinates":[[[672.55945183878066,1035.360365141183138],[685.193843153130729,1037.305802215822041],[680.998769147845451,1064.54774665273726],[670.829594160080887,1063.533809566870332],[671.093269432312809,1060.500208643265069],[668.643501158920117,1060.312467309646308],[672.55945183878066,1035.360365141183138]]]}},
{"type":"Feature","properties":{"height_m":23.68,"lidar_cover":0.85,"ground_z":56.93},"geometry":{"type":"Polygon","coordinates":[[[607.522644699609373,1024.585313732735813],[620.383375093748327,1026.606212181970477],[616.40890831372235,1051.536695088259876],[616.180219253001269,1052.971143210306764],[604.214062570361421,1051.00838546641171],[603.165508293895982,1049.68597843311727],[605.061907543684356,1039.097990967333317],[607.522644699609373,1024.585313732735813]]]}},
{"type":"Feature","properties":{"height_m":16.200001,"lidar_cover":0.87,"ground_z":59.43},"geometry":{"type":"Polygon","coordinates":[[[585.615211407130118,1063.253721787594259],[576.564445214229636,1049.794010718353093],[567.974030788755044,1034.664500399492681],[568.199971670575906,1032.941400196403265],[592.357080277055502,1036.775861664675176],[605.061907543684356,1039.097990967333317],[603.165508293895982,1049.68597843311727],[604.214062570361421,1051.00838546641171],[585.615211407130118,1063.253721787594259]]]}},
{"type":"Feature","properties":{"height_m":20.67,"lidar_cover":0.87,"ground_z":60.34},"geometry":{"type":"Polygon","coordinates":[[[43.217162353219464,500.015592251904309],[48.403334299684502,513.722563063725829],[53.651685464719776,527.817546293139458],[66.448431481025182,496.806818524375558],[47.681107585784048,488.869963601231575],[43.217162353219464,500.015592251904309]]]}},
{"type":"Feature","properties":{"height_m":23.83,"lidar_cover":0.92,"ground_z":59.419998},"geometry":{"type":"Polygon","coordinates":[[[47.681107585784048,488.869963601231575],[66.448431481025182,496.806818524375558],[70.814702821546234,485.928609351627529],[52.266386303934269,478.178399187512696],[47.681107585784048,488.869963601231575]]]}},
{"type":"Feature","properties":{"height_m":24.059999,"lidar_cover":0.91,"ground_z":58.290001},"geometry":{"type":"Polygon","coordinates":[[[52.266386303934269,478.178399187512696],[70.814702821546234,485.928609351627529],[84.2272901723627,453.768429019488394],[76.182716143666767,450.470006032846868],[63.742095399706159,450.566698977723718],[52.266386303934269,478.178399187512696]]]}},
{"type":"Feature","properties":{"height_m":10.7,"lidar_cover":0.82,"ground_z":61.880001},"geometry":{"type":"Polygon","coordinates":[[[28.826162401295733,523.325058831833303],[32.734583499201108,530.982027608901262],[45.915456087386701,524.427386751398444],[41.891140091232955,516.882548777386546],[39.25434590165969,518.129085199907422],[28.826162401295733,523.325058831833303]]]}},
{"type":"Feature","properties":{"height_m":23.68,"lidar_cover":0.89,"ground_z":61.27},"geometry":{"type":"Polygon","coordinates":[[[48.403334299684502,513.722563063725829],[41.891140091232955,516.882548777386546],[45.915456087386701,524.427386751398444],[32.734583499201108,530.982027608901262],[38.446267624967732,541.974846614524722],[48.016269463347271,541.405918283388019],[53.651685464719776,527.817546293139458],[48.403334299684502,513.722563063725829]]]}},
{"type":"Feature","properties":{"height_m":17.530001,"lidar_cover":0.86,"ground_z":65.550003},"geometry":{"type":"Polygon","coordinates":[[[260.36037670559017,844.354614932090044],[265.941006144857965,841.658919817768037],[266.980652788537554,841.160480880178511],[256.503319009905681,820.131439440883696],[249.975244187342469,823.358012495562434],[260.36037670559017,844.354614932090044]]]}},
{"type":"Feature","properties":{"height_m":17.42,"lidar_cover":0.9,"ground_z":62.959999},"geometry":{"type":"Polygon","coordinates":[[[279.050700717896689,793.480420909821987],[274.135906033508945,785.388797478750348],[259.548809012805577,792.522685635834932],[258.642298253136687,792.964341635815799],[263.011425074539147,801.660715197212994],[279.050700717896689,793.480420909821987]]]}},
{"type":"Feature","properties":{"height_m":15.89,"lidar_cover":0.57,"ground_z":66.150002},"geometry":{"type":"Polygon","coordinates":[[[235.684930741495918,856.347891326062381],[236.391879164613783,856.008061677217484],[241.640008342568763,853.493165137246251],[231.213590382132679,832.552496824413538],[225.209113797405735,835.48542298283428],[235.684930741495918,856.347891326062381]]]}},
{"type":"Feature","properties":{"height_m":17.1,"lidar_cover":0.74,"ground_z":63.220001},"geometry":{"type":"Polygon","coordinates":[[[282.709135130513459,799.496665174141526],[279.474983764230274,794.164760465733707],[279.050700717896689,793.480420909821987],[263.011425074539147,801.660715197212994],[266.289267482876312,808.069182305596769],[282.709135130513459,799.496665174141526]]]}},
{"type":"Feature","properties":{"height_m":17.0,"lidar_cover":0.87,"ground_z":64.580002},"geometry":{"type":"Polygon","coordinates":[[[252.604571460571606,795.919766761362553],[251.639897741377354,796.395286979153752],[246.018312363652512,799.180206350050867],[256.503319009905681,820.131439440883696],[263.197853626334108,816.83666808065027],[252.604571460571606,795.919766761362553]]]}},
{"type":"Feature","properties":{"height_m":16.549999,"lidar_cover":0.84,"ground_z":65.870003},"geometry":{"type":"Polygon","coordinates":[[[248.109994500468019,850.3115493375808],[254.023098086414393,847.43502786103636],[260.36037670559017,844.354614932090044],[249.975244187342469,823.358012495562434],[244.05408526933752,826.267922428436577],[237.741966359666549,829.359212403185666],[248.109994500468019,850.3115493375808]]]}},
{"type":"Feature","properties":{"height_m":18.07,"lidar_cover":0.91,"ground_z":65.910004},"geometry":{"type":"Polygon","coordinates":[[[233.693414661742281,805.215594409033656],[227.065294136584271,808.465347901917994],[221.218898210441694,811.330151602625847],[231.72923599294154,832.303314671851695],[237.741966359666549,829.359212403185666],[244.05408526933752,826.267922428436577],[233.693414661742281,805.215594409033656]]]}},
{"type":"Feature","properties":{"height_m":18.440001,"lidar_cover":0.8,"ground_z":66.519997},"geometry":{"type":"Polygon","coordinates":[[[241.640008342568763,853.493165137246251],[242.546404556487687,853.040404918603599],[248.109994500468019,850.3115493375808],[237.741966359666549,829.359212403185666],[231.72923599294154,832.303314671851695],[231.213590382132679,832.552496824413538],[241.640008342568763,853.493165137246251]]]}},
{"type":"Feature","properties":{"height_m":18.18,"lidar_cover":0.93,"ground_z":64.970001},"geometry":{"type":"Polygon","coordinates":[[[246.018312363652512,799.180206350050867],[239.789395745960064,802.237391776405275],[233.693414661742281,805.215594409033656],[244.05408526933752,826.267922428436577],[249.975244187342469,823.358012495562434],[256.503319009905681,820.131439440883696],[246.018312363652512,799.180206350050867]]]}},
{"type":"Feature","properties":{"height_m":15.02,"lidar_cover":0.91,"ground_z":65.540001},"geometry":{"type":"Polygon","coordinates":[[[290.026620725926477,811.595770835876465],[286.376235390023794,805.546137483790517],[282.709135130513459,799.496665174141526],[266.289267482876312,808.069182305596769],[269.227423997654114,813.903535045683384],[272.523340001469478,820.456170931458473],[290.026620725926477,811.595770835876465]]]}},
{"type":"Feature","properties":{"height_m":15.25,"lidar_cover":0.84,"ground_z":64.43},"geometry":{"type":"Polygon","coordinates":[[[298.591751833562739,825.737042596563697],[294.186094115313608,818.462173728272319],[290.026620725926477,811.595770835876465],[272.523340001469478,820.456170931458473],[279.821479234786239,834.909275908023119],[283.588791300542653,833.063595979474485],[298.591751833562739,825.737042596563697]]]}},
{"type":"Feature","properties":{"height_m":16.99,"lidar_cover":0.83,"ground_z":66.239998},"geometry":{"type":"Polygon","coordinates":[[[221.218898210441694,811.330151602625847],[220.25412266375497,811.794574127532542],[214.656883082177956,814.501565609127283],[224.902319248765707,834.855480757541955],[225.209113797405735,835.48542298283428],[231.213590382132679,832.552496824413538],[231.72923599294154,832.303314671851695],[221.218898210441694,811.330151602625847]]]}},
{"type":"Feature","properties":{"height_m":15.93,"lidar_cover":0.74,"ground_z":64.580002},"geometry":{"type":"Polygon","coordinates":[[[258.642298253136687,792.964341635815799],[253.45281184540363,795.500871372409165],[252.604571460571606,795.919766761362553],[263.197853626334108,816.83666808065027],[269.227423997654114,813.903535045683384],[266.289267482876312,808.069182305596769],[263.011425074539147,801.660715197212994],[258.642298253136687,792.964341635815799]]]}},
{"type":"Feature","properties":{"height_m":18.51,"lidar_cover":0.88,"ground_z":68.099998},"geometry":{"type":"Polygon","coordinates":[[[200.402702553779818,821.488062060438097],[186.472783103468828,828.304948792792857],[193.409448694670573,838.131489167921245],[199.363637876114808,846.568437511101365],[212.50314589421032,840.103305871598423],[211.165238096029498,837.362536349333823],[208.887245363963302,838.55007615685463],[200.402702553779818,821.488062060438097]]]}},
{"type":"Feature","properties":{"height_m":18.07,"lidar_cover":0.83,"ground_z":65.239998},"geometry":{"type":"Polygon","coordinates":[[[266.980652788537554,841.160480880178511],[272.976892151287757,838.238771081902087],[279.821479234786239,834.909275908023119],[272.523340001469478,820.456170931458473],[269.227423997654114,813.903535045683384],[263.197853626334108,816.83666808065027],[256.503319009905681,820.131439440883696],[266.980652788537554,841.160480880178511]]]}},
{"type":"Feature","properties":{"height_m":18.34,"lidar_cover":0.8,"ground_z":66.779999},"geometry":{"type":"Polygon","coordinates":[[[214.656883082177956,814.501565609127283],[207.338537317235023,818.09100978076458],[200.402702553779818,821.488062060438097],[208.887245363963302,838.55007615685463],[211.165238096029498,837.362536349333823],[212.50314589421032,840.103305871598423],[212.835322287166491,840.766314334236085],[224.902319248765707,834.855480757541955],[214.656883082177956,814.501565609127283]]]}},
{"type":"Feature","properties":{"height_m":18.52,"lidar_cover":0.78,"ground_z":67.360001},"geometry":{"type":"Polygon","coordinates":[[[221.072952042566612,863.482099066488445],[228.15025060926564,860.028201865032315],[235.684930741495918,856.347891326062381],[225.209113797405735,835.48542298283428],[224.902319248765707,834.855480757541955],[212.835322287166491,840.766314334236085],[215.118147924134973,845.341160793788731],[212.81551747280173,846.573346227407455],[221.072952042566612,863.482099066488445]]]}},
{"type":"Feature","properties":{"height_m":18.32,"lidar_cover":0.89,"ground_z":68.550003},"geometry":{"type":"Polygon","coordinates":[[[199.363637876114808,846.568437511101365],[206.555255710321944,857.724911696277559],[212.873324018903077,867.52406238950789],[221.072952042566612,863.482099066488445],[212.81551747280173,846.573346227407455],[215.118147924134973,845.341160793788731],[212.835322287166491,840.766314334236085],[212.50314589421032,840.103305871598423],[199.363637876114808,846.568437511101365]]]}},
{"type":"Feature","properties":{"height_m":23.5,"lidar_cover":0.94,"ground_z":66.260002},"geometry":{"type":"Polygon","coordinates":[[[246.399431931145955,908.385182160884142],[249.778291185386479,908.74157115444541],[253.15080666920403,909.308978251181543],[256.80240152584156,910.229020873084664],[259.985094094707165,911.04250558372587],[262.510227096558083,912.117627407424152],[265.976865201140754,913.794438214972615],[269.738337107584812,915.723808402195573],[272.521292011952028,917.551476910710335],[275.887677374237683,920.106380866840482],[284.927360491652507,914.790746968239546],[274.6070290786447,897.945996033959091],[269.444296425906941,887.502913585864007],[254.353928780183196,894.40845273155719],[241.484674263512716,900.29357997328043],[246.399431931145955,908.385182160884142]]]}},
{"type":"Feature","properties":{"height_m":11.41,"lidar_cover":0.68,"ground_z":51.349998},"geometry":{"type":"Polygon","coordinates":[[[320.393245873623528,139.878403760492802],[320.088865981379058,116.687272930517793],[319.833861179824453,96.926479214802384],[325.715238146716729,96.792760363779962],[336.316608518653084,96.536392625421286],[344.286805799521971,96.382804826833308],[351.487577843363397,96.158828113228083],[357.366842427174561,95.803096476942301],[357.612694235576782,121.637280468828976],[358.078079275437631,129.27166928909719],[358.056861424527597,135.822601553052664],[354.264324706455227,135.936414882540703],[354.336952913901769,139.177780111320317],[347.411206614109688,139.321416691876948],[347.570832653145771,148.191141102463007],[335.106852378637996,148.520740007050335],[334.712736168061383,139.597733155824244],[320.393245873623528,139.878403760492802]]]}},
{"type":"Feature","properties":{"height_m":16.77,"lidar_cover":0.82,"ground_z":51.34},"geometry":{"type":"Polygon","coordinates":[[[350.658248535473831,66.088878052309155],[356.698401591973379,65.95367382094264],[357.366842427174561,95.803096476942301],[351.487577843363397,96.158828113228083],[350.658248535473831,66.088878052309155]]]}},
{"type":"Feature","properties":{"height_m":18.08,"lidar_cover":0.94,"ground_z":52.360001},"geometry":{"type":"Polygon","coordinates":[[[319.232953583472408,67.165237050503492],[325.505574726965278,66.872352205216885],[325.715238146716729,96.792760363779962],[319.833861179824453,96.926479214802384],[319.232953583472408,67.165237050503492]]]}},
{"type":"Feature","properties":{"height_m":26.01,"lidar_cover":0.86,"ground_z":51.830002},"geometry":{"type":"Polygon","coordinates":[[[343.541739395644981,66.389773410744965],[350.658248535473831,66.088878052309155],[351.487577843363397,96.158828113228083],[344.286805799521971,96.382804826833308],[343.541739395644981,66.389773410744965]]]}},
{"type":"Feature","properties":{"height_m":21.08,"lidar_cover":0.96,"ground_z":63.8},"geometry":{"type":"Polygon","coordinates":[[[311.853088583331555,847.838815766386688],[304.511245994130149,835.806538621895015],[298.791957577632274,838.858818843960762],[306.255738829204347,850.534634500741959],[311.853088583331555,847.838815766386688]]]}},
{"type":"Feature","properties":{"height_m":22.43,"lidar_cover":0.88,"ground_z":67.559998},"geometry":{"type":"Polygon","coordinates":[[[218.86185950320214,877.814891289919615],[241.2086660003406,866.965155769139528],[248.036862601758912,881.200651988387108],[226.380961954011582,891.7773073669523],[218.86185950320214,877.814891289919615]]]}},
{"type":"Feature","properties":{"height_m":21.9,"lidar_cover":0.86,"ground_z":51.970001},"geometry":{"type":"Polygon","coordinates":[[[335.722644504217897,66.619643427431583],[343.541739395644981,66.389773410744965],[344.286805799521971,96.382804826833308],[336.316608518653084,96.536392625421286],[335.722644504217897,66.619643427431583]]]}},
{"type":"Feature","properties":{"height_m":14.13,"lidar_cover":0.84,"ground_z":64.650002},"geometry":{"type":"Polygon","coordinates":[[[295.660030158644076,855.654107711277902],[290.877827062271535,857.964672279544175],[284.794830825412646,845.642846588976681],[288.38785927160643,843.920962174423039],[295.660030158644076,855.654107711277902]]]}},
{"type":"Feature","properties":{"height_m":9.9099998,"lidar_cover":0.85,"ground_z":64.519997},"geometry":{"type":"Polygon","coordinates":[[[301.298932628764305,852.935678837820888],[295.660030158644076,855.654107711277902],[288.38785927160643,843.920962174423039],[294.001599382259883,841.191664608195424],[301.298932628764305,852.935678837820888]]]}},
{"type":"Feature","properties":{"height_m":15.59,"lidar_cover":0.87,"ground_z":46.68},"geometry":{"type":"Polygon","coordinates":[[[362.76848023023922,257.754595180042088],[373.85029552137712,266.742449750192463],[390.564718208974227,249.462711471132934],[385.092406864278018,244.274183453060687],[362.76848023023922,257.754595180042088]]]}},
{"type":"Feature","properties":{"height_m":9.7700005,"lidar_cover":0.82,"ground_z":49.439999},"geometry":{"type":"Polygon","coordinates":[[[381.838484964799136,120.940451888367534],[382.146573435515165,128.731779142282903],[358.078079275437631,129.27166928909719],[357.612694235576782,121.637280468828976],[381.838484964799136,120.940451888367534]]]}},
{"type":"Feature","properties":{"height_m":15.1,"lidar_cover":0.93,"ground_z":47.630001},"geometry":{"type":"Polygon","coordinates":[[[383.291147097712383,167.359094821847975],[383.733785323391203,181.388990852050483],[368.714127342333086,181.842772417701781],[368.476883534400258,164.813130374997854],[383.291147097712383,167.359094821847975]]]}},
{"type":"Feature","properties":{"height_m":15.15,"lidar_cover":0.76,"ground_z":48.700001},"geometry":{"type":"Polygon","coordinates":[[[344.361794168362394,242.963024394586682],[353.564406976976898,250.281090498901904],[370.253891320549883,230.381250424310565],[361.588975564227439,221.614664779044688],[344.361794168362394,242.963024394586682]]]}},
{"type":"Feature","properties":{"height_m":16.030001,"lidar_cover":0.83,"ground_z":49.490002},"geometry":{"type":"Polygon","coordinates":[[[321.31758121738676,213.260001474060118],[321.579604366736021,224.982206460088491],[332.657187651260756,233.514819613657892],[349.484790823655203,212.325676429085433],[321.31758121738676,213.260001474060118]]]}},
{"type":"Feature","properties":{"height_m":20.84,"lidar_cover":0.81,"ground_z":45.279999},"geometry":{"type":"Polygon","coordinates":[[[406.806899971386883,231.721181862987578],[427.036760173621587,209.778178587555885],[384.309684182633646,211.183784566819668],[389.158670843811706,215.84530081320554],[406.806899971386883,231.721181862987578]]]}},
{"type":"Feature","properties":{"height_m":17.75,"lidar_cover":0.95,"ground_z":64.0},"geometry":{"type":"Polygon","coordinates":[[[306.255738829204347,850.534634500741959],[301.298932628764305,852.935678837820888],[294.001599382259883,841.191664608195424],[298.791957577632274,838.858818843960762],[306.255738829204347,850.534634500741959]]]}},
{"type":"Feature","properties":{"height_m":18.35,"lidar_cover":0.95,"ground_z":50.869999},"geometry":{"type":"Polygon","coordinates":[[[372.87207303463947,65.566613421775401],[379.997678202576935,65.343380933627486],[380.975168244389351,95.189863564446568],[373.55028115893947,95.571384221315384],[372.87207303463947,65.566613421775401]]]}},
{"type":"Feature","properties":{"height_m":15.28,"lidar_cover":0.84,"ground_z":46.549999},"geometry":{"type":"Polygon","coordinates":[[[381.657331078546122,224.865625464357436],[398.682842457375955,240.281087913550436],[406.806899971386883,231.721181862987578],[389.158670843811706,215.84530081320554],[381.657331078546122,224.865625464357436]]]}},
{"type":"Feature","properties":{"height_m":21.82,"lidar_cover":0.84,"ground_z":50.73},"geometry":{"type":"Polygon","coordinates":[[[356.698401591973379,65.95367382094264],[372.87207303463947,65.566613421775401],[373.55028115893947,95.571384221315384],[357.366842427174561,95.803096476942301],[356.698401591973379,65.95367382094264]]]}},
{"type":"Feature","properties":{"height_m":21.83,"lidar_cover":0.9,"ground_z":52.349998},"geometry":{"type":"Polygon","coordinates":[[[325.505574726965278,66.872352205216885],[335.722644504217897,66.619643427431583],[336.316608518653084,96.536392625421286],[325.715238146716729,96.792760363779962],[325.505574726965278,66.872352205216885]]]}},
{"type":"Feature","properties":{"height_m":23.110001,"lidar_cover":0.88,"ground_z":63.48},"geometry":{"type":"Polygon","coordinates":[[[316.302981726650614,895.727855106815696],[334.323365505086258,885.030646920204163],[321.530853342905175,863.890325605869293],[301.745648326352239,872.639155232347548],[316.302981726650614,895.727855106815696]]]}},
{"type":"Feature","properties":{"height_m":6.9200001,"lidar_cover":0.71,"ground_z":50.279999},"geometry":{"type":"Polygon","coordinates":[[[320.63793718785746,148.902759410440922],[320.393245873623528,139.878403760492802],[334.712736168061383,139.597733155824244],[335.106852378637996,148.520740007050335],[320.63793718785746,148.902759410440922]]]}},
{"type":"Feature","properties":{"height_m":15.81,"lidar_cover":0.79,"ground_z":47.959999},"geometry":{"type":"Polygon","coordinates":[[[353.564406976976898,250.281090498901904],[362.76848023023922,257.754595180042088],[385.092406864278018,244.274183453060687],[373.449215380707756,233.370845253579319],[370.253891320549883,230.381250424310565],[353.564406976976898,250.281090498901904]]]}},
{"type":"Feature","properties":{"height_m":13.93,"lidar_cover":0.58,"ground_z":50.560001},"geometry":{"type":"Polygon","coordinates":[[[332.657187651260756,233.514819613657892],[344.361794168362394,242.963024394586682],[361.588975564227439,221.614664779044688],[369.607900572766084,211.667850463651121],[349.484790823655203,212.325676429085433],[332.657187651260756,233.514819613657892]]]}},
{"type":"Feature","properties":{"height_m":10.52,"lidar_cover":0.9,"ground_z":64.519997},"geometry":{"type":"Polygon","coordinates":[[[311.136181535082869,898.885894049890339],[316.302981726650614,895.727855106815696],[301.745648326352239,872.639155232347548],[298.943230351840612,874.031515709124506],[297.055564507143572,874.971044299192727],[311.136181535082869,898.885894049890339]]]}},
{"type":"Feature","properties":{"height_m":18.65,"lidar_cover":0.75,"ground_z":68.360001},"geometry":{"type":"Polygon","coordinates":[[[226.380961954011582,891.7773073669523],[233.00779617606895,904.17162068746984],[241.484674263512716,900.29357997328043],[254.353928780183196,894.40845273155719],[248.036862601758912,881.200651988387108],[226.380961954011582,891.7773073669523]]]}},
{"type":"Feature","properties":{"height_m":19.049999,"lidar_cover":0.83,"ground_z":46.98},"geometry":{"type":"Polygon","coordinates":[[[390.564718208974227,249.462711471132934],[398.682842457375955,240.281087913550436],[381.657331078546122,224.865625464357436],[373.449215380707756,233.370845253579319],[385.092406864278018,244.274183453060687],[390.564718208974227,249.462711471132934]]]}},
{"type":"Feature","properties":{"height_m":13.47,"lidar_cover":0.74,"ground_z":64.739998},"geometry":{"type":"Polygon","coordinates":[[[305.744347161496989,902.101595227606595],[311.136181535082869,898.885894049890339],[297.055564507143572,874.971044299192727],[292.82000297808554,876.776767310686409],[291.005835549440235,877.537950065918267],[305.744347161496989,902.101595227606595]]]}},
{"type":"Feature","properties":{"height_m":15.12,"lidar_cover":0.94,"ground_z":50.189999},"geometry":{"type":"Polygon","coordinates":[[[348.204377250280231,182.271117473952472],[321.114445959567092,183.150775494985282],[320.63793718785746,148.902759410440922],[335.106852378637996,148.520740007050335],[347.570832653145771,148.191141102463007],[348.204377250280231,182.271117473952472]]]}},
{"type":"Feature","properties":{"height_m":9.9799995,"lidar_cover":0.8,"ground_z":50.360001},"geometry":{"type":"Polygon","coordinates":[[[380.975168244389351,95.189863564446568],[381.838484964799136,120.940451888367534],[357.612694235576782,121.637280468828976],[357.366842427174561,95.803096476942301],[373.55028115893947,95.571384221315384],[380.975168244389351,95.189863564446568]]]}},
{"type":"Feature","properties":{"height_m":15.98,"lidar_cover":0.91,"ground_z":48.040001},"geometry":{"type":"Polygon","coordinates":[[[382.65015346929431,149.167486471123993],[383.291147097712383,167.359094821847975],[368.476883534400258,164.813130374997854],[354.750792893522885,162.467795475386083],[354.554406527953688,149.734599986113608],[382.65015346929431,149.167486471123993]]]}},
{"type":"Feature","properties":{"height_m":20.6,"lidar_cover":0.84,"ground_z":63.59},"geometry":{"type":"Polygon","coordinates":[[[321.530853342905175,863.890325605869293],[315.077675450884271,853.048693048767745],[293.553573498968035,863.446240411140025],[298.943230351840612,874.031515709124506],[301.745648326352239,872.639155232347548],[321.530853342905175,863.890325605869293]]]}},
{"type":"Feature","properties":{"height_m":15.12,"lidar_cover":0.88,"ground_z":48.650002},"geometry":{"type":"Polygon","coordinates":[[[382.369853483804036,135.513546476140618],[382.65015346929431,149.167486471123993],[354.554406527953688,149.734599986113608],[354.336952913901769,139.177780111320317],[354.264324706455227,135.936414882540703],[358.056861424527597,135.822601553052664],[382.369853483804036,135.513546476140618]]]}},
{"type":"Feature","properties":{"height_m":16.700001,"lidar_cover":0.9,"ground_z":66.360001},"geometry":{"type":"Polygon","coordinates":[[[259.886697303154506,857.771492307074368],[241.2086660003406,866.965155769139528],[248.036862601758912,881.200651988387108],[254.353928780183196,894.40845273155719],[269.444296425906941,887.502913585864007],[273.412294626527,885.677520702593029],[259.886697303154506,857.771492307074368]]]}},
{"type":"Feature","properties":{"height_m":14.5,"lidar_cover":0.88,"ground_z":65.309998},"geometry":{"type":"Polygon","coordinates":[[[284.927360491652507,914.790746968239546],[300.959317611297593,904.989534140564501],[285.665703778795432,880.042584621347487],[273.412294626527,885.677520702593029],[269.444296425906941,887.502913585864007],[274.6070290786447,897.945996033959091],[284.927360491652507,914.790746968239546]]]}},
{"type":"Feature","properties":{"height_m":17.74,"lidar_cover":0.9,"ground_z":65.620003},"geometry":{"type":"Polygon","coordinates":[[[278.474040642031468,848.700874892994761],[259.886697303154506,857.771492307074368],[273.412294626527,885.677520702593029],[285.665703778795432,880.042584621347487],[291.005835549440235,877.537950065918267],[292.82000297808554,876.776767310686409],[278.474040642031468,848.700874892994761]]]}},
{"type":"Feature","properties":{"height_m":23.99,"lidar_cover":0.81,"ground_z":63.540001},"geometry":{"type":"Polygon","coordinates":[[[315.077675450884271,853.048693048767745],[311.853088583331555,847.838815766386688],[306.255738829204347,850.534634500741959],[301.298932628764305,852.935678837820888],[295.660030158644076,855.654107711277902],[290.877827062271535,857.964672279544175],[293.553573498968035,863.446240411140025],[315.077675450884271,853.048693048767745]]]}},
{"type":"Feature","properties":{"height_m":15.07,"lidar_cover":0.81,"ground_z":48.459999},"geometry":{"type":"Polygon","coordinates":[[[321.125187813944649,193.054491232149303],[426.535520932869986,189.575608304701746],[427.036760173621587,209.778178587555885],[384.309684182633646,211.183784566819668],[369.607900572766084,211.667850463651121],[349.484790823655203,212.325676429085433],[321.31758121738676,213.260001474060118],[321.125187813944649,193.054491232149303]]]}},
{"type":"Feature","properties":{"height_m":17.540001,"lidar_cover":0.78,"ground_z":64.970001},"geometry":{"type":"Polygon","coordinates":[[[284.794830825412646,845.642846588976681],[278.474040642031468,848.700874892994761],[292.82000297808554,876.776767310686409],[297.055564507143572,874.971044299192727],[298.943230351840612,874.031515709124506],[293.553573498968035,863.446240411140025],[290.877827062271535,857.964672279544175],[284.794830825412646,845.642846588976681]]]}},
{"type":"Feature","properties":{"height_m":18.67,"lidar_cover":0.85,"ground_z":68.190002},"geometry":{"type":"Polygon","coordinates":[[[233.00779617606895,904.17162068746984],[235.611337047826964,909.087606453336775],[237.02120955416467,908.863206279464066],[239.124598485941533,908.643296408466995],[241.662836814357433,908.463652673177421],[244.310422681970522,908.360687897540629],[246.399431931145955,908.385182160884142],[241.484674263512716,900.29357997328043],[233.00779617606895,904.17162068746984]]]}},
{"type":"Feature","properties":{"height_m":11.1,"lidar_cover":0.92,"ground_z":47.84},"geometry":{"type":"Polygon","coordinates":[[[368.714127342333086,181.842772417701781],[348.204377250280231,182.271117473952472],[347.570832653145771,148.191141102463007],[347.411206614109688,139.321416691876948],[354.336952913901769,139.177780111320317],[354.554406527953688,149.734599986113608],[354.750792893522885,162.467795475386083],[368.476883534400258,164.813130374997854],[368.714127342333086,181.842772417701781]]]}},
{"type":"Feature","properties":{"height_m":5.79,"lidar_cover":0.78,"ground_z":42.16},"geometry":{"type":"Polygon","coordinates":[[[904.475870102993213,718.620553667657077],[899.998153998574708,701.886317177675664],[914.623119956580922,703.991014564409852],[914.934693189396057,702.478075186721981],[910.710078838223126,701.929507059976459],[911.207171627145726,698.827097663655877],[950.64794729067944,704.528114087879658],[951.249449707334861,700.092371765524149],[953.562021605786867,683.071975094266236],[988.094618690432981,688.38649729359895],[985.545692298794165,703.388378700241446],[1000.205578085791785,699.452929777093232],[1005.42466820939444,717.745744948275387],[1003.08288105140673,717.501355413347483],[1002.763877796649467,719.114287003874779],[1001.801010726252571,718.901307656429708],[1000.673497509094886,725.15178154502064],[980.134689933795016,721.448354816995561],[975.781318824272603,728.506465640850365],[975.345230514649302,729.221166307106614],[973.591277121682651,728.404992299154401],[972.081175983010326,727.753062189556658],[970.213086022820789,727.237744610756636],[968.830606624949723,726.828875537030399],[967.150819818722084,726.789208009839058],[965.443979307310656,726.538840566761792],[964.208554315380752,726.661525323987007],[962.005887774401344,726.993188594467938],[960.504479251685552,727.262721501290798],[958.946160280436743,727.699335536919534],[957.298141325591132,728.369957669638097],[956.025999678997323,726.372331877239048],[948.984587909537368,730.136049162596464],[946.692480795027222,725.416730794124305],[954.020464922126848,721.916777469217777],[948.547155719483271,710.343664167448878],[944.814315651718061,709.668303440324962],[944.090774892829359,715.337622706778347],[912.416787413530983,710.129557009786367],[904.475870102993213,718.620553667657077]]]}},
{"type":"Feature","properties":{"height_m":4.3600001,"lidar_cover":0.97,"ground_z":49.310001},"geometry":{"type":"Polygon","coordinates":[[[438.642322028521448,425.930787920020521],[440.918266728986055,424.510182701051235],[447.414020462427288,420.473586600273848],[454.345807580277324,431.543946619145572],[468.616893439902924,454.369195477105677],[463.491693166375626,457.54892569500953],[459.845115962205455,459.815269745886326],[438.642322028521448,425.930787920020521]]]}},
{"type":"Feature","properties":{"height_m":4.14,"lidar_cover":0.91,"ground_z":43.23},"geometry":{"type":"Polygon","coordinates":[[[704.290461382304784,381.496798402629793],[727.965014838729985,373.855899260379374],[726.232753851043526,367.399292090907693],[746.110642184561584,361.182260897941887],[742.987904646026436,350.83057988807559],[740.304956029227469,351.633176409639418],[739.236311484826729,349.078515061177313],[714.417346021102276,354.998153858818114],[717.431667347613256,366.250186810269952],[707.573446461814456,368.175509401597083],[701.218110380577855,369.412600457668304],[704.290461382304784,381.496798402629793]]]}},
{"type":"Feature","properties":{"height_m":6.3200002,"lidar_cover":0.86,"ground_z":41.599998},"geometry":{"type":"Polygon","coordinates":[[[754.393147964321543,477.951063495129347],[804.982693331199698,464.326661018654704],[775.485020001651719,354.542359245941043],[746.110642184561584,361.182260897941887],[726.232753851043526,367.399292090907693],[727.965014838729985,373.855899260379374],[731.441401925170794,389.788998113013804],[731.694412900134921,392.684466616250575],[734.950038521317765,405.599661285057664],[768.266499368939549,397.023814138025045],[782.203757807321381,449.142332320101559],[749.108902389416471,457.271906644105911],[754.393147964321543,477.951063495129347]]]}},
{"type":"Feature","properties":{"height_m":7.87,"lidar_cover":0.92,"ground_z":45.75},"geometry":{"type":"Polygon","coordinates":[[[741.365750648430549,481.371919635683298],[738.229919866193086,467.867132553830743],[713.180529112229124,473.233820145949721],[699.019437174429186,421.35070441570133],[680.925856075016782,426.263027884997427],[678.476064886723179,438.443940207362175],[688.855339885281865,436.846728046424687],[692.130162237561308,451.782456532120705],[675.007028724357951,455.930606327019632],[674.424890711903572,458.867294347845018],[676.700841940240934,468.027854391373694],[695.155886877968442,463.356358712539077],[698.641441559651867,476.724581611342728],[679.649359638337046,482.034023492597044],[683.590301756397821,495.842043157666922],[741.365750648430549,481.371919635683298]]]}},
{"type":"Feature","properties":{"height_m":18.15,"lidar_cover":0.95,"ground_z":43.32},"geometry":{"type":"Polygon","coordinates":[[[818.250264101021457,951.142320439219475],[838.571634741267189,982.282676254399121],[839.510062016081065,980.797115753404796],[881.216095310170203,908.933449735864997],[873.843258366221562,880.246514524333179],[863.443876616714988,841.628856456838548],[861.042946301749907,842.195586237125099],[860.524792044016067,840.412910833954811],[849.540325401467271,843.336857427842915],[866.606665843399242,906.662137153558433],[845.359390202735085,943.75796290487051],[818.250264101021457,951.142320439219475]]]}},
{"type":"Feature","properties":{"height_m":18.74,"lidar_cover":0.95,"ground_z":42.610001},"geometry":{"type":"Polygon","coordinates":[[[845.317985921050422,993.299634496681392],[854.62383068818599,1006.390863971784711],[913.200979926157743,902.913366337306798],[915.675153900869191,903.911474763415754],[919.096390849910676,916.725260815583169],[925.081904292339459,915.303092039190233],[914.096547659602948,872.993622929789126],[897.776598743570503,901.049391098320484],[846.690583400079049,990.899530838243663],[845.317985921050422,993.299634496681392]]]}},
{"type":"Feature","properties":{"height_m":32.57,"lidar_cover":0.89,"ground_z":42.209999},"geometry":{"type":"Polygon","coordinates":[[[867.105674915597774,833.022797090001404],[900.412641662289388,823.637089636176825],[890.278854580130428,786.593505248427391],[883.337299538659863,788.535465613007545],[883.633411330170929,789.809505191631615],[879.408915836655069,791.03742353990674],[880.379958415927831,794.769937189295888],[886.990147084230557,819.666878789663315],[884.548169637157116,820.31170875672251],[884.009640570729971,818.14062181673944],[864.5428688423126,823.531801986508071],[867.105674915597774,833.022797090001404]]]}},
{"type":"Feature","properties":{"height_m":23.049999,"lidar_cover":0.92,"ground_z":42.540001},"geometry":{"type":"Polygon","coordinates":[[[846.706970555067528,832.62710275221616],[858.556641064060386,829.306374000385404],[852.892524738796055,807.276173948310316],[869.814579469966702,802.264298505149782],[869.282930790388491,799.937706606462598],[867.479226028837729,792.971006453037262],[838.125727465434466,800.753980073146522],[846.706970555067528,832.62710275221616]]]}},
{"type":"Feature","properties":{"height_m":6.98,"lidar_cover":0.98,"ground_z":45.509998},"geometry":{"type":"Polygon","coordinates":[[[775.270402750466019,867.965960552915931],[783.733081916288938,885.517355459742248],[848.211785102670547,881.343637944199145],[844.556049661128782,865.834087515249848],[841.351138395373709,864.432101404294372],[775.270402750466019,867.965960552915931]]]}},
{"type":"Feature","properties":{"height_m":5.31,"lidar_cover":0.99,"ground_z":43.740002},"geometry":{"type":"Polygon","coordinates":[[[803.650295026949607,930.429076184518635],[808.870311029953882,937.29683739412576],[813.613841193786357,940.605066665448248],[820.630383374053054,942.19305869191885],[830.922687409212813,940.308180256746709],[837.380185461544897,936.671992838382721],[843.509321288962383,927.465243665501475],[803.650295026949607,930.429076184518635]]]}},
{"type":"Feature","properties":{"height_m":7.85,"lidar_cover":0.86,"ground_z":40.889999},"geometry":{"type":"Polygon","coordinates":[[[743.261257055681199,349.695494660176337],[736.359504409134388,322.336593736894429],[748.627196871093474,318.956233463250101],[748.698195428878535,316.74607989564538],[750.190437744488008,315.499534386210144],[752.675240685173776,315.831314983777702],[753.575895163347013,317.410510553978384],[757.551995206973515,316.395830964669585],[762.92858876864193,315.034815554507077],[768.525229319464415,335.166980581358075],[769.669023848255165,335.067336543463171],[772.056711559416726,343.682822735980153],[762.345676556229591,347.038954377174377],[762.673324479372241,343.693874547258019],[743.261257055681199,349.695494660176337]]]}},
{"type":"Feature","properties":{"height_m":51.209999,"lidar_cover":0.83,"ground_z":42.220001},"geometry":{"type":"Polygon","coordinates":[[[810.355997835751623,606.670866863802075],[808.511491363460664,613.072490325197577],[810.112273340229876,613.59029445797205],[809.865035528782755,614.836159965954721],[815.455027762043756,616.626391621306539],[815.988634602632374,615.622083167545497],[817.349754012888297,616.41972796805203],[828.451931723568123,622.376968626864254],[824.658720904029906,629.463184780441225],[830.621695778041612,632.704385190270841],[834.073564113932662,626.631764888763428],[831.897848697379231,625.39769990183413],[834.856957264477387,622.88267417345196],[833.726357108622324,618.185720297507942],[826.428850437921938,613.424928921274841],[818.522114319028333,609.624756182543933],[810.355997835751623,606.670866863802075]]]}},
{"type":"Feature","properties":{"height_m":17.48,"lidar_cover":0.98,"ground_z":42.740002},"geometry":{"type":"Polygon","coordinates":[[[932.574714327172842,944.33313422370702],[917.529000450507738,948.938551747240126],[921.589079909725115,963.933584648184478],[929.957827380974777,962.733183423057199],[931.983675585652236,970.230742448940873],[924.460843689448666,972.533448299393058],[926.807527081225999,983.925105224363506],[934.898046804708429,982.460865505971014],[935.737122318940237,985.495147729292512],[937.207434237701818,990.788469244726002],[929.414172776567284,993.648869501426816],[932.314841161598451,1005.31287183240056],[940.686656949692406,1003.557306536473334],[941.465390794852283,1007.280540560372174],[942.436404149164446,1011.901297115720809],[935.475860152509995,1014.465155764482915],[938.095583321002778,1025.576665891334414],[944.796145896718372,1024.680702607147396],[947.394791212165728,1033.560726045630872],[943.232528334308881,1036.941991404630244],[934.845421003177762,1036.188436885364354],[935.058021816192195,1029.502466390840709],[923.588700144377071,1027.945300026796758],[921.977847078233026,1035.199618716724217],[916.929894528293516,1034.148089465685189],[913.020416526938789,1033.330078038387001],[914.068909157824237,1025.803493911400437],[901.193449568236247,1023.98206693213433],[900.139727479952853,1030.953556035645306],[895.79771502094809,1030.33949158526957],[890.911840243847109,1029.641743336804211],[891.967790568480268,1023.791627692058682],[861.742375366738997,1018.781083074398339],[873.377454648667481,1037.879217859357595],[893.791236224060412,1040.817403875291348],[914.815693590557203,1043.83870439697057],[961.581227133341599,1050.358818544074893],[949.270166975911707,1005.641366498544812],[943.27916720561916,983.45874229259789],[932.574714327172842,944.33313422370702]]]}},
{"type":"Feature","properties":{"height_m":3.6,"lidar_cover":0.79,"ground_z":40.040001},"geometry":{"type":"Polygon","coordinates":[[[796.390948129934259,290.913638810627162],[797.421837968169712,294.778809821233153],[872.414525861153379,275.261703100055456],[870.53977855812991,267.862662523984909],[838.571301400486846,275.914547973312438],[831.681402251997497,273.648051353171468],[824.48766387195792,275.481410650536418],[808.986518692690879,282.434041728265584],[795.117296919866931,286.118118268437684],[795.325167236092966,286.893357003107667],[796.390948129934259,290.913638810627162]]]}},
{"type":"Feature","properties":{"height_m":18.34,"lidar_cover":0.86,"ground_z":53.02},"geometry":{"type":"Polygon","coordinates":[[[311.783728546986822,36.914060389623046],[311.472057246020995,33.142031244002283],[309.166191141470335,33.186195464804769],[307.545358302420937,33.212733741849661],[304.82172454718966,33.260877848602831],[295.322639415971935,33.451275814324617],[291.036766166915186,33.536511319689453],[289.457815904403105,33.573757631704211],[287.920536660705693,33.59950440376997],[288.184094353171531,41.968605581671],[312.143413737940136,41.340705377049744],[311.783728546986822,36.914060389623046]]]}},
{"type":"Feature","properties":{"height_m":17.67,"lidar_cover":0.86,"ground_z":54.709999},"geometry":{"type":"Polygon","coordinates":[[[400.975616476382129,656.141990968026221],[418.092737943690736,645.275956157594919],[399.619637599214911,616.361951189115644],[382.50247315276647,627.228028731420636],[400.975616476382129,656.141990968026221]]]}},
{"type":"Feature","properties":{"height_m":17.67,"lidar_cover":0.82,"ground_z":53.41},"geometry":{"type":"Polygon","coordinates":[[[442.25360817782348,635.297851804643869],[459.379194484907202,624.431836976669729],[440.906210829503834,595.517728865146637],[423.780581510160118,606.383786446414888],[442.25360817782348,635.297851804643869]]]}},
{"type":"Feature","properties":{"height_m":17.93,"lidar_cover":0.96,"ground_z":53.400002},"geometry":{"type":"Polygon","coordinates":[[[386.869169302866794,586.494206523522735],[399.992526350892149,578.264218279160559],[417.026838999358006,605.237789647653699],[403.9035131377168,613.46774769295007],[386.869169302866794,586.494206523522735]]]}},
{"type":"Feature","properties":{"height_m":20.049999,"lidar_cover":0.78,"ground_z":52.75},"geometry":{"type":"Polygon","coordinates":[[[362.148787967395037,568.420687233097851],[404.368507219827734,541.12767634447664],[397.245849679224193,530.1924137622118],[355.026091282605194,557.485465309582651],[362.148787967395037,568.420687233097851]]]}},
{"type":"Feature","properties":{"height_m":18.23,"lidar_cover":0.85,"ground_z":50.279999},"geometry":{"type":"Polygon","coordinates":[[[410.628845166647807,529.043652723543346],[417.904719553189352,540.277250359766185],[502.013293015887029,487.693823056295514],[494.737500743707642,476.460142683237791],[469.466204950935207,490.989708156324923],[410.628845166647807,529.043652723543346]]]}},
{"type":"Feature","properties":{"height_m":13.09,"lidar_cover":0.73,"ground_z":51.099998},"geometry":{"type":"Polygon","coordinates":[[[366.991707303095609,21.899221302941442],[375.538084508443717,21.695775714702904],[377.375948119151872,21.644982136785984],[378.503816883836407,21.62314929254353],[378.263082981633488,14.763828696683049],[378.103649742144626,10.30196759197861],[376.975779211614281,10.323800477199256],[375.212899890495464,10.351674848236144],[374.669905886403285,10.367943725548685],[372.806762026622891,10.396772586740553],[366.590782696031965,10.500326537527144],[365.604953631816898,10.520809675566852],[365.947286597569473,21.909158994443715],[366.991707303095609,21.899221302941442]]]}},
{"type":"Feature","properties":{"height_m":16.9,"lidar_cover":0.94,"ground_z":51.75},"geometry":{"type":"Polygon","coordinates":[[[359.903314742434304,29.549972272478044],[359.875386882107705,30.127590441145003],[357.352491894096602,30.196010382845998],[357.565396462916397,40.275445734150708],[366.420688406680711,40.046843310818076],[366.143921256996691,29.401766165159643],[363.169942369451746,29.485579123720527],[363.091287292598281,26.488536261953413],[366.065478684671689,26.426927136257291],[365.963670293916948,22.752825823612511],[365.947286597569473,21.909158994443715],[365.604953631816898,10.520809675566852],[363.332396235491615,10.553536606021225],[360.692307820892893,10.600864518433809],[361.085405042453203,22.93247982300818],[357.201111376343761,23.069369310513139],[357.275005605188198,26.443957103416324],[359.856706362566911,26.408286361023784],[359.903314742434304,29.549972272478044]]]}},
{"type":"Feature","properties":{"height_m":24.290001,"lidar_cover":0.83,"ground_z":51.380001},"geometry":{"type":"Polygon","coordinates":[[[287.200825580395758,14.187330161221325],[287.405477202264592,17.249790185131133],[287.503836790798232,18.803263851441443],[287.582416793331504,22.666336038149893],[290.639846195175778,22.57059421390295],[293.872844082769006,22.484284312464297],[294.867026891850401,22.463711792603135],[296.036566646886058,22.430366241373122],[296.285008711158298,21.317706605419517],[301.06311572145205,21.15006575640291],[300.982529419998173,18.830320334993303],[303.872641632100567,18.713971819728613],[303.989712058508303,22.232486511580646],[308.793413248728029,22.120121669024229],[310.572789088590071,22.06986809335649],[318.492619189259131,21.883424506522715],[318.184047088550869,12.293429332785308],[318.006284739007242,6.788067691028118],[306.98722511093365,7.070642975158989],[303.445176841691136,7.170993089675903],[303.62252474646084,13.509078498929739],[300.74023715214571,13.569837883114815],[300.645909612532705,8.052578798495233],[294.915386092907283,8.240394254215062],[294.865678340545855,7.408147762529552],[293.829716544540133,7.42911818344146],[291.574080276302993,7.483912325464189],[290.237536193046253,7.529952279292047],[287.129862375557423,7.615069828927517],[287.200825580395758,14.187330161221325]]]}},
{"type":"Feature","properties":{"height_m":8.3199997,"lidar_cover":0.76,"ground_z":51.75},"geometry":{"type":"Polygon","coordinates":[[[357.30714113661088,28.064679209142923],[352.444850677100476,28.166466577909887],[352.467795148259029,28.821321150287986],[352.552274223417044,31.55183822941035],[352.636436296801548,34.249049540609121],[352.811945006018505,40.398403152823448],[355.702471584198065,40.326482944190502],[357.565396462916397,40.275445734150708],[357.352491894096602,30.196010382845998],[357.30714113661088,28.064679209142923]]]}},
{"type":"Feature","properties":{"height_m":13.6,"lidar_cover":0.91,"ground_z":51.77},"geometry":{"type":"Polygon","coordinates":[[[346.830092545307707,11.54330173227936],[347.171731128531974,21.099673784337938],[347.866215057205409,40.512090804055333],[351.89296277158428,40.418252070434391],[352.811945006018505,40.398403152823448],[352.636436296801548,34.249049540609121],[352.552274223417044,31.55183822941035],[349.695165559882298,31.623441567644477],[349.552514885202982,28.926786934956908],[352.467795148259029,28.821321150287986],[352.444850677100476,28.166466577909887],[352.234766462119296,21.018178346566856],[351.934488831320778,11.417000845074654],[350.12993851036299,11.456380847841501],[346.830092545307707,11.54330173227936]]]}},
{"type":"Feature","properties":{"height_m":9.1400003,"lidar_cover":0.97,"ground_z":51.169998},"geometry":{"type":"Polygon","coordinates":[[[366.132185551337898,29.046584050171077],[366.143921256996691,29.401766165159643],[366.420688406680711,40.046843310818076],[379.102094904752448,39.715234030969441],[378.730163381842431,28.72687130048871],[378.611439464264549,25.030725000426173],[378.584272695006803,23.931793359108269],[378.503816883836407,21.62314929254353],[377.375948119151872,21.644982136785984],[375.538084508443717,21.695775714702904],[366.991707303095609,21.899221302941442],[365.947286597569473,21.909158994443715],[365.963670293916948,22.752825823612511],[366.065478684671689,26.426927136257291],[366.132185551337898,29.046584050171077]]]}},
{"type":"Feature","properties":{"height_m":27.790001,"lidar_cover":0.93,"ground_z":38.869999},"geometry":{"type":"Polygon","coordinates":[[[916.001782546634786,21.559325287118554],[915.845692136557773,16.531179366633296],[915.712285499379504,12.1356853665784],[914.575850496825296,12.13530944660306],[914.503179937368259,6.207040306180716],[915.530681606731378,6.175135728903115],[915.45770467404509,3.755389737896621],[909.793596204428468,3.897679293528199],[908.75773884030059,3.929663556627929],[906.443718147347681,3.99591997358948],[906.690908908378333,16.018040581606328],[906.858697368763387,24.054965331219137],[912.873400585667696,23.876054944470525],[916.072873050929047,23.779236727394164],[916.001782546634786,21.559325287118554]]]}},
{"type":"Feature","properties":{"height_m":16.67,"lidar_cover":0.88,"ground_z":38.970001},"geometry":{"type":"Polygon","coordinates":[[[915.66471710318001,10.637241226620972],[915.712285499379504,12.1356853665784],[915.845692136557773,16.531179366633296],[916.001782546634786,21.559325287118554],[916.072873050929047,23.779236727394164],[917.651930493477266,23.753229159861803],[919.502230966696516,20.593640530481935],[925.974589412275236,9.58508241083473],[929.585078739561141,3.455510279163718],[931.092426119721495,1.142982711084187],[931.973670431470964,-0.219888664782047],[931.772120441542938,-2.982611615210772],[923.551677547395229,-2.771797191351652],[923.31783151102718,-2.758487246930599],[919.617024100502022,-2.656940661370754],[919.651234045741148,-0.803077281452715],[919.710984191508032,2.871422588825226],[919.801977752707899,3.65887048933655],[917.52127367479261,3.713705990463495],[915.45770467404509,3.755389737896621],[915.530681606731378,6.175135728903115],[915.66471710318001,10.637241226620972]]]}},
{"type":"Feature","properties":{"height_m":9.3400002,"lidar_cover":0.88,"ground_z":50.950001},"geometry":{"type":"Polygon","coordinates":[[[300.564431362086907,168.823837873525918],[310.43297045037616,170.595143996179104],[310.452962655515876,137.597031526267529],[300.102415299043059,137.862152454443276],[300.420940736425109,153.758521480485797],[300.564431362086907,168.823837873525918]]]}},
{"type":"Feature","properties":{"height_m":10.33,"lidar_cover":0.85,"ground_z":53.369999},"geometry":{"type":"Polygon","coordinates":[[[263.632590807741508,179.501423549838364],[274.870395235600881,164.49419872649014],[274.109543243015651,99.549275182187557],[272.123530677636154,102.466064296662807],[249.827096865454223,99.569724000990391],[228.134561307844706,151.24973229598254],[263.632590807741508,179.501423549838364]]]}},
{"type":"Feature","properties":{"height_m":11.78,"lidar_cover":0.98,"ground_z":42.209999},"geometry":{"type":"Polygon","coordinates":[[[941.273066890193149,717.784652089700103],[947.744615195784718,742.172217089682817],[913.322918271413073,751.235133035108447],[906.851260418829042,726.847597191110253],[941.273066890193149,717.784652089700103]]]}},
{"type":"Feature","properties":{"height_m":3.1500001,"lidar_cover":0.99,"ground_z":59.220001},"geometry":{"type":"Polygon","coordinates":[[[133.26793082623044,564.174023291096091],[138.642602417094167,560.891745299100876],[145.41536475851899,571.896719868294895],[140.040698537719436,575.178992947563529],[133.26793082623044,564.174023291096091]]]}},
{"type":"Feature","properties":{"height_m":14.83,"lidar_cover":0.85,"ground_z":41.57},"geometry":{"type":"Polygon","coordinates":[[[657.551930614572484,250.447581916116178],[659.865766672766767,250.370142956264317],[664.117354306101333,250.20772756356746],[668.494478902837727,250.066331188194454],[671.877452132466715,249.945458414964378],[674.024081274750642,249.858505100011826],[676.329562485567294,249.781150558963418],[678.158908301673364,249.719409917481244],[678.052163061045576,246.389543809928],[677.909835995174944,241.949722360819578],[676.372811792651191,241.997590974904597],[673.983461517316755,242.042431180365384],[669.981996307848021,242.146956445649266],[665.921835051849484,242.229834179393947],[664.510137536388356,242.276517933234572],[659.522769873903599,242.390389980748296],[658.085901888611261,242.426210560835898],[657.334047471755184,242.444437632337213],[648.336754743359052,242.651829120703042],[646.206518177175894,242.705325887538493],[646.238589522545226,244.32604902330786],[645.804124073823914,244.330166476778686],[645.874579786206596,248.237728451378644],[645.916120475973003,250.857625138945878],[650.527082080952823,250.702898864634335],[657.551930614572484,250.447581916116178]]]}},
{"type":"Feature","properties":{"height_m":15.1,"lidar_cover":0.9,"ground_z":41.049999},"geometry":{"type":"Polygon","coordinates":[[[660.157726227189414,189.467836757190526],[662.663750680279918,189.388578149490058],[662.622441039653495,188.556250265799463],[665.77160346932942,188.44869345612824],[665.838037591776811,190.169017202220857],[668.118998198478948,190.147407392039895],[668.064811369869858,188.837775776162744],[672.893572944914922,188.736515848897398],[672.839457238500472,190.080482221208513],[673.616487775347196,190.073121309280396],[676.615992748993449,190.044707387685776],[676.386784033034928,182.607920079492033],[673.571510515816044,182.679000484757125],[663.973307041684166,182.969783850945532],[660.088886806101073,183.084307870827615],[656.446661534893792,183.185436149127781],[656.513473939965479,185.82729893643409],[656.622498698474374,190.278538350947201],[660.148274007195141,190.234028057195246],[660.157726227189414,189.467836757190526]]]}},
{"type":"Feature","properties":{"height_m":15.29,"lidar_cover":0.91,"ground_z":41.459999},"geometry":{"type":"Polygon","coordinates":[[[638.406615719024558,186.753890715539455],[638.467604914098047,189.662278874777257],[640.831486147886608,189.573257001116872],[640.893000478157774,192.537154817022383],[640.931386069045402,194.823993457481265],[640.983072145783808,197.632543501444161],[638.635377747938037,197.665897341445088],[638.753798653255217,204.870573080144823],[645.395091129816137,204.696601104922593],[645.382843089813832,204.285908970981836],[645.333052526053507,201.677193579263985],[645.21328902291134,196.093557593412697],[645.122650960285682,191.819790698587894],[645.044576567597687,187.990021736361086],[645.014398937113583,186.569133429788053],[644.986430780612864,185.381385593675077],[644.943794654274825,183.527601318433881],[641.669092132826336,183.614151108078659],[638.336008656478953,183.712358636781573],[638.378856923722196,185.588346746750176],[638.406615719024558,186.753890715539455]]]}},
{"type":"Feature","properties":{"height_m":3.22,"lidar_cover":0.83,"ground_z":41.849998},"geometry":{"type":"Polygon","coordinates":[[[650.527082080952823,250.702898864634335],[645.916120475973003,250.857625138945878],[645.964289646828547,254.176943317987025],[646.017867918126285,257.185328339226544],[647.992299416218884,257.444189870730042],[649.548450254602358,257.6515011806041],[650.710859741433524,257.75151482783258],[650.527082080952823,250.702898864634335]]]}},
{"type":"Feature","properties":{"height_m":14.5,"lidar_cover":0.94,"ground_z":42.529999},"geometry":{"type":"Polygon","coordinates":[[[619.248613822390325,245.14813328627497],[621.729448267258704,245.057995961979032],[633.841929106682073,244.687807470560074],[644.13341876596678,244.379308861680329],[645.20276695897337,244.358071464113891],[644.913629196526017,237.654644863680005],[642.674985136196483,237.731375886127353],[633.545162328053266,238.062173884361982],[626.511946985614486,238.317593206651509],[625.709961477899924,238.336298787035048],[625.762916617677547,241.278072119690478],[622.714564970927313,241.440205777063966],[622.535860915086232,238.455212870612741],[618.417738048010506,238.594181350432336],[613.506195467198268,238.773983745835721],[613.676337614830118,241.736851839348674],[613.985542525711935,242.622154212556779],[614.492598951677792,244.105138702318072],[615.113784582877997,245.28726212028414],[619.248613822390325,245.14813328627497]]]}},
{"type":"Feature","properties":{"height_m":7.4200001,"lidar_cover":0.9,"ground_z":42.919998},"geometry":{"type":"Polygon","coordinates":[[[626.511946985614486,238.317593206651509],[633.545162328053266,238.062173884361982],[642.674985136196483,237.731375886127353],[644.913629196526017,237.654644863680005],[646.099739532510284,237.610095193609595],[646.079810963768978,236.388962299562991],[646.043487803719472,235.201293553225696],[642.593456483504269,235.300607957877219],[642.530005879001692,233.014006732963026],[645.997064165887423,232.947839730419219],[645.948220616788603,230.4390415744856],[643.909991999622434,230.502769902348518],[642.456411420367658,230.53875192347914],[633.08386010362301,230.827439069747925],[626.258989519090392,231.025368999689817],[613.31922373874113,231.392310651950538],[613.428591063886415,235.87685582600534],[613.506195467198268,238.773983745835721],[618.417738048010506,238.594181350432336],[622.535860915086232,238.455212870612741],[625.709961477899924,238.336298787035048],[626.511946985614486,238.317593206651509]]]}},
{"type":"Feature","properties":{"height_m":15.08,"lidar_cover":0.85,"ground_z":41.41},"geometry":{"type":"Polygon","coordinates":[[[651.216189551458228,185.866391995921731],[651.255141947360244,187.331608845852315],[651.277428080502432,187.919852633029222],[651.319010556442663,189.662617667578161],[653.465762691572309,189.586760401725769],[653.492965250450652,193.339290955103934],[651.404700374405365,193.41459400113672],[651.497903694689739,197.077675765380263],[651.531551791005768,198.864927708171308],[651.608299233717844,201.673240271396935],[651.647461972315796,203.160661012865603],[652.892484859679826,203.159966016188264],[656.953720016870648,203.188100511208177],[656.875607106892858,200.235462854616344],[656.795285065949429,197.049684739671648],[656.622498698474374,190.278538350947201],[656.513473939965479,185.82729893643409],[656.446661534893792,183.185436149127781],[654.291447112394962,183.250269749201834],[651.158887626719661,183.34657125454396],[651.203310621785931,185.389088306576014],[651.216189551458228,185.866391995921731]]]}},
{"type":"Feature","properties":{"height_m":13.51,"lidar_cover":0.91,"ground_z":42.869999},"geometry":{"type":"Polygon","coordinates":[[[633.08386010362301,230.827439069747925],[642.456411420367658,230.53875192347914],[643.909991999622434,230.502769902348518],[643.608289094176143,223.355345549993217],[636.089725226862356,223.537634586915374],[632.931907418475021,223.611977928318083],[630.617957659298554,223.678323472850025],[625.338252931833267,223.806092843413353],[625.308604093559552,226.848575515672565],[620.97282033454394,226.945194090716541],[620.919021312554833,223.914605412632227],[613.124844106147066,224.110634211450815],[613.227579928585328,227.895757874473929],[613.31922373874113,231.392310651950538],[626.258989519090392,231.025368999689817],[633.08386010362301,230.827439069747925]]]}},
{"type":"Feature","properties":{"height_m":15.76,"lidar_cover":0.77,"ground_z":41.93},"geometry":{"type":"Polygon","coordinates":[[[615.304286980943289,200.163165268488228],[616.315050369128585,200.131376270204782],[617.409470581973437,200.109897200018167],[618.462115016358439,200.088814357295632],[620.684376081626397,200.045540186576545],[624.176410425920039,199.968023360706866],[626.816324100247584,199.90968884062022],[629.823864677338861,199.847870480269194],[632.296675267978571,199.791121959686279],[633.65846053295536,199.767111047171056],[637.334308457211591,199.687858278863132],[637.123706077225506,191.573616485111415],[632.144132462912239,191.631918152794242],[629.595912115531974,191.667175635695457],[627.557356889534276,191.69760265480727],[623.956280412094202,191.731739773415029],[624.062904584105127,195.92763464897871],[620.503605996316765,195.961377480067313],[620.355203929764684,191.765878684818745],[617.205201143340673,191.784639874473214],[615.032858013408259,191.805235926061869],[613.955041613662615,191.815454978495836],[612.292363600863609,191.83121956884861],[612.485480760049541,198.979672512039542],[612.513980589224957,200.222929948940873],[615.304286980943289,200.163165268488228]]]}},
{"type":"Feature","properties":{"height_m":15.44,"lidar_cover":0.84,"ground_z":41.16},"geometry":{"type":"Polygon","coordinates":[[[657.99488237046171,200.191548563539982],[658.048244948091451,203.177729510702193],[661.423516035429202,203.123542848043144],[663.453712824033573,203.093204494565725],[663.399195438832976,199.984902336262167],[666.733112944639288,199.975521684624255],[666.778747843112797,203.028393371962011],[667.363608496671077,203.02285239007324],[669.961955651815515,202.987133241258562],[673.671327715506777,202.918684235773981],[676.896311307151336,202.877031409181654],[676.796600615605712,198.525629957206547],[676.754498439375311,196.727355191484094],[673.646589505311567,196.779001883231103],[671.46599809586769,196.810762082226574],[670.772519873047713,196.817331708967686],[670.75828732305672,197.961067667230964],[668.469079210015479,197.993857759051025],[668.31631338968873,196.862806824035943],[663.387084957386833,196.942815950140357],[660.203979653539136,196.995180869475007],[656.795285065949429,197.049684739671648],[656.875607106892858,200.235462854616344],[657.99488237046171,200.191548563539982]]]}},
{"type":"Feature","properties":{"height_m":7.0900002,"lidar_cover":0.89,"ground_z":41.389999},"geometry":{"type":"Polygon","coordinates":[[[658.085901888611261,242.426210560835898],[659.522769873903599,242.390389980748296],[664.510137536388356,242.276517933234572],[665.921835051849484,242.229834179393947],[669.981996307848021,242.146956445649266],[673.983461517316755,242.042431180365384],[676.372811792651191,241.997590974904597],[677.909835995174944,241.949722360819578],[677.806923670112155,238.142394254915416],[677.742853209725581,235.789181277155876],[673.665978161036037,235.872212910093367],[671.209784946055152,235.917687205597758],[669.672549120325129,235.943353368900716],[665.453532029525377,236.016633331775665],[662.287259345175698,236.079941152594984],[657.934665685577784,236.165594037622213],[654.86865442909766,236.227955093607306],[648.185194468998816,236.357906912453473],[648.336754743359052,242.651829120703042],[657.334047471755184,242.444437632337213],[658.085901888611261,242.426210560835898]]]}},
{"type":"Feature","properties":{"height_m":9.3900003,"lidar_cover":0.86,"ground_z":41.220001},"geometry":{"type":"Polygon","coordinates":[[[661.59166968165664,209.406204623170197],[665.551903179264627,209.357580372132361],[667.648939369362779,209.326609904877841],[672.402911645360291,209.270469598472118],[674.366475866292603,209.262971349060535],[677.048477373318747,209.237565161660314],[676.92721885984065,204.375633301213384],[676.896311307151336,202.877031409181654],[673.671327715506777,202.918684235773981],[669.961955651815515,202.987133241258562],[670.043369952647481,205.406799321994185],[667.452958098845556,205.398031584918499],[667.363608496671077,203.02285239007324],[666.778747843112797,203.028393371962011],[663.453712824033573,203.093204494565725],[661.423516035429202,203.123542848043144],[658.048244948091451,203.177729510702193],[656.953720016870648,203.188100511208177],[652.892484859679826,203.159966016188264],[652.925623393151909,206.657073145732284],[651.722376848745625,206.657372270710766],[651.799650247034151,209.521194506436586],[657.096601721248589,209.448795880191028],[661.157096957613248,209.399219201877713],[661.59166968165664,209.406204623170197]]]}},
{"type":"Feature","properties":{"height_m":14.46,"lidar_cover":0.88,"ground_z":41.450001},"geometry":{"type":"Polygon","coordinates":[[[644.986430780612864,185.381385593675077],[645.014398937113583,186.569133429788053],[645.044576567597687,187.990021736361086],[645.122650960285682,191.819790698587894],[647.103456431301311,191.867636379785836],[647.192830801708624,196.008180158212781],[645.21328902291134,196.093557593412697],[645.333052526053507,201.677193579263985],[645.382843089813832,204.285908970981836],[645.395091129816137,204.696601104922593],[645.508436551783234,209.603019587695599],[651.799650247034151,209.521194506436586],[651.722376848745625,206.657372270710766],[651.664443817047868,204.070939883589745],[651.647461972315796,203.160661012865603],[651.608299233717844,201.673240271396935],[651.531551791005768,198.864927708171308],[651.497903694689739,197.077675765380263],[651.404700374405365,193.41459400113672],[651.319010556442663,189.662617667578161],[651.277428080502432,187.919852633029222],[651.255141947360244,187.331608845852315],[651.216189551458228,185.866391995921731],[651.203310621785931,185.389088306576014],[651.158887626719661,183.34657125454396],[645.453355118399486,183.511669296771288],[644.943794654274825,183.527601318433881],[644.986430780612864,185.381385593675077]]]}},
{"type":"Feature","properties":{"height_m":18.27,"lidar_cover":0.9,"ground_z":42.549999},"geometry":{"type":"Polygon","coordinates":[[[612.582809087762143,203.075729218311608],[612.648374398471788,205.584368743933737],[612.698952943843324,207.393666060641408],[612.76620243745856,210.079936448484659],[616.508675763907377,209.977835416793823],[618.722368137910962,209.912435967475176],[618.668067142367363,208.591702646575868],[621.524685225856956,208.475796985439956],[624.448039303999394,208.348156875930727],[626.544654900208116,208.272766786627471],[626.676045121857896,209.79262201115489],[630.2018110503559,209.748097005300224],[632.608092794485856,209.725287929177284],[633.836299100483302,209.713646104559302],[633.713622084353119,202.942024700343609],[633.65846053295536,199.767111047171056],[632.296675267978571,199.791121959686279],[629.823864677338861,199.847870480269194],[626.816324100247584,199.90968884062022],[626.807085941312835,200.698084094561636],[618.495600834488869,200.976730914786458],[618.462115016358439,200.088814357295632],[617.409470581973437,200.109897200018167],[616.315050369128585,200.131376270204782],[615.304286980943289,200.163165268488228],[612.513980589224957,200.222929948940873],[612.582809087762143,203.075729218311608]]]}},
{"type":"Feature","properties":{"height_m":15.22,"lidar_cover":0.93,"ground_z":41.080002},"geometry":{"type":"Polygon","coordinates":[[[663.376040497096255,195.777113593183458],[663.387084957386833,196.942815950140357],[668.31631338968873,196.862806824035943],[668.337533411686309,195.574666648171842],[671.46267906104913,195.578369014896452],[671.46599809586769,196.810762082226574],[673.646589505311567,196.779001883231103],[676.754498439375311,196.727355191484094],[676.66324802255258,192.38697656057775],[676.615992748993449,190.044707387685776],[673.616487775347196,190.073121309280396],[672.839457238500472,190.080482221208513],[668.118998198478948,190.147407392039895],[665.838037591776811,190.169017202220857],[660.148274007195141,190.234028057195246],[656.622498698474374,190.278538350947201],[656.795285065949429,197.049684739671648],[660.203979653539136,196.995180869475007],[660.208322666934691,194.807863715104759],[663.366363448090851,194.755736292339861],[663.376040497096255,195.777113593183458]]]}},
{"type":"Feature","properties":{"height_m":17.360001,"lidar_cover":0.82,"ground_z":41.419998},"geometry":{"type":"Polygon","coordinates":[[[657.576444874808658,230.106791477650404],[662.137394267134368,229.963649705983698],[668.427643518080004,229.781921522691846],[670.599554345651995,229.716933655552566],[672.345459181524348,229.667085065506399],[675.102123382035643,229.585456065833569],[677.5747134925914,229.506519044749439],[677.435903674922884,224.555929899215698],[677.3747777241515,222.513570943847299],[674.693201816407964,222.583384782075882],[672.763377245864831,222.623872166499496],[672.036586154310498,222.641860230825841],[669.254748749663122,222.712625904940069],[667.943203788425308,222.747257157228887],[665.762830561434384,222.801223027519882],[661.953417508164421,222.892830027267337],[661.427149550290778,222.908919248729944],[657.333767360076308,223.014322181232274],[647.843603044515476,223.237486867234111],[648.003264709201176,230.386257390491664],[657.576444874808658,230.106791477650404]]]}},
{"type":"Feature","properties":{"height_m":12.78,"lidar_cover":0.93,"ground_z":41.77},"geometry":{"type":"Polygon","coordinates":[[[664.217868977342732,255.525076191872358],[664.255931923864409,257.778609302826226],[665.600785698916297,257.732558734714985],[678.406297704845201,257.311466716229916],[678.231123411562294,252.050339945591986],[678.158908301673364,249.719409917481244],[676.329562485567294,249.781150558963418],[674.024081274750642,249.858505100011826],[671.877452132466715,249.945458414964378],[668.494478902837727,250.066331188194454],[664.117354306101333,250.20772756356746],[664.134334656177089,251.11800650972873],[662.864104337641038,251.984966717660427],[663.056195682147518,255.502773869782686],[664.217868977342732,255.525076191872358]]]}},
{"type":"Feature","properties":{"height_m":15.25,"lidar_cover":0.93,"ground_z":42.02},"geometry":{"type":"Polygon","coordinates":[[[613.955041613662615,191.815454978495836],[615.032858013408259,191.805235926061869],[617.205201143340673,191.784639874473214],[620.355203929764684,191.765878684818745],[620.22250884398818,190.989931936375797],[623.39736696286127,190.94873058795929],[623.463325627089944,191.736412975937128],[623.956280412094202,191.731739773415029],[627.557356889534276,191.69760265480727],[629.595912115531974,191.667175635695457],[632.144132462912239,191.631918152794242],[637.123706077225506,191.573616485111415],[638.502203217707574,191.549448119476438],[638.467604914098047,189.662278874777257],[638.406615719024558,186.753890715539455],[638.378856923722196,185.588346746750176],[638.336008656478953,183.712358636781573],[612.105706709786318,184.482852796092629],[612.23620599595597,189.433520148508251],[612.292363600863609,191.83121956884861],[613.955041613662615,191.815454978495836]]]}},
{"type":"Feature","properties":{"height_m":5.8200002,"lidar_cover":0.82,"ground_z":40.98},"geometry":{"type":"Polygon","coordinates":[[[654.86865442909766,236.227955093607306],[657.934665685577784,236.165594037622213],[662.287259345175698,236.079941152594984],[665.453532029525377,236.016633331775665],[669.672549120325129,235.943353368900716],[671.209784946055152,235.917687205597758],[673.665978161036037,235.872212910093367],[677.742853209725581,235.789181277155876],[677.601729870890267,230.594349672086537],[677.5747134925914,229.506519044749439],[675.102123382035643,229.585456065833569],[672.345459181524348,229.667085065506399],[670.599554345651995,229.716933655552566],[670.633151559683029,232.38131716568023],[668.619883599691093,232.433699149638414],[668.427643518080004,229.781921522691846],[662.137394267134368,229.963649705983698],[657.576444874808658,230.106791477650404],[648.003264709201176,230.386257390491664],[645.948220616788603,230.4390415744856],[645.997064165887423,232.947839730419219],[646.043487803719472,235.201293553225696],[646.079810963768978,236.388962299562991],[648.185194468998816,236.357906912453473],[654.86865442909766,236.227955093607306]]]}},
{"type":"Feature","properties":{"height_m":8.1099997,"lidar_cover":0.83,"ground_z":42.52},"geometry":{"type":"Polygon","coordinates":[[[564.884759601322003,188.716833421960473],[564.899224272929132,189.36066594067961],[564.978777692653239,191.580496517941356],[565.036985965096392,193.312000839971006],[565.096458256244659,195.176728297956288],[565.107973502541427,195.509706851094961],[565.252792584127747,200.204870944842696],[565.297273493604735,201.370256251655519],[565.405018700810615,204.800038445740938],[565.639325965777971,211.881482901982963],[565.759007566783112,215.688651428557932],[565.784566050569993,216.621054827235639],[566.252348438836634,216.60551356524229],[571.598162132664584,216.39935349021107],[571.288946072862018,210.229059621691704],[571.177375163941178,204.6342428997159],[571.168211705749854,203.668375188484788],[571.083638814568985,200.038520446047187],[571.051761395996436,198.440001403912902],[570.977157860645093,194.099464792758226],[570.883210802916437,189.481538560241461],[570.865586852305569,188.504648211412132],[570.803938514669426,185.529648733325303],[568.723921568365768,185.593794434331357],[564.789372099272441,185.708845280110836],[564.858885006746277,187.751124280504882],[564.884759601322003,188.716833421960473]]]}},
{"type":"Feature","properties":{"height_m":9.1099997,"lidar_cover":0.86,"ground_z":42.860001},"geometry":{"type":"Polygon","coordinates":[[[545.653897326556034,189.187999517656863],[545.751536744122859,191.551996419206262],[545.947689668973908,195.491674089804292],[546.034023576998152,197.544896337203681],[546.086546649923548,198.676896481774747],[551.558227526082192,198.525041945278645],[551.571365205803886,200.789914489723742],[552.624009557301179,200.768822064623237],[552.545854053925723,197.816185030154884],[552.533284674573224,197.372187213040888],[552.518818895798177,196.728354698047042],[552.303980417374987,189.058270644396544],[552.217153566423804,186.072407172992826],[548.867361196840648,186.170814528129995],[547.998528532451019,186.190163000486791],[545.51746351888869,186.258121509104967],[545.623879624297842,188.666446812450886],[545.653897326556034,189.187999517656863]]]}},
{"type":"Feature","properties":{"height_m":11.26,"lidar_cover":0.8,"ground_z":42.41},"geometry":{"type":"Polygon","coordinates":[[[586.276348008366767,187.881032653152943],[586.278348772670142,188.09196927305311],[586.290669270267244,189.390894777141511],[586.306185070890933,190.145746590569615],[586.363822252838872,195.341369390487671],[589.513402507291175,195.278187042102218],[590.398839109577239,195.247583125717938],[593.882310017652344,195.147927093319595],[595.378094652784057,195.155946906656027],[595.323157627717592,193.768602173775434],[596.643378810957074,193.767184359021485],[596.68964455742389,195.121302554383874],[599.079010410816409,195.076437006704509],[599.354730767838191,195.073822245933115],[602.445719714160077,195.000098249875009],[602.366952891577967,191.980849384330213],[602.297909836866893,189.105846357531846],[602.188746367231943,184.643505439162254],[593.751494354510214,184.878961234353483],[590.719092604820617,184.963236107490957],[586.241561692091636,185.094528138637543],[586.276348008366767,187.881032653152943]]]}},
{"type":"Feature","properties":{"height_m":6.5900002,"lidar_cover":0.89,"ground_z":42.740002},"geometry":{"type":"Polygon","coordinates":[[[552.518818895798177,196.728354698047042],[552.533284674573224,197.372187213040888],[552.545854053925723,197.816185030154884],[556.188176986412145,197.72610626090318],[556.25751413567923,198.869049817323685],[558.045202025328763,198.818777301348746],[557.999277825583704,196.620833474211395],[557.887874701293185,191.925352364778519],[557.791779607941862,187.962519219145179],[557.747224877821282,185.908900485374033],[554.230434296594467,186.019992944784462],[552.217153566423804,186.072407172992826],[552.303980417374987,189.058270644396544],[552.518818895798177,196.728354698047042]]]}},
{"type":"Feature","properties":{"height_m":10.18,"lidar_cover":0.84,"ground_z":42.82},"geometry":{"type":"Polygon","coordinates":[[[571.649206582223997,217.375926810316741],[571.598162132664584,216.39935349021107],[566.252348438836634,216.60551356524229],[565.784566050569993,216.621054827235639],[565.759007566783112,215.688651428557932],[564.539262610720471,215.711327477358282],[558.206172598234843,215.78252300620079],[557.704864258528687,215.78727999329567],[553.193089196807705,215.830094433389604],[550.352447291254066,215.868155047297478],[548.246952260786202,215.888136910274625],[547.611961695714854,215.894163305871189],[546.793158072105143,215.901934268884361],[545.289338415721431,215.927309631370008],[543.835438858252019,215.93000565841794],[544.57624457590282,217.388561144471169],[545.454451157769654,218.357283812016249],[547.044002998212818,219.441387618891895],[548.573593351640739,220.370619838126004],[552.156438823963981,221.058308210223913],[552.298686797963455,221.079164139926434],[554.623415468202438,221.268058605492115],[558.093639929546043,221.534907375462353],[558.44487152993679,221.564883281476796],[571.927879848168232,222.969158299267292],[571.83593673229916,221.204665149562061],[571.713767169392668,218.896415336988866],[571.649206582223997,217.375926810316741]]]}},
{"type":"Feature","properties":{"height_m":15.93,"lidar_cover":0.91,"ground_z":42.5},"geometry":{"type":"Polygon","coordinates":[[[577.423553012136836,188.353610534220934],[577.478774303221144,190.651392473839223],[577.571383159607649,194.247862157411873],[577.608560097054578,195.52434604242444],[579.404709323891439,195.485101484693587],[582.96369246696122,195.418032650835812],[586.363822252838872,195.341369390487671],[586.306185070890933,190.145746590569615],[586.290669270267244,189.390894777141511],[586.278348772670142,188.09196927305311],[586.276348008366767,187.881032653152943],[586.241561692091636,185.094528138637543],[578.648077569087036,185.310895432718098],[577.344986391020939,185.356565702706575],[577.423553012136836,188.353610534220934]]]}},
{"type":"Feature","properties":{"height_m":14.35,"lidar_cover":0.89,"ground_z":42.759998},"geometry":{"type":"Polygon","coordinates":[[[557.791779607941862,187.962519219145179],[557.887874701293185,191.925352364778519],[557.999277825583704,196.620833474211395],[558.045202025328763,198.818777301348746],[558.242659333511256,207.299540140666068],[558.354378344258294,212.02832714561373],[565.639325965777971,211.881482901982963],[565.405018700810615,204.800038445740938],[565.297273493604735,201.370256251655519],[565.252792584127747,200.204870944842696],[565.107973502541427,195.509706851094961],[565.096458256244659,195.176728297956288],[565.036985965096392,193.312000839971006],[564.978777692653239,191.580496517941356],[564.899224272929132,189.36066594067961],[564.884759601322003,188.716833421960473],[564.858885006746277,187.751124280504882],[564.789372099272441,185.708845280110836],[562.350188095821068,185.787503566592932],[557.747224877821282,185.908900485374033],[557.791779607941862,187.962519219145179]]]}},
{"type":"Feature","properties":{"height_m":3.28,"lidar_cover":0.9,"ground_z":41.02},"geometry":{"type":"Polygon","coordinates":[[[591.171500406984705,203.58965531270951],[591.272984119539615,207.241555554792285],[592.292206928483211,207.220785870216787],[592.396080287464429,209.362665481865406],[593.248094585083891,209.332378866150975],[600.974288383848034,209.014841505326331],[602.786723437835462,208.931036535650492],[602.692586029414088,204.290906175971031],[602.656399158411659,202.237208039499819],[591.178102261619642,202.523711774498224],[591.171500406984705,203.58965531270951]]]}},
{"type":"Feature","properties":{"height_m":9.6300001,"lidar_cover":0.86,"ground_z":40.919998},"geometry":{"type":"Polygon","coordinates":[[[590.518045107950456,202.529972122982144],[591.178102261619642,202.523711774498224],[602.656399158411659,202.237208039499819],[602.482576424605213,196.243276426568627],[602.445719714160077,195.000098249875009],[599.354730767838191,195.073822245933115],[599.079010410816409,195.076437006704509],[596.68964455742389,195.121302554383874],[595.378094652784057,195.155946906656027],[593.882310017652344,195.147927093319595],[590.398839109577239,195.247583125717938],[589.513402507291175,195.278187042102218],[586.363822252838872,195.341369390487671],[586.435435128223617,197.605687104165554],[585.591879923653323,197.64699718169868],[585.656365459843073,200.92174880951643],[588.213043124822434,200.897498486563563],[588.404401785286609,202.572225349023938],[590.518045107950456,202.529972122982144]]]}},
{"type":"Feature","properties":{"height_m":14.66,"lidar_cover":0.88,"ground_z":42.720001},"geometry":{"type":"Polygon","coordinates":[[[545.289338415721431,215.927309631370008],[546.793158072105143,215.901934268884361],[547.611961695714854,215.894163305871189],[548.246952260786202,215.888136910274625],[550.352447291254066,215.868155047297478],[553.193089196807705,215.830094433389604],[557.704864258528687,215.78727999329567],[558.206172598234843,215.78252300620079],[564.539262610720471,215.711327477358282],[565.759007566783112,215.688651428557932],[565.639325965777971,211.881482901982963],[558.354378344258294,212.02832714561373],[558.242659333511256,207.299540140666068],[555.486092338338494,207.392315508797765],[553.957310828671325,207.429028835147619],[550.215047082048841,207.553366074338555],[549.747264119796455,207.568908366374671],[548.001354149891995,207.618786485865712],[543.891569373023231,207.757717895321548],[542.463155098841526,207.804583989083767],[541.235159025411122,207.838445180095732],[542.018764748994727,210.28475477732718],[543.835438858252019,215.93000565841794],[545.289338415721431,215.927309631370008]]]}},
{"type":"Feature","properties":{"height_m":17.200001,"lidar_cover":0.92,"ground_z":41.34},"geometry":{"type":"Polygon","coordinates":[[[571.713767169392668,218.896415336988866],[571.83593673229916,221.204665149562061],[571.927879848168232,222.969158299267292],[573.752773981308565,223.318241933360696],[574.815771299006883,223.508010065183043],[578.041869517881423,224.465565833263099],[580.759041267854627,225.50567118357867],[581.534418617782649,224.443537913262844],[582.38414988288423,223.291876012459397],[584.071570214349777,223.242560917511582],[586.026144111761823,223.168506328947842],[585.927780832455028,220.726795435883105],[584.967467082198709,220.791418988257647],[584.854884612024762,219.493444445542991],[585.874316305329558,219.49487769138068],[585.551774734281935,211.037506954744458],[584.758667884569149,211.111647425219417],[584.68592956365319,210.490573486313224],[582.162886473932303,210.536711934022605],[582.122304781281855,209.782097865827382],[577.436437232361641,209.970886561088264],[575.365098409645725,210.068256962113082],[571.288946072862018,210.229059621691704],[571.598162132664584,216.39935349021107],[571.649206582223997,217.375926810316741],[571.713767169392668,218.896415336988866]]]}},
{"type":"Feature","properties":{"height_m":12.36,"lidar_cover":0.94,"ground_z":42.880001},"geometry":{"type":"Polygon","coordinates":[[[539.513232886092737,202.492074678651989],[540.856257506646216,206.654028206132352],[541.235159025411122,207.838445180095732],[542.463155098841526,207.804583989083767],[543.891569373023231,207.757717895321548],[548.001354149891995,207.618786485865712],[549.747264119796455,207.568908366374671],[550.215047082048841,207.553366074338555],[553.957310828671325,207.429028835147619],[552.736501769453753,204.698190891183913],[552.624009557301179,200.768822064623237],[551.571365205803886,200.789914489723742],[549.508063013781793,200.853907191194594],[546.191592763178051,200.940896774642169],[543.919517090776935,201.017975413240492],[541.555429360771086,201.084825158119202],[539.082724627456628,201.152706637978554],[539.513232886092737,202.492074678651989]]]}},
{"type":"Feature","properties":{"height_m":14.8,"lidar_cover":0.96,"ground_z":43.049999},"geometry":{"type":"Polygon","coordinates":[[[541.555429360771086,201.084825158119202],[543.919517090776935,201.017975413240492],[546.191592763178051,200.940896774642169],[546.086546649923548,198.676896481774747],[546.034023576998152,197.544896337203681],[545.947689668973908,195.491674089804292],[543.332629141921643,195.527596353553236],[543.128751843236387,191.654609601013362],[545.751536744122859,191.551996419206262],[545.653897326556034,189.187999517656863],[545.623879624297842,188.666446812450886],[545.51746351888869,186.258121509104967],[541.950542127015069,186.369695725850761],[538.592394758481532,186.46818714402616],[538.848812840064056,194.115670554339886],[539.082724627456628,201.152706637978554],[541.555429360771086,201.084825158119202]]]}},
{"type":"Feature","properties":{"height_m":13.38,"lidar_cover":0.82,"ground_z":42.419998},"geometry":{"type":"Polygon","coordinates":[[[571.051761395996436,198.440001403912902],[571.083638814568985,200.038520446047187],[571.168211705749854,203.668375188484788],[573.807597406208515,203.55451166536659],[573.703963785315864,200.557704577222466],[574.965276432048995,200.512429935857654],[575.546626210329123,198.3751529045403],[577.676454499305692,198.277227777056396],[577.608560097054578,195.52434604242444],[577.571383159607649,194.247862157411873],[577.478774303221144,190.651392473839223],[577.423553012136836,188.353610534220934],[577.344986391020939,185.356565702706575],[573.034453936910722,185.47517878189683],[570.803938514669426,185.529648733325303],[570.865586852305569,188.504648211412132],[570.883210802916437,189.481538560241461],[573.372840575349983,189.435713327489793],[573.516390410484746,193.997654347680509],[570.977157860645093,194.099464792758226],[571.051761395996436,198.440001403912902]]]}},
{"type":"Feature","properties":{"height_m":10.46,"lidar_cover":0.77,"ground_z":42.77},"geometry":{"type":"Polygon","coordinates":[[[602.199725470156409,228.977384831756353],[601.556486270215828,228.994587668217719],[592.492230619944166,229.191580358892679],[590.094626208301634,229.247629398480058],[589.168718158907723,228.534721210598946],[587.928296457859688,229.901043629273772],[591.289472799922805,232.76702740509063],[593.282339698751457,234.968711517751217],[598.700200567254797,238.836661943234503],[603.444956553110387,238.691739887930453],[603.269075952237472,228.956141263246536],[602.199725470156409,228.977384831756353]]]}},
{"type":"Feature","properties":{"height_m":12.25,"lidar_cover":0.93,"ground_z":40.66},"geometry":{"type":"Polygon","coordinates":[[[696.217412702855654,186.350532772950828],[696.324935080483556,188.880980883724988],[696.659036671277136,188.866714048199356],[698.06238952127751,188.820115819573402],[702.472972182906233,188.678423992358148],[705.279783115023747,188.596331994049251],[705.268430072290357,187.397323889657855],[705.252556840714533,185.720932931639254],[705.230535975191742,184.277761556208134],[705.207409424358048,181.835337657481432],[696.035318440874107,182.12204372882843],[693.529396492289379,182.212392666377127],[686.236905202385969,182.448002278804779],[686.367572510382161,189.186238852329552],[688.907017823250499,189.106672802940011],[694.45369283342734,188.932010436430573],[694.35505065927282,186.456992855295539],[696.217412702855654,186.350532772950828]]]}},
{"type":"Feature","properties":{"height_m":14.71,"lidar_cover":0.96,"ground_z":42.810001},"geometry":{"type":"Polygon","coordinates":[[[638.638655574060977,294.105877027846873],[639.907991429325193,294.027228532359004],[639.890502463327721,294.826804987154901],[648.398149271029979,294.979335503652692],[648.461202026170213,294.579032625071704],[655.463572761800606,294.60149887483567],[659.165279174572788,294.610834524035454],[662.841920397419017,294.620409555733204],[679.632198479899671,294.106049566529691],[679.548125639732461,286.112740012817085],[672.957458842429332,286.330614358186722],[672.72306784405373,274.819101659581065],[671.377586177492049,274.798539371229708],[664.979601664526854,275.070109988562763],[664.975513792946003,276.4024997362867],[642.275551847182214,278.460692554712296],[633.663332000607625,279.619305348023772],[633.803221805952489,280.273051999509335],[634.46750504738884,286.884099459275603],[632.21879604505375,287.660413823090494],[632.595784435514361,288.645000777207315],[627.966160950367339,290.354325653985143],[630.651802239881363,297.767827933654189],[635.940102092979942,295.907923261635005],[638.921632743033115,294.869296831078827],[638.638655574060977,294.105877027846873]]]}},
{"type":"Feature","properties":{"height_m":12.04,"lidar_cover":0.81,"ground_z":41.57},"geometry":{"type":"Polygon","coordinates":[[[697.890255163365509,240.350411370396614],[697.879321244370658,239.195810877718031],[696.709395575686358,239.18468417134136],[696.712753576808609,237.77458109613508],[693.337183332070708,237.795445704832673],[687.254451735236216,237.830848892219365],[687.357157435966656,243.381338020786643],[687.407353625807445,246.034461396746337],[690.682553697435651,246.003441607579589],[692.161406789673492,245.989435710012913],[693.448092530248687,245.977250032126904],[693.447195239306893,245.000201247632504],[695.878635446657427,244.988277623429894],[696.180414706876036,244.208215080201626],[697.174672108259983,244.198799409903586],[697.633102008432616,244.960559824481606],[700.256709581473842,244.946817863732576],[700.282671259134077,245.923629280179739],[705.128630516352132,245.877741805277765],[705.109851005254313,237.717271066270769],[700.07161358371377,237.753876298666],[700.13788451871369,240.340229878202081],[697.890255163365509,240.350411370396614]]]}},
{"type":"Feature","properties":{"height_m":6.2199998,"lidar_cover":0.79,"ground_z":41.25},"geometry":{"type":"Polygon","coordinates":[[[699.539719023392536,219.527913296595216],[699.613504196982831,222.025372262112796],[707.358289025025442,221.907624857500196],[707.386768968019169,221.385517825372517],[707.287808772176504,215.346464870497584],[699.434715523500927,215.498546600341797],[699.473132524406537,216.90825402084738],[694.118016228661872,217.01448134239763],[694.107824568462092,217.702959096059203],[693.046512160100974,217.690804303623736],[692.993535477260593,215.626162309199572],[692.183087161625735,215.633837685920298],[689.802083327667788,215.678593430668116],[686.853035323845688,215.73983299266547],[686.941287285881117,220.646489270031452],[686.972928846313152,222.222804712131619],[692.654101638880093,222.135689922608435],[692.699655183008872,220.769598945043981],[693.510523482284043,220.80633132904768],[693.548100522952154,222.127223324030638],[696.864876764593646,222.073606978170574],[696.791195776546374,219.587249956093729],[699.539719023392536,219.527913296595216]]]}},
{"type":"Feature","properties":{"height_m":6.81,"lidar_cover":0.81,"ground_z":39.59},"geometry":{"type":"Polygon","coordinates":[[[718.678754191845655,221.722725332714617],[707.358289025025442,221.907624857500196],[699.613504196982831,222.025372262112796],[696.864876764593646,222.073606978170574],[693.548100522952154,222.127223324030638],[692.654101638880093,222.135689922608435],[686.972928846313152,222.222804712131619],[687.164938030298799,232.790969353169203],[687.254451735236216,237.830848892219365],[693.337183332070708,237.795445704832673],[696.712753576808609,237.77458109613508],[700.07161358371377,237.753876298666],[705.109851005254313,237.717271066270769],[719.004821941955015,237.630126470699906],[718.875235518673435,231.002908453345299],[718.745018439833075,224.309078940190375],[718.694991920492612,222.555290792137384],[718.678754191845655,221.722725332714617]]]}},
{"type":"Feature","properties":{"height_m":15.63,"lidar_cover":0.8,"ground_z":40.529999},"geometry":{"type":"Polygon","coordinates":[[[705.230535975191742,184.277761556208134],[705.252556840714533,185.720932931639254],[705.268430072290357,187.397323889657855],[705.279783115023747,188.596331994049251],[705.30085789738223,189.939586037769914],[705.347897524246946,194.025016047991812],[705.361142753565218,195.423858851194382],[705.365242468076758,195.856834005564451],[705.395042291085701,198.121548010036349],[705.410705310292542,199.775735144503415],[711.600719233683776,199.594994190149009],[711.570554656209424,198.174105737358332],[711.521944218024146,195.687511402182281],[711.487890509830322,193.855851660482585],[711.434444935643114,190.858568700961769],[711.415368406218477,189.726251262240112],[711.381630024348851,187.927897319197655],[711.367178394226357,187.284064665436745],[711.353147208923474,186.684639721177518],[711.303695851180237,184.109230013564229],[711.263545665482525,181.633658554404974],[709.367341106408276,181.696023467928171],[705.207409424358048,181.835337657481432],[705.230535975191742,184.277761556208134]]]}},
{"type":"Feature","properties":{"height_m":16.959999,"lidar_cover":0.89,"ground_z":40.169998},"geometry":{"type":"Polygon","coordinates":[[[718.286895109398756,204.161612031981349],[718.321210292808246,206.903708938509226],[721.045093307911884,206.889025513082743],[729.014537401206326,206.669248603284359],[729.507491080788895,206.664582582190633],[735.25478153268341,206.499155236408114],[735.847891910816543,206.482438784092665],[739.072453392669559,206.396405952051282],[739.749115254264325,206.378899082541466],[749.497891274746507,206.108996641822159],[748.770197755424306,180.423723603598773],[737.359442384913564,180.787075893953443],[728.98944664245937,181.066148958168924],[729.031742051709443,186.417356725782156],[729.043511489406228,187.660772524774075],[729.157579660357442,200.594596452079713],[728.957161046098918,200.60759642533958],[723.276602084399201,200.761294053867459],[718.222574709972832,200.897961858659983],[718.286895109398756,204.161612031981349]]]}},
{"type":"Feature","properties":{"height_m":16.9,"lidar_cover":0.89,"ground_z":40.16},"geometry":{"type":"Polygon","coordinates":[[[735.517241883033421,215.689890291541815],[740.011990165396128,215.614041938446462],[740.098844567255583,218.611008784733713],[744.677142352215014,218.534372582100332],[749.848654629429802,218.452125886455178],[749.760228467464913,215.288630062714219],[749.497891274746507,206.108996641822159],[739.749115254264325,206.378899082541466],[739.835969756357372,209.375865885987878],[735.34174297307618,209.507223937660456],[735.25478153268341,206.499155236408114],[729.507491080788895,206.664582582190633],[729.847831745806616,218.785751817747951],[735.604098147829063,218.686857109889388],[735.517241883033421,215.689890291541815]]]}},
{"type":"Feature","properties":{"height_m":17.040001,"lidar_cover":0.85,"ground_z":40.25},"geometry":{"type":"Polygon","coordinates":[[[729.597592644044198,224.128625933080912],[749.999551905668341,223.80230609793216],[749.887482018209994,219.906241171993315],[749.848654629429802,218.452125886455178],[744.677142352215014,218.534372582100332],[740.098844567255583,218.611008784733713],[739.756389176414814,218.625352704897523],[736.757001447142102,218.664842515252531],[735.604098147829063,218.686857109889388],[729.847831745806616,218.785751817747951],[729.513626421627123,218.788915208540857],[718.652689070557244,218.969447339884937],[718.659153220418375,220.534898199141026],[720.171537073794752,220.531683628447354],[720.182309964671731,222.552313511259854],[718.694991920492612,222.555290792137384],[718.745018439833075,224.309078940190375],[720.240481052198447,224.283818713389337],[729.597592644044198,224.128625933080912]]]}},
{"type":"Feature","properties":{"height_m":14.47,"lidar_cover":0.86,"ground_z":41.09},"geometry":{"type":"Polygon","coordinates":[[[689.584866905701347,207.742060592398047],[692.024254236370325,207.685648983344436],[695.62469154043356,207.584934091195464],[698.54846716375323,207.501731654629111],[707.161151614098344,207.264736469835043],[715.164120896544773,207.055729776620865],[714.998010822338983,200.984003957360983],[711.623054211493582,201.07147138658911],[707.061876049614511,201.192377865314484],[705.424581277533434,201.241189523600042],[698.098373046901543,201.443798080086708],[695.090938302630093,201.516689985990524],[689.418735351937357,201.670335092581809],[686.595219235867262,201.752591579221189],[686.651409061683808,205.03852463606745],[686.702867135987617,207.824870982207358],[689.584866905701347,207.742060592398047]]]}},
{"type":"Feature","properties":{"height_m":15.06,"lidar_cover":0.88,"ground_z":39.73},"geometry":{"type":"Polygon","coordinates":[[[689.802083327667788,215.678593430668116],[692.183087161625735,215.633837685920298],[692.993535477260593,215.626162309199572],[695.875742426724173,215.56555824354291],[697.763793190126307,215.525472657755017],[699.434715523500927,215.498546600341797],[707.287808772176504,215.346464870497584],[715.383096046512946,215.180995799601078],[718.566718725371175,215.184164702892303],[718.321210292808246,206.903708938509226],[715.164120896544773,207.055729776620865],[707.161151614098344,207.264736469835043],[698.54846716375323,207.501731654629111],[695.62469154043356,207.584934091195464],[692.024254236370325,207.685648983344436],[689.584866905701347,207.742060592398047],[686.702867135987617,207.824870982207358],[686.781971083139069,211.765659515745938],[686.853035323845688,215.73983299266547],[689.802083327667788,215.678593430668116]]]}},
{"type":"Feature","properties":{"height_m":15.04,"lidar_cover":0.96,"ground_z":40.970001},"geometry":{"type":"Polygon","coordinates":[[[689.11277401301777,195.833095351234078],[693.231237146770582,195.727473217062652],[696.748233941034414,195.638652150519192],[700.323716907238122,195.549278966151178],[702.846554835909046,195.480977948755026],[705.361142753565218,195.423858851194382],[705.347897524246946,194.025016047991812],[705.30085789738223,189.939586037769914],[705.279783115023747,188.596331994049251],[702.472972182906233,188.678423992358148],[698.06238952127751,188.820115819573402],[698.191612523514777,190.995064931921661],[696.754944566986524,191.053081557154655],[696.659036671277136,188.866714048199356],[696.324935080483556,188.880980883724988],[694.45369283342734,188.932010436430573],[688.907017823250499,189.106672802940011],[686.367572510382161,189.186238852329552],[686.424813857243862,192.583191115409136],[686.48967431136407,195.902350774034858],[689.11277401301777,195.833095351234078]]]}},
{"type":"Feature","properties":{"height_m":7.37,"lidar_cover":0.83,"ground_z":41.049999},"geometry":{"type":"Polygon","coordinates":[[[695.090938302630093,201.516689985990524],[698.098373046901543,201.443798080086708],[705.424581277533434,201.241189523600042],[705.410705310292542,199.775735144503415],[705.395042291085701,198.121548010036349],[702.913981065445114,198.189452572725713],[702.846554835909046,195.480977948755026],[700.323716907238122,195.549278966151178],[696.748233941034414,195.638652150519192],[696.852076405659318,197.780532851815224],[693.327251192531548,197.924942642450333],[693.231237146770582,195.727473217062652],[689.11277401301777,195.833095351234078],[686.48967431136407,195.902350774034858],[686.574140945624094,200.40933752246201],[686.595219235867262,201.752591579221189],[689.418735351937357,201.670335092581809],[695.090938302630093,201.516689985990524]]]}},
{"type":"Feature","properties":{"height_m":17.01,"lidar_cover":0.89,"ground_z":43.509998},"geometry":{"type":"Polygon","coordinates":[[[614.583872332412284,155.025502349250019],[619.32095972308889,154.947282171808183],[622.077862751670182,154.887837166897953],[627.324407444160897,154.782586699351668],[629.596813677460887,154.738840226083994],[630.657819922140334,154.717680042609572],[632.81325325393118,154.675043356604874],[637.592011631466448,154.585337243974209],[637.411799308145419,147.914188059046865],[641.346580080105923,147.821380832232535],[641.285864835255779,145.823429999873042],[637.393174739554524,145.949147074483335],[632.556660741800442,146.117121105082333],[630.501697947853245,146.181011307984591],[628.806009565480053,146.241496472619474],[614.438612811034545,146.755200748331845],[611.013920833414886,146.887597823515534],[611.134276039607357,151.649611352011561],[611.216933882446028,155.079631373286247],[614.583872332412284,155.025502349250019]]]}},
{"type":"Feature","properties":{"height_m":17.309999,"lidar_cover":0.89,"ground_z":41.41},"geometry":{"type":"Polygon","coordinates":[[[647.165107600507326,151.641158889979124],[647.242444199626334,155.393214164301753],[647.34154120425228,159.678003579378128],[647.484325702884234,165.927596520632505],[647.571490328409709,169.834999673999846],[647.648660099308472,172.687719797715545],[647.664800729427952,173.50918320659548],[650.50503813684918,173.426753307692707],[656.118776775081642,173.273632138036191],[656.093124764913227,172.330126695334911],[656.025891452853102,169.643856255337596],[655.932585311355069,165.969672685489058],[655.858619425911456,162.572878966107965],[655.778402233147062,159.398202965967357],[655.671480999677442,155.169002298265696],[655.586529933148995,151.494739642366767],[655.53375305281952,149.452301854267716],[647.113485637644771,149.720842325128615],[647.154753422597423,151.430301466025412],[647.165107600507326,151.641158889979124]]]}},
{"type":"Feature","properties":{"height_m":8.8900003,"lidar_cover":0.95,"ground_z":41.549999},"geometry":{"type":"Polygon","coordinates":[[[647.34154120425228,159.678003579378128],[637.725229179835878,159.824654714204371],[638.016138587146997,173.767170167528093],[642.702766854665242,173.656134512275457],[647.664800729427952,173.50918320659548],[647.648660099308472,172.687719797715545],[647.571490328409709,169.834999673999846],[647.484325702884234,165.927596520632505],[647.34154120425228,159.678003579378128]]]}},
{"type":"Feature","properties":{"height_m":7.1900001,"lidar_cover":0.92,"ground_z":43.599998},"geometry":{"type":"Polygon","coordinates":[[[653.851592310820706,93.620539743453264],[673.734316175803542,93.132389022968709],[673.621995039866306,89.214121700264513],[673.558554409421049,86.927520824596286],[670.007978457433637,87.005567196756601],[666.691245379159227,87.070297023281455],[666.357139110856224,87.084565183147788],[664.251817368087359,87.126716673374176],[664.168264507083222,87.127508258447051],[655.763898608041927,87.318165956996381],[653.775550931924954,87.359212141484022],[653.851592310820706,93.620539743453264]]]}},
{"type":"Feature","properties":{"height_m":3.03,"lidar_cover":0.79,"ground_z":41.82},"geometry":{"type":"Polygon","coordinates":[[[637.411799308145419,147.914188059046865],[637.592011631466448,154.585337243974209],[637.624022007221356,155.317826827988029],[639.578509288607165,155.232685018330812],[639.434747899882495,151.52567098941654],[647.154753422597423,151.430301466025412],[647.113485637644771,149.720842325128615],[647.068956374656409,147.66722346842289],[643.627238492539618,147.766457682475448],[641.346580080105923,147.821380832232535],[637.411799308145419,147.914188059046865]]]}},
{"type":"Feature","properties":{"height_m":15.66,"lidar_cover":0.97,"ground_z":42.099998},"geometry":{"type":"Polygon","coordinates":[[[631.057824963354506,172.234302941709757],[630.934115301992279,167.117027433589101],[621.878663516545203,167.369412774220109],[618.74609727592906,167.465728234499693],[615.187310943030752,167.554983145557344],[611.511762474023271,167.667552748695016],[611.615341129945591,171.541491492651403],[611.684906749404036,174.47200412210077],[631.099307049706113,173.965965950861573],[631.057824963354506,172.234302941709757]]]}},
{"type":"Feature","properties":{"height_m":13.07,"lidar_cover":0.92,"ground_z":43.73},"geometry":{"type":"Polygon","coordinates":[[[628.500225216965191,133.37610621098429],[615.693968352163211,133.741774235852063],[613.672423016862012,133.805352316237986],[610.698381159221753,133.877962096594274],[610.874999728170224,141.048776683397591],[611.013920833414886,146.887597823515534],[614.438612811034545,146.755200748331845],[628.806009565480053,146.241496472619474],[628.500225216965191,133.37610621098429]]]}},
{"type":"Feature","properties":{"height_m":18.719999,"lidar_cover":0.94,"ground_z":41.950001},"geometry":{"type":"Polygon","coordinates":[[[658.991850887949113,141.381019356660545],[662.466992756701075,141.281475848518312],[662.393720725842286,138.839527042582631],[667.264186646731105,138.726766036823392],[667.303930960712023,141.157929567620158],[670.311285609088372,141.07392449118197],[673.33524557959754,140.978660443797708],[675.114592746191192,140.928496194072068],[675.064766031166073,139.196912294253707],[674.93100264063105,134.779216304421425],[673.168259254307486,134.818120357580483],[671.622857050911989,134.866068843752146],[670.152441592421383,134.891101437620819],[669.233576547470875,134.922012110240757],[658.807721119606867,135.176230078563094],[657.420963211276103,135.21157553140074],[657.413509687641636,136.188703370280564],[655.175149739952758,136.298735910095274],[655.324644135369454,141.493487362749875],[658.991850887949113,141.381019356660545]]]}},
{"type":"Feature","properties":{"height_m":7.1700001,"lidar_cover":0.85,"ground_z":41.040001},"geometry":{"type":"Polygon","coordinates":[[[655.932585311355069,165.969672685489058],[656.025891452853102,169.643856255337596],[656.093124764913227,172.330126695334911],[656.118776775081642,173.273632138036191],[658.942303925810847,173.191363891586661],[661.89951410604408,173.10783014819026],[661.81363377958769,171.099014696665108],[661.679290916130412,167.502940380014479],[661.63577218860155,166.43747206684202],[661.366875804611482,159.223119658418],[659.052905371994711,159.289455847814679],[659.183147131232545,162.452554947696626],[655.858619425911456,162.572878966107965],[655.932585311355069,165.969672685489058]]]}},
{"type":"Feature","properties":{"height_m":3.48,"lidar_cover":0.97,"ground_z":43.549999},"geometry":{"type":"Polygon","coordinates":[[[647.651667543279473,99.819206079468131],[652.772502290434204,99.670754531398416],[658.753930172184482,99.514152560383081],[662.153894718037918,99.415321636013687],[671.334761014091782,99.161800522357225],[673.907658990472555,99.081912997178733],[673.785931003687438,95.052705531939864],[673.734316175803542,93.132389022968709],[653.851592310820706,93.620539743453264],[647.084763378021307,93.784588438458741],[647.372708816605154,96.835163435898721],[647.651667543279473,99.819206079468131]]]}},
{"type":"Feature","properties":{"height_m":16.66,"lidar_cover":0.87,"ground_z":44.400002},"geometry":{"type":"Polygon","coordinates":[[[613.672423016862012,133.805352316237986],[615.693968352163211,133.741774235852063],[628.500225216965191,133.37610621098429],[628.817618841771036,133.361994673497975],[632.334540630807169,133.262040732428432],[636.026817154546734,133.149323546327651],[635.918474090052769,129.65292951837182],[635.702208706759848,122.704549225047231],[635.636651541397441,120.195909902453423],[631.985618489445187,120.252721591852605],[628.501690420554951,120.307951120659709],[627.072942964092363,120.321494507603347],[616.646119355864357,120.475855655036867],[615.476489856315311,120.498047632165253],[613.387677794205956,120.517851764336228],[610.371538437786512,120.557551921345294],[610.550578317721374,127.983710665255785],[610.698381159221753,133.877962096594274],[613.672423016862012,133.805352316237986]]]}},
{"type":"Feature","properties":{"height_m":7.04,"lidar_cover":0.83,"ground_z":41.939999},"geometry":{"type":"Polygon","coordinates":[[[669.233576547470875,134.922012110240757],[670.152441592421383,134.891101437620819],[671.622857050911989,134.866068843752146],[673.168259254307486,134.818120357580483],[674.93100264063105,134.779216304421425],[674.854474688705523,131.993107739835978],[674.777210552128963,129.129285703413188],[673.674424377153628,129.150835111737251],[671.936745331098791,129.189502001740038],[666.681932063307613,129.305900962091982],[666.723780086787883,131.959102978929877],[664.78536573209567,131.977467498742044],[664.735372122144327,129.346548494882882],[658.628324769320898,129.471027528867126],[658.807721119606867,135.176230078563094],[669.233576547470875,134.922012110240757]]]}},
{"type":"Feature","properties":{"height_m":9.6700001,"lidar_cover":0.9,"ground_z":45.68},"geometry":{"type":"Polygon","coordinates":[[[615.527682809566613,87.999304505996406],[611.751409416319802,88.06841635890305],[609.52054811862763,88.089568220078945],[609.661404151585884,93.251092192716897],[609.72697027947288,95.759731286205351],[612.826567488489673,95.708136880770326],[616.093164997000713,95.643857590854168],[622.442543998244219,95.517045987769961],[622.311859121546149,87.901679489761591],[618.811204869765788,87.957071906886995],[616.714028137037531,87.976954174228013],[615.527682809566613,87.999304505996406]]]}},
{"type":"Feature","properties":{"height_m":17.610001,"lidar_cover":0.88,"ground_z":42.169998},"geometry":{"type":"Polygon","coordinates":[[[656.915606320952065,129.49835860915482],[658.628324769320898,129.471027528867126],[664.735372122144327,129.346548494882882],[666.681932063307613,129.305900962091982],[671.936745331098791,129.189502001740038],[673.674424377153628,129.150835111737251],[674.777210552128963,129.129285703413188],[674.593830505094957,123.00220978166908],[674.418805561261252,116.875054771080613],[673.458161961636506,116.906360613182187],[672.873294351215009,116.911901017650962],[671.611756532744039,116.934954549185932],[671.168928199505899,116.939149535261095],[667.133867572585586,117.032890195958316],[663.098807001428213,117.126633108593524],[656.482184183725622,117.267044548876584],[654.67766027309699,117.30634889472276],[655.0024673785083,129.538692090660334],[656.915606320952065,129.49835860915482]]]}},
{"type":"Feature","properties":{"height_m":10.78,"lidar_cover":0.92,"ground_z":41.939999},"geometry":{"type":"Polygon","coordinates":[[[655.48150213988265,147.465373703278601],[658.814602389931679,147.367174284532666],[665.146909935283475,147.207252165302634],[667.636343800346367,147.139255706220865],[670.852681553456932,147.064373867586255],[673.601127200236078,146.993925764225423],[675.296920718217734,146.944553025998175],[675.186283000395633,143.203916190192103],[675.114592746191192,140.928496194072068],[673.33524557959754,140.978660443797708],[670.311285609088372,141.07392449118197],[667.303930960712023,141.157929567620158],[662.466992756701075,141.281475848518312],[658.991850887949113,141.381019356660545],[655.324644135369454,141.493487362749875],[643.462331116490532,141.827956438995898],[643.627238492539618,147.766457682475448],[647.068956374656409,147.66722346842289],[655.48150213988265,147.465373703278601]]]}},
{"type":"Feature","properties":{"height_m":3.9200001,"lidar_cover":0.98,"ground_z":41.82},"geometry":{"type":"Polygon","coordinates":[[[655.148656058940105,135.266415112651885],[643.30262242857134,135.556318279355764],[643.462331116490532,141.827956438995898],[655.324644135369454,141.493487362749875],[655.175149739952758,136.298735910095274],[655.148656058940105,135.266415112651885]]]}},
{"type":"Feature","properties":{"height_m":16.809999,"lidar_cover":0.87,"ground_z":42.830002},"geometry":{"type":"Polygon","coordinates":[[[656.482184183725622,117.267044548876584],[663.098807001428213,117.126633108593524],[663.054328155179974,114.195883010514081],[667.123652796202805,114.190638878382742],[667.133867572585586,117.032890195958316],[671.168928199505899,116.939149535261095],[671.611756532744039,116.934954549185932],[672.873294351215009,116.911901017650962],[673.458161961636506,116.906360613182187],[674.418805561261252,116.875054771080613],[674.346846725966316,113.68919781036675],[674.246199296554551,111.003244112245739],[672.608884157903958,111.052062944509089],[671.673200392338913,111.072029641829431],[671.004884895752184,111.0894636195153],[662.951993601280265,111.332298603840172],[662.551046393171418,111.347200237214565],[660.003113406710327,111.415752438828349],[659.184508489910513,111.445714387111366],[656.285654706531204,111.517592824995518],[654.548076621314976,111.567365767434239],[654.67766027309699,117.30634889472276],[656.482184183725622,117.267044548876584]]]}},
{"type":"Feature","properties":{"height_m":19.209999,"lidar_cover":0.93,"ground_z":41.419998},"geometry":{"type":"Polygon","coordinates":[[[670.698844431783073,166.107343884184957],[671.768099021166563,166.075008630752563],[674.182119312870782,165.985522851347923],[675.844382432114799,165.925364851951599],[675.75918409274891,163.10602951887995],[675.634512472315691,158.765967700630426],[673.963787336251698,158.815102947875857],[672.627270339638926,158.861072579398751],[671.307463760953397,158.906884156167507],[667.949408354645129,159.016417276114225],[666.696338260255288,159.050494525581598],[665.568596217432059,159.083384620957077],[663.488571412686724,159.147502969950438],[661.366875804611482,159.223119658418],[661.63577218860155,166.43747206684202],[670.698844431783073,166.107343884184957]]]}},
{"type":"Feature","properties":{"height_m":12.15,"lidar_cover":0.77,"ground_z":43.259998},"geometry":{"type":"Polygon","coordinates":[[[614.785803064878564,161.341151982545853],[618.595458995492663,161.271724393591285],[619.39745304977987,161.253018130548298],[621.728343663911801,161.20871468167752],[622.146103720588144,161.204754259437323],[627.434419835684821,161.09910777490586],[628.403517934493721,161.078818470239639],[630.78464503842406,161.045144661329687],[630.757411216502078,159.93511038646102],[630.704311608220451,157.859366887249053],[629.743568282981869,157.879576677456498],[629.596813677460887,154.738840226083994],[627.324407444160897,154.782586699351668],[622.077862751670182,154.887837166897953],[619.32095972308889,154.947282171808183],[614.583872332412284,155.025502349250019],[611.216933882446028,155.079631373286247],[611.314052213565446,159.15348394215107],[611.368841613351833,161.406858200207353],[614.785803064878564,161.341151982545853]]]}},
{"type":"Feature","properties":{"height_m":12.28,"lidar_cover":0.92,"ground_z":42.84},"geometry":{"type":"Polygon","coordinates":[[[618.74609727592906,167.465728234499693],[621.878663516545203,167.369412774220109],[630.934115301992279,167.117027433589101],[630.853781921439804,163.931249628774822],[628.472761005745269,163.976025353185833],[628.403517934493721,161.078818470239639],[627.434419835684821,161.09910777490586],[622.146103720588144,161.204754259437323],[621.728343663911801,161.20871468167752],[621.732075463864021,165.128011678345501],[618.683165470836684,165.234636994078755],[618.595458995492663,161.271724393591285],[614.785803064878564,161.341151982545853],[611.368841613351833,161.406858200207353],[611.465959885390475,165.480710810050368],[611.511762474023271,167.667552748695016],[615.187310943030752,167.554983145557344],[618.74609727592906,167.465728234499693]]]}},
{"type":"Feature","properties":{"height_m":5.9499998,"lidar_cover":0.89,"ground_z":45.240002},"geometry":{"type":"Polygon","coordinates":[[[613.387677794205956,120.517851764336228],[615.476489856315311,120.498047632165253],[616.646119355864357,120.475855655036867],[627.072942964092363,120.321494507603347],[628.501690420554951,120.307951120659709],[631.985618489445187,120.252721591852605],[635.636651541397441,120.195909902453423],[635.702208706759848,122.704549225047231],[635.918474090052769,129.65292951837182],[636.026817154546734,133.149323546327651],[643.236120949615724,132.947761535644531],[643.261353759851772,133.846859190613031],[655.105917447712272,133.401529025286436],[655.0024673785083,129.538692090660334],[654.67766027309699,117.30634889472276],[654.548076621314976,111.567365767434239],[653.178129901876673,111.613655565306544],[649.828302671492565,111.712015726603568],[648.610969813598786,107.582161256112158],[648.465607830148656,106.351114329881966],[647.651667543279473,99.819206079468131],[647.372708816605154,96.835163435898721],[637.062720179441385,96.977284319698811],[636.97100277087884,95.234994712285697],[633.637562879943289,95.299898121505976],[631.231558769708499,95.356012167409062],[626.252234591112938,95.447622858919203],[622.442543998244219,95.517045987769961],[616.093164997000713,95.643857590854168],[612.826567488489673,95.708136880770326],[609.72697027947288,95.759731286205351],[609.977708525024354,108.103805236518383],[610.371538437786512,120.557551921345294],[613.387677794205956,120.517851764336228]]]}},
{"type":"Feature","properties":{"height_m":11.89,"lidar_cover":0.96,"ground_z":41.049999},"geometry":{"type":"Polygon","coordinates":[[[671.999147043563426,172.823397053405643],[676.042321397224441,172.707375722937286],[675.917755097267218,168.378415765240788],[675.844382432114799,165.925364851951599],[674.182119312870782,165.985522851347923],[671.768099021166563,166.075008630752563],[670.698844431783073,166.107343884184957],[661.63577218860155,166.43747206684202],[661.679290916130412,167.502940380014479],[663.943232749064919,167.448181886225939],[664.068798563675955,170.999927683733404],[661.81363377958769,171.099014696665108],[661.89951410604408,173.10783014819026],[671.999147043563426,172.823397053405643]]]}},
{"type":"Feature","properties":{"height_m":7.4299998,"lidar_cover":0.92,"ground_z":42.689999},"geometry":{"type":"Polygon","coordinates":[[[737.043486316106282,67.939986598677933],[736.559386812266894,54.754300373606384],[734.596306315157562,54.817290854640305],[733.017570670403074,54.87664424162358],[733.242992935294751,61.036630797199905],[733.366684170556255,65.276775226928294],[733.415866439812817,66.941747617907822],[733.451334642304573,68.040600929409266],[737.043486316106282,67.939986598677933]]]}},
{"type":"Feature","properties":{"height_m":16.389999,"lidar_cover":0.86,"ground_z":40.669998},"geometry":{"type":"Polygon","coordinates":[[[721.234847774903756,150.140197128988802],[721.362749957595952,154.824419060721993],[721.463852551532909,158.443014283664525],[721.488655265828129,159.297704424709082],[721.578670138958842,162.627728679217398],[721.605154359014705,163.660049648955464],[721.696535420196597,167.134398970752954],[721.758594685350545,169.276675317436457],[721.819602985342499,171.307932405732572],[728.001286202343181,171.127284883521497],[729.713679447770119,171.066664737649262],[729.706428742385469,170.300631808117032],[729.66927866381593,169.0241475161165],[729.656194751616567,168.524639909155667],[729.615471852768678,166.87069012131542],[729.505966705677565,162.363940678536892],[729.471653828688432,161.387208411470056],[729.306765494169667,154.56047275941819],[729.278811222000513,153.372724822722375],[729.187328753410839,149.887273594737053],[729.121488720818888,147.345327935181558],[728.946248352061957,140.307734923437238],[726.624021576601081,140.385230427607894],[726.523547041928396,142.129340033046901],[721.027177397103515,142.325706644915044],[721.234847774903756,150.140197128988802]]]}},
{"type":"Feature","properties":{"height_m":23.85,"lidar_cover":0.82,"ground_z":40.880001},"geometry":{"type":"Polygon","coordinates":[[[726.624021576601081,140.385230427607894],[728.946248352061957,140.307734923437238],[729.881928332091775,140.287775589153171],[731.569368297467008,140.23849514964968],[734.175672749988735,140.15831256005913],[735.386970064020716,140.124642428010702],[737.968208898266312,140.044698435813189],[740.51623700390337,139.987275503575802],[740.566263282671571,139.975699150934815],[742.646293806727044,139.911603040061891],[744.977086135128047,139.856237467378378],[747.566680321178865,139.77621783874929],[747.373276723839808,132.583355842158198],[747.245286391873378,127.888031887821853],[744.65568794804858,127.968051579780877],[742.416904464829713,128.033649377524853],[739.259149925841484,128.119047702290118],[735.926040512742475,128.217209934256971],[733.812585691106506,128.281624251045287],[726.327658927068114,128.496807717718184],[724.681992417084984,128.54569389950484],[724.944936877815053,140.434432932175696],[726.624021576601081,140.385230427607894]]]}},
{"type":"Feature","properties":{"height_m":16.809999,"lidar_cover":0.94,"ground_z":40.869999},"geometry":{"type":"Polygon","coordinates":[[[730.026850569236558,145.005145146511495],[730.073668058728799,147.303006594069302],[730.833677443966735,147.262504272162914],[735.711442247964442,147.038690946996212],[736.864146828418598,146.994472660124302],[739.979486640717369,146.842856987379491],[747.755461372784339,146.480595169588923],[747.630097608780488,142.062819262035191],[747.566680321178865,139.77621783874929],[744.977086135128047,139.856237467378378],[742.646293806727044,139.911603040061891],[740.566263282671571,139.975699150934815],[740.51623700390337,139.987275503575802],[737.968208898266312,140.044698435813189],[735.386970064020716,140.124642428010702],[734.175672749988735,140.15831256005913],[731.569368297467008,140.23849514964968],[729.881928332091775,140.287775589153171],[729.95580806088401,142.796336364001036],[729.967841129633598,143.184824691154063],[729.466632986150216,143.200671639293432],[729.525537469831761,145.009890165179968],[730.026850569236558,145.005145146511495]]]}},
{"type":"Feature","properties":{"height_m":12.24,"lidar_cover":0.9,"ground_z":40.939999},"geometry":{"type":"Polygon","coordinates":[[[730.982433148659766,153.267776409164071],[731.441864551277831,153.252324968576431],[735.30864503630437,153.038080292753875],[737.697289172327146,152.915547225624323],[740.127604351902846,152.781517661176622],[741.714358653582167,152.688780710101128],[744.97152450971771,152.513619120232761],[747.919652790878899,152.352486239746213],[747.795759875443764,148.090137254446745],[747.755461372784339,146.480595169588923],[739.979486640717369,146.842856987379491],[736.864146828418598,146.994472660124302],[735.711442247964442,147.038690946996212],[730.833677443966735,147.262504272162914],[730.073668058728799,147.303006594069302],[729.121488720818888,147.345327935181558],[729.187328753410839,149.887273594737053],[729.278811222000513,153.372724822722375],[730.982433148659766,153.267776409164071]]]}},
{"type":"Feature","properties":{"height_m":16.870001,"lidar_cover":0.94,"ground_z":41.41},"geometry":{"type":"Polygon","coordinates":[[[687.703098072204739,157.274893253110349],[688.755748725146987,157.253820717334747],[693.693359319353476,157.173750087618828],[697.436280794616323,157.11609898135066],[703.426542134606279,157.014963878318667],[706.058221416547894,156.967839514836669],[706.009453287173528,155.347274713218212],[705.917908756644465,152.738954920321703],[703.303358845529146,152.830328792333603],[703.206031588895712,149.611403089016676],[702.646442539407872,149.638907628133893],[701.518804111692589,149.68289402499795],[695.162379196204711,149.942939035594463],[692.731748151010834,150.043677924200892],[688.547048162203282,150.216544629074633],[687.578053760284092,150.247927781194448],[685.35630318755284,150.346690841950476],[685.520545284205582,156.218581141903996],[685.555915601260494,157.306332527659833],[687.703098072204739,157.274893253110349]]]}},
{"type":"Feature","properties":{"height_m":17.629999,"lidar_cover":0.93,"ground_z":43.34},"geometry":{"type":"Polygon","coordinates":[[[687.234738630417269,99.000092669390142],[689.406583655625582,98.9240090129897],[693.917274110077415,98.759159242734313],[694.368353676924016,98.743784613907337],[696.022277055948507,98.683710571378469],[696.456646084494423,98.66849431488663],[699.864756179158576,98.547398151829839],[704.968566197378095,98.365836033597589],[704.891263111960143,96.379145179875195],[706.8711479032645,96.327090200968087],[706.817700957821216,93.329807699657977],[704.921683483349625,93.414377341978252],[704.882636931841262,91.93805861659348],[699.70341460488271,92.098128948360682],[698.709346556512173,92.129747865721583],[696.270025368139613,92.197258663363755],[695.743747873231769,92.213345267809927],[692.076516010565683,92.325794325210154],[689.470194450346753,92.40599187463522],[689.194575364119373,92.419705076143146],[687.022518094279803,92.473584921099246],[683.689392433734611,92.571771023795009],[683.82619981688913,97.311422667466104],[683.876760463463143,99.120719969272614],[687.234738630417269,99.000092669390142]]]}},
{"type":"Feature","properties":{"height_m":8.5100002,"lidar_cover":0.92,"ground_z":43.939999},"geometry":{"type":"Polygon","coordinates":[[[683.091163913137279,68.228731191717088],[683.522625401848927,86.433435105718672],[689.846105399890803,86.218104782514274],[691.717163949622773,86.144870514981449],[691.270776043704245,76.067645840346813],[692.942151150084101,76.085126378573477],[692.866143895837013,69.823798944242299],[697.5532601235318,69.757207365706563],[697.6074418281205,71.066838907077909],[700.013243806897663,70.988543190993369],[700.035206413420383,69.778116909787059],[704.646599296305794,69.656732355244458],[704.585060617770068,67.569966042414308],[704.442380287800916,62.208606597967446],[704.421885416144505,61.809095530770719],[704.362238798697945,59.922163887880743],[704.306376410531811,58.434901537373662],[704.196648835844826,55.67131341714412],[699.35975847102236,55.805936241522431],[693.8378369709244,55.958152351900935],[691.431924874486867,56.025348135270178],[682.643703758134507,56.275123613886535],[683.091163913137279,68.228731191717088]]]}},
{"type":"Feature","properties":{"height_m":17.309999,"lidar_cover":0.79,"ground_z":41.860001},"geometry":{"type":"Polygon","coordinates":[[[687.0288591524004,136.374476663768291],[688.465643087984063,136.327560170553625],[688.875154449837282,136.334784678183496],[689.961123923887499,136.302293907850981],[691.957813360844739,136.261178378015757],[692.901849095069338,136.241135139018297],[692.831790812371764,133.255112667568028],[695.664004333608318,133.206085605546832],[695.717140721506439,136.17006248421967],[697.003740857238881,136.146775752305984],[701.882668979524169,136.045060883276165],[705.374629133846611,135.95648172032088],[705.244563425250817,131.927352822385728],[701.777877274958882,132.0378985311836],[701.700939173286315,129.207382114604115],[699.244920015276875,129.275050296448171],[695.778127488913015,129.374496937729418],[692.754057433980051,129.45864961668849],[691.617955507710576,129.49161471799016],[688.744384917721618,129.585446705110371],[688.051005415502004,129.603116523474455],[686.831351150525734,129.636873695068061],[684.751212666567881,129.689883897081017],[684.823530790803488,132.031915469095111],[684.956972685293294,136.416305772960186],[687.0288591524004,136.374476663768291]]]}},
{"type":"Feature","properties":{"height_m":7.8800001,"lidar_cover":0.91,"ground_z":41.66},"geometry":{"type":"Polygon","coordinates":[[[742.268831525580026,92.960927473381162],[739.796089416602626,93.028739867731929],[738.267283635621425,93.065413935109973],[738.353193043905776,95.962462889961898],[736.557124159007799,96.012769591994584],[736.471214031160343,93.115720650181174],[735.794541570241563,93.13322769664228],[730.163924721884541,93.275342488661408],[730.471376826637425,100.156242743134499],[738.423807830491569,99.892228122800589],[738.463853033492342,98.825968862511218],[739.867328523076139,98.790480891242623],[739.894125275779516,99.856107571162283],[742.976484607381281,99.749217433854938],[746.476502471836284,99.627273487858474],[746.33774010988418,94.676684562116861],[746.287195094511844,92.867387023754418],[742.268831525580026,92.960927473381162]]]}},
{"type":"Feature","properties":{"height_m":16.83,"lidar_cover":0.83,"ground_z":41.360001},"geometry":{"type":"Polygon","coordinates":[[[728.975457983906381,107.198550036177039],[731.147510869661346,107.144682735204697],[735.182682142418344,107.062079781666398],[740.295367078331765,106.935973071493208],[740.089227723947261,103.695871363393962],[743.088347939192317,103.623077740892768],[743.127380705962423,106.864760868251324],[746.661236393032596,106.786908400245011],[746.540235223423224,101.947180543094873],[746.476502471836284,99.627273487858474],[742.976484607381281,99.749217433854938],[739.894125275779516,99.856107571162283],[739.484717029379681,99.859982077032328],[738.423807830491569,99.892228122800589],[730.471376826637425,100.156242743134499],[728.783927507174667,100.205523323267698],[718.793336600763723,100.544357238337398],[718.983930866525043,107.437466477043927],[723.378168065508362,107.329251984134316],[725.592102303402498,107.286089488305151],[728.975457983906381,107.198550036177039]]]}},
{"type":"Feature","properties":{"height_m":11.46,"lidar_cover":0.77,"ground_z":40.290001},"geometry":{"type":"Polygon","coordinates":[[[685.243357367930003,146.361811517737806],[685.268269510241225,147.227603496052325],[685.35630318755284,150.346690841950476],[687.578053760284092,150.247927781194448],[688.547048162203282,150.216544629074633],[692.731748151010834,150.043677924200892],[695.162379196204711,149.942939035594463],[701.518804111692589,149.68289402499795],[702.646442539407872,149.638907628133893],[703.206031588895712,149.611403089016676],[705.812017213145737,149.497904456220567],[705.597816246096045,142.760459273122251],[703.493982439569663,142.958026506006718],[702.433079611742869,142.990277911536396],[701.313690242939629,143.023083286359906],[699.42572567705065,143.074269639328122],[697.813378287944943,143.111743575893342],[694.638919997611083,143.197319706901908],[688.674343708553351,143.364836111664772],[687.412915660766885,143.398988869972527],[685.157426650053822,143.464762715622783],[685.183600603486411,144.463777804747224],[684.48186730989255,144.481527118012309],[684.533269041101448,146.379639962688088],[685.243357367930003,146.361811517737806]]]}},
{"type":"Feature","properties":{"height_m":22.65,"lidar_cover":0.93,"ground_z":43.73},"geometry":{"type":"Polygon","coordinates":[[[704.306376410531811,58.434901537373662],[704.362238798697945,59.922163887880743],[704.421885416144505,61.809095530770719],[704.442380287800916,62.208606597967446],[704.585060617770068,67.569966042414308],[704.646599296305794,69.656732355244458],[704.862642305146437,77.471142616122961],[705.107114736922085,85.640577240847051],[713.677537345851306,85.337375621311367],[713.508694734075107,80.742365168407559],[713.396448238287121,77.712330658920109],[713.38367854768876,77.246128912083805],[713.124554932350293,70.176022087223828],[713.011625597137026,67.95650724414736],[712.855289996310603,64.682625963352621],[712.700530877395067,61.575273572467268],[712.551394248846918,58.179192055016756],[712.458590679743793,55.437649492174387],[706.761312192946207,55.602618810720742],[704.196648835844826,55.67131341714412],[704.306376410531811,58.434901537373662]]]}},
{"type":"Feature","properties":{"height_m":21.35,"lidar_cover":0.83,"ground_z":43.029999},"geometry":{"type":"Polygon","coordinates":[[[713.124554932350293,70.176022087223828],[713.38367854768876,77.246128912083805],[713.396448238287121,77.712330658920109],[713.508694734075107,80.742365168407559],[713.677537345851306,85.337375621311367],[714.821896421373822,85.29323304630816],[720.568862906307913,85.083387526683509],[723.367253736651037,84.990280216559768],[724.135730031586718,84.960800108499825],[723.864266802731436,79.234263131394982],[723.787704489892349,77.325285668484867],[723.658016072120517,74.21769577357918],[723.613245281856507,73.019004247151315],[723.503209867863916,70.222110089845955],[723.175363466609269,61.187436970882118],[722.976049483695533,55.138232596218586],[717.579562296683434,55.300346148200333],[712.458590679743793,55.437649492174387],[712.551394248846918,58.179192055016756],[712.700530877395067,61.575273572467268],[712.855289996310603,64.682625963352621],[713.011625597137026,67.95650724414736],[713.124554932350293,70.176022087223828]]]}},
{"type":"Feature","properties":{"height_m":4.39,"lidar_cover":0.83,"ground_z":41.540001},"geometry":{"type":"Polygon","coordinates":[[[724.681992417084984,128.54569389950484],[726.327658927068114,128.496807717718184],[733.812585691106506,128.281624251045287],[735.926040512742475,128.217209934256971],[739.259149925841484,128.119047702290118],[742.416904464829713,128.033649377524853],[744.65568794804858,127.968051579780877],[747.245286391873378,127.888031887821853],[747.152762100216933,124.291561415418983],[747.052302743773907,120.739577728323638],[741.555601425119676,120.902622756548226],[735.691164372838102,121.058049395680428],[731.522737289662473,121.186325162649155],[725.967444598325528,121.338833687826991],[723.845632545708213,121.403329980559647],[716.026594014023431,121.632789559662342],[716.261384521261789,128.780847776681185],[724.681992417084984,128.54569389950484]]]}},
{"type":"Feature","properties":{"height_m":16.959999,"lidar_cover":0.89,"ground_z":42.380001},"geometry":{"type":"Polygon","coordinates":[[[687.011608652654104,121.319078078493476],[687.821857251808979,121.28919839952141],[689.500841188826598,121.228885405696929],[691.355285319907125,121.166911118663847],[692.508099046943244,121.133787737227976],[697.394656633376144,120.954277363605797],[699.081995926448144,120.89388747420162],[701.905333413043991,120.789432403631508],[705.680958853219636,120.653755853883922],[715.988705824594945,120.278591921553016],[715.687072245927993,111.365802236832678],[705.395392375707161,111.674196662381291],[701.953762282908428,111.784504831768572],[701.744880855665542,111.786482716910541],[699.146921537118033,111.866597748361528],[692.347214234760031,112.086430411785841],[689.222979018115439,112.182635919190943],[686.833796155580785,112.249675202183425],[684.252547566022258,112.329637322574854],[684.365073275228497,116.270108729600906],[684.514020913688,121.409350744448602],[687.011608652654104,121.319078078493476]]]}},
{"type":"Feature","properties":{"height_m":6.79,"lidar_cover":0.91,"ground_z":42.919998},"geometry":{"type":"Polygon","coordinates":[[[723.175363466609269,61.187436970882118],[723.503209867863916,70.222110089845955],[723.613245281856507,73.019004247151315],[723.658016072120517,74.21769577357918],[729.004147212777752,74.033857235684991],[728.95648899191292,71.647180648520589],[733.576446218474302,71.547939291223884],[733.451334642304573,68.040600929409266],[733.415866439812817,66.941747617907822],[733.366684170556255,65.276775226928294],[733.242992935294751,61.036630797199905],[733.017570670403074,54.87664424162358],[729.450373406289145,54.96592131908983],[728.531498111027759,54.99682433065027],[725.699464187026024,55.068041995167732],[722.976049483695533,55.138232596218586],[723.175363466609269,61.187436970882118]]]}},
{"type":"Feature","properties":{"height_m":12.26,"lidar_cover":0.96,"ground_z":41.130001},"geometry":{"type":"Polygon","coordinates":[[[701.953762282908428,111.784504831768572],[705.395392375707161,111.674196662381291],[715.687072245927993,111.365802236832678],[715.558799008489586,107.525406104512513],[715.464840502594598,104.661742134019732],[705.072887911752332,104.971086098812521],[701.756583601702005,105.080207647755742],[700.035714422818273,105.129811410792172],[695.065278062829748,105.276805322617292],[691.565158122801222,105.387672260403633],[689.627052155090496,105.439335813745856],[687.455209086765535,105.51541942730546],[684.063602586451452,105.614159355871379],[684.163146505481564,109.066225130110979],[684.252547566022258,112.329637322574854],[686.833796155580785,112.249675202183425],[689.222979018115439,112.182635919190943],[692.347214234760031,112.086430411785841],[699.146921537118033,111.866597748361528],[701.744880855665542,111.786482716910541],[701.953762282908428,111.784504831768572]]]}},
{"type":"Feature","properties":{"height_m":23.23,"lidar_cover":0.91,"ground_z":40.130001},"geometry":{"type":"Polygon","coordinates":[[[729.505966705677565,162.363940678536892],[729.615471852768678,166.87069012131542],[729.656194751616567,168.524639909155667],[729.66927866381593,169.0241475161165],[729.706428742385469,170.300631808117032],[729.713679447770119,171.066664737649262],[732.395274552458432,170.996871538460255],[748.409018794365693,170.512233231216669],[748.148626938345842,160.655303894542158],[747.338382649642881,160.685176869854331],[744.682164474099409,160.788033059798181],[739.812448804732412,160.978455598466098],[735.636109812941868,161.151216060854495],[731.626769878144842,161.311295370571315],[729.471653828688432,161.387208411470056],[729.505966705677565,162.363940678536892]]]}},
{"type":"Feature","properties":{"height_m":7.8,"lidar_cover":0.88,"ground_z":42.639999},"geometry":{"type":"Polygon","coordinates":[[[740.57725596264936,67.851029465906322],[740.115336816117633,55.242485015653074],[740.093267965305131,54.676445010118186],[738.113371726241894,54.728490751236677],[736.559386812266894,54.754300373606384],[737.043486316106282,67.939986598677933],[740.57725596264936,67.851029465906322]]]}},
{"type":"Feature","properties":{"height_m":16.99,"lidar_cover":0.92,"ground_z":42.080002},"geometry":{"type":"Polygon","coordinates":[[[745.528159012028482,84.180983929894865],[746.054437123937532,84.164900953881443],[746.027956457284745,83.13258006144315],[745.953662121843081,80.579611716791987],[745.888458441011608,78.104277792386711],[745.785897434398066,74.330255866982043],[745.247556457470637,54.527743054553866],[741.170894447132014,54.644041151739657],[740.093267965305131,54.676445010118186],[740.115336816117633,55.242485015653074],[740.57725596264936,67.851029465906322],[741.035076756030321,80.026599103584886],[737.526694141910411,80.148624639026821],[737.692999870050699,84.477189264260232],[745.528159012028482,84.180983929894865]]]}},
{"type":"Feature","properties":{"height_m":16.75,"lidar_cover":0.89,"ground_z":41.610001},"geometry":{"type":"Polygon","coordinates":[[[728.60169788566418,93.31233493052423],[730.163924721884541,93.275342488661408],[735.794541570241563,93.13322769664228],[736.471214031160343,93.115720650181174],[738.267283635621425,93.065413935109973],[739.796089416602626,93.028739867731929],[742.268831525580026,92.960927473381162],[746.287195094511844,92.867387023754418],[746.173442505532876,88.793692098930478],[746.054437123937532,84.164900953881443],[745.528159012028482,84.180983929894865],[737.692999870050699,84.477189264260232],[728.370810103951953,84.809683817438781],[724.135730031586718,84.960800108499825],[723.367253736651037,84.990280216559768],[723.441030601679813,87.487738817930222],[720.642745831690263,87.591948037035763],[720.568862906307913,85.083387526683509],[714.821896421373822,85.29323304630816],[715.101565468707122,93.651084297336638],[728.60169788566418,93.31233493052423]]]}},
{"type":"Feature","properties":{"height_m":12.23,"lidar_cover":0.83,"ground_z":41.639999},"geometry":{"type":"Polygon","coordinates":[[[685.107602338306606,141.733178770169616],[685.157426650053822,143.464762715622783],[687.412915660766885,143.398988869972527],[688.674343708553351,143.364836111664772],[694.638919997611083,143.197319706901908],[697.813378287944943,143.111743575893342],[699.42572567705065,143.074269639328122],[699.38236275955569,139.377407361753285],[697.075794929405674,139.343734852038324],[697.003740857238881,136.146775752305984],[695.717140721506439,136.17006248421967],[694.397224808693863,136.20476786699146],[692.901849095069338,136.241135139018297],[691.957813360844739,136.261178378015757],[691.932915485056583,138.926115401089191],[690.119200613815337,138.876674690283835],[689.961123923887499,136.302293907850981],[688.875154449837282,136.334784678183496],[688.465643087984063,136.327560170553625],[687.0288591524004,136.374476663768291],[684.956972685293294,136.416305772960186],[685.032655549934134,139.113599007949233],[685.107602338306606,141.733178770169616]]]}},
{"type":"Feature","properties":{"height_m":16.639999,"lidar_cover":0.92,"ground_z":40.459999},"geometry":{"type":"Polygon","coordinates":[[[705.847804953460582,150.630063598044217],[705.917908756644465,152.738954920321703],[706.009453287173528,155.347274713218212],[706.058221416547894,156.967839514836669],[706.393080688780174,167.623473795130849],[706.463289441366214,169.743467104621232],[706.474798181094229,170.07644579000771],[706.524196919752285,171.763622188009322],[714.209498144802637,171.535417292267084],[721.819602985342499,171.307932405732572],[721.758594685350545,169.276675317436457],[721.696535420196597,167.134398970752954],[721.605154359014705,163.660049648955464],[721.578670138958842,162.627728679217398],[721.488655265828129,159.297704424709082],[721.463852551532909,158.443014283664525],[721.362749957595952,154.824419060721993],[721.234847774903756,150.140197128988802],[721.027177397103515,142.325706644915044],[715.422190082259476,142.52310573682189],[715.371532188728452,140.702706265263259],[710.726973916345742,140.846604813821614],[710.79350253555458,142.578030649572611],[705.597816246096045,142.760459273122251],[705.812017213145737,149.497904456220567],[705.847804953460582,150.630063598044217]]]}},
{"type":"Feature","properties":{"height_m":10.29,"lidar_cover":0.96,"ground_z":43.669998},"geometry":{"type":"Polygon","coordinates":[[[692.04035495291464,90.272096399217844],[692.076516010565683,92.325794325210154],[695.743747873231769,92.213345267809927],[696.270025368139613,92.197258663363755],[696.226141007791739,90.210251403041184],[698.665147483581677,90.109434824436903],[698.709346556512173,92.129747865721583],[699.70341460488271,92.098128948360682],[704.882636931841262,91.93805861659348],[704.681310442276299,85.67791770491749],[698.124092030513566,85.917654240503907],[691.717163949622773,86.144870514981449],[689.846105399890803,86.218104782514274],[683.522625401848927,86.433435105718672],[683.635992676368915,90.462721755728126],[683.689392433734611,92.571771023795009],[687.022518094279803,92.473584921099246],[689.194575364119373,92.419705076143146],[689.470194450346753,92.40599187463522],[689.433822368795518,90.33009010180831],[692.04035495291464,90.272096399217844]]]}},
{"type":"Feature","properties":{"height_m":14.16,"lidar_cover":0.89,"ground_z":41.259998},"geometry":{"type":"Polygon","coordinates":[[[688.051005415502004,129.603116523474455],[688.744384917721618,129.585446705110371],[691.617955507710576,129.49161471799016],[691.543382454430684,127.793573942035437],[699.203454324277118,127.543387212790549],[699.244920015276875,129.275050296448171],[701.700939173286315,129.207382114604115],[705.961269082385115,129.078218879178166],[706.813398145837709,129.059047688730061],[716.261384521261789,128.780847776681185],[716.026594014023431,121.632789559662342],[715.988705824594945,120.278591921553016],[705.680958853219636,120.653755853883922],[701.905333413043991,120.789432403631508],[699.081995926448144,120.89388747420162],[697.394656633376144,120.954277363605797],[697.434490584535524,121.631178351119161],[696.265862845000811,122.641507784835994],[696.194400641543325,123.919020475819707],[694.456615199800581,123.94658001512289],[694.435959135123994,122.647733816877007],[692.464380998921115,121.811479969881475],[692.508099046943244,121.133787737227976],[691.355285319907125,121.166911118663847],[689.500841188826598,121.228885405696929],[687.821857251808979,121.28919839952141],[687.011608652654104,121.319078078493476],[684.514020913688,121.409350744448602],[684.600372476677876,124.35080714803189],[684.751212666567881,129.689883897081017],[686.831351150525734,129.636873695068061],[688.051005415502004,129.603116523474455]]]}},
{"type":"Feature","properties":{"height_m":17.360001,"lidar_cover":0.93,"ground_z":40.700001},"geometry":{"type":"Polygon","coordinates":[[[687.455209086765535,105.51541942730546],[689.627052155090496,105.439335813745856],[691.565158122801222,105.387672260403633],[695.065278062829748,105.276805322617292],[700.035714422818273,105.129811410792172],[701.756583601702005,105.080207647755742],[705.072887911752332,104.971086098812521],[715.464840502594598,104.661742134019732],[715.242923848796636,97.990987882018089],[704.968566197378095,98.365836033597589],[699.864756179158576,98.547398151829839],[696.456646084494423,98.66849431488663],[696.022277055948507,98.683710571378469],[694.368353676924016,98.743784613907337],[693.917274110077415,98.759159242734313],[689.406583655625582,98.9240090129897],[687.234738630417269,99.000092669390142],[683.876760463463143,99.120719969272614],[683.990548165165819,103.194414403289557],[684.063602586451452,105.614159355871379],[687.455209086765535,105.51541942730546]]]}},
{"type":"Feature","properties":{"height_m":22.620001,"lidar_cover":0.98,"ground_z":43.119999},"geometry":{"type":"Polygon","coordinates":[[[564.278919709613547,315.085005913861096],[566.173647396848537,313.990043789148331],[566.855072674225084,313.594975735992193],[568.458849873044528,312.658215836621821],[568.993853967462201,313.563579925335944],[572.658091997378506,311.385949622839689],[567.473252997093368,302.130887670442462],[554.384233661112376,309.649640200659633],[559.727935246773995,318.914288578554988],[563.2267528725788,316.915869940072298],[562.66668321256293,316.010744104161859],[564.278919709613547,315.085005913861096]]]}},
{"type":"Feature","properties":{"height_m":24.129999,"lidar_cover":1.0,"ground_z":43.189999},"geometry":{"type":"Polygon","coordinates":[[[596.654354670725297,268.93389346357435],[597.255387396377046,271.51517538074404],[597.333636450348422,271.836418169550598],[600.026009145192802,283.480061185546219],[600.367829619033728,283.399099036119878],[609.480014304921497,281.214236306957901],[606.91410193988122,270.568654387257993],[603.234198018210009,255.237099246121943],[593.953406164422631,257.2681272206828],[596.654354670725297,268.93389346357435]]]}},
{"type":"Feature","properties":{"height_m":22.76,"lidar_cover":0.99,"ground_z":43.040001},"geometry":{"type":"Polygon","coordinates":[[[576.826336310012266,307.72685029078275],[578.729422820382752,306.631812250241637],[579.68509114778135,306.078702826052904],[580.748743180418387,305.457951599732041],[581.166143853683025,306.297814602963626],[584.947359673446044,304.119081033393741],[579.664904027478769,295.142509846016765],[567.473252997093368,302.130887670442462],[572.658091997378506,311.385949622839689],[575.989921475120354,309.400224548764527],[575.546507352439221,308.460682260803878],[576.826336310012266,307.72685029078275]]]}},
{"type":"Feature","properties":{"height_m":4.4200001,"lidar_cover":0.89,"ground_z":43.130001},"geometry":{"type":"Polygon","coordinates":[[[610.754277570755221,286.942366882227361],[609.733469799684826,282.388743263669312],[609.480014304921497,281.214236306957901],[600.367829619033728,283.399099036119878],[600.026009145192802,283.480061185546219],[597.333636450348422,271.836418169550598],[597.255387396377046,271.51517538074404],[580.628333228291012,275.14809986948967],[583.687023390375543,280.481799372471869],[574.187004135630559,285.823605781421065],[579.664904027478769,295.142509846016765],[584.947359673446044,304.119081033393741],[587.607492313196417,302.672673555091023],[590.14430113020353,301.438392435200512],[588.147211030242033,291.742272960022092],[600.238766643335111,289.173845291137695],[602.548694662342314,288.685616463422775],[610.754277570755221,286.942366882227361]]]}},
{"type":"Feature","properties":{"height_m":23.41,"lidar_cover":1.0,"ground_z":43.970001},"geometry":{"type":"Polygon","coordinates":[[[602.548694662342314,288.685616463422775],[600.238766643335111,289.173845291137695],[588.147211030242033,291.742272960022092],[590.14430113020353,301.438392435200512],[602.902770518150646,298.708202248439193],[616.353454729076475,295.838236515410244],[614.12287805962842,286.188736146315932],[610.754277570755221,286.942366882227361],[602.548694662342314,288.685616463422775]]]}},
{"type":"Feature","properties":{"height_m":4.6700001,"lidar_cover":0.9,"ground_z":43.110001},"geometry":{"type":"Polygon","coordinates":[[[580.628333228291012,275.14809986948967],[597.255387396377046,271.51517538074404],[596.654354670725297,268.93389346357435],[593.953406164422631,257.2681272206828],[586.866427151893731,258.900858431123197],[573.109495282813441,262.084664982743561],[576.168196277343668,267.418361332267523],[580.628333228291012,275.14809986948967]]]}},
{"type":"Feature","properties":{"height_m":22.52,"lidar_cover":0.99,"ground_z":43.82},"geometry":{"type":"Polygon","coordinates":[[[528.52011586073786,290.853609683923423],[529.115087429468986,291.913842655718327],[529.710058827535249,292.974075675942004],[530.28789838560624,293.990059658885002],[529.266129440627992,294.621523668989539],[531.629513774299994,298.884818586520851],[541.0367368174484,293.455012497492135],[533.959790312859695,281.175730503164232],[524.62659223168157,286.482710432261229],[526.402627128933091,289.607978221029043],[527.508684882021043,289.053434129804373],[528.52011586073786,290.853609683923423]]]}},
{"type":"Feature","properties":{"height_m":22.610001,"lidar_cover":0.98,"ground_z":43.130001},"geometry":{"type":"Polygon","coordinates":[[[551.82374964869814,322.475617275573313],[553.178242124675307,321.685557772405446],[554.507985910517164,320.929042179137468],[555.812664916214999,320.172764698974788],[556.328958330210298,320.867349781095982],[559.727935246773995,318.914288578554988],[554.384233661112376,309.649640200659633],[541.694174798263703,316.942571666091681],[547.08875538961729,326.28444863203913],[550.952763305860572,324.027190495282412],[550.527215756475925,323.209612336941063],[551.82374964869814,322.475617275573313]]]}},
{"type":"Feature","properties":{"height_m":23.18,"lidar_cover":0.98,"ground_z":42.66},"geometry":{"type":"Polygon","coordinates":[[[570.975807944370899,277.626801546663046],[571.604299836384598,278.697822781279683],[572.249712331977207,279.790889394469559],[572.954663351061754,280.994420486502349],[571.658119832514785,281.728411596268415],[574.187004135630559,285.823605781421065],[583.687023390375543,280.481799372471869],[580.628333228291012,275.14809986948967],[576.168196277343668,267.418361332267523],[566.639379413449205,273.248979333788157],[568.652922272798605,276.749503165483475],[569.982149363844655,275.937480946071446],[570.975807944370899,277.626801546663046]]]}},
{"type":"Feature","properties":{"height_m":22.639999,"lidar_cover":0.99,"ground_z":44.66},"geometry":{"type":"Polygon","coordinates":[[[521.315500503056683,278.331287142820656],[521.952249442692846,279.391122899949551],[522.529564107011538,280.351596622727811],[523.276614977163263,281.58803213853389],[522.213174928270746,282.230995669029653],[524.62659223168157,286.482710432261229],[533.959790312859695,281.175730503164232],[526.883031084667891,268.918659230694175],[517.573622179101221,274.09218692034483],[519.323227509856224,277.073365894146264],[520.263028563931584,276.609222730621696],[521.315500503056683,278.331287142820656]]]}},
{"type":"Feature","properties":{"height_m":23.030001,"lidar_cover":0.94,"ground_z":42.689999},"geometry":{"type":"Polygon","coordinates":[[[556.027947147842497,252.165281985886395],[556.775100328552071,253.412822801619768],[557.454359005438164,254.54997868090868],[558.244024608226027,255.874836724251509],[557.022252368158661,256.563709128648043],[559.452156533603556,260.793072770349681],[569.08240430476144,255.083615507930517],[561.72490617306903,242.296234429813921],[552.225272917596158,247.682476666755974],[554.012293719686568,251.085219936445355],[555.017676877789199,250.48722392693162],[556.027947147842497,252.165281985886395]]]}},
{"type":"Feature","properties":{"height_m":22.110001,"lidar_cover":0.99,"ground_z":43.939999},"geometry":{"type":"Polygon","coordinates":[[[513.805966513871681,265.378852538764477],[514.375139084877446,266.361608809791505],[514.9783643175615,267.410659364424646],[515.887537505710497,269.000848517753184],[514.923724639811553,269.576249528676271],[517.573622179101221,274.09218692034483],[526.883031084667891,268.918659230694175],[519.015837867511436,255.259027388878167],[509.816508555784822,260.586960539221764],[512.059781219228171,264.51830199547112],[512.998740136739798,263.965342477895319],[513.805966513871681,265.378852538764477]]]}},
{"type":"Feature","properties":{"height_m":23.16,"lidar_cover":0.98,"ground_z":42.66},"geometry":{"type":"Polygon","coordinates":[[[563.458113540022168,264.685497678816319],[564.163488792837597,265.933435637503862],[564.74968057370279,266.949343021959066],[565.599303818366025,268.429073934443295],[564.302864065626636,269.174168257042766],[566.639379413449205,273.248979333788157],[576.168196277343668,267.418361332267523],[573.109495282813441,262.084664982743561],[569.08240430476144,255.083615507930517],[559.452156533603556,260.793072770349681],[561.372325461066794,264.139039692468941],[562.727356771356426,263.40449183806777],[563.458113540022168,264.685497678816319]]]}},
{"type":"Feature","properties":{"height_m":19.440001,"lidar_cover":0.94,"ground_z":40.650002},"geometry":{"type":"Polygon","coordinates":[[[778.388587053399533,125.295094609260559],[773.911123310681432,125.437371914274991],[769.433659684204031,125.579651991836727],[767.278532827855088,125.655553631484509],[767.424060804070905,130.439535094425082],[767.476280937087722,132.426463630050421],[783.908187917550094,131.971258782781661],[783.701364966458641,125.122714070603251],[779.808662909606937,125.248354344628751],[778.388587053399533,125.295094609260559]]]}},
{"type":"Feature","properties":{"height_m":18.48,"lidar_cover":0.94,"ground_z":39.610001},"geometry":{"type":"Polygon","coordinates":[[[777.683528217952698,139.979822122491896],[774.801606198539957,140.073698994703591],[767.709596882108599,140.307329161092639],[767.869361102581024,145.712939544580877],[767.969180130399764,149.198311975225806],[775.061285738716833,148.975783880800009],[774.94060497591272,145.934725523926318],[777.822839683212806,145.874154456891119],[777.934848996868823,148.881986095570028],[780.516084845468868,148.802057252265513],[784.634364981786348,148.674283646978438],[784.291039993579034,139.761886844411492],[777.683528217952698,139.979822122491896]]]}},
{"type":"Feature","properties":{"height_m":5.1500001,"lidar_cover":0.74,"ground_z":38.689999},"geometry":{"type":"Polygon","coordinates":[[[812.750758157635573,99.910880553536117],[814.613353498454671,99.826655104756355],[814.45383417798439,94.443248334340751],[814.364911705255508,91.22424303367734],[814.305713581154123,89.381718445569277],[811.649153916339856,89.451243933290243],[811.590666946955025,89.451796852052212],[809.009199886000715,89.509510491974652],[809.169645691639744,96.758198515512049],[810.172173487080727,96.737617707811296],[810.267417662660591,98.857374458573759],[812.815040493616834,98.755569477565587],[812.750758157635573,99.910880553536117]]]}},
{"type":"Feature","properties":{"height_m":20.93,"lidar_cover":0.94,"ground_z":40.150002},"geometry":{"type":"Polygon","coordinates":[[[816.215437707025558,55.388740865513682],[816.239179734722711,56.132411820814013],[816.290231948602013,57.997219157405198],[816.450379535439424,63.4472372001037],[816.514404633839149,65.800450246781111],[819.421422372804955,65.706353429704905],[822.637481648474932,65.598233765922487],[826.488334598136134,65.461909874342382],[828.668650495586917,65.39689112175256],[828.383357150247321,52.009470956400037],[820.413846859009936,52.240238178521395],[816.128405110619497,52.369570375420153],[816.215437707025558,55.388740865513682]]]}},
{"type":"Feature","properties":{"height_m":17.07,"lidar_cover":0.91,"ground_z":40.060001},"geometry":{"type":"Polygon","coordinates":[[[785.435392967076041,162.689694613218307],[785.358758000307716,159.00425024330616],[785.20503621728858,155.119682405143976],[780.626383400056511,155.162986684590578],[777.810889034357388,155.211822527460754],[774.385569669888355,155.27753072232008],[770.876803293358535,155.355132828466594],[768.153216249716934,155.403103032149374],[768.583333433023654,169.954961912706494],[776.895276293798815,169.720895745791495],[785.683465274167247,169.482335014268756],[785.435392967076041,162.689694613218307]]]}},
{"type":"Feature","properties":{"height_m":18.59,"lidar_cover":0.96,"ground_z":41.720001},"geometry":{"type":"Polygon","coordinates":[[[766.219388393103145,89.6588074574247],[769.402120620361529,89.562082072719932],[779.409963144804351,89.278669837862253],[779.262868063640781,84.328159655444324],[779.822567337658256,84.311763034202158],[779.584374181053136,82.981665736064315],[780.135823272517882,82.976450092159212],[780.01784477714682,77.570444935001433],[779.903555798577145,76.971968323923647],[779.606080288765952,76.441841812804341],[779.226731818518601,76.090136362239718],[778.5805388095323,75.796469393186271],[778.120472416514531,75.745306231081486],[777.443798313499428,75.762809360399842],[774.996221155743115,75.841474488377571],[774.863148914184421,71.490389359183609],[774.824851732817478,70.091783949173987],[774.75109262438491,67.594325103797019],[774.737801841110922,67.072613681666553],[774.334594033192843,53.59748543985188],[765.17048476979835,53.861818923614919],[765.699062327155843,71.754722454585135],[766.219388393103145,89.6588074574247]]]}},
{"type":"Feature","properties":{"height_m":14.99,"lidar_cover":0.88,"ground_z":39.150002},"geometry":{"type":"Polygon","coordinates":[[[816.726233854191378,73.181887285783887],[816.749660990433767,73.892252488993108],[816.921836649009492,79.730759047903121],[818.191631220281124,79.696550033986568],[821.675053627812304,79.585902490653098],[821.43036185845267,77.567484593950212],[823.351659948239103,77.504912480711937],[823.337442045914941,79.536880570463836],[826.845930433715694,79.425998593680561],[828.96775507129496,79.361532674171031],[828.833378398499917,73.100757979787886],[828.668650495586917,65.39689112175256],[826.488334598136134,65.461909874342382],[822.637481648474932,65.598233765922487],[819.421422372804955,65.706353429704905],[816.514404633839149,65.800450246781111],[816.726233854191378,73.181887285783887]]]}},
{"type":"Feature","properties":{"height_m":15.79,"lidar_cover":0.96,"ground_z":38.869999},"geometry":{"type":"Polygon","coordinates":[[[800.449329979368486,109.486869313754141],[805.132893111323938,109.931114686653018],[813.738954440923408,110.749088734388351],[826.819587436388247,112.002204861491919],[829.671562455361709,112.275028258562088],[829.535402350185905,105.82552052102983],[829.391201693855692,99.409397589974105],[826.392184569034725,99.493257327005267],[822.549495144863613,99.607298670336604],[818.832029894867446,99.709055428393185],[814.613353498454671,99.826655104756355],[812.750758157635573,99.910880553536117],[806.243577851098962,100.138943362049758],[804.698167967842892,100.186863320879638],[803.82096968521364,100.206259928643703],[801.758057992265094,100.314588003791869],[800.087634039169643,100.396999721415341],[794.548930624790955,100.53819543775171],[792.510350026539527,100.56857565138489],[791.057268163596746,100.660037110559642],[783.590282890596427,101.008226036094129],[782.83016346488148,101.037620823830366],[783.685563487291802,105.781579716131091],[788.462989010382444,105.547648657113314],[788.581459433422424,108.355566556565464],[800.449329979368486,109.486869313754141]]]}},
{"type":"Feature","properties":{"height_m":17.32,"lidar_cover":0.79,"ground_z":38.599998},"geometry":{"type":"Polygon","coordinates":[[[825.614278678956907,94.104592399671674],[826.215648670331575,94.076702574267983],[828.020073453430086,94.026339173316956],[829.281510248431005,93.992211047559977],[829.191611123969778,89.785055373795331],[829.165666956920177,88.808243937790394],[827.920939821226057,88.842214134521782],[825.456446483323816,88.898816327564418],[814.30361457815161,89.1596799492836],[814.305713581154123,89.381718445569277],[814.364911705255508,91.22424303367734],[815.635333944519516,91.256645095534623],[815.715165939240251,94.398015917278826],[817.644919759826735,94.346465172246099],[819.457594795443583,94.284918728284538],[819.375705694081262,91.809742351062596],[821.907040265446994,91.752506260760128],[821.980363347567618,94.205557783134282],[822.423192959860899,94.201372045092285],[825.614278678956907,94.104592399671674]]]}},
{"type":"Feature","properties":{"height_m":5.56,"lidar_cover":0.87,"ground_z":38.709999},"geometry":{"type":"Polygon","coordinates":[[[809.169645691639744,96.758198515512049],[809.009199886000715,89.509510491974652],[805.750850098964293,89.562521699815989],[803.64542417798657,89.59353069961071],[803.82096968521364,100.206259928643703],[804.698167967842892,100.186863320879638],[806.243577851098962,100.138943362049758],[806.086969828174915,96.831754647195339],[809.169645691639744,96.758198515512049]]]}},
{"type":"Feature","properties":{"height_m":16.389999,"lidar_cover":0.93,"ground_z":38.689999},"geometry":{"type":"Polygon","coordinates":[[[818.832029894867446,99.709055428393185],[822.549495144863613,99.607298670336604],[826.392184569034725,99.493257327005267],[829.391201693855692,99.409397589974105],[829.326407336397097,96.090237931348383],[829.281510248431005,93.992211047559977],[828.020073453430086,94.026339173316956],[826.215648670331575,94.076702574267983],[825.614278678956907,94.104592399671674],[822.423192959860899,94.201372045092285],[821.980363347567618,94.205557783134282],[821.545993950043339,94.220766494981945],[819.457594795443583,94.284918728284538],[817.644919759826735,94.346465172246099],[815.715165939240251,94.398015917278826],[814.45383417798439,94.443248334340751],[814.613353498454671,99.826655104756355],[818.832029894867446,99.709055428393185]]]}},
{"type":"Feature","properties":{"height_m":5.6700001,"lidar_cover":0.77,"ground_z":38.82},"geometry":{"type":"Polygon","coordinates":[[[801.758057992265094,100.314588003791869],[803.82096968521364,100.206259928643703],[803.64542417798657,89.59353069961071],[800.863010536180809,89.608735490590334],[798.205821128038224,89.611654371023178],[798.342156717495527,96.96049662027508],[801.600608159264084,96.918583959341049],[801.758057992265094,100.314588003791869]]]}},
{"type":"Feature","properties":{"height_m":5.0500002,"lidar_cover":0.77,"ground_z":38.950001},"geometry":{"type":"Polygon","coordinates":[[[791.214281281339936,80.151463359594345],[787.179305011988617,80.256238717585802],[787.357312977721449,83.174622630700469],[783.297587530862074,83.312942998483777],[783.375378119177185,87.120508107356727],[786.432887255214155,87.036077472381294],[789.290289559517987,86.99795216601342],[792.281481405254453,86.96966574061662],[791.214281281339936,80.151463359594345]]]}},
{"type":"Feature","properties":{"height_m":11.61,"lidar_cover":0.9,"ground_z":39.610001},"geometry":{"type":"Polygon","coordinates":[[[785.358758000307716,159.00425024330616],[785.435392967076041,162.689694613218307],[785.683465274167247,169.482335014268756],[789.409144747536629,169.369379832409322],[791.221905870130286,169.318928002379835],[795.114794223802164,169.215497428551316],[795.017847984679975,168.683474064804614],[794.691488764481619,166.865681496448815],[793.880082608084194,162.354466424323618],[793.63353896792978,161.024447574280202],[791.386095443973318,161.056803569197655],[791.323321897711139,158.836813419125974],[793.253898363676853,158.874071361497045],[792.486576287774369,154.606703800149262],[791.37565728451591,148.466192345134914],[789.671508707571775,148.515616883523762],[789.750468223937787,150.679939331486821],[785.063719874655362,150.779777587391436],[785.20503621728858,155.119682405143976],[785.358758000307716,159.00425024330616]]]}},
{"type":"Feature","properties":{"height_m":4.9400001,"lidar_cover":0.85,"ground_z":38.98},"geometry":{"type":"Polygon","coordinates":[[[780.607348650228232,88.656684392131865],[783.397803074272815,88.608087017200887],[783.380313003843185,87.642298574559391],[783.297587530862074,83.312942998483777],[783.29380761977518,82.913273705169559],[780.135823272517882,82.976450092159212],[779.584374181053136,82.981665736064315],[779.822567337658256,84.311763034202158],[780.607348650228232,88.656684392131865]]]}},
{"type":"Feature","properties":{"height_m":21.360001,"lidar_cover":0.99,"ground_z":41.259998},"geometry":{"type":"Polygon","coordinates":[[[780.157107604551129,101.129519826732576],[769.874292761960533,101.493252916261554],[766.57469705841504,101.602186649106443],[766.748383598751388,107.596119700931013],[766.844212218828034,110.659618757665157],[769.951527846627869,110.541401016525924],[784.452475066238549,110.004538443870842],[784.073459502425976,107.920774369500577],[783.747305253054947,106.125186251476407],[780.304937110980973,106.157743622548878],[780.157107604551129,101.129519826732576]]]}},
{"type":"Feature","properties":{"height_m":22.309999,"lidar_cover":0.89,"ground_z":41.509998},"geometry":{"type":"Polygon","coordinates":[[[766.317527763836551,92.966548779048026],[766.427908249082975,96.684982305392623],[766.475717608409468,98.205629880540073],[766.57469705841504,101.602186649106443],[769.874292761960533,101.493252916261554],[780.157107604551129,101.129519826732576],[781.251332747284323,101.085861882194877],[779.828477115777787,93.771393299102783],[781.20742817746941,92.026295946910977],[780.704716848558746,89.233115221373737],[779.409963144804351,89.278669837862253],[769.402120620361529,89.562082072719932],[766.219388393103145,89.6588074574247],[766.317527763836551,92.966548779048026]]]}},
{"type":"Feature","properties":{"height_m":17.389999,"lidar_cover":0.9,"ground_z":41.619999},"geometry":{"type":"Polygon","coordinates":[[[775.321971865196247,122.648297106847167],[775.350863636587746,123.935962403193116],[777.506201053794939,123.88226702529937],[777.477414674009196,122.605703650042415],[779.700014455826022,122.595784407109022],[779.808662909606937,125.248354344628751],[783.701364966458641,125.122714070603251],[787.1513443532167,125.01236570905894],[786.595775921072345,121.931008527055383],[784.490359384159092,121.962023217231035],[784.460015262011439,118.753566770814359],[770.310531082563102,119.342619635164738],[767.103061292204075,119.472887678071856],[767.22988345019985,124.046090587042272],[767.278532827855088,125.655553631484509],[769.433659684204031,125.579651991836727],[773.911123310681432,125.437371914274991],[773.818238059990108,122.684726644307375],[775.321971865196247,122.648297106847167]]]}},
{"type":"Feature","properties":{"height_m":3.7,"lidar_cover":0.8,"ground_z":39.119999},"geometry":{"type":"Polygon","coordinates":[[[791.057268163596746,100.660037110559642],[792.510350026539527,100.56857565138489],[792.190438488731161,89.712947325780988],[791.622384344402235,89.729422004893422],[789.224208632251248,89.729894834570587],[786.901335427770391,89.740759230218828],[787.042407156084664,97.589188034646213],[787.752605300513096,97.5824716379866],[787.837400954915211,99.480268690735102],[790.945876386598684,99.484181202948093],[791.057268163596746,100.660037110559642]]]}},
{"type":"Feature","properties":{"height_m":3.97,"lidar_cover":0.86,"ground_z":38.810001},"geometry":{"type":"Polygon","coordinates":[[[798.352926412830129,97.215761891566217],[798.342156717495527,96.96049662027508],[798.205821128038224,89.611654371023178],[796.259145551593974,89.641164448112249],[794.621405428333674,89.645547900348902],[792.190438488731161,89.712947325780988],[792.510350026539527,100.56857565138489],[794.548930624790955,100.53819543775171],[794.520882154814899,99.339345552027225],[797.353738644102123,99.356970019638538],[797.291911774023902,97.236897371709347],[798.352926412830129,97.215761891566217]]]}},
{"type":"Feature","properties":{"height_m":15.44,"lidar_cover":0.92,"ground_z":38.529999},"geometry":{"type":"Polygon","coordinates":[[[817.01254204363795,83.138497030362487],[817.109818609780632,86.357423330657184],[817.147792787989601,87.722723125480115],[818.509494071884546,87.68764535151422],[827.047229475690983,87.462607456371188],[829.135735548392404,87.409559363499284],[829.073774175543804,84.390151731669903],[828.96775507129496,79.361532674171031],[826.845930433715694,79.425998593680561],[823.337442045914941,79.536880570463836],[821.675053627812304,79.585902490653098],[818.191631220281124,79.696550033986568],[816.921836649009492,79.730759047903121],[817.01254204363795,83.138497030362487]]]}},
{"type":"Feature","properties":{"height_m":16.91,"lidar_cover":0.94,"ground_z":41.3},"geometry":{"type":"Polygon","coordinates":[[[790.742661292315461,63.856840554624796],[790.792460263241082,65.588424718938768],[791.062889892025851,74.745774193666875],[793.255634042725433,76.879004810936749],[794.985495277564041,76.895955852232873],[797.253116401610896,74.576209804974496],[797.132569126144517,69.780889445915818],[795.804600636998657,69.848960951901972],[795.712897552992217,65.453072900883853],[794.87789152021287,65.516483206301928],[794.878855269635096,63.85103652998805],[795.66351967205992,63.765896414406598],[795.460258042730857,59.060181608423591],[796.855805878527462,59.069191494956613],[796.800444638996851,56.749205336906016],[796.705950642877724,52.941798355430365],[791.685345934238285,53.089199447073042],[790.432257361710072,53.123255030252039],[790.742661292315461,63.856840554624796]]]}},
{"type":"Feature","properties":{"height_m":17.02,"lidar_cover":0.93,"ground_z":40.360001},"geometry":{"type":"Polygon","coordinates":[[[770.876803293358535,155.355132828466594],[774.385569669888355,155.27753072232008],[777.810889034357388,155.211822527460754],[780.626383400056511,155.162986684590578],[780.516084845468868,148.802057252265513],[777.934848996868823,148.881986095570028],[775.061285738716833,148.975783880800009],[767.969180130399764,149.198311975225806],[768.103096735430881,153.638212947174907],[768.153216249716934,155.403103032149374],[770.876803293358535,155.355132828466594]]]}},
{"type":"Feature","properties":{"height_m":14.57,"lidar_cover":0.97,"ground_z":44.220001},"geometry":{"type":"Polygon","coordinates":[[[673.087547275819816,356.51097522303462],[668.782165297889151,357.162425140850246],[668.941074590547942,358.060256640426815],[657.660299686831422,359.765963533893228],[657.392563979723491,358.846957615576684],[653.171155151445419,359.54203287884593],[654.215869083069265,367.504034441895783],[661.199399904464372,366.427493493072689],[662.199428742751479,373.201906304806471],[661.114862423157319,373.378726779483259],[661.551710911677219,376.272451448254287],[669.429108987911604,375.176345736719668],[668.06754091422772,365.518596475943923],[674.241800683084875,364.571867772378027],[673.087547275819816,356.51097522303462]]]}},
{"type":"Feature","properties":{"height_m":18.719999,"lidar_cover":0.83,"ground_z":46.689999},"geometry":{"type":"Polygon","coordinates":[[[638.481591304647736,440.621598939411342],[639.291635235771537,439.692377733998001],[638.474898050888442,439.033943545073271],[639.575679322704673,437.924319715239108],[640.283487393870018,438.550477716140449],[642.217694713792298,436.333764830604196],[644.449417217576411,433.770041898824275],[642.097358849830925,431.571748977527022],[642.659388222091366,430.922452133148909],[643.585139587172307,429.85889963246882],[646.003405817144085,431.989947970025241],[650.020638596150093,427.388571717776358],[650.152843901480082,427.231877806596458],[649.743855747627094,425.514799922704697],[646.726603772025555,422.778766132891178],[644.818845902453177,422.497068079188466],[642.058193734497763,425.676465095952153],[643.111499706457835,426.610230709426105],[640.788187258644029,429.208130893297493],[639.785221160156652,428.296094325371087],[637.421398792997934,431.02761475276202],[634.958266724832356,433.860003733076155],[633.297035829396918,435.785454776138067],[630.957967313588597,438.483434014953673],[634.596847574808635,441.568862432613969],[636.3573288571788,443.062172998674214],[638.481591304647736,440.621598939411342]]]}},
{"type":"Feature","properties":{"height_m":14.34,"lidar_cover":0.98,"ground_z":45.450001},"geometry":{"type":"Polygon","coordinates":[[[652.980346144642681,379.084992939606309],[647.82372142164968,379.844448879361153],[647.957568073295988,380.74251751974225],[637.629296711471397,382.439229570329189],[637.519040400569793,381.385496496222913],[633.179519589117263,381.95957110542804],[634.324617595411837,389.931721849367023],[641.124105035909452,388.834699667990208],[642.007286493550055,395.621320699341595],[641.056297631701455,395.785775288008153],[641.469035348156467,398.779653871431947],[649.262330900062807,397.628808067180216],[647.592553319933359,388.073909091763198],[654.059424750972539,387.14659536164254],[652.980346144642681,379.084992939606309]]]}},
{"type":"Feature","properties":{"height_m":23.049999,"lidar_cover":0.94,"ground_z":46.84},"geometry":{"type":"Polygon","coordinates":[[[616.56366517097922,414.948456744663417],[617.043988291814458,418.019413907080889],[618.617962966614868,428.041538388468325],[621.93673652241705,430.85242245066911],[626.269335947348736,426.025984161533415],[625.364145029219799,416.919060982763767],[625.197232276434079,415.177483545616269],[624.137948293529917,415.376275898888707],[623.880289001681376,413.757691036909819],[630.220548216893803,412.698320618830621],[628.921335806604475,405.216160063631833],[623.265120906755328,406.158016938716173],[623.465283300902229,406.999941856600344],[615.23045403911965,408.288237442262471],[615.071433697477914,407.379305054433644],[609.139299290371127,408.301583420485258],[610.188832032552455,415.886034843511879],[616.56366517097922,414.948456744663417]]]}},
{"type":"Feature","properties":{"height_m":21.92,"lidar_cover":0.88,"ground_z":45.560001},"geometry":{"type":"Polygon","coordinates":[[[593.120658491039649,396.762115191668272],[595.355357133899815,396.274596769362688],[596.168303417216521,401.818351219408214],[603.944984967645723,400.678716873750091],[603.089111775567289,395.013236558064818],[602.772256094845943,395.082859024405479],[602.125390761881135,391.191865404136479],[601.478524797363207,387.300871855579317],[601.862325618916657,387.241717391647398],[600.926306502136867,381.055159783922136],[600.203755319875199,376.232238112948835],[599.81180954806041,376.313675756566226],[599.204189089359716,372.155839955434203],[598.632514827360865,368.264133599586785],[599.091090145753697,368.159858136437833],[598.216815498308279,362.316906181164086],[597.440867125755176,357.150300476700068],[597.007040173455607,357.221032525412738],[595.792424642655533,348.971973213367164],[596.209963286528364,348.945807301439345],[595.325118288921658,342.869794525206089],[584.41915057215374,344.449928412213922],[583.367685588658787,344.593137699179351],[581.03246612730436,345.936538577079773],[565.160363858449273,356.024246363900602],[592.311809850565623,396.93633097037673],[593.120658491039649,396.762115191668272]]]}},
{"type":"Feature","properties":{"height_m":14.32,"lidar_cover":0.99,"ground_z":45.240002},"geometry":{"type":"Polygon","coordinates":[[[614.004293107544072,372.381888885051012],[613.195125466154423,372.522796491160989],[613.963022097595967,377.72278886474669],[614.796832957421429,377.537235956639051],[615.809996024123393,384.811150636523962],[623.736666558834258,383.625704201869667],[623.130283472652081,380.478221403434873],[622.138044520514086,380.698584160767496],[620.187409775797278,367.082681897096336],[621.238766834023409,366.928375995717943],[620.48305844690185,361.250841562636197],[619.373847334587481,361.472313641570508],[618.390486947726458,354.697747938334942],[625.199623545398936,353.733855166472495],[624.10274638881674,345.561396136879921],[619.679970788594801,346.16957644186914],[619.832847068901174,347.311728596687317],[608.484488446149044,348.94043228123337],[608.315532073553186,347.865050376392901],[604.092436395876575,348.382523364387453],[605.406038863118738,356.497410024516284],[611.598061982542276,355.661488698795438],[614.004293107544072,372.381888885051012]]]}},
{"type":"Feature","properties":{"height_m":14.71,"lidar_cover":0.92,"ground_z":43.119999},"geometry":{"type":"Polygon","coordinates":[[[681.984888993785717,344.002516313455999],[682.307016343111172,346.253358945250511],[692.335936034854967,344.703885279595852],[693.168701094575226,344.407322187907994],[693.808880903001409,344.068171413615346],[694.170927835162729,343.476287521421909],[694.163883254514076,342.732458239421248],[694.224519748182502,342.076811373233795],[692.888473604572937,334.228593637235463],[689.100771300320048,334.841819494962692],[689.304502814949956,336.06121167447418],[677.05566661444027,337.898188524879515],[676.86864306544885,336.678638366051018],[673.130547332926653,337.235888086259365],[674.217226977925748,345.2197001343593],[681.984888993785717,344.002516313455999]]]}},
{"type":"Feature","properties":{"height_m":16.24,"lidar_cover":0.78,"ground_z":46.689999},"geometry":{"type":"Polygon","coordinates":[[[637.421398792997934,431.02761475276202],[639.785221160156652,428.296094325371087],[639.801825715636369,428.284834013320506],[642.058193734497763,425.676465095952153],[644.818845902453177,422.497068079188466],[646.43883455672767,420.627525370568037],[637.894249638600741,413.036388318985701],[635.570934516494162,415.634290092624724],[631.180574952741154,420.538990509696305],[626.269335947348736,426.025984161533415],[621.93673652241705,430.85242245066911],[626.746426084428094,434.926010387018323],[630.957967313588597,438.483434014953673],[633.297035829396918,435.785454776138067],[634.958266724832356,433.860003733076155],[637.421398792997934,431.02761475276202]]]}},
{"type":"Feature","properties":{"height_m":11.33,"lidar_cover":0.85,"ground_z":38.77},"geometry":{"type":"Polygon","coordinates":[[[839.340224713261705,108.81946986541152],[846.461280891555361,108.119313687086105],[851.178121301345527,107.663938187994063],[851.620530494081322,107.615346528589725],[851.448668842145707,106.229105819948018],[850.987830486614257,102.558394770137966],[843.836877039342653,102.748094725422561],[841.781796443334315,102.800822811201215],[839.225504848989658,102.869390787556767],[839.29218312271405,106.388385165482759],[839.340224713261705,108.81946986541152]]]}},
{"type":"Feature","properties":{"height_m":21.26,"lidar_cover":0.95,"ground_z":38.880001},"geometry":{"type":"Polygon","coordinates":[[[855.904385420260951,86.978964418172836],[858.261904637794942,88.866393419913948],[859.364941857464146,89.755308981984854],[861.033096219762228,87.663304781541228],[862.5989249170525,88.892039289698005],[860.964715912763495,91.039237027987838],[863.549607823078986,93.113269308581948],[865.317744354018942,94.528842836618423],[869.552721098065376,89.059513751417398],[872.854776896070689,84.78701080661267],[871.053218408254907,83.371751125901937],[868.4097334172111,81.287166712805629],[867.129869455180597,82.909178878180683],[865.580855735694058,81.691387467086315],[866.835443967778701,80.047407954931259],[863.341674517723732,77.293579399585724],[862.196649716817774,76.382854031398892],[859.397661377326585,79.951125645078719],[857.738070687977597,82.065255096182227],[854.658258631767239,85.980372085236013],[855.904385420260951,86.978964418172836]]]}},
{"type":"Feature","properties":{"height_m":17.16,"lidar_cover":0.96,"ground_z":38.709999},"geometry":{"type":"Polygon","coordinates":[[[852.248788074764889,111.317784579470754],[854.544907284667715,108.475950218737125],[853.005196010402869,107.357999877072871],[852.69972260191571,107.749488065950572],[851.620530494081322,107.615346528589725],[851.178121301345527,107.663938187994063],[846.461280891555361,108.119313687086105],[839.340224713261705,108.81946986541152],[839.461306457757019,114.558533461764455],[845.501326622499619,119.719828917644918],[847.705847418343183,116.912166506052017],[852.248788074764889,111.317784579470754]]]}},
{"type":"Feature","properties":{"height_m":17.809999,"lidar_cover":0.9,"ground_z":39.509998},"geometry":{"type":"Polygon","coordinates":[[[856.490288187516853,60.548490849323571],[856.578633447177708,65.477350488305092],[867.873856842285022,65.248516587540507],[868.270507256675046,64.778447479940951],[868.292951521929353,64.500662609934807],[868.191607955144718,60.848760964348912],[868.091522742062807,57.33008242584765],[867.905789772747084,50.936558075249195],[860.24532012216514,51.153259328566492],[856.327302050311118,51.256890865974128],[856.384252878313418,54.631638946011662],[856.43260317860404,57.096029271371663],[858.287693555641454,57.100709538906813],[858.370128976646811,60.519628548063338],[856.490288187516853,60.548490849323571]]]}},
{"type":"Feature","properties":{"height_m":14.5,"lidar_cover":0.89,"ground_z":39.16},"geometry":{"type":"Polygon","coordinates":[[[841.28299954731483,78.312503495253623],[844.666473917546682,78.236120256595314],[844.499528865271714,72.064476639963686],[843.454906435101293,72.052141630090773],[843.428118630661629,68.332918032072484],[844.39754385035485,68.345963596366346],[844.898862165806349,68.341226601973176],[844.858795189065859,66.753888281062245],[844.832223737495951,65.710465300828218],[841.022622785007115,65.790875034406781],[838.491174206370488,65.837002400308847],[838.632571579306386,72.84160603582859],[838.743409882823471,78.380913629196584],[841.28299954731483,78.312503495253623]]]}},
{"type":"Feature","properties":{"height_m":21.77,"lidar_cover":0.95,"ground_z":39.779999},"geometry":{"type":"Polygon","coordinates":[[[841.022622785007115,65.790875034406781],[844.832223737495951,65.710465300828218],[844.664544552913867,59.461108330637217],[843.912671059952118,59.479315769858658],[843.875152515189257,56.393059818074107],[844.585354636248667,56.386349051259458],[844.545917021809146,54.86562230437994],[844.456483493791893,51.591107365675271],[840.730638165026903,51.692931511439383],[838.216105124680325,51.761104851961136],[838.471593287191354,64.649175460450351],[838.491174206370488,65.837002400308847],[841.022622785007115,65.790875034406781]]]}},
{"type":"Feature","properties":{"height_m":21.139999,"lidar_cover":0.92,"ground_z":39.029999},"geometry":{"type":"Polygon","coordinates":[[[863.341674517723732,77.293579399585724],[866.835443967778701,80.047407954931259],[868.271647023386322,78.168551956303418],[869.86306666128803,79.452560882084072],[868.4097334172111,81.287166712805629],[871.053218408254907,83.371751125901937],[872.854776896070689,84.78701080661267],[876.503564675629605,80.067118102684617],[880.226611304911785,75.246599833481014],[878.74527944176225,74.116989748552442],[878.391735638899263,73.842755895107985],[877.533204043458682,73.18468941282481],[875.723498087667394,71.791711331345141],[873.164716836181469,69.828457211144269],[870.622749667149037,67.876148069277406],[870.412294081412256,67.711592206731439],[869.536945552274119,67.042582576163113],[866.787033021973912,70.499358423985541],[865.267066015279852,72.356800091452897],[862.196649716817774,76.382854031398892],[863.341674517723732,77.293579399585724]]]}},
{"type":"Feature","properties":{"height_m":20.629999,"lidar_cover":0.95,"ground_z":39.740002},"geometry":{"type":"Polygon","coordinates":[[[844.545917021809146,54.86562230437994],[844.585354636248667,56.386349051259458],[846.908343134622555,56.386605232022703],[846.920269943308085,59.417588405311108],[844.664544552913867,59.461108330637217],[844.832223737495951,65.710465300828218],[849.510671902797185,65.610745397396386],[851.590933895844501,65.568884735926986],[853.027942044311203,65.544204961508512],[856.578633447177708,65.477350488305092],[856.490288187516853,60.548490849323571],[856.474590961355716,59.7714350996539],[854.310879040684085,59.825185644440353],[854.310037721472327,57.082773583009839],[856.43260317860404,57.096029271371663],[856.384252878313418,54.631638946011662],[856.327302050311118,51.256890865974128],[849.978409008006565,51.439006294123828],[844.456483493791893,51.591107365675271],[844.545917021809146,54.86562230437994]]]}},
{"type":"Feature","properties":{"height_m":6.83,"lidar_cover":0.98,"ground_z":38.639999},"geometry":{"type":"Polygon","coordinates":[[[757.551995206973515,316.395830964669585],[762.92858876864193,315.034815554507077],[756.653543697437271,292.088931512087584],[756.456068869447336,292.412784753367305],[753.047818790713791,297.807745792903006],[757.551995206973515,316.395830964669585]]]}},
{"type":"Feature","properties":{"height_m":3.28,"lidar_cover":0.73,"ground_z":44.470001},"geometry":{"type":"Polygon","coordinates":[[[727.965014838729985,373.855899260379374],[731.441401925170794,389.788998113013804],[731.694412900134921,392.684466616250575],[723.126667726435699,394.997259012423456],[689.623217123851646,400.588398763909936],[695.527028819196858,384.322210989892483],[699.542230664636008,383.029554980807006],[704.290461382304784,381.496798402629793],[727.965014838729985,373.855899260379374]]]}},
{"type":"Feature","properties":{"height_m":12.93,"lidar_cover":0.94,"ground_z":47.0},"geometry":{"type":"Polygon","coordinates":[[[539.872292570071295,96.822109893895686],[542.295006696658675,96.765806850045919],[553.347457471536472,96.494373149238527],[557.933872393972706,96.384234625846148],[557.713634354353417,89.025084850378335],[550.403707803925499,89.194377275183797],[549.685153266182169,89.201196255162358],[544.597522047813982,89.327199665829539],[539.676785889314488,89.429416753351688],[536.168092987558339,89.518234258517623],[536.297063283971511,94.302371269091964],[536.363497878541239,96.899825419299304],[539.872292570071295,96.822109893895686]]]}},
{"type":"Feature","properties":{"height_m":18.23,"lidar_cover":0.91,"ground_z":47.52},"geometry":{"type":"Polygon","coordinates":[[[535.877002764900681,78.218218544498086],[536.013454989879392,83.790592201985419],[536.168092987558339,89.518234258517623],[539.676785889314488,89.429416753351688],[544.597522047813982,89.327199665829539],[549.685153266182169,89.201196255162358],[550.403707803925499,89.194377275183797],[550.22144579468295,81.435161939822137],[550.146377086581197,77.927349880337715],[549.873105233651586,65.861063341610134],[549.803198834590148,62.897245710715652],[549.743754838709719,60.155387309379876],[548.440535808796994,60.189960578456521],[535.417228118982166,60.591136514209211],[535.877002764900681,78.218218544498086]]]}},
{"type":"Feature","properties":{"height_m":12.04,"lidar_cover":0.9,"ground_z":45.470001},"geometry":{"type":"Polygon","coordinates":[[[542.56334092648467,132.081668776459992],[544.99439847614849,132.025287192314863],[549.346844240673818,131.917363260872662],[549.253295734291896,124.701348911039531],[543.413717514020391,124.834489773027599],[542.386233207886107,124.866447430104017],[539.788068368565291,124.924415914341807],[537.097995864693075,124.983257697895169],[537.204880957957357,129.201355332508683],[537.283569472667295,132.209501602686942],[542.56334092648467,132.081668776459992]]]}},
{"type":"Feature","properties":{"height_m":2.87,"lidar_cover":0.95,"ground_z":45.369999},"geometry":{"type":"Polygon","coordinates":[[[569.026397090347018,117.951898762024939],[562.702208799193613,118.089621597900987],[562.828776994312648,124.383779615163803],[569.186275431362446,124.234637819230556],[569.026397090347018,117.951898762024939]]]}},
{"type":"Feature","properties":{"height_m":16.110001,"lidar_cover":0.99,"ground_z":45.48},"geometry":{"type":"Polygon","coordinates":[[[597.223803989007138,102.540046995505691],[599.805476904672105,102.504461559467018],[599.705892722937278,99.052396493032575],[599.595742343692109,95.367270238697529],[597.072869673429523,95.435606840066612],[577.833298460405786,95.895661608316004],[578.032908908557147,102.844199080951512],[584.641610900347587,102.748202990740538],[584.626552567700855,101.160627585835755],[586.464922790997662,101.165396521799266],[587.60222402587533,100.377404748462141],[590.601556041045114,100.326751762069762],[591.953177612856962,100.991211117245257],[593.481560488755349,100.91009839810431],[593.522735579113942,102.608455335721374],[596.613974618725479,102.556933185085654],[597.223803989007138,102.540046995505691]]]}},
{"type":"Feature","properties":{"height_m":3.3900001,"lidar_cover":0.99,"ground_z":45.889999},"geometry":{"type":"Polygon","coordinates":[[[569.367677589762025,88.747967530041933],[566.886473764199764,88.80481636710465],[563.394385747727938,88.882360191084445],[562.584028390760068,88.901151841506362],[562.745774534705561,96.260856634005904],[568.476651918841526,96.11766024120152],[569.504350998089649,96.107910195365548],[569.367677589762025,88.747967530041933]]]}},
{"type":"Feature","properties":{"height_m":13.97,"lidar_cover":0.93,"ground_z":45.73},"geometry":{"type":"Polygon","coordinates":[[[593.55307053407887,88.185468968003988],[596.911369035893586,88.098105565644801],[599.384323110280093,88.052448187954724],[599.141310435312334,80.049544544890523],[599.077214584161993,77.696332516148686],[597.364694359188434,77.745881396345794],[593.288046012516133,77.862263014540076],[590.005045737256296,77.960016769357026],[589.035936494939961,77.98031108174473],[589.101788684201892,81.399387155659497],[586.178172960062511,81.504837056621909],[586.062082302290946,78.075134557671845],[583.196741725259926,78.15782705694437],[583.26179048436461,80.610956339165568],[583.434223730757367,87.337692978791893],[583.461254132271279,88.425523191690445],[584.204769259958994,88.407367888838053],[586.326695940340869,88.353932671248913],[586.245921920053661,85.123747802339494],[589.127970323839691,85.040897987782955],[589.284045924665406,88.281471592374146],[593.076819239067845,88.189985674805939],[593.55307053407887,88.185468968003988]]]}},
{"type":"Feature","properties":{"height_m":3.2,"lidar_cover":0.97,"ground_z":45.759998},"geometry":{"type":"Polygon","coordinates":[[[568.992167838616297,116.986268987879157],[568.853212988178711,111.147448507137597],[567.148845338262618,111.174721519462764],[562.554084524686914,111.284933591261506],[562.735452748893294,117.189969189465046],[568.992167838616297,116.986268987879157]]]}},
{"type":"Feature","properties":{"height_m":15.65,"lidar_cover":0.95,"ground_z":43.849998},"geometry":{"type":"Polygon","coordinates":[[[597.182636251382064,144.898095089942217],[598.268604325712658,144.865590535104275],[601.058721522218548,144.783616769127548],[600.975283780950122,142.153014803305268],[600.938953223288991,140.965346363373101],[600.902412101218943,139.755474073812366],[600.825013385736383,136.880550513044],[596.973989566788077,136.994791194796562],[596.171992825809866,137.01349991094321],[591.000948151980992,137.151365403085947],[591.167825264157727,145.055065425112844],[594.141757212695666,144.971345630474389],[597.182636251382064,144.898095089942217]]]}},
{"type":"Feature","properties":{"height_m":3.76,"lidar_cover":0.87,"ground_z":44.400002},"geometry":{"type":"Polygon","coordinates":[[[587.792948089423589,145.153692245483398],[587.688198440126143,141.1576326508075],[581.0219927803264,141.354098515585065],[581.093114613904618,145.32827122695744],[584.175664284732193,145.243517013266683],[586.222377303463873,145.190794826485217],[587.183017017843667,145.159477350302041],[587.792948089423589,145.153692245483398]]]}},
{"type":"Feature","properties":{"height_m":2.8900001,"lidar_cover":0.66,"ground_z":44.080002},"geometry":{"type":"Polygon","coordinates":[[[582.745526944054291,135.41989048756659],[589.688197805837262,135.298524664714932],[589.722913949517533,137.196795598603785],[591.000948151980992,137.151365403085947],[596.171992825809866,137.01349991094321],[596.973989566788077,136.994791194796562],[600.825013385736383,136.880550513044],[600.704402727889828,132.973464743234217],[600.631952078721952,130.620331751182675],[598.635366339120083,130.672574399039149],[596.012243150558788,130.741862345486879],[595.811717470060103,130.74376405775547],[589.604724270582665,130.902558028697968],[582.670825652778149,131.068252332508564],[580.273294019280002,131.135406150482595],[579.655111833184492,131.152373056858778],[574.266721560445148,131.281209216453135],[570.123261600849219,131.398238373920321],[569.363040425349027,131.416553714312613],[569.512772747199051,137.510639421641827],[569.723661321098916,145.647083354182541],[581.093114613904618,145.32827122695744],[581.0219927803264,141.354098515585065],[580.943042257218622,137.435514716431499],[575.02890914544696,137.635955037549138],[574.968070260365494,135.626902646385133],[582.745526944054291,135.41989048756659]]]}},
{"type":"Feature","properties":{"height_m":16.65,"lidar_cover":0.95,"ground_z":45.540001},"geometry":{"type":"Polygon","coordinates":[[[536.836367894313298,115.026415830478072],[536.918323212652467,118.378721751272678],[537.009055258648004,121.775356091558933],[537.097995864693075,124.983257697895169],[539.788068368565291,124.924415914341807],[542.386233207886107,124.866447430104017],[543.413717514020391,124.834489773027599],[543.31734151992714,122.603716244921088],[552.841164013312664,122.391200810670853],[552.895655494998209,124.611268940381706],[558.785365370451473,124.477660051546991],[558.385231338674203,111.368901380337775],[552.537287083512638,111.502114024944603],[552.615474823571276,113.57761921081692],[543.132995538471732,113.745330600067973],[543.063581804628484,111.714153887704015],[539.997623085626401,111.787664917297661],[539.621636413910892,111.791233534924686],[536.756098577927332,111.851740745827556],[536.836367894313298,115.026415830478072]]]}},
{"type":"Feature","properties":{"height_m":16.200001,"lidar_cover":0.96,"ground_z":45.23},"geometry":{"type":"Polygon","coordinates":[[[597.072869673429523,95.435606840066612],[599.595742343692109,95.367270238697529],[599.495105271344073,91.804185954853892],[599.384323110280093,88.052448187954724],[596.911369035893586,88.098105565644801],[593.55307053407887,88.185468968003988],[593.076819239067845,88.189985674805939],[593.074533349135891,89.71110797021538],[591.052765176515095,89.752488369122148],[590.124343951698393,90.53849845379591],[587.291692345635965,90.54315893445164],[586.240753330173902,89.864745547994971],[584.210840520565398,89.928410959430039],[584.204769259958994,88.407367888838053],[583.461254132271279,88.425523191690445],[577.621541272033937,88.547534144483507],[577.833298460405786,95.895661608316004],[597.072869673429523,95.435606840066612]]]}},
{"type":"Feature","properties":{"height_m":12.14,"lidar_cover":0.9,"ground_z":45.32},"geometry":{"type":"Polygon","coordinates":[[[542.56334092648467,132.081668776459992],[537.283569472667295,132.209501602686942],[537.373036856995896,135.472912896424532],[537.442210943321697,138.359017308801413],[539.64767520368332,138.304775157943368],[542.763648682332132,138.21968611702323],[546.974051823141053,138.113108806312084],[549.947986510349438,138.029370873235166],[551.961280616349541,137.976956179365516],[551.77779649454169,131.84988203085959],[549.346844240673818,131.917363260872662],[544.99439847614849,132.025287192314863],[545.02372132166056,134.234491289593279],[542.608742769807577,134.22410271409899],[542.56334092648467,132.081668776459992]]]}},
{"type":"Feature","properties":{"height_m":23.92,"lidar_cover":0.91,"ground_z":47.27},"geometry":{"type":"Polygon","coordinates":[[[549.803198834590148,62.897245710715652],[549.873105233651586,65.861063341610134],[550.146377086581197,77.927349880337715],[550.22144579468295,81.435161939822137],[550.403707803925499,89.194377275183797],[557.713634354353417,89.025084850378335],[559.384480753797106,88.987024872563779],[559.334027631441131,86.311698602512479],[563.377565933624282,86.228920661844313],[563.394385747727938,88.882360191084445],[566.886473764199764,88.80481636710465],[566.703492133237887,80.967887356877327],[566.620813431567512,77.53786797542125],[566.356977680756245,65.582521138712764],[566.276721454341896,62.407846121117473],[566.217073045554571,59.643783812411129],[549.743754838709719,60.155387309379876],[549.803198834590148,62.897245710715652]]]}},
{"type":"Feature","properties":{"height_m":10.17,"lidar_cover":0.91,"ground_z":45.610001},"geometry":{"type":"Polygon","coordinates":[[[539.997623085626401,111.787664917297661],[543.063581804628484,111.714153887704015],[549.705170174129307,111.562298954464495],[552.537287083512638,111.502114024944603],[558.385231338674203,111.368901380337775],[562.554084524686914,111.284933591261506],[567.148845338262618,111.174721519462764],[567.119002726161852,108.910007863305509],[568.798410450457595,108.894074585288763],[568.706218777224422,105.342013129033148],[558.213584299315698,105.608111659996212],[553.451925339410082,105.742118949070573],[552.357596177083906,105.774709450080991],[549.525582381465938,105.845996347256005],[547.111226559674833,105.902217712253332],[545.574068328773137,105.939011838287115],[543.577475840924308,105.991269601508975],[542.441370398330037,106.024258093908429],[540.110567299416289,106.079688801430166],[539.79317256482318,106.093804217875004],[536.601882477058098,106.168506194837391],[536.70265593676595,109.742691983468831],[536.756098577927332,111.851740745827556],[539.621636413910892,111.791233534924686],[539.997623085626401,111.787664917297661]]]}},
{"type":"Feature","properties":{"height_m":10.88,"lidar_cover":0.87,"ground_z":42.73},"geometry":{"type":"Polygon","coordinates":[[[588.788794157910161,168.216126203536987],[588.938684340624604,175.20954779908061],[595.79713339387672,175.022368273697793],[601.945497158332728,174.853031845763326],[601.737659594917204,167.915674394927919],[590.334189066430554,168.168159926310182],[588.788794157910161,168.216126203536987]]]}},
{"type":"Feature","properties":{"height_m":15.85,"lidar_cover":0.91,"ground_z":44.27},"geometry":{"type":"Polygon","coordinates":[[[574.266721560445148,131.281209216453135],[579.655111833184492,131.152373056858778],[580.273294019280002,131.135406150482595],[582.670825652778149,131.068252332508564],[589.604724270582665,130.902558028697968],[595.811717470060103,130.74376405775547],[596.012243150558788,130.741862345486879],[598.635366339120083,130.672574399039149],[600.631952078721952,130.620331751182675],[600.580107224872336,128.677811576984823],[600.422428839490749,123.505343967117369],[599.36152328865137,123.537610456347466],[598.48432785004843,123.557032003998756],[596.295464243448805,123.599995754659176],[595.618794690701179,123.617515951395035],[592.318894112249836,123.693223539739847],[591.358146244077943,123.713438372127712],[591.374882035132032,128.12114084046334],[589.2108749311883,128.141665169969201],[589.052414549514651,123.768615649081767],[587.531970586744137,123.805242412723601],[582.151930070482194,123.933993382379413],[580.481091740890406,123.972048199735582],[579.562120132381096,123.991868321783841],[578.726700973405968,124.010895982384682],[574.115237810998224,124.121259325183928],[571.926479683141224,124.175332380458713],[569.186275431362446,124.234637819230556],[569.266951853991486,127.453720857389271],[570.093804720730986,127.412567514926195],[570.123261600849219,131.398238373920321],[574.266721560445148,131.281209216453135]]]}},
{"type":"Feature","properties":{"height_m":3.1800001,"lidar_cover":0.99,"ground_z":45.18},"geometry":{"type":"Polygon","coordinates":[[[565.126909395679832,137.618868354707956],[567.616451699170284,137.561939433217049],[569.512772747199051,137.510639421641827],[569.363040425349027,131.416553714312613],[565.018844224337954,131.513284396380186],[565.126909395679832,137.618868354707956]]]}},
{"type":"Feature","properties":{"height_m":13.35,"lidar_cover":0.81,"ground_z":42.709999},"geometry":{"type":"Polygon","coordinates":[[[559.150960458791815,170.051703756675124],[557.798262158234138,170.153362835757434],[557.866828934289515,172.095724399201572],[557.898425980703905,172.783806039951742],[558.021515565691516,176.06910439953208],[559.533593338390347,176.032550575211644],[562.733102453523315,175.946677130647004],[564.403823432105128,175.89751613792032],[565.773757764545735,175.85120936948806],[565.692413880780805,173.442646076902747],[565.632836405595299,171.566816749051213],[564.25412472494645,171.568795098923147],[564.209150528011378,169.470768691040576],[565.562270358728711,169.413518523797393],[565.383537783403881,163.786030593328178],[562.735677085118368,163.888874359428883],[562.674379982170649,162.712545753456652],[559.642601074359845,162.86344510409981],[559.628385851159692,164.007181433029473],[557.5567179400241,164.071250987239182],[557.691744682961144,167.733935541473329],[559.044864813797176,167.676684156060219],[559.150960458791815,170.051703756675124]]]}},
{"type":"Feature","properties":{"height_m":3.47,"lidar_cover":0.99,"ground_z":45.84},"geometry":{"type":"Polygon","coordinates":[[[574.06570035777986,95.998019708320498],[569.504350998089649,96.107910195365548],[568.476651918841526,96.11766024120152],[568.642112988862209,102.988801160827279],[573.295787249342538,102.922445878386497],[574.214761535637081,102.90262499358505],[574.06570035777986,95.998019708320498]]]}},
{"type":"Feature","properties":{"height_m":21.139999,"lidar_cover":0.92,"ground_z":42.709999},"geometry":{"type":"Polygon","coordinates":[[[573.33859598392155,154.11762954108417],[573.486499851802364,160.900114235468209],[574.572465492936317,160.867606091313064],[574.657808604184538,163.698042629286647],[574.687614286493044,166.839887979440391],[574.758598898595665,169.037593963555992],[573.655713454878423,169.048056768253446],[573.697525246650912,170.813025386072695],[573.745761680649593,173.255211566574872],[573.757276531890966,173.5881901178509],[573.793366175028495,175.630786191672087],[575.388995899236761,175.593443043529987],[581.679291916661896,175.411639991216362],[581.643625741358846,173.41345161292702],[581.609048365266062,170.649151016026735],[581.575593697431032,168.884103120304644],[580.35605147870956,168.92898025829345],[580.301673646725249,166.720013801939785],[580.221633897977881,163.567542070522904],[580.152792745444458,160.714743127115071],[581.38100748200668,160.703092496842146],[581.228441659244709,154.309254428371787],[581.216084669053089,153.88746046461165],[581.163674158917274,150.124065798707306],[581.132782614091411,147.74833273421973],[573.204102716292255,147.867958137765527],[573.324764024000615,153.540408609434962],[573.33859598392155,154.11762954108417]]]}},
{"type":"Feature","properties":{"height_m":18.440001,"lidar_cover":0.87,"ground_z":43.290001},"geometry":{"type":"Polygon","coordinates":[[[581.163674158917274,150.124065798707306],[581.216084669053089,153.88746046461165],[581.228441659244709,154.309254428371787],[582.147409414756112,154.289434470236301],[583.768109480850399,154.251855464652181],[586.424750259728171,154.193347902968526],[587.560953483218327,154.171468152664602],[589.87513598788064,154.127312962897122],[590.819169395719655,154.10725637152791],[591.855004819924943,154.075226301327348],[594.344541468075477,154.018306513316929],[598.588461639417801,153.922544100321829],[601.32865464000497,153.863249661400914],[601.172766522213351,148.879514598287642],[601.058721522218548,144.783616769127548],[598.268604325712658,144.865590535104275],[597.182636251382064,144.898095089942217],[594.141757212695666,144.971345630474389],[591.167825264157727,145.055065425112844],[590.758419473131653,145.058948379941285],[587.792948089423589,145.153692245483398],[587.183017017843667,145.159477350302041],[586.222377303463873,145.190794826485217],[584.175664284732193,145.243517013266683],[581.093114613904618,145.32827122695744],[581.132782614091411,147.74833273421973],[581.163674158917274,150.124065798707306]]]}},
{"type":"Feature","properties":{"height_m":10.98,"lidar_cover":0.9,"ground_z":42.43},"geometry":{"type":"Polygon","coordinates":[[[584.427909672667738,168.313003994524479],[581.56249955605017,168.38459565769881],[581.575593697431032,168.884103120304644],[581.609048365266062,170.649151016026735],[581.643625741358846,173.41345161292702],[581.679291916661896,175.411639991216362],[585.380007173283957,175.309919351711869],[588.938684340624604,175.20954779908061],[588.788794157910161,168.216126203536987],[587.284964627760928,168.241492714732885],[587.336286596138962,170.128503318876028],[585.782431617961265,170.165447564795613],[585.803248837997671,170.598264220170677],[584.46652361593442,170.62204631883651],[584.427909672667738,168.313003994524479]]]}},
{"type":"Feature","properties":{"height_m":16.5,"lidar_cover":0.84,"ground_z":44.48},"geometry":{"type":"Polygon","coordinates":[[[540.63183440908324,152.196298672817647],[544.207443970430177,152.11795049905777],[547.072860485350247,152.046344115398824],[546.966718604788184,147.905959747731686],[549.047167775104754,147.886215630918741],[549.522993741498794,147.837288269773126],[549.554042601492256,151.989488210529089],[553.096231414587237,151.911461602896452],[553.555768120801076,151.907100787386298],[559.545612974790856,151.761438868008554],[564.984224573534448,151.64321783464402],[565.318327758519445,151.628944952040911],[565.17476883000927,144.42450794018805],[559.811664820706937,144.575321022421122],[559.393903759715613,144.579285033047199],[555.492752890568227,144.694023538380861],[553.370948128751479,144.758569932542741],[548.258395693148486,144.895911043509841],[546.946836718358099,144.930564064532518],[542.878581672091968,145.046895273961127],[540.464344315580092,145.114220947027206],[539.837808123440482,145.131270574405789],[537.615740880137309,145.19677323102951],[537.772801480488852,151.179760156199336],[537.808088648540433,152.256409153342247],[540.63183440908324,152.196298672817647]]]}},
{"type":"Feature","properties":{"height_m":14.8,"lidar_cover":0.87,"ground_z":45.419998},"geometry":{"type":"Polygon","coordinates":[[[578.726700973405968,124.010895982384682],[579.562120132381096,123.991868321783841],[580.481091740890406,123.972048199735582],[582.151930070482194,123.933993382379413],[587.531970586744137,123.805242412723601],[587.516633494989946,121.307229759171605],[592.237348444119561,121.262456390075386],[592.318894112249836,123.693223539739847],[595.618794690701179,123.617515951395035],[596.295464243448805,123.599995754659176],[598.48432785004843,123.557032003998756],[599.36152328865137,123.537610456347466],[600.422428839490749,123.505343967117369],[600.370583938143682,121.562823815271258],[600.222524015407544,116.523500141687691],[599.303656741627492,116.554419670253992],[597.607750943512656,116.592708212323487],[596.25441052718088,116.627748407423496],[592.896125278552063,116.715112280100584],[588.443407247483265,116.823960847221315],[581.99420509947231,116.996161280199885],[580.348430924932472,117.033978344872594],[578.944959088461474,117.069497316144407],[578.569078028784133,117.084165839478374],[571.827336992602795,117.248047444969416],[571.926479683141224,124.175332380458713],[574.115237810998224,124.121259325183928],[578.726700973405968,124.010895982384682]]]}},
{"type":"Feature","properties":{"height_m":14.02,"lidar_cover":0.91,"ground_z":45.630001},"geometry":{"type":"Polygon","coordinates":[[[578.944959088461474,117.069497316144407],[580.348430924932472,117.033978344872594],[581.99420509947231,116.996161280199885],[588.443407247483265,116.823960847221315],[588.413113339804113,115.391970870085061],[592.832832397893071,115.327846964821219],[592.896125278552063,116.715112280100584],[596.25441052718088,116.627748407423496],[597.607750943512656,116.592708212323487],[599.303656741627492,116.554419670253992],[600.222524015407544,116.523500141687691],[600.161481576680671,114.492243834771216],[600.014790153421927,109.597245255485177],[597.458501403976697,109.665898717008531],[596.798435784061439,109.672158391214907],[590.073503609281033,109.84696635697037],[587.183004531718325,109.918793239630759],[578.762165315216407,110.131903090514243],[569.982050175836775,110.348431252874434],[570.056339415372349,117.298157767392695],[571.827336992602795,117.248047444969416],[578.569078028784133,117.084165839478374],[578.944959088461474,117.069497316144407]]]}},
{"type":"Feature","properties":{"height_m":15.02,"lidar_cover":0.87,"ground_z":45.02},"geometry":{"type":"Polygon","coordinates":[[[539.837808123440482,145.131270574405789],[540.464344315580092,145.114220947027206],[542.878581672091968,145.046895273961127],[546.946836718358099,144.930564064532518],[548.258395693148486,144.895911043509841],[553.370948128751479,144.758569932542741],[555.492752890568227,144.694023538380861],[559.393903759715613,144.579285033047199],[559.811664820706937,144.575321022421122],[565.17476883000927,144.42450794018805],[567.747755673481151,144.355684372596443],[567.616451699170284,137.561939433217049],[565.126909395679832,137.618868354707956],[559.655182359856553,137.770712048746645],[555.411463426193222,137.888701042160392],[551.961280616349541,137.976956179365516],[549.947986510349438,138.029370873235166],[550.026637757604476,141.914648761041462],[547.027638995321468,141.998624565079808],[546.974051823141053,138.113108806312084],[542.763648682332132,138.21968611702323],[539.64767520368332,138.304775157943368],[537.442210943321697,138.359017308801413],[537.505800048005767,140.656719616614282],[537.615740880137309,145.19677323102951],[539.837808123440482,145.131270574405789]]]}},
{"type":"Feature","properties":{"height_m":14.5,"lidar_cover":0.88,"ground_z":42.939999},"geometry":{"type":"Polygon","coordinates":[[[565.054896135115996,153.807617926038802],[565.383537783403881,163.786030593328178],[565.562270358728711,169.413518523797393],[566.75674688059371,169.368876705877483],[566.802457667188719,171.544616610743105],[565.632836405595299,171.566816749051213],[565.692413880780805,173.442646076902747],[565.773757764545735,175.85120936948806],[572.907927195716184,175.661392111331224],[573.793366175028495,175.630786191672087],[573.757276531890966,173.5881901178509],[573.745761680649593,173.255211566574872],[573.697525246650912,170.813025386072695],[573.655713454878423,169.048056768253446],[573.606634430005215,166.517055186443031],[568.895146696129814,166.650577221997082],[568.795126365788747,163.154104359447956],[573.523221455223393,163.009321832098067],[573.486499851802364,160.900114235468209],[573.33859598392155,154.11762954108417],[573.324764024000615,153.540408609434962],[573.204102716292255,147.867958137765527],[569.778674305242021,147.922661260701716],[569.871392200351693,151.53023258689791],[565.318327758519445,151.628944952040911],[564.984224573534448,151.64321783464402],[565.054896135115996,153.807617926038802]]]}},
{"type":"Feature","properties":{"height_m":6.77,"lidar_cover":0.54,"ground_z":45.509998},"geometry":{"type":"Polygon","coordinates":[[[569.982050175836775,110.348431252874434],[578.762165315216407,110.131903090514243],[587.183004531718325,109.918793239630759],[590.073503609281033,109.84696635697037],[596.798435784061439,109.672158391214907],[597.458501403976697,109.665898717008531],[600.014790153421927,109.597245255485177],[599.87940173438983,105.013021408580244],[599.805476904672105,102.504461559467018],[597.223803989007138,102.540046995505691],[596.613974618725479,102.556933185085654],[593.522735579113942,102.608455335721374],[587.097849440237042,102.702699854038656],[587.117045973835047,106.48861509654671],[575.437544210290071,106.721534250304103],[575.416901744436473,107.188052928075194],[574.205915033526253,107.255055562593043],[574.221642641699873,108.032111123204231],[573.427997955528554,108.05074305832386],[573.295787249342538,102.922445878386497],[568.642112988862209,102.988801160827279],[568.706218777224422,105.342013129033148],[568.798410450457595,108.894074585288763],[568.837590127077419,110.38149487413466],[569.982050175836775,110.348431252874434]]]}},
{"type":"Feature","properties":{"height_m":7.2399998,"lidar_cover":0.98,"ground_z":42.889999},"geometry":{"type":"Polygon","coordinates":[[[590.334189066430554,168.168159926310182],[601.737659594917204,167.915674394927919],[601.592337818234228,163.165000452660024],[601.527610980556346,160.745176556520164],[591.987970912014134,161.046602406539023],[590.091656006057747,161.097896602936089],[590.334189066430554,168.168159926310182]]]}},
{"type":"Feature","properties":{"height_m":15.65,"lidar_cover":0.91,"ground_z":46.75},"geometry":{"type":"Polygon","coordinates":[[[576.670621361641679,80.795610326342285],[576.892981832206715,87.499667478725314],[583.434223730757367,87.337692978791893],[583.26179048436461,80.610956339165568],[583.196741725259926,78.15782705694437],[583.086408588394988,73.573365855030715],[583.065064585825894,73.085039640776813],[582.958206436713226,68.866942011751235],[582.905619780358393,66.8467086115852],[582.773942479107063,61.77392128482461],[582.706998103181832,59.120957423001528],[579.348896789480932,59.230531106702983],[575.957268950995058,59.329321464523673],[576.670621361641679,80.795610326342285]]]}},
{"type":"Feature","properties":{"height_m":7.1900001,"lidar_cover":0.78,"ground_z":43.290001},"geometry":{"type":"Polygon","coordinates":[[[591.987970912014134,161.046602406539023],[601.527610980556346,160.745176556520164],[601.403421206749044,156.460625127889216],[601.32865464000497,153.863249661400914],[598.588461639417801,153.922544100321829],[594.344541468075477,154.018306513316929],[591.855004819924943,154.075226301327348],[590.819169395719655,154.10725637152791],[589.87513598788064,154.127312962897122],[590.091656006057747,161.097896602936089],[591.987970912014134,161.046602406539023]]]}},
{"type":"Feature","properties":{"height_m":14.29,"lidar_cover":0.97,"ground_z":47.82},"geometry":{"type":"Polygon","coordinates":[[[511.645653830724768,66.024082926101983],[511.783761105616577,70.008722211234272],[511.887315153609961,72.99442620947957],[511.999540696735494,76.013356665149331],[512.19713370827958,81.862722884863615],[512.333764862210955,85.691935307346284],[512.801450271392241,85.665288769640028],[512.998332415882032,90.559810116887093],[521.32644282624824,90.25868112873286],[524.058093879139051,90.177233183756471],[526.254901363630779,90.089760675095022],[526.097620706015732,84.084570584818721],[526.070897856960073,83.030046268366277],[526.034449611208402,81.83127623423934],[525.885629499214701,75.837108829058707],[525.475769103155471,60.829843646846712],[521.674942398560233,60.954749936237931],[511.475101544929203,61.262546884827316],[511.645653830724768,66.024082926101983]]]}},
{"type":"Feature","properties":{"height_m":14.66,"lidar_cover":0.87,"ground_z":47.23},"geometry":{"type":"Polygon","coordinates":[[[506.15550597908441,102.960138012655079],[508.995876116736326,102.88875480927527],[509.89813986828085,102.86908442620188],[511.142969696840737,102.846161392517388],[512.437825735367369,102.811660641804338],[517.283249967091251,102.699036937206984],[519.355040763795841,102.646057990379632],[521.811068610171787,102.578328832052648],[524.392530934477691,102.520512627437711],[526.581295574724209,102.466425268910825],[526.412919661437627,96.172664303332567],[526.254901363630779,90.089760675095022],[524.058093879139051,90.177233183756471],[521.32644282624824,90.25868112873286],[512.998332415882032,90.559810116887093],[512.062856819247827,90.602001281455159],[508.53777022450231,90.724296643398702],[505.622514023561962,90.829699821770191],[504.853933314618189,90.848101234063506],[497.595089313690551,91.116888333112001],[495.815835609624628,91.17819803301245],[496.055799483845476,98.848041938617826],[496.180789668811485,103.21030542626977],[499.547541701002046,103.133919298648834],[502.153964201977942,103.064755181781948],[506.15550597908441,102.960138012655079]]]}},
{"type":"Feature","properties":{"height_m":2.9300001,"lidar_cover":0.75,"ground_z":45.689999},"geometry":{"type":"Polygon","coordinates":[[[502.335882567684166,109.902430949732661],[510.13039331935579,109.728488131426275],[509.89813986828085,102.86908442620188],[508.995876116736326,102.88875480927527],[506.15550597908441,102.960138012655079],[502.153964201977942,103.064755181781948],[502.195055313408375,104.752009936608374],[502.274180056876503,107.804563597775996],[502.335882567684166,109.902430949732661]]]}},
{"type":"Feature","properties":{"height_m":22.6,"lidar_cover":0.91,"ground_z":45.34},"geometry":{"type":"Polygon","coordinates":[[[482.464878400205635,163.518456521444023],[482.924098040442914,163.480785428546369],[487.718084937136155,163.235394502058625],[488.75360256084241,163.170043865218759],[490.382339457399212,163.099058764986694],[491.99415508157108,163.006028893403709],[494.157308559864759,162.896659933961928],[497.247467652778141,162.734075729735196],[497.076037152903154,158.760855408385396],[497.065860557020642,155.929705264978111],[493.566187877673656,156.085076047107577],[491.887318131746724,156.156536562368274],[489.272875933442265,156.259089760482311],[483.008367679431103,156.518448363058269],[482.223294465336949,156.559214859269559],[480.235387638094835,156.644716694951057],[480.432162467506714,162.405267646536231],[480.477078950963914,163.615060242824256],[482.464878400205635,163.518456521444023]]]}},
{"type":"Feature","properties":{"height_m":16.57,"lidar_cover":0.9,"ground_z":43.919998},"geometry":{"type":"Polygon","coordinates":[[[497.312676651636139,164.321175219491124],[497.388349611370359,166.130233909934759],[497.527544464275707,169.348761271685362],[497.634609263564926,171.823697566054761],[497.666528360452503,172.545084794983268],[497.742622965306509,174.398551221005619],[497.883399197133258,177.783607539720833],[503.020782882813364,177.623788637109101],[508.851646984927356,177.457388190552592],[508.819123337685596,175.792257744818926],[508.785018359893002,173.960598393343389],[508.726190938847139,171.285351241007447],[508.705923079978675,170.030912784859538],[508.573271419736557,163.98107644636184],[505.223468968179077,164.079503890126944],[505.097376935067587,161.360483830794692],[508.522588313906454,161.283546143211424],[508.456908421998378,157.886673777364194],[499.327408956130967,158.262047681957483],[499.39867890678579,158.727693825960159],[497.076037152903154,158.760855408385396],[497.247467652778141,162.734075729735196],[497.312676651636139,164.321175219491124]]]}},
{"type":"Feature","properties":{"height_m":17.059999,"lidar_cover":0.88,"ground_z":43.919998},"geometry":{"type":"Polygon","coordinates":[[[511.063144780346192,166.599930433556437],[511.111796857789159,169.963655744679272],[513.317146039917134,169.898303518071771],[516.432895018428098,169.790999108925462],[524.193288061651401,169.550776405259967],[526.33179585787002,169.486062721349299],[528.378396556014195,169.42222215142101],[528.312696685141418,166.902481245808303],[528.195343239698559,162.462424213066697],[526.073332973115612,162.504774825647473],[511.018420349340886,162.769844859838486],[511.063144780346192,166.599930433556437]]]}},
{"type":"Feature","properties":{"height_m":7.2600002,"lidar_cover":0.95,"ground_z":48.48},"geometry":{"type":"Polygon","coordinates":[[[503.776633772649802,73.315706730820239],[504.047374734072946,80.707685072906315],[509.234115882893093,80.458579977974296],[509.182032053475268,82.013484297320247],[512.19713370827958,81.862722884863615],[511.999540696735494,76.013356665149331],[511.887315153609961,72.99442620947957],[511.783761105616577,70.008722211234272],[511.645653830724768,66.024082926101983],[511.475101544929203,61.262546884827316],[507.306641155853868,61.390951462090015],[503.322103284124751,61.52871479652822],[503.655522350454703,70.241346090100706],[503.757182083441876,73.027215350419283],[503.776633772649802,73.315706730820239]]]}},
{"type":"Feature","properties":{"height_m":23.120001,"lidar_cover":0.88,"ground_z":48.75},"geometry":{"type":"Polygon","coordinates":[[[489.606944617407862,63.868452628143132],[489.665171009371988,65.599956229329109],[489.686837669927627,66.121588014997542],[489.882234355434775,71.73781331628561],[489.952084850228857,73.813397280871868],[489.964341706945561,74.224089176394045],[490.135224462370388,79.018930752761662],[490.240790934476536,82.215571182779968],[490.472641294705682,89.03056656382978],[492.452211496187374,88.945147133432329],[497.505472799297422,88.719507114961743],[497.240840507729445,81.971440550871193],[497.126710958953481,78.752675557509065],[497.085382022836711,77.920348523184657],[497.074285372509621,77.63177780341357],[497.006229347258341,75.744926520623267],[496.907202935661189,73.236605456098914],[496.797290692687966,70.461917537264526],[496.728285655030049,68.475148945115507],[496.685269662062638,67.465191115625203],[496.641410166455898,66.366417882964015],[496.628099320922047,65.844706729054451],[496.531181488884613,63.55842421669513],[496.463757926481776,61.738184533081949],[493.239237906935159,61.835426659323275],[489.546925601316616,61.948216293007135],[489.606944617407862,63.868452628143132]]]}},
{"type":"Feature","properties":{"height_m":11.08,"lidar_cover":0.9,"ground_z":48.459999},"geometry":{"type":"Polygon","coordinates":[[[496.641410166455898,66.366417882964015],[496.685269662062638,67.465191115625203],[496.728285655030049,68.475148945115507],[496.797290692687966,70.461917537264526],[499.311500283365604,70.360319634899497],[499.404911818215623,73.157370128668845],[496.907202935661189,73.236605456098914],[497.006229347258341,75.744926520623267],[497.074285372509621,77.63177780341357],[497.085382022836711,77.920348523184657],[497.126710958953481,78.752675557509065],[497.240840507729445,81.971440550871193],[497.505472799297422,88.719507114961743],[497.595089313690551,91.116888333112001],[504.853933314618189,90.848101234063506],[504.573810385947581,82.468051354400814],[504.114374656230211,82.483517153188586],[504.082139809092041,81.728824222460389],[504.047374734072946,80.707685072906315],[503.776633772649802,73.315706730820239],[503.757182083441876,73.027215350419283],[503.655522350454703,70.241346090100706],[503.322103284124751,61.52871479652822],[498.936404826934449,61.659187148325145],[496.463757926481776,61.738184533081949],[496.531181488884613,63.55842421669513],[496.628099320922047,65.844706729054451],[496.641410166455898,66.366417882964015]]]}},
{"type":"Feature","properties":{"height_m":13.94,"lidar_cover":0.93,"ground_z":46.34},"geometry":{"type":"Polygon","coordinates":[[[524.583099719486199,109.391415152698755],[526.771967672044411,109.348429753445089],[526.680282315821387,105.851878211833537],[526.581295574724209,102.466425268910825],[524.392530934477691,102.520512627437711],[521.811068610171787,102.578328832052648],[519.355040763795841,102.646057990379632],[519.432289417018183,104.621645571663976],[517.344421088811941,104.741394716314971],[517.283249967091251,102.699036937206984],[512.437825735367369,102.811660641804338],[511.142969696840737,102.846161392517388],[511.358406026847661,109.694621866568923],[511.8429058190668,109.678918500430882],[522.252297717903275,109.446851630695164],[524.583099719486199,109.391415152698755]]]}},
{"type":"Feature","properties":{"height_m":13.21,"lidar_cover":0.94,"ground_z":43.560001},"geometry":{"type":"Polygon","coordinates":[[[508.819123337685596,175.792257744818926],[508.851646984927356,177.457388190552592],[518.658630206191447,177.153313902206719],[528.574231360165868,176.848221803084016],[528.378396556014195,169.42222215142101],[526.33179585787002,169.486062721349299],[524.193288061651401,169.550776405259967],[516.432895018428098,169.790999108925462],[513.317146039917134,169.898303518071771],[511.111796857789159,169.963655744679272],[508.705923079978675,170.030912784859538],[508.726190938847139,171.285351241007447],[508.785018359893002,173.960598393343389],[508.819123337685596,175.792257744818926]]]}},
{"type":"Feature","properties":{"height_m":5.3,"lidar_cover":0.82,"ground_z":45.259998},"geometry":{"type":"Polygon","coordinates":[[[515.701750592212193,136.788936481811106],[516.461760371923447,136.748411640524864],[518.817303045943845,136.659429426304996],[522.676471145241521,136.522863950580359],[524.61435776570579,136.448951703496277],[527.49617475195555,136.343873218633235],[527.433425606810488,134.134986389428377],[527.33994884690037,130.449701960198581],[527.298547384270933,128.729141287505627],[524.842739202314988,128.819072547368705],[522.871429575490765,128.893301998265088],[515.445413305307738,129.152556180022657],[515.656102107081097,135.501430300995708],[513.40082185913343,135.589461537078023],[513.281933299382217,129.228612863458693],[512.454975407861639,129.258670778945088],[502.865690658101812,129.616199315525591],[502.892311502073426,130.659621736034751],[502.928869021241553,131.869493715465069],[503.063449186971411,137.242032828740776],[506.012107575137634,137.136311016045511],[507.657666308106855,137.076273124665022],[512.118199884542264,136.91178569663316],[515.701750592212193,136.788936481811106]]]}},
{"type":"Feature","properties":{"height_m":18.91,"lidar_cover":0.88,"ground_z":44.810001},"geometry":{"type":"Polygon","coordinates":[[[491.777025254676118,177.974839529953897],[497.883399197133258,177.783607539720833],[497.742622965306509,174.398551221005619],[497.666528360452503,172.545084794983268],[494.608950669178739,172.618536031804979],[494.557604501373135,170.731525786221027],[494.595187879633158,169.409920287318528],[497.527544464275707,169.348761271685362],[497.388349611370359,166.130233909934759],[494.357100123772398,166.336670291610062],[494.157308559864759,162.896659933961928],[491.99415508157108,163.006028893403709],[490.382339457399212,163.099058764986694],[488.75360256084241,163.170043865218759],[487.718084937136155,163.235394502058625],[482.924098040442914,163.480785428546369],[482.464878400205635,163.518456521444023],[480.477078950963914,163.615060242824256],[480.723199530155398,171.051684823818505],[480.967421478708275,178.288474797271192],[491.777025254676118,177.974839529953897]]]}},
{"type":"Feature","properties":{"height_m":17.940001,"lidar_cover":0.84,"ground_z":47.400002},"geometry":{"type":"Polygon","coordinates":[[[482.954100033035502,110.341883614659309],[484.223994376137853,110.318717826157808],[486.588217119162437,110.262951635755599],[486.847230237675831,110.260491355322301],[489.645821171929128,110.189497334882617],[491.675938927917741,110.14800916146487],[494.048516993178055,110.092166050337255],[495.711003247066401,110.054170658811927],[498.985844209848437,109.978657118044794],[502.335882567684166,109.902430949732661],[502.274180056876503,107.804563597775996],[499.692508757056203,107.840183867141604],[499.596883254940622,104.809992771595716],[502.195055313408375,104.752009936608374],[502.153964201977942,103.064755181781948],[499.547541701002046,103.133919298648834],[496.180789668811485,103.21030542626977],[495.537644766271114,103.238619479350746],[492.880985276482534,103.297160193324089],[489.681338719383348,103.37196221575141],[486.76577136956621,103.444067281670868],[486.11416578234639,103.461359608918428],[482.037426904251333,103.566702193580568],[478.461793340218719,103.645080804824829],[478.610277951287571,107.840577131137252],[478.693549282674212,110.44897423684597],[481.934969009249471,110.373770467936993],[482.954100033035502,110.341883614659309]]]}},
{"type":"Feature","properties":{"height_m":3.4100001,"lidar_cover":0.93,"ground_z":47.290001},"geometry":{"type":"Polygon","coordinates":[[[512.333764862210955,85.691935307346284],[508.358017318882048,85.874024405144155],[508.53777022450231,90.724296643398702],[512.062856819247827,90.602001281455159],[512.998332415882032,90.559810116887093],[512.801450271392241,85.665288769640028],[512.333764862210955,85.691935307346284]]]}},
{"type":"Feature","properties":{"height_m":22.33,"lidar_cover":0.8,"ground_z":46.639999},"geometry":{"type":"Polygon","coordinates":[[[482.412922199699096,125.502521643415093],[486.430951089947484,125.375530815683305],[492.102896704804152,125.188421462662518],[496.10410989378579,125.050492801703513],[497.32376474008197,125.016703475266695],[499.478890697937459,124.940721383318305],[502.736698142718524,124.832062377594411],[502.517168214777485,116.673495233990252],[499.2008703147294,116.782709739170969],[495.89282229624223,116.88074448518455],[494.205482734250836,116.94118177331984],[490.8138822663459,117.040012397803366],[487.706465942552313,117.147248198278248],[484.63236524030799,117.243065942078829],[482.151382148964331,117.322147822938859],[478.926886976114474,117.419396640732884],[479.089632611488923,122.236521582119167],[479.205246628960595,125.610713573172688],[482.078817887115292,125.516798342578113],[482.412922199699096,125.502521643415093]]]}},
{"type":"Feature","properties":{"height_m":15.01,"lidar_cover":0.89,"ground_z":44.779999},"geometry":{"type":"Polygon","coordinates":[[[506.548021827824414,153.974363849498332],[509.438186931365635,153.869198738597333],[512.47874589683488,153.762606757692993],[516.905848374415655,153.598439493216574],[519.186294060840737,153.521273224614561],[525.025216714770067,153.321500953286886],[525.735198911221232,153.292554911226034],[527.948803034320008,153.216025964356959],[527.847182046505623,149.553024594672024],[527.766381733643357,146.322839763015509],[527.72698278905591,144.813215657137334],[527.676804603135679,143.048326555639505],[527.562612594338134,138.941327490843832],[527.49617475195555,136.343873218633235],[524.61435776570579,136.448951703496277],[522.676471145241521,136.522863950580359],[518.817303045943845,136.659429426304996],[516.461760371923447,136.748411640524864],[515.701750592212193,136.788936481811106],[512.118199884542264,136.91178569663316],[507.657666308106855,137.076273124665022],[507.922656421840657,145.623011350631714],[506.334848206257448,145.604780326597393],[506.012107575137634,137.136311016045511],[503.063449186971411,137.242032828740776],[503.515712766442448,154.069777052849531],[506.548021827824414,153.974363849498332]]]}},
{"type":"Feature","properties":{"height_m":14.86,"lidar_cover":0.96,"ground_z":44.349998},"geometry":{"type":"Polygon","coordinates":[[[526.073332973115612,162.504774825647473],[528.195343239698559,162.462424213066697],[528.117599404708017,159.554195200093091],[527.948803034320008,153.216025964356959],[525.735198911221232,153.292554911226034],[525.025216714770067,153.321500953286886],[519.186294060840737,153.521273224614561],[516.905848374415655,153.598439493216574],[512.47874589683488,153.762606757692993],[509.438186931365635,153.869198738597333],[509.643874854664318,157.930917306803167],[508.456908421998378,157.886673777364194],[508.522588313906454,161.283546143211424],[508.553846928174607,162.815453423187137],[511.018420349340886,162.769844859838486],[526.073332973115612,162.504774825647473]]]}},
{"type":"Feature","properties":{"height_m":23.02,"lidar_cover":0.9,"ground_z":46.34},"geometry":{"type":"Polygon","coordinates":[[[482.127177013200708,132.366845906712115],[484.482931851525791,132.300056380219758],[488.543154963466804,132.217077551409602],[490.982462229789235,132.149496522732079],[492.243997502024285,132.126411453820765],[496.312470502860378,132.03225570358336],[497.481992751825601,131.998942507430911],[499.704274824995082,131.955631423741579],[502.928869021241553,131.869493715465069],[502.892311502073426,130.659621736034751],[500.686950374627486,130.724976995028555],[500.542775336070918,127.861790775321424],[499.53147482755594,127.838086195290089],[499.478890697937459,124.940721383318305],[497.32376474008197,125.016703475266695],[496.10410989378579,125.050492801703513],[492.102896704804152,125.188421462662518],[486.430951089947484,125.375530815683305],[482.412922199699096,125.502521643415093],[482.078817887115292,125.516798342578113],[479.205246628960595,125.610713573172688],[479.335860157385468,129.684247598052025],[479.42875204491429,132.425788543187082],[482.127177013200708,132.366845906712115]]]}},
{"type":"Feature","properties":{"height_m":21.75,"lidar_cover":0.88,"ground_z":47.220001},"geometry":{"type":"Polygon","coordinates":[[[482.151382148964331,117.322147822938859],[484.63236524030799,117.243065942078829],[487.706465942552313,117.147248198278248],[490.8138822663459,117.040012397803366],[494.205482734250836,116.94118177331984],[495.89282229624223,116.88074448518455],[499.2008703147294,116.782709739170969],[502.517168214777485,116.673495233990252],[502.431480598461349,113.809753624722362],[502.335882567684166,109.902430949732661],[498.985844209848437,109.978657118044794],[495.711003247066401,110.054170658811927],[494.048516993178055,110.092166050337255],[491.675938927917741,110.14800916146487],[489.645821171929128,110.189497334882617],[486.847230237675831,110.260491355322301],[486.588217119162437,110.262951635755599],[484.223994376137853,110.318717826157808],[482.954100033035502,110.341883614659309],[481.934969009249471,110.373770467936993],[478.693549282674212,110.44897423684597],[478.833151157363318,114.589040348306298],[478.926886976114474,117.419396640732884],[482.151382148964331,117.322147822938859]]]}},
{"type":"Feature","properties":{"height_m":21.83,"lidar_cover":0.94,"ground_z":40.560001},"geometry":{"type":"Polygon","coordinates":[[[837.190636833140161,6.026785442605615],[837.49562068306841,16.194173277355731],[837.790360351151321,26.161805608309805],[849.117807877366431,25.799404262565076],[848.71936936757993,23.42714512348175],[847.762025052332319,17.618263303302228],[846.391535591159482,17.609006660059094],[846.284799357003067,15.15627106372267],[845.457513156929053,15.152984965592623],[845.369690233143046,12.93323187995702],[844.776668818143662,12.961041078902781],[844.672869242669549,10.819159368984401],[846.619146358338185,10.74525488819927],[845.794682398089208,5.734527671709657],[845.360512582294177,3.118342247791588],[843.591479749069549,3.379321780055761],[843.408804198086727,-1.804013116285205],[844.536676447372884,-1.825773247517645],[843.774474086065311,-6.437383581884205],[842.879806488985196,-11.802740313112736],[842.729120193282142,-16.253585027530789],[838.829454988939688,-15.972471598535776],[836.524727698299102,-15.806354536674917],[837.190636833140161,6.026785442605615]]]}},
{"type":"Feature","properties":{"height_m":23.16,"lidar_cover":0.96,"ground_z":39.810001},"geometry":{"type":"Polygon","coordinates":[[[851.224314225488342,5.538888718001544],[852.174665238941088,11.492174817249179],[853.427242794947233,19.363409889861941],[853.667207141465042,20.882242048159242],[853.915946303692181,22.445402971468866],[854.040263404895086,23.221432476304471],[854.422409010119736,25.638257455080748],[858.04789867112413,25.526285810396075],[859.325953276245855,25.480903280898929],[858.82826760871103,22.332377240993083],[858.570544868533034,20.702683554962277],[858.339356432843488,19.228180007077754],[857.787866962666158,15.691560343839228],[856.018836834991816,15.952536876313388],[856.256283525610343,17.20492294523865],[854.053194441716187,17.514412328600883],[853.447479942813516,13.545291597954929],[857.369783432397526,13.008604810573161],[857.014487388718408,10.78027561865747],[856.169544109085109,5.370035943575203],[853.022103834431618,-14.674297002144158],[848.070812551130075,-14.261120997369289],[848.799066782463342,-9.704704128205776],[851.224314225488342,5.538888718001544]]]}},
{"type":"Feature","properties":{"height_m":22.24,"lidar_cover":0.98,"ground_z":39.970001},"geometry":{"type":"Polygon","coordinates":[[[845.794682398089208,5.734527671709657],[846.619146358338185,10.74525488819927],[847.168124074116349,14.015427581034601],[849.679733245866373,13.636403664015234],[850.037653765117284,16.142280615866184],[847.58474279998336,16.542955647222698],[847.762025052332319,17.618263303302228],[848.71936936757993,23.42714512348175],[849.117807877366431,25.799404262565076],[850.404322659422178,25.76504313480109],[854.422409010119736,25.638257455080748],[854.040263404895086,23.221432476304471],[853.915946303692181,22.445402971468866],[853.667207141465042,20.882242048159242],[853.427242794947233,19.363409889861941],[852.174665238941088,11.492174817249179],[851.224314225488342,5.538888718001544],[848.799066782463342,-9.704704128205776],[848.070812551130075,-14.261120997369289],[846.224583706469275,-14.210368200205266],[844.454182885179762,-14.093713933601975],[844.282281044637784,-16.368187036365271],[842.729120193282142,-16.253585027530789],[842.879806488985196,-11.802740313112736],[843.774474086065311,-6.437383581884205],[844.536676447372884,-1.825773247517645],[845.360512582294177,3.118342247791588],[845.794682398089208,5.734527671709657]]]}},
{"type":"Feature","properties":{"height_m":21.120001,"lidar_cover":0.91,"ground_z":39.040001},"geometry":{"type":"Polygon","coordinates":[[[885.112407248700038,12.158114925958216],[885.187700793845579,14.822103076614439],[887.267662874772213,14.746947085484862],[887.352600511163473,18.432312197983265],[885.289140537206549,18.485106525011361],[885.36736951128114,21.459948553703725],[885.379499067901634,21.859538890421391],[885.456050590611994,24.656750163063407],[890.68545459775487,24.496340083889663],[897.309888639312703,24.289453512988985],[896.77039081644034,4.320407092571259],[894.573135925165843,4.363359021022916],[894.038496528926771,4.379510008729994],[889.769422298239078,4.475334662944078],[888.945855588011909,9.290672671981156],[885.036589484021533,9.438617172650993],[885.112407248700038,12.158114925958216]]]}},
{"type":"Feature","properties":{"height_m":17.49,"lidar_cover":0.9,"ground_z":44.07},"geometry":{"type":"Polygon","coordinates":[[[680.782220716122538,-4.395806964486837],[680.87566726555815,-1.587653368711472],[681.397618307208177,15.583619963377714],[681.854237474675756,30.268458403646946],[688.804733388184104,30.080498277209699],[706.564952411572449,29.568131443113089],[706.273185265483335,19.933559944853187],[706.223260969680268,18.190874313004315],[706.125094164046459,14.883133848197758],[705.954300732468255,9.200056351721287],[705.640461217088159,-1.000554724596441],[705.575243874336593,-3.475888147950172],[711.974211487104185,-3.669706280343235],[711.924971374624874,-6.222911395132542],[711.787025674129836,-12.850047796033323],[711.651287095621228,-19.24404373858124],[704.82628499798011,-19.035088961012661],[695.277945789857768,-18.744825131259859],[692.236682428163476,-18.704922459088266],[687.17477719055023,-18.501544191502035],[680.358131407934707,-18.292645446024835],[680.782220716122538,-4.395806964486837]]]}},
{"type":"Feature","properties":{"height_m":6.8,"lidar_cover":0.78,"ground_z":42.860001},"geometry":{"type":"Polygon","coordinates":[[[732.168203178502154,13.692854974418879],[727.581420306407381,13.769576588645577],[727.606117179035209,14.613164631649852],[727.751566261809785,19.386042888276279],[727.862176681112032,23.126679500564933],[728.042779388080817,28.965105277486145],[731.125273960700724,28.869312389753759],[731.484554116032086,28.865911939181387],[732.553829082055017,28.83358592633158],[732.501284273865167,26.813352066092193],[732.188326799485367,14.936191362328827],[732.168203178502154,13.692854974418879]]]}},
{"type":"Feature","properties":{"height_m":13.26,"lidar_cover":0.96,"ground_z":43.259998},"geometry":{"type":"Polygon","coordinates":[[[705.954300732468255,9.200056351721287],[706.125094164046459,14.883133848197758],[706.223260969680268,18.190874313004315],[706.273185265483335,19.933559944853187],[706.564952411572449,29.568131443113089],[712.980811694520526,29.396359467878938],[716.514495039591566,29.29628888797015],[716.345076037221588,23.757536134682596],[716.311391899478622,22.847415656782687],[716.246493464161176,20.40538786444813],[716.077599753043614,14.922144806943834],[715.886950437328778,8.906167650595307],[715.650477792369202,1.580479951575398],[715.564979743154254,-1.272160736843944],[715.147315468289889,-1.257103902287781],[712.022926072590053,-1.172010776586831],[705.640461217088159,-1.000554724596441],[705.954300732468255,9.200056351721287]]]}},
{"type":"Feature","properties":{"height_m":23.6,"lidar_cover":0.98,"ground_z":42.580002},"geometry":{"type":"Polygon","coordinates":[[[732.525770428357646,27.634736286476254],[732.553829082055017,28.83358592633158],[739.537642983952537,28.634256333112717],[744.574975102383178,28.486661122180521],[744.067454655014444,14.590610346756876],[741.185377730696928,14.67339806817472],[740.867873719893396,14.676402682438493],[738.963269907457288,14.738838360644877],[732.188326799485367,14.936191362328827],[732.501284273865167,26.813352066092193],[732.525770428357646,27.634736286476254]]]}},
{"type":"Feature","properties":{"height_m":24.85,"lidar_cover":0.85,"ground_z":42.540001},"geometry":{"type":"Polygon","coordinates":[[[738.963269907457288,14.738838360644877],[740.867873719893396,14.676402682438493],[741.185377730696928,14.67339806817472],[744.067454655014444,14.590610346756876],[743.838637483597267,5.421765489503741],[743.651379979623016,-2.004314447753131],[740.710598605743144,-1.943177006207407],[739.666385240852833,-1.911089466884732],[738.288061431376263,-1.864736989140511],[735.648179141513538,-1.795342141762376],[732.465196676959749,-1.72080625128001],[732.736591036664322,8.413589369505644],[732.001738238788676,8.464955992996693],[732.168203178502154,13.692854974418879],[732.188326799485367,14.936191362328827],[738.963269907457288,14.738838360644877]]]}},
{"type":"Feature","properties":{"height_m":9.6599998,"lidar_cover":0.98,"ground_z":43.0},"geometry":{"type":"Polygon","coordinates":[[[716.077599753043614,14.922144806943834],[716.246493464161176,20.40538786444813],[717.767379618948326,20.413196123205125],[717.831541868799832,22.777510454878211],[716.311391899478622,22.847415656782687],[716.345076037221588,23.757536134682596],[716.514495039591566,29.29628888797015],[718.911955636402126,29.218078730627894],[721.184191074804403,29.152157669886947],[723.506663740379736,29.096864712424576],[723.248182088020258,20.328005609102547],[723.077822458930314,14.689335519447923],[723.026851339382119,12.835630595684052],[721.005271899572108,12.89917825255543],[721.073689910350367,14.830438451841474],[716.077599753043614,14.922144806943834]]]}},
{"type":"Feature","properties":{"height_m":7.85,"lidar_cover":0.87,"ground_z":42.880001},"geometry":{"type":"Polygon","coordinates":[[[727.862176681112032,23.126679500564933],[727.751566261809785,19.386042888276279],[727.606117179035209,14.613164631649852],[723.077822458930314,14.689335519447923],[723.248182088020258,20.328005609102547],[723.506663740379736,29.096864712424576],[725.98767795227468,29.01786600984633],[728.042779388080817,28.965105277486145],[727.862176681112032,23.126679500564933]]]}},
{"type":"Feature","properties":{"height_m":21.52,"lidar_cover":0.91,"ground_z":45.200001},"geometry":{"type":"Polygon","coordinates":[[[632.455869676719885,12.061387456022203],[632.510231263237074,14.270353594794869],[632.611693764978554,17.922253117896616],[632.784712138352916,24.71560128685087],[632.799591542687267,25.403841405175626],[632.850059669581242,27.202036385424435],[632.900527785357554,29.000231370329857],[632.967874587571714,31.697603049688041],[641.271409617504105,31.441258325241506],[646.893508611887228,31.276950251311064],[646.820020958606619,28.81279809679836],[646.809456296556164,28.579736861400306],[646.687502841698006,24.528326247818768],[646.638405825709924,22.874456238001585],[646.538844093272928,19.422391211614013],[646.402538420108613,14.738250155933201],[646.377306047943421,13.839152655564249],[646.315434966993053,11.719081036746502],[646.302766173845157,11.263981327414513],[646.023377160192467,2.062307407148182],[645.985055113153066,0.66370252892375],[642.409160227223765,0.719795612618327],[642.436918150749989,1.885339261032641],[635.560646839556284,1.972713581286371],[635.516282256809063,0.818430249579251],[634.956471381650772,0.823736034333706],[632.165982843260281,0.872390259057283],[632.455869676719885,12.061387456022203]]]}},
{"type":"Feature","properties":{"height_m":21.57,"lidar_cover":0.87,"ground_z":45.82},"geometry":{"type":"Polygon","coordinates":[[[607.402526303485502,12.765215026214719],[608.015284509572666,32.444886717014015],[630.637152698880527,31.764106213115156],[632.967874587571714,31.697603049688041],[632.900527785357554,29.000231370329857],[632.850059669581242,27.202036385424435],[632.799591542687267,25.403841405175626],[632.784712138352916,24.71560128685087],[632.611693764978554,17.922253117896616],[632.510231263237074,14.270353594794869],[629.160464232088998,14.379824694246054],[628.992640935524832,7.253339756280184],[627.437909062835388,7.201459226198494],[627.270568410051055,1.007615201175213],[626.501978124608286,1.026003567501903],[623.61154073709622,1.108917276374996],[623.636249735427555,1.95250509493053],[622.283098323910963,2.009744002483785],[622.216506995901,1.155450291931629],[618.490636325615924,1.257388606667519],[610.554388058837503,1.476967624388635],[607.054113002843224,1.576772914268076],[607.127508927951567,4.029822804033756],[607.402526303485502,12.765215026214719]]]}},
{"type":"Feature","properties":{"height_m":22.24,"lidar_cover":0.9,"ground_z":44.869999},"geometry":{"type":"Polygon","coordinates":[[[646.315434966993053,11.719081036746502],[646.377306047943421,13.839152655564249],[646.402538420108613,14.738250155933201],[646.538844093272928,19.422391211614013],[649.947096428542864,19.312373913824558],[650.021800852031447,22.786880335770547],[646.638405825709924,22.874456238001585],[646.687502841698006,24.528326247818768],[646.809456296556164,28.579736861400306],[646.820020958606619,28.81279809679836],[646.893508611887228,31.276950251311064],[650.159819593885913,31.179380932822824],[653.893925092997961,31.066277648322284],[653.828795179142617,28.602046282030642],[653.778647850849666,26.83715698774904],[653.767031468101777,26.493076503276825],[652.764283517899457,26.49147502053529],[652.770895422785543,25.425531943328679],[653.739801313029602,25.38304241001606],[653.664738078950904,22.752361370250583],[653.564127755933441,19.189277049154043],[653.513244008179754,17.346674311906099],[652.553113191854209,17.433492387644947],[652.650897793122567,16.288964973762631],[653.486750185082201,16.314353703521192],[653.473871453199536,15.837050133384764],[653.358173222921323,11.563521878793836],[653.345820456626825,11.141727934591472],[653.333046911400743,10.675526293925941],[653.246682718046941,7.734070613048971],[653.154532788204961,4.182009127922356],[653.091401364537887,1.928714418783784],[646.023377160192467,2.062307407148182],[646.302766173845157,11.263981327414513],[646.315434966993053,11.719081036746502]]]}},
{"type":"Feature","properties":{"height_m":24.0,"lidar_cover":0.95,"ground_z":44.41},"geometry":{"type":"Polygon","coordinates":[[[658.15073569631204,4.101361325010657],[658.1901072623441,5.610985489562154],[656.218763450800907,5.685178168118],[657.089946198975667,7.675449538975954],[653.246682718046941,7.734070613048971],[653.333046911400743,10.675526293925941],[653.345820456626825,11.141727934591472],[655.385268056998029,11.200124200433493],[655.520936758490279,15.817653784528375],[653.473871453199536,15.837050133384764],[653.486750185082201,16.314353703521192],[653.513244008179754,17.346674311906099],[653.564127755933441,19.189277049154043],[653.664738078950904,22.752361370250583],[653.739801313029602,25.38304241001606],[653.767031468101777,26.493076503276825],[653.778647850849666,26.83715698774904],[653.828795179142617,28.602046282030642],[653.893925092997961,31.066277648322284],[655.848656460933853,31.003344507887959],[672.00475033686962,30.517195022664964],[671.416601401113439,10.770671088248491],[671.266487798071466,5.509308925829828],[671.108544544549659,0.303535575047135],[669.17020009458065,0.333000413142145],[667.114880241279025,0.363573923707008],[666.279341613466386,0.371489370241761],[663.56394624983659,0.408317161723971],[659.912852813489735,0.465114014223218],[658.058062249911018,0.493790208362043],[656.086296283290721,0.523575210012496],[654.741079097148031,0.536321177147329],[653.053396268456709,0.563415289856493],[653.091401364537887,1.928714418783784],[653.154532788204961,4.182009127922356],[658.15073569631204,4.101361325010657]]]}},
{"type":"Feature","properties":{"height_m":22.030001,"lidar_cover":0.95,"ground_z":47.959999},"geometry":{"type":"Polygon","coordinates":[[[534.104708193917759,14.748513507656753],[534.655670454725623,34.939504472538829],[537.963334619649686,34.797080224379897],[543.894578292500228,34.629757819697261],[543.803712657012511,32.099153319373727],[543.726786599727347,30.156871546991169],[543.512613635102753,24.318765748292208],[543.490529373229947,23.75272618047893],[543.301074563816655,18.758208121173084],[543.232187619723845,16.782541322521865],[543.074015188671183,12.442798973061144],[543.006181814882439,10.578151438385248],[542.973108031437732,9.734643068164587],[542.893969058990479,7.559220952913165],[537.322300623171031,7.756439593620598],[536.386708859121427,7.787525550462306],[533.914043400727678,7.866509900428355],[533.983745381468907,10.808123359456658],[534.078829594072886,13.782804682850838],[534.104708193917759,14.748513507656753]]]}},
{"type":"Feature","properties":{"height_m":24.540001,"lidar_cover":0.91,"ground_z":46.970001},"geometry":{"type":"Polygon","coordinates":[[[567.202686392993201,13.801562001928687],[567.29129745287355,16.976157520897686],[567.302285990968812,17.253626363351941],[567.377275309467223,19.873204939998686],[567.389949071453884,20.328304579481483],[567.392055606585927,20.550343070179224],[567.454476464772597,22.72592394426465],[567.530097693786956,25.41211409214884],[567.570120159594808,26.98834958858788],[567.632856949348934,29.197236258536577],[567.665822511189617,30.029642806388438],[567.677969623939134,30.429232828319073],[567.777042381465435,33.82578765694052],[576.765291664225515,33.518461097031832],[585.945714506728109,33.209323002956808],[585.837873735057656,29.768439581617713],[585.816951076791156,29.324521090835333],[585.721993451006711,26.360941201448441],[585.696753529948182,25.461843805387616],[585.580767875071615,22.043243523687124],[585.52277502551442,20.333943390287459],[585.500272854580544,19.723496040329337],[585.495639701199252,19.235011362470686],[585.401313734648284,16.338043065741658],[585.306250635592733,13.363361312076449],[584.897493554395624,0.221377430483699],[577.571503586019389,0.468513251282275],[568.674911804613657,0.752762503921986],[566.845503311487846,0.814530055038631],[567.00222314381972,6.764210240915418],[567.202686392993201,13.801562001928687]]]}},
{"type":"Feature","properties":{"height_m":14.59,"lidar_cover":0.78,"ground_z":46.240002},"geometry":{"type":"Polygon","coordinates":[[[589.257604734390043,13.248164307326078],[591.412764388369396,13.172210030257702],[591.863849217072129,13.156829075887799],[594.561897559324279,13.053521238267422],[595.522449563024566,13.011103162541986],[597.477185647701845,12.948154306970537],[597.255092920153402,5.389170105569065],[597.231433647917584,4.65660157892853],[597.092990447417833,-0.249577313661575],[593.952206850459334,-0.130968933925033],[591.488104448420927,-0.029879693873227],[588.681536494113971,0.085561331361532],[587.687561241909862,0.128297274000943],[585.874863308039494,0.189901519566774],[584.897493554395624,0.221377430483699],[585.306250635592733,13.363361312076449],[588.280236741469707,13.279639780521393],[589.257604734390043,13.248164307326078]]]}},
{"type":"Feature","properties":{"height_m":20.41,"lidar_cover":0.88,"ground_z":47.610001},"geometry":{"type":"Polygon","coordinates":[[[543.232187619723845,16.782541322521865],[543.301074563816655,18.758208121173084],[543.490529373229947,23.75272618047893],[543.512613635102753,24.318765748292208],[543.726786599727347,30.156871546991169],[543.803712657012511,32.099153319373727],[543.894578292500228,34.629757819697261],[550.903135333850514,34.396702338941395],[555.856698259070981,34.227564667351544],[555.740803851978853,30.820066574960947],[555.704887257830705,29.676806169562042],[555.611918846843764,26.924163093790412],[555.516211425419897,23.882869985885918],[555.401475641527213,20.597493120469153],[555.321286972728558,18.31105163320899],[555.307453654473647,17.733830839395523],[555.260969372466207,16.357509324327111],[555.182150142965838,14.215392872691154],[555.051157914102077,10.097451006062329],[543.006181814882439,10.578151438385248],[543.074015188671183,12.442798973061144],[543.232187619723845,16.782541322521865]]]}},
{"type":"Feature","properties":{"height_m":17.01,"lidar_cover":0.94,"ground_z":49.130001},"geometry":{"type":"Polygon","coordinates":[[[490.754855581559241,17.569448107853532],[478.534220216970425,18.029718753881752],[478.666286860941909,23.135810509324074],[480.420596632757224,23.085836832411587],[480.594285294762813,29.934692772105336],[478.815016583539546,29.996006466448307],[478.984699212654959,36.422989297658205],[484.999705619644374,36.277028710581362],[491.106515538296662,36.119098265655339],[491.045573167735711,33.221813238225877],[490.973006655636709,29.980447904206812],[490.977776903077029,29.602903094142675],[489.215218787547201,29.664055512286723],[488.987610016833059,22.416006331332028],[490.05678018508479,22.372542551718652],[490.8341453098692,22.398467999882996],[490.805333752883598,20.244773927144706],[490.754855581559241,17.569448107853532]]]}},
{"type":"Feature","properties":{"height_m":11.11,"lidar_cover":0.85,"ground_z":48.169998},"geometry":{"type":"Polygon","coordinates":[[[513.648531460319646,21.748802493326366],[513.695656115829479,23.191735395230353],[513.873873889737297,29.640843120403588],[513.951623212720733,32.549071475863457],[514.037622448580805,35.446118590421975],[520.236131199053489,35.265136257745326],[524.730570690182503,35.14474780112505],[524.452982676099055,24.388648259453475],[524.283024328935426,17.928359193727374],[524.012707900546957,7.938292735256255],[516.026546118955594,8.180655337870121],[513.253087210468948,8.262502589263022],[513.304849962471053,10.193920142948627],[513.476954299723729,15.999116105027497],[513.648531460319646,21.748802493326366]]]}},
{"type":"Feature","properties":{"height_m":16.74,"lidar_cover":0.92,"ground_z":49.470001},"geometry":{"type":"Polygon","coordinates":[[[474.727955472480971,-8.803204988129437],[474.835720219416544,-4.496293294243515],[475.21038864395814,9.434320235624909],[475.255704602401238,11.56565166823566],[475.291083162359428,13.530533608049154],[475.710246819653548,36.542919180355966],[478.984699212654959,36.422989297658205],[478.815016583539546,29.996006466448307],[478.666286860941909,23.135810509324074],[478.534220216970425,18.029718753881752],[478.454663806129247,14.932757946662605],[478.292890533222817,9.338419686071575],[488.016547662438825,9.035100411623716],[490.581121728173457,8.955227426253259],[494.557438550284132,8.8286387110129],[502.443440288712736,8.598306448198855],[505.033080694964156,8.51820055488497],[504.856412150256801,-0.406874028965831],[502.600878697936423,-0.341043805703521],[502.540151933208108,-3.216124865226448],[491.855818884214386,-2.881495555862784],[491.780060659628361,-9.098414526320994],[490.54377783765085,-9.053363904356956],[487.769890601746738,-9.015914659947157],[475.847473549772985,-8.824943219311535],[474.727955472480971,-8.803204988129437]]]}},
{"type":"Feature","properties":{"height_m":24.77,"lidar_cover":0.94,"ground_z":49.93},"geometry":{"type":"Polygon","coordinates":[[[432.840306642930955,23.027237178757787],[432.924333235016093,25.713347099721432],[433.020514349627774,28.799046917818487],[433.125683975755237,31.951278880238533],[433.22154840559233,35.003672951832414],[433.315407666144893,37.845130456611514],[438.678695777489338,37.705326477065682],[444.100365918362513,37.553868666291237],[444.014233146095648,34.645720109343529],[443.910123435372952,31.604507287964225],[443.436837900721002,16.975346442312002],[440.145244108571205,17.051043444313109],[439.460209274431691,17.068657544441521],[439.621504044800531,21.730354238301516],[438.176448032609187,21.78850123193115],[437.533401524007786,21.827922277152538],[437.36343345901696,17.132999256253242],[432.651743422960863,17.255506915040314],[432.672675498994067,17.699425068683922],[432.803526351053733,21.795161760412157],[432.840306642930955,23.027237178757787]]]}},
{"type":"Feature","properties":{"height_m":10.98,"lidar_cover":0.94,"ground_z":50.91},"geometry":{"type":"Polygon","coordinates":[[[388.14171057078056,19.33308682590723],[388.226492978865281,22.096909891813993],[388.354517758765724,25.892894126474857],[388.771987394429743,39.034792263060808],[391.14448313601315,38.967813760042191],[393.383398968959227,38.913209490478039],[392.940660442458466,25.749345753341913],[392.821204624604434,21.975485847331583],[392.736212783143856,19.189458897337317],[392.725006356602535,18.889786385931075],[392.418011030764319,9.455216236412525],[390.388076165691018,9.518935771659017],[390.145875755290035,9.532342438586056],[387.823608235456049,9.609946213662624],[387.988209970004391,14.615801789797843],[388.14171057078056,19.33308682590723]]]}},
{"type":"Feature","properties":{"height_m":18.719999,"lidar_cover":0.79,"ground_z":49.689999},"geometry":{"type":"Polygon","coordinates":[[[424.911909251648467,17.91754009667784],[425.086740479455329,23.123151487670839],[425.092017740826122,23.678247748874128],[425.33661235566251,30.948340692557395],[425.554557495051995,38.052143141627312],[430.725672464468516,37.914160235784948],[433.315407666144893,37.845130456611514],[433.22154840559233,35.003672951832414],[433.125683975755237,31.951278880238533],[433.020514349627774,28.799046917818487],[430.915069987124298,28.830164193175733],[430.794349575939123,25.800212298519909],[432.924333235016093,25.713347099721432],[432.840306642930955,23.027237178757787],[432.095729489403311,22.934388705529273],[432.044032427307684,21.891204869374633],[432.803526351053733,21.795161760412157],[432.672675498994067,17.699425068683922],[432.651743422960863,17.255506915040314],[432.566239261592273,14.413970079272985],[432.544251841201913,13.859032678417861],[424.79215348220896,14.110374135896564],[424.889815700647887,17.351500786840916],[424.911909251648467,17.91754009667784]]]}},
{"type":"Feature","properties":{"height_m":21.76,"lidar_cover":0.97,"ground_z":49.93},"geometry":{"type":"Polygon","coordinates":[[[444.014233146095648,34.645720109343529],[444.100365918362513,37.553868666291237],[451.33493539178744,37.362980231642723],[450.948849956446793,25.752986758947372],[450.654717221739702,16.784616407938302],[447.86455106822541,16.866647583432496],[443.996542191307526,16.958923895843327],[443.436837900721002,16.975346442312002],[443.910123435372952,31.604507287964225],[444.014233146095648,34.645720109343529]]]}},
{"type":"Feature","properties":{"height_m":7.58,"lidar_cover":0.77,"ground_z":50.91},"geometry":{"type":"Polygon","coordinates":[[[392.725006356602535,18.889786385931075],[392.736212783143856,19.189458897337317],[392.821204624604434,21.975485847331583],[392.940660442458466,25.749345753341913],[393.383398968959227,38.913209490478039],[396.750075304415077,38.825673956423998],[397.593859629123472,38.806545932777226],[397.392055889358744,32.524207004345953],[397.167733901180327,25.631421175785363],[397.099968504626304,23.777876441366971],[396.942778161959723,18.67202387098223],[396.920154480263591,18.050474991090596],[396.802390151657164,14.454245891422033],[396.636527457914781,9.315167087130249],[392.844029798987322,9.440061284229159],[392.418011030764319,9.455216236412525],[392.725006356602535,18.889786385931075]]]}},
{"type":"Feature","properties":{"height_m":4.4200001,"lidar_cover":0.65,"ground_z":47.77},"geometry":{"type":"Polygon","coordinates":[[[413.452968074765522,385.822219828143716],[431.182684920087922,413.832887811586261],[440.294411688635591,408.105974999256432],[422.573072217754088,380.095205750316381],[413.452968074765522,385.822219828143716]]]}},
{"type":"Feature","properties":{"height_m":7.31,"lidar_cover":0.91,"ground_z":46.93},"geometry":{"type":"Polygon","coordinates":[[[392.606971696368419,270.905256296508014],[393.394026128051337,271.952548484317958],[396.787389803968836,276.43916554749012],[400.64546657766914,273.560119001194835],[401.813038190768566,275.081219120882452],[397.972199911950156,278.015615764074028],[400.527847467223182,281.399909051135182],[403.066571363189723,284.762158293277025],[405.986127359268721,288.631521492265165],[407.856245017785113,291.100793424993753],[408.211908396508079,291.597043061628938],[415.743340243585408,301.562474674545228],[417.825177566381171,304.329515051096678],[424.997397611790802,298.487794098444283],[424.71819779969519,298.124051865190268],[422.967380679503549,295.897905934602022],[419.744626884174068,291.776051569730043],[413.588884228549432,296.431200517341495],[412.1988084402401,294.357067787088454],[416.355657533218618,291.264232547953725],[413.604265075351577,287.504295506514609],[408.45882485085167,280.658305045217276],[410.135779385920614,279.509858162142336],[407.302201200684067,275.895043125376105],[405.617313509399537,277.087977831251919],[404.576441708893981,275.71001027431339],[406.177250915498007,274.462360273115337],[404.85781060194131,272.787262739613652],[403.656924562645145,271.277581914328039],[403.039296058123,270.472941818647087],[402.506590853387024,269.811832224018872],[400.954750175937079,270.936885007657111],[399.921914927603211,269.525532857514918],[401.356256683473475,268.346082715317607],[400.814668137172703,267.629543060436845],[399.562382808362599,265.987116545438766],[399.27461422374472,265.601250890642405],[397.294603994057979,262.999791106209159],[392.529912354832049,268.074741108343005],[391.38842215097975,269.295819061808288],[392.606971696368419,270.905256296508014]]]}},
{"type":"Feature","properties":{"height_m":12.22,"lidar_cover":0.92,"ground_z":46.869999},"geometry":{"type":"Polygon","coordinates":[[[399.27461422374472,265.601250890642405],[399.562382808362599,265.987116545438766],[400.814668137172703,267.629543060436845],[404.863123285816982,264.559938382357359],[407.004516423097812,267.437438733875751],[403.039296058123,270.472941818647087],[403.656924562645145,271.277581914328039],[404.85781060194131,272.787262739613652],[406.177250915498007,274.462360273115337],[407.302201200684067,275.895043125376105],[410.135779385920614,279.509858162142336],[413.25701637507882,283.499438556842506],[419.744626884174068,291.776051569730043],[422.967380679503549,295.897905934602022],[424.71819779969519,298.124051865190268],[427.496766846335959,295.954768154770136],[428.747879718837794,297.475078211165965],[432.707923821173608,293.895594481378794],[431.253229145950172,292.055234115570784],[428.047505271970294,287.966523041017354],[419.445799383509438,277.045300294645131],[416.045784265676048,272.736383093520999],[412.187489946314599,275.593217481859028],[409.616402744664811,272.342302216216922],[413.457459837838542,269.430115731433034],[412.97551943938015,268.835140249691904],[412.391839975956827,268.085691212676466],[408.551861997344531,263.203608672134578],[407.875219876063056,262.344014720991254],[406.547422751202248,260.668996345251799],[405.346323971753009,259.137111388146877],[405.151834034826607,258.894696526229382],[403.333316234580707,256.580375541932881],[398.816734480846208,261.386491076089442],[397.294603994057979,262.999791106209159],[399.27461422374472,265.601250890642405]]]}},
{"type":"Feature","properties":{"height_m":22.200001,"lidar_cover":0.97,"ground_z":44.610001},"geometry":{"type":"Polygon","coordinates":[[[453.492869093548506,255.637176940217614],[461.69535515649477,250.929305176250637],[464.296681842417456,249.450102389790118],[469.274699907808099,246.593760449439287],[469.382683359959628,246.526116859167814],[471.992262794403359,245.035735574550927],[467.981246577342972,237.979072855785489],[463.95319598086644,230.889265339821577],[461.32764117984334,232.45752174127847],[461.15313310874626,232.559106395579875],[458.228588742727879,234.318954960443079],[457.613791516108904,234.69119412638247],[454.979989834246226,236.270634203217924],[453.667266978649423,237.060314904898405],[452.836503331316635,237.56784213334322],[452.183241435559466,236.530375030823052],[451.292554159183055,235.128767719492316],[448.512918399588671,236.309890646487474],[449.726059648557566,238.230270748957992],[448.514126654947177,239.074509142898023],[449.369072231813334,240.232191322371364],[451.959605735610239,243.771611816249788],[448.302562242490239,245.827102421782911],[450.054438211664092,248.16427365411073],[447.062428950332105,249.858150577172637],[452.06338968797354,256.450173521414399],[452.969241410144605,255.930829588323832],[453.492869093548506,255.637176940217614]]]}},
{"type":"Feature","properties":{"height_m":21.6,"lidar_cover":0.86,"ground_z":45.580002},"geometry":{"type":"Polygon","coordinates":[[[415.611762330692727,247.303690380416811],[417.745434299169574,250.247884864918888],[418.118020237539895,250.766179939731956],[419.955144921434112,253.280180419795215],[420.285532823239919,253.754465105012059],[422.426369888999034,252.179699137806892],[424.466653860057704,254.96934241335839],[422.292080160405021,256.511119758710265],[424.391798637341708,259.400124297477305],[424.704948028374929,259.819058410823345],[429.051773281244095,256.491263365373015],[430.352917391981464,257.999995160847902],[425.80578147189226,261.351899766363204],[426.246051389724016,261.958375196903944],[429.293990710866638,266.148512038402259],[431.493539755698293,263.718264692462981],[430.985374255978968,263.001405096612871],[433.498284753237385,261.012296640314162],[435.73220648226561,263.955543227493763],[433.683487167407293,265.551635449752212],[432.413865655951668,263.842750619165599],[431.87479574396275,264.269786822609603],[433.186614890699275,266.022682137787342],[430.648535473854281,268.000927105545998],[433.908301780931652,272.499934120103717],[444.122170548769645,264.908364265225828],[437.876546385814436,256.596120744012296],[435.287065650918521,253.167724484577775],[434.465715614380315,253.786193740554154],[433.704363863624167,252.805270454846323],[434.525397335644811,252.153495326638222],[431.647934889770113,248.317029477097094],[429.5243326399941,249.947143446654081],[427.349523226788733,247.069954290054739],[429.473125865275506,245.439839693717659],[428.550703495973721,244.21618371270597],[426.892097916686907,242.022468900308013],[425.842659184883814,240.622373921796679],[424.776298718526959,239.200234112329781],[422.508311325102113,236.190697060897946],[418.132262959028594,240.840022590942681],[414.062403253046796,245.175557211041451],[415.611762330692727,247.303690380416811]]]}},
{"type":"Feature","properties":{"height_m":17.3,"lidar_cover":0.92,"ground_z":45.43},"geometry":{"type":"Polygon","coordinates":[[[428.587725176359527,238.442306910641491],[431.295768883544952,242.036117711104453],[428.550703495973721,244.21618371270597],[429.473125865275506,245.439839693717659],[431.647934889770113,248.317029477097094],[434.525397335644811,252.153495326638222],[435.024680421105586,252.814924945123494],[442.908155782963149,244.434993823990226],[440.386780540691689,241.139183597639203],[437.823099788976833,237.788261705078185],[437.391395632817876,237.203910021111369],[434.654681693413295,239.383894224651158],[431.938283612835221,235.790161619894207],[434.683564344712067,233.632300840690732],[431.772463344386779,229.773948807269335],[430.333833036420401,227.866818219423294],[427.967909450060688,230.376367824152112],[422.508311325102113,236.190697060897946],[424.776298718526959,239.200234112329781],[425.842659184883814,240.622373921796679],[428.587725176359527,238.442306910641491]]]}},
{"type":"Feature","properties":{"height_m":23.309999,"lidar_cover":0.97,"ground_z":44.490002},"geometry":{"type":"Polygon","coordinates":[[[477.149824836000334,260.197750244289637],[479.767439473129343,258.673986528068781],[475.883979531354271,251.849269361235201],[475.178798520704731,250.623543693684042],[471.992262794403359,245.035735574550927],[469.382683359959628,246.526116859167814],[469.274699907808099,246.593760449439287],[464.296681842417456,249.450102389790118],[461.69535515649477,250.929305176250637],[453.492869093548506,255.637176940217614],[452.969241410144605,255.930829588323832],[460.866033641505055,266.536804807372391],[462.225211967946962,268.877710572443902],[477.149824836000334,260.197750244289637]]]}},
{"type":"Feature","properties":{"height_m":4.2600002,"lidar_cover":0.6,"ground_z":42.720001},"geometry":{"type":"Polygon","coordinates":[[[553.546657089202199,299.753775804303586],[548.538927421090193,290.674692991189659],[559.29653262195643,284.899007472209632],[561.724095298908651,283.599135534837842],[567.993458991695661,291.789125281386077],[553.546657089202199,299.753775804303586]]]}},
{"type":"Feature","properties":{"height_m":17.459999,"lidar_cover":0.83,"ground_z":49.52},"geometry":{"type":"Polygon","coordinates":[[[430.800508374697529,71.277750422246754],[430.774755846126936,73.842771900817752],[430.761211383331101,74.175988538190722],[425.741889923636336,74.456866970285773],[425.962279424245935,80.938882590271533],[425.982895212015137,81.349494992755353],[426.305079567246139,90.628481218591332],[429.503570770088118,90.43153003975749],[429.576288182521239,92.806865701451898],[430.55353965901304,92.764266718178988],[431.948555290466174,92.717696510255337],[435.966391065972857,92.568474018014967],[435.905935681017581,90.603830168955028],[435.811549818143249,87.706862786784768],[435.584415176184848,80.514323635026813],[435.557151476910803,79.404289867728949],[435.487496433663182,77.350910073146224],[435.352513061079662,73.699329472146928],[435.187733115220908,68.67126892041415],[435.096829486952629,66.140665193088353],[434.984466277761385,63.110633659176528],[429.087195519183297,63.333237582817674],[425.353318774898071,63.468661000020802],[425.604262970329728,70.5277383569628],[430.71676201291848,70.379209266975522],[430.800508374697529,71.277750422246754]]]}},
{"type":"Feature","properties":{"height_m":21.43,"lidar_cover":0.91,"ground_z":45.389999},"geometry":{"type":"Polygon","coordinates":[[[435.315790251304861,177.079060602933168],[435.407326834276319,179.676276321522892],[446.55959604610689,179.370418985374272],[456.283446071436629,179.111461898311973],[455.58760775718838,157.767139807343483],[452.956244942091871,157.84766109008342],[443.491483284917194,158.115262366831303],[440.76821335661225,158.196661645546556],[438.262073322781362,158.264895085245371],[434.653257052414119,158.365817227400839],[434.708541571395472,159.786466822959483],[434.778618916228879,161.884254576638341],[435.237041279266123,174.948046440258622],[435.315790251304861,177.079060602933168]]]}},
{"type":"Feature","properties":{"height_m":14.66,"lidar_cover":0.91,"ground_z":47.029999},"geometry":{"type":"Polygon","coordinates":[[[407.227149294514675,176.624434594996274],[407.011297612858471,169.742669553495944],[404.004694649309386,169.904497762210667],[399.803826992516406,170.13320027757436],[398.968624366971198,170.174452622421086],[396.588450035953429,170.308120132423937],[395.627919534337707,170.350564897991717],[392.805131235159934,170.510649431496859],[392.987706926011015,175.649570478126407],[393.162666486692615,180.866284535266459],[407.338981434644666,180.476088480092585],[407.227149294514675,176.624434594996274]]]}},
{"type":"Feature","properties":{"height_m":9.9,"lidar_cover":0.61,"ground_z":50.240002},"geometry":{"type":"Polygon","coordinates":[[[425.982895212015137,81.349494992755353],[425.962279424245935,80.938882590271533],[425.741889923636336,74.456866970285773],[425.604262970329728,70.5277383569628],[425.353318774898071,63.468661000020802],[421.711456164019182,63.614314450882375],[420.842714334721677,63.6447799410671],[420.896612895885482,65.798235815018415],[421.313551300845575,81.527123021893203],[425.982895212015137,81.349494992755353]]]}},
{"type":"Feature","properties":{"height_m":23.8,"lidar_cover":0.94,"ground_z":49.330002},"geometry":{"type":"Polygon","coordinates":[[[411.58244335470954,66.097753223031759],[412.322451762214769,85.043418032117188],[412.564435419859365,91.158831573091447],[412.633041296096053,93.101192004047334],[415.907573202741332,92.99233516305685],[415.920937633432914,90.882651361636817],[421.568160495138727,90.729031139984727],[421.402859823720064,84.768329410813749],[421.313551300845575,81.527123021893203],[420.896612895885482,65.798235815018415],[420.842714334721677,63.6447799410671],[411.504003907321021,64.000045362859964],[411.58244335470954,66.097753223031759]]]}},
{"type":"Feature","properties":{"height_m":15.43,"lidar_cover":0.91,"ground_z":47.68},"geometry":{"type":"Polygon","coordinates":[[[395.627919534337707,170.350564897991717],[396.588450035953429,170.308120132423937],[398.968624366971198,170.174452622421086],[399.803826992516406,170.13320027757436],[404.004694649309386,169.904497762210667],[407.011297612858471,169.742669553495944],[407.006757764145732,169.265286659821868],[406.955705474247225,167.41158255096525],[406.869029782479629,164.447924046777189],[405.707868082099594,164.481172503903508],[405.627526666095946,162.183629682287574],[405.541301566991024,157.510115444660187],[405.46417072287295,152.914235276170075],[406.524966137250885,152.870838359929621],[407.486132454534527,152.895006637088954],[407.343941278348211,149.365626631304622],[398.925366137002129,149.8120869230479],[394.88313042325899,150.028180371969938],[392.093649460293818,150.17684527207166],[392.460174626728985,160.599012131802738],[392.805131235159934,170.510649431496859],[395.627919534337707,170.350564897991717]]]}},
{"type":"Feature","properties":{"height_m":16.379999,"lidar_cover":0.89,"ground_z":48.509998},"geometry":{"type":"Polygon","coordinates":[[[391.753363807045389,138.999429632909596],[391.865732143167406,142.906592794694006],[391.975566019769758,146.547309723682702],[392.093649460293818,150.17684527207166],[394.88313042325899,150.028180371969938],[398.925366137002129,149.8120869230479],[398.87176400620956,148.569068376906216],[401.185737291234545,148.502648980356753],[401.198977309453767,147.258994719013572],[405.233281783410348,147.087391989305615],[405.354041314916685,148.363080681301653],[407.292029821954202,148.300238879397511],[407.343941278348211,149.365626631304622],[412.672353317961097,149.081795106641948],[414.017015598714352,149.013494150713086],[413.540804050746374,134.961711603216827],[406.808279931603465,135.214483210816979],[406.844431219971739,136.379947195760906],[403.920838791760616,136.485471063293517],[403.94513683283003,138.161782614886761],[402.173722311621532,138.167526403442025],[402.125202835886739,136.580268655903637],[398.441389938932844,136.70412774477154],[398.405237296246924,135.538663783110678],[391.664253102731891,135.780427035875618],[391.753363807045389,138.999429632909596]]]}},
{"type":"Feature","properties":{"height_m":16.17,"lidar_cover":0.89,"ground_z":48.490002},"geometry":{"type":"Polygon","coordinates":[[[391.354418167611584,125.168971511535347],[391.464146690326743,128.798586409538984],[391.564569519483484,132.328363459557295],[391.664253102731891,135.780427035875618],[398.405237296246924,135.538663783110678],[398.368345518014394,134.295486333779991],[402.084735909942538,134.082493955269456],[402.043410226004198,132.373035556636751],[403.738678793946747,132.268089549615979],[403.788570475880988,133.999672347679734],[406.795716265973169,133.893353874795139],[406.808279931603465,135.214483210816979],[413.540804050746374,134.961711603216827],[413.031909475394059,120.987960656173527],[406.283295310160611,121.307503050193191],[406.336790644156281,122.539419658482075],[404.682979272154626,122.610661952756345],[404.638126777252182,123.166235054843128],[400.687994951324072,123.403654874302447],[400.597896130639128,122.716130035929382],[398.151392103231046,122.905942174606025],[398.123066714906599,121.684889135882258],[394.364471384848002,121.853873114101589],[391.265835310623515,122.005478617735207],[391.354418167611584,125.168971511535347]]]}},
{"type":"Feature","properties":{"height_m":9.5900002,"lidar_cover":0.9,"ground_z":44.8},"geometry":{"type":"Polygon","coordinates":[[[406.626754163764417,156.544940714724362],[406.708045470586512,158.94240087363869],[406.833828697912395,163.382377359084785],[406.869029782479629,164.447924046777189],[406.955705474247225,167.41158255096525],[412.201713489252143,167.250666282139719],[412.278041158628184,169.126335915178061],[407.006757764145732,169.265286659821868],[407.011297612858471,169.742669553495944],[407.227149294514675,176.624434594996274],[407.338981434644666,180.476088480092585],[414.865627962863073,180.260176956653595],[421.406574383261614,180.075851015746593],[421.314293878269382,177.400921919383109],[421.253728942247108,175.425175965763628],[421.023080233309884,168.743404260836542],[420.964098565047607,166.93418724834919],[420.818763578077778,162.19461743440479],[420.741171429981478,160.185724628157914],[420.670984454918653,158.076835038140416],[420.613058260874823,156.378637333400548],[415.141240516793914,156.519488616846502],[415.019020463631023,154.211241063661873],[420.532932685338892,154.103298286907375],[420.355987253191415,148.675647394731641],[414.017015598714352,149.013494150713086],[412.672353317961097,149.081795106641948],[407.343941278348211,149.365626631304622],[407.486132454534527,152.895006637088954],[406.524966137250885,152.870838359929621],[406.626754163764417,156.544940714724362]]]}},
{"type":"Feature","properties":{"height_m":20.969999,"lidar_cover":0.93,"ground_z":47.049999},"geometry":{"type":"Polygon","coordinates":[[[434.087760980066378,152.49774254206568],[434.446929640253074,152.483225335367024],[438.005723092705011,152.393881579861045],[440.478444305481389,152.325965748168528],[443.185111538157798,152.25582714471966],[448.013581109233201,152.121111598797143],[452.098647744802292,152.015670091845095],[452.766959369473625,151.998215836472809],[455.381719387834892,151.928955240175128],[454.783527196676005,133.82576153613627],[454.176978175761178,115.722647759132087],[450.94402162975166,115.808886518701911],[433.300675930106081,116.287465982139111],[423.09224228921812,116.562162204645574],[423.214548876567278,119.758643320761621],[421.827682628296316,119.782931986264884],[421.851887426804751,120.571009918116033],[421.242165220086463,120.599012842401862],[417.842844828031957,120.764568709768355],[417.915777197689749,123.162108263932168],[415.644310945586767,123.30583846475929],[416.311158714815974,145.982785546220839],[420.52155707142083,145.876134561374784],[420.355987253191415,148.675647394731641],[423.796965086308774,148.498593426309526],[424.046377185033634,152.759747619740665],[434.087760980066378,152.49774254206568]]]}},
{"type":"Feature","properties":{"height_m":18.23,"lidar_cover":0.95,"ground_z":50.619999},"geometry":{"type":"Polygon","coordinates":[[[390.087131473119371,84.177900914102793],[390.148972118156962,86.286869554780424],[390.396558547392488,93.867816370911896],[396.461120716994628,93.66579507663846],[410.745169670903124,93.163555480539799],[412.564435419859365,91.158831573091447],[412.322451762214769,85.043418032117188],[411.58244335470954,66.097753223031759],[411.504003907321021,64.000045362859964],[389.501908525126055,64.81995639577508],[390.087131473119371,84.177900914102793]]]}},
{"type":"Feature","properties":{"height_m":23.83,"lidar_cover":0.95,"ground_z":48.740002},"geometry":{"type":"Polygon","coordinates":[[[449.506400968530215,92.028971929103136],[453.423868369776756,91.869610095396638],[453.206900109769776,84.865723899565637],[453.025231450039428,78.938486400060356],[448.998610611655749,79.043371020816267],[448.321936946187634,79.06090494710952],[447.043787307105958,79.095258307643235],[443.894261863781139,79.169603996910155],[440.068273860262707,79.283689611591399],[435.557151476910803,79.404289867728949],[435.584415176184848,80.514323635026813],[435.811549818143249,87.706862786784768],[437.72406669636257,87.599859906360507],[438.012802243989427,92.482404294423759],[441.688071589858737,92.336441207677126],[441.613142191956285,89.727965021505952],[443.476265504141338,89.699153633788228],[443.542416869662702,92.263301539234817],[449.506400968530215,92.028971929103136]]]}},
{"type":"Feature","properties":{"height_m":10.85,"lidar_cover":0.9,"ground_z":49.66},"geometry":{"type":"Polygon","coordinates":[[[390.578384152671788,99.806154982186854],[390.771204897435382,106.021962342783809],[405.103460477665067,105.319399773143232],[408.093590947799385,105.179935124702752],[422.617914779577404,104.464477914385498],[422.465686677023768,100.757546570152044],[422.388200414832681,98.759755860082805],[422.155847027373966,92.7774857012555],[415.907573202741332,92.99233516305685],[412.633041296096053,93.101192004047334],[410.745169670903124,93.163555480539799],[396.461120716994628,93.66579507663846],[390.396558547392488,93.867816370911896],[390.541068636346608,98.51856991648674],[390.578384152671788,99.806154982186854]]]}},
{"type":"Feature","properties":{"height_m":9.54,"lidar_cover":0.66,"ground_z":49.669998},"geometry":{"type":"Polygon","coordinates":[[[395.455776872986462,111.839752206578851],[397.811115853604861,111.728526825085282],[397.734361931856256,109.808449751697481],[399.838621333125047,109.655201335437596],[399.932507566816639,111.619527202099562],[405.34481663047336,111.368201770819724],[412.62786012532888,111.010268050245941],[420.963456132507417,110.62012832146138],[422.851112125325017,110.535563601180911],[422.796352961508092,109.170423806644976],[422.617914779577404,104.464477914385498],[408.093590947799385,105.179935124702752],[408.180477233894635,108.16579722519964],[405.216364001564216,108.404940820299089],[405.103460477665067,105.319399773143232],[390.771204897435382,106.021962342783809],[390.898594635073096,109.751335524022579],[390.970691130438354,112.060059460811317],[394.136173557024449,111.907818116247654],[395.455776872986462,111.839752206578851]]]}},
{"type":"Feature","properties":{"height_m":7.6900001,"lidar_cover":1.0,"ground_z":61.919998},"geometry":{"type":"Polygon","coordinates":[[[73.989318339852616,547.0755186798051],[71.201161767938174,547.346430642530322],[68.681128471624106,548.569634700194001],[66.745108481263742,550.57556704711169],[65.624912845087238,553.139952519908547],[65.459282210445963,555.917273164726794],[66.278663310979027,558.596355274319649],[67.96258694154676,560.811953242868185],[70.165430912107695,562.245385427027941],[72.720100705511868,562.898249267600477],[75.341580806474667,562.673342460766435],[77.754483835073188,561.606605706736445],[79.675916135311127,559.822874668985605],[80.915522215364035,557.512718169018626],[81.331270893395413,554.677493107505143],[80.694532661815174,551.874531617388129],[79.109170620329678,549.480341673828661],[76.770314338558819,547.803941681981087],[73.989318339852616,547.0755186798051]]]}},
{"type":"Feature","properties":{"height_m":10.23,"lidar_cover":0.78,"ground_z":51.34},"geometry":{"type":"Polygon","coordinates":[[[264.16637934895698,274.97049705311656],[272.026620648684911,282.589929964393377],[268.715591935266275,285.874642044305801],[276.182494654029142,293.431209887377918],[279.687593420792837,290.344505001790822],[282.061066332622431,292.142773191444576],[282.905454751569778,291.313110900111496],[291.729663807316683,282.590959042310715],[271.100861265498679,267.865152456797659],[264.16637934895698,274.97049705311656]]]}},
{"type":"Feature","properties":{"height_m":16.879999,"lidar_cover":0.99,"ground_z":63.200001},"geometry":{"type":"Polygon","coordinates":[[[283.71782746212557,772.951010456308722],[300.786379355704412,762.296105039305985],[332.098375879926607,813.693197406828403],[315.076857532083523,824.014495085924864],[283.71782746212557,772.951010456308722]]]}},
{"type":"Feature","properties":{"height_m":15.22,"lidar_cover":0.94,"ground_z":60.34},"geometry":{"type":"Polygon","coordinates":[[[318.93778490438126,754.795267559587955],[335.982424002024345,744.251704727299511],[351.799609024077654,769.771126712672412],[349.457484380924143,771.247908214107156],[352.64876391296275,776.469221777282655],[360.002125248895027,772.157902668230236],[379.608855819620658,804.325286806561053],[362.421323008893523,814.770183111540973],[343.179813968308736,782.35510207246989],[344.957104941539001,781.227887050248682],[341.774176270526368,776.006497260183096],[334.645343514741398,780.204667892307043],[318.93778490438126,754.795267559587955]]]}},
{"type":"Feature","properties":{"height_m":28.129999,"lidar_cover":0.86,"ground_z":58.23},"geometry":{"type":"Polygon","coordinates":[[[88.105594940949231,389.189941126853228],[110.514088487951085,389.031386055983603],[110.413239302055445,374.098887679167092],[88.004699492244981,374.257442494854331],[88.105594940949231,389.189941126853228]]]}},
{"type":"Feature","properties":{"height_m":28.35,"lidar_cover":0.92,"ground_z":58.41},"geometry":{"type":"Polygon","coordinates":[[[78.046152461378369,414.634089988656342],[100.113713006547187,414.656406114809215],[100.128431369259488,399.578464495949447],[78.060718748020008,399.545045831240714],[78.051697544753551,409.093666408210993],[78.046152461378369,414.634089988656342]]]}},
{"type":"Feature","properties":{"height_m":28.389999,"lidar_cover":0.95,"ground_z":58.240002},"geometry":{"type":"Polygon","coordinates":[[[67.606619876401965,437.894607413560152],[90.480291537358426,437.465070293284953],[90.223438007873483,423.699870104901493],[67.349722800427116,424.129407498985529],[67.606619876401965,437.894607413560152]]]}},
{"type":"Feature","properties":{"height_m":17.040001,"lidar_cover":0.75,"ground_z":56.119999},"geometry":{"type":"Polygon","coordinates":[[[153.169412865128834,434.490352814085782],[140.609211120172404,442.193572100251913],[115.865602351550478,432.303967445157468],[121.978124331159052,415.280288684181869],[145.423804153106175,424.8714235490188],[147.470561392838135,425.706810624338686],[153.169412865128834,434.490352814085782]]]}},
{"type":"Feature","properties":{"height_m":17.200001,"lidar_cover":0.91,"ground_z":57.25},"geometry":{"type":"Polygon","coordinates":[[[115.865602351550478,432.303967445157468],[110.157531208125874,445.30452255345881],[125.307618174585514,451.566228725016117],[140.609211120172404,442.193572100251913],[115.865602351550478,432.303967445157468]]]}},
{"type":"Feature","properties":{"height_m":21.0,"lidar_cover":0.91,"ground_z":56.759998},"geometry":{"type":"Polygon","coordinates":[[[121.978124331159052,415.280288684181869],[126.502957063552458,404.367294330149889],[139.532429252169095,409.927590856328607],[143.860102731734514,411.618332793936133],[149.547099606948905,413.906762747094035],[145.423804153106175,424.8714235490188],[121.978124331159052,415.280288684181869]]]}},
{"type":"Feature","properties":{"height_m":21.4,"lidar_cover":0.89,"ground_z":56.98},"geometry":{"type":"Polygon","coordinates":[[[126.502957063552458,404.367294330149889],[133.768367392709479,385.567249946296215],[138.717290669505019,387.562939684838057],[141.661430073319934,388.745051735080779],[147.012975925172213,390.903447317890823],[144.745203659927938,396.676422172226012],[139.532429252169095,409.927590856328607],[126.502957063552458,404.367294330149889]]]}},
{"type":"Feature","properties":{"height_m":7.0300002,"lidar_cover":0.51,"ground_z":56.560001},"geometry":{"type":"Polygon","coordinates":[[[155.678602023399435,394.484697883017361],[159.513233437319286,396.16905256267637],[155.513823053683154,388.601710358634591],[135.694236719107721,380.741286410950124],[133.768367392709479,385.567249946296215],[138.717290669505019,387.562939684838057],[139.204383973381482,386.070494548417628],[142.223506431095302,387.229685042984784],[141.661430073319934,388.745051735080779],[147.012975925172213,390.903447317890823],[155.678602023399435,394.484697883017361]]]}},
{"type":"Feature","properties":{"height_m":22.9,"lidar_cover":0.88,"ground_z":55.360001},"geometry":{"type":"Polygon","coordinates":[[[216.632142056943849,180.560138874687254],[235.414865298313089,188.297441766597331],[228.561006025411189,204.739621165208519],[209.999257341143675,197.388832009397447],[216.632142056943849,180.560138874687254]]]}},
{"type":"Feature","properties":{"height_m":21.0,"lidar_cover":0.9,"ground_z":55.07},"geometry":{"type":"Polygon","coordinates":[[[209.999257341143675,197.388832009397447],[204.390880253456999,211.24327571131289],[221.339251621684525,222.906271821819246],[223.689424398180563,216.999304102733731],[228.561006025411189,204.739621165208519],[209.999257341143675,197.388832009397447]]]}},
{"type":"Feature","properties":{"height_m":20.219999,"lidar_cover":0.82,"ground_z":54.349998},"geometry":{"type":"Polygon","coordinates":[[[216.632142056943849,180.560138874687254],[224.177772059803829,162.179441394284368],[226.447748942591716,162.757355886511505],[247.856943123915698,179.540748849511147],[238.801369061460719,190.296994445845485],[237.904713569674641,189.150836950168014],[240.986986892065033,182.026676220819354],[238.585333399474621,179.90670427493751],[235.414865298313089,188.297441766597331],[216.632142056943849,180.560138874687254]]]}},
{"type":"Feature","properties":{"height_m":14.32,"lidar_cover":0.82,"ground_z":52.650002},"geometry":{"type":"Polygon","coordinates":[[[247.856943123915698,179.540748849511147],[265.930202895891853,193.502537508495152],[255.201469041290693,203.175516334362328],[250.661572309501935,207.282462487928569],[235.592068028985523,195.490456148982048],[236.453160750796087,192.906365252099931],[238.801369061460719,190.296994445845485],[247.856943123915698,179.540748849511147]]]}},
{"type":"Feature","properties":{"height_m":11.31,"lidar_cover":0.9,"ground_z":52.040001},"geometry":{"type":"Polygon","coordinates":[[[265.930202895891853,193.502537508495152],[274.046362876077183,199.909314628690481],[263.59440615697531,209.690673222765326],[255.201469041290693,203.175516334362328],[265.930202895891853,193.502537508495152]]]}},
{"type":"Feature","properties":{"height_m":15.4,"lidar_cover":0.91,"ground_z":51.709999},"geometry":{"type":"Polygon","coordinates":[[[274.046362876077183,199.909314628690481],[279.217790010210592,204.201289589516819],[271.638517696119379,212.045562023296952],[264.795674978173338,219.127825131639838],[264.347139478952158,218.532540922053158],[263.467207831912674,219.140485117211938],[262.521486913436092,218.10582164209336],[261.868307961674873,218.833737395703793],[259.355939646891784,216.49275519978255],[260.562141700065695,215.048980750143528],[259.218966736632865,213.518473349511623],[263.59440615697531,209.690673222765326],[274.046362876077183,199.909314628690481]]]}},
{"type":"Feature","properties":{"height_m":13.01,"lidar_cover":0.91,"ground_z":51.540001},"geometry":{"type":"Polygon","coordinates":[[[279.217790010210592,204.201289589516819],[284.223694007727318,207.784257131628692],[276.734634361462668,215.45001779217273],[275.669298364722636,214.138918906450272],[274.63484881282784,215.192451456561685],[271.638517696119379,212.045562023296952],[279.217790010210592,204.201289589516819]]]}},
{"type":"Feature","properties":{"height_m":6.7199998,"lidar_cover":0.78,"ground_z":51.400002},"geometry":{"type":"Polygon","coordinates":[[[284.223694007727318,207.784257131628692],[289.670300521655008,212.018103060312569],[277.974486298742704,223.67658381909132],[275.963962047593668,221.386329189874232],[275.310782076499891,222.114243721589446],[273.021892352087889,219.549068792723119],[276.734634361462668,215.45001779217273],[284.223694007727318,207.784257131628692]]]}},
{"type":"Feature","properties":{"height_m":10.96,"lidar_cover":0.86,"ground_z":51.009998},"geometry":{"type":"Polygon","coordinates":[[[289.670300521655008,212.018103060312569],[294.453777605202049,215.93628448061645],[281.769942545273807,228.25924399215728],[280.867693469976075,227.40181100834161],[277.536424233345315,224.180389798246324],[277.974486298742704,223.67658381909132],[289.670300521655008,212.018103060312569]]]}},
{"type":"Feature","properties":{"height_m":11.64,"lidar_cover":0.89,"ground_z":50.650002},"geometry":{"type":"Polygon","coordinates":[[[294.453777605202049,215.93628448061645],[299.017372286703903,219.578989930450916],[290.387781567813363,228.565746677108109],[288.799249662086368,230.224114121869206],[286.499158290273044,232.622054560109973],[281.769942545273807,228.25924399215728],[294.453777605202049,215.93628448061645]]]}},
{"type":"Feature","properties":{"height_m":12.39,"lidar_cover":0.91,"ground_z":50.57},"geometry":{"type":"Polygon","coordinates":[[[299.017372286703903,219.578989930450916],[304.186655778379645,223.64894394017756],[296.695477396831848,231.092645481228828],[294.636416690424085,228.969392181374133],[295.999255946953781,227.302072929218411],[294.88538067258196,226.157977705821395],[291.717304151039571,229.54124291241169],[290.387781567813363,228.565746677108109],[299.017372286703903,219.578989930450916]]]}},
{"type":"Feature","properties":{"height_m":12.34,"lidar_cover":0.98,"ground_z":50.599998},"geometry":{"type":"Polygon","coordinates":[[[286.499158290273044,232.622054560109973],[290.961956386687234,237.087332475930452],[295.107473407231737,232.806521180085838],[292.155472214100882,229.92567172832787],[290.40977923758328,231.752079976722598],[288.799249662086368,230.224114121869206],[286.499158290273044,232.622054560109973]]]}},
{"type":"Feature","properties":{"height_m":11.55,"lidar_cover":0.92,"ground_z":50.490002},"geometry":{"type":"Polygon","coordinates":[[[280.867693469976075,227.40181100834161],[277.325653078616597,230.999601430259645],[287.128544626990333,240.798923165537417],[290.961956386687234,237.087332475930452],[286.499158290273044,232.622054560109973],[281.769942545273807,228.25924399215728],[280.867693469976075,227.40181100834161]]]}},
{"type":"Feature","properties":{"height_m":11.75,"lidar_cover":0.83,"ground_z":50.8},"geometry":{"type":"Polygon","coordinates":[[[287.128544626990333,240.798923165537417],[282.759987517260015,245.348334744572639],[272.777935856138356,235.162123197689652],[277.325653078616597,230.999601430259645],[287.128544626990333,240.798923165537417]]]}},
{"type":"Feature","properties":{"height_m":11.48,"lidar_cover":0.81,"ground_z":50.240002},"geometry":{"type":"Polygon","coordinates":[[[282.759987517260015,245.348334744572639],[278.497513612615876,249.630267863161862],[261.15795975131914,231.975282356142998],[265.586584762320854,227.591829353943467],[272.777935856138356,235.162123197689652],[282.759987517260015,245.348334744572639]]]}},
{"type":"Feature","properties":{"height_m":10.9,"lidar_cover":0.94,"ground_z":51.720001},"geometry":{"type":"Polygon","coordinates":[[[261.15795975131914,231.975282356142998],[258.208717828441877,234.645889095962048],[254.58007233904209,237.922531212680042],[249.286232429614756,242.702841230668128],[270.186533943691757,257.84791206009686],[278.497513612615876,249.630267863161862],[261.15795975131914,231.975282356142998]]]}},
{"type":"Feature","properties":{"height_m":14.2,"lidar_cover":0.92,"ground_z":52.540001},"geometry":{"type":"Polygon","coordinates":[[[249.286232429614756,242.702841230668128],[244.343053228687495,239.563417416997254],[249.011422255192883,234.911198010668159],[250.302651812438853,233.622052355669439],[251.920485910610296,235.038910808041692],[255.582023149472661,231.706439195200801],[254.464438513852656,230.173782588914037],[262.731121739023365,222.567204708233476],[267.509317311225459,225.930272004567087],[265.586584762320854,227.591829353943467],[261.15795975131914,231.975282356142998],[258.208717828441877,234.645889095962048],[256.756929263006896,233.116417329758406],[252.976939126674552,236.294576241634786],[254.58007233904209,237.922531212680042],[249.286232429614756,242.702841230668128]]]}},
{"type":"Feature","properties":{"height_m":17.5,"lidar_cover":0.94,"ground_z":53.43},"geometry":{"type":"Polygon","coordinates":[[[221.339251621684525,222.906271821819246],[228.23027125588851,227.892401576973498],[233.207672063494101,223.226122527383268],[229.913497500005178,219.515839801169932],[231.230427080707159,218.293063356541097],[234.850451811915264,222.000240065157413],[242.509315562434494,214.621492554433644],[231.436774435918778,205.755878513678908],[227.222999608260579,215.144729148596525],[228.224142290535383,215.856874472461641],[225.821051870181691,217.967140142805874],[223.689424398180563,216.999304102733731],[221.339251621684525,222.906271821819246]]]}},
{"type":"Feature","properties":{"height_m":10.41,"lidar_cover":0.73,"ground_z":53.43},"geometry":{"type":"Polygon","coordinates":[[[228.23027125588851,227.892401576973498],[233.731783799245022,231.748182486742735],[245.98001224338077,220.195391826331615],[244.138696147652809,218.125591636635363],[249.507747546536848,213.344561459496617],[246.227228718344122,211.066420275717974],[242.509315562434494,214.621492554433644],[234.850451811915264,222.000240065157413],[235.300683062581811,222.773153347894549],[234.044779871823266,224.261817765422165],[233.207672063494101,223.226122527383268],[228.23027125588851,227.892401576973498]]]}},
{"type":"Feature","properties":{"height_m":7.77,"lidar_cover":0.89,"ground_z":52.900002},"geometry":{"type":"Polygon","coordinates":[[[233.731783799245022,231.748182486742735],[239.118329681281466,235.816019317135215],[242.845643434789963,232.371884670108557],[241.784007756737992,231.449358229525387],[244.194924094597809,229.283508526161313],[245.140117133618332,230.262659990228713],[251.434458689880557,224.373619919642806],[246.750690576387569,219.521869264543056],[245.98001224338077,220.195391826331615],[233.731783799245022,231.748182486742735]]]}},
{"type":"Feature","properties":{"height_m":12.34,"lidar_cover":0.91,"ground_z":52.970001},"geometry":{"type":"Polygon","coordinates":[[[239.118329681281466,235.816019317135215],[244.343053228687495,239.563417416997254],[249.011422255192883,234.911198010668159],[247.879137093783356,233.589638342149556],[247.638839162245858,232.048620466142893],[248.899929003033321,231.103952949866652],[250.799726387253031,233.173196869902313],[254.464438513852656,230.173782588914037],[262.731121739023365,222.567204708233476],[260.618217930372339,220.933003226295114],[259.525285573210567,221.987095377407968],[257.400953466363717,219.153886463493109],[251.434458689880557,224.373619919642806],[245.140117133618332,230.262659990228713],[242.845643434789963,232.371884670108557],[239.118329681281466,235.816019317135215]]]}},
{"type":"Feature","properties":{"height_m":6.1799998,"lidar_cover":0.98,"ground_z":48.349998},"geometry":{"type":"Polygon","coordinates":[[[372.609100476081949,360.229873597621918],[395.074229436577298,346.692625769414008],[390.595099396246951,339.618251252919436],[374.267844768241048,349.266595423221588],[362.00377952074632,327.543821893632412],[355.50089965085499,331.713796355761588],[368.245024310948793,352.954564860090613],[372.609100476081949,360.229873597621918]]]}},
{"type":"Feature","properties":{"height_m":19.620001,"lidar_cover":0.89,"ground_z":47.959999},"geometry":{"type":"Polygon","coordinates":[[[380.333279980870429,372.891448445618153],[390.80075467005372,366.507604979909956],[393.193467715987936,365.063668433576822],[397.621956017916091,362.42345745768398],[402.224001346505247,359.581745718605816],[404.5336970963981,358.194117297418416],[414.994020351325162,351.932510204613209],[407.972200848686043,341.073998333886266],[406.886712574691046,339.396675585769117],[395.074229436577298,346.692625769414008],[372.609100476081949,360.229873597621918],[373.610515928361565,361.852476639673114],[380.333279980870429,372.891448445618153]]]}},
{"type":"Feature","properties":{"height_m":19.0,"lidar_cover":0.92,"ground_z":47.220001},"geometry":{"type":"Polygon","coordinates":[[[395.074229436577298,346.692625769414008],[406.886712574691046,339.396675585769117],[402.194596747751348,331.891305242665112],[374.732605353754479,289.217497847042978],[364.716589926742017,299.150004864670336],[372.942147119087167,311.806801130995154],[377.371814656304196,318.948253369890153],[390.595099396246951,339.618251252919436],[395.074229436577298,346.692625769414008]]]}},
{"type":"Feature","properties":{"height_m":5.12,"lidar_cover":0.77,"ground_z":50.77},"geometry":{"type":"Polygon","coordinates":[[[653.185983311501332,823.089267267845571],[654.60484860651195,825.573980110697448],[671.376573535671923,816.177402082830667],[689.232994668011088,805.738016023300588],[687.74041996471351,803.409435957670212],[669.864866651885677,813.593639377504587],[653.185983311501332,823.089267267845571]]]}},
{"type":"Feature","properties":{"height_m":33.07,"lidar_cover":0.95,"ground_z":67.339996},"geometry":{"type":"Polygon","coordinates":[[[161.684205736615695,754.040730988606811],[168.169651369156782,765.60361569467932],[160.804435634519905,769.537744915112853],[159.730360549758188,767.305201767943799],[156.214738898619544,769.259572724811733],[157.526238259742968,771.856246252544224],[150.535185092303436,775.598064246587455],[143.879131097870413,763.670426331460476],[151.134887441643514,759.648501250892878],[151.712957585114054,760.686659802682698],[154.771521493908949,758.99201790895313],[154.295507642265875,758.141634995117784],[161.684205736615695,754.040730988606811]]]}},
{"type":"Feature","properties":{"height_m":33.029999,"lidar_cover":0.99,"ground_z":67.019997},"geometry":{"type":"Polygon","coordinates":[[[168.169651369156782,765.60361569467932],[174.899052380642388,777.341824921779335],[167.367497225233819,781.355255880393088],[166.312678041576874,779.388998818583786],[163.186966459150426,781.050968117080629],[164.292760978452861,783.105561774224043],[156.744720563234296,787.141367346048355],[150.535185092303436,775.598064246587455],[157.526238259742968,771.856246252544224],[160.222623086709064,776.860143299214542],[163.738983821007423,774.983487808145583],[160.804435634519905,769.537744915112853],[168.169651369156782,765.60361569467932]]]}},
{"type":"Feature","properties":{"height_m":32.959999,"lidar_cover":0.99,"ground_z":67.129997},"geometry":{"type":"Polygon","coordinates":[[[174.899052380642388,777.341824921779335],[181.801242655259557,789.677950563840568],[173.906550082494505,794.161164305172861],[171.433738676598296,788.944172447547317],[168.189795852755196,790.474032701924443],[170.997529846616089,795.765547518618405],[163.932786867721006,799.663497699424624],[156.744720563234296,787.141367346048355],[164.292760978452861,783.105561774224043],[165.637355092330836,785.6686119614169],[168.881299588188995,784.138750595040619],[167.367497225233819,781.355255880393088],[174.899052380642388,777.341824921779335]]]}},
{"type":"Feature","properties":{"height_m":4.73,"lidar_cover":0.89,"ground_z":63.91},"geometry":{"type":"Polygon","coordinates":[[[214.344941652263515,724.859331754036248],[221.534140301751904,738.380771797150373],[228.221184929832816,750.941050902940333],[234.338397691375576,762.451989494264126],[217.2170497297775,771.941747754812241],[210.252504716569092,759.195375302806497],[204.002107666805387,747.741241523995996],[196.731351640017238,734.431552328169346],[214.344941652263515,724.859331754036248]]]}},
{"type":"Feature","properties":{"height_m":33.41,"lidar_cover":0.97,"ground_z":64.839996},"geometry":{"type":"Polygon","coordinates":[[[196.731351640017238,734.431552328169346],[178.622362774098292,744.619206832721829],[185.854639814351685,757.396304138936102],[204.002107666805387,747.741241523995996],[196.731351640017238,734.431552328169346]]]}},
{"type":"Feature","properties":{"height_m":31.620001,"lidar_cover":0.99,"ground_z":66.410004},"geometry":{"type":"Polygon","coordinates":[[[210.252504716569092,759.195375302806497],[192.509146223659627,769.168552648276091],[185.854639814351685,757.396304138936102],[204.002107666805387,747.741241523995996],[210.252504716569092,759.195375302806497]]]}},
{"type":"Feature","properties":{"height_m":33.130001,"lidar_cover":0.99,"ground_z":65.82},"geometry":{"type":"Polygon","coordinates":[[[210.252504716569092,759.195375302806497],[217.2170497297775,771.941747754812241],[199.732808934291825,781.923539558425546],[192.509146223659627,769.168552648276091],[210.252504716569092,759.195375302806497]]]}},
{"type":"Feature","properties":{"height_m":31.91,"lidar_cover":0.99,"ground_z":62.529999},"geometry":{"type":"Polygon","coordinates":[[[228.221184929832816,750.941050902940333],[235.776597925752867,746.794222048483789],[237.394869099836797,750.02085230126977],[240.389902094495483,748.671044316142797],[238.602106673177332,745.190662018023431],[245.999536204850301,741.123071123845875],[253.309744274709374,754.199269875884056],[245.664123336551711,758.524587619118392],[242.768757634505164,752.800865560770035],[239.692721239058301,754.417915693484247],[242.837030639406294,759.961615889333189],[235.274120127724018,764.19733274448663],[234.338397691375576,762.451989494264126],[228.221184929832816,750.941050902940333]]]}},
{"type":"Feature","properties":{"height_m":32.060001,"lidar_cover":0.97,"ground_z":61.939999},"geometry":{"type":"Polygon","coordinates":[[[245.999536204850301,741.123071123845875],[239.361583030549809,728.451278708875179],[231.881339493382256,732.597386437468231],[233.411411984823644,735.33632718026638],[230.256482831668109,737.442663154564798],[228.807625845947769,734.458683711476624],[221.534140301751904,738.380771797150373],[228.221184929832816,750.941050902940333],[235.776597925752867,746.794222048483789],[233.137466806278098,741.656516652554274],[236.048110304807778,740.218688072636724],[238.602106673177332,745.190662018023431],[245.999536204850301,741.123071123845875]]]}},
{"type":"Feature","properties":{"height_m":31.940001,"lidar_cover":0.98,"ground_z":62.389999},"geometry":{"type":"Polygon","coordinates":[[[239.361583030549809,728.451278708875179],[231.883386638015509,715.287871785461903],[224.567048317985609,719.099335401318967],[227.628685367526487,724.73264126945287],[224.304332759580575,726.596330569125712],[221.32623943593353,720.96222927980125],[214.344941652263515,724.859331754036248],[221.534140301751904,738.380771797150373],[228.807625845947769,734.458683711476624],[227.019080382073298,730.90059067774564],[230.263062180427369,729.370757427997887],[231.881339493382256,732.597386437468231],[239.361583030549809,728.451278708875179]]]}},
{"type":"Feature","properties":{"height_m":17.219999,"lidar_cover":0.91,"ground_z":65.410004},"geometry":{"type":"Polygon","coordinates":[[[306.531153736868873,932.949193803593516],[331.735049632959999,936.983778894878924],[331.839739038958214,938.32623868342489],[347.534510226745624,940.497317096218467],[347.533021710289177,942.096155707724392],[345.378668525372632,942.227695844136178],[341.879801183124073,942.427552624605596],[335.154693235410377,942.50268979370594],[334.120345438132063,942.679083280265331],[326.064364292426035,943.377564121037722],[325.478603092546109,947.668880621902645],[289.146381633530837,941.94166780076921],[288.934445439022966,938.113169685006142],[299.148484298842959,936.794527967460454],[304.731066143605858,936.064064481295645],[306.825671428930946,935.799846040084958],[306.531153736868873,932.949193803593516]]]}},
{"type":"Feature","properties":{"height_m":21.059999,"lidar_cover":0.88,"ground_z":65.459999},"geometry":{"type":"Polygon","coordinates":[[[288.934445439022966,938.113169685006142],[287.194410346797667,934.376952927559614],[285.822178090747911,931.536570701748133],[284.374018589965999,929.496324597857893],[283.012786889332347,927.810544792562723],[281.379984401224647,925.683235192671418],[303.377326347515918,912.361062418669462],[305.172564339882229,921.89249612018466],[302.055027564056218,923.532122667878866],[302.965016312373336,925.211101780645549],[305.725960543379188,923.852446264587343],[306.531153736868873,932.949193803593516],[306.825671428930946,935.799846040084958],[304.731066143605858,936.064064481295645],[302.770020161755383,932.807376378215849],[298.225700914510526,935.526480327360332],[299.148484298842959,936.794527967460454],[288.934445439022966,938.113169685006142]]]}},
{"type":"Feature","properties":{"height_m":10.9,"lidar_cover":0.93,"ground_z":64.43},"geometry":{"type":"Polygon","coordinates":[[[303.377326347515918,912.361062418669462],[326.180786087992601,898.576060834340751],[328.084173851122614,910.693456279113889],[305.725960543379188,923.852446264587343],[305.172564339882229,921.89249612018466],[303.377326347515918,912.361062418669462]]]}},
{"type":"Feature","properties":{"height_m":16.91,"lidar_cover":0.94,"ground_z":64.620003},"geometry":{"type":"Polygon","coordinates":[[[325.478603092546109,947.668880621902645],[346.297176824416965,950.945867885835469],[347.140140737756155,945.58622164092958],[345.165143821272068,945.249730507843196],[345.378668525372632,942.227695844136178],[341.879801183124073,942.427552624605596],[341.307046705449466,944.575874871574342],[335.210736148466822,944.001054117456079],[335.154693235410377,942.50268979370594],[334.120345438132063,942.679083280265331],[326.064364292426035,943.377564121037722],[325.478603092546109,947.668880621902645]]]}},
{"type":"Feature","properties":{"height_m":17.620001,"lidar_cover":0.95,"ground_z":63.919998},"geometry":{"type":"Polygon","coordinates":[[[346.297176824416965,950.945867885835469],[360.916748512361664,953.393682070076466],[362.643941766174976,942.61848606262356],[358.351949722738937,942.004266044124961],[357.799380742595531,945.395924822427332],[351.420616485818755,944.113190499134362],[351.752689433749765,941.256571733392775],[351.291934448294342,941.127722688950598],[347.534510226745624,940.497317096218467],[347.533021710289177,942.096155707724392],[347.140140737756155,945.58622164092958],[346.297176824416965,950.945867885835469]]]}},
{"type":"Feature","properties":{"height_m":16.129999,"lidar_cover":0.94,"ground_z":63.349998},"geometry":{"type":"Polygon","coordinates":[[[362.643941766174976,942.61848606262356],[364.007342077617068,934.000725054182112],[359.219105793745257,926.018871006555855],[346.607564105303027,927.382458243519068],[352.155416803667322,936.167587987147272],[351.291934448294342,941.127722688950598],[351.752689433749765,941.256571733392775],[358.351949722738937,942.004266044124961],[362.643941766174976,942.61848606262356]]]}},
{"type":"Feature","properties":{"height_m":16.93,"lidar_cover":0.95,"ground_z":63.009998},"geometry":{"type":"Polygon","coordinates":[[[359.219105793745257,926.018871006555855],[344.811928854498547,902.007113761268556],[338.505131612473633,903.022014912217855],[339.751588579500094,911.081989395432174],[340.104151297651697,913.887678163126111],[340.429536675976124,916.471566774882376],[342.396598558407277,919.483942612074316],[341.383501219679601,920.137559386901557],[345.6983172930195,927.535453099757433],[346.607564105303027,927.382458243519068],[359.219105793745257,926.018871006555855]]]}},
{"type":"Feature","properties":{"height_m":13.74,"lidar_cover":0.92,"ground_z":64.260002},"geometry":{"type":"Polygon","coordinates":[[[331.546088766306639,895.205186545848846],[326.180786087992601,898.576060834340751],[328.084173851122614,910.693456279113889],[330.796425988955889,929.664771458134055],[336.552448188187554,928.721725102514029],[335.724331635050476,923.355783741921186],[334.436420228506904,914.452380468137562],[334.034786444739439,911.758188664913177],[333.285767055116594,906.802303522825241],[331.198449694435112,906.955415212549269],[330.680067446548492,903.4074083911255],[332.741159899916966,903.132413875311613],[331.546088766306639,895.205186545848846]]]}},
{"type":"Feature","properties":{"height_m":21.370001,"lidar_cover":0.89,"ground_z":62.77},"geometry":{"type":"Polygon","coordinates":[[[350.674461066606455,883.287247778847814],[369.384852405579295,872.217163030989468],[380.271287246490829,889.745040202513337],[388.057305743917823,902.816842015832663],[387.122560152201913,903.802795100025833],[384.833336372277699,906.444872196763754],[382.296336357889231,909.389087314717472],[379.106001487933099,913.03900605533272],[374.845775283116382,906.106897365301847],[373.32591091823997,907.065111775882542],[367.263166132732294,910.897813644260168],[350.674461066606455,883.287247778847814]]]}},
{"type":"Feature","properties":{"height_m":17.049999,"lidar_cover":1.0,"ground_z":61.540001},"geometry":{"type":"Polygon","coordinates":[[[88.730512926878873,572.649082157760859],[123.917573529062793,550.118159047327936],[129.237958674260881,558.649929252453148],[93.577438029460609,580.596894641406834],[88.730512926878873,572.649082157760859]]]}},
{"type":"Feature","properties":{"height_m":5.3400002,"lidar_cover":0.84,"ground_z":59.0},"geometry":{"type":"Polygon","coordinates":[[[130.514676980266813,546.224641758017242],[138.350253268377855,559.151373909786344],[132.975156440981664,562.389244352467358],[125.13946772296913,549.451415948569775],[130.514676980266813,546.224641758017242]]]}},
{"type":"Feature","properties":{"height_m":16.93,"lidar_cover":0.96,"ground_z":62.349998},"geometry":{"type":"Polygon","coordinates":[[[112.522119702305645,583.51363645400852],[101.565985794994049,590.291168429888785],[116.620446932211053,615.439881621859968],[124.942431935516652,610.186425898224115],[115.006392180453986,594.293076905421913],[116.840270238288213,592.965412840247154],[114.966202916635666,590.085443085059524],[116.104012123425491,589.363986647687852],[112.522119702305645,583.51363645400852]]]}},
{"type":"Feature","properties":{"height_m":3.98,"lidar_cover":0.95,"ground_z":63.720001},"geometry":{"type":"Polygon","coordinates":[[[76.193598665995523,591.499561196193099],[87.88102882145904,610.540464293211699],[98.040905423928052,627.12002163939178],[84.638685795129277,635.852865165099502],[77.923626592208166,624.769673543982208],[64.390475151187275,619.802764303050935],[76.193598665995523,591.499561196193099]]]}},
{"type":"Feature","properties":{"height_m":17.49,"lidar_cover":0.92,"ground_z":64.839996},"geometry":{"type":"Polygon","coordinates":[[[64.390475151187275,619.802764303050935],[59.567900865338743,631.884462340734899],[65.945992034685332,634.810189038515091],[66.352795150130987,633.662696660496294],[71.379309042473324,635.924067035317421],[69.302634540421423,637.198549013584852],[72.801202858332545,643.071880765259266],[84.638685795129277,635.852865165099502],[77.923626592208166,624.769673543982208],[64.390475151187275,619.802764303050935]]]}},
{"type":"Feature","properties":{"height_m":16.9,"lidar_cover":0.96,"ground_z":65.459999},"geometry":{"type":"Polygon","coordinates":[[[72.801202858332545,643.071880765259266],[63.010389924282208,649.372013087384403],[56.799347937456332,638.572699332609773],[59.567900865338743,631.884462340734899],[65.945992034685332,634.810189038515091],[66.810448494623415,635.212735455483198],[65.185089683334809,638.248274115845561],[65.891154244425707,639.562776437029243],[69.302634540421423,637.198549013584852],[72.801202858332545,643.071880765259266]]]}},
{"type":"Feature","properties":{"height_m":15.99,"lidar_cover":0.91,"ground_z":62.459999},"geometry":{"type":"Polygon","coordinates":[[[76.193598665995523,591.499561196193099],[84.831895742099732,586.120904107578099],[95.565659264917485,603.294533644802868],[91.433104684168939,605.399166912771761],[92.54329418297857,607.908929011784494],[87.88102882145904,610.540464293211699],[76.193598665995523,591.499561196193099]]]}},
{"type":"Feature","properties":{"height_m":15.73,"lidar_cover":0.94,"ground_z":62.75},"geometry":{"type":"Polygon","coordinates":[[[95.565659264917485,603.294533644802868],[106.853562474425416,621.628694641403854],[98.040905423928052,627.12002163939178],[87.88102882145904,610.540464293211699],[92.54329418297857,607.908929011784494],[91.433104684168939,605.399166912771761],[95.565659264917485,603.294533644802868]]]}},
{"type":"Feature","properties":{"height_m":18.639999,"lidar_cover":0.87,"ground_z":52.5},"geometry":{"type":"Polygon","coordinates":[[[231.339116536546499,292.792749019339681],[235.091304100700654,296.343224213458598],[218.598601789039094,313.16599836293608],[215.533838198229205,308.098975881002843],[221.230016978515778,302.582008386030793],[222.90238536207471,300.956134615465999],[231.339116536546499,292.792749019339681]]]}},
{"type":"Feature","properties":{"height_m":6.9499998,"lidar_cover":0.83,"ground_z":53.009998},"geometry":{"type":"Polygon","coordinates":[[[231.339116536546499,292.792749019339681],[227.788611140451394,289.362485005520284],[212.91898165945895,303.771560845896602],[215.533838198229205,308.098975881002843],[221.230016978515778,302.582008386030793],[220.571759741054848,301.899903221987188],[222.211449018970598,300.352061504498124],[222.90238536207471,300.956134615465999],[231.339116536546499,292.792749019339681]]]}},
{"type":"Feature","properties":{"height_m":20.049999,"lidar_cover":0.93,"ground_z":53.369999},"geometry":{"type":"Polygon","coordinates":[[[227.788611140451394,289.362485005520284],[220.500814519531559,282.192860908806324],[207.648648888105527,295.239253264851868],[212.91898165945895,303.771560845896602],[227.788611140451394,289.362485005520284]]]}},
{"type":"Feature","properties":{"height_m":17.450001,"lidar_cover":0.96,"ground_z":53.57},"geometry":{"type":"Polygon","coordinates":[[[220.500814519531559,282.192860908806324],[212.371884327963926,274.442810013890266],[209.972312578989659,276.919445138424635],[207.796211639186367,279.171890890225768],[201.722891898360103,285.447465926408768],[207.648648888105527,295.239253264851868],[220.500814519531559,282.192860908806324]]]}},
{"type":"Feature","properties":{"height_m":19.610001,"lidar_cover":0.85,"ground_z":54.549999},"geometry":{"type":"Polygon","coordinates":[[[212.371884327963926,274.442810013890266],[201.895867049053777,264.161479032598436],[199.437703792587854,266.62757355067879],[201.412808241089806,268.707189322449267],[198.993139223195612,270.828725708648562],[197.127709735999815,268.859093784354627],[193.777791933622211,272.443991055712104],[201.722891898360103,285.447465926408768],[207.796211639186367,279.171890890225768],[204.986123609996866,276.278619973920286],[207.220921904779971,274.047819425351918],[209.972312578989659,276.919445138424635],[212.371884327963926,274.442810013890266]]]}},
{"type":"Feature","properties":{"height_m":21.91,"lidar_cover":0.92,"ground_z":55.27},"geometry":{"type":"Polygon","coordinates":[[[201.895867049053777,264.161479032598436],[188.368053399957716,251.055821564979851],[185.263127920683473,258.424488076008856],[193.777791933622211,272.443991055712104],[197.127709735999815,268.859093784354627],[199.437703792587854,266.62757355067879],[201.895867049053777,264.161479032598436]]]}},
{"type":"Feature","properties":{"height_m":19.66,"lidar_cover":0.87,"ground_z":55.169998},"geometry":{"type":"Polygon","coordinates":[[[201.58628173492616,218.564657744020224],[191.330101216270123,243.599696126766503],[200.740182934852783,252.503312416374683],[205.791686066775583,247.725277339108288],[204.314505727961659,246.162749245762825],[207.803099674871191,243.098372906446457],[209.221158771775663,244.594847927801311],[212.708590858615935,241.408352768048644],[211.171866177115589,239.73536177072674],[214.778496568265837,236.780892621725798],[216.137540199211799,238.222417092882097],[221.713848337240051,233.272844836115837],[201.58628173492616,218.564657744020224]]]}},
{"type":"Feature","properties":{"height_m":17.629999,"lidar_cover":0.94,"ground_z":53.720001},"geometry":{"type":"Polygon","coordinates":[[[200.740182934852783,252.503312416374683],[217.775130812369753,268.873119643889368],[228.760274107276928,257.188004278577864],[230.356718115857802,255.485135960392654],[239.422673146647867,245.827968602068722],[221.713848337240051,233.272844836115837],[216.137540199211799,238.222417092882097],[216.964705631893594,239.091661118902266],[213.511855669843499,242.399956680834293],[212.708590858615935,241.408352768048644],[209.221158771775663,244.594847927801311],[209.947533618309535,245.409537750296295],[206.58490185282426,248.539329306222498],[205.791686066775583,247.725277339108288],[200.740182934852783,252.503312416374683]]]}},
{"type":"Feature","properties":{"height_m":15.09,"lidar_cover":0.92,"ground_z":52.68},"geometry":{"type":"Polygon","coordinates":[[[239.422673146647867,245.827968602068722],[252.763714627188165,255.127191917039454],[239.955122952524107,268.37296159658581],[234.598098560934886,263.016902060247958],[232.311958680103999,260.740390012972057],[234.496004526503384,258.443464484065771],[230.356718115857802,255.485135960392654],[239.422673146647867,245.827968602068722]]]}},
{"type":"Feature","properties":{"height_m":15.63,"lidar_cover":0.94,"ground_z":53.09},"geometry":{"type":"Polygon","coordinates":[[[234.598098560934886,263.016902060247958],[223.52527576405555,274.269830079749227],[229.176315726130269,279.789622225798666],[232.386857175384648,276.483643954619765],[231.374827618245035,275.505131428129971],[233.171154801384546,273.733740195631981],[233.991864389041439,274.802900546230376],[239.318343571445439,269.067414434626698],[239.955122952524107,268.37296159658581],[234.598098560934886,263.016902060247958]]]}},
{"type":"Feature","properties":{"height_m":15.5,"lidar_cover":0.85,"ground_z":53.48},"geometry":{"type":"Polygon","coordinates":[[[223.52527576405555,274.269830079749227],[217.775130812369753,268.873119643889368],[228.760274107276928,257.188004278577864],[232.311958680103999,260.740390012972057],[234.598098560934886,263.016902060247958],[223.52527576405555,274.269830079749227]]]}},
{"type":"Feature","properties":{"height_m":6.7800002,"lidar_cover":0.88,"ground_z":52.849998},"geometry":{"type":"Polygon","coordinates":[[[239.318343571445439,269.067414434626698],[242.886092356173322,272.553034406155348],[232.535293589695357,283.288330676034093],[229.176315726130269,279.789622225798666],[232.386857175384648,276.483643954619765],[233.991864389041439,274.802900546230376],[239.318343571445439,269.067414434626698]]]}},
{"type":"Feature","properties":{"height_m":6.6599998,"lidar_cover":0.96,"ground_z":52.740002},"geometry":{"type":"Polygon","coordinates":[[[232.535293589695357,283.288330676034093],[235.597395585558843,286.3235475551337],[246.165849561744835,275.630592590197921],[246.927214325929526,274.857232188805938],[244.875447532860562,272.622893936932087],[243.757036904455163,273.632819891907275],[242.886092356173322,272.553034406155348],[232.535293589695357,283.288330676034093]]]}},
{"type":"Feature","properties":{"height_m":7.1100001,"lidar_cover":0.89,"ground_z":52.209999},"geometry":{"type":"Polygon","coordinates":[[[235.597395585558843,286.3235475551337],[239.246889266185462,289.619636363349855],[253.80132484639762,274.569650497287512],[252.660056568100117,273.181558141484857],[248.183348235965241,277.776434328407049],[246.165849561744835,275.630592590197921],[235.597395585558843,286.3235475551337]]]}},
{"type":"Feature","properties":{"height_m":17.9,"lidar_cover":0.6,"ground_z":49.23},"geometry":{"type":"Polygon","coordinates":[[[315.08357237605378,412.383928352035582],[313.495088023948483,409.656630166806281],[308.404314422397874,401.533350721001625],[302.760412855946925,392.360563985072076],[304.405596826050896,391.390041107311845],[298.810754805745091,382.105760649777949],[292.052443529013544,370.856244708411396],[298.299103452125564,366.988431371748447],[310.842044377932325,359.196834112517536],[324.705949398223311,350.604372631758451],[338.445196277927607,342.079742898233235],[345.057306231756229,337.975330488756299],[351.914977629086934,349.135125016793609],[363.534253269375768,368.077181022614241],[370.332538914284669,379.148733960464597],[363.021279142994899,383.537350966595113],[349.769847958988976,391.513248465023935],[330.619636196934152,403.031654246151447],[315.08357237605378,412.383928352035582]]]}},
{"type":"Feature","properties":{"height_m":16.9,"lidar_cover":1.0,"ground_z":51.32},"geometry":{"type":"Polygon","coordinates":[[[280.729115679278038,414.565369031392038],[284.795112319465261,421.243907978758216],[289.090385700634215,428.308867718093097],[295.811425053863786,424.247781420126557],[287.450163518136833,410.504275149665773],[280.729115679278038,414.565369031392038]]]}},
{"type":"Feature","properties":{"height_m":17.200001,"lidar_cover":1.0,"ground_z":50.939999},"geometry":{"type":"Polygon","coordinates":[[[272.265968464780599,400.656306322664022],[276.4932628145325,407.599774323403835],[280.729115679278038,414.565369031392038],[287.450163518136833,410.504275149665773],[278.978669956733938,396.59528437256813],[272.265968464780599,400.656306322664022]]]}},
{"type":"Feature","properties":{"height_m":17.66,"lidar_cover":0.99,"ground_z":48.200001},"geometry":{"type":"Polygon","coordinates":[[[500.127609077550005,432.55235742777586],[508.612415407900698,445.273457522504032],[493.314587555651087,455.089407316409051],[484.978781642101239,442.222570994868875],[500.127609077550005,432.55235742777586]]]}},
{"type":"Feature","properties":{"height_m":19.25,"lidar_cover":0.98,"ground_z":46.330002},"geometry":{"type":"Polygon","coordinates":[[[500.127609077550005,432.55235742777586],[491.929500423197169,419.228985180146992],[476.783503063896205,429.198967670090497],[484.978781642101239,442.222570994868875],[500.127609077550005,432.55235742777586]]]}},
{"type":"Feature","properties":{"height_m":19.08,"lidar_cover":0.92,"ground_z":46.400002},"geometry":{"type":"Polygon","coordinates":[[[491.929500423197169,419.228985180146992],[483.886074891779572,406.359372638165951],[468.185366524732672,415.990451388061047],[476.783503063896205,429.198967670090497],[491.929500423197169,419.228985180146992]]]}},
{"type":"Feature","properties":{"height_m":17.57,"lidar_cover":0.97,"ground_z":47.23},"geometry":{"type":"Polygon","coordinates":[[[522.930412681773305,402.657678974792361],[531.645038797811139,414.943608972243965],[525.422072641085833,419.554890853352845],[522.408514615381137,415.453212111257017],[519.665520067210309,416.967049370519817],[522.568357159034349,420.847719606012106],[516.244088856852613,425.348942161537707],[507.842928425874561,412.638141884468496],[514.16815181216225,408.236829526722431],[516.969444347603712,412.862358323298395],[520.038386981468648,411.356528129428625],[516.809940838254988,406.624024847522378],[522.930412681773305,402.657678974792361]]]}},
{"type":"Feature","properties":{"height_m":17.59,"lidar_cover":0.97,"ground_z":47.220001},"geometry":{"type":"Polygon","coordinates":[[[531.645038797811139,414.943608972243965],[540.150522902840748,428.086460052989423],[534.141733803087845,432.373716602101922],[530.803743769472931,427.542320836335421],[528.271521731861867,429.254006733186543],[531.292027013842016,434.088415392674506],[525.077432806254365,438.699618591926992],[516.244088856852613,425.348942161537707],[522.568357159034349,420.847719606012106],[525.801747420395259,426.102016231976449],[528.440581097907852,424.178361619822681],[525.422072641085833,419.554890853352845],[531.645038797811139,414.943608972243965]]]}},
{"type":"Feature","properties":{"height_m":17.43,"lidar_cover":0.97,"ground_z":47.669998},"geometry":{"type":"Polygon","coordinates":[[[540.150522902840748,428.086460052989423],[548.771891245327424,441.117191552184522],[542.655443305207882,445.50538943707943],[539.634001795726363,440.571058709174395],[536.894912817224395,442.495661048218608],[540.230889864265919,447.116122895851731],[533.579846034524962,451.520506212487817],[525.077432806254365,438.699618591926992],[531.292027013842016,434.088415392674506],[534.089294075558428,438.292077340185642],[536.523257977387402,436.792281871661544],[534.141733803087845,432.373716602101922],[540.150522902840748,428.086460052989423]]]}},
{"type":"Feature","properties":{"height_m":17.639999,"lidar_cover":0.94,"ground_z":46.330002},"geometry":{"type":"Polygon","coordinates":[[[548.560995264735539,408.332236040383577],[556.75732425309252,421.478040223941207],[563.193183935945854,417.286676902323961],[560.603850913059432,412.981104486621916],[563.026418833993375,411.159441440366209],[565.932289447518997,415.362084795720875],[572.053727769642137,411.495698048733175],[563.443778281740379,398.786816204898059],[557.106053633324336,402.755188917741179],[559.908616758068092,406.636825319379568],[557.803534874401521,408.455476514063776],[554.790096432145219,404.364886450581253],[548.560995264735539,408.332236040383577]]]}},
{"type":"Feature","properties":{"height_m":16.6,"lidar_cover":0.92,"ground_z":47.209999},"geometry":{"type":"Polygon","coordinates":[[[572.053727769642137,411.495698048733175],[580.985241065442096,424.634553486481309],[565.376319464470726,435.141680498607457],[556.75732425309252,421.478040223941207],[563.193183935945854,417.286676902323961],[565.932289447518997,415.362084795720875],[572.053727769642137,411.495698048733175]]]}},
{"type":"Feature","properties":{"height_m":15.08,"lidar_cover":0.91,"ground_z":58.630001},"geometry":{"type":"Polygon","coordinates":[[[127.275517459958792,288.389664024114609],[134.794406224798877,291.748680246993899],[103.133360314124729,367.762025437317789],[95.403316148091108,367.658223466947675],[127.275517459958792,288.389664024114609]]]}},
{"type":"Feature","properties":{"height_m":16.93,"lidar_cover":0.97,"ground_z":56.8},"geometry":{"type":"Polygon","coordinates":[[[140.366754201008007,294.271361110731959],[147.572042531450279,297.167060767300427],[118.337836269522086,368.327389562502503],[110.661612333846278,367.734527718275785],[140.366754201008007,294.271361110731959]]]}},
{"type":"Feature","properties":{"height_m":24.58,"lidar_cover":0.95,"ground_z":63.669998},"geometry":{"type":"Polygon","coordinates":[[[13.677351756661665,580.083896803669631],[18.506227927457076,589.630658539943397],[37.661902171093971,569.173473657108843],[32.858952324604616,559.715275381691754],[13.677351756661665,580.083896803669631]]]}},
{"type":"Feature","properties":{"height_m":19.889999,"lidar_cover":0.79,"ground_z":65.419998},"geometry":{"type":"Polygon","coordinates":[[[5.902254029759206,584.85482244566083],[11.996566558547784,577.324236456304789],[17.833106464298908,590.014597248286009],[15.389845087309368,593.146793962456286],[5.902254029759206,584.85482244566083]]]}},
{"type":"Feature","properties":{"height_m":10.17,"lidar_cover":0.79,"ground_z":62.380001},"geometry":{"type":"Polygon","coordinates":[[[32.173978079168592,557.112632130272686],[21.278096902417019,562.324193796142936],[18.190424950793386,556.61350008379668],[29.594009298481978,550.320092408917844],[32.173978079168592,557.112632130272686]]]}},
{"type":"Feature","properties":{"height_m":8.3599997,"lidar_cover":0.96,"ground_z":62.330002},"geometry":{"type":"Polygon","coordinates":[[[29.594009298481978,550.320092408917844],[27.123881628678646,545.402901851572096],[26.275411639420781,545.79961954895407],[8.025239768612664,554.356909228488803],[7.16841708793072,554.753709123469889],[9.921483843354508,560.423187318257987],[18.190424950793386,556.61350008379668],[29.594009298481978,550.320092408917844]]]}},
{"type":"Feature","properties":{"height_m":5.4,"lidar_cover":0.95,"ground_z":60.470001},"geometry":{"type":"Polygon","coordinates":[[[72.906618346110918,544.820864446461201],[81.203037411905825,524.645240820944309],[87.229755605338141,526.641697670333087],[100.938366424525157,518.472188266925514],[105.526101867086254,526.400278776884079],[84.015356245043222,540.018157196231186],[92.602445810451172,553.759278683923185],[85.246996208559722,557.859930622391403],[84.22533061041031,555.87116234190762],[82.102853346150368,550.606440372765064],[72.906618346110918,544.820864446461201]]]}},
{"type":"Feature","properties":{"height_m":15.64,"lidar_cover":0.93,"ground_z":60.650002},"geometry":{"type":"Polygon","coordinates":[[[92.602445810451172,553.759278683923185],[84.015356245043222,540.018157196231186],[105.526101867086254,526.400278776884079],[107.458585633547045,538.01770849712193],[108.353427175316028,543.34967883490026],[92.602445810451172,553.759278683923185]]]}},
{"type":"Feature","properties":{"height_m":5.8200002,"lidar_cover":0.94,"ground_z":59.810001},"geometry":{"type":"Polygon","coordinates":[[[108.353427175316028,543.34967883490026],[123.080017838452477,534.160118818283081],[120.995902703376487,531.160021073184907],[107.458585633547045,538.01770849712193],[108.353427175316028,543.34967883490026]]]}},
{"type":"Feature","properties":{"height_m":17.950001,"lidar_cover":0.98,"ground_z":59.07},"geometry":{"type":"Polygon","coordinates":[[[105.526101867086254,526.400278776884079],[114.147343196615111,520.100277673453093],[115.317310281679966,519.245278903283179],[121.40431125392206,530.17906117811799],[107.458585633547045,538.01770849712193],[105.526101867086254,526.400278776884079]]]}},
{"type":"Feature","properties":{"height_m":6.54,"lidar_cover":0.91,"ground_z":59.16},"geometry":{"type":"Polygon","coordinates":[[[100.938366424525157,518.472188266925514],[105.526101867086254,526.400278776884079],[114.147343196615111,520.100277673453093],[110.052546919905581,512.167473345994949],[100.938366424525157,518.472188266925514]]]}},
{"type":"Feature","properties":{"height_m":19.65,"lidar_cover":0.91,"ground_z":59.560001},"geometry":{"type":"Polygon","coordinates":[[[90.235543020826299,492.304866979829967],[101.582151956099551,496.648745263926685],[94.906292881059926,514.166357864625752],[93.112425501574762,513.561731681227684],[90.636635203729384,520.291567449457943],[87.764470044581685,519.641730714589357],[87.026672858512029,522.00260557141155],[84.204716928827111,520.486260492354631],[77.684556037711445,519.316139817237854],[80.741882157686632,512.236550777219236],[82.122228202526458,512.412110444158316],[90.235543020826299,492.304866979829967]]]}},
{"type":"Feature","properties":{"height_m":36.459999,"lidar_cover":0.94,"ground_z":67.470001},"geometry":{"type":"Polygon","coordinates":[[[18.019499311223626,677.637319679372013],[18.814780422486365,677.796257027424872],[20.222483708406799,688.696996001526713],[19.313318935455754,688.861133486963809],[19.912970040400978,692.152975158765912],[21.963634728803299,691.655933910049498],[22.313109375885688,693.251416673883796],[42.693268739443738,690.780411309562624],[43.678049728332553,690.65996556263417],[42.972166514256969,688.490536193363369],[40.469820434344001,688.936375679448247],[40.329925894970074,686.539475468918681],[40.005306458973791,684.921548356302083],[41.695452584186569,684.294724687933922],[40.919610871060286,674.809118391014636],[38.591326987021603,675.108955645933747],[38.633917304512579,674.320238716900349],[39.793616648064926,674.142605103552341],[39.59502709802473,671.724060297012329],[31.616822860145476,672.721898800693452],[31.462577204918489,674.066831244155765],[25.977662177581806,675.41833280492574],[26.039581271936186,674.029871420934796],[17.494400743220467,674.278147360309958],[18.019499311223626,677.637319679372013]]]}},
{"type":"Feature","properties":{"height_m":36.040001,"lidar_cover":0.95,"ground_z":67.220001},"geometry":{"type":"Polygon","coordinates":[[[24.13392557046609,708.034239160828292],[32.296846138662659,707.134551563300192],[32.142502429836895,705.848084953613579],[37.525473959860392,705.197048442438245],[37.536090258741751,706.307242289185524],[45.34631716273725,705.222191952168941],[45.266604887787253,703.002363447099924],[43.946580699644983,703.014984959736466],[42.693268739443738,690.780411309562624],[22.313109375885688,693.251416673883796],[22.539673180144746,694.226309624500573],[24.13392557046609,708.034239160828292]]]}},
{"type":"Feature","properties":{"height_m":37.060001,"lidar_cover":0.89,"ground_z":68.080002},"geometry":{"type":"Polygon","coordinates":[[[47.499967221403494,754.820700484327972],[72.531174028059468,751.195011329837143],[65.827610101958271,714.208531402051449],[41.410619549278636,718.29469167906791],[47.499967221403494,754.820700484327972]]]}},
{"type":"Feature","properties":{"height_m":36.959999,"lidar_cover":0.88,"ground_z":69.080002},"geometry":{"type":"Polygon","coordinates":[[[67.982392297417391,763.940268250182271],[70.641481658734847,784.266565994359553],[72.317338402383029,783.895253450609744],[74.982261333905626,798.714432022534311],[97.968652660783846,797.08469722699374],[92.855926903430372,761.304318815469742],[67.982392297417391,763.940268250182271]]]}},
{"type":"Feature","properties":{"height_m":36.990002,"lidar_cover":0.75,"ground_z":69.419998},"geometry":{"type":"Polygon","coordinates":[[[101.123705111269373,808.990227764472365],[108.338022649346385,842.618768788874149],[134.359734155936167,838.628530219197273],[131.539730448217597,820.6797801759094],[126.522829251596704,803.662454791367054],[101.009425493946765,806.648596446961164],[101.123705111269373,808.990227764472365]]]}},
{"type":"Feature","properties":{"height_m":7.0,"lidar_cover":0.95,"ground_z":60.900002},"geometry":{"type":"Polygon","coordinates":[[[389.35020010964945,819.166058368980885],[398.894717355258763,832.643052848987281],[391.347841156297363,839.443234281614423],[387.948792504321318,836.089175782166421],[377.297987405909225,844.206846895627677],[369.834195532137528,834.274122847244143],[389.35020010964945,819.166058368980885]]]}},
{"type":"Feature","properties":{"height_m":19.280001,"lidar_cover":0.9,"ground_z":56.369999},"geometry":{"type":"Polygon","coordinates":[[[143.327987587952521,363.758619302883744],[161.955272339109797,371.008679587393999],[168.408060243469663,365.106946629472077],[145.842162061133422,356.662041896954179],[143.327987587952521,363.758619302883744]]]}},
{"type":"Feature","properties":{"height_m":20.67,"lidar_cover":0.88,"ground_z":55.369999},"geometry":{"type":"Polygon","coordinates":[[[151.577891183376778,344.793755912221968],[145.842162061133422,356.662041896954179],[168.408060243469663,365.106946629472077],[177.992436888744123,355.51136599201709],[151.577891183376778,344.793755912221968]]]}},
{"type":"Feature","properties":{"height_m":20.639999,"lidar_cover":0.76,"ground_z":53.830002},"geometry":{"type":"Polygon","coordinates":[[[151.577891183376778,344.793755912221968],[156.284685394377448,331.924928422085941],[178.697396692761686,340.071549052372575],[183.143462299602106,349.78861266747117],[177.992436888744123,355.51136599201709],[151.577891183376778,344.793755912221968]]]}},
{"type":"Feature","properties":{"height_m":17.33,"lidar_cover":0.8,"ground_z":53.43},"geometry":{"type":"Polygon","coordinates":[[[156.284685394377448,331.924928422085941],[160.888603547471575,319.656645408831537],[172.398827514320146,323.610473933629692],[178.697396692761686,340.071549052372575],[156.284685394377448,331.924928422085941]]]}},
{"type":"Feature","properties":{"height_m":19.1,"lidar_cover":0.86,"ground_z":53.200001},"geometry":{"type":"Polygon","coordinates":[[[160.888603547471575,319.656645408831537],[165.485151708300691,308.365495166741312],[176.122349799552467,312.771779497154057],[178.060201398911886,313.574906064197421],[174.316470619756728,324.047395206056535],[172.398827514320146,323.610473933629692],[160.888603547471575,319.656645408831537]]]}},
{"type":"Feature","properties":{"height_m":19.07,"lidar_cover":0.92,"ground_z":55.040001},"geometry":{"type":"Polygon","coordinates":[[[165.485151708300691,308.365495166741312],[174.825321765441913,287.180772205814719],[182.460417940223124,290.46100802347064],[188.694486837892327,300.161015171557665],[177.463152851152699,311.426632349379361],[176.122349799552467,312.771779497154057],[165.485151708300691,308.365495166741312]]]}},
{"type":"Feature","properties":{"height_m":20.75,"lidar_cover":0.91,"ground_z":54.209999},"geometry":{"type":"Polygon","coordinates":[[[188.694486837892327,300.161015171557665],[191.554633162391838,305.674096416682005],[179.981157705246005,316.11025329772383],[177.463152851152699,311.426632349379361],[188.694486837892327,300.161015171557665]]]}},
{"type":"Feature","properties":{"height_m":21.129999,"lidar_cover":0.94,"ground_z":53.41},"geometry":{"type":"Polygon","coordinates":[[[191.554633162391838,305.674096416682005],[197.978123478998896,317.715024787001312],[186.641975902253762,327.627069232985377],[179.981157705246005,316.11025329772383],[191.554633162391838,305.674096416682005]]]}},
{"type":"Feature","properties":{"height_m":21.1,"lidar_cover":0.96,"ground_z":52.84},"geometry":{"type":"Polygon","coordinates":[[[197.978123478998896,317.715024787001312],[205.186837128887419,327.983101251535118],[190.469218591635581,343.423350510187447],[183.478112838929519,330.566226559691131],[186.641975902253762,327.627069232985377],[197.978123478998896,317.715024787001312]]]}},
{"type":"Feature","properties":{"height_m":21.83,"lidar_cover":0.96,"ground_z":51.91},"geometry":{"type":"Polygon","coordinates":[[[209.596055315050762,336.4681052910164],[239.874000023934059,385.198871402069926],[211.865237667225301,402.6755111515522],[201.386238700477406,385.055166229605675],[212.796902228496037,377.707211362197995],[195.100629106920678,350.673799734562635],[209.596055315050762,336.4681052910164]]]}},
{"type":"Feature","properties":{"height_m":18.360001,"lidar_cover":0.68,"ground_z":51.939999},"geometry":{"type":"Polygon","coordinates":[[[176.459915825049393,370.914668502286077],[198.192103122128174,408.468433144502342],[206.801643057726324,404.422557418234646],[182.846074070374016,364.15865789167583],[176.459915825049393,370.914668502286077]]]}},
{"type":"Feature","properties":{"height_m":17.92,"lidar_cover":0.89,"ground_z":58.150002},"geometry":{"type":"Polygon","coordinates":[[[233.926041753438767,639.468577501364052],[238.277086545014754,647.132535089738667],[267.9241568694124,630.695137281902134],[263.173692829615902,622.324380974285305],[233.926041753438767,639.468577501364052]]]}},
{"type":"Feature","properties":{"height_m":17.41,"lidar_cover":0.92,"ground_z":57.23},"geometry":{"type":"Polygon","coordinates":[[[264.755027470004279,617.290778331458569],[273.571842461125925,613.098662335425615],[286.080973901902325,638.63836894184351],[276.446697446110193,642.971495540812612],[264.755027470004279,617.290778331458569]]]}},
{"type":"Feature","properties":{"height_m":21.700001,"lidar_cover":0.85,"ground_z":58.349998},"geometry":{"type":"Polygon","coordinates":[[[280.107682512141764,663.277204230427742],[293.716513648396358,656.041655520908535],[303.269243148970418,672.094333664514124],[289.911815393192228,681.159455651417375],[280.107682512141764,663.277204230427742]]]}},
{"type":"Feature","properties":{"height_m":14.68,"lidar_cover":0.85,"ground_z":52.119999},"geometry":{"type":"Polygon","coordinates":[[[244.40115865401458,296.498734577558935],[264.16637934895698,274.97049705311656],[272.026620648684911,282.589929964393377],[268.715591935266275,285.874642044305801],[252.409033285221085,302.950930403545499],[244.40115865401458,296.498734577558935]]]}},
{"type":"Feature","properties":{"height_m":3.73,"lidar_cover":0.75,"ground_z":51.810001},"geometry":{"type":"Polygon","coordinates":[[[252.409033285221085,302.950930403545499],[262.634056730836164,312.33538633864373],[264.000469709513709,311.045526206493378],[282.583840518957004,293.514556802809238],[282.061066332622431,292.142773191444576],[279.687593420792837,290.344505001790822],[276.182494654029142,293.431209887377918],[268.715591935266275,285.874642044305801],[252.409033285221085,302.950930403545499]]]}},
{"type":"Feature","properties":{"height_m":7.9099998,"lidar_cover":0.77,"ground_z":51.360001},"geometry":{"type":"Polygon","coordinates":[[[264.000469709513709,311.045526206493378],[269.135763357160613,315.937396191060543],[282.850577558740042,302.216719052754343],[285.231022281979676,299.484923001378775],[286.519073252915405,297.862725707702339],[287.895011669374071,296.694911838509142],[283.926570489536971,292.369264461100101],[282.583840518957004,293.514556802809238],[264.000469709513709,311.045526206493378]]]}},
{"type":"Feature","properties":{"height_m":11.99,"lidar_cover":0.92,"ground_z":51.650002},"geometry":{"type":"Polygon","coordinates":[[[269.135763357160613,315.937396191060543],[267.882197627099231,317.670297543518245],[286.438828194746748,335.047231008298695],[297.390773153631017,316.367684087716043],[282.850577558740042,302.216719052754343],[269.135763357160613,315.937396191060543]]]}},
{"type":"Feature","properties":{"height_m":22.610001,"lidar_cover":0.91,"ground_z":48.700001},"geometry":{"type":"Polygon","coordinates":[[[286.438828194746748,335.047231008298695],[298.261468410200905,346.370632598176599],[330.922472939302679,312.850710993632674],[310.029332454723772,297.549960277974606],[297.390773153631017,316.367684087716043],[286.438828194746748,335.047231008298695]]]}},
{"type":"Feature","properties":{"height_m":10.18,"lidar_cover":0.82,"ground_z":50.220001},"geometry":{"type":"Polygon","coordinates":[[[297.390773153631017,316.367684087716043],[282.850577558740042,302.216719052754343],[285.231022281979676,299.484923001378775],[286.519073252915405,297.862725707702339],[287.895011669374071,296.694911838509142],[296.871726665529422,287.316239971667528],[310.029332454723772,297.549960277974606],[297.390773153631017,316.367684087716043]]]}},
{"type":"Feature","properties":{"height_m":11.59,"lidar_cover":0.91,"ground_z":50.57},"geometry":{"type":"Polygon","coordinates":[[[287.895011669374071,296.694911838509142],[296.871726665529422,287.316239971667528],[291.729663807316683,282.590959042310715],[282.905454751569778,291.313110900111496],[283.926570489536971,292.369264461100101],[287.895011669374071,296.694911838509142]]]}},
{"type":"Feature","properties":{"height_m":20.889999,"lidar_cover":0.94,"ground_z":52.360001},"geometry":{"type":"Polygon","coordinates":[[[223.449536912026815,318.02723950240761],[226.827375008782838,327.010617981664836],[246.816785186994821,307.101220563054085],[239.909129946958274,300.360968508757651],[223.449536912026815,318.02723950240761]]]}},
{"type":"Feature","properties":{"height_m":2.9200001,"lidar_cover":0.68,"ground_z":52.150002},"geometry":{"type":"Polygon","coordinates":[[[226.827375008782838,327.010617981664836],[229.441156599903479,331.227018685080111],[237.387558540911414,323.345887888222933],[241.741551603132393,319.029747287742794],[249.563819030241575,311.271946327760816],[246.816785186994821,307.101220563054085],[226.827375008782838,327.010617981664836]]]}},
{"type":"Feature","properties":{"height_m":16.57,"lidar_cover":0.95,"ground_z":52.060001},"geometry":{"type":"Polygon","coordinates":[[[229.441156599903479,331.227018685080111],[235.293649219034705,340.353349887765944],[242.800830001884606,332.853912398219109],[237.387558540911414,323.345887888222933],[229.441156599903479,331.227018685080111]]]}},
{"type":"Feature","properties":{"height_m":20.92,"lidar_cover":0.9,"ground_z":51.41},"geometry":{"type":"Polygon","coordinates":[[[242.800830001884606,332.853912398219109],[245.940291111823171,330.858764019794762],[255.203437927993946,347.158407147973776],[256.273732187633868,348.991293877363205],[243.448559784214012,356.974427005276084],[234.420939810224809,342.593361520208418],[235.293649219034705,340.353349887765944],[242.800830001884606,332.853912398219109]]]}},
{"type":"Feature","properties":{"height_m":21.25,"lidar_cover":0.91,"ground_z":50.18},"geometry":{"type":"Polygon","coordinates":[[[243.448559784214012,356.974427005276084],[255.83413113176357,377.385702138766646],[294.015121903619729,353.217183605767787],[284.981046987057198,343.410529527813196],[284.293505601061042,344.038844530470669],[273.963477631099522,353.441533014178276],[265.389707072405145,361.25088210310787],[257.138524342968594,348.550036722794175],[243.448559784214012,356.974427005276084]]]}},
{"type":"Feature","properties":{"height_m":7.1500001,"lidar_cover":0.94,"ground_z":51.66},"geometry":{"type":"Polygon","coordinates":[[[284.293505601061042,344.038844530470669],[278.857038646703586,339.105422067455947],[278.583862366329413,339.374495459720492],[269.072306370479055,348.736083569936454],[273.963477631099522,353.441533014178276],[284.293505601061042,344.038844530470669]]]}},
{"type":"Feature","properties":{"height_m":3.73,"lidar_cover":0.67,"ground_z":52.310001},"geometry":{"type":"Polygon","coordinates":[[[278.583862366329413,339.374495459720492],[273.983840705361217,334.533033287152648],[264.239825342956465,344.052283881232142],[269.072306370479055,348.736083569936454],[278.583862366329413,339.374495459720492]]]}},
{"type":"Feature","properties":{"height_m":12.19,"lidar_cover":0.91,"ground_z":52.02},"geometry":{"type":"Polygon","coordinates":[[[264.239825342956465,344.052283881232142],[273.983840705361217,334.533033287152648],[268.994615824485663,329.184547612443566],[259.457891326746903,339.412417327053845],[264.239825342956465,344.052283881232142]]]}},
{"type":"Feature","properties":{"height_m":15.93,"lidar_cover":0.9,"ground_z":51.939999},"geometry":{"type":"Polygon","coordinates":[[[268.994615824485663,329.184547612443566],[263.965618774294853,324.047400141134858],[253.722206043777987,333.771276978775859],[259.457891326746903,339.412417327053845],[268.994615824485663,329.184547612443566]]]}},
{"type":"Feature","properties":{"height_m":6.6599998,"lidar_cover":0.96,"ground_z":51.98},"geometry":{"type":"Polygon","coordinates":[[[253.722206043777987,333.771276978775859],[246.965501472936012,327.085094501264393],[248.479759314272087,325.527351406402886],[256.762395236524753,316.97686112858355],[263.965618774294853,324.047400141134858],[253.722206043777987,333.771276978775859]]]}},
{"type":"Feature","properties":{"height_m":9.5100002,"lidar_cover":0.84,"ground_z":52.099998},"geometry":{"type":"Polygon","coordinates":[[[256.762395236524753,316.97686112858355],[249.563819030241575,311.271946327760816],[241.741551603132393,319.029747287742794],[248.479759314272087,325.527351406402886],[256.762395236524753,316.97686112858355]]]}},
{"type":"Feature","properties":{"height_m":55.450001,"lidar_cover":0.77,"ground_z":70.639999},"geometry":{"type":"Polygon","coordinates":[[[154.823687815282028,905.361735832877457],[157.527118566969875,900.606068779714406],[162.235739498864859,892.344934045337141],[168.436334995378274,895.960823843255639],[173.97322162182536,899.194450101815164],[185.61061163758859,892.055220247246325],[186.042601867811754,891.795730031095445],[194.818056671356317,904.32494802493602],[191.079362792370375,906.536800035275519],[182.413879775849637,911.660231155343354],[183.204610850953031,925.35372859518975],[181.751594055793248,925.434212722815573],[167.998485621705186,926.242755815386772],[166.961317039909773,912.118596543557942],[165.534826777176932,911.477138721384108],[154.823687815282028,905.361735832877457]]]}},
{"type":"Feature","properties":{"height_m":3.79,"lidar_cover":0.92,"ground_z":70.610001},"geometry":{"type":"Polygon","coordinates":[[[157.527118566969875,900.606068779714406],[151.325297709321603,894.236667572520673],[147.050408878945746,894.543953790329397],[143.036257930507418,865.281588438898325],[165.435397344117519,862.547375724650919],[167.906785428291187,882.497996985912323],[185.61061163758859,892.055220247246325],[173.97322162182536,899.194450101815164],[168.436334995378274,895.960823843255639],[162.235739498864859,892.344934045337141],[157.527118566969875,900.606068779714406]]]}},
{"type":"Feature","properties":{"height_m":4.25,"lidar_cover":0.95,"ground_z":70.230003},"geometry":{"type":"Polygon","coordinates":[[[181.751594055793248,925.434212722815573],[182.555322949949186,932.610152994282544],[194.698141580040101,931.1619275752455],[191.079362792370375,906.536800035275519],[182.413879775849637,911.660231155343354],[183.204610850953031,925.35372859518975],[181.751594055793248,925.434212722815573]]]}},
{"type":"Feature","properties":{"height_m":18.6,"lidar_cover":0.77,"ground_z":56.630001},"geometry":{"type":"Polygon","coordinates":[[[287.762308001634665,602.881973319686949],[288.390711329120677,604.819001242518425],[286.241547094541602,605.505654504522681],[287.915980900812428,608.487495655193925],[286.516729994502384,608.956048058345914],[293.434213605942205,621.147792253643274],[295.031859451031778,620.455292215570807],[296.255557098367717,623.485841039568186],[298.381238851230592,622.088825955055654],[296.924142897478305,624.378810183145106],[299.554702192195691,629.49441359937191],[313.570775098050945,622.02186321746558],[311.140947053674608,616.926548947580159],[301.174027486995328,595.992511209100485],[287.762308001634665,602.881973319686949]]]}},
{"type":"Feature","properties":{"height_m":18.709999,"lidar_cover":0.69,"ground_z":55.650002},"geometry":{"type":"Polygon","coordinates":[[[301.174027486995328,595.992511209100485],[316.993201839330141,587.459117042832077],[326.909855451609474,607.505418816581368],[311.140947053674608,616.926548947580159],[301.174027486995328,595.992511209100485]]]}},
{"type":"Feature","properties":{"height_m":17.0,"lidar_cover":0.95,"ground_z":57.669998},"geometry":{"type":"Polygon","coordinates":[[[301.62739931140095,632.183787375688553],[328.77955405972898,623.098352218046784],[347.571024472941644,653.830034186132252],[320.833083166973665,669.551016790792346],[301.62739931140095,632.183787375688553]]]}},
{"type":"Feature","properties":{"height_m":17.709999,"lidar_cover":0.89,"ground_z":55.150002},"geometry":{"type":"Polygon","coordinates":[[[326.909855451609474,607.505418816581368],[357.361185119021684,652.704269343055785],[369.566952765570022,645.526632032357156],[340.006453490757849,599.986162254586816],[326.909855451609474,607.505418816581368]]]}},
{"type":"Feature","properties":{"height_m":16.01,"lidar_cover":0.91,"ground_z":56.0},"geometry":{"type":"Polygon","coordinates":[[[366.143024535733275,658.005614262074232],[386.01112582575297,690.392587345093489],[392.971401214890648,686.029529917053878],[374.330932116485201,652.698209219612181],[366.143024535733275,658.005614262074232]]]}},
{"type":"Feature","properties":{"height_m":24.15,"lidar_cover":0.9,"ground_z":58.860001},"geometry":{"type":"Polygon","coordinates":[[[335.751349084777758,696.28918697219342],[324.752112655842211,678.362741783261299],[351.561621579516213,663.140724074095488],[361.940240186464507,681.705983155407012],[335.751349084777758,696.28918697219342]]]}},
{"type":"Feature","properties":{"height_m":16.42,"lidar_cover":0.82,"ground_z":58.439999},"geometry":{"type":"Polygon","coordinates":[[[343.914120836416259,711.167136093601584],[349.804148452705704,719.01635982748121],[382.265944809420034,699.843516025692225],[378.23138775624102,692.931463728658855],[343.914120836416259,711.167136093601584]]]}},
{"type":"Feature","properties":{"height_m":18.65,"lidar_cover":0.92,"ground_z":61.470001},"geometry":{"type":"Polygon","coordinates":[[[261.506586784671526,700.760373850353062],[279.514489425288048,691.339998928830028],[299.324630930204876,729.889429045841098],[290.604186392622069,736.290085216984153],[295.914513898489531,745.554863535799086],[279.398070608498529,757.159371643327177],[272.378734681755304,743.913831277750432],[283.608795623295009,737.833430174738169],[261.506586784671526,700.760373850353062]]]}},
{"type":"Feature","properties":{"height_m":5.14,"lidar_cover":0.87,"ground_z":59.049999},"geometry":{"type":"Polygon","coordinates":[[[313.103390604665037,735.243034407496452],[282.316436567576602,686.383591873571277],[303.269243148970418,672.094333664514124],[315.604635939642321,694.327066868543625],[309.16705146204913,698.296618269756436],[326.555070812464692,728.186688316985965],[313.103390604665037,735.243034407496452]]]}},
{"type":"Feature","properties":{"height_m":15.96,"lidar_cover":0.93,"ground_z":59.700001},"geometry":{"type":"Polygon","coordinates":[[[326.555070812464692,728.186688316985965],[333.847973241994623,724.542096060700715],[315.604635939642321,694.327066868543625],[309.16705146204913,698.296618269756436],[326.555070812464692,728.186688316985965]]]}},
{"type":"Feature","properties":{"height_m":17.25,"lidar_cover":0.85,"ground_z":62.5},"geometry":{"type":"Polygon","coordinates":[[[347.10092705063289,879.157663092017174],[368.86502953764284,865.882328417152166],[354.957840200688224,847.006456706672907],[335.738723600574303,861.68987893871963],[347.10092705063289,879.157663092017174]]]}},
{"type":"Feature","properties":{"height_m":24.74,"lidar_cover":0.93,"ground_z":58.009998},"geometry":{"type":"Polygon","coordinates":[[[498.662967005628161,953.915828390978277],[487.172190957702696,968.592056292109191],[486.331658460199833,974.218131768517196],[588.220327955437824,990.871138609014452],[591.623389667947777,970.886870248243213],[576.340706738526933,953.133929752744734],[560.023068451322615,966.312532723881304],[557.216092509101145,964.58490991499275],[556.735308438714128,965.866311499848962],[554.35002024268033,965.43373142555356],[554.45897132018581,964.588873755186796],[550.743877516244538,964.013476148247719],[550.819411097443663,963.168935629539192],[544.43403236370068,962.063742006197572],[544.240485706424806,962.798373523168266],[537.129021193832159,961.777799881994724],[537.195039490878116,960.81121717300266],[530.936130100977607,959.826967007480562],[530.777372243697755,960.705606830306351],[523.831934848742094,959.572440312243998],[523.93930110859219,958.561053035780787],[521.721621102653444,958.182406719774008],[514.423845368204638,967.456052058376372],[508.719837611715775,961.559050447307527],[498.662967005628161,953.915828390978277]]]}},
{"type":"Feature","properties":{"height_m":23.530001,"lidar_cover":0.89,"ground_z":57.450001},"geometry":{"type":"Polygon","coordinates":[[[576.340706738526933,953.133929752744734],[543.634253024123609,915.661041436716914],[527.554248338681646,916.912901566363871],[498.662967005628161,953.915828390978277],[508.719837611715775,961.559050447307527],[514.423845368204638,967.456052058376372],[521.721621102653444,958.182406719774008],[523.394873822049703,955.779384551569819],[524.060028117673937,956.317112335935235],[525.965937024215236,953.778646184131503],[525.351330062258057,953.284850003197789],[529.769220239948481,947.802458277903497],[530.231974260066636,948.142255521379411],[532.395816612057388,945.4903126610443],[531.25828857999295,944.479642814025283],[536.128824100247584,938.27126623224467],[540.629730320768431,943.291475674137473],[539.019325661705807,944.394852823577821],[544.04483205312863,950.10956908762455],[544.558371588587761,949.63837041053921],[548.94177808938548,954.604185581207275],[548.42929250956513,955.186403359286487],[552.284160459355917,959.924075982533395],[553.834397517261095,958.643625779077411],[557.923812042106874,963.445692662149668],[557.216092509101145,964.58490991499275],[560.023068451322615,966.312532723881304],[576.340706738526933,953.133929752744734]]]}},
{"type":"Feature","properties":{"height_m":23.469999,"lidar_cover":0.94,"ground_z":62.150002},"geometry":{"type":"Polygon","coordinates":[[[415.73785445059184,942.357580446638167],[423.764833029941656,943.880064487457275],[427.790958003955893,944.652292611077428],[431.189242925145663,945.297257636673748],[428.198093535553198,964.622619184665382],[412.206673277250957,961.998968150466681],[415.73785445059184,942.357580446638167]]]}},
{"type":"Feature","properties":{"height_m":23.42,"lidar_cover":0.92,"ground_z":62.02},"geometry":{"type":"Polygon","coordinates":[[[428.198093535553198,964.622619184665382],[442.708578664984088,967.027223082259297],[446.752894470351748,944.227737432345748],[436.972046249720734,942.777418388053775],[435.150326388305984,946.258858354762197],[431.189242925145663,945.297257636673748],[428.198093535553198,964.622619184665382]]]}},
{"type":"Feature","properties":{"height_m":23.530001,"lidar_cover":0.95,"ground_z":61.790001},"geometry":{"type":"Polygon","coordinates":[[[446.752894470351748,944.227737432345748],[461.339340628823265,946.709377838298678],[457.839591095689684,969.670222367160022],[442.708578664984088,967.027223082259297],[446.752894470351748,944.227737432345748]]]}},
{"type":"Feature","properties":{"height_m":24.23,"lidar_cover":0.89,"ground_z":61.099998},"geometry":{"type":"Polygon","coordinates":[[[457.839591095689684,969.670222367160022],[469.326884638692718,971.337512946687639],[479.967151054413989,957.724117001518607],[463.812441761256196,945.830945523455739],[462.611303998681251,946.919347202405334],[461.339340628823265,946.709377838298678],[457.839591095689684,969.670222367160022]]]}},
{"type":"Feature","properties":{"height_m":20.559999,"lidar_cover":0.88,"ground_z":59.84},"geometry":{"type":"Polygon","coordinates":[[[479.967151054413989,957.724117001518607],[490.21849761082558,944.503035862930119],[480.658282833290286,932.858060098253191],[464.957104582339525,944.954036730341613],[463.812441761256196,945.830945523455739],[479.967151054413989,957.724117001518607]]]}},
{"type":"Feature","properties":{"height_m":17.66,"lidar_cover":0.9,"ground_z":59.240002},"geometry":{"type":"Polygon","coordinates":[[[480.658282833290286,932.858060098253191],[471.718578748870641,921.451464410871267],[456.391223123297095,933.321847817860544],[459.224951284762938,936.981090125627816],[458.835570088180248,937.328982443548739],[464.957104582339525,944.954036730341613],[480.658282833290286,932.858060098253191]]]}},
{"type":"Feature","properties":{"height_m":17.620001,"lidar_cover":0.89,"ground_z":59.009998},"geometry":{"type":"Polygon","coordinates":[[[471.718578748870641,921.451464410871267],[462.587541152664926,910.135521424934268],[449.675242324010469,920.295317821204662],[447.179465357738081,923.183603188954294],[449.444491943344474,925.904498002491891],[448.38453199272044,926.902736358344555],[449.272078266600147,927.9823875175789],[454.732496791461017,934.614453300833702],[456.391223123297095,933.321847817860544],[471.718578748870641,921.451464410871267]]]}},
{"type":"Feature","properties":{"height_m":5.4200001,"lidar_cover":0.85,"ground_z":59.700001},"geometry":{"type":"Polygon","coordinates":[[[449.272078266600147,927.9823875175789],[440.689260853105225,938.300898117944598],[436.972046249720734,942.777418388053775],[446.752894470351748,944.227737432345748],[461.339340628823265,946.709377838298678],[462.611303998681251,946.919347202405334],[463.812441761256196,945.830945523455739],[464.957104582339525,944.954036730341613],[458.835570088180248,937.328982443548739],[459.224951284762938,936.981090125627816],[456.391223123297095,933.321847817860544],[454.732496791461017,934.614453300833702],[449.272078266600147,927.9823875175789]]]}},
{"type":"Feature","properties":{"height_m":25.23,"lidar_cover":0.95,"ground_z":59.700001},"geometry":{"type":"Polygon","coordinates":[[[447.179465357738081,923.183603188954294],[438.301191038452089,914.729846687056124],[427.497136435704306,927.811919482424855],[440.689260853105225,938.300898117944598],[449.272078266600147,927.9823875175789],[448.38453199272044,926.902736358344555],[449.444491943344474,925.904498002491891],[447.179465357738081,923.183603188954294]]]}},
{"type":"Feature","properties":{"height_m":24.32,"lidar_cover":0.95,"ground_z":60.8},"geometry":{"type":"Polygon","coordinates":[[[427.497136435704306,927.811919482424855],[415.73785445059184,942.357580446638167],[423.764833029941656,943.880064487457275],[423.799214063677937,943.102531380020082],[424.748556376900524,941.894385260529816],[427.790958003955893,944.652292611077428],[431.189242925145663,945.297257636673748],[435.150326388305984,946.258858354762197],[436.972046249720734,942.777418388053775],[440.689260853105225,938.300898117944598],[427.497136435704306,927.811919482424855]]]}},
{"type":"Feature","properties":{"height_m":23.57,"lidar_cover":0.96,"ground_z":58.790001},"geometry":{"type":"Polygon","coordinates":[[[438.301191038452089,914.729846687056124],[449.813521997770295,900.564072621054947],[453.152025037910789,898.433880806900561],[462.587541152664926,910.135521424934268],[449.675242324010469,920.295317821204662],[447.179465357738081,923.183603188954294],[438.301191038452089,914.729846687056124]]]}},
{"type":"Feature","properties":{"height_m":20.870001,"lidar_cover":0.93,"ground_z":57.68},"geometry":{"type":"Polygon","coordinates":[[[461.459999112761579,896.112118146382272],[482.360069276532158,922.027623695321381],[491.268274593923707,915.170191143639386],[492.910619585309178,913.911058767698705],[497.38958219892811,910.459905778989196],[500.526077293441631,905.533713661134243],[487.650545455166139,888.79066279437393],[462.005266474559903,895.462964971549809],[461.459999112761579,896.112118146382272]]]}},
{"type":"Feature","properties":{"height_m":18.879999,"lidar_cover":0.91,"ground_z":58.98},"geometry":{"type":"Polygon","coordinates":[[[482.360069276532158,922.027623695321381],[495.21157089737244,938.004790271632373],[506.957074064644985,922.87093716301024],[500.308001253171824,914.240491622127593],[498.683826055726968,912.135258266702294],[497.38958219892811,910.459905778989196],[492.910619585309178,913.911058767698705],[496.130111929029226,917.722091530449688],[494.265048099681735,919.283118466846645],[491.268274593923707,915.170191143639386],[482.360069276532158,922.027623695321381]]]}},
{"type":"Feature","properties":{"height_m":21.35,"lidar_cover":0.91,"ground_z":57.860001},"geometry":{"type":"Polygon","coordinates":[[[506.957074064644985,922.87093716301024],[516.647067886893637,910.354713558219373],[503.797195399121847,900.706170764751732],[500.526077293441631,905.533713661134243],[497.38958219892811,910.459905778989196],[498.683826055726968,912.135258266702294],[499.208273782976903,911.05329096596688],[501.493413752294146,912.375039941631258],[500.308001253171824,914.240491622127593],[506.957074064644985,922.87093716301024]]]}},
{"type":"Feature","properties":{"height_m":17.01,"lidar_cover":0.99,"ground_z":49.919998},"geometry":{"type":"Polygon","coordinates":[[[609.178399937867653,519.0418397244066],[618.729788468859624,534.128977333195508],[610.381987946399022,539.348790786229074],[565.628199633909389,567.353009938262403],[556.124098470900208,552.853946894407272],[609.178399937867653,519.0418397244066]]]}},
{"type":"Feature","properties":{"height_m":3.58,"lidar_cover":0.89,"ground_z":49.779999},"geometry":{"type":"Polygon","coordinates":[[[610.381987946399022,539.348790786229074],[618.44810916588176,552.007367738522589],[573.982644381758291,580.452920296229422],[565.628199633909389,567.353009938262403],[610.381987946399022,539.348790786229074]]]}},
{"type":"Feature","properties":{"height_m":17.049999,"lidar_cover":0.99,"ground_z":49.8},"geometry":{"type":"Polygon","coordinates":[[[573.982644381758291,580.452920296229422],[583.732120668224525,595.28276607953012],[636.476577900350094,561.418277584016323],[627.101342529058456,546.396065016277134],[618.44810916588176,552.007367738522589],[573.982644381758291,580.452920296229422]]]}},
{"type":"Feature","properties":{"height_m":16.9,"lidar_cover":0.85,"ground_z":49.439999},"geometry":{"type":"Polygon","coordinates":[[[520.896349414717406,498.19552453327924],[572.057825390947983,464.767522608861327],[585.096100236987695,484.51807504426688],[543.307772815518547,513.349219871684909],[534.491892702470068,519.428490335121751],[520.896349414717406,498.19552453327924]]]}},
{"type":"Feature","properties":{"height_m":16.870001,"lidar_cover":0.95,"ground_z":49.959999},"geometry":{"type":"Polygon","coordinates":[[[534.491892702470068,519.428490335121751],[548.622800085810013,540.734119839966297],[601.558717041974887,506.767641198821366],[591.730495769297704,491.572121887467802],[547.685548818728421,520.335823864676058],[543.307772815518547,513.349219871684909],[534.491892702470068,519.428490335121751]]]}},
{"type":"Feature","properties":{"height_m":17.129999,"lidar_cover":0.99,"ground_z":49.889999},"geometry":{"type":"Polygon","coordinates":[[[512.722839927708264,504.168795609846711],[535.605397783103399,539.025700906291604],[529.686710623616818,543.11225579213351],[527.743324445385952,539.955267384648323],[524.147847432061099,542.321021039038897],[525.879414206312504,545.169137475080788],[520.589584687608294,548.605759141035378],[498.019297507707961,513.201890026219189],[503.411404064623639,509.975236755795777],[505.459414341603406,512.709313716739416],[508.948291296837851,510.555519186891615],[507.218818620603997,507.929445439018309],[512.722839927708264,504.168795609846711]]]}},
{"type":"Feature","properties":{"height_m":16.780001,"lidar_cover":0.91,"ground_z":57.959999},"geometry":{"type":"Polygon","coordinates":[[[442.379120658908505,870.856654898263514],[451.144379221484996,863.900606562383473],[452.765940599900205,865.728280894458294],[454.683879954041913,864.455417402088642],[452.820041388971731,862.63004563935101],[461.75675271631917,855.250469125807285],[478.048313718696591,875.369618311524391],[451.446569115156308,882.506266184151173],[442.379120658908505,870.856654898263514]]]}},
{"type":"Feature","properties":{"height_m":13.6,"lidar_cover":0.92,"ground_z":59.3},"geometry":{"type":"Polygon","coordinates":[[[418.652160109486431,842.036967618390918],[440.435428417345975,828.994833829812706],[450.053583308705129,840.561487502418458],[441.995888584293425,847.244338790886104],[439.688007869757712,844.412824061699212],[436.346512152347714,847.10929999127984],[438.946903207572177,849.949135570786893],[430.984927917830646,857.030795575119555],[418.652160109486431,842.036967618390918]]]}},
{"type":"Feature","properties":{"height_m":16.51,"lidar_cover":0.92,"ground_z":60.040001},"geometry":{"type":"Polygon","coordinates":[[[406.490807953290641,823.988219987601042],[428.953580692701507,810.351133429445326],[436.201861447130796,822.228980821557343],[413.538606923713814,835.867952411063015],[406.490807953290641,823.988219987601042]]]}},
{"type":"Feature","properties":{"height_m":19.9,"lidar_cover":0.88,"ground_z":60.639999},"geometry":{"type":"Polygon","coordinates":[[[388.057305743917823,902.816842015832663],[394.744678823335562,895.258728795684874],[395.356458371505141,894.575628856197],[418.277028539450839,914.165259597823024],[410.7369559907238,923.430212232284248],[387.122560152201913,903.802795100025833],[388.057305743917823,902.816842015832663]]]}},
{"type":"Feature","properties":{"height_m":3.99,"lidar_cover":0.94,"ground_z":59.360001},"geometry":{"type":"Polygon","coordinates":[[[394.744678823335562,895.258728795684874],[389.819076027197298,887.766691624186933],[401.441810343007091,878.185305743478239],[404.601513596309815,881.85252942238003],[406.559417014301289,880.39052265509963],[414.065306220087223,890.367294589988887],[425.693705760757439,905.101341800764203],[418.277028539450839,914.165259597823024],[395.356458371505141,894.575628856197],[394.744678823335562,895.258728795684874]]]}},
{"type":"Feature","properties":{"height_m":20.58,"lidar_cover":0.89,"ground_z":61.439999},"geometry":{"type":"Polygon","coordinates":[[[387.122560152201913,903.802795100025833],[384.833336372277699,906.444872196763754],[386.35783178784186,907.729411187581718],[383.837223394133616,910.640160963870585],[382.296336357889231,909.389087314717472],[379.106001487933099,913.03900605533272],[377.841627905727364,914.505523825995624],[377.436808395490516,914.986802836880088],[383.237735574948601,919.639251430518925],[385.679399630229454,921.603445711545646],[385.431727661867626,921.916684819385409],[389.793386773322709,925.461435928940773],[401.438451084773988,934.921387090347707],[410.7369559907238,923.430212232284248],[387.122560152201913,903.802795100025833]]]}},
{"type":"Feature","properties":{"height_m":4.7800002,"lidar_cover":0.83,"ground_z":62.07},"geometry":{"type":"Polygon","coordinates":[[[401.438451084773988,934.921387090347707],[398.290840490488335,938.670817633159459],[382.424771155870985,936.057141498662531],[379.506094918062445,931.377265739254653],[388.638896485092118,926.183008980937302],[389.793386773322709,925.461435928940773],[401.438451084773988,934.921387090347707]]]}},
{"type":"Feature","properties":{"height_m":9.2200003,"lidar_cover":0.81,"ground_z":62.860001},"geometry":{"type":"Polygon","coordinates":[[[383.237735574948601,919.639251430518925],[375.421214480418712,924.432385224848986],[379.506094918062445,931.377265739254653],[388.638896485092118,926.183008980937302],[386.774326077196747,923.402807655744255],[386.092334931367077,923.731282219290733],[385.809881565044634,923.02338123973459],[385.37725251109805,923.216247827745974],[383.237735574948601,919.639251430518925]]]}},
{"type":"Feature","properties":{"height_m":9.1800003,"lidar_cover":0.93,"ground_z":62.900002},"geometry":{"type":"Polygon","coordinates":[[[375.421214480418712,924.432385224848986],[371.796018458087929,918.382470746524632],[377.436808395490516,914.986802836880088],[383.237735574948601,919.639251430518925],[375.421214480418712,924.432385224848986]]]}},
{"type":"Feature","properties":{"height_m":8.9399996,"lidar_cover":0.92,"ground_z":62.810001},"geometry":{"type":"Polygon","coordinates":[[[367.263166132732294,910.897813644260168],[371.796018458087929,918.382470746524632],[377.436808395490516,914.986802836880088],[377.841627905727364,914.505523825995624],[373.32591091823997,907.065111775882542],[367.263166132732294,910.897813644260168]]]}},
{"type":"Feature","properties":{"height_m":22.629999,"lidar_cover":0.9,"ground_z":59.049999},"geometry":{"type":"Polygon","coordinates":[[[414.065306220087223,890.367294589988887],[417.771831372287124,887.40086527261883],[433.998979649331886,874.378242952749133],[437.810398972069379,878.927519601769745],[425.490392092498951,888.992903299629688],[432.177654957748018,897.23431599047035],[425.693705760757439,905.101341800764203],[414.065306220087223,890.367294589988887]]]}},
{"type":"Feature","properties":{"height_m":22.41,"lidar_cover":0.91,"ground_z":58.759998},"geometry":{"type":"Polygon","coordinates":[[[437.810398972069379,878.927519601769745],[442.393565842823591,884.679681867361069],[432.177654957748018,897.23431599047035],[425.490392092498951,888.992903299629688],[437.810398972069379,878.927519601769745]]]}},
{"type":"Feature","properties":{"height_m":16.860001,"lidar_cover":0.91,"ground_z":59.220001},"geometry":{"type":"Polygon","coordinates":[[[433.998979649331886,874.378242952749133],[430.411751630832441,869.682498196139932],[414.032847482827492,882.562233456410468],[414.929708884563297,883.741718456149101],[413.963229145738296,884.905616838485003],[415.71232840733137,886.965231837704778],[416.815856789471582,886.155324473977089],[417.771831372287124,887.40086527261883],[433.998979649331886,874.378242952749133]]]}},
{"type":"Feature","properties":{"height_m":17.33,"lidar_cover":0.96,"ground_z":59.240002},"geometry":{"type":"Polygon","coordinates":[[[430.411751630832441,869.682498196139932],[422.871799885993823,860.516548459418118],[406.629936896963045,873.750291120260954],[414.032847482827492,882.562233456410468],[430.411751630832441,869.682498196139932]]]}},
{"type":"Feature","properties":{"height_m":17.15,"lidar_cover":0.94,"ground_z":59.98},"geometry":{"type":"Polygon","coordinates":[[[422.871799885993823,860.516548459418118],[411.658182794228196,846.355913115665317],[394.005923691147473,857.127141797915101],[404.929867341765203,874.210580225102603],[405.370948188297916,874.905870052985847],[406.629936896963045,873.750291120260954],[422.871799885993823,860.516548459418118]]]}},
{"type":"Feature","properties":{"height_m":17.549999,"lidar_cover":0.93,"ground_z":61.709999},"geometry":{"type":"Polygon","coordinates":[[[369.384852405579295,872.217163030989468],[377.243199092510622,867.42362623475492],[387.467840089171659,883.89192886184901],[388.146752744796686,884.995763743296266],[386.319249437889084,886.112343567423522],[387.270466496585868,887.735425854101777],[382.836490372312255,890.642175340093672],[380.271287246490829,889.745040202513337],[369.384852405579295,872.217163030989468]]]}},
{"type":"Feature","properties":{"height_m":17.280001,"lidar_cover":0.94,"ground_z":60.779999},"geometry":{"type":"Polygon","coordinates":[[[394.005923691147473,857.127141797915101],[384.78461730259005,862.688628538511693],[395.141755434509832,879.033548547886312],[395.557456974231172,879.695770409889519],[398.573830222012475,877.957221021875739],[399.074131396482699,878.729667718522251],[402.582146834116429,876.853207673877478],[401.954629270767327,875.882117912173271],[404.929867341765203,874.210580225102603],[394.005923691147473,857.127141797915101]]]}},
{"type":"Feature","properties":{"height_m":10.52,"lidar_cover":0.94,"ground_z":61.419998},"geometry":{"type":"Polygon","coordinates":[[[384.78461730259005,862.688628538511693],[377.243199092510622,867.42362623475492],[387.467840089171659,883.89192886184901],[389.559620778658427,882.450849487446249],[390.562548179819714,884.239984374493361],[394.267261325439904,881.961942726746202],[393.189145188895054,880.173522683791816],[395.141755434509832,879.033548547886312],[384.78461730259005,862.688628538511693]]]}},
{"type":"Feature","properties":{"height_m":21.879999,"lidar_cover":0.94,"ground_z":48.849998},"geometry":{"type":"Polygon","coordinates":[[[745.047392523963936,888.004083410836756],[750.765701087017078,901.606568153947592],[741.840687941177748,905.832439126446843],[739.928645542124286,901.553702987730503],[738.298340452369303,902.324135208502412],[740.243275533779524,906.5470449058339],[739.927071769896429,906.683273308910429],[731.291424653143622,910.584433356299996],[729.842808954126667,907.600355681963265],[727.279868798097596,908.701605283655226],[725.246968412888236,904.013208526186645],[727.924663451092783,902.677710157819092],[725.343999143282417,897.49486743286252],[725.774115666921716,897.035574781708419],[745.047392523963936,888.004083410836756]]]}},
{"type":"Feature","properties":{"height_m":21.9,"lidar_cover":0.99,"ground_z":48.860001},"geometry":{"type":"Polygon","coordinates":[[[750.765701087017078,901.606568153947592],[756.698889926192351,914.96275913529098],[748.779929766256828,918.66836597211659],[747.914757821999956,919.065157447010279],[745.877197204565164,914.765401957556605],[744.246789446449839,915.524730942212045],[746.375933150527999,919.790310340002179],[744.870526071987115,920.515147254802287],[736.794842656061519,924.433206711895764],[734.852432420419063,920.476744400337338],[735.376232359965798,920.205315287224948],[731.291424653143622,910.584433356299996],[739.927071769896429,906.683273308910429],[742.442989544302691,912.088792566210032],[744.256352550932206,911.238907960243523],[741.840687941177748,905.832439126446843],[750.765701087017078,901.606568153947592]]]}},
{"type":"Feature","properties":{"height_m":21.790001,"lidar_cover":0.96,"ground_z":49.0},"geometry":{"type":"Polygon","coordinates":[[[756.698889926192351,914.96275913529098],[762.495972186210565,928.064875299111009],[754.767596812394913,931.602128393948078],[753.354933809896465,928.884176363237202],[749.686968986643478,930.639846656471491],[750.999066145683173,933.325441014021635],[750.541470609430689,933.529624801129103],[740.642196918372065,938.097807485610247],[738.919526475190651,934.405734482221305],[740.758892153738998,933.655529100447893],[736.412435789883602,924.636679611168802],[736.794842656061519,924.433206711895764],[744.870526071987115,920.515147254802287],[746.097822573210578,923.068308223970234],[749.865727086435072,921.278381493873894],[748.779929766256828,918.66836597211659],[756.698889926192351,914.96275913529098]]]}},
{"type":"Feature","properties":{"height_m":21.57,"lidar_cover":0.98,"ground_z":49.040001},"geometry":{"type":"Polygon","coordinates":[[[762.495972186210565,928.064875299111009],[768.061004632385448,941.369044449180365],[760.549117295769975,944.826522685587406],[758.997116734390147,941.510329767130315],[755.369562682521064,943.121276752091944],[756.929078358691186,946.348574336618185],[756.504795599263161,946.541339563205838],[748.470066456764471,950.370175580494106],[744.104293444310315,941.073931124061346],[742.390559080289677,941.856255295686424],[740.642196918372065,938.097807485610247],[750.541470609430689,933.529624801129103],[751.905479042907245,936.403477872721851],[755.73311883903807,934.746223882772028],[754.359601567790378,931.750327845104039],[754.767596812394913,931.602128393948078],[762.495972186210565,928.064875299111009]]]}},
{"type":"Feature","properties":{"height_m":21.75,"lidar_cover":0.98,"ground_z":49.099998},"geometry":{"type":"Polygon","coordinates":[[[768.061004632385448,941.369044449180365],[774.581402720476035,954.097928943112493],[767.146920416387729,957.787829866632819],[766.689326015475672,957.992012653499842],[765.329899649019353,954.718407932668924],[761.602729962556623,956.396912176162004],[763.07922267226968,959.680511366575956],[754.804962954018265,963.800283648073673],[748.470066456764471,950.370175580494106],[756.504795599263161,946.541339563205838],[757.784310869523324,949.316066929139197],[761.786334531090688,947.54613633453846],[760.549117295769975,944.826522685587406],[768.061004632385448,941.369044449180365]]]}},
{"type":"Feature","properties":{"height_m":21.8,"lidar_cover":0.98,"ground_z":49.040001},"geometry":{"type":"Polygon","coordinates":[[[774.581402720476035,954.097928943112493],[781.252785443910398,966.892008283175528],[773.843376030039508,970.581665408797562],[773.361034605652094,970.819390738382936],[771.973028489097487,968.056790187954903],[768.062070471933112,969.737030225805938],[769.343048120848835,972.667186792939901],[761.449733952293172,976.428053328767419],[761.075368287973106,976.598140086047351],[754.804962954018265,963.800283648073673],[763.07922267226968,959.680511366575956],[763.486901320167817,959.499006562866271],[764.817377833416685,962.362076351419091],[768.227082641969901,960.686577641405165],[767.146920416387729,957.787829866632819],[774.581402720476035,954.097928943112493]]]}},
{"type":"Feature","properties":{"height_m":21.76,"lidar_cover":0.97,"ground_z":49.139999},"geometry":{"type":"Polygon","coordinates":[[[781.252785443910398,966.892008283175528],[788.150235082255676,979.739469692111015],[779.874409514479339,983.692684421315789],[779.350402579118963,983.941906492225826],[777.841240176931024,980.73633374646306],[774.431227711669635,982.378522240556777],[775.973703268391546,985.572676189243793],[767.923350315832067,989.512668716721237],[761.449733952293172,976.428053328767419],[769.343048120848835,972.667186792939901],[769.976081152504776,972.461344130337238],[771.374227281485219,975.41259824950248],[775.174791859230027,973.544654535129666],[773.843376030039508,970.581665408797562],[781.252785443910398,966.892008283175528]]]}},
{"type":"Feature","properties":{"height_m":10.2,"lidar_cover":0.96,"ground_z":56.560001},"geometry":{"type":"Polygon","coordinates":[[[715.177122028777376,949.686105986125767],[730.194179787882604,968.541037909686565],[729.920486047572922,968.754584902897477],[714.768996519502252,980.700470293872058],[699.979695793241262,962.076574102044106],[712.275199333089404,952.045203107409179],[713.12092335021589,951.359915068373084],[715.177122028777376,949.686105986125767]]]}},
{"type":"Feature","properties":{"height_m":13.09,"lidar_cover":0.88,"ground_z":56.02},"geometry":{"type":"Polygon","coordinates":[[[699.979695793241262,962.076574102044106],[696.108113662921824,957.327880256809294],[714.183247152308468,942.667359541170299],[716.992301966995001,946.382448304444551],[714.836901740694884,948.168225589208305],[715.739641784224659,949.092323587276042],[715.177122028777376,949.686105986125767],[713.12092335021589,951.359915068373084],[712.62129177164752,950.654058668762445],[711.599917412502691,951.318804319947958],[712.275199333089404,952.045203107409179],[699.979695793241262,962.076574102044106]]]}},
{"type":"Feature","properties":{"height_m":13.54,"lidar_cover":0.93,"ground_z":55.8},"geometry":{"type":"Polygon","coordinates":[[[707.085671735694632,933.408109281212091],[688.734100711764768,947.993545530363917],[696.108113662921824,957.327880256809294],[714.183247152308468,942.667359541170299],[707.085671735694632,933.408109281212091]]]}},
{"type":"Feature","properties":{"height_m":14.42,"lidar_cover":0.94,"ground_z":53.009998},"geometry":{"type":"Polygon","coordinates":[[[729.920486047572922,968.754584902897477],[734.433795210439712,974.218911842443049],[731.524576781550422,978.454466562718153],[729.802081919158809,980.957831924781203],[722.978107539762277,990.881849369034171],[714.768996519502252,980.700470293872058],[729.920486047572922,968.754584902897477]]]}},
{"type":"Feature","properties":{"height_m":14.21,"lidar_cover":0.9,"ground_z":52.84},"geometry":{"type":"Polygon","coordinates":[[[722.978107539762277,990.881849369034171],[726.630447135132272,995.421677119098604],[731.83105124667054,1002.000891482457519],[737.105033441213891,997.79846425820142],[737.311997493728995,997.596652152016759],[736.49969130451791,996.516254361718893],[740.057699654251337,993.740147231146693],[740.718998785072472,994.755357260815799],[747.626061978749931,989.194023952819407],[748.11517936718883,988.789688693359494],[742.223332266730722,981.56193295493722],[742.961606206779834,980.999797764234245],[740.70422213349957,978.189917740412056],[740.057844876311719,978.751183238811791],[735.338995642610826,972.755857837386429],[734.433795210439712,974.218911842443049],[731.524576781550422,978.454466562718153],[733.789898241520859,981.219856913201511],[731.477981119591277,983.240272887051105],[729.802081919158809,980.957831924781203],[722.978107539762277,990.881849369034171]]]}},
{"type":"Feature","properties":{"height_m":21.25,"lidar_cover":0.96,"ground_z":49.330002},"geometry":{"type":"Polygon","coordinates":[[[788.150235082255676,979.739469692111015],[799.308316696784459,1000.496339038014412],[795.584103685105219,1002.485680412501097],[794.681858933414333,1000.728848019614816],[792.222764067118987,1002.206592776812613],[790.325724374095444,1002.157919735647738],[790.673625115538016,999.190145480446517],[768.39090633764863,995.659270198084414],[765.966826864692848,990.241770263761282],[767.923350315832067,989.512668716721237],[775.973703268391546,985.572676189243793],[776.314861884457059,985.425110246986151],[777.093584899732377,987.371858980506659],[780.785749365400989,985.527149532921612],[779.874409514479339,983.692684421315789],[788.150235082255676,979.739469692111015]]]}},
{"type":"Feature","properties":{"height_m":18.67,"lidar_cover":0.94,"ground_z":49.549999},"geometry":{"type":"Polygon","coordinates":[[[799.308316696784459,1000.496339038014412],[806.661975926719606,1013.883546256460249],[799.793685134209227,1024.429673569276929],[787.551744134863839,1022.458118170499802],[788.71649500366766,1013.986664049327374],[789.744063288497273,1013.976943703368306],[790.342647407203913,1010.129666239023209],[789.22181692533195,1009.995930562727153],[789.947195325628854,1004.537528253160417],[791.320018574828282,1004.813218533992767],[795.584103685105219,1002.485680412501097],[799.308316696784459,1000.496339038014412]]]}},
{"type":"Feature","properties":{"height_m":16.93,"lidar_cover":0.94,"ground_z":50.43},"geometry":{"type":"Polygon","coordinates":[[[787.551744134863839,1022.458118170499802],[773.921842296200339,1020.377583403140306],[774.989534259948414,1011.363001307472587],[776.611827924381942,1011.514196138828993],[777.11855770467082,1008.556021266616881],[775.403211522265337,1008.283574441447854],[776.268669262819458,999.970391076058149],[779.463871405518148,1000.350969544611871],[780.757048146100715,999.272853401489556],[786.553251571080182,999.928607417270541],[787.755725511349738,1001.627084076404572],[790.325724374095444,1002.157919735647738],[789.947195325628854,1004.537528253160417],[789.22181692533195,1009.995930562727153],[787.89055561524583,1009.69764166418463],[787.394323770306073,1013.766009804792702],[788.71649500366766,1013.986664049327374],[787.551744134863839,1022.458118170499802]]]}},
{"type":"Feature","properties":{"height_m":16.91,"lidar_cover":0.93,"ground_z":50.84},"geometry":{"type":"Polygon","coordinates":[[[773.921842296200339,1020.377583403140306],[760.787141810636967,1018.536652370356023],[761.798856073408388,1011.554434852674603],[762.04990654415451,1009.831104161217809],[763.974108396214433,1010.101571408100426],[764.333503816858865,1007.466774879954755],[762.358755708846729,1007.152374112978578],[763.668393330415711,998.10219188220799],[767.993834573659115,998.727437390014529],[768.224761760968249,997.526135322637856],[772.547576780198142,997.873835042119026],[772.410751374845859,999.307408200576901],[776.268669262819458,999.970391076058149],[775.403211522265337,1008.283574441447854],[774.174510857556015,1008.228582236915827],[773.625696033879649,1011.153846731409431],[774.989534259948414,1011.363001307472587],[773.921842296200339,1020.377583403140306]]]}},
{"type":"Feature","properties":{"height_m":16.84,"lidar_cover":0.97,"ground_z":51.720001},"geometry":{"type":"Polygon","coordinates":[[[760.787141810636967,1018.536652370356023],[742.916384096432012,1015.941163517534733],[747.18360036064405,1008.650554548949003],[751.408154735749122,1010.975494079291821],[752.165919909428339,1009.824719700962305],[752.64100926235551,1007.055592274293303],[749.21472796757007,1005.211625398136675],[754.005700470414013,996.761358253657818],[758.33156373759266,997.431005762889981],[758.368555851804558,996.042788820341229],[761.680930239381269,996.444456467404962],[761.6926970948698,997.687873805873096],[763.668393330415711,998.10219188220799],[762.358755708846729,1007.152374112978578],[760.392781894421205,1006.882302586920559],[759.715924384829123,1011.285470348782837],[761.798856073408388,1011.554434852674603],[760.787141810636967,1018.536652370356023]]]}},
{"type":"Feature","properties":{"height_m":16.959999,"lidar_cover":0.98,"ground_z":52.040001},"geometry":{"type":"Polygon","coordinates":[[[742.916384096432012,1015.941163517534733],[731.83105124667054,1002.000891482457519],[737.105033441213891,997.79846425820142],[738.238583713420667,999.275526707991958],[742.120409736409783,996.285399361513555],[740.718998785072472,994.755357260815799],[747.626061978749931,989.194023952819407],[748.808896161499433,990.581798056140542],[750.245038073451724,989.602249654009938],[752.304698454914615,991.825548369437456],[750.877961738966405,992.916036700829864],[751.856930574751459,993.950446913950145],[754.729420238349121,995.544288820587099],[754.005700470414013,996.761358253657818],[749.21472796757007,1005.211625398136675],[745.904983735003043,1003.322145286947489],[743.234469463001005,1005.412569587118924],[743.074636193457991,1006.180185105651617],[747.18360036064405,1008.650554548949003],[742.916384096432012,1015.941163517534733]]]}},
{"type":"Feature","properties":{"height_m":9.4300003,"lidar_cover":0.93,"ground_z":55.110001},"geometry":{"type":"Polygon","coordinates":[[[695.805894489283673,919.247672879137099],[689.587687713792548,924.325102602131665],[685.52499323617667,927.627853119745851],[677.582253095461056,934.109498434700072],[673.675120475352742,929.139094271697104],[684.139065022929572,920.679442155174911],[686.65195629093796,923.997619638219476],[688.301845224108547,922.649637339636683],[685.680873934470583,919.387997881509364],[689.503401095280424,916.309581425972283],[691.990980025031604,914.309694337658584],[693.572484612173866,916.326550587080419],[692.072655621450394,917.639801332727075],[692.698447614326142,918.433284781873226],[694.249769615242258,917.263884560205042],[695.805894489283673,919.247672879137099]]]}},
{"type":"Feature","properties":{"height_m":6.2399998,"lidar_cover":0.81,"ground_z":54.540001},"geometry":{"type":"Polygon","coordinates":[[[677.582253095461056,934.109498434700072],[684.997013987740502,943.332406802102923],[703.339078853954561,928.624919016845524],[700.00794161047088,924.481765828095376],[694.550866832840256,928.763673790730536],[694.092582843557466,928.013015219010413],[699.365337142604403,923.677338077686727],[695.805894489283673,919.247672879137099],[689.587687713792548,924.325102602131665],[692.904225761187263,928.690448130480945],[689.505354807246476,931.509482080116868],[688.472351491567679,930.064783286303282],[687.768019451235887,930.68211711011827],[685.52499323617667,927.627853119745851],[677.582253095461056,934.109498434700072]]]}},
{"type":"Feature","properties":{"height_m":12.67,"lidar_cover":0.86,"ground_z":54.5},"geometry":{"type":"Polygon","coordinates":[[[684.997013987740502,943.332406802102923],[688.734100711764768,947.993545530363917],[707.085671735694632,933.408109281212091],[705.013105517311487,930.70751899573952],[703.339078853954561,928.624919016845524],[684.997013987740502,943.332406802102923]]]}},
{"type":"Feature","properties":{"height_m":6.14,"lidar_cover":0.93,"ground_z":54.130001},"geometry":{"type":"Polygon","coordinates":[[[655.441940098535269,905.962405628524721],[659.038724510115571,910.802506304346025],[668.306071293307468,903.031451370567083],[676.703068224480376,895.990345967933536],[673.205489119165577,891.038267370313406],[667.825171121454332,895.486011812463403],[669.085854813223705,897.150609032250941],[665.762903256167192,900.046655032783747],[664.585762761067599,898.381266684271395],[660.041774065059144,902.032783317379653],[655.441940098535269,905.962405628524721]]]}},
{"type":"Feature","properties":{"height_m":3.32,"lidar_cover":0.89,"ground_z":54.389999},"geometry":{"type":"Polygon","coordinates":[[[659.038724510115571,910.802506304346025],[662.860229375015479,915.551655585877597],[666.657475757587235,912.451260619796813],[672.02170261181891,908.070284987799823],[668.306071293307468,903.031451370567083],[659.038724510115571,910.802506304346025]]]}},
{"type":"Feature","properties":{"height_m":2.74,"lidar_cover":0.9,"ground_z":54.450001},"geometry":{"type":"Polygon","coordinates":[[[666.657475757587235,912.451260619796813],[670.344043076445814,917.068457204848528],[673.958548416965641,914.080827077850699],[676.138801854394842,912.272596357390285],[680.018547068815678,909.060397553257644],[676.492608005355578,904.641527061350644],[672.02170261181891,908.070284987799823],[666.657475757587235,912.451260619796813]]]}},
{"type":"Feature","properties":{"height_m":17.200001,"lidar_cover":0.95,"ground_z":54.380001},"geometry":{"type":"Polygon","coordinates":[[[670.344043076445814,917.068457204848528],[666.513906369800679,920.224676638841629],[670.072840813081712,924.598817941732705],[685.96690832125023,911.657644792459905],[684.885353209800087,910.379950474016368],[686.202754338621162,909.212764646857977],[684.637849669205025,907.184649755246937],[683.269901669409592,908.307902994565666],[682.447750811348669,907.072163204662502],[680.018547068815678,909.060397553257644],[676.138801854394842,912.272596357390285],[677.923024221905507,914.520690212026238],[675.49172043876024,916.286887357011437],[673.958548416965641,914.080827077850699],[670.344043076445814,917.068457204848528]]]}},
{"type":"Feature","properties":{"height_m":16.629999,"lidar_cover":0.95,"ground_z":55.189999},"geometry":{"type":"Polygon","coordinates":[[[670.072840813081712,924.598817941732705],[673.675120475352742,929.139094271697104],[684.139065022929572,920.679442155174911],[685.680873934470583,919.387997881509364],[689.503401095280424,916.309581425972283],[688.751136761798989,915.395164043642581],[690.027186582563445,914.272782367654145],[688.242547298199497,911.98027781676501],[686.965340427821502,912.980538467876613],[685.96690832125023,911.657644792459905],[670.072840813081712,924.598817941732705]]]}},
{"type":"Feature","properties":{"height_m":5.7,"lidar_cover":0.94,"ground_z":54.939999},"geometry":{"type":"Polygon","coordinates":[[[664.060868604283314,979.648636365309358],[662.136018836230505,992.535182937979698],[661.601809657062404,996.11539173591882],[660.611674499581568,1002.719920720905066],[676.420056945586111,1005.445777897723019],[678.945874444558285,988.96729252114892],[679.11132074292982,987.910945916548371],[680.157640868157614,981.061623084358871],[680.684768507373519,977.614718304015696],[679.596506148169283,977.391867404803634],[679.807599956984632,974.980530029162765],[675.007065595127642,970.951236693188548],[669.193964009871706,975.569626744836569],[667.145716667408124,977.198962255381048],[664.649601915967651,979.17673372104764],[664.060868604283314,979.648636365309358]]]}},
{"type":"Feature","properties":{"height_m":17.959999,"lidar_cover":0.96,"ground_z":54.139999},"geometry":{"type":"Polygon","coordinates":[[[676.420056945586111,1005.445777897723019],[691.447172190411948,1007.723849900998175],[694.129124316445086,990.966318001039326],[691.412990000098944,990.00388609059155],[689.546733537688851,989.677374358288944],[685.085928351210896,988.875810931436718],[684.870566109893844,989.954836155287921],[678.945874444558285,988.96729252114892],[676.420056945586111,1005.445777897723019]]]}},
{"type":"Feature","properties":{"height_m":22.139999,"lidar_cover":0.92,"ground_z":53.310001},"geometry":{"type":"Polygon","coordinates":[[[694.129124316445086,990.966318001039326],[697.857803533552215,992.096806878224015],[699.693492580088787,994.488756497390568],[700.894726237747818,996.053995667956769],[704.743640969565604,1001.058274085633457],[706.568848872557282,999.697532066144049],[708.452116518688854,998.291828912682831],[713.587535683996975,994.457093518227339],[716.751234003633726,998.568529319018126],[714.719689475779887,1011.667026524432003],[691.447172190411948,1007.723849900998175],[694.129124316445086,990.966318001039326]]]}},
{"type":"Feature","properties":{"height_m":16.639999,"lidar_cover":0.91,"ground_z":53.84},"geometry":{"type":"Polygon","coordinates":[[[680.157640868157614,981.061623084358871],[684.444710157928057,977.634610545821488],[694.063821314834058,969.960180371999741],[698.308664284064434,975.304896128363907],[686.051625720225275,984.980634112842381],[681.813949335890356,988.3294572904706],[679.11132074292982,987.910945916548371],[680.157640868157614,981.061623084358871]]]}},
{"type":"Feature","properties":{"height_m":16.48,"lidar_cover":0.9,"ground_z":53.59},"geometry":{"type":"Polygon","coordinates":[[[689.546733537688851,989.677374358288944],[686.051625720225275,984.980634112842381],[698.308664284064434,975.304896128363907],[703.084445643587969,981.133114754222333],[694.324611840886064,987.789026283659041],[691.412990000098944,990.00388609059155],[689.546733537688851,989.677374358288944]]]}},
{"type":"Feature","properties":{"height_m":9.9499998,"lidar_cover":0.85,"ground_z":53.25},"geometry":{"type":"Polygon","coordinates":[[[697.857803533552215,992.096806878224015],[706.492111145402305,985.419882512651384],[713.587535683996975,994.457093518227339],[708.452116518688854,998.291828912682831],[707.300799999327864,996.703909894451499],[705.383904919144697,998.08772595692426],[706.568848872557282,999.697532066144049],[704.743640969565604,1001.058274085633457],[700.894726237747818,996.053995667956769],[702.536772423074581,994.761605131439865],[701.420132846105844,993.306593817658722],[699.693492580088787,994.488756497390568],[697.857803533552215,992.096806878224015]]]}},
{"type":"Feature","properties":{"height_m":9.7200003,"lidar_cover":0.89,"ground_z":53.459999},"geometry":{"type":"Polygon","coordinates":[[[703.084445643587969,981.133114754222333],[706.492111145402305,985.419882512651384],[697.857803533552215,992.096806878224015],[694.324611840886064,987.789026283659041],[703.084445643587969,981.133114754222333]]]}},
{"type":"Feature","properties":{"height_m":15.45,"lidar_cover":0.9,"ground_z":54.139999},"geometry":{"type":"Polygon","coordinates":[[[675.007065595127642,970.951236693188548],[678.20010579272639,968.456130601465702],[679.693039838923141,967.298383032903075],[682.405006483953912,965.1742337718606],[685.125328993133735,963.050006407313049],[687.256811616476625,961.386578857898712],[694.063821314834058,969.960180371999741],[684.444710157928057,977.634610545821488],[683.801372205722146,976.752470563165843],[682.499430423660669,977.786275517195463],[679.807599956984632,974.980530029162765],[675.007065595127642,970.951236693188548]]]}},
{"type":"Feature","properties":{"height_m":13.43,"lidar_cover":0.83,"ground_z":54.650002},"geometry":{"type":"Polygon","coordinates":[[[687.256811616476625,961.386578857898712],[680.008420878963079,952.084371541626751],[672.751377505017444,956.860777139663696],[679.693039838923141,967.298383032903075],[682.405006483953912,965.1742337718606],[680.501313263201155,962.660800362937152],[683.305810048361309,960.602392448112369],[685.125328993133735,963.050006407313049],[687.256811616476625,961.386578857898712]]]}},
{"type":"Feature","properties":{"height_m":13.39,"lidar_cover":0.83,"ground_z":55.240002},"geometry":{"type":"Polygon","coordinates":[[[672.751377505017444,956.860777139663696],[659.484041663235985,965.724515705369413],[667.145716667408124,977.198962255381048],[669.193964009871706,975.569626744836569],[667.786641995597165,973.41788992471993],[674.367811119416729,968.736706370487809],[673.629944321815856,967.577889522537589],[676.293782133900095,965.665149771608412],[678.20010579272639,968.456130601465702],[679.693039838923141,967.298383032903075],[672.751377505017444,956.860777139663696]]]}},
{"type":"Feature","properties":{"height_m":12.81,"lidar_cover":0.86,"ground_z":55.639999},"geometry":{"type":"Polygon","coordinates":[[[659.484041663235985,965.724515705369413],[645.925286147161387,974.690968306735158],[651.42019007448107,983.221453915350139],[662.108815227460582,975.559048833325505],[664.649601915967651,979.17673372104764],[667.145716667408124,977.198962255381048],[659.484041663235985,965.724515705369413]]]}},
{"type":"Feature","properties":{"height_m":20.450001,"lidar_cover":0.84,"ground_z":55.82},"geometry":{"type":"Polygon","coordinates":[[[645.925286147161387,974.690968306735158],[639.543590063345619,979.259257873520255],[636.312682396790478,998.908780881203711],[660.611674499581568,1002.719920720905066],[661.601809657062404,996.11539173591882],[658.463499684236012,995.5677818832919],[658.848172778380103,992.077813558280468],[662.136018836230505,992.535182937979698],[664.060868604283314,979.648636365309358],[654.386268209316768,987.634515719488263],[651.42019007448107,983.221453915350139],[645.925286147161387,974.690968306735158]]]}},
{"type":"Feature","properties":{"height_m":4.9200001,"lidar_cover":0.98,"ground_z":55.52},"geometry":{"type":"Polygon","coordinates":[[[644.950198264734354,944.100514508783817],[646.227288620721083,943.089144311845303],[661.941686558828223,930.593736778013408],[665.746786442468874,935.376351749524474],[659.776507827453315,940.162782152183354],[666.128607717342675,949.218095831573009],[648.146341732353903,961.324183224700391],[643.66511272196658,955.726369294337928],[641.906478362798225,953.533555852249265],[648.318669718690217,948.654097767546773],[644.950198264734354,944.100514508783817]]]}},
{"type":"Feature","properties":{"height_m":9.54,"lidar_cover":0.87,"ground_z":54.939999},"geometry":{"type":"Polygon","coordinates":[[[665.746786442468874,935.376351749524474],[673.078649657254573,944.666651410982013],[666.128607717342675,949.218095831573009],[659.776507827453315,940.162782152183354],[665.746786442468874,935.376351749524474]]]}},
{"type":"Feature","properties":{"height_m":23.42,"lidar_cover":0.92,"ground_z":56.220001},"geometry":{"type":"Polygon","coordinates":[[[633.458400984236505,953.413793563842773],[642.99232927407138,964.959288484416902],[637.510716246208176,968.408753375522792],[618.674516149796546,965.345294497907162],[633.458400984236505,953.413793563842773]]]}},
{"type":"Feature","properties":{"height_m":15.91,"lidar_cover":0.87,"ground_z":56.599998},"geometry":{"type":"Polygon","coordinates":[[[618.674516149796546,965.345294497907162],[611.035694071673788,964.218620037660003],[615.544938131701201,960.434165110811591],[618.321828301995993,958.109522902406752],[624.96128807857167,952.528403338976204],[631.443289642338641,947.082018283195794],[633.369856601289939,949.36206060834229],[636.50504405470565,946.93410221952945],[638.633059638959821,949.312162527814507],[633.458400984236505,953.413793563842773],[618.674516149796546,965.345294497907162]]]}},
{"type":"Feature","properties":{"height_m":16.9,"lidar_cover":0.82,"ground_z":55.77},"geometry":{"type":"Polygon","coordinates":[[[648.146341732353903,961.324183224700391],[642.99232927407138,964.959288484416902],[633.458400984236505,953.413793563842773],[638.633059638959821,949.312162527814507],[641.906478362798225,953.533555852249265],[640.091519070614595,955.094069825485349],[641.865388774080202,957.131297275424004],[643.66511272196658,955.726369294337928],[648.146341732353903,961.324183224700391]]]}},
{"type":"Feature","properties":{"height_m":7.77,"lidar_cover":0.97,"ground_z":54.93},"geometry":{"type":"Polygon","coordinates":[[[646.227288620721083,943.089144311845303],[644.366190469532739,940.664139844477177],[648.306070184800774,937.629000214859843],[646.888340351404622,936.143542197532952],[658.728854316519573,926.593819108791649],[661.941686558828223,930.593736778013408],[646.227288620721083,943.089144311845303]]]}},
{"type":"Feature","properties":{"height_m":13.97,"lidar_cover":0.87,"ground_z":55.040001},"geometry":{"type":"Polygon","coordinates":[[[650.863687053904869,916.575794474221766],[658.270566430466715,925.843162765726447],[650.957935076206923,931.808130883611739],[648.927855308633298,929.184874068014324],[646.090569730615243,931.310223587788641],[648.320206269738264,933.831661627627909],[642.591054685763083,938.493688512593508],[634.880179421219509,944.75112516246736],[631.12592614244204,940.045764501206577],[632.865593441470992,938.474859259091318],[629.160935239109676,933.713514667004347],[641.002798681496643,924.308087572455406],[642.526466858573258,926.392098856158555],[645.165670195070561,924.523993193171918],[643.340720637759659,922.387322659604251],[650.863687053904869,916.575794474221766]]]}},
{"type":"Feature","properties":{"height_m":6.83,"lidar_cover":0.92,"ground_z":56.919998},"geometry":{"type":"Polygon","coordinates":[[[624.96128807857167,952.528403338976204],[620.280585300701205,947.043524280190468],[613.34226471564034,952.827335260808468],[614.028016579919495,953.77568457275629],[610.437986782635562,956.696496034041047],[609.754024687223136,955.936880044639111],[603.345761425269302,961.227144566364586],[604.808636636123993,963.067460056394339],[611.035694071673788,964.218620037660003],[615.544938131701201,960.434165110811591],[614.294291349418927,958.947128862142563],[617.073392632883042,956.855626930482686],[618.321828301995993,958.109522902406752],[624.96128807857167,952.528403338976204]]]}},
{"type":"Feature","properties":{"height_m":16.76,"lidar_cover":0.91,"ground_z":56.27},"geometry":{"type":"Polygon","coordinates":[[[603.345761425269302,961.227144566364586],[598.083441567257978,955.203752242028713],[625.138761172420345,932.474813953973353],[627.377706503204536,935.096083870157599],[630.309387204761151,938.521300862543285],[620.280585300701205,947.043524280190468],[613.34226471564034,952.827335260808468],[609.754024687223136,955.936880044639111],[603.345761425269302,961.227144566364586]]]}},
{"type":"Feature","properties":{"height_m":2.73,"lidar_cover":0.99,"ground_z":56.619999},"geometry":{"type":"Polygon","coordinates":[[[634.880179421219509,944.75112516246736],[638.633059638959821,949.312162527814507],[641.906478362798225,953.533555852249265],[648.318669718690217,948.654097767546773],[644.950198264734354,944.100514508783817],[646.227288620721083,943.089144311845303],[644.366190469532739,940.664139844477177],[642.591054685763083,938.493688512593508],[634.880179421219509,944.75112516246736]]]}},
{"type":"Feature","properties":{"height_m":14.13,"lidar_cover":0.87,"ground_z":55.040001},"geometry":{"type":"Polygon","coordinates":[[[650.863687053904869,916.575794474221766],[647.319551451131701,912.001669201999903],[644.589918595156632,914.026072255335748],[642.05106867919676,915.904329641722143],[642.592270702007227,916.587581383995712],[640.484795074618887,918.139764954335988],[641.077175478974823,918.933560794219375],[639.553977303323336,920.424691187217832],[639.011828041868284,919.641522211022675],[636.959255827299785,920.815686488524079],[636.576785728277173,920.130930317565799],[632.902028917160351,922.930400847457349],[623.354210558813065,930.193427094258368],[623.87859945645323,930.86573395319283],[625.138761172420345,932.474813953973353],[627.377706503204536,935.096083870157599],[629.160935239109676,933.713514667004347],[641.002798681496643,924.308087572455406],[643.340720637759659,922.387322659604251],[650.863687053904869,916.575794474221766]]]}},
{"type":"Feature","properties":{"height_m":21.110001,"lidar_cover":0.81,"ground_z":56.040001},"geometry":{"type":"Polygon","coordinates":[[[609.205160203680862,933.303193257190287],[601.546960509615019,939.826636840589345],[598.878253042697906,942.105847442522645],[592.082177882664837,947.910535620525479],[596.974707809276879,953.704269805923104],[614.014037365501281,939.086629194207489],[609.205160203680862,933.303193257190287]]]}},
{"type":"Feature","properties":{"height_m":19.040001,"lidar_cover":0.86,"ground_z":55.23},"geometry":{"type":"Polygon","coordinates":[[[592.082177882664837,947.910535620525479],[587.409695807553362,942.414496342651546],[602.901519138249569,929.365923084318638],[613.6274568666704,920.348535253666341],[618.156856186862569,925.734918611124158],[616.897001547622494,926.801644996739924],[615.579088203434367,927.913333954289556],[611.152839983988088,931.641486403532326],[609.205160203680862,933.303193257190287],[601.546960509615019,939.826636840589345],[599.49159115110524,937.18142752815038],[596.737865913542919,939.306004195474088],[598.878253042697906,942.105847442522645],[592.082177882664837,947.910535620525479]]]}},
{"type":"Feature","properties":{"height_m":23.969999,"lidar_cover":0.85,"ground_z":56.639999},"geometry":{"type":"Polygon","coordinates":[[[587.409695807553362,942.414496342651546],[580.905467113188934,934.948413408361375],[597.124577483686153,921.060207084752619],[598.050538391747978,920.907085417769849],[601.070415411551949,924.819983609952033],[599.952797086269129,925.907569719478488],[602.901519138249569,929.365923084318638],[587.409695807553362,942.414496342651546]]]}},
{"type":"Feature","properties":{"height_m":17.6,"lidar_cover":0.99,"ground_z":55.470001},"geometry":{"type":"Polygon","coordinates":[[[567.698393566184677,919.340869997628033],[584.457742289581802,906.913097009062767],[586.696983186644502,905.159793965518475],[592.104414639761671,900.933789447881281],[591.630252062517684,900.272111276164651],[594.648802724783309,897.878550389781594],[595.216863975045271,898.750293857418001],[597.108070614747703,897.300074982456863],[592.583095813461114,891.502853628247976],[568.727812671044376,897.513824732042849],[557.451321204018313,907.502460499294102],[567.698393566184677,919.340869997628033]]]}},
{"type":"Feature","properties":{"height_m":23.92,"lidar_cover":0.91,"ground_z":56.720001},"geometry":{"type":"Polygon","coordinates":[[[597.124577483686153,921.060207084752619],[596.959666670300066,919.529565845616162],[595.881010859680828,919.439871456474066],[595.60496597609017,917.643813933245838],[594.368525473459158,917.655542967841029],[594.930827460251749,917.039547235704958],[593.215941712434869,915.057286078110337],[592.553387749008834,915.674232977442443],[592.329468964308035,914.088636915199459],[591.610048547736369,913.995535272173584],[591.153930535074323,914.355156335048378],[574.667088396614417,927.324372314848006],[580.905467113188934,934.948413408361375],[597.124577483686153,921.060207084752619]]]}},
{"type":"Feature","properties":{"height_m":23.809999,"lidar_cover":0.88,"ground_z":56.619999},"geometry":{"type":"Polygon","coordinates":[[[567.698393566184677,919.340869997628033],[574.667088396614417,927.324372314848006],[591.153930535074323,914.355156335048378],[590.994739670190029,912.546887481585145],[590.740739395027049,912.194003057666123],[589.255774389253929,912.430149408057332],[589.759103293123189,910.88206588011235],[589.371012233197689,910.486041843891144],[587.829041115648579,910.878170434385538],[588.224079421896022,909.364422982558608],[588.003812228445895,909.044527439400554],[586.979493803868536,909.398436400108039],[586.049246612761635,908.219247440807521],[586.253398810047656,906.840546148829162],[584.457742289581802,906.913097009062767],[567.698393566184677,919.340869997628033]]]}},
{"type":"Feature","properties":{"height_m":3.27,"lidar_cover":0.84,"ground_z":54.509998},"geometry":{"type":"Polygon","coordinates":[[[640.92797509918455,909.364243250340223],[643.680777468835004,907.139766347594559],[640.595239735324867,903.349605574272573],[634.829703805677127,907.701100636273623],[635.500432257715147,908.827241373248398],[634.073064364667516,909.851140983402729],[633.16174407908693,908.90492837689817],[626.511356334027369,914.219672135077417],[629.538416830997448,918.010381468571723],[633.817883543728385,914.661132208071649],[640.92797509918455,909.364243250340223]]]}},
{"type":"Feature","properties":{"height_m":6.6700001,"lidar_cover":0.9,"ground_z":53.8},"geometry":{"type":"Polygon","coordinates":[[[640.595239735324867,903.349605574272573],[636.172240219544619,897.729038027115166],[619.235936370794661,910.891160571016371],[622.509699105052277,915.1458510318771],[619.298155111027882,917.452406919561327],[616.151812082447577,913.418568294495344],[612.226219009782653,916.198222251608968],[613.16449934366392,917.344029481522739],[616.765134309767745,921.706646854989231],[626.511356334027369,914.219672135077417],[633.16174407908693,908.90492837689817],[634.829703805677127,907.701100636273623],[640.595239735324867,903.349605574272573]]]}},
{"type":"Feature","properties":{"height_m":3.58,"lidar_cover":0.93,"ground_z":56.0},"geometry":{"type":"Polygon","coordinates":[[[614.014037365501281,939.086629194207489],[619.088022999465466,934.941527239978313],[615.775337891944218,930.986986790783703],[612.824787226621993,933.502026568166912],[611.152839983988088,931.641486403532326],[609.205160203680862,933.303193257190287],[614.014037365501281,939.086629194207489]]]}},
{"type":"Feature","properties":{"height_m":3.26,"lidar_cover":0.87,"ground_z":55.73},"geometry":{"type":"Polygon","coordinates":[[[619.088022999465466,934.941527239978313],[623.87859945645323,930.86573395319283],[623.354210558813065,930.193427094258368],[619.29392306576483,924.935827339999378],[618.156856186862569,925.734918611124158],[619.579015650437213,927.686652545817196],[618.766819958167616,928.382736619561911],[618.282833356235642,927.565708789043128],[617.767708323022816,927.870373037643731],[616.897001547622494,926.801644996739924],[615.579088203434367,927.913333954289556],[617.142429042898584,929.774905049242079],[615.775337891944218,930.986986790783703],[619.088022999465466,934.941527239978313]]]}},
{"type":"Feature","properties":{"height_m":3.03,"lidar_cover":0.94,"ground_z":55.049999},"geometry":{"type":"Polygon","coordinates":[[[597.108070614747703,897.300074982456863],[612.226219009782653,916.198222251608968],[613.16449934366392,917.344029481522739],[603.401972143910825,925.752721175551414],[586.696983186644502,905.159793965518475],[592.104414639761671,900.933789447881281],[595.216863975045271,898.750293857418001],[597.108070614747703,897.300074982456863]]]}},
{"type":"Feature","properties":{"height_m":9.6800003,"lidar_cover":0.88,"ground_z":51.82},"geometry":{"type":"Polygon","coordinates":[[[627.25114725594176,749.911406740546227],[631.377714844420552,750.693900413811207],[635.480285252269823,748.945154838263988],[636.70891669858247,744.581157185137272],[634.761564541899133,740.114032529294491],[630.120523127843626,738.825679403729737],[626.020263873971999,740.818670542910695],[624.795322328456677,745.571237843483686],[627.25114725594176,749.911406740546227]]]}},
{"type":"Feature","properties":{"height_m":3.0,"lidar_cover":0.94,"ground_z":42.470001},"geometry":{"type":"Polygon","coordinates":[[[880.379958415927831,794.769937189295888],[874.813963554275688,796.388030179776251],[874.497123215638567,796.457640965469182],[873.299248547758907,792.594035848043859],[879.408915836655069,791.03742353990674],[880.379958415927831,794.769937189295888]]]}}
]
}
