tree_id,species,crown_diam_m,lai,x,y,interception_L_T1_60min,interception_L_T2_60min,interception_L_T10_60min,interception_L_T2_20min
0131191AR,Pyrus calleryana 'Chanticleer',2.11,1.62,109.12,492.49,9.9,9.9,9.9,9.9
0131196AR,Pyrus calleryana 'Chanticleer',2.03,1.31,105.65,486.58,7.4,7.4,7.4,7.4
0131648AR,Citrus × aurantium,3.61,1.65,662.49,175.35,29.6,29.6,29.6,29.6
0131650AR,Brachychiton populneus,6.21,1.84,66.0,608.0,97.5,97.5,97.5,97.5
0131651AR,Platanus × acerifolia,10.14,1.9,788.06,334.02,268.5,268.5,268.5,268.5
0131652AR,Platanus × acerifolia,13.2,3.62,303.55,742.77,866.9,866.9,866.9,866.9
0131655AR,Robinia pseudoacacia 'Pyramidalis',7.65,3.12,329.68,411.45,251.0,251.0,251.0,251.0
0131656AR,Jacaranda mimosifolia,11.79,4.02,201.02,472.66,768.0,768.0,768.0,768.0
0131657AR,Catalpa bignonioides,2.19,3.11,258.65,618.14,20.5,20.5,20.5,20.5
0131658AR,Platanus × acerifolia,7.23,2.47,77.24,511.85,177.5,177.5,177.5,177.5
0131659AR,Celtis australis,4.65,1.33,874.12,202.6,39.5,39.5,39.5,39.5
0131661AR,Tipuana tipu,3.14,2.05,529.71,252.29,27.8,27.8,27.8,27.8
0131665AR,Platanus × acerifolia,6.46,2.57,947.07,1052.34,147.4,147.4,147.4,147.4
0131666AR,Celtis australis,1.95,1.03,929.28,373.79,5.4,5.4,5.4,5.4
0131667AR,Melia azedarach,7.05,2.04,533.37,886.92,139.4,139.4,139.4,139.4
0131668AR,Platanus × acerifolia,12.83,2.58,643.0,51.0,583.7,583.7,583.7,583.7
0131672AR,Platanus × acerifolia,6.31,1.98,779.63,212.63,108.4,108.4,108.4,108.4
0131673AR,Tipuana tipu,10.19,2.2,677.72,495.77,314.0,314.0,314.0,314.0
0131674AR,Celtis australis,1.78,2.2,968.38,520.83,9.6,9.6,9.6,9.6
0131675AR,Platanus × acerifolia,10.45,1.71,887.0,198.0,256.7,256.7,256.7,256.7
0131676AR,Platanus × acerifolia,7.14,2.08,1007.29,641.87,145.7,145.7,145.7,145.7
0131678AR,Platanus × acerifolia,3.29,1.96,806.45,402.64,29.2,29.2,29.2,29.2
0131681AR,Brachychiton populneus,5.89,1.79,68.1,602.61,85.4,85.4,85.4,85.4
0131682AR,Celtis australis,12.09,2.55,461.74,393.93,512.3,512.3,512.3,512.3
0131683AR,Platanus × acerifolia,8.54,2.31,515.15,351.3,231.6,231.6,231.6,231.6
0131684AR,Platanus × acerifolia,10.11,2.46,290.71,61.33,345.6,345.6,345.6,345.6
0131687AR,Melia azedarach,12.48,3.24,767.35,814.91,693.6,693.6,693.6,693.6
0131688AR,Tilia x europaea,4.79,3.27,868.54,512.76,103.1,103.1,103.1,103.1
0131689AR,Celtis australis,2.33,1.21,968.1,552.02,9.0,9.0,9.0,9.0
0131691AR,Brachychiton populneus,5.81,1.62,288.48,447.54,75.2,75.2,75.2,75.2
0131692AR,Platanus × acerifolia,7.07,1.87,920.65,400.72,128.5,128.5,128.5,128.5
0131693AR,Ligustrum lucidum,5.14,2.22,410.35,930.57,80.6,80.6,80.6,80.6
0131694AR,Citrus × aurantium,4.51,2.23,683.75,196.42,62.3,62.3,62.3,62.3
0131695AR,Populus nigra 'Italica',1.78,2.01,678.16,617.82,8.8,8.8,8.8,8.8
0131696AR,Brachychiton populneus,3.14,1.98,760.98,85.21,26.8,26.8,26.8,26.8
0131699AR,Platanus × acerifolia,9.76,2.06,798.27,188.55,269.7,269.7,269.7,269.7
0131700AR,Celtis australis,2.59,1.81,982.67,604.29,16.7,16.7,16.7,16.7
0131701AR,Platanus × acerifolia,8.72,2.7,559.59,53.42,282.2,282.2,282.2,282.2
0131702AR,Citrus × aurantium,3.78,2.8,174.59,752.49,55.0,55.0,55.0,55.0
0131704AR,X chitalpa tashkentensis 'minsum' SUMMER BELLS®,4.95,1.41,295.14,644.86,47.5,47.5,47.5,47.5
0131705AR,Brachychiton populneus,4.48,2.72,496.92,236.9,75.0,75.0,75.0,75.0
0131707AR,Melia azedarach,8.87,1.73,371.51,628.26,187.1,187.1,187.1,187.1
0131709AR,Melia azedarach,1.69,2.59,801.18,805.79,10.2,10.2,10.2,10.2
0131712AR,Platanus × acerifolia,2.03,3.03,210.86,803.42,17.2,17.2,17.2,17.2
0131713AR,Tilia x europaea,3.24,2.28,890.45,504.92,32.9,32.9,32.9,32.9
0131714AR,Celtis australis,2.93,3.07,899.99,835.33,36.2,36.2,36.2,36.2
0131715AR,Platanus × acerifolia,1.69,1.92,924.11,412.11,7.5,7.5,7.5,7.5
0131716AR,Platanus × acerifolia,8.14,3.69,215.24,886.36,336.0,336.0,336.0,336.0
0131717AR,Melia azedarach,9.42,2.45,551.66,907.61,298.8,298.8,298.8,298.8
0131721AR,Celtis australis,13.66,3.7,173.98,530.33,948.9,948.9,948.9,948.9
0131722AR,Acer negundo,8.23,2.79,870.82,787.14,259.7,259.7,259.7,259.7
0131723AR,Platanus × acerifolia,6.77,2.34,200.7,208.82,147.4,147.4,147.4,147.4
0131724AR,Celtis sinensis,8.57,3.57,1086.38,957.03,360.4,360.4,360.4,360.4
0131725AR,Casuarina cunninghamiana,8.9,3.48,482.0,251.0,378.9,378.9,378.9,378.9
0131726AR,Platanus × acerifolia,6.43,1.85,801.31,383.92,105.1,105.1,105.1,105.1
0131727AR,Handroanthus heptaphyllus,6.26,4.82,444.54,334.57,259.6,259.6,259.6,259.6
0131728AR,Platanus × acerifolia,9.57,2.85,892.71,728.01,358.8,358.8,358.8,358.8
0131729AR,Melia azedarach,9.01,2.01,374.89,636.06,224.3,224.3,224.3,224.3
0131734AR,Tilia x europaea,8.9,2.02,865.18,538.24,219.9,219.9,219.9,219.9
0131735AR,Citrus × aurantium,2.93,1.58,669.6,175.19,18.6,18.6,18.6,18.6
0131736AR,Catalpa bignonioides,7.02,2.27,249.29,623.84,153.8,153.8,153.8,153.8
0131737AR,Platanus × acerifolia,7.72,2.27,474.58,138.2,185.9,185.9,185.9,185.9
0131739AR,Celtis australis,5.41,1.44,895.73,283.24,57.9,57.9,57.9,57.9
0131741AR,Brachychiton populneus,3.83,1.55,753.55,158.62,31.3,31.3,31.3,31.3
0131743AR,Tipuana tipu,1.95,1.85,672.02,472.61,9.7,9.7,9.7,9.7
0131744AR,Platanus × acerifolia,8.87,2.21,778.72,349.52,239.0,239.0,239.0,239.0
0131746AR,Ulmus pumila,3.29,2.3,752.47,265.82,34.2,34.2,34.2,34.2
0131747AR,Populus alba 'Pyramidalis',4.62,3.62,707.89,640.31,106.2,106.2,106.2,106.2
0131748AR,Celtis australis,4.03,2.0,962.16,529.07,44.6,44.6,44.6,44.6
0131749AR,Platanus × acerifolia,12.41,2.02,899.0,239.0,427.6,427.6,427.6,427.6
0131750AR,Platanus × acerifolia,13.51,3.71,611.67,268.62,930.7,930.7,930.7,930.7
0131752AR,Platanus × acerifolia,6.6,2.04,103.33,447.57,122.1,122.1,122.1,122.1
0131753AR,Platanus × acerifolia,8.76,2.42,791.58,938.83,255.2,255.2,255.2,255.2
0131756AR,Platanus × acerifolia,3.74,2.1,407.2,375.71,40.4,40.4,40.4,40.4
0131757AR,Tipuana tipu,4.55,2.21,257.39,65.17,62.9,62.9,62.9,62.9
0131758AR,Platanus × acerifolia,2.59,2.49,834.95,1018.94,23.0,23.0,23.0,23.0
0131759AR,Platanus × acerifolia,10.59,2.42,464.99,430.16,373.0,373.0,373.0,373.0
0131760AR,Tipuana tipu,9.04,1.83,670.25,454.41,205.5,205.5,205.5,205.5
0131761AR,Tilia x europaea,1.69,1.69,870.63,509.85,6.6,6.6,6.6,6.6
0131762AR,Citrus × aurantium,3.14,1.91,523.08,179.25,25.9,25.9,25.9,25.9
0131763AR,Platanus × acerifolia,8.61,1.67,844.09,546.78,170.2,170.2,170.2,170.2
0131764AR,Jacaranda mimosifolia,11.3,2.84,701.87,538.97,498.4,498.4,498.4,498.4
0131765AR,Platanus × acerifolia,9.9,1.91,418.37,502.89,257.3,257.3,257.3,257.3
0131768AR,Platanus × acerifolia,9.82,2.52,110.72,634.54,334.0,334.0,334.0,334.0
0131770AR,Morus alba,3.24,4.47,201.85,592.65,64.5,64.5,64.5,64.5
0131771AR,Catalpa bignonioides,5.53,2.82,942.02,960.85,118.5,118.5,118.5,118.5
0131774AR,Acer monspessulanum,2.03,2.37,528.57,899.94,13.4,13.4,13.4,13.4
0131775AR,Platanus × acerifolia,11.08,1.57,934.63,372.24,264.9,264.9,264.9,264.9
0131776AR,Melia azedarach,6.18,1.88,501.24,837.1,98.7,98.7,98.7,98.7
0131777AR,Celtis australis,11.85,3.71,1031.31,785.46,716.0,716.0,716.0,716.0
0131778AR,Platanus × acerifolia PLATANOR® 'Vallis Clausa',4.11,3.37,547.91,53.79,78.2,78.2,78.2,78.2
0131779AR,Celtis australis,11.81,2.43,345.37,329.74,465.8,465.8,465.8,465.8
0131783AR,Citrus × aurantium,4.03,2.13,576.69,183.76,47.5,47.5,47.5,47.5
0131784AR,Catalpa bignonioides,7.27,1.74,235.11,632.68,126.4,126.4,126.4,126.4
0131785AR,Grevillea robusta,2.82,2.37,658.52,1009.44,25.9,25.9,25.9,25.9
0131787AR,Ligustrum lucidum,4.33,3.78,647.17,899.34,97.4,97.4,97.4,97.4
0131788AR,Melia azedarach,9.13,4.4,582.56,943.69,504.1,504.1,504.1,504.1
0131790AR,Melia azedarach,1.87,4.19,61.9,593.68,20.1,20.1,20.1,20.1
0131794AR,Platanus × acerifolia,9.62,1.76,906.52,268.03,223.9,223.9,223.9,223.9
0131795AR,Platanus × acerifolia,9.85,2.38,211.8,181.56,317.4,317.4,317.4,317.4
0131796AR,Melia azedarach,10.49,2.61,485.4,817.04,394.7,394.7,394.7,394.7
0131797AR,Tilia x europaea,6.91,2.64,869.68,540.4,173.3,173.3,173.3,173.3
0131798AR,Casuarina cunninghamiana,4.44,2.25,597.55,413.3,61.0,61.0,61.0,61.0
0131799AR,Platanus × acerifolia,7.11,2.67,205.15,197.73,185.5,185.5,185.5,185.5
0131800AR,Morus alba,4.98,1.21,686.02,662.61,41.2,41.2,41.2,41.2
0131802AR,Platanus × acerifolia,10.78,1.8,160.66,666.89,287.5,287.5,287.5,287.5
0131803AR,Platanus × acerifolia,12.15,2.78,990.6,659.44,564.1,564.1,564.1,564.1
0131804AR,Koelreuteria paniculata 'Fastigiata',7.27,2.83,459.94,103.62,205.6,205.6,205.6,205.6
0131805AR,Pinus pinea,11.14,2.28,510.06,359.83,388.9,388.9,388.9,388.9
0131808AR,Tipuana tipu,8.57,1.46,684.56,313.54,147.4,147.4,147.4,147.4
0131809AR,Platanus × acerifolia,10.46,2.03,816.0,440.26,305.3,305.3,305.3,305.3
0131812AR,Citrus × aurantium,3.43,2.38,683.87,203.32,38.5,38.5,38.5,38.5
0131814AR,Koelreuteria paniculata 'Fastigiata',2.03,2.04,461.94,159.0,11.6,11.6,11.6,11.6
0131815AR,Platanus × acerifolia,2.03,2.33,149.16,335.3,13.2,13.2,13.2,13.2
0131816AR,Fraxinus angustifolia 'Raywood',4.26,2.39,693.07,610.77,59.6,59.6,59.6,59.6
0131818AR,Jacaranda mimosifolia,3.19,1.81,193.8,447.29,25.3,25.3,25.3,25.3
0131819AR,Jacaranda mimosifolia,12.63,2.61,756.13,520.16,572.2,572.2,572.2,572.2
0131820AR,Tipuana tipu,11.89,3.14,252.0,68.0,610.1,610.1,610.1,610.1
0131822AR,Platanus × acerifolia,7.05,3.07,1079.38,909.06,209.7,209.7,209.7,209.7
0131825AR,Tipuana tipu,7.88,2.23,887.72,867.7,190.3,190.3,190.3,190.3
0131826AR,Celtis sinensis,8.54,3.37,1088.0,962.62,337.8,337.8,337.8,337.8
0131827AR,Platanus × acerifolia,11.62,3.27,996.78,682.31,606.9,606.9,606.9,606.9
0131828AR,Platanus × acerifolia,4.11,4.48,785.49,965.03,104.0,104.0,104.0,104.0
0131830AR,Fraxinus angustifolia 'Raywood',6.15,1.71,687.39,652.62,88.9,88.9,88.9,88.9
0131831AR,Tipuana tipu,8.94,2.42,455.16,197.31,265.8,265.8,265.8,265.8
0131832AR,Catalpa bignonioides,3.39,1.48,957.63,968.11,23.4,23.4,23.4,23.4
0131833AR,Tipuana tipu,15.21,3.32,542.48,245.1,1055.7,1055.7,1055.7,1055.7
0131834AR,Celtis australis,8.1,1.61,872.52,196.35,145.2,145.2,145.2,145.2
0131835AR,Platanus × acerifolia,12.58,2.26,892.45,216.13,491.6,491.6,491.6,491.6
0131837AR,Celtis sinensis,8.0,2.55,1080.03,933.8,224.3,224.3,224.3,224.3
0131838AR,Brachychiton populneus,3.29,1.65,498.0,468.0,24.5,24.5,24.5,24.5
0131840AR,Platanus × acerifolia,8.21,2.55,284.85,61.33,236.2,236.2,236.2,236.2
0131842AR,Platanus × acerifolia,6.26,1.99,350.75,410.27,107.2,107.2,107.2,107.2
0131844AR,Hesperocyparis macrocarpa,4.65,3.22,241.2,423.78,95.7,95.7,95.7,95.7
0131845AR,Platanus × acerifolia,8.79,1.54,915.63,302.4,163.5,163.5,163.5,163.5
0131846AR,Platanus × acerifolia,4.85,3.33,626.14,51.45,107.7,107.7,107.7,107.7
0131847AR,Acer monspessulanum,4.37,2.07,491.7,958.54,54.3,54.3,54.3,54.3
0131848AR,Celtis australis,4.92,3.09,474.76,151.94,102.8,102.8,102.8,102.8
0131849AR,Platanus × acerifolia,11.71,3.4,785.71,47.04,640.8,640.8,640.8,640.8
0131850AR,Robinia pseudoacacia,6.77,2.72,221.69,478.47,171.3,171.3,171.3,171.3
0131851AR,Platanus × acerifolia,10.0,3.76,1114.73,1042.65,516.8,516.8,516.8,516.8
0131852AR,Platanus × acerifolia,1.69,1.2,389.09,521.44,4.7,4.7,4.7,4.7
0131853AR,Platanus × acerifolia,3.14,1.98,455.0,396.0,26.8,26.8,26.8,26.8
0131856AR,Platanus × acerifolia,8.69,3.58,65.64,668.58,371.6,371.6,371.6,371.6
0131857AR,Celtis occidentalis,2.11,1.56,1015.28,695.71,9.5,9.5,9.5,9.5
0131858AR,Pyrus calleryana 'Chanticleer',2.03,6.44,554.39,265.75,36.5,36.5,36.5,36.5
0131859AR,Celtis australis,4.72,1.38,681.96,330.81,42.3,42.3,42.3,42.3
0131861AR,Morus alba,5.01,1.95,715.95,772.78,67.3,67.3,67.3,67.3
0131862AR,Platanus × acerifolia,3.66,2.61,475.19,164.66,48.1,48.1,48.1,48.1
0131863AR,Platanus × acerifolia,12.28,1.92,948.74,424.49,397.9,397.9,397.9,397.9
0131864AR,Platanus × acerifolia,6.96,1.69,1013.52,665.35,112.5,112.5,112.5,112.5
0131865AR,Celtis australis,8.23,2.86,289.97,403.04,266.3,266.3,266.3,266.3
0131866AR,Celtis australis,4.79,1.91,967.5,515.37,60.2,60.2,60.2,60.2
0131867AR,Robinia pseudoacacia,7.51,2.07,477.21,476.44,160.5,160.5,160.5,160.5
0131868AR,Melia azedarach,8.61,1.96,356.12,574.29,199.7,199.7,199.7,199.7
0131870AR,Platanus × acerifolia,5.29,2.54,887.05,86.54,97.7,97.7,97.7,97.7
0131871AR,Platanus × acerifolia,8.35,1.64,1043.83,1059.59,157.2,157.2,157.2,157.2
0131872AR,Tipuana tipu,11.26,2.49,675.3,528.2,433.9,433.9,433.9,433.9
0131873AR,Melia azedarach,13.51,2.06,684.41,384.68,516.8,516.8,516.8,516.8
0131874AR,Platanus × acerifolia,10.06,3.17,797.78,988.67,440.9,440.9,440.9,440.9
0131875AR,Celtis australis,3.19,2.82,1021.84,719.46,39.4,39.4,39.4,39.4
0131876AR,Handroanthus heptaphyllus,4.03,1.87,493.2,321.59,41.7,41.7,41.7,41.7
0131878AR,Platanus × acerifolia,9.74,2.47,1004.24,630.71,322.1,322.1,322.1,322.1
0131879AR,Platanus × acerifolia,5.92,2.3,812.88,169.38,110.8,110.8,110.8,110.8
0131881AR,Platanus × acerifolia,8.76,3.44,105.28,736.05,362.8,362.8,362.8,362.8
0131882AR,Casuarina cunninghamiana,6.51,2.81,158.6,444.33,163.7,163.7,163.7,163.7
0131884AR,Gleditsia triacanthos,6.13,1.8,565.55,861.21,93.0,93.0,93.0,93.0
0131885AR,Platanus × acerifolia,10.4,2.08,973.42,513.73,309.2,309.2,309.2,309.2
0131886AR,Celtis australis,7.0,3.01,1006.03,692.73,202.7,202.7,202.7,202.7
0131888AR,Tipuana tipu,8.61,2.28,521.8,239.17,232.3,232.3,232.3,232.3
0131889AR,Platanus × acerifolia,10.2,2.14,360.79,404.4,306.0,306.0,306.0,306.0
0131890AR,Platanus × acerifolia,8.54,1.97,1008.95,647.98,197.5,197.5,197.5,197.5
0131891AR,Jacaranda mimosifolia,9.39,3.15,744.38,523.56,381.7,381.7,381.7,381.7
0131892AR,Styphnolobium japonicum,4.15,2.68,89.09,581.05,63.4,63.4,63.4,63.4
0131894AR,Platanus × acerifolia,10.94,2.0,879.57,156.68,329.0,329.0,329.0,329.0
0131896AR,Celtis australis,4.92,2.94,466.11,382.1,97.8,97.8,97.8,97.8
0131898AR,Celtis australis,5.26,2.08,925.53,394.04,79.1,79.1,79.1,79.1
0131903AR,Celtis sinensis,3.7,2.76,1038.03,777.79,51.9,51.9,51.9,51.9
0131905AR,Pyrus calleryana 'Chanticleer',3.87,1.34,317.01,88.54,27.6,27.6,27.6,27.6
0131906AR,Tipuana tipu,5.89,2.81,543.79,237.87,134.0,134.0,134.0,134.0
0131907AR,Brachychiton populneus,1.78,3.15,763.09,167.21,13.7,13.7,13.7,13.7
0131908AR,Platanus × acerifolia,9.56,2.86,1101.0,990.0,359.3,359.3,359.3,359.3
0131910AR,Celtis australis,2.52,1.31,954.01,499.52,11.4,11.4,11.4,11.4
0131912AR,Platanus × acerifolia,8.18,2.59,473.71,117.42,238.2,238.2,238.2,238.2
0131913AR,Platanus × acerifolia,12.13,2.45,202.75,203.3,495.5,495.5,495.5,495.5
0131914AR,Brachychiton populneus,3.09,2.25,750.9,58.99,29.5,29.5,29.5,29.5
0131915AR,Jacaranda mimosifolia,6.96,2.91,657.7,410.76,193.7,193.7,193.7,193.7
0131916AR,Platanus × acerifolia,11.35,3.45,841.55,1030.18,610.9,610.9,610.9,610.9
0131918AR,Ligustrum lucidum,5.29,3.18,652.73,906.34,122.3,122.3,122.3,122.3
0131919AR,Citrus × aurantium,3.29,1.98,685.16,244.49,29.5,29.5,29.5,29.5
0131920AR,Platanus × acerifolia,7.02,1.84,1030.7,1064.39,124.6,124.6,124.6,124.6
0131922AR,Platanus × acerifolia,10.98,3.71,582.28,52.84,614.8,614.8,614.8,614.8
0131924AR,Platanus × acerifolia,2.19,1.91,1018.0,682.0,12.6,12.6,12.6,12.6
0131925AR,Tipuana tipu,7.53,3.15,214.76,517.53,245.5,245.5,245.5,245.5
0131927AR,Tilia x europaea,4.82,1.51,915.48,499.26,48.2,48.2,48.2,48.2
0131929AR,Gleditsia triacanthos,5.53,1.56,533.31,873.79,65.6,65.6,65.6,65.6
0131930AR,Pyrus calleryana 'Chanticleer',1.87,2.46,630.14,255.05,11.8,11.8,11.8,11.8
0131932AR,Platanus × acerifolia,5.26,1.72,878.79,244.16,65.4,65.4,65.4,65.4
0131933AR,Platanus × acerifolia,8.96,2.66,405.02,57.72,293.5,293.5,293.5,293.5
0131935AR,Jacaranda mimosifolia,8.92,3.0,608.67,589.09,328.1,328.1,328.1,328.1
0131936AR,Platanus × acerifolia,10.19,2.74,838.43,1025.12,391.0,391.0,391.0,391.0
0131939AR,Gleditsia triacanthos,4.03,1.58,700.51,831.05,35.3,35.3,35.3,35.3
0131940AR,Casuarina cunninghamiana,4.15,1.71,610.1,426.28,40.5,40.5,40.5,40.5
0131942AR,Platanus × acerifolia,8.33,2.5,224.2,783.32,238.4,238.4,238.4,238.4
0131943AR,Tipuana tipu,2.59,1.79,683.77,519.38,16.5,16.5,16.5,16.5
0131945AR,Platanus × acerifolia,11.28,2.04,993.0,589.0,356.8,356.8,356.8,356.8
0131946AR,Celtis sinensis,7.09,1.91,1067.71,887.41,132.0,132.0,132.0,132.0
0131949AR,Populus alba 'Pyramidalis',6.18,2.69,714.0,664.0,141.2,141.2,141.2,141.2
0131950AR,Platanus × acerifolia,11.2,2.83,966.9,571.3,487.9,487.9,487.9,487.9
0131951AR,Platanus × acerifolia,5.38,1.41,615.06,988.17,56.1,56.1,56.1,56.1
0131952AR,Melia azedarach,12.4,1.92,363.34,591.83,405.8,405.8,405.8,405.8
0131958AR,X chitalpa tashkentensis 'minsum' SUMMER BELLS®,4.41,2.3,329.32,706.37,61.5,61.5,61.5,61.5
0131959AR,Melia azedarach,10.28,1.52,157.79,379.03,220.8,220.8,220.8,220.8
0131961AR,Casuarina cunninghamiana,5.75,2.14,574.8,380.85,97.2,97.2,97.2,97.2
0131962AR,Gleditsia triacanthos,13.8,2.4,591.35,863.47,628.2,628.2,628.2,628.2
0131963AR,Jacaranda mimosifolia,5.44,3.07,210.89,473.93,124.9,124.9,124.9,124.9
0131967AR,Robinia pseudoacacia,9.57,2.27,356.06,553.93,285.7,285.7,285.7,285.7
0131969AR,Platanus × acerifolia,1.78,1.18,794.57,209.46,5.1,5.1,5.1,5.1
0131970AR,Acer monspessulanum,3.39,2.07,508.7,936.76,32.7,32.7,32.7,32.7
0131971AR,Platanus × acerifolia,7.61,2.48,456.69,100.23,197.4,197.4,197.4,197.4
0131972AR,Jacaranda mimosifolia,6.89,3.96,352.79,905.41,258.4,258.4,258.4,258.4
0131974AR,Platanus × acerifolia,3.83,2.15,769.57,241.59,43.3,43.3,43.3,43.3
0131976AR,Platanus × acerifolia,10.97,2.66,468.81,396.59,440.0,440.0,440.0,440.0
0131977AR,Prunus cerasifera 'Pissardii',6.86,2.65,305.7,908.22,171.4,171.4,171.4,171.4
0131979AR,Hesperocyparis macrocarpa,4.33,2.66,215.02,439.62,68.5,68.5,68.5,68.5
0131980AR,Gleditsia triacanthos,8.67,2.04,541.82,872.19,210.8,210.8,210.8,210.8
0131982AR,Celtis australis,5.84,2.62,502.01,259.29,122.8,122.8,122.8,122.8
0131983AR,Brachychiton populneus,2.19,1.27,63.81,613.3,8.4,8.4,8.4,8.4
0131988AR,Tipuana tipu,12.57,2.77,441.06,206.67,601.6,601.6,601.6,601.6
0131989AR,Ligustrum lucidum,3.61,1.35,486.39,885.05,24.2,24.2,24.2,24.2
0131990AR,Melia azedarach,10.59,3.18,512.28,842.14,490.2,490.2,490.2,490.2
0131991AR,Celtis australis,4.07,3.43,1033.31,760.0,78.1,78.1,78.1,78.1
0131992AR,Platanus × acerifolia,9.76,3.16,779.47,47.11,413.7,413.7,413.7,413.7
0131993AR,Brachychiton populneus,4.03,1.68,930.31,1057.75,37.5,37.5,37.5,37.5
0131994AR,Celtis australis,3.52,1.59,1014.25,690.49,27.1,27.1,27.1,27.1
0131995AR,Celtis australis,7.67,3.21,279.82,387.5,259.6,259.6,259.6,259.6
0131996AR,Platanus × acerifolia,5.05,1.8,990.13,577.59,63.1,63.1,63.1,63.1
0131997AR,Citrus × aurantium,3.66,2.09,641.17,176.01,38.5,38.5,38.5,38.5
0131998AR,Platanus × acerifolia,10.76,2.24,1000.89,618.79,356.5,356.5,356.5,356.5
0131999AR,Platanus × acerifolia,8.74,2.01,855.88,129.99,211.0,211.0,211.0,211.0
0132000AR,Gleditsia triacanthos,6.65,1.99,582.3,858.26,121.0,121.0,121.0,121.0
0132004AR,Platanus × acerifolia,6.33,2.19,153.53,595.38,120.6,120.6,120.6,120.6
0132005AR,Morus alba,2.26,1.45,692.42,685.34,10.2,10.2,10.2,10.2
0132006AR,Platanus × acerifolia,9.82,2.76,1044.9,782.41,365.8,365.8,365.8,365.8
0132008AR,Platanus × acerifolia,11.91,2.02,988.46,571.61,393.8,393.8,393.8,393.8
0132009AR,Platanus × acerifolia,5.59,1.85,1071.94,1070.39,79.5,79.5,79.5,79.5
0132010AR,Platanus × acerifolia,1.69,1.88,56.99,605.78,7.4,7.4,7.4,7.4
0132011AR,Celtis australis,4.79,1.2,906.64,323.99,37.8,37.8,37.8,37.8
0132012AR,Celtis sinensis,8.06,2.67,1062.97,870.35,238.4,238.4,238.4,238.4
0132013AR,Platanus × acerifolia,6.93,2.0,787.04,203.22,132.0,132.0,132.0,132.0
0132014AR,Platanus × acerifolia,5.94,2.95,1085.73,932.3,143.1,143.1,143.1,143.1
0132015AR,Jacaranda mimosifolia,6.33,2.7,793.98,513.75,148.7,148.7,148.7,148.7
0132016AR,Platanus × acerifolia,9.61,1.87,905.04,262.03,237.4,237.4,237.4,237.4
0132017AR,Platanus × acerifolia,6.43,2.33,116.38,415.82,132.4,132.4,132.4,132.4
0132018AR,Morus alba,5.2,1.92,711.97,761.5,71.4,71.4,71.4,71.4
0132020AR,Platanus × acerifolia,13.42,1.9,951.97,435.87,470.3,470.3,470.3,470.3
0132021AR,Platanus × acerifolia,7.14,1.84,937.87,383.67,128.9,128.9,128.9,128.9
0132022AR,Platanus × acerifolia,12.44,2.53,518.88,288.53,538.1,538.1,538.1,538.1
0132023AR,Prunus cerasifera 'Pissardii',5.35,2.25,298.69,912.49,88.5,88.5,88.5,88.5
0132024AR,Melia azedarach,10.63,3.36,299.1,362.01,521.8,521.8,521.8,521.8
0132025AR,Fraxinus angustifolia 'Raywood',3.24,2.34,698.43,693.57,33.8,33.8,33.8,33.8
0132026AR,Fraxinus angustifolia 'Raywood',2.52,2.18,716.89,762.74,19.0,19.0,19.0,19.0
0132027AR,Celtis australis,6.13,2.12,1009.09,704.01,109.5,109.5,109.5,109.5
0132028AR,Melia azedarach,6.89,2.09,544.35,899.43,136.4,136.4,136.4,136.4
0132029AR,Platanus × acerifolia,8.0,2.21,134.94,607.11,194.4,194.4,194.4,194.4
0132030AR,Platanus × acerifolia,10.49,2.1,155.61,319.18,317.6,317.6,317.6,317.6
0132033AR,Ligustrum lucidum,4.82,3.15,669.68,927.57,100.6,100.6,100.6,100.6
0132034AR,Celtis australis,8.23,3.51,906.28,860.7,326.8,326.8,326.8,326.8
0132037AR,Platanus × acerifolia,7.88,1.88,821.06,459.21,160.4,160.4,160.4,160.4
0132039AR,Tipuana tipu,12.41,3.47,873.61,843.45,734.5,734.5,734.5,734.5
0132040AR,Platanus × acerifolia,6.46,1.43,913.24,371.7,82.0,82.0,82.0,82.0
0132044AR,Platanus × acerifolia,6.36,2.0,129.79,383.87,111.2,111.2,111.2,111.2
0132045AR,Robinia pseudoacacia,8.18,2.3,439.39,500.62,211.5,211.5,211.5,211.5
0132048AR,Platanus × acerifolia,13.06,2.46,218.21,166.43,576.7,576.7,576.7,576.7
0132049AR,Platanus × acerifolia,10.25,2.72,671.97,50.28,392.8,392.8,392.8,392.8
0132050AR,Platanus × acerifolia,14.25,2.22,956.37,530.53,619.6,619.6,619.6,619.6
0132051AR,Grevillea robusta,2.03,2.55,822.85,156.66,14.4,14.4,14.4,14.4
0132052AR,Platanus × acerifolia,3.48,1.65,928.08,349.01,27.5,27.5,27.5,27.5
0132053AR,Platanus × acerifolia,7.31,3.04,71.6,679.54,223.3,223.3,223.3,223.3
0132055AR,Citrus × aurantium,5.38,2.74,592.97,183.48,109.0,109.0,109.0,109.0
0132056AR,Jacaranda mimosifolia,8.2,3.36,669.57,955.37,310.5,310.5,310.5,310.5
0132057AR,Platanus × acerifolia,13.01,2.31,280.58,422.08,537.4,537.4,537.4,537.4
0132059AR,Fraxinus angustifolia 'Raywood',4.03,2.55,694.44,616.09,56.9,56.9,56.9,56.9
0132060AR,Platanus × acerifolia,1.95,1.99,996.28,600.81,10.4,10.4,10.4,10.4
0132061AR,Citrus × aurantium,3.52,2.09,175.22,770.31,35.6,35.6,35.6,35.6
0132065AR,Tipuana tipu,11.9,2.66,883.36,508.37,517.7,517.7,517.7,517.7
0132066AR,Platanus × acerifolia,2.03,2.43,284.27,429.22,13.8,13.8,13.8,13.8
0132068AR,Melia azedarach,1.69,5.23,349.11,308.45,20.5,20.5,20.5,20.5
0132069AR,Grevillea robusta,2.46,1.36,334.06,956.19,11.3,11.3,11.3,11.3
0132070AR,Handroanthus heptaphyllus,2.26,2.09,919.43,877.22,14.7,14.7,14.7,14.7
0132071AR,Platanus × acerifolia,4.72,2.84,83.34,496.3,87.0,87.0,87.0,87.0
0132072AR,Fraxinus ornus 'Mecsek',3.14,2.34,358.86,876.05,31.7,31.7,31.7,31.7
0132074AR,Prunus cerasifera 'Pissardii',4.55,2.21,607.4,343.92,62.9,62.9,62.9,62.9
0132075AR,Platanus × acerifolia,10.57,3.45,287.57,764.64,529.8,529.8,529.8,529.8
0132076AR,Populus nigra 'Italica',3.14,1.83,682.93,635.18,24.8,24.8,24.8,24.8
0132077AR,X chitalpa tashkentensis 'minsum' SUMMER BELLS®,5.84,2.37,298.55,637.78,111.1,111.1,111.1,111.1
0132080AR,Casuarina cunninghamiana,10.01,2.24,549.45,372.87,308.5,308.5,308.5,308.5
0132082AR,Citrus × aurantium,4.37,4.24,186.16,773.28,111.3,111.3,111.3,111.3
0132083AR,Robinia pseudoacacia,7.18,1.99,522.46,327.66,141.0,141.0,141.0,141.0
0132084AR,Brachychiton populneus,5.41,2.37,577.44,318.1,95.3,95.3,95.3,95.3
0132086AR,Gleditsia triacanthos,8.87,2.19,683.6,836.89,236.8,236.8,236.8,236.8
0132088AR,Platanus × acerifolia,6.05,1.72,1065.72,1069.3,86.5,86.5,86.5,86.5
0132089AR,Platanus × acerifolia,10.03,1.74,890.49,210.28,240.6,240.6,240.6,240.6
0132090AR,Gleditsia triacanthos,5.08,1.98,673.34,832.96,70.2,70.2,70.2,70.2
0132091AR,Celtis australis,3.04,1.49,872.42,139.05,18.9,18.9,18.9,18.9
0132092AR,Celtis australis,4.55,2.18,883.36,205.63,62.0,62.0,62.0,62.0
0132093AR,Citrus × aurantium,2.59,1.88,714.6,173.93,17.3,17.3,17.3,17.3
0132094AR,Jacaranda mimosifolia,5.64,3.35,748.47,526.02,146.5,146.5,146.5,146.5
0132095AR,Jacaranda mimosifolia,8.52,2.36,254.12,398.79,235.5,235.5,235.5,235.5
0132097AR,Celtis australis,4.22,2.13,928.42,405.11,52.1,52.1,52.1,52.1
0132099AR,Celtis australis,2.46,2.1,747.8,267.8,17.5,17.5,17.5,17.5
0132100AR,Platanus × acerifolia,1.69,3.62,397.09,381.88,14.2,14.2,14.2,14.2
0132102AR,Brachychiton populneus,5.38,2.27,57.3,629.65,90.3,90.3,90.3,90.3
0132104AR,Platanus × acerifolia,9.92,2.31,884.47,186.6,312.4,312.4,312.4,312.4
0132106AR,Celtis sinensis,5.08,2.04,1069.2,892.92,72.4,72.4,72.4,72.4
0132107AR,Tipuana tipu,13.92,2.09,701.0,307.0,556.6,556.6,556.6,556.6
0132108AR,Tipuana tipu,5.97,1.98,662.07,435.04,97.0,97.0,97.0,97.0
0132110AR,Jacaranda mimosifolia,11.53,2.64,275.94,435.99,482.4,482.4,482.4,482.4
0132111AR,Robinia pseudoacacia,2.71,1.75,1013.86,1056.46,17.7,17.7,17.7,17.7
0132112AR,Platanus × acerifolia,10.91,2.94,107.83,437.66,481.0,481.0,481.0,481.0
0132114AR,Platanus × acerifolia,12.27,2.41,508.95,372.05,498.7,498.7,498.7,498.7
0132115AR,Celtis australis,2.71,1.73,1002.87,649.52,17.5,17.5,17.5,17.5
0132116AR,Platanus × acerifolia,7.98,2.2,798.24,424.31,192.6,192.6,192.6,192.6
0132117AR,Platanus × acerifolia,10.11,2.49,217.76,786.25,349.8,349.8,349.8,349.8
0132119AR,Platanus × acerifolia,9.56,2.41,1051.7,804.58,302.7,302.7,302.7,302.7
0132122AR,Acer monspessulanum,3.09,1.88,536.35,907.0,24.7,24.7,24.7,24.7
0132123AR,Grevillea robusta,6.05,3.7,459.39,82.07,186.1,186.1,186.1,186.1
0132124AR,Celtis australis,2.71,1.77,969.79,558.03,17.9,17.9,17.9,17.9
0132125AR,Celtis australis,7.31,2.22,498.81,253.77,163.0,163.0,163.0,163.0
0132126AR,Platanus × acerifolia,6.7,2.06,46.5,587.91,127.1,127.1,127.1,127.1
0132127AR,Platanus × acerifolia,6.48,2.39,742.81,868.36,137.9,137.9,137.9,137.9
0132129AR,Platanus × acerifolia,9.36,3.04,142.03,784.43,366.1,366.1,366.1,366.1
0132133AR,Acer monspessulanum,3.66,2.94,520.43,921.3,54.1,54.1,54.1,54.1
0132136AR,Celtis australis,3.74,3.45,988.96,596.77,66.3,66.3,66.3,66.3
0132137AR,X chitalpa tashkentensis 'minsum' SUMMER BELLS®,3.57,2.32,324.5,698.25,40.6,40.6,40.6,40.6
0132138AR,Platanus × acerifolia,7.8,1.61,1061.51,1061.8,134.6,134.6,134.6,134.6
0132140AR,Catalpa bignonioides,4.03,3.41,952.03,998.75,76.1,76.1,76.1,76.1
0132141AR,Celtis sinensis,3.34,1.83,1044.26,800.65,28.1,28.1,28.1,28.1
0132144AR,Celtis australis,2.99,1.52,1012.0,684.0,18.7,18.7,18.7,18.7
0132145AR,Platanus × acerifolia,2.19,3.17,314.39,749.47,20.9,20.9,20.9,20.9
0132147AR,Melia azedarach,11.59,2.91,479.89,810.38,537.3,537.3,537.3,537.3
0132148AR,Jacaranda mimosifolia,7.02,3.47,363.68,924.05,235.0,235.0,235.0,235.0
0132151AR,Platanus × acerifolia,11.27,2.09,770.08,264.73,364.9,364.9,364.9,364.9
0132154AR,Celtis australis,5.17,2.77,342.27,334.68,101.8,101.8,101.8,101.8
0132155AR,Grevillea robusta,2.03,1.89,346.32,958.04,10.7,10.7,10.7,10.7
0132156AR,Platanus × acerifolia,8.43,2.5,738.16,855.92,244.2,244.2,244.2,244.2
0132159AR,Platanus × acerifolia,8.39,2.92,1102.52,996.21,282.5,282.5,282.5,282.5
0132161AR,Platanus × acerifolia,1.95,2.83,998.77,688.03,14.8,14.8,14.8,14.8
0132162AR,Melia azedarach,7.86,1.55,206.3,451.39,131.6,131.6,131.6,131.6
0132163AR,Platanus × acerifolia,7.96,2.28,927.4,1049.25,198.6,198.6,198.6,198.6
0132164AR,Brachychiton populneus,3.19,2.04,762.67,140.15,28.5,28.5,28.5,28.5
0132165AR,Acer monspessulanum,4.79,1.78,529.95,909.89,56.1,56.1,56.1,56.1
0132166AR,Celtis occidentalis,8.08,2.88,1099.92,1009.32,258.4,258.4,258.4,258.4
0132167AR,Celtis australis,3.74,1.12,920.92,375.99,21.5,21.5,21.5,21.5
0132168AR,Catalpa bignonioides,2.71,1.56,909.28,839.13,15.7,15.7,15.7,15.7
0132170AR,Melia azedarach,10.34,3.76,569.85,928.96,552.5,552.5,552.5,552.5
0132171AR,Platanus × acerifolia,10.9,3.26,1113.18,1036.84,532.4,532.4,532.4,532.4
0132172AR,Platanus × acerifolia,8.63,2.12,777.21,343.35,217.0,217.0,217.0,217.0
0132173AR,Prunus cerasifera 'Pissardii',1.95,0.98,865.92,524.28,5.1,5.1,5.1,5.1
0132174AR,Gleditsia triacanthos,9.42,2.25,650.54,848.71,274.4,274.4,274.4,274.4
0132175AR,Brachychiton populneus,7.88,2.83,59.47,624.43,241.5,241.5,241.5,241.5
0132179AR,Platanus × acerifolia,1.69,1.41,837.39,153.48,5.5,5.5,5.5,5.5
0132180AR,Celtis australis,4.26,2.03,347.85,334.13,50.6,50.6,50.6,50.6
0132181AR,Citrus × aurantium,3.09,1.61,555.91,184.14,21.1,21.1,21.1,21.1
0132182AR,Platanus × acerifolia,11.01,2.04,823.35,171.75,339.9,339.9,339.9,339.9
0132183AR,Handroanthus heptaphyllus,1.87,1.32,479.23,329.95,6.3,6.3,6.3,6.3
0132185AR,Pyrus calleryana 'Chanticleer',2.52,1.66,317.97,145.88,14.5,14.5,14.5,14.5
0132186AR,Melia azedarach,9.92,2.23,453.25,776.75,301.6,301.6,301.6,301.6
0132187AR,Morus alba,8.76,2.61,207.16,589.28,275.3,275.3,275.3,275.3
0132188AR,Platanus × acerifolia,7.92,1.98,796.15,365.51,170.7,170.7,170.7,170.7
0132189AR,Celtis australis,4.26,2.02,859.98,149.74,50.4,50.4,50.4,50.4
0132191AR,Jacaranda mimosifolia,7.09,2.18,659.0,406.0,150.6,150.6,150.6,150.6
0132192AR,Brachychiton populneus,4.22,2.13,416.66,368.27,52.1,52.1,52.1,52.1
0132193AR,Platanus × acerifolia,6.93,1.96,787.34,218.38,129.4,129.4,129.4,129.4
0132195AR,Tipuana tipu,1.78,1.39,680.84,507.69,6.1,6.1,6.1,6.1
0132197AR,Robinia pseudoacacia,8.99,1.81,534.27,348.05,201.1,201.1,201.1,201.1
0132198AR,Casuarina cunninghamiana,7.51,2.72,167.93,462.93,210.9,210.9,210.9,210.9
0132204AR,Robinia pseudoacacia,8.87,2.39,287.78,596.84,258.4,258.4,258.4,258.4
0132206AR,Prunus serrulata 'Kanzan',4.55,2.06,189.53,351.23,58.6,58.6,58.6,58.6
0132207AR,Melia azedarach,8.5,1.89,330.34,328.65,187.7,187.7,187.7,187.7
0132208AR,Platanus × acerifolia,11.16,2.74,1008.04,723.08,469.0,469.0,469.0,469.0
0132210AR,Photinia x fraseri 'Red Robin',3.34,1.56,678.18,134.62,23.9,23.9,23.9,23.9
0132211AR,Populus nigra 'Italica',5.23,2.71,699.18,633.36,101.9,101.9,101.9,101.9
0132213AR,Pyrus calleryana 'Chanticleer',1.78,1.33,103.9,468.63,5.8,5.8,5.8,5.8
0132216AR,Celtis australis,12.3,4.04,164.87,530.17,840.1,840.1,840.1,840.1
0132217AR,Koelreuteria paniculata 'Fastigiata',2.11,3.18,263.85,272.88,19.5,19.5,19.5,19.5
0132218AR,Platanus × acerifolia,13.69,2.72,66.19,539.27,700.7,700.7,700.7,700.7
0132219AR,Casuarina cunninghamiana,2.11,2.28,627.62,443.76,14.0,14.0,14.0,14.0
0132220AR,Citrus × aurantium,2.82,1.58,48.78,608.54,17.3,17.3,17.3,17.3
0132221AR,Melia azedarach,6.38,1.91,437.93,750.04,106.9,106.9,106.9,106.9
0132222AR,Tipuana tipu,1.87,1.43,900.08,851.46,6.9,6.9,6.9,6.9
0132223AR,Tipuana tipu,6.63,2.52,455.49,188.68,152.2,152.2,152.2,152.2
0132225AR,Platanus × acerifolia,14.87,2.29,1002.49,624.34,696.0,696.0,696.0,696.0
0132227AR,Robinia pseudoacacia,5.61,1.5,1017.01,1055.93,64.9,64.9,64.9,64.9
0132229AR,X chitalpa tashkentensis 'minsum' SUMMER BELLS®,5.17,1.33,303.3,660.91,48.9,48.9,48.9,48.9
0132230AR,Platanus × acerifolia,9.84,3.37,102.01,730.93,448.5,448.5,448.5,448.5
0132232AR,Tipuana tipu,12.45,1.96,671.22,466.64,417.6,417.6,417.6,417.6
0132233AR,Celtis sinensis,1.69,7.11,1112.41,1055.02,27.9,27.9,27.9,27.9
0132234AR,Celtis australis,8.63,1.7,882.97,237.03,174.0,174.0,174.0,174.0
0132235AR,Ligustrum lucidum,3.24,1.45,506.78,879.43,20.9,20.9,20.9,20.9
0132239AR,Hesperocyparis macrocarpa,4.65,2.16,236.66,426.32,64.2,64.2,64.2,64.2
0132240AR,Platanus × acerifolia,5.08,1.58,936.25,378.03,56.0,56.0,56.0,56.0
0132241AR,Platanus × acerifolia,2.33,3.26,819.44,452.86,24.3,24.3,24.3,24.3
0132243AR,Grevillea robusta,4.58,2.08,722.96,1019.41,60.0,60.0,60.0,60.0
0132244AR,Platanus × acerifolia,10.22,2.02,928.61,429.69,290.0,290.0,290.0,290.0
0132245AR,Platanus × acerifolia,14.49,2.59,541.05,327.02,747.4,747.4,747.4,747.4
0132247AR,Casuarina cunninghamiana,4.11,2.39,571.82,376.42,55.5,55.5,55.5,55.5
0132248AR,Casuarina cunninghamiana,4.98,3.41,565.09,366.18,116.2,116.2,116.2,116.2
0132249AR,Catalpa bignonioides,3.24,1.5,239.95,629.73,21.6,21.6,21.6,21.6
0132251AR,Melia azedarach,8.0,1.83,357.47,594.81,161.0,161.0,161.0,161.0
0132252AR,Melia azedarach,10.17,1.92,360.82,602.58,272.9,272.9,272.9,272.9
0132253AR,Celtis australis,1.78,2.2,965.13,509.28,9.6,9.6,9.6,9.6
0132254AR,Platanus × acerifolia,7.11,1.54,918.8,314.14,107.0,107.0,107.0,107.0
0132255AR,Populus alba 'Pyramidalis',4.3,2.5,698.58,605.76,63.5,63.5,63.5,63.5
0132257AR,Robinia pseudoacacia 'Bessoniana',9.36,1.58,175.26,657.72,190.3,190.3,190.3,190.3
0132259AR,Platanus × acerifolia,1.69,2.81,204.64,806.39,11.0,11.0,11.0,11.0
0132261AR,Melia azedarach,12.6,2.03,229.16,437.41,443.0,443.0,443.0,443.0
0132262AR,Melia azedarach,4.03,2.22,746.84,865.83,49.6,49.6,49.6,49.6
0132263AR,Melia azedarach,7.07,2.62,424.63,714.42,180.0,180.0,180.0,180.0
0132266AR,Celtis australis,3.99,1.88,931.45,416.57,41.1,41.1,41.1,41.1
0132269AR,Platanus × acerifolia,14.57,3.82,737.3,48.21,1114.6,1114.6,1114.6,1114.6
0132270AR,Platanus × acerifolia,8.21,1.94,99.47,456.77,179.7,179.7,179.7,179.7
0132272AR,Celtis australis,1.69,7.82,456.62,107.98,30.7,30.7,30.7,30.7
0132274AR,Tipuana tipu,7.2,1.9,531.39,245.22,135.4,135.4,135.4,135.4
0132275AR,Robinia pseudoacacia,8.04,2.45,284.29,591.22,217.7,217.7,217.7,217.7
0132276AR,Platanus × acerifolia,5.47,2.04,799.57,377.32,83.9,83.9,83.9,83.9
0132277AR,Robinia pseudoacacia,9.25,2.89,447.17,495.78,339.9,339.9,339.9,339.9
0132278AR,Platanus × acerifolia,11.62,2.11,790.66,198.51,391.6,391.6,391.6,391.6
0132281AR,Celtis australis,6.15,1.78,295.44,406.48,92.5,92.5,92.5,92.5
0132283AR,Platanus × acerifolia,13.54,1.93,925.59,418.08,486.3,486.3,486.3,486.3
0132284AR,Tilia x europaea,2.52,1.56,906.48,525.5,13.6,13.6,13.6,13.6
0132285AR,Platanus × acerifolia,9.25,2.59,515.57,282.83,304.6,304.6,304.6,304.6
0132286AR,Celtis australis,1.95,1.89,862.79,161.12,9.9,9.9,9.9,9.9
0132288AR,X chitalpa tashkentensis 'minsum' SUMMER BELLS®,6.26,1.84,945.17,752.68,99.1,99.1,99.1,99.1
0132292AR,Populus nigra 'Italica',6.28,2.54,500.88,496.36,137.7,137.7,137.7,137.7
0132294AR,Brachychiton populneus,4.89,1.73,292.02,443.76,56.9,56.9,56.9,56.9
0132295AR,Platanus × acerifolia,7.84,2.53,829.71,148.07,213.7,213.7,213.7,213.7
0132296AR,Platanus × acerifolia,11.53,2.09,471.29,440.25,381.9,381.9,381.9,381.9
0132297AR,Platanus × acerifolia,9.62,2.13,909.42,279.89,270.9,270.9,270.9,270.9
0132298AR,Catalpa bignonioides,9.9,1.91,955.97,963.31,257.3,257.3,257.3,257.3
0132299AR,Platanus × acerifolia,7.05,2.12,814.65,435.05,144.8,144.8,144.8,144.8
0132300AR,Catalpa bignonioides,2.82,3.14,920.91,883.36,34.3,34.3,34.3,34.3
0132302AR,Platanus × acerifolia,7.36,2.38,895.55,739.65,177.2,177.2,177.2,177.2
0132304AR,Populus nigra 'Italica',8.52,2.27,696.92,687.68,226.5,226.5,226.5,226.5
0132305AR,Platanus × acerifolia,8.35,2.09,933.92,1050.26,200.3,200.3,200.3,200.3
0132306AR,Platanus × acerifolia,11.94,2.82,241.06,110.61,552.6,552.6,552.6,552.6
0132307AR,Tipuana tipu,8.96,2.11,738.63,285.61,232.8,232.8,232.8,232.8
0132308AR,Gleditsia triacanthos,6.38,2.34,631.77,847.83,130.9,130.9,130.9,130.9
0132310AR,Celtis australis,5.81,1.83,676.01,330.99,84.9,84.9,84.9,84.9
0132312AR,Platanus × acerifolia,11.89,2.67,308.52,60.75,518.8,518.8,518.8,518.8
0132314AR,Platanus × acerifolia,8.12,4.34,198.93,859.48,393.3,393.3,393.3,393.3
0132315AR,Hesperocyparis macrocarpa,5.05,2.59,249.28,418.6,90.8,90.8,90.8,90.8
0132317AR,Prunus cerasifera 'Pissardii',3.99,2.23,283.19,922.18,48.8,48.8,48.8,48.8
0132319AR,Handroanthus heptaphyllus,4.69,2.19,497.95,318.76,66.2,66.2,66.2,66.2
0132321AR,Ligustrum lucidum,6.08,3.15,416.41,935.14,160.0,160.0,160.0,160.0
0132322AR,Melia azedarach,13.04,2.57,467.65,796.18,600.6,600.6,600.6,600.6
0132324AR,Eucalyptus camaldulensis,3.04,3.19,865.9,131.38,40.5,40.5,40.5,40.5
0132325AR,Platanus × acerifolia,1.69,2.2,345.13,413.49,8.6,8.6,8.6,8.6
0132326AR,Grevillea robusta,2.99,2.39,425.37,971.17,29.4,29.4,29.4,29.4
0132327AR,Catalpa bignonioides,8.96,2.8,464.73,322.1,309.0,309.0,309.0,309.0
0132329AR,Handroanthus heptaphyllus,2.52,1.27,936.61,941.04,11.1,11.1,11.1,11.1
0132330AR,Tilia x europaea,2.46,1.54,857.24,520.28,12.8,12.8,12.8,12.8
0132331AR,Jacaranda mimosifolia,9.24,4.14,653.09,966.38,485.8,485.8,485.8,485.8
0132332AR,Handroanthus heptaphyllus,2.19,2.38,912.19,798.94,15.7,15.7,15.7,15.7
0132334AR,Celtis australis,1.69,3.02,762.84,871.64,11.9,11.9,11.9,11.9
0132335AR,Morus alba,5.56,2.14,209.96,575.0,90.9,90.9,90.9,90.9
0132337AR,Platanus × acerifolia,6.51,2.22,178.92,620.14,129.3,129.3,129.3,129.3
0132338AR,Populus nigra 'Italica',5.38,2.65,550.28,367.59,105.4,105.4,105.4,105.4
0132341AR,Platanus × acerifolia,11.75,2.43,1024.71,706.19,461.1,461.1,461.1,461.1
0132342AR,Platanus × acerifolia,12.14,3.16,800.87,957.06,640.1,640.1,640.1,640.1
0132344AR,Platanus × acerifolia,7.84,2.05,812.93,428.0,173.2,173.2,173.2,173.2
0132345AR,Melia azedarach,1.78,2.41,54.91,610.81,10.5,10.5,10.5,10.5
0132348AR,Hesperocyparis macrocarpa,3.52,2.64,207.08,444.21,45.0,45.0,45.0,45.0
0132349AR,Celtis sinensis,2.52,2.06,1042.59,794.82,18.0,18.0,18.0,18.0
0132350AR,Populus alba 'Pyramidalis',7.4,2.68,762.64,538.61,201.7,201.7,201.7,201.7
0132351AR,Robinia pseudoacacia,7.59,1.88,424.13,510.42,148.9,148.9,148.9,148.9
0132352AR,Morus alba 'Fruitless',4.15,1.31,684.8,656.63,31.0,31.0,31.0,31.0
0132353AR,Melia azedarach,9.72,1.39,139.72,371.3,180.5,180.5,180.5,180.5
0132354AR,Tipuana tipu,2.19,2.75,885.71,510.43,18.1,18.1,18.1,18.1
0132357AR,X chitalpa tashkentensis 'minsum' SUMMER BELLS®,5.35,1.77,315.81,684.3,69.6,69.6,69.6,69.6
0132361AR,Fraxinus angustifolia 'Raywood',6.98,1.92,684.37,641.02,128.6,128.6,128.6,128.6
0132362AR,Platanus × acerifolia,13.45,1.77,881.99,174.88,440.1,440.1,440.1,440.1
0132366AR,Acer campestre 'Elsrijk',5.26,2.16,430.0,544.0,82.1,82.1,82.1,82.1
0132369AR,Brachychiton populneus,5.86,1.75,501.55,473.82,82.6,82.6,82.6,82.6
0132370AR,Celtis australis,4.69,1.43,872.71,132.95,43.2,43.2,43.2,43.2
0132372AR,Melia azedarach,9.06,2.78,491.44,823.39,313.6,313.6,313.6,313.6
0132373AR,Platanus × acerifolia,1.69,2.93,392.02,385.55,11.5,11.5,11.5,11.5
0132374AR,Platanus × acerifolia,4.11,1.91,788.67,932.4,44.3,44.3,44.3,44.3
0132375AR,Platanus × acerifolia,8.08,1.46,925.21,337.26,131.0,131.0,131.0,131.0
0132377AR,Platanus × acerifolia,11.55,2.59,890.29,82.35,474.9,474.9,474.9,474.9
0132378AR,Melia azedarach,2.39,1.52,449.36,482.93,11.9,11.9,11.9,11.9
0132379AR,Celtis australis,1.69,2.72,999.73,637.56,10.7,10.7,10.7,10.7
0132380AR,Robinia pseudoacacia 'Bessoniana',10.03,3.33,100.25,598.8,460.4,460.4,460.4,460.4
0132381AR,Citrus × aurantium,3.66,1.64,680.48,214.33,30.2,30.2,30.2,30.2
0132383AR,Platanus × acerifolia,2.03,2.52,827.08,166.76,14.3,14.3,14.3,14.3
0132384AR,Celtis australis,2.39,1.39,457.6,121.74,10.9,10.9,10.9,10.9
0132387AR,Acer negundo,7.33,2.09,621.08,337.86,154.3,154.3,154.3,154.3
0132389AR,Platanus × acerifolia,1.69,1.95,883.11,180.82,7.7,7.7,7.7,7.7
0132390AR,Platanus × acerifolia,4.48,2.57,114.56,421.02,70.9,70.9,70.9,70.9
0132391AR,Citrus × aurantium,2.11,1.7,615.9,182.73,10.4,10.4,10.4,10.4
0132394AR,Celtis sinensis,6.18,2.45,1045.56,806.0,128.6,128.6,128.6,128.6
0132396AR,Celtis australis,4.41,2.01,886.33,248.58,53.7,53.7,53.7,53.7
0132398AR,Brachychiton populneus,6.7,3.14,274.18,847.17,193.7,193.7,193.7,193.7
0132399AR,Melia azedarach,4.82,3.22,806.05,995.86,102.8,102.8,102.8,102.8
0132400AR,Platanus × acerifolia,6.63,2.62,1076.46,897.81,158.3,158.3,158.3,158.3
0132402AR,Casuarina cunninghamiana,2.65,1.96,666.48,515.3,18.9,18.9,18.9,18.9
0132404AR,Platanus × acerifolia,5.67,2.45,899.17,750.71,108.3,108.3,108.3,108.3
0132406AR,Melia azedarach,1.6,1.48,855.72,114.78,5.2,5.2,5.2,5.2
0132407AR,Celtis australis,2.11,1.26,960.49,522.81,7.7,7.7,7.7,7.7
0132411AR,Platanus × acerifolia,14.99,2.66,370.92,397.84,821.5,821.5,821.5,821.5
0132412AR,Platanus × acerifolia,9.42,2.28,817.76,46.09,278.1,278.1,278.1,278.1
0132413AR,Morus nigra,9.13,2.88,490.17,401.69,330.0,330.0,330.0,330.0
0132414AR,Citrus × aurantium,4.33,1.66,677.03,94.22,42.8,42.8,42.8,42.8
0132415AR,Melia azedarach,10.17,2.53,275.2,375.86,359.7,359.7,359.7,359.7
0132417AR,Acer monspessulanum,3.34,3.03,508.83,925.04,46.5,46.5,46.5,46.5
0132420AR,Cercis siliquastrum,2.39,2.2,558.68,263.97,17.3,17.3,17.3,17.3
0132422AR,Platanus × acerifolia,11.51,2.23,505.66,265.13,406.1,406.1,406.1,406.1
0132423AR,Tipuana tipu,10.6,1.71,936.33,491.54,264.1,264.1,264.1,264.1
0132425AR,Brachychiton populneus,2.46,2.57,236.97,917.73,21.4,21.4,21.4,21.4
0132426AR,Melia azedarach,10.37,1.86,367.87,619.33,274.9,274.9,274.9,274.9
0132427AR,Tipuana tipu,5.59,1.24,668.71,305.47,53.3,53.3,53.3,53.3
0132428AR,Platanus × acerifolia,2.11,5.62,879.39,87.95,34.4,34.4,34.4,34.4
0132429AR,Populus nigra 'Italica',5.11,2.54,623.16,439.11,91.2,91.2,91.2,91.2
0132431AR,Celtis australis,1.95,1.49,934.79,428.15,7.8,7.8,7.8,7.8
0132432AR,Brachychiton populneus,4.62,1.97,70.0,597.0,57.8,57.8,57.8,57.8
0132433AR,Populus alba 'Pyramidalis',10.37,2.87,170.93,437.17,424.2,424.2,424.2,424.2
0132435AR,Fraxinus angustifolia 'Raywood',2.26,1.56,696.11,622.04,11.0,11.0,11.0,11.0
0132437AR,Melia azedarach,10.73,3.81,857.45,790.67,602.9,602.9,602.9,602.9
0132438AR,Robinia pseudoacacia,9.24,2.28,484.2,472.12,267.6,267.6,267.6,267.6
0132441AR,Grevillea robusta,6.89,3.39,459.54,88.41,221.2,221.2,221.2,221.2
0132442AR,Platanus × acerifolia,11.51,2.5,982.8,629.81,455.2,455.2,455.2,455.2
0132443AR,Platanus × acerifolia,2.59,3.32,1088.78,944.34,30.6,30.6,30.6,30.6
0132444AR,Platanus × acerifolia,1.78,1.64,1042.9,1065.97,7.1,7.1,7.1,7.1
0132445AR,Platanus × acerifolia,9.37,1.96,950.12,430.25,236.5,236.5,236.5,236.5
0132446AR,Citrus × aurantium,3.09,1.76,682.21,154.64,23.1,23.1,23.1,23.1
0132447AR,Pyrus calleryana 'Chanticleer',2.46,2.05,665.41,259.95,17.1,17.1,17.1,17.1
0132448AR,Platanus × acerifolia,6.98,2.29,1071.86,880.04,153.3,153.3,153.3,153.3
0132449AR,Catalpa bignonioides,1.6,2.42,253.22,608.24,8.5,8.5,8.5,8.5
0132450AR,Melia azedarach,10.33,3.37,844.78,794.04,494.3,494.3,494.3,494.3
0132451AR,Platanus × acerifolia,6.05,2.2,969.5,501.74,110.7,110.7,110.7,110.7
0132452AR,Pyrus calleryana 'Chanticleer',4.37,2.2,569.78,225.68,57.7,57.7,57.7,57.7
0132454AR,Celtis australis,6.1,1.59,877.43,213.95,81.3,81.3,81.3,81.3
0132457AR,Jacaranda mimosifolia,10.01,3.52,676.05,951.32,484.8,484.8,484.8,484.8
0132458AR,Jacaranda mimosifolia,9.46,2.37,511.83,641.7,291.5,291.5,291.5,291.5
0132459AR,Platanus × acerifolia,1.78,2.64,1006.14,717.44,11.5,11.5,11.5,11.5
0132461AR,Platanus × acerifolia,9.1,2.6,325.53,60.16,295.9,295.9,295.9,295.9
0132464AR,Tilia x europaea,2.93,1.35,861.99,533.67,15.9,15.9,15.9,15.9
0132467AR,Platanus × acerifolia,7.72,1.7,1013.01,1061.36,139.3,139.3,139.3,139.3
0132468AR,Platanus × acerifolia,7.53,3.02,309.14,739.78,235.4,235.4,235.4,235.4
0132469AR,Platanus × acerifolia,5.05,1.66,436.62,386.22,58.2,58.2,58.2,58.2
0132470AR,Gleditsia triacanthos,6.08,2.12,540.61,865.5,107.7,107.7,107.7,107.7
0132472AR,Platanus × acerifolia,8.88,1.96,317.53,497.2,212.4,212.4,212.4,212.4
0132473AR,Platanus × acerifolia,9.8,2.2,473.21,102.24,290.4,290.4,290.4,290.4
0132474AR,Platanus × acerifolia,5.61,1.88,374.05,530.87,81.3,81.3,81.3,81.3
0132477AR,Citrus × aurantium,6.6,2.35,49.44,615.04,140.7,140.7,140.7,140.7
0132479AR,Platanus × acerifolia,10.51,2.05,883.31,91.28,311.2,311.2,311.2,311.2
0132480AR,Brachychiton populneus,3.39,2.41,239.82,863.81,38.1,38.1,38.1,38.1
0132484AR,Platanus × acerifolia,8.69,1.67,851.9,119.69,173.3,173.3,173.3,173.3
0132485AR,Citrus × aurantium,1.95,1.2,680.82,229.83,6.3,6.3,6.3,6.3
0132490AR,Populus nigra 'Italica',5.44,3.51,704.9,1016.79,142.8,142.8,142.8,142.8
0132493AR,Platanus × acerifolia,1.78,2.36,999.77,613.01,10.3,10.3,10.3,10.3
0132494AR,Platanus × acerifolia,7.51,1.87,623.28,996.14,145.0,145.0,145.0,145.0
0132496AR,Platanus × acerifolia,11.0,2.2,810.94,474.32,365.9,365.9,365.9,365.9
0132497AR,Tilia x europaea,5.81,1.82,920.15,496.17,84.4,84.4,84.4,84.4
0132499AR,Tipuana tipu,1.6,2.2,457.47,387.6,7.7,7.7,7.7,7.7
0132500AR,Celtis australis,6.58,2.46,298.27,411.06,146.4,146.4,146.4,146.4
0132502AR,Platanus × acerifolia,9.2,2.88,1098.02,978.91,335.0,335.0,335.0,335.0
0132504AR,Platanus × acerifolia,13.65,2.84,393.0,58.0,727.3,727.3,727.3,727.3
0132505AR,Platanus × acerifolia,1.95,2.99,248.96,770.92,15.6,15.6,15.6,15.6
0132506AR,Platanus × acerifolia,11.3,2.61,475.35,172.07,458.1,458.1,458.1,458.1
0132508AR,Platanus × acerifolia,9.36,2.32,326.85,512.1,279.4,279.4,279.4,279.4
0132509AR,Catalpa bignonioides,6.56,1.68,482.43,328.04,99.4,99.4,99.4,99.4
0132511AR,Tipuana tipu,7.25,1.96,891.37,508.74,141.6,141.6,141.6,141.6
0132512AR,Populus x canadensis,8.61,2.79,687.27,737.22,284.3,284.3,284.3,284.3
0132515AR,Melia azedarach,10.82,2.74,363.47,293.76,440.9,440.9,440.9,440.9
0132516AR,Celtis australis,3.24,1.22,401.99,575.05,17.6,17.6,17.6,17.6
0132517AR,Celtis australis,8.59,2.4,395.71,573.92,243.4,243.4,243.4,243.4
0132518AR,Platanus × acerifolia,2.19,1.95,459.26,172.0,12.9,12.9,12.9,12.9
0132519AR,Citrus × aurantium,3.74,1.81,171.59,763.56,34.8,34.8,34.8,34.8
0132520AR,Platanus × acerifolia,11.03,3.08,64.16,587.91,515.0,515.0,515.0,515.0
0132522AR,Celtis australis,3.87,2.23,988.52,628.3,45.9,45.9,45.9,45.9
0132526AR,Celtis australis,1.95,1.36,987.52,590.63,7.1,7.1,7.1,7.1
0132528AR,Melia azedarach,14.46,2.42,353.42,304.22,695.5,695.5,695.5,695.5
0132530AR,Celtis australis,1.6,0.94,900.61,269.87,3.3,3.3,3.3,3.3
0132531AR,Tipuana tipu,6.56,1.44,660.76,313.54,85.2,85.2,85.2,85.2
0132532AR,Platanus × acerifolia,2.46,5.58,976.0,606.0,46.4,46.4,46.4,46.4
0132534AR,Platanus × acerifolia,1.6,1.45,429.02,495.63,5.1,5.1,5.1,5.1
0132536AR,Tipuana tipu,7.18,2.31,437.3,200.46,163.7,163.7,163.7,163.7
0132537AR,Crataegus x media 'Paul's Scarlet',3.43,2.73,291.53,348.38,44.1,44.1,44.1,44.1
0132538AR,Celtis australis,1.95,1.42,981.0,567.39,7.4,7.4,7.4,7.4
0132539AR,Platanus × acerifolia,4.26,1.88,916.25,383.2,46.9,46.9,46.9,46.9
0132540AR,Melia azedarach,14.74,2.23,444.33,486.04,665.9,665.9,665.9,665.9
0132541AR,Catalpa bignonioides,7.86,2.13,446.9,349.71,180.9,180.9,180.9,180.9
0132543AR,Casuarina cunninghamiana,3.91,2.72,570.52,398.04,57.2,57.2,57.2,57.2
0132544AR,Ligustrum lucidum,6.18,3.28,663.47,919.96,172.2,172.2,172.2,172.2
0132546AR,Tipuana tipu,1.69,3.43,446.29,206.63,13.5,13.5,13.5,13.5
0132547AR,Platanus × acerifolia,12.73,3.28,1120.31,1065.87,730.6,730.6,730.6,730.6
0132548AR,X chitalpa tashkentensis 'minsum' SUMMER BELLS®,5.41,2.74,323.43,684.33,110.2,110.2,110.2,110.2
0132549AR,Celtis australis,1.78,1.15,919.21,339.05,5.0,5.0,5.0,5.0
0132550AR,Celtis australis,6.79,2.83,631.01,325.6,179.3,179.3,179.3,179.3
0132553AR,Platanus × acerifolia,4.55,3.42,756.93,904.1,97.3,97.3,97.3,97.3
0132554AR,Platanus × acerifolia,10.46,3.2,894.36,68.61,481.2,481.2,481.2,481.2
0132558AR,Platanus × acerifolia,9.71,2.16,329.9,517.54,279.9,279.9,279.9,279.9
0132559AR,Melia azedarach,1.87,3.36,344.61,313.53,16.1,16.1,16.1,16.1
0132561AR,Platanus × acerifolia,12.57,1.8,301.32,471.59,390.9,390.9,390.9,390.9
0132562AR,Celtis australis,1.69,2.9,889.57,229.13,11.4,11.4,11.4,11.4
0132565AR,Handroanthus heptaphyllus,7.61,2.05,960.16,977.83,163.2,163.2,163.2,163.2
0132566AR,Platanus × acerifolia,8.7,2.07,159.13,604.04,215.3,215.3,215.3,215.3
0132568AR,Morus alba 'Fruitless',1.69,1.46,676.83,627.53,5.7,5.7,5.7,5.7
0132570AR,Morus alba 'Fruitless',4.41,1.95,720.56,790.32,52.1,52.1,52.1,52.1
0132571AR,Tipuana tipu,4.92,1.88,669.07,503.57,62.5,62.5,62.5,62.5
0132572AR,Tipuana tipu,8.79,2.0,671.0,510.0,212.4,212.4,212.4,212.4
0132573AR,Ligustrum lucidum,4.37,1.93,636.93,886.3,50.7,50.7,50.7,50.7
0132574AR,Casuarina cunninghamiana,4.58,2.99,132.14,460.26,86.2,86.2,86.2,86.2
0132575AR,Ligustrum lucidum,3.91,1.4,484.6,878.12,29.4,29.4,29.4,29.4
0132576AR,Platanus × acerifolia,9.25,2.5,349.37,59.31,294.0,294.0,294.0,294.0
0132578AR,Platanus × acerifolia,3.95,1.61,501.46,359.63,34.5,34.5,34.5,34.5
0132579AR,Tipuana tipu,11.82,2.58,222.0,537.0,495.4,495.4,495.4,495.4
0132580AR,Platanus × acerifolia,1.69,1.26,799.93,430.87,4.9,4.9,4.9,4.9
0132581AR,Platanus × acerifolia,9.3,1.9,184.38,651.64,225.9,225.9,225.9,225.9
0132584AR,Platanus × acerifolia,1.87,2.14,887.89,1043.54,10.3,10.3,10.3,10.3
0132585AR,Citrus × aurantium,2.71,1.92,664.34,181.26,19.4,19.4,19.4,19.4
0132586AR,Platanus × acerifolia,9.72,2.87,85.89,490.64,372.7,372.7,372.7,372.7
0132588AR,Platanus × acerifolia,5.92,2.31,123.07,399.13,111.3,111.3,111.3,111.3
0132589AR,Platanus × acerifolia,3.29,2.63,266.96,400.17,39.1,39.1,39.1,39.1
0132591AR,Platanus × acerifolia,10.03,2.1,229.97,794.02,290.4,290.4,290.4,290.4
0132592AR,Platanus × acerifolia,8.59,2.47,474.31,131.25,250.5,250.5,250.5,250.5
0132593AR,Jacaranda mimosifolia,9.06,2.91,618.33,583.02,328.3,328.3,328.3,328.3
0132594AR,Platanus × acerifolia,3.74,3.14,971.48,588.78,60.4,60.4,60.4,60.4
0132595AR,Pyrus calleryana 'Chanticleer',5.47,1.97,650.55,259.97,81.0,81.0,81.0,81.0
0132599AR,Brachychiton populneus,5.56,2.52,287.67,840.55,107.1,107.1,107.1,107.1
0132600AR,Robinia pseudoacacia 'Pyramidalis',4.07,3.18,323.28,415.31,72.4,72.4,72.4,72.4
0132601AR,Pyrus calleryana 'Chanticleer',7.76,4.33,562.86,280.29,358.4,358.4,358.4,358.4
0132602AR,Melia azedarach,11.59,2.99,449.47,769.9,552.0,552.0,552.0,552.0
0132603AR,Tilia x europaea,3.19,2.16,877.67,534.55,30.2,30.2,30.2,30.2
0132604AR,Casuarina cunninghamiana,6.68,2.61,152.0,448.0,160.1,160.1,160.1,160.1
0132605AR,Platanus × acerifolia,11.27,2.47,893.73,221.99,431.2,431.2,431.2,431.2
0132606AR,Celtis australis,3.34,1.28,1007.72,666.75,19.6,19.6,19.6,19.6
0132607AR,Jacaranda mimosifolia,11.87,2.3,721.03,529.93,445.4,445.4,445.4,445.4
0132608AR,Citrus × aurantium,3.52,2.48,561.08,178.15,42.2,42.2,42.2,42.2
0132609AR,Ligustrum lucidum,1.69,1.39,678.86,520.2,5.5,5.5,5.5,5.5
0132610AR,Platanus × acerifolia,10.43,3.2,846.08,45.12,478.5,478.5,478.5,478.5
0132613AR,Celtis australis,7.0,3.37,70.28,648.15,227.0,227.0,227.0,227.0
0132614AR,Brachychiton populneus,5.05,2.73,226.05,870.83,95.7,95.7,95.7,95.7
0132615AR,Citrus × aurantium,3.48,2.8,675.73,59.4,46.6,46.6,46.6,46.6
0132616AR,Platanus × acerifolia,8.87,2.77,320.49,60.3,299.5,299.5,299.5,299.5
0132617AR,Brachychiton populneus,2.46,1.92,754.51,189.25,16.0,16.0,16.0,16.0
0132618AR,Platanus × acerifolia,7.02,1.88,773.65,330.25,127.3,127.3,127.3,127.3
0132620AR,Ulmus pumila,13.11,2.62,729.62,300.67,618.9,618.9,618.9,618.9
0132623AR,Tipuana tipu,12.5,3.2,482.61,503.42,687.2,687.2,687.2,687.2
0132624AR,Populus nigra 'Italica',6.26,2.93,564.36,388.91,157.8,157.8,157.8,157.8
0132625AR,Celtis australis,4.07,2.92,472.41,75.53,66.5,66.5,66.5,66.5
0132626AR,Tipuana tipu,9.27,2.8,888.93,839.09,330.7,330.7,330.7,330.7
0132628AR,Platanus × acerifolia,8.61,2.26,412.69,371.84,230.3,230.3,230.3,230.3
0132629AR,Prunus cerasifera 'Pissardii',3.7,1.69,678.75,321.18,31.8,31.8,31.8,31.8
0132630AR,Platanus × acerifolia,10.91,1.71,922.29,325.76,279.8,279.8,279.8,279.8
0132631AR,Jacaranda mimosifolia,9.37,4.39,349.97,891.77,529.8,529.8,529.8,529.8
0132633AR,Tipuana tipu,11.34,2.19,672.53,477.91,387.1,387.1,387.1,387.1
0132635AR,Citrus × aurantium,3.19,1.91,676.5,72.95,26.7,26.7,26.7,26.7
0132636AR,Citrus × aurantium,1.78,6.93,59.55,580.37,30.2,30.2,30.2,30.2
0132637AR,Melia azedarach,8.92,1.81,346.34,568.9,197.9,197.9,197.9,197.9
0132639AR,Celtis australis,11.44,2.2,524.74,355.69,395.7,395.7,395.7,395.7
0132640AR,Celtis australis,9.24,2.04,909.62,335.74,239.4,239.4,239.4,239.4
0132641AR,Platanus × acerifolia,11.33,3.43,968.0,577.0,605.2,605.2,605.2,605.2
0132642AR,Platanus × acerifolia,6.6,2.07,794.88,412.08,123.9,123.9,123.9,123.9
0132644AR,Platanus × acerifolia,15.57,2.23,879.89,114.37,743.0,743.0,743.0,743.0
0132645AR,Platanus × acerifolia,2.46,3.24,963.92,559.44,26.9,26.9,26.9,26.9
0132646AR,Platanus × acerifolia,7.92,1.71,182.34,625.18,147.4,147.4,147.4,147.4
0132648AR,Jacaranda mimosifolia,10.75,3.31,555.82,621.1,525.7,525.7,525.7,525.7
0132650AR,Platanus × acerifolia,8.54,2.19,961.14,547.73,219.5,219.5,219.5,219.5
0132652AR,Robinia pseudoacacia,8.21,2.81,493.0,276.0,260.3,260.3,260.3,260.3
0132653AR,Celtis sinensis,5.84,1.77,254.49,781.96,83.0,83.0,83.0,83.0
0132655AR,Platanus × acerifolia,14.6,2.74,216.75,800.43,802.8,802.8,802.8,802.8
0132657AR,Celtis australis,6.18,2.91,886.44,217.58,152.8,152.8,152.8,152.8
0132658AR,Celtis australis,6.28,3.52,280.25,381.43,190.8,190.8,190.8,190.8
0132659AR,Citrus × aurantium,3.09,1.48,681.49,133.77,19.4,19.4,19.4,19.4
0132660AR,Catalpa bignonioides,2.88,2.72,807.97,461.79,31.0,31.0,31.0,31.0
0132662AR,Platanus × acerifolia,13.0,2.67,780.77,914.76,620.2,620.2,620.2,620.2
0132663AR,Prunus cerasifera 'Pissardii',2.19,1.87,298.77,237.87,12.3,12.3,12.3,12.3
0132664AR,Celtis australis,10.34,2.34,593.23,337.37,343.9,343.9,343.9,343.9
0132665AR,Brachychiton populneus,4.69,2.57,262.78,920.73,77.7,77.7,77.7,77.7
0132670AR,Jacaranda mimosifolia,4.48,2.51,759.94,522.93,69.2,69.2,69.2,69.2
0132671AR,Jacaranda mimosifolia,5.89,3.48,771.76,519.97,165.9,165.9,165.9,165.9
0132672AR,Handroanthus heptaphyllus,12.74,2.51,975.22,1033.18,559.9,559.9,559.9,559.9
0132673AR,Tipuana tipu,1.87,2.35,527.0,247.66,11.3,11.3,11.3,11.3
0132674AR,Platanus × acerifolia,8.08,2.59,93.44,645.35,232.4,232.4,232.4,232.4
0132678AR,Platanus × acerifolia,13.6,3.58,858.86,44.78,910.1,910.1,910.1,910.1
0132679AR,Robinia pseudoacacia 'Bessoniana',7.07,4.13,365.66,953.12,283.7,283.7,283.7,283.7
0132680AR,Pyrus calleryana 'Chanticleer',6.53,2.72,317.96,153.52,159.4,159.4,159.4,159.4
0132681AR,Jacaranda mimosifolia,3.95,2.24,804.77,510.71,48.0,48.0,48.0,48.0
0132682AR,Ligustrum lucidum,3.95,1.39,468.66,890.06,29.8,29.8,29.8,29.8
0132685AR,Platanus × acerifolia,10.66,2.28,41.93,599.02,356.1,356.1,356.1,356.1
0132686AR,Platanus × acerifolia,11.63,2.24,816.19,985.71,416.4,416.4,416.4,416.4
0132687AR,Jacaranda mimosifolia,1.69,2.36,727.45,528.34,9.3,9.3,9.3,9.3
0132688AR,Morus alba,4.89,2.01,722.05,795.86,66.1,66.1,66.1,66.1
0132689AR,Celtis sinensis,3.83,2.18,1097.18,997.3,44.0,44.0,44.0,44.0
0132690AR,Platanus × acerifolia,9.06,3.89,150.77,795.15,438.9,438.9,438.9,438.9
0132691AR,Tipuana tipu,1.69,3.54,665.45,492.94,13.9,13.9,13.9,13.9
0132692AR,Platanus × acerifolia,2.03,6.02,610.0,262.0,34.1,34.1,34.1,34.1
0132694AR,Catalpa bignonioides,4.92,1.85,934.03,881.83,61.6,61.6,61.6,61.6
0132695AR,Celtis australis,3.04,1.41,342.37,537.37,17.9,17.9,17.9,17.9
0132697AR,Celtis australis,3.61,1.4,999.74,669.11,25.1,25.1,25.1,25.1
0132699AR,Citrus × aurantium,3.48,1.4,684.34,217.3,23.3,23.3,23.3,23.3
0132701AR,Celtis australis,6.75,2.17,864.45,167.39,135.9,135.9,135.9,135.9
0132702AR,Platanus × acerifolia,12.51,2.12,816.0,181.0,456.0,456.0,456.0,456.0
0132703AR,Citrus × aurantium,3.48,1.82,183.33,784.65,30.3,30.3,30.3,30.3
0132704AR,Platanus × acerifolia,6.48,2.2,185.47,630.18,127.0,127.0,127.0,127.0
0132705AR,Celtis australis,8.06,3.09,639.92,323.84,275.9,275.9,275.9,275.9
0132706AR,Tilia x europaea,3.74,1.86,901.25,525.73,35.8,35.8,35.8,35.8
0132707AR,Platanus × acerifolia,12.63,2.42,261.52,391.9,530.6,530.6,530.6,530.6
0132708AR,Jacaranda mimosifolia,1.69,4.44,761.78,518.67,17.4,17.4,17.4,17.4
0132709AR,Celtis sinensis,7.02,3.06,1041.07,789.36,207.3,207.3,207.3,207.3
0132711AR,Populus nigra 'Italica',8.08,3.79,459.01,64.9,340.1,340.1,340.1,340.1
0132712AR,Citrus × aurantium,2.26,1.7,724.0,179.63,11.9,11.9,11.9,11.9
0132713AR,Platanus × acerifolia,5.84,2.09,1050.17,799.11,98.0,98.0,98.0,98.0
0132714AR,Brachychiton populneus,3.91,1.64,764.21,206.72,34.5,34.5,34.5,34.5
0132715AR,Robinia pseudoacacia,8.69,2.17,331.93,560.13,225.2,225.2,225.2,225.2
0132717AR,Platanus × acerifolia,9.18,2.38,492.4,382.44,275.7,275.7,275.7,275.7
0132719AR,Grevillea robusta,2.11,1.83,340.18,957.19,11.2,11.2,11.2,11.2
0132721AR,Jacaranda mimosifolia,3.04,3.56,698.18,536.05,45.2,45.2,45.2,45.2
0132722AR,Catalpa bignonioides,4.37,1.67,911.08,846.0,43.8,43.8,43.8,43.8
0132723AR,Populus nigra 'Italica',5.01,2.4,605.92,1000.89,82.8,82.8,82.8,82.8
0132725AR,Platanus × acerifolia,1.78,2.09,979.06,536.63,9.1,9.1,9.1,9.1
0132726AR,Jacaranda mimosifolia,2.26,2.1,754.28,524.48,14.7,14.7,14.7,14.7
0132727AR,Fraxinus angustifolia 'Raywood',3.95,1.82,688.82,658.41,39.0,39.0,39.0,39.0
0132728AR,Platanus × acerifolia,16.15,2.21,994.95,595.19,792.3,792.3,792.3,792.3
0132730AR,Platanus × acerifolia,13.99,3.02,809.55,1022.41,812.4,812.4,812.4,812.4
0132731AR,Catalpa bignonioides,5.17,1.48,228.96,623.27,54.4,54.4,54.4,54.4
0132732AR,Jacaranda mimosifolia,10.2,3.37,272.55,427.9,481.9,481.9,481.9,481.9
0132733AR,Platanus × acerifolia,7.63,2.3,1021.18,694.17,184.0,184.0,184.0,184.0
0132734AR,Celtis australis,5.53,2.19,301.1,415.44,92.0,92.0,92.0,92.0
0132735AR,Morus alba,5.67,1.55,697.12,703.19,68.5,68.5,68.5,68.5
0132737AR,Platanus × acerifolia,8.2,1.64,1036.74,1065.3,151.6,151.6,151.6,151.6
0132738AR,Celtis australis,2.59,1.44,979.44,561.57,13.3,13.3,13.3,13.3
0132739AR,Celtis sinensis,6.15,2.48,1077.05,922.36,128.9,128.9,128.9,128.9
0132742AR,Platanus × acerifolia,10.73,3.93,116.1,751.41,621.9,621.9,621.9,621.9
0132743AR,Morus alba,3.29,1.79,694.05,691.11,26.6,26.6,26.6,26.6
0132745AR,Tilia x euchlora,4.85,1.46,906.91,516.65,47.2,47.2,47.2,47.2
0132747AR,Platanus × acerifolia,8.67,2.19,1022.8,700.42,226.3,226.3,226.3,226.3
0132748AR,Brachychiton populneus,4.44,2.93,762.69,149.16,79.4,79.4,79.4,79.4
0132749AR,Citrus × aurantium,2.65,1.06,416.17,551.67,10.2,10.2,10.2,10.2
0132750AR,Brachychiton populneus,5.01,2.78,248.69,859.72,95.9,95.9,95.9,95.9
0132751AR,Citrus × aurantium,1.95,2.33,57.76,585.41,12.2,12.2,12.2,12.2
0132752AR,Platanus × acerifolia,7.0,2.33,1068.73,868.73,156.9,156.9,156.9,156.9
0132753AR,Populus nigra 'Italica',4.26,2.34,664.5,1010.47,58.4,58.4,58.4,58.4
0132755AR,Platanus × acerifolia,2.33,2.53,522.62,295.03,18.9,18.9,18.9,18.9
0132757AR,Jacaranda mimosifolia,10.62,3.31,186.54,435.84,513.1,513.1,513.1,513.1
0132758AR,Pyrus calleryana 'Chanticleer',2.65,1.45,228.81,403.1,14.0,14.0,14.0,14.0
0132760AR,Citrus × aurantium,3.04,1.54,682.45,168.62,19.6,19.6,19.6,19.6
0132761AR,Platanus × acerifolia,5.35,2.21,296.8,60.88,86.9,86.9,86.9,86.9
0132762AR,Pyrus calleryana 'Chanticleer',3.09,1.94,498.5,230.5,25.5,25.5,25.5,25.5
0132763AR,Crataegus x media 'Paul's Scarlet',2.71,1.34,277.63,334.66,13.5,13.5,13.5,13.5
0132764AR,Grevillea robusta,7.8,2.79,441.93,973.86,233.3,233.3,233.3,233.3
0132765AR,Celtis australis,6.33,1.42,361.45,350.02,78.2,78.2,78.2,78.2
0132766AR,Catalpa bignonioides,6.31,2.67,906.12,826.85,146.1,146.1,146.1,146.1
0132767AR,Platanus × acerifolia,5.2,2.94,433.14,57.08,109.3,109.3,109.3,109.3
0132769AR,Celtis australis,9.24,3.23,1026.76,768.38,379.0,379.0,379.0,379.0
0132770AR,Celtis australis,1.6,0.88,917.73,333.23,3.1,3.1,3.1,3.1
0132771AR,Celtis sinensis,4.48,2.03,1052.03,829.37,56.0,56.0,56.0,56.0
0132773AR,Catalpa bignonioides,7.46,3.37,953.83,1004.91,257.8,257.8,257.8,257.8
0132774AR,Morus alba,4.51,1.84,708.27,756.13,51.4,51.4,51.4,51.4
0132776AR,Brachychiton populneus,3.52,1.79,354.0,545.0,30.5,30.5,30.5,30.5
0132778AR,Platanus × acerifolia PLATANOR® 'Vallis Clausa',2.76,1.53,446.32,57.11,16.0,16.0,16.0,16.0
0132780AR,Populus nigra 'Italica',5.59,2.44,668.98,583.31,104.8,104.8,104.8,104.8
0132781AR,Platanus × acerifolia,2.59,1.39,304.18,476.14,12.8,12.8,12.8,12.8
0132782AR,Platanus × acerifolia,13.01,2.89,179.65,818.65,672.3,672.3,672.3,672.3
0132783AR,Catalpa bignonioides,1.69,4.8,486.02,212.77,18.8,18.8,18.8,18.8
0132785AR,Celtis sinensis,6.75,2.57,1108.0,1038.0,160.9,160.9,160.9,160.9
0132789AR,Tipuana tipu,8.79,2.04,538.6,247.38,216.6,216.6,216.6,216.6
0132790AR,Pyrus calleryana 'Chanticleer',3.19,1.54,423.11,231.45,21.5,21.5,21.5,21.5
0132791AR,Fraxinus angustifolia 'Raywood',4.69,2.86,701.97,617.62,86.5,86.5,86.5,86.5
0132792AR,Jacaranda mimosifolia,10.91,2.82,655.0,405.0,461.3,461.3,461.3,461.3
0132793AR,Populus alba 'Pyramidalis',5.94,2.82,235.94,398.96,136.8,136.8,136.8,136.8
0132796AR,Brachychiton populneus,8.69,3.03,258.81,918.88,314.5,314.5,314.5,314.5
0132797AR,Platanus × acerifolia,9.89,2.22,765.63,299.37,298.5,298.5,298.5,298.5
0132798AR,Catalpa bignonioides,7.31,1.83,953.69,953.67,134.4,134.4,134.4,134.4
0132802AR,Celtis australis,6.1,1.44,870.78,190.9,73.6,73.6,73.6,73.6
0132803AR,Celtis australis,9.25,2.57,887.99,223.55,302.2,302.2,302.2,302.2
0132804AR,Melia azedarach,7.38,2.16,539.01,893.33,161.7,161.7,161.7,161.7
0132805AR,Celtis australis,1.6,1.02,977.84,555.78,3.6,3.6,3.6,3.6
0132807AR,Platanus × acerifolia,6.82,2.89,542.83,53.86,184.8,184.8,184.8,184.8
0132808AR,Platanus × acerifolia,10.95,2.2,497.34,379.32,362.6,362.6,362.6,362.6
0132809AR,Platanus × acerifolia,9.85,3.22,804.23,999.77,429.4,429.4,429.4,429.4
0132810AR,Morus alba,6.46,2.55,211.95,586.27,146.3,146.3,146.3,146.3
0132811AR,Jacaranda mimosifolia,7.11,4.06,545.62,250.11,282.1,282.1,282.1,282.1
0132813AR,Catalpa bignonioides,4.79,1.76,224.68,625.93,55.5,55.5,55.5,55.5
0132814AR,Fraxinus angustifolia 'Raywood',4.51,2.17,685.71,646.83,60.7,60.7,60.7,60.7
0132815AR,Populus nigra 'Italica',3.52,1.63,496.63,496.95,27.8,27.8,27.8,27.8
0132816AR,Celtis australis,1.69,7.82,874.31,113.96,30.7,30.7,30.7,30.7
0132818AR,Melia azedarach,10.14,2.9,883.31,783.74,409.8,409.8,409.8,409.8
0132819AR,Ligustrum lucidum,3.87,1.44,495.5,875.41,29.6,29.6,29.6,29.6
0132821AR,Acer monspessulanum,3.48,1.88,480.81,972.62,31.3,31.3,31.3,31.3
0132822AR,Celtis australis,5.97,3.07,284.8,395.4,150.4,150.4,150.4,150.4
0132823AR,Morus alba,6.05,2.38,189.1,552.3,119.7,119.7,119.7,119.7
0132824AR,Gleditsia triacanthos,6.41,2.63,615.04,852.24,148.5,148.5,148.5,148.5
0132826AR,Platanus × acerifolia,7.02,1.91,101.24,452.49,129.4,129.4,129.4,129.4
0132827AR,Brachychiton populneus,4.55,2.33,72.17,591.84,66.3,66.3,66.3,66.3
0132828AR,Catalpa bignonioides,12.75,2.45,916.91,814.76,547.4,547.4,547.4,547.4
0132829AR,Tipuana tipu,6.84,2.2,895.73,865.47,141.5,141.5,141.5,141.5
0132830AR,Platanus × acerifolia,12.99,2.52,483.02,55.91,584.4,584.4,584.4,584.4
0132833AR,Grevillea robusta,3.99,2.31,647.66,1007.81,50.5,50.5,50.5,50.5
0132834AR,Acer monspessulanum,4.03,2.69,480.91,961.21,60.0,60.0,60.0,60.0
0132835AR,Populus nigra 'Italica',2.19,2.48,316.4,953.42,16.3,16.3,16.3,16.3
0132836AR,Catalpa bignonioides,4.62,2.66,460.06,325.21,78.0,78.0,78.0,78.0
0132837AR,Platanus × acerifolia,10.91,2.12,790.52,393.69,346.8,346.8,346.8,346.8
0132838AR,Celtis australis,8.14,2.72,330.1,343.0,247.7,247.7,247.7,247.7
0132840AR,Populus nigra 'Italica',8.21,2.44,462.78,171.96,226.0,226.0,226.0,226.0
0132841AR,Robinia pseudoacacia,6.65,3.15,462.33,223.2,191.5,191.5,191.5,191.5
0132842AR,Populus alba 'Pyramidalis',6.21,2.86,192.89,424.16,151.6,151.6,151.6,151.6
0132843AR,Citrus × aurantium,3.43,1.98,600.0,183.0,32.0,32.0,32.0,32.0
0132844AR,Cercis siliquastrum,5.32,1.53,567.12,278.77,59.5,59.5,59.5,59.5
0132847AR,Platanus × acerifolia,8.72,1.69,307.8,481.63,176.6,176.6,176.6,176.6
0132849AR,Grevillea robusta,2.99,1.82,477.22,213.35,22.4,22.4,22.4,22.4
0132851AR,Tipuana tipu,12.78,2.31,748.19,285.11,518.6,518.6,518.6,518.6
0132854AR,Robinia pseudoacacia 'Bessoniana',5.47,1.74,305.05,426.99,71.6,71.6,71.6,71.6
0132855AR,Melia azedarach,5.11,2.62,802.86,989.63,94.0,94.0,94.0,94.0
0132857AR,Jacaranda mimosifolia,7.07,1.95,193.71,461.19,134.0,134.0,134.0,134.0
0132858AR,Celtis australis,2.76,1.79,939.18,445.55,18.7,18.7,18.7,18.7
0132859AR,Celtis sinensis,5.17,2.15,1094.0,986.0,79.0,79.0,79.0,79.0
0132860AR,Platanus × acerifolia,7.55,2.96,89.73,710.37,231.9,231.9,231.9,231.9
0132861AR,Platanus × acerifolia,12.13,2.93,999.94,694.12,592.5,592.5,592.5,592.5
0132862AR,Handroanthus heptaphyllus,1.78,2.38,469.27,319.55,10.4,10.4,10.4,10.4
0132863AR,Populus nigra 'Italica',3.87,1.7,701.51,705.24,35.0,35.0,35.0,35.0
0132864AR,Celtis australis,3.34,1.82,912.69,315.86,27.9,27.9,27.9,27.9
0132865AR,Robinia pseudoacacia,7.82,3.86,236.76,468.83,324.4,324.4,324.4,324.4
0132866AR,Platanus × acerifolia,13.85,2.2,936.46,459.05,580.0,580.0,580.0,580.0
0132867AR,Celtis australis,4.92,1.16,903.0,312.0,38.6,38.6,38.6,38.6
0132868AR,Tipuana tipu,9.41,1.52,668.9,313.14,185.0,185.0,185.0,185.0
0132869AR,Platanus × acerifolia,9.64,2.26,451.97,390.66,288.7,288.7,288.7,288.7
0132870AR,Platanus × acerifolia,8.96,2.78,891.19,722.33,306.8,306.8,306.8,306.8
0132871AR,Platanus × acerifolia,5.5,2.99,1091.8,955.67,124.3,124.3,124.3,124.3
0132872AR,Celtis australis,9.01,2.5,381.26,583.54,278.9,278.9,278.9,278.9
0132874AR,Celtis australis,8.78,3.46,1025.04,762.46,366.6,366.6,366.6,366.6
0132877AR,Morus alba,2.93,1.92,695.54,696.97,22.7,22.7,22.7,22.7
0132881AR,Celtis sinensis,2.88,2.39,1081.71,939.52,27.2,27.2,27.2,27.2
0132882AR,Brachychiton populneus,4.26,2.2,583.36,315.69,54.9,54.9,54.9,54.9
0132884AR,Celtis australis,7.55,2.8,904.56,854.31,219.4,219.4,219.4,219.4
0132885AR,Acer monspessulanum,2.82,2.43,502.86,932.27,26.6,26.6,26.6,26.6
0132886AR,Platanus × acerifolia,1.87,3.65,298.07,746.03,17.5,17.5,17.5,17.5
0132888AR,Tipuana tipu,16.94,2.62,209.95,510.88,1033.4,1033.4,1033.4,1033.4
0132889AR,Catalpa bignonioides,11.34,2.49,473.67,333.21,440.1,440.1,440.1,440.1
0132890AR,Pyrus calleryana 'Chanticleer',2.99,3.18,399.93,243.03,39.1,39.1,39.1,39.1
0132891AR,Morus alba,5.92,2.06,213.18,579.99,99.2,99.2,99.2,99.2
0132895AR,Celtis australis,8.88,3.0,658.66,321.2,325.1,325.1,325.1,325.1
0132896AR,Tilia tomentosa,2.39,1.18,924.08,498.0,9.3,9.3,9.3,9.3
0132898AR,Jacaranda mimosifolia,3.24,2.04,658.85,418.46,29.4,29.4,29.4,29.4
0132900AR,Brachychiton populneus,2.39,1.93,298.34,835.19,15.2,15.2,15.2,15.2
0132902AR,Platanus × acerifolia,9.17,1.79,862.63,121.11,206.9,206.9,206.9,206.9
0132905AR,Platanus × acerifolia,13.07,3.53,61.72,550.7,828.8,828.8,828.8,828.8
0132906AR,Tipuana tipu,7.59,2.9,880.31,869.53,229.6,229.6,229.6,229.6
0132907AR,Tipuana tipu,8.14,2.2,673.54,425.33,200.4,200.4,200.4,200.4
0132908AR,Tipuana tipu,13.33,1.86,667.5,498.43,454.3,454.3,454.3,454.3
0132909AR,Tipuana tipu,7.98,1.71,671.21,448.85,149.7,149.7,149.7,149.7
0132910AR,Celtis australis,6.7,2.55,458.9,163.1,157.3,157.3,157.3,157.3
0132911AR,Gleditsia triacanthos,3.95,1.74,689.73,827.34,37.3,37.3,37.3,37.3
0132912AR,Citrus × aurantium,2.52,2.32,744.05,172.93,20.2,20.2,20.2,20.2
0132914AR,Fraxinus angustifolia 'Raywood',4.58,2.05,709.13,671.02,59.1,59.1,59.1,59.1
0132918AR,Tipuana tipu,1.95,1.51,652.44,446.91,7.9,7.9,7.9,7.9
0132919AR,Melia azedarach,8.21,4.05,576.2,936.16,375.2,375.2,375.2,375.2
0132920AR,Platanus × acerifolia,1.78,1.68,842.48,541.04,7.3,7.3,7.3,7.3
0132921AR,Melia azedarach,7.11,2.55,507.65,834.23,177.2,177.2,177.2,177.2
0132922AR,Melia azedarach,6.79,2.36,762.24,906.11,149.5,149.5,149.5,149.5
0132923AR,Melia azedarach,13.54,2.61,414.91,710.91,657.7,657.7,657.7,657.7
0132924AR,Celtis sinensis,2.65,3.58,1039.68,783.66,34.6,34.6,34.6,34.6
0132925AR,Casuarina cunninghamiana,4.72,2.82,110.16,465.22,86.3,86.3,86.3,86.3
0132926AR,Robinia pseudoacacia 'Bessoniana',5.01,2.09,463.56,201.77,72.1,72.1,72.1,72.1
0132927AR,Platanus × acerifolia,2.52,3.74,613.56,276.02,32.6,32.6,32.6,32.6
0132928AR,Platanus × acerifolia,5.86,2.0,1010.49,653.85,94.4,94.4,94.4,94.4
0132931AR,Platanus × acerifolia,12.35,1.79,920.48,320.26,375.2,375.2,375.2,375.2
0132932AR,Celtis australis,6.46,3.32,121.13,703.9,190.4,190.4,190.4,190.4
0132933AR,Populus alba 'Pyramidalis',5.47,2.59,122.88,458.07,106.5,106.5,106.5,106.5
0132934AR,Celtis australis,1.95,1.69,920.85,345.19,8.8,8.8,8.8,8.8
0132935AR,Platanus × acerifolia,7.76,2.29,959.41,542.01,189.5,189.5,189.5,189.5
0132936AR,Platanus × acerifolia,9.17,1.49,926.89,343.24,172.2,172.2,172.2,172.2
0132937AR,Platanus × acerifolia,1.78,2.0,512.38,277.11,8.7,8.7,8.7,8.7
0132938AR,Platanus × acerifolia,13.36,1.83,945.67,412.57,448.9,448.9,448.9,448.9
0132939AR,Platanus × acerifolia,1.69,1.28,48.75,582.11,5.0,5.0,5.0,5.0
0132940AR,Grevillea robusta,2.99,1.95,787.89,1029.8,24.0,24.0,24.0,24.0
0132944AR,Platanus × acerifolia,8.08,2.6,159.55,806.36,233.3,233.3,233.3,233.3
0132945AR,Platanus × acerifolia,4.3,2.12,788.65,387.18,53.9,53.9,53.9,53.9
0132946AR,Celtis australis,8.56,2.33,388.2,578.67,234.7,234.7,234.7,234.7
0132948AR,Jacaranda mimosifolia,7.76,4.06,646.08,970.87,336.0,336.0,336.0,336.0
0132950AR,Populus nigra 'Italica',5.14,2.32,693.59,675.15,84.2,84.2,84.2,84.2
0132952AR,Celtis australis,6.79,2.54,126.01,700.4,161.0,161.0,161.0,161.0
0132953AR,Jacaranda mimosifolia,10.03,2.55,576.42,609.87,352.6,352.6,352.6,352.6
0132955AR,Platanus × acerifolia,7.25,2.92,170.46,819.91,211.0,211.0,211.0,211.0
0132956AR,Melia azedarach,11.51,2.54,377.57,625.36,462.5,462.5,462.5,462.5
0132958AR,Celtis australis,4.62,2.29,878.59,187.9,67.2,67.2,67.2,67.2
0132959AR,Tipuana tipu,10.66,1.51,672.72,515.93,235.8,235.8,235.8,235.8
0132961AR,Platanus × acerifolia,2.52,4.49,457.55,128.14,39.2,39.2,39.2,39.2
0132964AR,Casuarina cunninghamiana,5.97,2.8,137.99,456.53,137.2,137.2,137.2,137.2
0132965AR,Platanus × acerifolia,11.34,1.87,878.26,138.76,330.5,330.5,330.5,330.5
0132967AR,Prunus cerasifera 'Pissardii',4.79,1.51,694.31,322.04,47.6,47.6,47.6,47.6
0132968AR,Platanus × acerifolia,8.92,3.68,571.17,53.26,402.4,402.4,402.4,402.4
0132971AR,Platanus × acerifolia,11.87,1.6,879.89,162.86,309.8,309.8,309.8,309.8
0132972AR,Platanus × acerifolia,6.79,2.65,1070.43,874.77,167.9,167.9,167.9,167.9
0132973AR,Celtis australis,1.78,1.46,931.76,385.41,6.4,6.4,6.4,6.4
0132976AR,Prunus cerasifera 'Pissardii',4.22,1.36,582.49,341.65,33.3,33.3,33.3,33.3
0132978AR,Platanus × acerifolia,7.09,2.16,803.05,390.75,149.2,149.2,149.2,149.2
0132981AR,Platanus × acerifolia,10.67,1.99,985.58,559.83,311.4,311.4,311.4,311.4
0132982AR,Cupressus sempervirens,2.46,2.97,717.7,795.98,24.7,24.7,24.7,24.7
0132983AR,Platanus × acerifolia,4.51,1.6,870.89,215.73,44.7,44.7,44.7,44.7
0132986AR,Populus alba,2.76,1.33,124.32,489.09,13.9,13.9,13.9,13.9
0132988AR,Melia azedarach,8.5,2.95,484.81,805.76,292.9,292.9,292.9,292.9
0132992AR,Platanus × acerifolia,6.48,2.54,1082.6,920.89,146.6,146.6,146.6,146.6
0132994AR,Robinia pseudoacacia 'Bessoniana',4.11,1.72,179.82,654.56,39.9,39.9,39.9,39.9
0132995AR,Pyrus calleryana 'Chanticleer',4.07,3.18,380.47,263.08,72.4,72.4,72.4,72.4
0132996AR,Platanus × acerifolia,11.6,2.2,191.04,640.3,406.9,406.9,406.9,406.9
0132997AR,Acer negundo,9.54,2.78,613.26,343.21,347.8,347.8,347.8,347.8
0132998AR,Morus alba,2.88,1.2,675.54,621.96,13.7,13.7,13.7,13.7
0132999AR,Platanus × acerifolia,1.69,4.68,192.54,849.03,18.4,18.4,18.4,18.4
0133000AR,Eucalyptus camaldulensis,8.52,1.9,865.81,152.36,189.6,189.6,189.6,189.6
0133001AR,Fraxinus angustifolia 'Raywood',5.01,1.86,703.0,711.1,64.2,64.2,64.2,64.2
0133002AR,Melia azedarach,12.69,1.68,718.39,329.97,371.8,371.8,371.8,371.8
0133005AR,Platanus × acerifolia,7.61,1.58,1085.33,1065.41,125.8,125.8,125.8,125.8
0133006AR,Casuarina cunninghamiana,4.11,2.38,561.16,383.94,55.3,55.3,55.3,55.3
0133007AR,Platanus × acerifolia,12.4,2.41,518.0,366.25,509.3,509.3,509.3,509.3
0133010AR,Platanus × acerifolia,2.65,1.68,618.45,971.06,16.2,16.2,16.2,16.2
0133012AR,Melia azedarach,8.25,2.84,381.01,632.89,265.7,265.7,265.7,265.7
0133013AR,Platanus × acerifolia,6.91,2.85,524.59,54.39,187.0,187.0,187.0,187.0
0133014AR,Platanus × acerifolia,1.69,1.99,908.08,273.84,7.8,7.8,7.8,7.8
0133015AR,Melia azedarach,1.69,2.52,773.97,813.13,9.9,9.9,9.9,9.9
0133016AR,Platanus × acerifolia,9.57,2.17,817.85,447.33,273.2,273.2,273.2,273.2
0133017AR,Catalpa bignonioides,4.58,1.81,944.68,920.15,52.2,52.2,52.2,52.2
0133018AR,Pyrus calleryana 'Chanticleer',2.76,1.87,526.66,229.57,19.6,19.6,19.6,19.6
0133021AR,Robinia pseudoacacia,4.92,2.62,304.75,578.55,87.2,87.2,87.2,87.2
0133022AR,Celtis australis,1.69,2.23,962.05,497.38,8.8,8.8,8.8,8.8
0133024AR,Brachychiton populneus,4.85,1.57,484.0,458.0,50.8,50.8,50.8,50.8
0133025AR,Platanus × acerifolia,11.16,2.8,190.07,235.73,479.3,479.3,479.3,479.3
0133026AR,Melia azedarach,1.69,2.01,464.26,473.33,7.9,7.9,7.9,7.9
0133027AR,Platanus × acerifolia,1.69,3.69,840.47,45.36,14.5,14.5,14.5,14.5
0133031AR,Melia azedarach,5.73,1.87,373.98,616.74,84.4,84.4,84.4,84.4
0133034AR,Jacaranda mimosifolia,8.67,3.16,190.28,441.28,326.5,326.5,326.5,326.5
0133036AR,Eucalyptus camaldulensis,8.16,2.3,922.06,758.54,210.5,210.5,210.5,210.5
0133037AR,Platanus × acerifolia,6.63,2.81,194.51,224.37,169.8,169.8,169.8,169.8
0133039AR,Handroanthus heptaphyllus,2.46,1.6,927.78,857.63,13.3,13.3,13.3,13.3
0133041AR,Celtis australis,1.69,2.77,995.0,620.0,10.9,10.9,10.9,10.9
0133042AR,Celtis sinensis,8.1,3.39,1114.0,1061.0,305.7,305.7,305.7,305.7
0133044AR,Platanus × acerifolia,10.72,1.79,383.84,524.78,282.7,282.7,282.7,282.7
0133045AR,Platanus × acerifolia,9.1,3.08,981.29,623.84,350.6,350.6,350.6,350.6
0133046AR,Populus nigra 'Italica',6.31,3.52,706.57,773.75,192.6,192.6,192.6,192.6
0133047AR,Jacaranda mimosifolia,7.61,2.69,571.26,612.83,214.1,214.1,214.1,214.1
0133048AR,Celtis australis,2.82,1.37,955.72,505.17,15.0,15.0,15.0,15.0
0133049AR,Platanus × acerifolia,10.75,2.4,483.09,388.15,381.2,381.2,381.2,381.2
0133051AR,Platanus × acerifolia,10.09,1.7,330.45,422.87,237.9,237.9,237.9,237.9
0133052AR,Celtis australis,12.99,3.91,177.93,806.56,906.8,906.8,906.8,906.8
0133054AR,Tipuana tipu,12.7,2.84,455.77,206.33,629.6,629.6,629.6,629.6
0133055AR,Platanus × acerifolia,9.64,3.19,895.68,58.08,407.4,407.4,407.4,407.4
0133056AR,Celtis australis,4.51,1.29,911.45,341.27,36.1,36.1,36.1,36.1
0133058AR,Platanus × acerifolia,6.96,2.61,1025.96,712.17,173.8,173.8,173.8,173.8
0133059AR,Celtis australis,1.78,1.01,906.94,292.38,4.4,4.4,4.4,4.4
0133060AR,Platanus × acerifolia,10.75,1.75,914.23,297.1,278.0,278.0,278.0,278.0
0133061AR,Catalpa bignonioides,9.41,2.29,258.38,605.0,278.7,278.7,278.7,278.7
0133064AR,Platanus × acerifolia,11.58,1.99,808.21,409.29,366.8,366.8,366.8,366.8
0133065AR,Tipuana tipu,3.78,4.84,477.8,505.79,95.1,95.1,95.1,95.1
0133066AR,Grevillea robusta,5.26,2.55,520.61,986.85,97.0,97.0,97.0,97.0
0133067AR,Populus alba 'Pyramidalis',7.25,3.16,107.6,474.66,228.3,228.3,228.3,228.3
0133070AR,Populus nigra 'Italica',6.75,2.82,690.59,743.47,176.6,176.6,176.6,176.6
0133071AR,Brachychiton populneus,4.92,1.77,287.53,452.88,58.9,58.9,58.9,58.9
0133072AR,Tilia tomentosa,6.56,1.67,865.04,528.21,98.8,98.8,98.8,98.8
0133074AR,Platanus × acerifolia,2.33,3.12,812.52,481.58,23.3,23.3,23.3,23.3
0133075AR,Koelreuteria paniculata 'Fastigiata',1.6,1.59,457.96,136.54,5.6,5.6,5.6,5.6
0133076AR,Morus alba 'Fruitless',2.93,1.57,680.07,639.33,18.5,18.5,18.5,18.5
0133077AR,Brachychiton populneus,2.33,1.95,520.37,235.79,14.6,14.6,14.6,14.6
0133078AR,Platanus × acerifolia,3.83,2.4,957.87,536.19,48.4,48.4,48.4,48.4
0133079AR,Gleditsia triacanthos,3.87,1.4,664.68,836.14,28.8,28.8,28.8,28.8
0133080AR,Platanus × acerifolia,13.09,2.14,878.51,144.65,504.0,504.0,504.0,504.0
0133081AR,Platanus × acerifolia,8.1,2.59,487.57,385.37,233.6,233.6,233.6,233.6
0133082AR,Jacaranda mimosifolia,7.25,3.53,207.49,468.67,255.0,255.0,255.0,255.0
0133083AR,Morus alba,8.52,1.92,207.3,570.78,191.6,191.6,191.6,191.6
0133084AR,Platanus × acerifolia,10.69,2.05,935.05,452.79,322.0,322.0,322.0,322.0
0133085AR,Pyrus calleryana 'Chanticleer',4.11,2.5,512.35,230.11,58.0,58.0,58.0,58.0
0133086AR,Platanus × acerifolia,5.53,1.93,783.25,207.79,81.1,81.1,81.1,81.1
0133089AR,Tipuana tipu,6.96,1.39,653.33,314.19,92.5,92.5,92.5,92.5
0133091AR,Catalpa bignonioides,2.19,2.69,486.25,217.13,17.7,17.7,17.7,17.7
0133092AR,Brachychiton populneus,3.14,2.25,751.53,85.7,30.5,30.5,30.5,30.5
0133094AR,Celtis sinensis,4.79,2.17,1089.55,968.68,68.4,68.4,68.4,68.4
0133095AR,Melia azedarach,8.5,1.6,681.77,397.16,158.9,158.9,158.9,158.9
0133098AR,Populus nigra 'Italica',4.48,3.18,476.54,196.8,87.7,87.7,87.7,87.7
0133099AR,Platanus × acerifolia,8.1,2.86,725.48,48.66,257.9,257.9,257.9,257.9
0133100AR,Melia azedarach,4.3,1.6,349.98,576.84,40.7,40.7,40.7,40.7
0133101AR,Platanus × acerifolia,7.07,2.04,727.09,305.87,140.2,140.2,140.2,140.2
0133102AR,Platanus × acerifolia,4.55,1.6,932.88,366.28,45.5,45.5,45.5,45.5
0133104AR,Casuarina cunninghamiana,7.57,2.37,639.0,442.0,186.7,186.7,186.7,186.7
0133105AR,Pyrus calleryana 'Chanticleer',2.26,1.85,136.58,481.29,13.0,13.0,13.0,13.0
0133107AR,Pyrus calleryana 'Chanticleer',3.61,1.12,316.89,80.8,20.1,20.1,20.1,20.1
0133108AR,Celtis australis,6.38,2.45,485.0,370.0,137.1,137.1,137.1,137.1
0133109AR,Celtis australis,3.14,1.63,937.58,439.72,22.1,22.1,22.1,22.1
0133110AR,Melia azedarach,11.97,1.89,335.55,322.93,372.2,372.2,372.2,372.2
0133111AR,Catalpa bignonioides,2.65,2.29,915.38,809.84,22.1,22.1,22.1,22.1
0133112AR,Celtis australis,8.12,2.29,985.56,616.89,207.5,207.5,207.5,207.5
0133114AR,Brachychiton populneus,4.48,2.56,509.43,236.31,70.6,70.6,70.6,70.6
0133115AR,Platanus × acerifolia,13.88,2.39,87.97,485.2,632.9,632.9,632.9,632.9
0133116AR,Celtis australis,9.47,2.85,416.31,565.16,351.3,351.3,351.3,351.3
0133117AR,Tipuana tipu,4.33,1.89,524.28,242.91,48.7,48.7,48.7,48.7
0133119AR,Platanus × acerifolia,7.88,2.1,914.21,1047.49,179.2,179.2,179.2,179.2
0133120AR,Platanus × acerifolia,1.95,1.63,334.92,419.82,8.5,8.5,8.5,8.5
0133123AR,Platanus × acerifolia,7.86,3.21,83.68,699.94,272.6,272.6,272.6,272.6
0133125AR,Platanus × acerifolia,6.93,2.89,665.44,50.3,190.8,190.8,190.8,190.8
0133126AR,Celtis australis,1.69,4.26,891.44,234.65,16.7,16.7,16.7,16.7
0133128AR,Celtis australis,9.34,2.24,403.24,569.25,268.6,268.6,268.6,268.6
0133129AR,Platanus × acerifolia,8.61,3.21,146.31,789.77,327.1,327.1,327.1,327.1
0133130AR,Robinia pseudoacacia,4.72,2.64,409.85,946.93,80.8,80.8,80.8,80.8
0133131AR,Brachychiton populneus,4.72,3.01,753.78,167.77,92.2,92.2,92.2,92.2
0133133AR,Catalpa bignonioides,7.8,2.03,970.82,1016.62,169.8,169.8,169.8,169.8
0133134AR,Ulmus pumila,7.55,3.67,732.4,295.65,287.5,287.5,287.5,287.5
0133136AR,Platanus × acerifolia,7.78,2.31,162.59,302.14,192.2,192.2,192.2,192.2
0133137AR,Platanus × acerifolia,8.81,1.73,1019.22,1062.49,184.6,184.6,184.6,184.6
0133138AR,Catalpa bignonioides,3.43,2.06,929.77,915.28,33.3,33.3,33.3,33.3
0133139AR,Melia azedarach,12.93,3.1,420.73,707.72,712.3,712.3,712.3,712.3
0133142AR,Platanus × acerifolia,11.27,3.44,1116.04,1048.12,600.5,600.5,600.5,600.5
0133143AR,Celtis australis,4.58,1.36,915.77,359.04,39.2,39.2,39.2,39.2
0133144AR,Brachychiton populneus,4.33,2.36,761.88,113.42,60.8,60.8,60.8,60.8
0133145AR,Platanus × acerifolia,2.93,1.61,188.13,635.31,19.0,19.0,19.0,19.0
0133146AR,Platanus × acerifolia,7.02,2.24,199.17,795.76,151.7,151.7,151.7,151.7
0133147AR,Celtis australis,7.07,1.58,358.62,345.54,108.5,108.5,108.5,108.5
0133148AR,Tipuana tipu,5.41,1.3,682.0,513.0,52.3,52.3,52.3,52.3
0133149AR,Celtis australis,13.39,3.03,979.0,593.0,746.7,746.7,746.7,746.7
0133150AR,Casuarina cunninghamiana,5.53,2.01,132.91,483.9,84.5,84.5,84.5,84.5
0133152AR,Melia azedarach,10.72,2.42,218.1,444.13,382.2,382.2,382.2,382.2
0133153AR,Platanus × acerifolia,14.64,3.35,690.51,49.52,986.9,986.9,986.9,986.9
0133154AR,X chitalpa tashkentensis 'minsum' SUMMER BELLS®,4.41,2.6,401.28,830.78,69.5,69.5,69.5,69.5
0133159AR,Melia azedarach,11.13,1.82,353.28,584.87,309.9,309.9,309.9,309.9
0133162AR,Platanus × acerifolia,5.29,3.01,1107.22,1013.81,115.8,115.8,115.8,115.8
0133164AR,Celtis australis,4.55,2.17,923.63,387.54,61.7,61.7,61.7,61.7
0133165AR,Jacaranda mimosifolia,7.05,2.7,550.02,624.08,184.4,184.4,184.4,184.4
0133166AR,Grevillea robusta,4.75,3.36,794.69,982.91,104.2,104.2,104.2,104.2
0133167AR,Platanus × acerifolia,5.5,3.26,648.97,50.68,135.5,135.5,135.5,135.5
0133168AR,Platanus × acerifolia,7.07,2.14,785.33,374.88,147.0,147.0,147.0,147.0
0133169AR,Platanus × acerifolia,8.14,2.36,796.46,418.1,214.9,214.9,214.9,214.9
0133170AR,Brachychiton populneus,9.3,2.25,530.88,235.15,267.5,267.5,267.5,267.5
0133171AR,Catalpa bignonioides,6.43,2.32,485.67,309.54,131.8,131.8,131.8,131.8
0133172AR,Platanus × acerifolia,6.65,2.31,803.14,443.81,140.4,140.4,140.4,140.4
0133173AR,Platanus × acerifolia,8.27,2.08,492.85,243.33,195.5,195.5,195.5,195.5
0133174AR,Celtis australis,7.36,1.59,901.8,306.21,118.4,118.4,118.4,118.4
0133176AR,Platanus × acerifolia,9.2,1.78,814.79,488.63,207.1,207.1,207.1,207.1
0133177AR,Brachychiton populneus,6.77,1.87,301.92,438.2,117.8,117.8,117.8,117.8
0133178AR,Populus alba 'Pyramidalis',4.15,2.73,119.8,467.52,64.6,64.6,64.6,64.6
0133179AR,Platanus × acerifolia,9.25,2.51,72.56,523.38,295.2,295.2,295.2,295.2
0133181AR,Pyrus calleryana 'Chanticleer',3.95,2.76,408.18,234.46,59.2,59.2,59.2,59.2
0133183AR,Tilia x europaea,1.87,2.51,856.4,512.4,12.1,12.1,12.1,12.1
0133186AR,Melia azedarach,8.04,2.34,430.22,737.02,207.9,207.9,207.9,207.9
0133188AR,Casuarina cunninghamiana,4.03,3.0,494.0,271.0,67.0,67.0,67.0,67.0
0133191AR,Brachychiton populneus,5.94,2.44,235.14,866.22,118.3,118.3,118.3,118.3
0133192AR,Catalpa bignonioides,8.67,2.6,253.74,621.08,268.6,268.6,268.6,268.6
0133193AR,Populus alba,6.91,2.23,128.63,486.28,146.3,146.3,146.3,146.3
0133194AR,Platanus × acerifolia,9.57,2.07,824.25,472.04,260.6,260.6,260.6,260.6
0133195AR,Fraxinus angustifolia 'Raywood',1.95,1.75,796.87,977.68,9.1,9.1,9.1,9.1
0133198AR,Tipuana tipu,1.6,2.51,533.16,237.97,8.8,8.8,8.8,8.8
0133203AR,Platanus × acerifolia,6.46,2.83,470.78,379.11,162.3,162.3,162.3,162.3
0133204AR,Platanus × acerifolia,8.63,2.27,143.89,601.43,232.4,232.4,232.4,232.4
0133208AR,Jacaranda mimosifolia,5.11,2.2,200.31,457.67,79.0,79.0,79.0,79.0
0133209AR,Styphnolobium japonicum,9.01,2.71,85.74,575.13,302.4,302.4,302.4,302.4
0133213AR,Pyrus calleryana 'Chanticleer',5.59,3.74,598.22,240.34,160.6,160.6,160.6,160.6
0133214AR,Jacaranda mimosifolia,10.0,3.27,263.37,421.88,449.4,449.4,449.4,449.4
0133215AR,Platanus × acerifolia,11.47,2.86,536.85,54.03,517.2,517.2,517.2,517.2
0133216AR,Tilia x euchlora,1.95,1.44,942.45,510.13,7.5,7.5,7.5,7.5
0133217AR,Celtis sinensis,7.69,2.37,1053.29,835.31,192.6,192.6,192.6,192.6
0133218AR,Platanus × acerifolia,10.88,2.88,261.58,765.04,468.6,468.6,468.6,468.6
0133219AR,Koelreuteria paniculata 'Fastigiata',1.78,1.23,253.77,283.65,5.4,5.4,5.4,5.4
0133220AR,Gleditsia triacanthos,8.59,2.03,625.55,856.52,205.9,205.9,205.9,205.9
0133221AR,Platanus × acerifolia,6.0,1.49,923.62,331.62,73.7,73.7,73.7,73.7
0133222AR,Celtis australis,9.67,3.13,374.39,377.69,402.3,402.3,402.3,402.3
0133224AR,Platanus × acerifolia,3.04,2.0,164.9,297.22,25.4,25.4,25.4,25.4
0133225AR,Populus nigra 'Italica',6.08,2.94,752.51,1024.55,149.4,149.4,149.4,149.4
0133227AR,Platanus × acerifolia,8.25,4.14,576.55,52.92,387.3,387.3,387.3,387.3
0133230AR,Platanus × acerifolia,5.11,4.64,1118.96,1059.88,166.5,166.5,166.5,166.5
0133231AR,Platanus × acerifolia,7.23,1.69,771.69,271.01,121.4,121.4,121.4,121.4
0133232AR,Jacaranda mimosifolia,7.94,3.1,181.27,439.25,268.6,268.6,268.6,268.6
0133233AR,Jacaranda mimosifolia,12.17,3.56,184.53,444.74,724.7,724.7,724.7,724.7
0133234AR,Citrus × aurantium,4.62,3.1,679.68,199.07,90.9,90.9,90.9,90.9
0133236AR,Casuarina cunninghamiana,6.38,2.11,521.02,318.23,118.0,118.0,118.0,118.0
0133237AR,Platanus × acerifolia,8.29,3.54,218.04,891.86,334.4,334.4,334.4,334.4
0133238AR,Populus nigra 'Italica',7.11,3.1,587.05,998.03,215.4,215.4,215.4,215.4
0133239AR,Tilia x europaea,2.11,1.36,855.1,522.92,8.3,8.3,8.3,8.3
0133240AR,Platanus × acerifolia,8.18,2.54,989.07,653.03,233.6,233.6,233.6,233.6
0133242AR,Fraxinus angustifolia 'Raywood',2.26,1.86,720.38,774.76,13.1,13.1,13.1,13.1
0133243AR,Acer campestre 'Elsrijk',1.95,1.71,490.67,502.4,8.9,8.9,8.9,8.9
0133245AR,Platanus × acerifolia,1.69,1.66,947.4,418.58,6.5,6.5,6.5,6.5
0133246AR,Casuarina cunninghamiana,7.72,3.06,473.2,235.75,250.7,250.7,250.7,250.7
0133247AR,Prunus cerasifera 'Pissardii',4.15,2.85,108.48,611.88,67.5,67.5,67.5,67.5
0133250AR,Melia azedarach,1.69,1.27,424.22,498.87,5.0,5.0,5.0,5.0
0133253AR,Platanus × acerifolia,11.23,1.91,845.26,551.47,331.1,331.1,331.1,331.1
0133254AR,Platanus × acerifolia,1.87,2.22,271.63,407.66,10.7,10.7,10.7,10.7
0133255AR,Populus nigra 'Italica',5.5,3.07,489.78,507.54,127.6,127.6,127.6,127.6
0133256AR,Platanus × acerifolia,6.63,1.79,781.96,362.23,108.1,108.1,108.1,108.1
0133257AR,Platanus × acerifolia,8.59,2.94,776.37,946.89,298.2,298.2,298.2,298.2
0133258AR,Platanus × acerifolia,8.74,2.4,166.88,292.08,252.0,252.0,252.0,252.0
0133259AR,Platanus × acerifolia,9.15,2.09,313.9,491.73,240.5,240.5,240.5,240.5
0133261AR,Handroanthus heptaphyllus,7.23,2.15,940.7,905.75,154.5,154.5,154.5,154.5
0133263AR,Celtis australis,7.72,2.53,350.65,338.38,207.2,207.2,207.2,207.2
0133264AR,Phoenix dactylifera,6.96,3.51,710.69,1017.8,233.7,233.7,233.7,233.7
0133266AR,Platanus × acerifolia,8.48,2.22,205.34,792.61,219.4,219.4,219.4,219.4
0133267AR,Platanus × acerifolia,9.47,2.06,838.43,130.96,253.9,253.9,253.9,253.9
0133268AR,Platanus × acerifolia,5.44,2.34,564.8,53.2,95.2,95.2,95.2,95.2
0133269AR,Platanus × acerifolia,7.27,1.66,1025.1,1063.59,120.6,120.6,120.6,120.6
0133272AR,Jacaranda mimosifolia,8.2,4.26,347.67,896.96,393.7,393.7,393.7,393.7
0133273AR,Celtis australis,9.74,2.65,472.66,81.29,345.5,345.5,345.5,345.5
0133275AR,Robinia pseudoacacia,9.71,2.25,272.73,606.35,291.6,291.6,291.6,291.6
0133277AR,Platanus × acerifolia,12.75,2.31,1108.19,1068.73,516.1,516.1,516.1,516.1
0133278AR,Citrus × aurantium,3.52,2.43,542.05,178.91,41.4,41.4,41.4,41.4
0133281AR,Celtis sinensis,2.65,1.93,1055.0,841.0,18.6,18.6,18.6,18.6
0133282AR,Morus alba,7.42,2.35,215.58,584.14,177.8,177.8,177.8,177.8
0133283AR,Platanus × acerifolia,2.03,2.4,991.96,664.65,13.6,13.6,13.6,13.6
0133285AR,Morus alba,3.29,1.23,690.91,680.04,18.3,18.3,18.3,18.3
0133287AR,Catalpa bignonioides,8.1,1.8,962.98,987.34,162.3,162.3,162.3,162.3
0133288AR,Tipuana tipu,9.01,2.23,676.01,489.88,248.8,248.8,248.8,248.8
0133289AR,Celtis australis,2.65,1.4,957.66,511.45,13.5,13.5,13.5,13.5
0133290AR,Tipuana tipu,9.95,2.71,898.67,843.96,368.8,368.8,368.8,368.8
0133291AR,Platanus × acerifolia,2.19,2.49,474.51,445.23,16.4,16.4,16.4,16.4
0133293AR,Citrus × aurantium,5.01,2.3,680.06,83.29,79.3,79.3,79.3,79.3
0133295AR,Jacaranda mimosifolia,5.11,2.69,719.36,534.01,96.5,96.5,96.5,96.5
0133296AR,Citrus × aurantium,3.43,1.63,547.15,184.49,26.4,26.4,26.4,26.4
0133297AR,Brachychiton populneus,4.44,2.61,515.32,236.07,70.7,70.7,70.7,70.7
0133299AR,Platanus × acerifolia,3.14,1.83,878.72,150.77,24.8,24.8,24.8,24.8
0133300AR,Platanus × acerifolia,10.85,2.29,1005.69,636.07,370.5,370.5,370.5,370.5
0133302AR,Catalpa bignonioides,13.29,2.19,929.23,862.67,531.6,531.6,531.6,531.6
0133303AR,Celtis australis,7.65,2.6,647.57,322.58,209.1,209.1,209.1,209.1
0133304AR,Citrus × aurantium,4.07,4.84,178.67,759.41,110.2,110.2,110.2,110.2
0133305AR,Melia azedarach,8.1,2.5,269.02,379.75,225.4,225.4,225.4,225.4
0133306AR,Jacaranda mimosifolia,1.87,7.82,560.11,275.36,37.6,37.6,37.6,37.6
0133308AR,Celtis australis,2.11,1.39,1010.51,678.6,8.5,8.5,8.5,8.5
0133309AR,Prunus cerasifera 'Pissardii',6.26,2.94,329.03,894.16,158.4,158.4,158.4,158.4
0133310AR,Platanus × acerifolia,2.93,1.22,794.53,944.5,14.4,14.4,14.4,14.4
0133311AR,Platanus × acerifolia,11.48,1.74,1102.52,1067.72,315.2,315.2,315.2,315.2
0133314AR,Grevillea robusta,1.87,4.48,459.39,75.48,21.5,21.5,21.5,21.5
0133317AR,Platanus × acerifolia,5.64,1.62,169.76,661.08,70.8,70.8,70.8,70.8
0133318AR,Platanus × acerifolia,2.52,2.65,260.84,778.94,23.1,23.1,23.1,23.1
0133319AR,Cercis siliquastrum,1.95,7.82,561.58,269.37,40.9,40.9,40.9,40.9
0133321AR,Celtis australis,7.29,1.63,889.7,260.58,119.1,119.1,119.1,119.1
0133323AR,Platanus × acerifolia,1.69,3.74,744.07,48.01,14.7,14.7,14.7,14.7
0133325AR,Celtis australis,7.16,1.64,880.07,225.75,115.6,115.6,115.6,115.6
0133326AR,Platanus × acerifolia,8.63,3.55,221.07,897.28,363.4,363.4,363.4,363.4
0133327AR,Citrus × aurantium,3.14,2.9,509.09,179.71,39.3,39.3,39.3,39.3
0133328AR,Platanus × acerifolia,8.2,3.15,416.86,57.36,291.1,291.1,291.1,291.1
0133329AR,Platanus × acerifolia,1.87,4.82,684.41,49.82,23.2,23.2,23.2,23.2
0133331AR,Platanus × acerifolia,11.07,2.23,830.34,162.56,375.6,375.6,375.6,375.6
0133334AR,Platanus × acerifolia,7.07,2.93,1081.05,914.66,201.3,201.3,201.3,201.3
0133335AR,Platanus × acerifolia,9.84,3.43,588.07,52.69,456.5,456.5,456.5,456.5
0133336AR,Melia azedarach,6.89,1.92,441.73,756.49,125.3,125.3,125.3,125.3
0133337AR,Jacaranda mimosifolia,9.25,2.64,805.68,506.25,310.5,310.5,310.5,310.5
0133338AR,Melia azedarach,8.99,2.54,262.73,383.48,282.2,282.2,282.2,282.2
0133339AR,Platanus × acerifolia,7.23,1.68,778.01,296.23,120.7,120.7,120.7,120.7
0133341AR,Melia azedarach,1.95,2.2,223.75,440.96,11.5,11.5,11.5,11.5
0133342AR,Celtis australis,4.37,1.31,991.68,639.74,34.4,34.4,34.4,34.4
0133343AR,Platanus × acerifolia,8.14,2.11,804.93,396.04,192.2,192.2,192.2,192.2
0133349AR,X chitalpa tashkentensis 'minsum' SUMMER BELLS®,5.32,1.6,291.33,637.16,62.2,62.2,62.2,62.2
0133350AR,Pyrus calleryana 'Chanticleer',3.57,3.75,395.99,247.3,65.7,65.7,65.7,65.7
0133351AR,Celtis australis,2.52,1.4,914.53,321.71,12.2,12.2,12.2,12.2
0133352AR,X chitalpa tashkentensis 'minsum' SUMMER BELLS®,3.99,1.79,320.24,691.33,39.2,39.2,39.2,39.2
0133354AR,Platanus × acerifolia,1.6,1.59,461.77,424.88,5.6,5.6,5.6,5.6
0133356AR,Citrus × aurantium,2.71,6.38,575.15,177.77,64.4,64.4,64.4,64.4
0133357AR,Casuarina cunninghamiana,6.21,2.97,580.79,412.87,157.4,157.4,157.4,157.4
0133358AR,Celtis australis,4.22,1.46,372.56,594.22,35.7,35.7,35.7,35.7
0133359AR,Platanus × acerifolia,3.61,3.79,787.99,970.89,67.9,67.9,67.9,67.9
0133360AR,Celtis australis,2.19,2.26,1001.31,643.46,14.9,14.9,14.9,14.9
0133361AR,Tipuana tipu,2.82,2.83,659.0,456.0,30.9,30.9,30.9,30.9
0133362AR,Tipuana tipu,8.92,1.9,679.16,501.48,207.8,207.8,207.8,207.8
0133364AR,Brachychiton populneus,8.33,2.79,561.08,326.72,266.1,266.1,266.1,266.1
0133365AR,Jacaranda mimosifolia,7.02,3.1,613.42,586.1,210.0,210.0,210.0,210.0
0133366AR,Platanus × acerifolia,3.52,1.93,831.89,1013.57,32.9,32.9,32.9,32.9
0133367AR,Platanus × acerifolia,8.69,2.79,255.23,767.68,289.6,289.6,289.6,289.6
0133368AR,Morus nigra,2.19,3.84,493.48,396.01,25.3,25.3,25.3,25.3
0133369AR,Tipuana tipu,8.5,2.75,903.44,863.44,273.1,273.1,273.1,273.1
0133370AR,Platanus × acerifolia,10.12,2.09,798.04,371.44,294.2,294.2,294.2,294.2
0133372AR,Casuarina cunninghamiana,5.01,2.39,587.19,399.74,82.5,82.5,82.5,82.5
0133373AR,Brachychiton populneus,2.76,3.27,272.42,928.85,34.2,34.2,34.2,34.2
0133374AR,Gleditsia triacanthos,5.53,2.0,548.26,864.25,84.1,84.1,84.1,84.1
0133376AR,Casuarina cunninghamiana,5.05,2.96,145.99,451.67,103.8,103.8,103.8,103.8
0133377AR,Platanus × acerifolia,7.78,3.0,1103.89,1002.05,249.6,249.6,249.6,249.6
0133378AR,Celtis australis,2.03,1.39,924.18,356.83,7.9,7.9,7.9,7.9
0133379AR,Platanus × acerifolia,6.65,1.65,767.05,305.8,100.3,100.3,100.3,100.3
0133380AR,Grevillea robusta,3.14,3.12,454.06,975.63,42.3,42.3,42.3,42.3
0133382AR,Platanus × acerifolia,9.37,3.46,112.24,746.37,417.5,417.5,417.5,417.5
0133383AR,Platanus × acerifolia,7.98,3.0,770.37,934.82,262.6,262.6,262.6,262.6
0133385AR,Brachychiton populneus,7.31,2.24,275.01,932.55,164.5,164.5,164.5,164.5
0133386AR,Melia azedarach,4.26,1.94,136.64,379.71,48.4,48.4,48.4,48.4
0133387AR,Catalpa bignonioides,5.44,2.51,926.25,903.56,102.1,102.1,102.1,102.1
0133388AR,Casuarina cunninghamiana,4.41,1.94,523.6,323.17,51.9,51.9,51.9,51.9
0133390AR,Melia azedarach,2.11,2.36,320.08,339.66,14.4,14.4,14.4,14.4
0133392AR,Brachychiton populneus,3.91,1.35,898.83,1053.04,28.4,28.4,28.4,28.4
0133393AR,Citrus × aurantium,5.44,2.71,50.65,613.02,110.2,110.2,110.2,110.2
0133395AR,Platanus × acerifolia,4.89,1.62,604.0,972.0,53.2,53.2,53.2,53.2
0133396AR,Celtis australis,8.72,2.33,78.47,654.64,243.5,243.5,243.5,243.5
0133397AR,Platanus × acerifolia,5.47,2.39,246.72,94.61,98.3,98.3,98.3,98.3
0133398AR,Platanus × acerifolia,6.58,2.37,792.1,400.13,141.0,141.0,141.0,141.0
0133399AR,Citrus × aurantium,3.19,3.03,46.49,615.92,42.4,42.4,42.4,42.4
0133401AR,Platanus × acerifolia,10.36,2.97,355.93,59.2,438.1,438.1,438.1,438.1
0133403AR,Pyrus calleryana 'Chanticleer',6.08,3.74,587.89,233.65,190.0,190.0,190.0,190.0
0133405AR,Melia azedarach,10.16,1.85,673.63,419.12,262.5,262.5,262.5,262.5
0133406AR,Tipuana tipu,3.24,2.65,901.72,857.05,38.2,38.2,38.2,38.2
0133407AR,Catalpa bignonioides,5.38,2.66,428.75,344.09,105.8,105.8,105.8,105.8
0133409AR,Platanus × acerifolia,7.11,1.84,971.25,507.44,127.8,127.8,127.8,127.8
0133410AR,Tipuana tipu,1.69,1.0,655.5,443.3,3.9,3.9,3.9,3.9
0133411AR,Catalpa bignonioides,4.82,2.05,947.09,929.66,65.5,65.5,65.5,65.5
0133412AR,Brachychiton populneus,2.46,2.35,565.66,324.34,19.5,19.5,19.5,19.5
0133414AR,Robinia pseudoacacia 'Pyramidalis',6.33,3.12,311.33,422.91,171.8,171.8,171.8,171.8
0133415AR,Platanus × acerifolia,11.85,3.1,875.06,90.27,598.3,598.3,598.3,598.3
0133416AR,Platanus × acerifolia,11.86,3.03,838.58,118.32,585.8,585.8,585.8,585.8
0133417AR,Platanus × acerifolia,1.69,2.07,912.46,291.03,8.1,8.1,8.1,8.1
0133419AR,Brachychiton populneus,4.92,2.72,221.0,873.0,90.5,90.5,90.5,90.5
0133420AR,Celtis sinensis,6.68,2.18,1064.52,876.11,133.7,133.7,133.7,133.7
0133421AR,Platanus × acerifolia,9.01,2.05,474.18,467.01,228.7,228.7,228.7,228.7
0133422AR,Ligustrum lucidum,2.52,1.41,497.28,881.98,12.3,12.3,12.3,12.3
0133423AR,Platanus × acerifolia,8.08,4.21,852.3,44.81,377.8,377.8,377.8,377.8
0133426AR,Celtis australis,1.69,4.03,506.0,357.0,15.8,15.8,15.8,15.8
0133428AR,Brachychiton populneus,3.99,2.92,761.65,103.98,63.9,63.9,63.9,63.9
0133429AR,Platanus × acerifolia,2.19,2.27,979.94,618.34,15.0,15.0,15.0,15.0
0133430AR,Acer monspessulanum,2.19,4.16,524.32,905.59,27.4,27.4,27.4,27.4
0133431AR,Platanus × acerifolia,5.78,3.27,325.07,743.58,150.2,150.2,150.2,150.2
0133432AR,Brachychiton populneus,3.43,2.39,760.09,58.36,38.6,38.6,38.6,38.6
0133433AR,Platanus × acerifolia,12.41,2.04,977.57,530.79,431.8,431.8,431.8,431.8
0133434AR,Platanus × acerifolia,3.61,1.49,878.37,126.85,26.7,26.7,26.7,26.7
0133435AR,Grevillea robusta,4.18,4.63,773.29,940.44,111.2,111.2,111.2,111.2
0133436AR,Tipuana tipu,8.74,1.88,693.0,306.0,197.4,197.4,197.4,197.4
0133438AR,Brachychiton populneus,7.51,2.77,261.53,853.38,214.7,214.7,214.7,214.7
0133442AR,Robinia pseudoacacia 'Bessoniana',6.56,2.24,341.66,403.65,132.5,132.5,132.5,132.5
0133443AR,Celtis australis,1.78,1.58,941.0,451.0,6.9,6.9,6.9,6.9
0133445AR,Grevillea robusta,2.71,4.7,800.93,994.46,47.4,47.4,47.4,47.4
0133447AR,Pyrus calleryana 'Chanticleer',2.33,1.64,386.33,269.47,12.2,12.2,12.2,12.2
0133448AR,Gleditsia triacanthos,4.26,1.62,706.11,821.36,40.4,40.4,40.4,40.4
0133449AR,Tipuana tipu,11.01,3.25,671.82,443.05,541.5,541.5,541.5,541.5
0133452AR,Brachychiton populneus,3.7,2.29,760.8,75.79,43.1,43.1,43.1,43.1
0133453AR,Celtis australis,2.26,1.59,880.27,194.06,11.2,11.2,11.2,11.2
0133454AR,Melia azedarach,13.23,2.2,690.46,372.7,529.3,529.3,529.3,529.3
0133455AR,Populus nigra 'Italica',7.42,2.82,723.1,786.22,213.4,213.4,213.4,213.4
0133457AR,Platanus × acerifolia,12.87,3.81,354.31,763.57,867.4,867.4,867.4,867.4
0133458AR,Robinia pseudoacacia,8.72,1.77,273.94,597.75,185.0,185.0,185.0,185.0
0133460AR,Acer campestre 'Elsrijk',5.14,4.99,485.22,508.35,181.2,181.2,181.2,181.2
0133461AR,Brachychiton populneus,6.41,3.59,245.71,916.42,202.7,202.7,202.7,202.7
0133462AR,Celtis australis,3.29,1.43,950.77,455.16,21.3,21.3,21.3,21.3
0133464AR,Platanus × acerifolia,6.51,1.79,767.21,253.25,104.3,104.3,104.3,104.3
0133466AR,Melia azedarach,3.14,2.55,876.9,785.42,34.6,34.6,34.6,34.6
0133468AR,Celtis sinensis,9.93,2.79,1056.43,846.91,378.1,378.1,378.1,378.1
0133470AR,Tilia x europaea,4.18,1.44,937.76,517.55,34.6,34.6,34.6,34.6
0133471AR,Jacaranda mimosifolia,3.29,2.14,765.77,521.45,31.8,31.8,31.8,31.8
0133472AR,Robinia pseudoacacia,10.81,2.95,232.91,479.54,473.8,473.8,473.8,473.8
0133474AR,Tipuana tipu,8.25,1.83,676.72,313.16,171.2,171.2,171.2,171.2
0133475AR,Melia azedarach,11.17,2.58,154.3,387.01,442.4,442.4,442.4,442.4
0133477AR,Pyrus calleryana 'Chanticleer',3.99,1.36,317.21,95.44,29.8,29.8,29.8,29.8
0133478AR,Ulmus RESISTA® 'Sapporo Autumn Gold',9.95,2.86,176.56,589.4,389.2,389.2,389.2,389.2
0133479AR,Tipuana tipu,1.69,1.46,442.95,395.76,5.7,5.7,5.7,5.7
0133482AR,Citrus × aurantium,2.52,2.25,51.03,602.94,19.6,19.6,19.6,19.6
0133484AR,Platanus × acerifolia,11.34,2.5,1059.35,833.71,441.9,441.9,441.9,441.9
0133485AR,Platanus × acerifolia,2.11,1.94,160.31,308.32,11.9,11.9,11.9,11.9
0133486AR,Celtis australis,6.77,4.31,115.66,707.42,271.5,271.5,271.5,271.5
0133490AR,Tipuana tipu,11.0,3.36,896.75,837.46,558.8,558.8,558.8,558.8
0133491AR,Populus alba 'Pyramidalis',4.18,3.84,709.32,646.11,92.2,92.2,92.2,92.2
0133492AR,Morus alba,7.9,2.08,194.04,549.4,178.4,178.4,178.4,178.4
0133493AR,Platanus × acerifolia,7.07,3.35,615.11,282.93,230.2,230.2,230.2,230.2
0133494AR,Platanus × acerifolia,12.33,2.81,338.24,59.71,587.2,587.2,587.2,587.2
0133495AR,Fraxinus angustifolia 'Raywood',2.52,1.83,715.58,669.35,16.0,16.0,16.0,16.0
0133496AR,Tipuana tipu,2.33,3.65,441.68,189.27,27.2,27.2,27.2,27.2
0133499AR,Celtis sinensis,7.07,2.9,1058.03,852.59,199.2,199.2,199.2,199.2
0133500AR,Tipuana tipu,8.14,3.16,880.92,841.52,287.8,287.8,287.8,287.8
0133502AR,Platanus × acerifolia,5.05,1.79,1083.9,1072.09,62.7,62.7,62.7,62.7
0133503AR,Platanus × acerifolia,13.93,3.06,829.27,45.69,816.1,816.1,816.1,816.1
0133506AR,Melia azedarach,14.35,1.94,678.51,408.64,549.1,549.1,549.1,549.1
0133507AR,Robinia pseudoacacia,4.85,1.41,940.86,493.58,45.6,45.6,45.6,45.6
0133508AR,Pyrus calleryana 'Chanticleer',6.13,2.02,657.66,260.22,104.3,104.3,104.3,104.3
0133509AR,Catalpa bignonioides,5.47,1.78,939.4,901.04,73.2,73.2,73.2,73.2
0133511AR,Grevillea robusta,8.81,2.68,460.62,125.46,285.9,285.9,285.9,285.9
0133513AR,Melia azedarach,12.36,2.39,389.0,648.0,501.8,501.8,501.8,501.8
0133514AR,Robinia pseudoacacia 'Bessoniana',9.15,2.64,219.53,629.27,303.8,303.8,303.8,303.8
0133515AR,Jacaranda mimosifolia,9.27,2.25,267.12,411.22,265.7,265.7,265.7,265.7
0133516AR,Platanus × acerifolia,9.76,2.55,495.11,398.75,333.9,333.9,333.9,333.9
0133517AR,Platanus × acerifolia,12.87,1.87,885.84,192.78,425.7,425.7,425.7,425.7
0133519AR,Platanus × acerifolia,7.2,1.87,248.3,784.96,133.2,133.2,133.2,133.2
0133520AR,Platanus × acerifolia,12.68,3.33,977.88,612.39,735.9,735.9,735.9,735.9
0133521AR,Melia azedarach,6.36,2.31,385.19,641.31,128.4,128.4,128.4,128.4
0133522AR,Celtis australis,2.11,2.2,926.97,399.07,13.5,13.5,13.5,13.5
0133523AR,Jacaranda mimosifolia,6.28,3.34,359.97,917.46,181.0,181.0,181.0,181.0
0133524AR,Catalpa bignonioides,8.08,2.12,464.78,338.77,190.2,190.2,190.2,190.2
0133526AR,Platanus × acerifolia,5.47,2.13,933.53,447.06,87.6,87.6,87.6,87.6
0133527AR,Platanus × acerifolia,7.44,1.77,847.8,124.92,134.7,134.7,134.7,134.7
0133528AR,Ligustrum lucidum,4.15,2.67,428.27,909.11,63.2,63.2,63.2,63.2
0133529AR,Gleditsia triacanthos,5.44,1.87,681.64,830.15,76.1,76.1,76.1,76.1
0133530AR,Melia azedarach,2.11,2.17,516.0,850.0,13.3,13.3,13.3,13.3
0133531AR,Platanus × acerifolia,14.3,2.3,59.42,599.47,646.4,646.4,646.4,646.4
0133532AR,Melia azedarach,6.51,1.35,145.89,373.96,78.6,78.6,78.6,78.6
0133535AR,Fraxinus angustifolia 'Raywood',6.41,2.3,692.08,669.9,129.9,129.9,129.9,129.9
0133536AR,Citrus × aurantium,4.58,3.26,190.59,780.82,94.0,94.0,94.0,94.0
0133538AR,Fraxinus angustifolia 'Raywood',6.63,2.67,726.17,797.3,161.3,161.3,161.3,161.3
0133539AR,Platanus × acerifolia,13.69,1.78,911.72,365.73,458.5,458.5,458.5,458.5
0133541AR,Citrus × aurantium,3.48,4.11,681.4,252.53,68.4,68.4,68.4,68.4
0133545AR,Platanus × acerifolia,11.79,1.74,1073.45,1063.49,332.4,332.4,332.4,332.4
0133546AR,Celtis sinensis,12.62,2.52,1047.0,812.0,551.6,551.6,551.6,551.6
0133547AR,Platanus × acerifolia,6.08,3.8,1117.3,1053.53,193.1,193.1,193.1,193.1
0133548AR,Fraxinus angustifolia 'Raywood',2.11,2.64,812.65,1006.32,16.2,16.2,16.2,16.2
0133549AR,Platanus × acerifolia,3.66,3.58,867.53,100.2,65.9,65.9,65.9,65.9
0133550AR,Casuarina cunninghamiana,4.65,2.42,538.62,348.93,71.9,71.9,71.9,71.9
0133553AR,Celtis sinensis,3.83,2.41,1074.29,910.37,48.6,48.6,48.6,48.6
0133554AR,Melia azedarach,2.88,3.15,310.24,350.17,35.9,35.9,35.9,35.9
0133556AR,Platanus × acerifolia,11.66,1.81,1079.17,1064.37,338.2,338.2,338.2,338.2
0133557AR,Celtis sinensis,3.24,2.89,1101.47,1015.42,41.7,41.7,41.7,41.7
0133558AR,Ligustrum lucidum,2.46,1.51,677.7,514.75,12.6,12.6,12.6,12.6
0133559AR,Celtis australis,6.0,1.76,858.27,143.68,87.1,87.1,87.1,87.1
0133560AR,Platanus × acerifolia,4.03,1.94,75.02,517.56,43.3,43.3,43.3,43.3
0133563AR,Ligustrum lucidum,1.87,1.74,679.91,524.58,8.4,8.4,8.4,8.4
0133566AR,Pyrus calleryana 'Chanticleer',4.03,2.38,576.17,227.63,53.1,53.1,53.1,53.1
0133567AR,Gleditsia triacanthos,3.99,1.28,698.03,824.53,28.0,28.0,28.0,28.0
0133568AR,Platanus × acerifolia,8.5,2.74,120.98,627.9,272.1,272.1,272.1,272.1
0133569AR,Celtis australis,8.7,3.0,510.56,353.93,312.1,312.1,312.1,312.1
0133570AR,Jacaranda mimosifolia,2.11,2.06,696.24,540.48,12.6,12.6,12.6,12.6
0133571AR,Fraxinus angustifolia 'Raywood',6.18,2.1,700.04,699.44,110.2,110.2,110.2,110.2
0133575AR,Citrus × aurantium,3.14,1.31,499.08,186.13,17.8,17.8,17.8,17.8
0133579AR,Prunus cerasifera 'Pissardii',4.62,2.0,314.39,902.95,58.7,58.7,58.7,58.7
0133580AR,Citrus × aurantium,2.39,1.23,681.13,119.71,9.7,9.7,9.7,9.7
0133581AR,Styphnolobium japonicum,1.95,3.82,94.67,590.15,20.0,20.0,20.0,20.0
0133582AR,Catalpa bignonioides,9.52,2.35,243.05,614.11,292.7,292.7,292.7,292.7
0133585AR,Platanus × acerifolia,7.02,2.53,109.87,431.96,171.4,171.4,171.4,171.4
0133586AR,Platanus × acerifolia,11.04,2.17,524.87,345.89,363.5,363.5,363.5,363.5
0133588AR,Acer monspessulanum,3.34,2.13,514.27,929.45,32.7,32.7,32.7,32.7
0133589AR,Pyrus calleryana 'Chanticleer',3.14,2.03,317.95,160.68,27.5,27.5,27.5,27.5
0133590AR,Tipuana tipu,6.18,1.74,658.8,439.5,91.3,91.3,91.3,91.3
0133591AR,Platanus × acerifolia,7.67,3.23,886.08,79.01,261.2,261.2,261.2,261.2
0133592AR,Celtis australis,2.71,2.05,969.64,527.11,20.7,20.7,20.7,20.7
0133593AR,Platanus × acerifolia,2.11,2.56,127.69,388.33,15.7,15.7,15.7,15.7
0133594AR,Platanus × acerifolia,2.46,2.08,767.05,247.66,17.3,17.3,17.3,17.3
0133595AR,Celtis australis,5.05,2.86,334.2,340.08,100.2,100.2,100.2,100.2
0133597AR,Platanus × acerifolia,1.95,1.63,881.72,96.75,8.5,8.5,8.5,8.5
0133599AR,Populus nigra 'Italica',5.35,2.29,769.87,1027.12,90.1,90.1,90.1,90.1
0133600AR,Populus nigra 'Italica',4.75,2.28,426.84,539.91,70.7,70.7,70.7,70.7
0133601AR,Platanus × acerifolia,9.41,2.05,323.74,507.16,249.5,249.5,249.5,249.5
0133603AR,Eucalyptus camaldulensis,10.84,1.93,866.29,162.72,311.7,311.7,311.7,311.7
0133605AR,Platanus × acerifolia,11.93,1.98,477.84,450.23,387.3,387.3,387.3,387.3
0133606AR,Celtis australis,1.95,1.19,933.14,422.41,6.2,6.2,6.2,6.2
0133608AR,X chitalpa tashkentensis 'minsum' SUMMER BELLS®,7.33,2.9,406.74,837.71,214.2,214.2,214.2,214.2
0133609AR,Platanus × acerifolia,5.26,1.69,787.07,381.06,64.3,64.3,64.3,64.3
0133611AR,Citrus × aurantium,3.43,1.77,682.35,161.9,28.6,28.6,28.6,28.6
0133612AR,Populus alba 'Pyramidalis',10.17,2.86,756.0,540.0,406.6,406.6,406.6,406.6
0133614AR,Platanus × acerifolia,12.28,2.7,829.02,1008.41,559.6,559.6,559.6,559.6
0133615AR,Platanus × acerifolia,6.63,3.49,811.0,1012.0,210.9,210.9,210.9,210.9
0133616AR,Platanus × acerifolia,4.48,1.38,609.84,993.98,38.1,38.1,38.1,38.1
0133617AR,Casuarina cunninghamiana,3.61,2.55,164.03,465.67,45.7,45.7,45.7,45.7
0133618AR,Ligustrum lucidum,5.67,4.27,708.54,976.08,188.7,188.7,188.7,188.7
0133619AR,Platanus × acerifolia,11.4,3.28,765.55,878.56,585.9,585.9,585.9,585.9
0133621AR,Populus nigra 'Italica',6.48,3.11,700.05,761.41,179.5,179.5,179.5,179.5
0133622AR,Platanus × acerifolia,6.02,1.6,791.07,213.72,79.7,79.7,79.7,79.7
0133623AR,Jacaranda mimosifolia,8.7,2.56,197.06,452.15,266.3,266.3,266.3,266.3
0133624AR,Platanus × acerifolia,12.03,3.56,974.83,600.63,708.1,708.1,708.1,708.1
0133625AR,Celtis australis,7.31,3.78,1023.98,757.32,277.6,277.6,277.6,277.6
0133626AR,Handroanthus heptaphyllus,2.88,4.87,950.45,992.32,55.5,55.5,55.5,55.5
0133628AR,Tipuana tipu,6.82,2.33,654.27,471.82,149.0,149.0,149.0,149.0
0133629AR,Populus nigra 'Italica',7.84,1.65,679.75,623.72,139.4,139.4,139.4,139.4
0133630AR,Melia azedarach,4.98,3.27,863.96,788.95,111.5,111.5,111.5,111.5
0133631AR,Tipuana tipu,13.8,2.38,904.19,530.34,623.0,623.0,623.0,623.0
0133632AR,Platanus × acerifolia,13.39,1.88,398.72,515.12,463.3,463.3,463.3,463.3
0133633AR,Pyrus calleryana 'Chanticleer',2.99,1.58,316.98,74.33,19.4,19.4,19.4,19.4
0133634AR,Platanus × acerifolia,9.04,1.89,1015.11,671.22,212.3,212.3,212.3,212.3
0133635AR,Platanus × acerifolia,3.14,2.78,1064.1,851.0,37.7,37.7,37.7,37.7
0133636AR,Populus nigra 'Italica',5.47,3.53,584.76,418.15,145.2,145.2,145.2,145.2
0133637AR,Melia azedarach,9.22,2.77,502.42,826.69,323.6,323.6,323.6,323.6
0133638AR,Celtis australis,2.46,2.46,1029.76,779.77,20.5,20.5,20.5,20.5
0133639AR,Citrus × aurantium,3.24,2.23,656.04,175.64,32.2,32.2,32.2,32.2
0133642AR,Platanus × acerifolia,7.05,1.57,768.88,311.89,107.3,107.3,107.3,107.3
0133643AR,Celtis australis,5.41,1.31,905.16,317.59,52.7,52.7,52.7,52.7
0133644AR,Melia azedarach,8.69,2.57,754.23,886.24,266.7,266.7,266.7,266.7
0133645AR,Pyrus calleryana 'Chanticleer',3.52,1.73,423.96,217.54,29.5,29.5,29.5,29.5
0133646AR,Tipuana tipu,9.2,3.4,878.58,863.24,395.5,395.5,395.5,395.5
0133647AR,Platanus × acerifolia,6.43,2.11,907.71,1046.47,119.9,119.9,119.9,119.9
0133649AR,Citrus × aurantium,2.88,1.77,678.98,158.46,20.2,20.2,20.2,20.2
0133650AR,Platanus × acerifolia,9.32,2.11,617.29,977.57,251.9,251.9,251.9,251.9
0133651AR,Melia azedarach,5.38,2.07,528.11,890.82,82.3,82.3,82.3,82.3
0133652AR,Celtis australis,1.87,1.65,1006.18,660.89,7.9,7.9,7.9,7.9
0133655AR,Platanus × acerifolia,9.62,1.94,760.76,280.73,246.8,246.8,246.8,246.8
0133658AR,Brachychiton populneus,2.65,2.96,233.84,912.98,28.6,28.6,28.6,28.6
0133659AR,Platanus × acerifolia,1.87,1.94,469.45,470.0,9.3,9.3,9.3,9.3
0133660AR,Platanus × acerifolia,9.2,3.44,80.52,694.81,400.2,400.2,400.2,400.2
0133662AR,Platanus × acerifolia,2.39,4.1,759.55,909.71,32.2,32.2,32.2,32.2
0133663AR,Platanus × acerifolia,7.55,2.42,247.71,89.07,189.6,189.6,189.6,189.6
0133664AR,Platanus × acerifolia,3.09,1.56,1089.51,1073.06,20.5,20.5,20.5,20.5
0133665AR,Celtis australis,6.28,1.92,966.39,546.37,104.1,104.1,104.1,104.1
0133667AR,Citrus × aurantium,2.93,1.76,689.9,180.58,20.8,20.8,20.8,20.8
0133668AR,Populus nigra 'Italica',5.26,2.47,809.59,1032.83,93.9,93.9,93.9,93.9
0133669AR,Celtis australis,5.29,2.18,409.4,569.93,83.8,83.8,83.8,83.8
0133670AR,Jacaranda mimosifolia,12.42,4.21,557.24,270.37,892.6,892.6,892.6,892.6
0133672AR,Citrus × aurantium,2.59,1.43,738.86,179.34,13.2,13.2,13.2,13.2
0133673AR,Celtis australis,6.79,2.06,872.6,144.81,130.5,130.5,130.5,130.5
0133674AR,Tipuana tipu,8.87,1.75,676.69,305.39,189.2,189.2,189.2,189.2
0133676AR,Gleditsia triacanthos,3.48,1.96,599.88,861.77,32.6,32.6,32.6,32.6
0133677AR,Jacaranda mimosifolia,9.9,2.53,592.75,599.3,340.8,340.8,340.8,340.8
0133678AR,Gleditsia triacanthos,3.52,1.57,532.18,866.71,26.7,26.7,26.7,26.7
0133679AR,Celtis australis,2.03,1.21,919.0,370.04,6.9,6.9,6.9,6.9
0133680AR,Populus nigra 'Italica',5.78,2.7,544.69,991.05,124.0,124.0,124.0,124.0
0133682AR,Brachychiton populneus,1.78,2.89,754.68,198.24,12.6,12.6,12.6,12.6
0133683AR,Jacaranda mimosifolia,2.82,3.66,266.6,430.52,40.0,40.0,40.0,40.0
0133684AR,Platanus × acerifolia,6.68,3.1,798.42,46.43,190.1,190.1,190.1,190.1
0133685AR,Platanus × acerifolia,7.42,1.95,822.83,465.77,147.6,147.6,147.6,147.6
0133687AR,Ligustrum lucidum,4.65,3.96,680.34,940.86,117.7,117.7,117.7,117.7
0133688AR,Catalpa bignonioides,5.73,3.44,940.38,954.78,155.2,155.2,155.2,155.2
0133689AR,Casuarina cunninghamiana,4.75,1.87,526.7,328.67,58.0,58.0,58.0,58.0
0133690AR,Gleditsia triacanthos,7.8,2.26,598.59,855.23,189.0,189.0,189.0,189.0
0133691AR,Prunus cerasifera 'Pissardii',3.14,2.07,596.7,340.77,28.1,28.1,28.1,28.1
0133692AR,Brachychiton populneus,5.26,2.18,481.25,454.14,82.9,82.9,82.9,82.9
0133693AR,Jacaranda mimosifolia,8.79,2.32,257.64,407.54,246.4,246.4,246.4,246.4
0133695AR,Citrus × aurantium,3.24,3.89,680.14,62.76,56.1,56.1,56.1,56.1
0133696AR,Robinia pseudoacacia,6.93,2.03,289.16,587.78,134.0,134.0,134.0,134.0
0133698AR,Platanus × acerifolia,9.8,1.74,942.41,401.2,229.7,229.7,229.7,229.7
0133700AR,Platanus × acerifolia,5.53,2.01,804.59,449.6,84.5,84.5,84.5,84.5
0133701AR,Platanus × acerifolia,6.72,2.58,125.26,394.61,160.1,160.1,160.1,160.1
0133703AR,Platanus × acerifolia,13.35,1.89,169.17,605.2,463.0,463.0,463.0,463.0
0133704AR,Populus alba 'Pyramidalis',3.29,2.22,149.56,442.21,33.0,33.0,33.0,33.0
0133705AR,Platanus × acerifolia,10.98,1.73,885.53,267.92,286.7,286.7,286.7,286.7
0133706AR,Brachychiton populneus,3.87,2.54,244.33,861.68,52.3,52.3,52.3,52.3
0133707AR,Platanus × acerifolia,9.87,2.39,1048.85,793.18,320.0,320.0,320.0,320.0
0133708AR,Melia azedarach,11.53,2.62,509.9,852.89,478.7,478.7,478.7,478.7
0133709AR,Handroanthus heptaphyllus,2.59,2.32,973.93,1027.55,21.4,21.4,21.4,21.4
0133711AR,Tipuana tipu,1.6,2.29,674.79,483.97,8.1,8.1,8.1,8.1
0133713AR,Populus nigra 'Italica',6.91,2.84,561.93,361.31,186.4,186.4,186.4,186.4
0133714AR,Platanus × acerifolia,3.04,2.77,620.29,51.62,35.2,35.2,35.2,35.2
0133716AR,Celtis australis,3.24,1.36,892.24,272.25,19.6,19.6,19.6,19.6
0133717AR,Robinia pseudoacacia,1.69,1.74,310.26,575.03,6.8,6.8,6.8,6.8
0133718AR,Platanus × acerifolia,6.65,3.27,773.1,897.83,198.8,198.8,198.8,198.8
0133719AR,Tipuana tipu,1.69,3.22,535.82,242.62,12.6,12.6,12.6,12.6
0133722AR,Acer monspessulanum,2.82,1.69,486.34,965.51,18.5,18.5,18.5,18.5
0133723AR,Tipuana tipu,1.69,4.18,546.48,242.88,16.4,16.4,16.4,16.4
0133726AR,Platanus × acerifolia,1.69,2.69,365.91,400.9,10.6,10.6,10.6,10.6
0133727AR,Platanus × acerifolia,9.18,2.97,807.89,1006.0,344.0,344.0,344.0,344.0
0133728AR,Platanus × acerifolia,5.5,1.94,632.08,991.89,80.7,80.7,80.7,80.7
0133729AR,Grevillea robusta,2.93,2.4,556.52,992.77,28.3,28.3,28.3,28.3
0133730AR,Celtis australis,5.11,1.56,1004.26,655.59,56.0,56.0,56.0,56.0
0133731AR,Jacaranda mimosifolia,3.24,1.76,773.65,515.55,25.4,25.4,25.4,25.4
0133732AR,Grevillea robusta,4.85,2.49,768.4,537.05,80.5,80.5,80.5,80.5
0133733AR,Fraxinus angustifolia 'Raywood',2.26,1.45,712.67,658.1,10.2,10.2,10.2,10.2
0133734AR,Populus nigra 'Italica',6.82,3.05,635.5,1005.72,195.0,195.0,195.0,195.0
0133735AR,Celtis australis,4.18,2.35,938.0,408.49,56.4,56.4,56.4,56.4
0133736AR,Koelreuteria paniculata 'Fastigiata',1.78,1.31,461.76,152.23,5.7,5.7,5.7,5.7
0133737AR,Handroanthus heptaphyllus,4.26,1.69,952.16,949.08,42.2,42.2,42.2,42.2
0133738AR,Citrus × aurantium,3.61,2.22,681.75,139.68,39.8,39.8,39.8,39.8
0133739AR,Celtis australis,1.78,1.68,905.38,287.18,7.3,7.3,7.3,7.3
0133740AR,Platanus × acerifolia,12.77,2.14,369.09,533.92,479.6,479.6,479.6,479.6
0133742AR,Platanus × acerifolia,10.87,2.42,930.35,435.37,393.0,393.0,393.0,393.0
0133744AR,Tipuana tipu,8.46,1.95,643.34,566.92,191.8,191.8,191.8,191.8
0133745AR,Gleditsia triacanthos,4.92,1.58,558.3,869.32,52.6,52.6,52.6,52.6
0133746AR,Platanus × acerifolia,8.85,3.22,871.24,94.95,346.6,346.6,346.6,346.6
0133747AR,Robinia pseudoacacia 'Bessoniana',2.71,2.28,407.68,960.08,23.0,23.0,23.0,23.0
0133748AR,Grevillea robusta,4.07,2.38,476.74,205.47,54.2,54.2,54.2,54.2
0133750AR,Ligustrum lucidum,6.46,2.94,427.56,921.56,168.6,168.6,168.6,168.6
0133752AR,Platanus × acerifolia,10.19,2.12,805.39,179.18,302.6,302.6,302.6,302.6
0133753AR,Platanus × acerifolia,1.69,2.31,302.31,60.88,9.1,9.1,9.1,9.1
0133756AR,Platanus × acerifolia,7.46,2.51,207.22,192.74,192.0,192.0,192.0,192.0
0133758AR,Gleditsia triacanthos,9.18,1.75,616.45,858.69,202.7,202.7,202.7,202.7
0133759AR,Brachychiton populneus,2.11,2.12,230.57,868.33,13.0,13.0,13.0,13.0
0133762AR,Melia azedarach,7.86,2.87,720.41,295.88,243.7,243.7,243.7,243.7
0133763AR,Platanus × acerifolia,16.64,2.73,50.91,576.84,1039.0,1039.0,1039.0,1039.0
0133765AR,Citrus × aurantium,2.82,1.63,681.96,146.16,17.8,17.8,17.8,17.8
0133766AR,Platanus × acerifolia,1.95,7.82,513.62,369.1,40.9,40.9,40.9,40.9
0133767AR,Platanus × acerifolia,3.39,3.6,475.18,158.81,56.9,56.9,56.9,56.9
0133768AR,Platanus × acerifolia,9.04,2.94,100.07,640.89,330.2,330.2,330.2,330.2
0133770AR,Platanus × acerifolia,5.41,2.48,468.06,435.17,99.8,99.8,99.8,99.8
0133771AR,Platanus × acerifolia,8.2,3.28,68.77,674.22,303.1,303.1,303.1,303.1
0133772AR,Tipuana tipu,6.72,1.84,673.91,521.8,114.2,114.2,114.2,114.2
0133773AR,Platanus × acerifolia,4.69,2.83,813.17,980.15,85.6,85.6,85.6,85.6
0133774AR,Casuarina cunninghamiana,10.98,2.19,653.0,452.0,362.9,362.9,362.9,362.9
0133778AR,Platanus × acerifolia,10.14,3.86,202.51,864.94,545.5,545.5,545.5,545.5
0133780AR,Melia azedarach,8.1,1.83,152.06,376.56,165.0,165.0,165.0,165.0
0133781AR,Platanus × acerifolia,4.79,2.2,1073.23,885.95,69.4,69.4,69.4,69.4
0133782AR,Celtis sinensis,8.94,2.76,1103.08,1020.65,303.2,303.2,303.2,303.2
0133783AR,Prunus cerasifera 'Pissardii',2.46,2.07,686.66,321.39,17.2,17.2,17.2,17.2
0133785AR,X chitalpa tashkentensis 'minsum' SUMMER BELLS®,5.73,1.97,311.53,676.66,88.9,88.9,88.9,88.9
0133786AR,Platanus × acerifolia,7.27,2.15,793.59,406.33,156.2,156.2,156.2,156.2
0133787AR,Platanus × acerifolia,11.6,3.34,168.82,286.84,617.7,617.7,617.7,617.7
0133788AR,Platanus × acerifolia,11.13,2.62,131.8,378.41,446.1,446.1,446.1,446.1
0133789AR,Melia azedarach,15.02,3.92,794.19,807.58,1215.5,1215.5,1215.5,1215.5
0133791AR,Platanus × acerifolia,4.85,2.15,149.76,609.76,69.5,69.5,69.5,69.5
0133793AR,Platanus × acerifolia,9.71,2.71,394.54,689.8,351.2,351.2,351.2,351.2
0133795AR,Brachychiton populneus,7.42,3.17,241.23,916.89,239.9,239.9,239.9,239.9
0133796AR,Platanus × acerifolia,13.42,2.2,956.45,453.45,544.6,544.6,544.6,544.6
0133798AR,Brachychiton populneus,3.66,2.08,257.28,855.49,38.3,38.3,38.3,38.3
0133799AR,Platanus × acerifolia,1.95,1.58,844.07,129.65,8.3,8.3,8.3,8.3
0133801AR,Platanus × acerifolia,9.57,2.43,761.0,865.0,305.9,305.9,305.9,305.9
0133802AR,Celtis australis,6.98,1.57,894.12,277.43,105.1,105.1,105.1,105.1
0133803AR,Robinia pseudoacacia,8.63,2.61,499.58,287.8,267.2,267.2,267.2,267.2
0133804AR,Melia azedarach,12.4,3.18,306.15,354.49,672.0,672.0,672.0,672.0
0133805AR,Celtis australis,4.92,3.0,1036.51,771.83,99.8,99.8,99.8,99.8
0133807AR,Robinia pseudoacacia,8.99,3.03,396.41,943.71,336.6,336.6,336.6,336.6
0133809AR,Platanus × acerifolia,9.97,2.04,859.62,110.23,278.7,278.7,278.7,278.7
0133810AR,Catalpa bignonioides,11.64,2.0,969.52,1011.83,372.4,372.4,372.4,372.4
0133811AR,Grevillea robusta,3.52,2.05,514.58,985.96,34.9,34.9,34.9,34.9
0133814AR,Platanus × acerifolia,11.97,3.0,342.64,744.11,590.8,590.8,590.8,590.8
0133816AR,Tipuana tipu,8.2,2.27,876.15,512.21,209.8,209.8,209.8,209.8
0133818AR,Citrus × aurantium,2.19,1.31,730.33,179.65,8.6,8.6,8.6,8.6
0133819AR,Gleditsia triacanthos,5.38,2.31,590.3,856.87,91.9,91.9,91.9,91.9
0133820AR,Platanus × acerifolia,10.43,1.92,826.82,151.78,287.1,287.1,287.1,287.1
0133822AR,Robinia pseudoacacia 'Bessoniana',5.29,2.57,384.89,941.58,98.8,98.8,98.8,98.8
0133823AR,Pyrus calleryana 'Chanticleer',5.32,2.69,418.96,222.89,104.6,104.6,104.6,104.6
0133824AR,Platanus × acerifolia,10.85,2.61,236.29,777.26,422.3,422.3,422.3,422.3
0133825AR,Platanus × acerifolia,8.02,1.84,996.52,1058.67,162.7,162.7,162.7,162.7
0133826AR,Platanus × acerifolia,6.08,3.2,965.0,565.0,162.6,162.6,162.6,162.6
0133827AR,Brachychiton populneus,7.69,3.86,293.54,837.74,313.7,313.7,313.7,313.7
0133829AR,Platanus × acerifolia,1.69,3.12,791.72,46.87,12.2,12.2,12.2,12.2
0133830AR,Brachychiton populneus,7.09,2.58,503.6,236.41,178.3,178.3,178.3,178.3
0133831AR,Prunus cerasifera 'Pissardii',2.65,1.72,111.59,617.1,16.6,16.6,16.6,16.6
0133832AR,Melia azedarach,7.63,2.08,434.21,743.64,166.4,166.4,166.4,166.4
0133833AR,Platanus × acerifolia,7.29,2.59,167.29,815.74,189.2,189.2,189.2,189.2
0133834AR,Casuarina cunninghamiana,3.24,1.65,632.19,448.35,23.8,23.8,23.8,23.8
0133835AR,Celtis australis,2.33,1.68,903.61,281.41,12.5,12.5,12.5,12.5
0133836AR,Ligustrum lucidum,2.88,1.7,465.96,882.7,19.4,19.4,19.4,19.4
0133839AR,Tipuana tipu,8.04,1.66,668.5,481.66,147.5,147.5,147.5,147.5
0133841AR,Tilia x europaea,2.59,3.75,887.07,506.83,34.6,34.6,34.6,34.6
0133842AR,Populus alba 'Pyramidalis',5.67,2.88,141.31,478.75,127.3,127.3,127.3,127.3
0133843AR,Citrus × aurantium,4.51,2.38,678.75,151.29,66.5,66.5,66.5,66.5
0133844AR,Jacaranda mimosifolia,2.03,2.49,203.8,463.2,14.1,14.1,14.1,14.1
0133845AR,Brachychiton populneus,9.2,3.02,269.34,925.5,351.3,351.3,351.3,351.3
0133847AR,Casuarina cunninghamiana,2.76,2.23,553.98,373.15,23.3,23.3,23.3,23.3
0133848AR,Melia azedarach,9.61,3.09,439.85,740.09,392.2,392.2,392.2,392.2
0133849AR,Celtis australis,4.51,1.73,903.34,847.91,48.4,48.4,48.4,48.4
0133850AR,Platanus × acerifolia,2.11,2.0,439.3,489.42,12.2,12.2,12.2,12.2
0133851AR,Brachychiton populneus,2.33,1.96,762.25,131.1,14.6,14.6,14.6,14.6
0133853AR,Pyrus calleryana 'Chanticleer',4.85,1.91,317.47,125.42,61.8,61.8,61.8,61.8
0133854AR,Handroanthus heptaphyllus,6.41,1.75,488.4,324.51,98.8,98.8,98.8,98.8
0133856AR,Jacaranda mimosifolia,1.69,1.48,190.98,456.19,5.8,5.8,5.8,5.8
0133857AR,Hesperocyparis macrocarpa,4.58,2.79,253.01,416.43,80.4,80.4,80.4,80.4
0133859AR,Platanus × acerifolia,5.35,1.53,791.23,346.28,60.2,60.2,60.2,60.2
0133860AR,Platanus × acerifolia,13.34,3.4,298.35,758.5,831.6,831.6,831.6,831.6
0133861AR,Celtis australis,1.95,1.31,971.4,563.75,6.8,6.8,6.8,6.8
0133862AR,Gleditsia triacanthos,6.0,1.5,633.95,854.37,74.2,74.2,74.2,74.2
0133863AR,X chitalpa tashkentensis 'minsum' SUMMER BELLS®,8.39,2.14,402.17,825.29,207.0,207.0,207.0,207.0
0133865AR,Melia azedarach,7.33,1.83,315.13,344.9,135.1,135.1,135.1,135.1
0133866AR,Jacaranda mimosifolia,11.98,2.47,173.33,584.38,487.2,487.2,487.2,487.2
0133867AR,Acer monspessulanum,2.93,2.69,475.49,968.33,31.7,31.7,31.7,31.7
0133868AR,X chitalpa tashkentensis 'minsum' SUMMER BELLS®,3.83,2.79,311.15,661.48,56.3,56.3,56.3,56.3
0133870AR,Platanus × acerifolia,5.01,2.0,776.63,290.43,69.0,69.0,69.0,69.0
0133871AR,Tipuana tipu,10.43,1.75,645.04,307.23,261.7,261.7,261.7,261.7
0133873AR,Platanus × acerifolia,8.99,1.97,473.46,110.22,218.8,218.8,218.8,218.8
0133874AR,Platanus × acerifolia,9.42,1.7,172.63,609.76,207.3,207.3,207.3,207.3
0133875AR,Acer monspessulanum,3.29,1.83,497.24,951.43,27.2,27.2,27.2,27.2
0133876AR,Celtis australis,1.78,1.14,911.35,310.06,5.0,5.0,5.0,5.0
0133877AR,Hesperocyparis macrocarpa,4.41,2.52,229.04,431.0,67.4,67.4,67.4,67.4
0133879AR,Platanus × acerifolia,12.99,1.77,929.6,355.33,410.5,410.5,410.5,410.5
0133880AR,Platanus × acerifolia,11.55,2.23,142.76,351.46,408.9,408.9,408.9,408.9
0133881AR,Platanus × acerifolia,1.95,1.99,998.08,607.05,10.4,10.4,10.4,10.4
0133882AR,Platanus × acerifolia,6.1,2.89,361.0,59.0,147.8,147.8,147.8,147.8
0133884AR,Platanus × acerifolia,8.18,2.01,844.54,144.45,184.9,184.9,184.9,184.9
0133885AR,Celtis sinensis,3.39,2.72,1098.55,1003.24,43.0,43.0,43.0,43.0
0133886AR,Brachychiton populneus,2.59,2.87,752.24,104.79,26.5,26.5,26.5,26.5
0133888AR,Platanus × acerifolia,8.9,3.1,86.52,705.35,337.5,337.5,337.5,337.5
0133891AR,Catalpa bignonioides,6.1,2.67,924.44,897.12,136.6,136.6,136.6,136.6
0133892AR,Platanus × acerifolia,5.14,1.59,805.64,194.94,57.7,57.7,57.7,57.7
0133893AR,Platanus × acerifolia,8.57,2.39,83.66,651.29,241.3,241.3,241.3,241.3
0133896AR,Tipuana tipu,2.26,1.75,665.22,452.07,12.3,12.3,12.3,12.3
0133898AR,Platanus × acerifolia,10.09,2.32,987.93,647.28,324.6,324.6,324.6,324.6
0133900AR,Jacaranda mimosifolia,5.05,1.84,799.52,512.42,64.5,64.5,64.5,64.5
0133902AR,Catalpa bignonioides,7.61,4.05,947.1,980.05,322.4,322.4,322.4,322.4
0133905AR,Citrus × aurantium,3.39,2.17,589.06,177.65,34.3,34.3,34.3,34.3
0133906AR,Jacaranda mimosifolia,8.44,3.51,709.69,533.02,343.7,343.7,343.7,343.7
0133907AR,Platanus × acerifolia,12.07,2.01,455.23,414.92,402.5,402.5,402.5,402.5
0133908AR,Styphnolobium japonicum,9.93,3.32,92.03,585.57,450.0,450.0,450.0,450.0
0133909AR,Celtis australis,3.34,1.74,876.53,175.94,26.7,26.7,26.7,26.7
0133910AR,Populus nigra 'Italica',4.62,2.64,629.45,1004.94,77.4,77.4,77.4,77.4
0133911AR,Platanus × acerifolia,9.36,2.43,786.16,926.92,292.6,292.6,292.6,292.6
0133912AR,Celtis australis,2.26,1.58,994.8,651.48,11.1,11.1,11.1,11.1
0133913AR,Platanus × acerifolia,5.53,1.76,980.55,542.55,74.0,74.0,74.0,74.0
0133914AR,Platanus × acerifolia,7.61,3.68,875.61,44.28,292.9,292.9,292.9,292.9
0133915AR,Celtis australis,5.01,1.8,899.39,263.77,62.1,62.1,62.1,62.1
0133916AR,Celtis australis,7.07,3.27,130.99,697.33,224.7,224.7,224.7,224.7
0133917AR,Tipuana tipu,15.19,2.44,222.21,528.22,773.8,773.8,773.8,773.8
0133918AR,Tipuana tipu,8.81,1.45,684.98,305.62,154.7,154.7,154.7,154.7
0133920AR,Populus nigra 'Italica',5.14,2.87,304.53,951.5,104.2,104.2,104.2,104.2
0133921AR,Platanus × acerifolia,2.03,2.62,236.37,121.8,14.8,14.8,14.8,14.8
0133922AR,Platanus × acerifolia,9.85,2.02,459.41,476.37,269.4,269.4,269.4,269.4
0133923AR,Celtis sinensis,4.37,2.1,998.43,632.24,55.1,55.1,55.1,55.1
0133924AR,Platanus × acerifolia,9.89,2.29,775.56,337.15,307.9,307.9,307.9,307.9
0133925AR,Celtis australis,1.69,0.86,922.65,350.58,3.4,3.4,3.4,3.4
0133926AR,Jacaranda mimosifolia,9.15,3.32,731.07,530.85,382.0,382.0,382.0,382.0
0133927AR,Platanus × acerifolia,3.48,1.32,874.12,226.82,22.0,22.0,22.0,22.0
0133928AR,Platanus × acerifolia,9.59,2.04,987.07,565.95,257.9,257.9,257.9,257.9
0133929AR,Acer monspessulanum,3.91,2.87,514.76,916.91,60.3,60.3,60.3,60.3
0133931AR,Platanus × acerifolia,1.6,1.71,881.0,168.71,6.0,6.0,6.0,6.0
0133932AR,Brachychiton populneus,4.72,1.67,763.56,179.34,51.1,51.1,51.1,51.1
0133933AR,Catalpa bignonioides,8.2,1.73,958.92,973.02,159.9,159.9,159.9,159.9
0133934AR,Tipuana tipu,3.74,1.46,534.13,249.98,28.1,28.1,28.1,28.1
0133935AR,Platanus × acerifolia,9.49,2.37,881.09,1042.43,293.4,293.4,293.4,293.4
0133937AR,Pyrus calleryana 'Chanticleer',3.61,2.14,561.88,224.37,38.3,38.3,38.3,38.3
0133938AR,Platanus × acerifolia,8.08,3.58,455.96,73.01,321.2,321.2,321.2,321.2
0133939AR,Citrus × aurantium,3.34,3.55,554.06,178.52,54.4,54.4,54.4,54.4
0133940AR,Jacaranda mimosifolia,3.52,2.37,785.24,512.28,40.4,40.4,40.4,40.4
0133941AR,Grevillea robusta,2.76,2.69,550.25,991.78,28.2,28.2,28.2,28.2
0133943AR,Jacaranda mimosifolia,7.33,2.71,790.44,510.93,200.1,200.1,200.1,200.1
0133944AR,Melia azedarach,7.63,2.08,370.43,608.02,166.4,166.4,166.4,166.4
0133945AR,Platanus × acerifolia,10.03,2.44,189.55,648.28,337.4,337.4,337.4,337.4
0133949AR,Celtis sinensis,4.85,2.28,1090.85,974.3,73.7,73.7,73.7,73.7
0133950AR,Celtis australis,8.21,2.63,410.69,564.1,243.7,243.7,243.7,243.7
0133952AR,Celtis australis,10.2,3.7,135.98,694.35,529.1,529.1,529.1,529.1
0133953AR,Platanus × acerifolia,5.23,3.02,488.65,399.2,113.5,113.5,113.5,113.5
0133954AR,Celtis australis,7.0,1.63,888.09,254.48,109.8,109.8,109.8,109.8
0133955AR,Platanus × acerifolia,11.59,3.14,380.07,58.61,579.7,579.7,579.7,579.7
0133957AR,Ligustrum lucidum,3.91,2.0,415.92,924.06,42.0,42.0,42.0,42.0
0133958AR,Casuarina cunninghamiana,2.33,1.54,577.46,385.1,11.5,11.5,11.5,11.5
0133962AR,Celtis australis,4.15,1.35,394.35,579.5,32.0,32.0,32.0,32.0
0133965AR,Celtis australis,2.59,1.47,917.59,364.33,13.6,13.6,13.6,13.6
0133967AR,Platanus × acerifolia,6.96,1.91,859.29,125.48,127.2,127.2,127.2,127.2
0133970AR,Platanus × acerifolia,4.85,1.65,856.72,163.18,53.3,53.3,53.3,53.3
0133971AR,Platanus × acerifolia,8.69,2.54,373.38,58.92,263.6,263.6,263.6,263.6
0133972AR,Platanus × acerifolia,8.02,2.49,411.77,57.58,220.1,220.1,220.1,220.1
0133973AR,Platanus × acerifolia,6.98,1.9,801.95,183.67,127.2,127.2,127.2,127.2
0133975AR,Platanus × acerifolia,9.44,1.93,1055.66,1061.2,236.4,236.4,236.4,236.4
0133976AR,Jacaranda mimosifolia,2.99,3.64,560.79,618.5,44.7,44.7,44.7,44.7
0133977AR,Celtis australis,8.37,3.11,146.35,687.96,299.5,299.5,299.5,299.5
0133978AR,Populus nigra 'Italica',12.36,2.86,478.65,218.92,600.5,600.5,600.5,600.5
0133979AR,Platanus × acerifolia,12.03,2.01,39.57,604.92,399.8,399.8,399.8,399.8
0133980AR,Robinia pseudoacacia 'Pyramidalis',5.44,2.39,293.19,433.99,97.2,97.2,97.2,97.2
0133982AR,Tipuana tipu,6.79,1.25,645.99,314.92,79.2,79.2,79.2,79.2
0133983AR,Platanus × acerifolia,9.06,3.39,282.03,754.97,382.5,382.5,382.5,382.5
0133984AR,Platanus × acerifolia,8.29,2.52,822.61,997.04,238.0,238.0,238.0,238.0
0133985AR,Platanus × acerifolia,6.84,1.97,616.25,982.7,126.7,126.7,126.7,126.7
0133986AR,Platanus × acerifolia,4.07,4.45,456.17,66.59,101.3,101.3,101.3,101.3
0133987AR,Celtis australis,1.69,5.67,371.1,372.5,22.3,22.3,22.3,22.3
0133988AR,Tipuana tipu,5.7,2.2,105.4,454.74,98.2,98.2,98.2,98.2
0133989AR,Jacaranda mimosifolia,1.78,2.8,736.85,529.3,12.2,12.2,12.2,12.2
0133990AR,Citrus × aurantium,2.99,4.36,548.45,178.62,53.6,53.6,53.6,53.6
0133992AR,Platanus × acerifolia,13.65,2.71,242.61,774.04,694.0,694.0,694.0,694.0
0133993AR,Celtis australis,10.2,3.08,624.22,327.38,440.4,440.4,440.4,440.4
0133994AR,Catalpa bignonioides,7.07,2.6,473.37,316.94,178.6,178.6,178.6,178.6
0133995AR,Casuarina cunninghamiana,7.09,1.69,545.11,366.1,116.8,116.8,116.8,116.8
0133996AR,Tipuana tipu,8.48,3.22,875.03,850.05,318.3,318.3,318.3,318.3
0133997AR,Melia azedarach,1.95,1.47,234.25,434.5,7.7,7.7,7.7,7.7
0133998AR,Platanus × acerifolia,11.66,1.84,940.64,395.24,343.8,343.8,343.8,343.8
0133999AR,Celtis sinensis,2.52,2.69,1104.58,1026.29,23.5,23.5,23.5,23.5
0134002AR,Melia azedarach,12.24,2.19,352.74,566.19,451.0,451.0,451.0,451.0
0134003AR,Fraxinus angustifolia 'Raywood',7.02,2.78,718.63,768.33,188.3,188.3,188.3,188.3
0134004AR,Grevillea robusta,3.87,2.21,653.23,1008.63,45.5,45.5,45.5,45.5
0134005AR,Platanus × acerifolia,13.26,3.3,767.72,884.78,797.5,797.5,797.5,797.5
0134006AR,Crataegus x media 'Paul's Scarlet',4.3,1.49,258.71,316.42,37.9,37.9,37.9,37.9
0134007AR,Celtis sinensis,4.33,1.26,990.76,634.32,32.5,32.5,32.5,32.5
0134008AR,Ulmus pumila,13.66,2.5,743.88,274.86,641.2,641.2,641.2,641.2
0134010AR,Celtis sinensis,6.48,3.62,1109.82,1044.12,208.9,208.9,208.9,208.9
0134011AR,Grevillea robusta,4.07,3.34,641.68,1006.82,76.0,76.0,76.0,76.0
0134013AR,Platanus × acerifolia,6.96,3.07,245.0,100.0,204.4,204.4,204.4,204.4
0134014AR,Celtis australis,2.11,1.44,948.94,449.17,8.8,8.8,8.8,8.8
0134015AR,Robinia pseudoacacia,11.69,2.5,251.25,459.96,469.6,469.6,469.6,469.6
0134016AR,Platanus × acerifolia,10.84,3.17,324.34,731.08,512.0,512.0,512.0,512.0
0134018AR,Platanus × acerifolia,7.51,2.62,489.41,55.6,203.1,203.1,203.1,203.1
0134019AR,Pyrus calleryana 'Chanticleer',4.26,1.66,317.07,109.99,41.4,41.4,41.4,41.4
0134020AR,Celtis australis,4.18,1.77,929.94,410.52,42.5,42.5,42.5,42.5
0134022AR,Platanus × acerifolia,5.7,1.99,348.2,753.51,88.9,88.9,88.9,88.9
0134024AR,Platanus × acerifolia,9.06,2.18,917.69,389.01,245.9,245.9,245.9,245.9
0134025AR,Jacaranda mimosifolia,4.18,2.32,801.4,507.81,55.7,55.7,55.7,55.7
0134026AR,Brachychiton populneus,2.26,1.57,752.66,123.13,11.0,11.0,11.0,11.0
0134027AR,Platanus × acerifolia,15.3,2.03,911.03,285.48,653.1,653.1,653.1,653.1
0134028AR,Tipuana tipu,8.72,2.52,450.41,188.97,263.4,263.4,263.4,263.4
0134029AR,Prunus cerasifera 'Pissardii',5.26,2.43,322.43,897.97,92.4,92.4,92.4,92.4
0134030AR,Acer monspessulanum,5.97,2.45,525.61,914.68,120.0,120.0,120.0,120.0
0134032AR,Pyrus calleryana 'Chanticleer',3.04,7.82,548.72,255.2,99.3,99.3,99.3,99.3
0134033AR,Celtis australis,5.67,2.11,356.22,341.23,93.2,93.2,93.2,93.2
0134035AR,Celtis sinensis,5.5,2.05,1078.63,928.23,85.2,85.2,85.2,85.2
0134036AR,Platanus × acerifolia,7.84,2.77,232.03,132.64,234.0,234.0,234.0,234.0
0134039AR,Platanus × acerifolia,8.23,2.37,473.12,95.19,220.6,220.6,220.6,220.6
0134040AR,Jacaranda mimosifolia,7.31,3.66,708.11,537.19,268.8,268.8,268.8,268.8
0134041AR,Tilia x europaea,4.51,1.4,865.28,533.12,39.1,39.1,39.1,39.1
0134042AR,Cercis siliquastrum,8.81,2.71,570.35,284.71,289.1,289.1,289.1,289.1
0134043AR,Celtis australis,1.78,7.66,974.68,575.34,33.4,33.4,33.4,33.4
0134044AR,Melia azedarach,10.84,4.16,593.85,956.92,671.9,671.9,671.9,671.9
0134045AR,Morus alba,7.18,2.47,179.59,558.53,175.0,175.0,175.0,175.0
0134046AR,Robinia pseudoacacia 'Bessoniana',4.92,1.8,392.52,530.94,59.9,59.9,59.9,59.9
0134050AR,Catalpa bignonioides,2.11,1.64,926.46,852.88,10.0,10.0,10.0,10.0
0134052AR,Populus nigra 'Italica',7.27,3.49,712.2,784.8,253.5,253.5,253.5,253.5
0134053AR,Celtis sinensis,4.95,1.94,1066.24,881.36,65.3,65.3,65.3,65.3
0134054AR,Celtis australis,6.91,2.71,368.71,368.25,177.8,177.8,177.8,177.8
0134055AR,Celtis australis,6.63,1.52,884.78,242.59,91.8,91.8,91.8,91.8
0134056AR,Platanus × acerifolia,8.06,2.69,631.77,51.35,240.2,240.2,240.2,240.2
0134057AR,Tipuana tipu,2.88,1.84,699.52,314.5,21.0,21.0,21.0,21.0
0134058AR,Tipuana tipu,1.69,2.82,622.53,580.12,11.1,11.1,11.1,11.1
0134063AR,Casuarina cunninghamiana,7.53,2.53,159.55,467.98,197.2,197.2,197.2,197.2
0134066AR,Brachychiton populneus,4.89,1.98,61.55,618.86,65.1,65.1,65.1,65.1
0134067AR,Platanus × acerifolia,9.27,1.79,774.78,283.09,211.4,211.4,211.4,211.4
0134068AR,Catalpa bignonioides,6.28,2.34,912.77,852.53,126.8,126.8,126.8,126.8
0134070AR,Platanus × acerifolia,10.23,2.02,919.28,395.56,290.6,290.6,290.6,290.6
0134072AR,Melia azedarach,11.81,2.23,394.05,517.96,427.5,427.5,427.5,427.5
0134073AR,Platanus × acerifolia,1.69,2.26,376.88,394.32,8.9,8.9,8.9,8.9
0134074AR,Platanus × acerifolia,15.56,2.43,968.04,495.5,808.6,808.6,808.6,808.6
0134075AR,Morus alba,7.0,2.12,699.68,714.63,142.8,142.8,142.8,142.8
0134076AR,Celtis australis,2.39,1.9,936.28,433.96,14.9,14.9,14.9,14.9
0134077AR,Platanus × acerifolia,9.67,1.85,1096.52,1066.94,237.8,237.8,237.8,237.8
0134078AR,Jacaranda mimosifolia,9.44,2.58,532.84,632.12,316.0,316.0,316.0,316.0
0134080AR,Jacaranda mimosifolia,2.19,6.55,204.24,476.88,43.2,43.2,43.2,43.2
0134081AR,Tipuana tipu,6.08,1.34,652.21,306.54,68.1,68.1,68.1,68.1
0134083AR,Melia azedarach,14.23,3.38,813.71,802.29,940.7,940.7,940.7,940.7
0134084AR,Grevillea robusta,4.03,3.38,686.41,1013.49,75.4,75.4,75.4,75.4
0134085AR,Celtis australis,2.65,1.5,916.21,327.36,14.5,14.5,14.5,14.5
0134088AR,Handroanthus heptaphyllus,2.19,2.11,923.96,843.62,13.9,13.9,13.9,13.9
0134092AR,Melia azedarach,3.19,1.73,838.24,795.82,24.2,24.2,24.2,24.2
0134093AR,Jacaranda mimosifolia,11.51,2.18,733.41,526.51,396.9,396.9,396.9,396.9
0134097AR,Platanus × acerifolia,5.89,2.81,501.04,55.11,134.0,134.0,134.0,134.0
0134098AR,Platanus × acerifolia,11.06,3.29,1105.52,1007.78,553.1,553.1,553.1,553.1
0134100AR,Citrus × aurantium,3.09,1.74,179.19,777.45,22.8,22.8,22.8,22.8
0134103AR,Tipuana tipu,9.66,1.47,660.19,305.78,188.5,188.5,188.5,188.5
0134104AR,Platanus × acerifolia,3.78,1.63,812.84,185.18,32.0,32.0,32.0,32.0
0134105AR,Pyrus calleryana 'Chanticleer',2.88,2.1,546.77,224.54,23.9,23.9,23.9,23.9
0134107AR,Populus alba 'Pyramidalis',6.46,3.04,697.09,600.15,174.4,174.4,174.4,174.4
0134108AR,Platanus × acerifolia,7.96,2.15,948.26,501.09,187.2,187.2,187.2,187.2
0134111AR,Platanus × acerifolia,11.7,1.82,1067.4,1062.67,342.4,342.4,342.4,342.4
0134113AR,Platanus × acerifolia,6.05,1.84,1101.69,1074.65,92.6,92.6,92.6,92.6
0134114AR,Ligustrum lucidum,5.26,2.6,438.83,907.37,98.9,98.9,98.9,98.9
0134116AR,Platanus × acerifolia,5.92,2.56,803.75,962.75,123.3,123.3,123.3,123.3
0134118AR,Platanus × acerifolia,6.65,2.78,654.71,50.81,169.0,169.0,169.0,169.0
0134119AR,Platanus × acerifolia,11.69,2.09,939.43,389.86,392.6,392.6,392.6,392.6
0134120AR,Prunus serrulata 'Kanzan',3.34,1.59,278.08,258.5,24.4,24.4,24.4,24.4
0134122AR,Jacaranda mimosifolia,11.03,2.41,655.55,416.83,403.0,403.0,403.0,403.0
0134125AR,Grevillea robusta,3.78,3.74,461.65,144.5,73.4,73.4,73.4,73.4
0134126AR,Platanus × acerifolia,2.11,1.19,175.79,615.0,7.3,7.3,7.3,7.3
0134127AR,Platanus × acerifolia,5.2,2.86,637.7,51.17,106.3,106.3,106.3,106.3
0134128AR,Populus nigra 'Italica',4.85,2.9,413.95,969.48,93.8,93.8,93.8,93.8
0134129AR,Celtis australis,8.27,3.37,110.82,710.36,316.8,316.8,316.8,316.8
0134130AR,Platanus × acerifolia,11.11,1.85,783.2,315.09,313.9,313.9,313.9,313.9
0134131AR,Platanus × acerifolia,8.04,1.97,809.8,415.21,175.0,175.0,175.0,175.0
0134133AR,Celtis australis,5.97,2.51,287.27,399.06,123.0,123.0,123.0,123.0
0134134AR,Platanus × acerifolia,12.3,1.9,880.61,250.34,395.1,395.1,395.1,395.1
0134135AR,Populus nigra 'Italica',4.55,2.73,680.8,1012.71,77.7,77.7,77.7,77.7
0134136AR,Platanus × acerifolia,9.56,2.18,157.68,314.26,273.8,273.8,273.8,273.8
0134137AR,Platanus × acerifolia,2.52,1.71,1054.59,1067.79,14.9,14.9,14.9,14.9
0134138AR,Catalpa bignonioides,1.95,2.51,214.33,632.51,13.1,13.1,13.1,13.1
0134139AR,Platanus × acerifolia,9.84,3.19,1001.77,699.5,424.5,424.5,424.5,424.5
0134140AR,Brachychiton populneus,5.44,2.22,764.74,224.16,90.3,90.3,90.3,90.3
0134141AR,Hesperocyparis macrocarpa,5.14,2.74,245.17,421.27,99.5,99.5,99.5,99.5
0134142AR,Fraxinus angustifolia 'Raywood',5.2,2.34,721.89,780.41,87.0,87.0,87.0,87.0
0134143AR,Celtis sinensis,3.52,2.45,1061.23,863.38,41.7,41.7,41.7,41.7
0134144AR,Platanus × acerifolia,6.98,2.68,901.05,1045.45,179.5,179.5,179.5,179.5
0134145AR,Tilia x europaea,9.57,2.38,878.87,537.24,299.6,299.6,299.6,299.6
0134146AR,Platanus × acerifolia,9.39,1.59,917.22,308.36,192.7,192.7,192.7,192.7
0134147AR,Platanus × acerifolia,9.25,3.23,773.05,47.32,379.9,379.9,379.9,379.9
0134148AR,Celtis australis,10.3,2.66,379.94,589.36,387.9,387.9,387.9,387.9
0134149AR,Platanus × acerifolia,10.79,2.09,841.12,149.15,334.4,334.4,334.4,334.4
0134150AR,Platanus × acerifolia,7.84,1.8,827.4,484.48,152.1,152.1,152.1,152.1
0134151AR,Celtis australis,5.84,2.25,873.23,157.55,105.5,105.5,105.5,105.5
0134153AR,Platanus × acerifolia,7.9,3.12,314.15,736.78,267.6,267.6,267.6,267.6
0134155AR,Tilia tomentosa,4.15,1.55,909.33,497.33,36.7,36.7,36.7,36.7
0134156AR,Platanus × acerifolia,11.71,1.92,901.98,250.59,361.9,361.9,361.9,361.9
0134157AR,Platanus × acerifolia,6.21,2.76,1047.23,787.61,146.3,146.3,146.3,146.3
0134158AR,Morus alba,6.75,2.66,184.53,555.25,166.6,166.6,166.6,166.6
0134160AR,Platanus × acerifolia,8.23,3.91,731.38,48.36,364.0,364.0,364.0,364.0
0134162AR,Celtis australis,8.31,1.82,364.19,353.84,172.7,172.7,172.7,172.7
0134163AR,Tipuana tipu,5.92,4.23,450.67,206.52,203.8,203.8,203.8,203.8
0134164AR,Platanus × acerifolia,1.78,1.13,944.14,406.93,4.9,4.9,4.9,4.9
0134165AR,Brachychiton populneus,3.74,1.86,536.53,235.05,35.8,35.8,35.8,35.8
0134166AR,Platanus × acerifolia,2.46,2.53,993.62,670.58,21.0,21.0,21.0,21.0
0134167AR,Platanus × acerifolia,8.29,2.68,95.58,720.74,253.1,253.1,253.1,253.1
0134168AR,Platanus × acerifolia,10.25,1.77,379.22,527.62,255.6,255.6,255.6,255.6
0134169AR,Morus alba,6.82,1.79,700.5,720.53,114.4,114.4,114.4,114.4
0134170AR,Jacaranda mimosifolia,8.57,2.87,738.95,525.14,289.7,289.7,289.7,289.7
0134171AR,Brachychiton populneus,11.0,1.69,296.31,441.43,281.1,281.1,281.1,281.1
0134172AR,Celtis australis,6.26,1.66,997.89,663.06,89.4,89.4,89.4,89.4
0134176AR,Citrus × aurantium,2.82,1.48,685.51,254.24,16.2,16.2,16.2,16.2
0134178AR,Platanus × acerifolia,8.18,2.73,196.89,219.58,251.1,251.1,251.1,251.1
0134179AR,Platanus × acerifolia,11.31,2.51,719.63,48.79,441.3,441.3,441.3,441.3
0134180AR,Melia azedarach,9.71,2.68,463.28,780.37,347.3,347.3,347.3,347.3
0134182AR,Hesperocyparis macrocarpa,5.08,2.26,203.07,446.4,80.2,80.2,80.2,80.2
0134183AR,Melia azedarach,8.99,2.35,368.89,288.12,261.0,261.0,261.0,261.0
0134184AR,Platanus × acerifolia,8.69,1.82,311.09,487.13,188.9,188.9,188.9,188.9
0134186AR,Gleditsia triacanthos,11.74,2.13,549.62,870.78,403.5,403.5,403.5,403.5
0134187AR,X chitalpa tashkentensis 'minsum' SUMMER BELLS®,3.66,3.16,327.78,691.58,58.2,58.2,58.2,58.2
0134188AR,Platanus × acerifolia,7.57,3.08,513.08,54.73,242.6,242.6,242.6,242.6
0134189AR,Pyrus calleryana 'Chanticleer',1.6,2.58,617.47,250.44,9.1,9.1,9.1,9.1
0134190AR,Pyrus calleryana 'Chanticleer',7.55,3.19,555.03,223.93,249.9,249.9,249.9,249.9
0134191AR,Pyrus calleryana 'Chanticleer',4.44,3.26,391.01,252.42,88.3,88.3,88.3,88.3
0134192AR,Tipuana tipu,3.43,1.54,672.38,437.09,24.9,24.9,24.9,24.9
0134196AR,Melia azedarach,8.44,2.48,413.85,506.15,242.8,242.8,242.8,242.8
0134197AR,Populus alba 'Pyramidalis',9.44,2.83,243.07,394.84,346.6,346.6,346.6,346.6
0134198AR,Platanus × acerifolia,8.59,1.64,409.48,508.52,166.3,166.3,166.3,166.3
0134199AR,Citrus × aurantium,3.87,1.62,680.44,90.85,33.3,33.3,33.3,33.3
0134200AR,Platanus × acerifolia,1.95,1.45,962.18,553.73,7.6,7.6,7.6,7.6
0134201AR,Celtis australis,6.77,3.01,97.78,630.75,189.6,189.6,189.6,189.6
0134202AR,Brachychiton populneus,4.62,2.29,605.11,307.41,67.2,67.2,67.2,67.2
0134203AR,Celtis australis,4.11,2.12,990.55,602.35,49.2,49.2,49.2,49.2
0134204AR,Citrus × aurantium,3.19,1.27,42.86,612.34,17.8,17.8,17.8,17.8
0134207AR,Platanus × acerifolia,9.06,2.77,745.27,875.93,312.5,312.5,312.5,312.5
0134208AR,Platanus × acerifolia,13.74,2.87,809.88,974.29,744.7,744.7,744.7,744.7
0134209AR,Citrus × aurantium,3.29,2.38,622.56,182.5,35.4,35.4,35.4,35.4
0134210AR,Platanus × acerifolia,1.69,1.86,903.46,256.6,7.3,7.3,7.3,7.3
0134211AR,Brachychiton populneus,6.89,2.31,598.59,309.57,150.7,150.7,150.7,150.7
0134212AR,Platanus × acerifolia,1.69,2.51,954.69,447.52,9.9,9.9,9.9,9.9
0134213AR,Platanus × acerifolia,10.9,2.08,763.74,292.63,339.7,339.7,339.7,339.7
0134214AR,Celtis australis,4.11,1.45,856.74,137.95,33.7,33.7,33.7,33.7
0134220AR,Platanus × acerifolia,11.23,2.8,874.81,1041.15,485.3,485.3,485.3,485.3
0134222AR,Eucalyptus camaldulensis,4.98,1.86,866.02,157.32,63.4,63.4,63.4,63.4
0134223AR,Celtis australis,1.69,1.74,927.02,368.01,6.8,6.8,6.8,6.8
0134225AR,Platanus × acerifolia,14.24,1.96,982.53,548.75,546.3,546.3,546.3,546.3
0134231AR,Citrus × aurantium,2.33,4.2,494.3,180.16,31.3,31.3,31.3,31.3
0134232AR,Celtis sinensis,7.86,2.87,1059.59,857.75,243.7,243.7,243.7,243.7
0134233AR,Platanus × acerifolia,8.44,2.19,386.96,388.03,214.4,214.4,214.4,214.4
0134235AR,Acer monspessulanum,11.03,3.48,520.46,910.46,581.9,581.9,581.9,581.9
0134237AR,Melia azedarach,7.09,2.33,428.52,721.08,161.0,161.0,161.0,161.0
0134238AR,Celtis australis,5.67,2.76,1007.51,698.05,122.0,122.0,122.0,122.0
0134239AR,Platanus × acerifolia,9.72,2.59,474.71,145.11,336.3,336.3,336.3,336.3
0134240AR,Platanus × acerifolia,13.65,2.52,806.42,456.09,645.3,645.3,645.3,645.3
0134241AR,Celtis australis,5.44,1.2,875.88,208.22,48.8,48.8,48.8,48.8
0134243AR,Platanus × acerifolia,8.41,2.86,98.68,725.68,278.0,278.0,278.0,278.0
0134244AR,Koelreuteria paniculata 'Fastigiata',1.6,2.34,458.12,144.37,8.2,8.2,8.2,8.2
0134245AR,Grevillea robusta,6.43,2.61,670.54,1011.45,148.3,148.3,148.3,148.3
0134247AR,Platanus × acerifolia,10.23,2.89,422.32,57.43,415.7,415.7,415.7,415.7
0134248AR,Brachychiton populneus,4.89,1.77,421.21,365.44,58.2,58.2,58.2,58.2
0134250AR,Gleditsia triacanthos,9.67,1.94,575.3,866.33,249.3,249.3,249.3,249.3
0134252AR,Populus nigra 'Italica',5.44,2.22,635.93,452.79,90.3,90.3,90.3,90.3
0134253AR,Grevillea robusta,2.71,1.75,562.45,993.69,17.7,17.7,17.7,17.7
0134254AR,Styphnolobium japonicum,8.85,3.68,105.32,606.8,396.2,396.2,396.2,396.2
0134255AR,Platanus × acerifolia,2.93,2.06,986.1,641.27,24.3,24.3,24.3,24.3
0134259AR,Celtis sinensis,6.33,2.88,1092.3,980.63,158.6,158.6,158.6,158.6
0134261AR,Tipuana tipu,9.25,2.33,862.52,513.78,274.0,274.0,274.0,274.0
0134262AR,Celtis sinensis,8.2,2.16,1050.64,823.89,199.6,199.6,199.6,199.6
0134266AR,Platanus × acerifolia,8.85,1.73,325.29,425.99,186.2,186.2,186.2,186.2
0134267AR,Celtis australis,2.46,1.27,687.35,330.44,10.6,10.6,10.6,10.6
0134269AR,Casuarina cunninghamiana,6.08,2.67,500.67,282.75,135.7,135.7,135.7,135.7
0134270AR,Grevillea robusta,2.59,3.89,776.18,1028.0,35.9,35.9,35.9,35.9
0134271AR,Platanus × acerifolia,8.37,3.08,108.72,741.3,296.6,296.6,296.6,296.6
0134273AR,Platanus × acerifolia,9.49,2.99,133.3,773.34,370.1,370.1,370.1,370.1
0134274AR,Catalpa bignonioides,7.29,2.05,937.72,895.84,149.7,149.7,149.7,149.7
0134275AR,Platanus × acerifolia,10.0,2.66,791.77,977.17,365.6,365.6,365.6,365.6
0134276AR,Gleditsia triacanthos,7.82,2.18,557.12,862.74,183.2,183.2,183.2,183.2
0134279AR,Gleditsia triacanthos,9.44,1.84,717.0,825.0,225.4,225.4,225.4,225.4
0134280AR,Celtis australis,2.82,3.07,977.61,587.04,33.6,33.6,33.6,33.6
0134283AR,Populus nigra 'Italica',4.85,2.94,581.05,997.01,95.1,95.1,95.1,95.1
0134286AR,Celtis australis,1.87,1.3,991.8,608.76,6.2,6.2,6.2,6.2
0134287AR,Platanus × acerifolia,4.03,2.26,806.72,968.42,50.4,50.4,50.4,50.4
0134288AR,Eucalyptus camaldulensis,3.74,1.96,864.62,144.97,37.7,37.7,37.7,37.7
0134289AR,Platanus × acerifolia,12.49,1.89,1012.24,659.29,405.2,405.2,405.2,405.2
0134290AR,Celtis australis,4.55,1.7,944.35,431.74,48.4,48.4,48.4,48.4
0134291AR,Platanus × acerifolia,13.55,2.14,531.19,309.33,540.0,540.0,540.0,540.0
0134292AR,Celtis australis,5.67,1.24,890.86,266.42,54.8,54.8,54.8,54.8
0134293AR,Platanus × acerifolia,10.56,2.42,783.67,368.71,370.9,370.9,370.9,370.9
0134294AR,Celtis australis,4.85,2.85,1012.0,716.0,92.1,92.1,92.1,92.1
0134295AR,Tilia x europaea,4.22,1.6,896.43,505.61,39.2,39.2,39.2,39.2
0134296AR,Platanus × acerifolia,11.64,2.24,953.7,1053.46,417.1,417.1,417.1,417.1
0134297AR,Brachychiton populneus,1.69,1.52,525.91,235.77,6.0,6.0,6.0,6.0
0134300AR,Prunus cerasifera 'Pissardii',2.11,1.13,865.79,520.78,6.9,6.9,6.9,6.9
0134302AR,Platanus × acerifolia,6.77,1.45,618.37,995.39,91.3,91.3,91.3,91.3
0134304AR,Populus nigra 'Italica',4.92,5.1,568.46,994.87,169.7,169.7,169.7,169.7
0134306AR,Platanus × acerifolia,5.53,2.34,70.44,528.39,98.4,98.4,98.4,98.4
0134309AR,Celtis australis,4.62,1.5,873.0,126.0,44.0,44.0,44.0,44.0
0134310AR,Platanus × acerifolia,14.28,2.0,434.12,492.75,560.5,560.5,560.5,560.5
0134312AR,Robinia pseudoacacia,8.29,2.1,320.01,568.93,198.4,198.4,198.4,198.4
0134313AR,Platanus × acerifolia,13.28,1.72,430.33,375.8,416.9,416.9,416.9,416.9
0134315AR,Platanus × acerifolia,1.69,2.45,72.8,658.18,9.6,9.6,9.6,9.6
0134316AR,Melia azedarach,12.06,2.21,324.93,334.43,441.8,441.8,441.8,441.8
0134317AR,Melia azedarach,8.81,1.82,148.4,384.47,194.2,194.2,194.2,194.2
0134320AR,Celtis australis,7.53,2.56,85.49,638.54,199.5,199.5,199.5,199.5
0134321AR,Gleditsia triacanthos,3.61,1.5,667.06,842.73,26.9,26.9,26.9,26.9
0134322AR,Platanus × acerifolia,9.46,3.05,775.92,903.53,375.2,375.2,375.2,375.2
0134323AR,Citrus × aurantium,2.99,1.25,407.09,538.07,15.4,15.4,15.4,15.4
0134324AR,Melia azedarach,8.5,2.82,472.6,791.99,280.0,280.0,280.0,280.0
0134325AR,Jacaranda mimosifolia,3.04,2.56,725.06,532.47,32.5,32.5,32.5,32.5
0134326AR,Platanus × acerifolia,4.72,2.17,90.53,635.44,66.4,66.4,66.4,66.4
0134328AR,Populus nigra 'Italica',4.48,2.31,672.12,594.75,63.7,63.7,63.7,63.7
0134329AR,Robinia pseudoacacia,10.17,2.15,409.64,519.72,305.6,305.6,305.6,305.6
0134330AR,Celtis australis,5.86,1.53,866.0,173.03,72.2,72.2,72.2,72.2
0134331AR,Pyrus calleryana 'Chanticleer',2.93,2.56,134.8,450.72,30.2,30.2,30.2,30.2
0134333AR,Platanus × acerifolia,5.97,2.22,794.65,359.21,108.8,108.8,108.8,108.8
0134334AR,Platanus × acerifolia,10.6,2.94,381.77,391.2,454.0,454.0,454.0,454.0
0134335AR,Celtis australis,3.61,1.31,900.28,300.85,23.5,23.5,23.5,23.5
0134336AR,Platanus × acerifolia,13.23,2.71,607.55,254.56,652.0,652.0,652.0,652.0
0134337AR,Platanus × acerifolia,9.69,2.46,894.91,1044.48,317.5,317.5,317.5,317.5
0134338AR,Morus alba,2.59,2.53,681.53,645.12,23.3,23.3,23.3,23.3
0134339AR,Celtis australis,3.39,1.97,896.36,252.45,31.1,31.1,31.1,31.1
0134340AR,Jacaranda mimosifolia,5.78,2.64,602.65,592.97,121.2,121.2,121.2,121.2
0134342AR,Platanus × acerifolia,11.01,3.5,53.82,648.22,583.1,583.1,583.1,583.1
0134343AR,Platanus × acerifolia,8.31,2.54,740.16,862.32,241.1,241.1,241.1,241.1
0134344AR,Platanus × acerifolia,2.03,4.61,973.38,594.42,26.1,26.1,26.1,26.1
0134346AR,Celtis australis,1.78,2.44,971.45,532.36,10.6,10.6,10.6,10.6
0134347AR,Celtis australis,7.23,3.19,282.29,391.48,229.2,229.2,229.2,229.2
0134350AR,Platanus × acerifolia,8.35,2.32,532.54,357.29,222.3,222.3,222.3,222.3
0134351AR,Grevillea robusta,6.36,2.72,411.13,535.53,151.2,151.2,151.2,151.2
0134352AR,Platanus × acerifolia,8.78,2.34,130.86,621.51,247.9,247.9,247.9,247.9
0134353AR,Celtis australis,6.6,1.51,869.29,184.87,90.4,90.4,90.4,90.4
0134357AR,Brachychiton populneus,4.3,2.4,254.34,917.19,61.0,61.0,61.0,61.0
0134358AR,Casuarina cunninghamiana,1.95,2.33,601.6,417.86,12.2,12.2,12.2,12.2
0134359AR,Tipuana tipu,10.57,2.76,446.34,189.2,423.8,423.8,423.8,423.8
0134360AR,Melia azedarach,6.31,2.26,562.88,920.87,123.7,123.7,123.7,123.7
0134362AR,Platanus × acerifolia,3.52,2.76,1099.43,984.56,47.0,47.0,47.0,47.0
0134363AR,Celtis australis,2.03,0.9,908.53,298.51,5.1,5.1,5.1,5.1
0134364AR,Platanus × acerifolia,8.16,1.89,320.8,502.22,173.0,173.0,173.0,173.0
0134365AR,Celtis australis,2.46,3.34,474.38,383.0,27.8,27.8,27.8,27.8
0134366AR,Platanus × acerifolia,8.65,2.99,330.51,740.36,307.5,307.5,307.5,307.5
0134367AR,Populus nigra 'Italica',5.73,3.23,557.0,378.0,145.8,145.8,145.8,145.8
0134368AR,Platanus × acerifolia,7.16,1.83,877.08,238.55,128.9,128.9,128.9,128.9
0134370AR,Melia azedarach,5.64,1.5,212.18,448.03,65.6,65.6,65.6,65.6
0134374AR,Celtis australis,2.93,1.45,902.32,275.35,17.1,17.1,17.1,17.1
0134375AR,Celtis australis,1.87,2.06,933.37,391.59,9.9,9.9,9.9,9.9
0134376AR,Platanus × acerifolia,13.21,3.08,614.6,51.89,738.7,738.7,738.7,738.7
0134377AR,Acer monspessulanum,3.74,3.35,486.13,954.35,64.4,64.4,64.4,64.4
0134378AR,Celtis australis,4.92,1.35,914.71,352.78,44.9,44.9,44.9,44.9
0134379AR,Citrus × aurantium,2.52,2.98,627.68,176.35,26.0,26.0,26.0,26.0
0134380AR,Tilia x europaea,5.78,1.96,880.39,534.25,90.0,90.0,90.0,90.0
0134381AR,Populus nigra 'Italica',6.46,3.33,568.38,371.33,191.0,191.0,191.0,191.0
0134382AR,Cupressus sempervirens,2.76,2.22,233.04,428.61,23.2,23.2,23.2,23.2
0134383AR,Melia azedarach,8.02,3.86,775.8,936.27,341.2,341.2,341.2,341.2
0134385AR,Casuarina cunninghamiana,4.62,4.15,573.98,403.66,121.7,121.7,121.7,121.7
0134386AR,Celtis sinensis,7.88,2.68,1072.89,904.62,228.7,228.7,228.7,228.7
0134387AR,Platanus × acerifolia,10.06,3.15,779.2,952.74,438.2,438.2,438.2,438.2
0134389AR,Celtis australis,2.26,1.78,963.6,534.58,12.5,12.5,12.5,12.5
0134390AR,Celtis australis,5.23,1.95,965.0,540.0,73.3,73.3,73.3,73.3
0134391AR,Robinia pseudoacacia,8.79,3.3,240.23,474.89,350.4,350.4,350.4,350.4
0134393AR,Celtis australis,4.95,2.27,877.17,182.11,76.4,76.4,76.4,76.4
0134394AR,Tipuana tipu,2.39,1.91,633.05,573.37,15.0,15.0,15.0,15.0
0134396AR,Prunus serrulata 'Kanzan',4.03,3.44,194.45,346.23,76.8,76.8,76.8,76.8
0134397AR,Celtis sinensis,5.64,2.8,1116.0,1067.0,122.4,122.4,122.4,122.4
0134401AR,Celtis australis,4.51,1.34,899.03,294.93,37.5,37.5,37.5,37.5
0134405AR,Tilia x europaea,6.46,1.46,936.34,500.19,83.7,83.7,83.7,83.7
0134406AR,Citrus × aurantium,3.24,4.26,568.55,178.06,61.5,61.5,61.5,61.5
0134407AR,Tilia x europaea,7.55,2.11,853.59,514.28,165.3,165.3,165.3,165.3
0134408AR,Platanus × acerifolia,13.28,3.44,183.14,254.12,833.8,833.8,833.8,833.8
0134409AR,Celtis sinensis,5.89,3.0,1106.48,1032.34,143.0,143.0,143.0,143.0
0134410AR,Populus alba,5.86,2.75,710.91,652.2,129.8,129.8,129.8,129.8
0134413AR,Tipuana tipu,9.04,1.38,638.16,315.88,155.0,155.0,155.0,155.0
0134416AR,Melia azedarach,11.59,1.86,714.0,342.0,343.4,343.4,343.4,343.4
0134421AR,Celtis australis,7.02,2.27,337.77,337.25,153.8,153.8,153.8,153.8
0134422AR,Platanus × acerifolia,11.37,3.03,390.7,691.83,538.4,538.4,538.4,538.4
0134423AR,Ligustrum lucidum,6.72,3.54,713.32,982.43,219.7,219.7,219.7,219.7
0134426AR,Platanus × acerifolia,2.88,2.93,537.71,321.27,33.4,33.4,33.4,33.4
0134427AR,Handroanthus heptaphyllus,5.38,2.23,927.83,909.47,88.7,88.7,88.7,88.7
0134428AR,Catalpa bignonioides,5.56,2.96,945.5,973.47,125.8,125.8,125.8,125.8
0134429AR,Platanus × acerifolia,7.07,2.95,660.47,50.65,202.7,202.7,202.7,202.7
0134431AR,Platanus × acerifolia,4.41,2.29,336.18,527.16,61.2,61.2,61.2,61.2
0134432AR,Melia azedarach,8.97,2.96,459.1,773.19,327.3,327.3,327.3,327.3
0134433AR,Handroanthus heptaphyllus,1.95,1.82,965.46,996.91,9.5,9.5,9.5,9.5
0134435AR,Gleditsia triacanthos,5.11,1.44,708.57,828.4,51.7,51.7,51.7,51.7
0134437AR,Brachychiton populneus,2.33,1.89,277.34,936.74,14.1,14.1,14.1,14.1
0134439AR,Brachychiton populneus,4.72,1.33,425.62,366.81,40.7,40.7,40.7,40.7
0134440AR,Platanus × acerifolia,6.63,2.73,427.46,57.26,164.9,164.9,164.9,164.9
0134444AR,Platanus × acerifolia,10.16,2.24,333.26,522.33,317.8,317.8,317.8,317.8
0134446AR,Populus alba 'Pyramidalis',4.44,2.81,113.32,471.21,76.1,76.1,76.1,76.1
0134451AR,Casuarina cunninghamiana,8.99,3.37,562.61,393.03,374.3,374.3,374.3,374.3
0134453AR,Platanus × acerifolia,6.6,2.76,893.97,733.93,165.2,165.2,165.2,165.2
0134455AR,Platanus × acerifolia,5.14,2.68,955.04,524.43,97.3,97.3,97.3,97.3
0134456AR,Jacaranda mimosifolia,11.42,4.32,551.61,260.46,774.4,774.4,774.4,774.4
0134458AR,Fraxinus ornus 'Mecsek',5.2,3.08,394.0,855.0,114.5,114.5,114.5,114.5
0134459AR,Celtis australis,1.95,1.36,881.8,199.88,7.1,7.1,7.1,7.1
0134461AR,Celtis australis,2.65,1.84,941.18,420.27,17.8,17.8,17.8,17.8
0134462AR,Jacaranda mimosifolia,7.57,4.29,356.67,911.96,337.9,337.9,337.9,337.9
0134463AR,Celtis australis,2.88,2.24,984.29,610.7,25.5,25.5,25.5,25.5
0134464AR,Celtis sinensis,2.99,2.02,1095.59,991.58,24.8,24.8,24.8,24.8
0134465AR,Casuarina cunninghamiana,5.29,2.42,590.2,404.0,93.1,93.1,93.1,93.1
0134466AR,Fraxinus ornus 'Mecsek',3.19,1.73,368.87,870.23,24.2,24.2,24.2,24.2
0134467AR,Platanus × acerifolia,12.88,2.28,267.22,775.66,519.9,519.9,519.9,519.9
0134468AR,Platanus × acerifolia,2.11,4.16,751.39,891.46,25.5,25.5,25.5,25.5
0134469AR,Casuarina cunninghamiana,8.7,2.77,478.68,245.31,288.2,288.2,288.2,288.2
0134472AR,Casuarina cunninghamiana,2.59,4.25,657.0,452.0,39.2,39.2,39.2,39.2
0134473AR,Melia azedarach,7.16,2.22,446.0,763.89,156.4,156.4,156.4,156.4
0134474AR,Robinia pseudoacacia,7.78,2.49,370.82,544.48,207.2,207.2,207.2,207.2
0134475AR,Tilia x europaea,5.53,1.61,906.94,499.68,67.7,67.7,67.7,67.7
0134476AR,Jacaranda mimosifolia,9.11,2.48,522.74,636.83,282.9,282.9,282.9,282.9
0134477AR,Jacaranda mimosifolia,9.44,4.35,661.54,960.67,532.8,532.8,532.8,532.8
0134478AR,Platanus × acerifolia,4.55,1.89,983.65,554.12,53.8,53.8,53.8,53.8
0134479AR,Eucalyptus camaldulensis,6.02,1.73,861.8,140.24,86.2,86.2,86.2,86.2
0134480AR,Tipuana tipu,11.73,3.26,204.4,502.61,616.5,616.5,616.5,616.5
0134481AR,Platanus × acerifolia,6.93,1.95,772.08,324.54,128.7,128.7,128.7,128.7
0134482AR,Celtis australis,2.11,1.1,930.56,379.7,6.7,6.7,6.7,6.7
0134483AR,Platanus × acerifolia,9.61,1.95,900.52,245.0,247.5,247.5,247.5,247.5
0134484AR,Celtis australis,4.3,3.53,873.54,119.97,89.7,89.7,89.7,89.7
0134485AR,Citrus × aurantium,3.24,2.59,636.0,182.0,37.4,37.4,37.4,37.4
0134486AR,Citrus × aurantium,3.19,1.73,167.67,756.34,24.2,24.2,24.2,24.2
0134487AR,Grevillea robusta,2.88,1.6,618.0,1003.13,18.2,18.2,18.2,18.2
0134488AR,Platanus × acerifolia,8.44,1.79,1095.7,1073.77,175.3,175.3,175.3,175.3
0134489AR,Platanus × acerifolia,2.19,4.82,696.42,49.26,31.8,31.8,31.8,31.8
0134491AR,Platanus × acerifolia,1.69,1.59,991.66,583.38,6.2,6.2,6.2,6.2
0134494AR,Platanus × acerifolia,7.76,3.24,518.48,54.51,268.2,268.2,268.2,268.2
0134495AR,Platanus × acerifolia,1.87,7.59,504.31,374.86,36.5,36.5,36.5,36.5
0134496AR,Celtis australis,7.96,3.34,474.05,123.82,290.9,290.9,290.9,290.9
0134497AR,Citrus × aurantium,4.22,2.58,647.39,175.72,63.1,63.1,63.1,63.1
0134498AR,Casuarina cunninghamiana,3.14,2.66,142.44,446.73,36.0,36.0,36.0,36.0
0134500AR,Platanus × acerifolia,4.48,4.03,478.22,390.86,111.2,111.2,111.2,111.2
0134501AR,Platanus × acerifolia,9.32,2.87,1087.0,938.0,342.6,342.6,342.6,342.6
0134503AR,Grevillea robusta,6.7,2.3,415.59,542.13,141.9,141.9,141.9,141.9
0134507AR,Casuarina cunninghamiana,11.27,2.07,664.44,438.75,361.4,361.4,361.4,361.4
0134508AR,Platanus × acerifolia,5.59,1.89,1077.96,1071.2,81.2,81.2,81.2,81.2
0134509AR,Gleditsia triacanthos,2.88,1.64,714.9,818.6,18.7,18.7,18.7,18.7
0134510AR,Tipuana tipu,10.14,2.73,436.92,189.43,385.8,385.8,385.8,385.8
0134511AR,Platanus × acerifolia,11.64,2.1,772.85,237.13,391.1,391.1,391.1,391.1
0134512AR,Platanus × acerifolia,11.67,2.23,192.87,799.04,417.4,417.4,417.4,417.4
0134513AR,Brachychiton populneus,2.76,1.87,750.95,67.83,19.6,19.6,19.6,19.6
0134514AR,Catalpa bignonioides,5.23,2.84,247.96,611.36,106.8,106.8,106.8,106.8
0134516AR,Platanus × acerifolia,1.95,2.65,526.22,300.99,13.8,13.8,13.8,13.8
0134518AR,Platanus × acerifolia,6.33,3.39,890.18,73.76,186.7,186.7,186.7,186.7
0134521AR,Platanus × acerifolia,12.13,2.05,825.95,478.94,414.6,414.6,414.6,414.6
0134522AR,Platanus × acerifolia,10.84,3.39,480.0,373.11,547.5,547.5,547.5,547.5
0134523AR,Melia azedarach,1.6,2.45,142.45,382.16,8.6,8.6,8.6,8.6
0134524AR,Ligustrum lucidum,4.33,1.44,476.95,887.31,37.1,37.1,37.1,37.1
0134527AR,Celtis australis,3.29,2.17,735.33,290.11,32.3,32.3,32.3,32.3
0134528AR,Platanus × acerifolia,8.85,1.6,931.39,360.72,172.2,172.2,172.2,172.2
0134532AR,Celtis australis,2.19,1.88,1020.42,713.68,12.4,12.4,12.4,12.4
0134533AR,Celtis australis,6.1,3.15,1035.07,766.14,161.1,161.1,161.1,161.1
0134534AR,Acer monspessulanum,2.88,1.63,502.77,944.41,18.6,18.6,18.6,18.6
0134536AR,Tipuana tipu,6.89,2.5,107.35,450.12,163.1,163.1,163.1,163.1
0134539AR,Ligustrum lucidum,6.7,2.79,657.36,912.19,172.1,172.1,172.1,172.1
0134542AR,Citrus × aurantium,1.87,2.15,44.03,614.89,10.3,10.3,10.3,10.3
0134543AR,Platanus × acerifolia,8.74,1.94,841.07,535.54,203.7,203.7,203.7,203.7
0134545AR,Platanus × acerifolia,8.59,1.93,496.68,362.64,195.7,195.7,195.7,195.7
0134547AR,Platanus × acerifolia,7.14,1.74,138.5,361.88,121.9,121.9,121.9,121.9
0134551AR,Citrus × aurantium,2.46,1.64,490.36,186.34,13.6,13.6,13.6,13.6
0134552AR,Tipuana tipu,10.97,1.69,685.11,524.86,279.5,279.5,279.5,279.5
0134553AR,Platanus × acerifolia,11.21,2.99,900.09,755.55,516.4,516.4,516.4,516.4
0134554AR,Brachychiton populneus,2.46,1.69,763.8,188.81,14.1,14.1,14.1,14.1
0134555AR,Citrus × aurantium,2.76,1.41,515.71,179.53,14.8,14.8,14.8,14.8
0134556AR,Melia azedarach,7.44,3.2,490.65,812.48,243.5,243.5,243.5,243.5
0134557AR,Platanus × acerifolia,5.05,2.9,103.71,627.02,101.7,101.7,101.7,101.7
0134558AR,Melia azedarach,5.47,2.2,418.72,717.58,90.5,90.5,90.5,90.5
0134559AR,Platanus × acerifolia,17.42,2.73,402.32,378.52,1138.6,1138.6,1138.6,1138.6
0134560AR,Celtis australis,4.58,1.58,881.65,231.23,45.6,45.6,45.6,45.6
0134561AR,Robinia pseudoacacia,12.75,2.11,328.72,571.2,471.4,471.4,471.4,471.4
0134562AR,Platanus × acerifolia,9.37,2.22,809.66,173.75,267.9,267.9,267.9,267.9
0134563AR,Melia azedarach,6.08,2.91,557.19,914.24,147.9,147.9,147.9,147.9
0134564AR,Celtis australis,7.98,3.18,185.13,802.71,278.3,278.3,278.3,278.3
0134565AR,Populus alba 'Pyramidalis',2.11,3.63,740.4,844.98,22.2,22.2,22.2,22.2
0134567AR,Melia azedarach,8.57,2.34,443.76,746.79,236.2,236.2,236.2,236.2
0134570AR,Platanus × acerifolia,6.7,2.28,758.46,274.07,140.7,140.7,140.7,140.7
0134571AR,Pyrus calleryana 'Chanticleer',2.19,1.91,491.73,230.82,12.6,12.6,12.6,12.6
0134573AR,Catalpa bignonioides,1.95,1.58,964.34,1044.18,8.3,8.3,8.3,8.3
0134574AR,Pyrus calleryana 'Chanticleer',3.09,3.58,672.44,259.38,47.0,47.0,47.0,47.0
0134575AR,Celtis australis,3.83,6.8,522.24,363.59,137.1,137.1,137.1,137.1
0134576AR,Tilia x europaea,4.11,1.62,900.73,504.53,37.6,37.6,37.6,37.6
0134577AR,Eucalyptus camaldulensis,10.33,2.75,933.2,755.69,403.3,403.3,403.3,403.3
0134578AR,Celtis australis,6.6,2.93,141.38,690.98,175.4,175.4,175.4,175.4
0134582AR,Pyrus calleryana 'Chanticleer',3.34,1.63,519.99,229.78,25.0,25.0,25.0,25.0
0134583AR,Celtis australis,1.78,2.48,939.45,414.43,10.8,10.8,10.8,10.8
0134584AR,Melia azedarach,7.27,3.06,280.79,372.67,222.3,222.3,222.3,222.3
0134585AR,Platanus × acerifolia,4.18,1.49,811.11,421.49,35.8,35.8,35.8,35.8
0134587AR,Handroanthus heptaphyllus,4.98,2.14,502.27,316.08,72.9,72.9,72.9,72.9
0134588AR,Citrus × aurantium,4.07,2.97,681.3,125.92,67.6,67.6,67.6,67.6
0134590AR,Catalpa bignonioides,5.53,3.32,922.73,889.96,139.5,139.5,139.5,139.5
0134591AR,Catalpa bignonioides,2.26,2.1,921.53,833.41,14.7,14.7,14.7,14.7
0134594AR,Tipuana tipu,7.55,3.62,876.76,856.74,283.6,283.6,283.6,283.6
0134595AR,Platanus × acerifolia,4.85,2.0,849.0,139.0,64.7,64.7,64.7,64.7
0134597AR,Platanus × acerifolia,13.75,2.45,897.0,233.0,636.6,636.6,636.6,636.6
0134599AR,Melia azedarach,2.33,2.11,825.9,1002.79,15.7,15.7,15.7,15.7
0134600AR,Platanus × acerifolia,7.18,2.67,1096.4,972.99,189.2,189.2,189.2,189.2
0134601AR,Robinia pseudoacacia,7.44,1.75,317.45,578.46,133.1,133.1,133.1,133.1
0134602AR,Platanus × acerifolia,14.08,2.16,976.35,525.37,588.6,588.6,588.6,588.6
0134603AR,Gleditsia triacanthos,10.67,1.88,692.0,833.93,294.2,294.2,294.2,294.2
0134604AR,Brachychiton populneus,2.19,1.65,753.09,140.84,10.9,10.9,10.9,10.9
0134605AR,Catalpa bignonioides,3.09,7.82,486.58,222.79,102.6,102.6,102.6,102.6
0134606AR,Platanus × acerifolia,6.6,1.99,309.56,435.54,119.1,119.1,119.1,119.1
0134607AR,Celtis australis,1.87,1.72,874.44,163.64,8.3,8.3,8.3,8.3
0134608AR,Grevillea robusta,2.46,2.28,460.87,132.05,19.0,19.0,19.0,19.0
0134610AR,Celtis australis,1.78,1.67,1001.53,674.92,7.3,7.3,7.3,7.3
0134612AR,Brachychiton populneus,8.35,2.86,279.55,944.77,274.1,274.1,274.1,274.1
0134613AR,Platanus × acerifolia,1.6,2.73,209.76,187.25,9.6,9.6,9.6,9.6
0134614AR,Populus nigra 'Italica',9.24,2.76,787.33,959.24,323.9,323.9,323.9,323.9
0134615AR,Jacaranda mimosifolia,9.32,2.33,501.17,646.76,278.2,278.2,278.2,278.2
0134616AR,Grevillea robusta,7.25,3.12,459.39,96.26,225.4,225.4,225.4,225.4
0134617AR,Platanus × acerifolia,10.31,3.19,754.0,897.0,466.1,466.1,466.1,466.1
0134619AR,Platanus × acerifolia,5.73,3.5,895.59,227.43,157.9,157.9,157.9,157.9
0134620AR,Ligustrum lucidum,4.65,3.78,719.6,990.14,112.3,112.3,112.3,112.3
0134622AR,Ligustrum lucidum,6.0,2.24,433.64,913.61,110.8,110.8,110.8,110.8
0134624AR,Platanus × acerifolia,11.66,2.05,52.75,616.2,383.1,383.1,383.1,383.1
0134625AR,Platanus × acerifolia,10.03,3.06,192.18,230.46,423.1,423.1,423.1,423.1
0134626AR,Celtis australis,1.78,1.25,996.79,657.69,5.4,5.4,5.4,5.4
0134627AR,Grevillea robusta,3.83,1.98,692.46,1014.61,39.9,39.9,39.9,39.9
0134628AR,Pyrus calleryana 'Chanticleer',3.74,2.5,395.54,259.5,48.1,48.1,48.1,48.1
0134629AR,Tipuana tipu,6.08,1.46,666.78,478.48,74.2,74.2,74.2,74.2
0134630AR,Platanus × acerifolia,2.33,0.99,809.64,467.99,7.4,7.4,7.4,7.4
0134632AR,Brachychiton populneus,5.56,1.8,914.57,1055.4,76.5,76.5,76.5,76.5
0134633AR,Ligustrum lucidum,3.78,3.98,675.53,934.54,78.2,78.2,78.2,78.2
0134639AR,Citrus × aurantium,2.93,1.86,680.85,236.39,21.9,21.9,21.9,21.9
0134644AR,Platanus × acerifolia,8.94,2.32,797.97,950.9,254.9,254.9,254.9,254.9
0134645AR,Casuarina cunninghamiana,8.21,2.14,655.0,457.0,198.3,198.3,198.3,198.3
0134646AR,Celtis australis,7.23,3.23,654.0,477.0,232.1,232.1,232.1,232.1
0134647AR,Jacaranda mimosifolia,7.57,2.79,750.35,521.82,219.7,219.7,219.7,219.7
0134648AR,Platanus × acerifolia,9.15,2.03,775.78,217.6,233.6,233.6,233.6,233.6
0134649AR,Crataegus x media 'Paul's Scarlet',4.58,1.68,263.43,321.1,48.4,48.4,48.4,48.4
0134650AR,Melia azedarach,4.62,3.11,780.63,811.34,91.2,91.2,91.2,91.2
0134654AR,Celtis australis,4.58,1.02,913.08,347.02,29.4,29.4,29.4,29.4
0134655AR,Platanus × acerifolia,9.89,2.51,534.34,315.28,337.4,337.4,337.4,337.4
0134657AR,Gleditsia triacanthos,3.29,1.37,624.0,849.93,20.4,20.4,20.4,20.4
0134658AR,Platanus × acerifolia,12.67,3.39,319.59,746.43,748.0,748.0,748.0,748.0
0134659AR,Robinia pseudoacacia,6.58,2.2,469.45,481.4,130.9,130.9,130.9,130.9
0134660AR,Celtis australis,4.22,2.93,901.62,841.42,71.7,71.7,71.7,71.7
0134661AR,Celtis australis,6.0,2.35,942.61,457.48,116.3,116.3,116.3,116.3
0134662AR,Platanus × acerifolia,15.27,3.28,475.43,375.99,1051.2,1051.2,1051.2,1051.2
0134663AR,Brachychiton populneus,3.57,2.51,755.07,215.8,44.0,44.0,44.0,44.0
0134665AR,Casuarina cunninghamiana,2.71,1.91,529.84,333.81,19.3,19.3,19.3,19.3
0134667AR,Platanus × acerifolia,11.55,2.69,702.41,49.05,493.2,493.2,493.2,493.2
0134668AR,Platanus × acerifolia,10.48,1.83,1048.74,1066.98,276.2,276.2,276.2,276.2
0134669AR,Populus nigra 'Italica',4.33,2.64,698.73,1015.6,68.0,68.0,68.0,68.0
0134670AR,Jacaranda mimosifolia,6.56,2.95,788.51,515.2,174.5,174.5,174.5,174.5
0134671AR,Platanus × acerifolia,6.46,2.83,1094.87,967.35,162.3,162.3,162.3,162.3
0134673AR,Melia azedarach,7.18,1.67,339.83,590.14,118.3,118.3,118.3,118.3
0134674AR,Handroanthus heptaphyllus,2.03,1.66,964.18,991.97,9.4,9.4,9.4,9.4
0134675AR,Platanus × acerifolia,14.19,2.13,458.35,419.87,589.5,589.5,589.5,589.5
0134676AR,Platanus × acerifolia,13.49,3.23,228.97,911.88,807.9,807.9,807.9,807.9
0134678AR,Magnolia grandiflora,3.43,1.89,613.92,423.99,30.6,30.6,30.6,30.6
0134679AR,Platanus × acerifolia,10.76,2.25,870.62,111.1,358.0,358.0,358.0,358.0
0134680AR,Robinia pseudoacacia,5.59,2.16,363.61,549.09,92.8,92.8,92.8,92.8
0134682AR,Celtis australis,4.15,1.33,907.93,329.37,31.5,31.5,31.5,31.5
0134684AR,Tilia x euchlora,9.54,2.51,930.91,520.12,314.0,314.0,314.0,314.0
0134685AR,Populus x canadensis,10.14,2.37,665.79,388.66,334.9,334.9,334.9,334.9
0134686AR,Celtis australis,6.15,1.71,878.73,219.59,88.9,88.9,88.9,88.9
0134687AR,Brachychiton populneus,1.78,1.78,428.12,370.65,7.8,7.8,7.8,7.8
0134688AR,Pyrus calleryana 'Chanticleer',2.39,1.2,317.01,102.71,9.4,9.4,9.4,9.4
0134689AR,Platanus × acerifolia,9.24,2.17,1016.76,676.76,254.6,254.6,254.6,254.6
0134690AR,Robinia pseudoacacia,8.74,3.4,353.9,395.67,357.0,357.0,357.0,357.0
0134691AR,Gleditsia triacanthos,7.4,2.28,642.73,851.46,171.6,171.6,171.6,171.6
0134692AR,Platanus × acerifolia,6.26,2.17,781.2,308.35,116.9,116.9,116.9,116.9
0134693AR,Platanus × acerifolia,10.76,2.49,509.21,271.33,396.2,396.2,396.2,396.2
0134695AR,Robinia pseudoacacia,9.61,2.59,315.35,572.0,328.8,328.8,328.8,328.8
0134696AR,Platanus × acerifolia,6.53,2.14,819.39,161.15,125.4,125.4,125.4,125.4
0134697AR,Tipuana tipu,9.93,2.79,657.79,477.05,378.1,378.1,378.1,378.1
0134698AR,Celtis australis,7.8,2.0,374.24,588.38,167.2,167.2,167.2,167.2
0134700AR,Jacaranda mimosifolia,7.48,4.05,713.66,535.68,311.4,311.4,311.4,311.4
0134701AR,Tilia x europaea,7.29,2.35,873.31,539.64,171.7,171.7,171.7,171.7
0134702AR,Platanus × acerifolia,6.08,2.3,214.0,176.0,116.9,116.9,116.9,116.9
0134703AR,Platanus × acerifolia,12.98,2.69,198.23,809.19,622.9,622.9,622.9,622.9
0134705AR,Citrus × aurantium,2.59,2.64,53.39,596.99,24.3,24.3,24.3,24.3
0134706AR,Brachychiton populneus,3.78,2.7,762.98,158.42,53.0,53.0,53.0,53.0
0134707AR,Celtis sinensis,8.83,3.06,1075.94,916.06,327.9,327.9,327.9,327.9
0134708AR,Platanus × acerifolia,10.19,2.22,56.8,653.27,316.8,316.8,316.8,316.8
0134709AR,Populus alba 'Pyramidalis',4.18,2.56,116.5,461.95,61.5,61.5,61.5,61.5
0134710AR,Jacaranda mimosifolia,3.39,2.17,270.12,419.16,34.3,34.3,34.3,34.3
0134711AR,Platanus × acerifolia,6.41,2.75,77.65,689.77,155.3,155.3,155.3,155.3
0134713AR,Platanus × acerifolia,9.97,3.45,137.64,778.78,471.3,471.3,471.3,471.3
0134714AR,Celtis australis,5.35,2.4,996.78,626.0,94.4,94.4,94.4,94.4
0134715AR,Platanus × acerifolia,9.04,2.46,634.85,973.91,276.3,276.3,276.3,276.3
0134716AR,Platanus × acerifolia,8.99,2.29,148.7,598.61,254.4,254.4,254.4,254.4
0134717AR,Platanus × acerifolia,6.79,1.69,801.61,199.61,107.1,107.1,107.1,107.1
0134718AR,Platanus × acerifolia,11.91,3.29,507.35,54.96,641.4,641.4,641.4,641.4
0134719AR,Prunus serrulata 'Kanzan',5.61,3.4,204.03,336.86,147.1,147.1,147.1,147.1
0134721AR,Platanus × acerifolia,6.51,2.99,120.79,404.73,174.2,174.2,174.2,174.2
0134724AR,Platanus × acerifolia,14.25,1.95,358.97,541.11,544.2,544.2,544.2,544.2
0134725AR,Platanus × acerifolia,5.14,2.35,816.14,165.38,85.3,85.3,85.3,85.3
0134726AR,Platanus × acerifolia,10.63,4.44,195.81,854.22,689.6,689.6,689.6,689.6
0134727AR,Platanus × acerifolia,7.29,2.56,1083.89,926.7,187.0,187.0,187.0,187.0
0134728AR,Platanus × acerifolia,14.34,2.21,816.59,496.11,624.6,624.6,624.6,624.6
0134729AR,Platanus × acerifolia,8.94,2.18,147.12,340.51,239.5,239.5,239.5,239.5
0134732AR,Citrus × aurantium,3.52,3.78,679.79,69.43,64.4,64.4,64.4,64.4
0134735AR,Fraxinus angustifolia 'Raywood',2.82,2.0,714.02,758.26,21.9,21.9,21.9,21.9
0134736AR,Melia azedarach,1.69,1.86,339.92,318.56,7.3,7.3,7.3,7.3
0134737AR,Platanus × acerifolia,6.7,2.3,79.0,507.0,141.9,141.9,141.9,141.9
0134738AR,Robinia pseudoacacia,7.67,1.59,528.58,337.97,128.6,128.6,128.6,128.6
0134739AR,Tipuana tipu,1.78,2.26,528.69,240.36,9.8,9.8,9.8,9.8
0134741AR,Celtis australis,5.59,2.48,1010.93,709.74,106.5,106.5,106.5,106.5
0134742AR,Celtis sinensis,7.29,2.5,1083.34,945.64,182.6,182.6,182.6,182.6
0134744AR,Platanus × acerifolia,12.03,2.73,762.09,915.95,543.0,543.0,543.0,543.0
0134745AR,Platanus × acerifolia,7.72,2.4,633.89,979.82,196.6,196.6,196.6,196.6
0134747AR,Platanus × acerifolia,10.37,2.7,995.0,676.0,399.1,399.1,399.1,399.1
0134748AR,Celtis australis,12.54,3.52,1013.55,721.43,760.8,760.8,760.8,760.8
0134749AR,Platanus × acerifolia,7.61,2.94,770.48,891.12,234.0,234.0,234.0,234.0
0134751AR,Platanus × acerifolia,2.26,2.26,878.82,120.39,15.9,15.9,15.9,15.9
0134754AR,Brachychiton populneus,1.95,1.2,755.49,233.17,6.3,6.3,6.3,6.3
0134755AR,Eriobotrya japonica,4.41,2.01,487.93,511.07,53.7,53.7,53.7,53.7
0134757AR,Platanus × acerifolia,10.97,1.92,779.68,302.32,317.6,317.6,317.6,317.6
0134759AR,Tipuana tipu,11.04,2.71,472.71,507.84,454.0,454.0,454.0,454.0
0134760AR,Celtis sinensis,10.16,3.04,1085.07,951.24,431.3,431.3,431.3,431.3
0134761AR,Platanus × acerifolia,9.37,1.99,495.91,248.56,240.1,240.1,240.1,240.1
0134765AR,Morus alba,4.33,1.88,714.42,766.86,48.4,48.4,48.4,48.4
0134766AR,Melia azedarach,1.69,1.59,44.16,593.5,6.2,6.2,6.2,6.2
0134767AR,Casuarina cunninghamiana,9.03,2.65,650.11,430.11,297.0,297.0,297.0,297.0
0134770AR,Celtis sinensis,5.61,2.61,1048.99,818.04,112.9,112.9,112.9,112.9
0134771AR,Citrus × aurantium,2.65,2.65,501.34,180.01,25.6,25.6,25.6,25.6
0134775AR,Gleditsia triacanthos,5.35,2.27,761.22,95.61,89.3,89.3,89.3,89.3
0134776AR,Celtis australis,8.2,2.21,466.58,390.75,204.2,204.2,204.2,204.2
0134778AR,Citrus × aurantium,2.82,1.44,483.84,186.26,15.7,15.7,15.7,15.7
0134779AR,Celtis australis,3.34,1.94,885.07,211.76,29.7,29.7,29.7,29.7
0134780AR,Platanus × acerifolia,10.08,3.69,869.42,44.57,515.3,515.3,515.3,515.3
0134782AR,Brachychiton populneus,3.04,1.63,751.83,95.97,20.7,20.7,20.7,20.7
0134783AR,Melia azedarach,9.72,1.97,426.39,730.29,255.8,255.8,255.8,255.8
0134787AR,Platanus × acerifolia,7.25,4.05,287.29,751.93,292.6,292.6,292.6,292.6
0134789AR,Casuarina cunninghamiana,5.14,2.98,125.72,463.67,108.2,108.2,108.2,108.2
0134790AR,Platanus × acerifolia,9.37,2.8,68.27,533.86,337.9,337.9,337.9,337.9
0134791AR,Platanus × acerifolia,10.45,2.75,1042.91,776.23,412.8,412.8,412.8,412.8
0134792AR,Populus alba 'Pyramidalis',4.37,2.98,129.02,454.31,78.2,78.2,78.2,78.2
0134793AR,Casuarina cunninghamiana,4.26,1.81,594.32,408.9,45.1,45.1,45.1,45.1
0134794AR,Platanus × acerifolia,10.78,2.4,438.71,57.0,383.3,383.3,383.3,383.3
0134795AR,Tipuana tipu,9.3,2.11,872.54,513.17,250.8,250.8,250.8,250.8
0134799AR,Platanus × acerifolia,11.42,2.62,1040.46,764.79,469.6,469.6,469.6,469.6
0134802AR,Tipuana tipu,8.83,2.34,638.2,570.1,250.8,250.8,250.8,250.8
0134803AR,Brachychiton populneus,3.09,1.57,754.09,180.13,20.6,20.6,20.6,20.6
0134806AR,Platanus × acerifolia,10.85,1.96,320.06,429.2,317.1,317.1,317.1,317.1
0134807AR,Platanus × acerifolia,7.25,2.37,603.17,978.66,171.2,171.2,171.2,171.2
0134808AR,Celtis sinensis,7.78,2.25,1070.93,898.87,187.2,187.2,187.2,187.2
0134809AR,Brachychiton populneus,1.6,1.83,752.47,113.56,6.4,6.4,6.4,6.4
0134811AR,Pyrus calleryana 'Chanticleer',4.98,3.2,414.82,227.47,109.1,109.1,109.1,109.1
0134812AR,Tipuana tipu,1.95,1.65,663.78,457.77,8.6,8.6,8.6,8.6
0134813AR,Populus alba 'Pyramidalis',4.75,2.72,703.39,623.7,84.3,84.3,84.3,84.3
0134815AR,Platanus × acerifolia,8.79,3.07,1027.88,717.66,326.0,326.0,326.0,326.0
0134816AR,Platanus × acerifolia,7.46,2.43,230.26,780.39,185.9,185.9,185.9,185.9
0134818AR,Grevillea robusta,4.03,3.91,460.26,111.16,87.3,87.3,87.3,87.3
0134819AR,Platanus × acerifolia,6.91,2.51,601.17,989.46,164.7,164.7,164.7,164.7
0134820AR,Fraxinus angustifolia 'Raywood',5.17,2.65,693.77,749.21,97.4,97.4,97.4,97.4
0134821AR,Celtis australis,4.69,1.74,387.19,584.75,52.6,52.6,52.6,52.6
0134822AR,Jacaranda mimosifolia,4.65,3.0,269.41,438.16,89.2,89.2,89.2,89.2
0134824AR,Catalpa bignonioides,2.33,1.74,244.41,626.98,13.0,13.0,13.0,13.0
0134825AR,Robinia pseudoacacia,8.87,1.76,254.99,465.9,190.3,190.3,190.3,190.3
0134826AR,Brachychiton populneus,3.87,1.94,554.88,330.13,39.9,39.9,39.9,39.9
0134827AR,Robinia pseudoacacia,4.65,1.34,939.84,508.78,39.8,39.8,39.8,39.8
0134828AR,Pyrus calleryana 'Chanticleer',5.08,1.9,317.17,117.59,67.4,67.4,67.4,67.4
0134829AR,Platanus × acerifolia,7.14,2.15,770.38,318.06,150.6,150.6,150.6,150.6
0134830AR,Populus nigra 'Italica',7.9,2.45,711.0,752.0,210.2,210.2,210.2,210.2
0134831AR,Tipuana tipu,9.22,2.2,662.47,487.66,257.0,257.0,257.0,257.0
0134832AR,Celtis australis,1.95,1.71,976.39,581.14,8.9,8.9,8.9,8.9
0134835AR,Platanus × acerifolia,8.27,2.67,810.76,46.23,251.0,251.0,251.0,251.0
0134836AR,Platanus × acerifolia,14.08,2.25,931.67,441.26,613.1,613.1,613.1,613.1
0134837AR,Platanus × acerifolia,9.11,2.09,145.44,612.6,238.4,238.4,238.4,238.4
0134838AR,Tipuana tipu,4.22,1.63,692.24,313.97,39.9,39.9,39.9,39.9
0134840AR,Tipuana tipu,11.17,2.66,627.88,576.69,456.2,456.2,456.2,456.2
0134841AR,Platanus × acerifolia,8.63,2.0,793.0,352.67,204.7,204.7,204.7,204.7
0134842AR,Platanus × acerifolia,7.46,2.79,495.36,55.34,213.4,213.4,213.4,213.4
0134843AR,Gleditsia triacanthos,13.06,2.99,640.42,844.93,700.9,700.9,700.9,700.9
0134844AR,Tipuana tipu,1.87,1.7,665.44,444.72,8.2,8.2,8.2,8.2
0134845AR,Grevillea robusta,3.48,2.1,526.79,987.84,35.0,35.0,35.0,35.0
0134846AR,Robinia pseudoacacia 'Bessoniana',3.43,1.71,323.46,574.48,27.7,27.7,27.7,27.7
0134847AR,Jacaranda mimosifolia,8.52,2.22,260.29,414.06,221.5,221.5,221.5,221.5
0134848AR,Handroanthus heptaphyllus,1.95,1.48,932.9,876.72,7.7,7.7,7.7,7.7
0134850AR,Platanus × acerifolia,10.59,3.34,881.85,44.06,514.8,514.8,514.8,514.8
0134851AR,Gleditsia triacanthos,3.95,1.69,583.41,865.2,36.2,36.2,36.2,36.2
0134852AR,Platanus × acerifolia,8.27,2.44,235.78,791.16,229.4,229.4,229.4,229.4
0134853AR,Platanus × acerifolia,11.51,1.76,951.72,512.89,320.5,320.5,320.5,320.5
0134854AR,Platanus × acerifolia,3.09,1.84,241.91,788.22,24.1,24.1,24.1,24.1
0134855AR,Celtis australis,4.48,2.14,934.93,396.96,59.0,59.0,59.0,59.0
0134856AR,Platanus × acerifolia,9.34,3.37,243.24,105.42,404.1,404.1,404.1,404.1
0134857AR,Gleditsia triacanthos,5.73,2.26,607.04,853.66,102.0,102.0,102.0,102.0
0134858AR,Gleditsia triacanthos,4.55,1.33,675.38,839.8,37.8,37.8,37.8,37.8
0134859AR,Gleditsia triacanthos,3.7,1.65,648.25,842.01,31.0,31.0,31.0,31.0
0134860AR,Platanus × acerifolia,7.14,2.28,801.6,437.45,159.8,159.8,159.8,159.8
0134861AR,Melia azedarach,9.41,4.78,587.88,950.19,581.7,581.7,581.7,581.7
0134863AR,Melia azedarach,8.48,3.48,292.32,366.21,344.0,344.0,344.0,344.0
0134867AR,Handroanthus heptaphyllus,4.82,2.4,948.33,934.29,76.6,76.6,76.6,76.6
0134869AR,Tipuana tipu,12.77,2.17,670.39,460.41,486.4,486.4,486.4,486.4
0134871AR,Grevillea robusta,2.59,4.01,461.13,138.87,37.0,37.0,37.0,37.0
0134872AR,Prunus cerasifera 'Pissardii',5.41,2.5,335.93,889.83,100.6,100.6,100.6,100.6
0134873AR,Melia azedarach,10.82,2.55,451.39,759.72,410.3,410.3,410.3,410.3
0134874AR,Platanus × acerifolia,6.23,3.41,105.01,637.89,181.9,181.9,181.9,181.9
0134875AR,Gleditsia triacanthos,8.5,1.92,658.96,845.74,190.7,190.7,190.7,190.7
0134876AR,Fraxinus angustifolia 'Raywood',4.69,2.65,691.51,604.81,80.1,80.1,80.1,80.1
0134877AR,Melia azedarach,5.61,2.68,455.13,766.4,115.9,115.9,115.9,115.9
0134879AR,Platanus × acerifolia,6.75,2.64,118.82,409.89,165.3,165.3,165.3,165.3
0134880AR,Pyrus calleryana 'Chanticleer',3.14,2.06,506.2,230.23,27.9,27.9,27.9,27.9
0134881AR,Celtis australis,6.15,1.56,867.82,178.92,81.1,81.1,81.1,81.1
0134882AR,Tilia x euchlora,7.33,1.93,856.38,517.11,142.5,142.5,142.5,142.5
0134883AR,Platanus × acerifolia,9.62,3.1,74.74,684.58,394.3,394.3,394.3,394.3
0134884AR,Celtis australis,6.21,1.66,366.84,358.45,88.0,88.0,88.0,88.0
0134885AR,Jacaranda mimosifolia,5.92,2.27,795.8,509.3,109.3,109.3,109.3,109.3
0134888AR,Jacaranda mimosifolia,10.6,2.82,777.31,518.4,435.5,435.5,435.5,435.5
0134889AR,Melia azedarach,13.34,2.0,698.49,363.67,489.2,489.2,489.2,489.2
0134890AR,Platanus × acerifolia,9.41,1.89,834.15,158.0,230.0,230.0,230.0,230.0
0134891AR,Celtis australis,2.11,1.1,873.07,151.22,6.7,6.7,6.7,6.7
0134893AR,Melia azedarach,11.11,2.53,436.24,733.79,429.2,429.2,429.2,429.2
0134894AR,Robinia pseudoacacia,10.49,2.0,462.64,485.8,302.5,302.5,302.5,302.5
0134895AR,Brachychiton populneus,10.23,2.03,478.93,465.54,292.0,292.0,292.0,292.0
0134896AR,Melia azedarach,11.75,2.74,505.86,844.71,519.9,519.9,519.9,519.9
0134897AR,Platanus × acerifolia,10.87,1.92,1049.78,1060.22,311.8,311.8,311.8,311.8
0134898AR,Tilia x europaea,2.88,1.4,862.24,524.21,16.0,16.0,16.0,16.0
0134899AR,Platanus × acerifolia,1.87,1.6,953.66,519.06,7.7,7.7,7.7,7.7
0134900AR,Platanus × acerifolia,8.96,2.99,155.32,800.71,329.9,329.9,329.9,329.9
0134901AR,Tipuana tipu,8.27,1.54,673.19,431.01,144.8,144.8,144.8,144.8
0134902AR,Brachychiton populneus,3.7,1.67,764.46,215.54,31.4,31.4,31.4,31.4
0134904AR,Melia azedarach,9.59,2.35,462.36,790.18,297.1,297.1,297.1,297.1
0134905AR,Celtis australis,3.74,1.21,993.44,645.77,23.3,23.3,23.3,23.3
0134907AR,Tipuana tipu,11.0,2.26,660.44,482.4,375.9,375.9,375.9,375.9
0134908AR,Platanus × acerifolia,5.44,2.0,838.53,124.96,81.3,81.3,81.3,81.3
0134909AR,Platanus × acerifolia,9.18,3.18,819.39,991.01,368.3,368.3,368.3,368.3
0134910AR,Celtis australis,3.61,1.68,1002.79,680.69,30.1,30.1,30.1,30.1
0134911AR,Platanus × acerifolia,10.14,2.82,248.0,82.0,398.5,398.5,398.5,398.5
0134916AR,Celtis australis,2.26,2.78,489.88,377.27,19.5,19.5,19.5,19.5
0134918AR,Platanus × acerifolia,9.97,1.86,433.18,380.6,254.1,254.1,254.1,254.1
0134919AR,Melia azedarach,2.26,1.2,660.61,497.17,8.4,8.4,8.4,8.4
0134920AR,Populus alba,8.99,2.83,724.92,286.65,314.4,314.4,314.4,314.4
0134921AR,Jacaranda mimosifolia,2.71,1.69,779.47,514.03,17.1,17.1,17.1,17.1
0134923AR,Platanus × acerifolia,7.67,2.53,1074.88,891.67,204.6,204.6,204.6,204.6
0134924AR,Platanus × acerifolia,2.39,1.99,953.29,441.99,15.6,15.6,15.6,15.6
0134925AR,Platanus × acerifolia,7.51,2.07,896.93,745.06,160.5,160.5,160.5,160.5
0134926AR,Jacaranda mimosifolia,2.88,3.5,188.19,450.43,39.9,39.9,39.9,39.9
0134927AR,Melia azedarach,3.74,1.86,744.83,859.32,35.8,35.8,35.8,35.8
0134929AR,Celtis australis,6.79,4.18,1032.24,755.17,264.9,264.9,264.9,264.9
0134930AR,Pyrus calleryana 'Chanticleer',3.19,2.25,581.98,230.09,31.5,31.5,31.5,31.5
0134931AR,Platanus × acerifolia,4.72,3.25,969.7,582.9,99.5,99.5,99.5,99.5
0134932AR,Celtis australis,3.91,1.63,875.29,170.32,34.3,34.3,34.3,34.3
0134933AR,Platanus × acerifolia,2.59,1.22,403.7,511.93,11.2,11.2,11.2,11.2
0134934AR,Platanus × acerifolia,13.91,2.52,839.34,528.79,670.2,670.2,670.2,670.2
0134935AR,Populus alba 'Pyramidalis',5.86,2.18,161.31,435.27,102.9,102.9,102.9,102.9
0134936AR,Platanus × acerifolia,7.92,1.81,852.06,134.85,156.0,156.0,156.0,156.0
0134937AR,Morus alba,3.57,1.37,698.61,708.83,24.0,24.0,24.0,24.0
0134938AR,Platanus × acerifolia,13.23,2.97,65.74,583.01,714.5,714.5,714.5,714.5
0134939AR,Platanus × acerifolia,3.19,2.59,783.86,921.01,36.2,36.2,36.2,36.2
0134941AR,Platanus × acerifolia,10.81,1.73,798.06,204.33,277.9,277.9,277.9,277.9
0134942AR,Photinia x fraseri 'Red Robin',2.82,1.72,66.87,650.45,18.8,18.8,18.8,18.8
0134943AR,Platanus × acerifolia,3.14,2.43,768.38,257.97,32.9,32.9,32.9,32.9
0134944AR,Jacaranda mimosifolia,4.11,3.04,742.75,527.6,70.6,70.6,70.6,70.6
0134947AR,Handroanthus heptaphyllus,1.95,1.87,454.88,328.37,9.8,9.8,9.8,9.8
0134948AR,Ligustrum lucidum,4.79,2.71,433.37,902.85,85.5,85.5,85.5,85.5
0134951AR,Platanus × acerifolia,1.87,2.13,151.2,330.34,10.2,10.2,10.2,10.2
0134952AR,Platanus × acerifolia,7.0,2.25,633.17,985.76,151.5,151.5,151.5,151.5
0134955AR,Pyrus calleryana 'Chanticleer',4.3,3.23,637.99,257.4,82.1,82.1,82.1,82.1
0134956AR,Robinia pseudoacacia 'Bessoniana',7.16,2.75,347.56,399.74,193.8,193.8,193.8,193.8
0134957AR,Tipuana tipu,6.43,1.89,649.53,450.58,107.4,107.4,107.4,107.4
0134959AR,Platanus × acerifolia,2.33,6.78,464.4,399.39,50.6,50.6,50.6,50.6
0134960AR,Ligustrum lucidum,8.57,1.75,676.58,509.37,176.7,176.7,176.7,176.7
0134962AR,Citrus × aurantium,4.3,1.73,679.86,76.65,44.0,44.0,44.0,44.0
0134963AR,Prunus serrulata 'Kanzan',2.26,3.01,199.14,341.67,21.1,21.1,21.1,21.1
0134965AR,Gleditsia triacanthos,4.07,1.5,656.06,839.14,34.2,34.2,34.2,34.2
0134967AR,Platanus × acerifolia,7.27,2.37,602.32,984.73,172.2,172.2,172.2,172.2
0134968AR,Platanus × acerifolia,9.74,1.76,1090.97,1066.17,229.5,229.5,229.5,229.5
0134969AR,Celtis australis,2.03,3.22,973.1,569.56,18.2,18.2,18.2,18.2
0134970AR,Platanus × acerifolia,4.51,1.7,883.69,262.09,47.5,47.5,47.5,47.5
0134972AR,Tipuana tipu,5.5,3.17,250.02,73.33,131.8,131.8,131.8,131.8
0134973AR,Gleditsia triacanthos f. inermis,7.51,2.13,265.57,450.98,165.1,165.1,165.1,165.1
0134975AR,Melia azedarach,13.88,2.26,706.78,355.55,598.4,598.4,598.4,598.4
0134976AR,Tipuana tipu,12.02,2.2,446.3,400.81,436.9,436.9,436.9,436.9
0134978AR,Jacaranda mimosifolia,7.11,2.92,598.15,595.86,202.9,202.9,202.9,202.9
0134979AR,Catalpa bignonioides,8.33,1.79,978.02,1043.71,170.7,170.7,170.7,170.7
0134981AR,Platanus × acerifolia,10.22,1.8,439.57,390.93,258.4,258.4,258.4,258.4
0134982AR,Platanus × acerifolia,7.25,1.95,949.95,507.08,140.9,140.9,140.9,140.9
0134983AR,Catalpa bignonioides,12.42,2.78,910.66,793.55,589.4,589.4,589.4,589.4
0134984AR,Platanus × acerifolia,2.59,2.09,355.74,407.34,19.3,19.3,19.3,19.3
0134985AR,Platanus × acerifolia,7.65,1.47,809.38,189.83,118.2,118.2,118.2,118.2
0134986AR,Robinia pseudoacacia,7.25,2.48,378.41,539.67,179.2,179.2,179.2,179.2
0134987AR,Platanus × acerifolia,1.69,3.22,882.84,83.29,12.6,12.6,12.6,12.6
0134988AR,Brachychiton populneus,3.99,2.46,761.91,122.24,53.8,53.8,53.8,53.8
0134990AR,Platanus × acerifolia,10.23,2.39,1020.0,689.04,343.8,343.8,343.8,343.8
0134991AR,Platanus × acerifolia,4.98,2.04,205.63,869.82,69.5,69.5,69.5,69.5
0134993AR,Tipuana tipu,2.33,1.23,661.83,462.15,9.2,9.2,9.2,9.2
0134995AR,Gleditsia triacanthos,4.75,1.48,566.68,867.82,45.9,45.9,45.9,45.9
0134999AR,Citrus × aurantium,2.99,1.49,745.59,179.04,18.3,18.3,18.3,18.3
0135002AR,Citrus × aurantium,2.65,1.94,645.98,181.75,18.7,18.7,18.7,18.7
0135003AR,Robinia pseudoacacia,10.9,3.15,243.72,464.67,514.4,514.4,514.4,514.4
0135004AR,Populus nigra 'Italica',4.95,2.84,419.81,970.53,95.6,95.6,95.6,95.6
0135005AR,Melia azedarach,7.78,1.81,363.99,610.61,150.6,150.6,150.6,150.6
0135006AR,Handroanthus heptaphyllus,1.87,1.83,966.86,1002.09,8.8,8.8,8.8,8.8
0135007AR,Melia azedarach,10.06,2.17,546.11,912.1,301.8,301.8,301.8,301.8
0135008AR,Jacaranda mimosifolia,5.59,3.84,783.14,516.68,164.9,164.9,164.9,164.9
0135009AR,Melia azedarach,8.21,2.41,432.22,727.26,223.3,223.3,223.3,223.3
0135010AR,Ligustrum lucidum,4.37,1.82,421.26,917.98,47.8,47.8,47.8,47.8
0135011AR,Platanus × acerifolia,1.78,2.32,974.11,519.17,10.1,10.1,10.1,10.1
0135012AR,Celtis australis,3.87,1.23,861.62,155.55,25.3,25.3,25.3,25.3
0135013AR,Platanus × acerifolia,6.96,2.66,804.41,46.44,177.1,177.1,177.1,177.1
0135014AR,Populus alba 'Pyramidalis',3.95,2.68,706.47,634.79,57.5,57.5,57.5,57.5
0135015AR,Platanus × acerifolia,11.99,3.07,230.07,137.89,606.6,606.6,606.6,606.6
0135016AR,Platanus × acerifolia,11.21,3.12,1037.22,753.48,538.9,538.9,538.9,538.9
0135017AR,Brachychiton populneus,2.59,2.25,751.14,76.76,20.7,20.7,20.7,20.7
0135018AR,Tilia x europaea,4.44,1.57,901.95,508.08,42.5,42.5,42.5,42.5
0135019AR,Celtis australis,2.76,1.45,922.45,381.7,15.2,15.2,15.2,15.2
0135021AR,Celtis australis,2.11,1.2,993.57,614.79,7.3,7.3,7.3,7.3
0135022AR,Catalpa bignonioides,1.95,2.29,976.69,1038.27,12.0,12.0,12.0,12.0
0135023AR,Casuarina cunninghamiana,5.41,3.18,487.0,260.0,127.9,127.9,127.9,127.9
0135026AR,Casuarina cunninghamiana,3.29,2.14,155.3,438.82,31.8,31.8,31.8,31.8
0135027AR,Casuarina cunninghamiana,13.7,1.91,659.98,448.15,492.7,492.7,492.7,492.7
0135028AR,Celtis australis,5.67,2.76,1004.0,686.0,122.0,122.0,122.0,122.0
0135029AR,Platanus × acerifolia,11.7,2.26,340.16,416.58,425.2,425.2,425.2,425.2
0135030AR,Jacaranda mimosifolia,1.78,7.82,704.06,534.5,34.1,34.1,34.1,34.1
0135031AR,Melia azedarach,8.41,2.95,496.45,819.41,286.8,286.8,286.8,286.8
0135032AR,Jacaranda mimosifolia,8.57,2.54,768.02,517.15,256.4,256.4,256.4,256.4
0135034AR,Jacaranda mimosifolia,7.2,2.72,197.57,467.56,193.8,193.8,193.8,193.8
0135036AR,Platanus × acerifolia,4.89,2.07,153.54,324.51,68.0,68.0,68.0,68.0
0135037AR,Platanus × acerifolia,1.95,2.17,819.53,176.47,11.3,11.3,11.3,11.3
0135038AR,Populus alba 'Pyramidalis',3.87,2.56,704.82,629.01,52.7,52.7,52.7,52.7
0135039AR,Gleditsia triacanthos,7.02,1.96,608.0,860.0,132.8,132.8,132.8,132.8
0135040AR,Platanus × acerifolia,13.56,1.93,922.59,406.63,487.8,487.8,487.8,487.8
0135041AR,Platanus × acerifolia,14.69,2.48,211.45,789.63,735.6,735.6,735.6,735.6
0135043AR,Morus alba,6.75,1.9,701.05,726.79,119.0,119.0,119.0,119.0
0135044AR,Ligustrum lucidum,5.05,2.19,421.8,928.41,76.8,76.8,76.8,76.8
0264396AR,Pyrus calleryana 'Chanticleer',2.82,2.09,111.39,504.21,22.8,22.8,22.8,22.8
0264398AR,Pyrus calleryana 'Chanticleer',2.65,1.31,124.52,517.52,12.6,12.6,12.6,12.6
0264399AR,Pyrus calleryana 'Chanticleer',2.76,1.46,125.94,528.72,15.3,15.3,15.3,15.3
0264400AR,Pyrus calleryana 'Chanticleer',1.95,1.27,107.44,497.99,6.6,6.6,6.6,6.6
0264403AR,Pyrus calleryana 'Chanticleer',2.39,1.07,114.89,510.21,8.4,8.4,8.4,8.4
0264409AR,Melia azedarach,5.59,1.5,356.41,618.6,64.4,64.4,64.4,64.4
0264416AR,Melia azedarach,7.29,1.22,117.05,480.85,89.1,89.1,89.1,89.1
0264559AR,Melia azedarach,7.8,1.63,122.93,482.55,136.3,136.3,136.3,136.3
0264568AR,Melia azedarach,12.27,1.77,342.98,596.09,366.3,366.3,366.3,366.3
0264685AR,Melia azedarach,6.6,1.41,119.29,474.02,84.4,84.4,84.4,84.4
0288546AR,Jacaranda mimosifolia,2.39,3.13,225.96,695.72,24.6,24.6,24.6,24.6
0288547AR,Jacaranda mimosifolia,10.87,4.61,222.22,689.13,748.7,748.7,748.7,748.7
0288548AR,Jacaranda mimosifolia,9.08,4.67,218.44,682.59,529.2,529.2,529.2,529.2
0288549AR,Jacaranda mimosifolia,6.68,3.86,211.14,670.0,236.7,236.7,236.7,236.7
0288550AR,Jacaranda mimosifolia,7.36,2.68,207.56,663.92,199.5,199.5,199.5,199.5
0288551AR,Jacaranda mimosifolia,7.31,2.52,203.85,657.84,185.1,185.1,185.1,185.1
0288552AR,Jacaranda mimosifolia,8.06,3.87,214.67,676.38,345.5,345.5,345.5,345.5
0288553AR,Jacaranda mimosifolia,9.2,3.61,260.11,751.91,420.0,420.0,420.0,420.0
0288554AR,Jacaranda mimosifolia,4.58,7.82,256.55,746.32,225.5,225.5,225.5,225.5
0288555AR,Jacaranda mimosifolia,11.16,4.45,252.83,739.79,761.8,761.8,761.8,761.8
0288558AR,Jacaranda mimosifolia,7.69,3.41,241.87,721.14,277.2,277.2,277.2,277.2
0288560AR,Jacaranda mimosifolia,10.19,4.55,301.38,820.15,649.4,649.4,649.4,649.4
0288561AR,Jacaranda mimosifolia,7.82,4.74,297.56,813.5,398.4,398.4,398.4,398.4
0288562AR,Jacaranda mimosifolia,7.09,4.32,293.98,807.5,298.5,298.5,298.5,298.5
0288563AR,Jacaranda mimosifolia,2.65,3.63,282.68,789.01,35.0,35.0,35.0,35.0
0288564AR,Jacaranda mimosifolia,8.54,4.2,286.02,794.6,421.0,421.0,421.0,421.0
0288565AR,Jacaranda mimosifolia,8.87,4.22,290.11,801.16,456.3,456.3,456.3,456.3
0288566AR,Jacaranda mimosifolia,8.78,4.28,335.75,876.69,453.5,453.5,453.5,453.5
0288567AR,Jacaranda mimosifolia,5.84,3.25,332.12,870.94,152.3,152.3,152.3,152.3
0288568AR,Jacaranda mimosifolia,7.36,3.77,328.48,864.56,280.7,280.7,280.7,280.7
0288569AR,Jacaranda mimosifolia,4.65,2.25,321.12,852.82,66.9,66.9,66.9,66.9
0288570AR,Jacaranda mimosifolia,8.0,3.42,317.59,846.73,300.8,300.8,300.8,300.8
0288571AR,Jacaranda mimosifolia,3.66,2.67,313.79,840.55,49.2,49.2,49.2,49.2
0288572AR,Jacaranda mimosifolia,9.76,3.49,269.8,757.3,456.9,456.9,456.9,456.9
0288575AR,Jacaranda mimosifolia,9.9,3.24,238.48,706.55,436.5,436.5,436.5,436.5
0288883AR,Eugenia uniflora,3.99,2.11,101.18,510.17,46.2,46.2,46.2,46.2
0288884AR,Populus alba 'Pyramidalis',6.21,3.47,98.53,516.95,183.9,183.9,183.9,183.9
0288885AR,Populus alba 'Pyramidalis',4.3,2.98,103.59,503.8,75.7,75.7,75.7,75.7
0288903AR,Grevillea robusta,7.18,2.39,428.87,562.44,169.3,169.3,169.3,169.3
0288904AR,Grevillea robusta,8.12,1.99,433.66,569.58,180.3,180.3,180.3,180.3
0288906AR,Grevillea robusta,8.5,2.67,444.15,584.34,265.1,265.1,265.1,265.1
0288907AR,Jacaranda mimosifolia,8.1,2.38,444.37,671.22,214.6,214.6,214.6,214.6
0288908AR,Jacaranda mimosifolia,5.38,2.5,427.11,678.32,99.5,99.5,99.5,99.5
0288909AR,Grevillea robusta,8.25,2.48,449.58,591.83,232.0,232.0,232.0,232.0
0288910AR,Grevillea robusta,8.06,2.73,454.29,598.7,243.8,243.8,243.8,243.8
0288911AR,Grevillea robusta,6.65,2.34,459.25,605.58,142.2,142.2,142.2,142.2
0288912AR,Grevillea robusta,8.63,2.3,465.31,614.41,235.4,235.4,235.4,235.4
0288913AR,Grevillea robusta,8.88,2.52,469.99,621.66,273.1,273.1,273.1,273.1
0288914AR,Grevillea robusta,8.29,2.19,474.49,628.68,206.9,206.9,206.9,206.9
0288915AR,Grevillea robusta,8.74,2.31,479.19,636.19,242.5,242.5,242.5,242.5
0288916AR,Grevillea robusta,5.92,1.68,483.22,642.77,80.9,80.9,80.9,80.9
0288917AR,Grevillea robusta,6.21,2.85,457.09,613.58,151.1,151.1,151.1,151.1
0288918AR,Grevillea robusta,7.11,2.85,471.73,636.41,198.0,198.0,198.0,198.0
0288919AR,Grevillea robusta,7.29,1.83,466.99,628.96,133.7,133.7,133.7,133.7
0288920AR,Grevillea robusta,8.25,2.2,476.37,643.84,205.8,205.8,205.8,205.8
0288921AR,Grevillea robusta,6.53,2.44,452.18,606.48,143.0,143.0,143.0,143.0
0288922AR,Jacaranda mimosifolia,6.84,2.04,461.35,664.06,131.2,131.2,131.2,131.2
0288923AR,Jacaranda mimosifolia,7.74,2.33,469.42,660.16,191.9,191.9,191.9,191.9
0288924AR,Jacaranda mimosifolia,6.41,2.09,452.58,667.54,118.0,118.0,118.0,118.0
0288925AR,Jacaranda mimosifolia,2.99,1.57,435.91,674.73,19.3,19.3,19.3,19.3
0289545AR,Melia azedarach,5.67,1.44,359.45,582.4,63.6,63.6,63.6,63.6
0289546AR,Tipuana tipu,9.46,2.06,404.24,557.43,253.4,253.4,253.4,253.4
0289547AR,Tipuana tipu,9.36,2.26,409.33,553.68,272.1,272.1,272.1,272.1
0289548AR,Acer campestre 'Elsrijk',5.61,2.27,394.94,567.07,98.2,98.2,98.2,98.2
0289549AR,Populus nigra 'Italica',6.6,2.38,381.84,570.91,142.5,142.5,142.5,142.5
0289550AR,Tipuana tipu,7.48,1.73,372.05,580.38,133.0,133.0,133.0,133.0
0289551AR,Acer campestre 'Elsrijk',3.91,2.32,387.71,571.46,48.7,48.7,48.7,48.7
0289763AR,Jacaranda mimosifolia,5.97,2.47,790.68,794.89,121.0,121.0,121.0,121.0
0289764AR,Jacaranda mimosifolia,5.86,2.72,780.84,797.53,128.4,128.4,128.4,128.4
0289765AR,Jacaranda mimosifolia,4.85,2.28,770.75,800.17,73.7,73.7,73.7,73.7
0289766AR,Jacaranda mimosifolia,4.75,2.05,761.66,802.96,63.6,63.6,63.6,63.6
0289767AR,Jacaranda mimosifolia,7.55,2.62,752.31,805.5,205.3,205.3,205.3,205.3
0289777AR,Populus alba 'Pyramidalis',3.83,2.41,713.19,685.99,48.6,48.6,48.6,48.6
0289778AR,Populus alba 'Pyramidalis',5.89,3.48,714.95,692.58,165.9,165.9,165.9,165.9
0289779AR,Populus alba 'Pyramidalis',3.83,2.61,716.71,699.27,52.6,52.6,52.6,52.6
0289780AR,Populus alba 'Pyramidalis',3.78,2.68,718.54,705.92,52.6,52.6,52.6,52.6
0289781AR,Fraxinus angustifolia 'Raywood',2.33,2.09,720.53,713.24,15.6,15.6,15.6,15.6
0289782AR,Populus alba 'Pyramidalis',3.34,2.51,722.5,720.2,38.5,38.5,38.5,38.5
0289783AR,Populus alba 'Pyramidalis',4.3,2.99,724.52,726.57,76.0,76.0,76.0,76.0
0289785AR,Fraxinus angustifolia 'Raywood',2.11,1.98,748.86,795.15,12.1,12.1,12.1,12.1
0289788AR,Populus alba 'Pyramidalis',5.08,2.53,743.54,774.87,89.7,89.7,89.7,89.7
0289789AR,Populus alba 'Pyramidalis',3.39,2.23,742.4,767.62,35.2,35.2,35.2,35.2
0289790AR,Fraxinus angustifolia 'Raywood',3.48,4.97,740.35,761.56,82.7,82.7,82.7,82.7
0289791AR,Fraxinus angustifolia 'Raywood',4.22,4.22,738.62,754.4,103.3,103.3,103.3,103.3
0289792AR,Populus alba 'Pyramidalis',3.99,3.87,736.94,747.42,84.7,84.7,84.7,84.7
0289794AR,Fraxinus angustifolia 'Raywood',3.83,2.24,733.33,733.63,45.2,45.2,45.2,45.2
0289795AR,Populus alba 'Pyramidalis',4.33,2.36,731.56,727.52,60.8,60.8,60.8,60.8
0289796AR,Populus alba 'Pyramidalis',3.39,2.64,729.72,720.78,41.7,41.7,41.7,41.7
0289797AR,Fraxinus angustifolia 'Raywood',3.39,2.13,727.46,713.24,33.6,33.6,33.6,33.6
0289798AR,Populus alba 'Pyramidalis',3.7,2.25,725.28,706.71,42.3,42.3,42.3,42.3
0289799AR,Fraxinus angustifolia,1.87,1.69,723.75,699.93,8.1,8.1,8.1,8.1
0289800AR,Fraxinus angustifolia 'Raywood',3.52,2.12,721.49,693.03,36.1,36.1,36.1,36.1
0290139AR,Tipuana tipu,2.76,1.44,457.14,803.19,15.1,15.1,15.1,15.1
0290141AR,Tipuana tipu,7.57,2.21,440.49,814.68,174.1,174.1,174.1,174.1
0290142AR,Celtis australis,7.53,2.42,445.96,813.61,188.6,188.6,188.6,188.6
0290143AR,Tipuana tipu,6.77,1.84,445.17,805.06,115.9,115.9,115.9,115.9
0290144AR,Tipuana tipu,12.54,2.28,451.03,804.88,492.8,492.8,492.8,492.8
0290623AR,Robinia pseudoacacia,8.99,1.98,269.42,457.08,219.9,219.9,219.9,219.9
0290624AR,Gleditsia triacanthos f. inermis,10.2,2.21,261.32,461.54,316.0,316.0,316.0,316.0
0290625AR,Ligustrum lucidum,4.75,2.54,725.08,997.02,78.8,78.8,78.8,78.8
0290627AR,Melia azedarach,7.63,1.85,386.96,659.8,148.0,148.0,148.0,148.0
0290628AR,Melia azedarach,8.87,1.94,391.25,667.25,209.8,209.8,209.8,209.8
0290629AR,Melia azedarach,4.82,1.51,382.64,651.43,48.2,48.2,48.2,48.2
0290631AR,Pyrus calleryana 'Chanticleer',5.29,2.35,362.75,267.98,90.4,90.4,90.4,90.4
0290632AR,Pyrus calleryana 'Chanticleer',2.59,1.55,350.97,258.42,14.3,14.3,14.3,14.3
0290633AR,Pyrus calleryana 'Chanticleer',4.33,2.11,357.05,263.4,54.4,54.4,54.4,54.4
0290634AR,Pyrus calleryana 'Chanticleer',5.73,2.58,346.18,254.56,116.4,116.4,116.4,116.4
0290636AR,Pyrus calleryana 'Chanticleer',3.83,1.85,233.11,165.38,37.3,37.3,37.3,37.3
0290637AR,Pyrus calleryana 'Chanticleer',3.34,1.43,227.99,161.36,21.9,21.9,21.9,21.9
0290638AR,Pyrus calleryana 'Chanticleer',5.11,2.08,340.87,250.27,74.7,74.7,74.7,74.7
0290639AR,Pyrus calleryana 'Chanticleer',4.65,2.29,335.51,245.92,68.1,68.1,68.1,68.1
0290640AR,Pyrus calleryana 'Chanticleer',4.22,2.0,329.35,240.96,49.0,49.0,49.0,49.0
0290641AR,Pyrus calleryana 'Chanticleer',4.92,2.41,322.05,235.14,80.2,80.2,80.2,80.2
0290642AR,Pyrus calleryana 'Chanticleer',4.41,1.95,317.84,231.8,52.1,52.1,52.1,52.1
0290713AR,Citrus × aurantium,2.76,6.76,620.52,176.61,70.8,70.8,70.8,70.8
0291853AR,Jacaranda mimosifolia,10.7,3.88,310.07,834.51,610.6,610.6,610.6,610.6
0292446AR,Ligustrum lucidum,8.44,2.62,443.8,901.08,256.5,256.5,256.5,256.5
0292448AR,Populus nigra 'Italica',2.76,1.93,293.14,949.65,20.2,20.2,20.2,20.2
0292456AR,Celtis australis,10.36,3.78,376.68,933.34,557.6,557.6,557.6,557.6
0292457AR,Jacaranda mimosifolia,7.23,3.25,371.93,926.41,233.5,233.5,233.5,233.5
0292461AR,Robinia pseudoacacia,1.69,2.84,248.08,469.83,11.1,11.1,11.1,11.1
0292889AR,Melia azedarach,8.43,1.69,392.82,656.49,165.1,165.1,165.1,165.1
0292890AR,Melia azedarach,7.86,2.3,397.03,664.34,195.3,195.3,195.3,195.3
0292891AR,Melia azedarach,13.11,2.48,401.44,671.73,585.8,585.8,585.8,585.8
0292892AR,Grevillea robusta,7.36,2.57,461.71,620.6,191.3,191.3,191.3,191.3
0292953AR,Platanus × acerifolia,11.79,2.84,735.73,849.84,542.6,542.6,542.6,542.6
0298162AR,Pyrus calleryana 'Chanticleer',2.19,2.01,144.94,760.84,13.2,13.2,13.2,13.2
0298164AR,Pyrus calleryana 'Chanticleer',3.09,2.08,158.82,753.23,27.3,27.3,27.3,27.3
0298165AR,Pyrus calleryana 'Chanticleer',3.61,1.63,165.72,749.48,29.2,29.2,29.2,29.2
0298166AR,Pyrus calleryana 'Chanticleer',2.39,1.83,174.26,744.63,14.4,14.4,14.4,14.4
0298167AR,Pyrus calleryana 'Chanticleer',2.82,2.1,181.45,741.19,23.0,23.0,23.0,23.0
0298168AR,Pyrus calleryana 'Chanticleer',3.43,2.16,188.53,737.19,34.9,34.9,34.9,34.9
0298169AR,Pyrus calleryana 'Chanticleer',3.52,1.68,195.68,733.25,28.6,28.6,28.6,28.6
0298170AR,Pyrus calleryana 'Chanticleer',2.76,2.25,206.85,726.9,23.6,23.6,23.6,23.6
0298171AR,Pyrus calleryana 'Chanticleer',2.76,2.25,216.29,721.87,23.6,23.6,23.6,23.6
0298172AR,Pyrus calleryana 'Chanticleer',2.46,2.39,223.69,718.31,19.9,19.9,19.9,19.9
0298173AR,Pyrus calleryana 'Chanticleer',2.76,3.24,220.17,711.67,33.9,33.9,33.9,33.9
0298174AR,Pyrus calleryana 'Chanticleer',3.52,3.44,212.45,715.71,58.6,58.6,58.6,58.6
0298175AR,Pyrus calleryana 'Chanticleer',3.61,3.28,203.45,720.67,58.8,58.8,58.8,58.8
0298176AR,Pyrus calleryana 'Chanticleer',3.09,3.65,192.05,726.95,47.9,47.9,47.9,47.9
0298177AR,Pyrus calleryana 'Chanticleer',3.57,2.45,184.85,730.83,42.9,42.9,42.9,42.9
0298178AR,Pyrus calleryana 'Chanticleer',3.34,1.91,177.77,734.87,29.3,29.3,29.3,29.3
0298179AR,Pyrus calleryana 'Chanticleer',3.39,2.36,170.72,738.83,37.3,37.3,37.3,37.3
0298180AR,Pyrus calleryana 'Chanticleer',3.09,2.36,164.18,742.35,31.0,31.0,31.0,31.0
0298181AR,Pyrus calleryana 'Chanticleer',3.74,2.4,156.55,746.48,46.1,46.1,46.1,46.1
0304556AR,Jacaranda mimosifolia,9.04,3.39,312.0,828.8,380.8,380.8,380.8,380.8
0304558AR,Populus nigra 'Italica',8.39,2.33,330.38,546.44,225.4,225.4,225.4,225.4
0304561AR,Fraxinus angustifolia 'Raywood',4.58,2.75,318.5,528.08,79.3,79.3,79.3,79.3
0304563AR,Populus nigra 'Italica',4.62,3.01,307.39,509.78,88.3,88.3,88.3,88.3
0304564AR,Fraxinus angustifolia 'Raywood',2.39,2.14,310.79,516.05,16.8,16.8,16.8,16.8
0304565AR,Populus nigra 'Italica',4.51,2.71,303.53,503.73,75.8,75.8,75.8,75.8
0304567AR,Populus nigra 'Italica',4.18,2.37,295.6,491.61,56.9,56.9,56.9,56.9
0304568AR,Populus nigra 'Italica',10.33,2.15,291.82,485.78,315.3,315.3,315.3,315.3
0304569AR,Populus nigra 'Italica',4.07,2.41,288.16,479.68,54.9,54.9,54.9,54.9
0304572AR,Populus nigra 'Italica',4.75,2.34,276.87,461.99,72.6,72.6,72.6,72.6
0304592AR,Melia azedarach,9.22,3.55,286.6,369.07,414.8,414.8,414.8,414.8
0304652AR,Grevillea robusta,2.65,2.26,502.84,983.99,21.8,21.8,21.8,21.8
0304653AR,Melia azedarach,3.78,0.88,360.42,625.81,17.3,17.3,17.3,17.3
0304654AR,Melia azedarach,3.61,1.0,353.0,613.0,17.9,17.9,17.9,17.9
0304655AR,Melia azedarach,10.88,1.82,346.63,602.12,296.1,296.1,296.1,296.1
0304656AR,Melia azedarach,4.26,1.77,345.43,586.64,44.1,44.1,44.1,44.1
0304657AR,Tipuana tipu,6.26,1.43,341.18,579.46,77.0,77.0,77.0,77.0
0304687AR,Tilia x europaea,3.7,1.95,885.16,503.23,36.7,36.7,36.7,36.7
0304688AR,Tilia x europaea,3.09,3.94,880.45,509.95,51.7,51.7,51.7,51.7
0304814AR,Populus nigra 'Italica',3.95,2.11,706.24,734.99,45.2,45.2,45.2,45.2
0304995AR,Koelreuteria paniculata 'Fastigiata',1.78,3.71,458.95,70.17,16.2,16.2,16.2,16.2
0307609AR,Pyrus calleryana 'Chanticleer',3.19,1.5,429.0,207.0,21.0,21.0,21.0,21.0
0307610AR,Pyrus calleryana 'Chanticleer',2.76,2.34,428.95,199.52,24.5,24.5,24.5,24.5
0307611AR,Pyrus calleryana 'Chanticleer',3.09,1.95,428.78,191.51,25.6,25.6,25.6,25.6
0307612AR,Pyrus calleryana 'Chanticleer',2.65,2.91,418.17,188.01,28.1,28.1,28.1,28.1
0307613AR,Pyrus calleryana 'Chanticleer',3.19,2.81,408.63,188.18,39.3,39.3,39.3,39.3
0307614AR,Pyrus calleryana 'Chanticleer',3.43,2.05,399.1,188.31,33.1,33.1,33.1,33.1
0307615AR,Pyrus calleryana 'Chanticleer',3.34,3.48,389.47,188.87,53.4,53.4,53.4,53.4
0307616AR,Pyrus calleryana 'Chanticleer',4.07,2.42,380.0,189.16,55.1,55.1,55.1,55.1
0307617AR,Pyrus calleryana 'Chanticleer',2.65,2.31,369.75,189.42,22.3,22.3,22.3,22.3
0307618AR,Pyrus calleryana 'Chanticleer',2.71,2.73,359.93,189.85,27.6,27.6,27.6,27.6
0307619AR,Pyrus calleryana 'Chanticleer',3.29,2.74,350.01,190.24,40.8,40.8,40.8,40.8
0307620AR,Pyrus calleryana 'Chanticleer',3.19,1.86,339.86,190.43,26.0,26.0,26.0,26.0
0307621AR,Pyrus calleryana 'Chanticleer',2.46,2.2,330.47,190.69,18.3,18.3,18.3,18.3
0311481AR,Jacaranda mimosifolia,5.38,2.48,278.95,782.89,98.7,98.7,98.7,98.7
0311496AR,Robinia pseudoacacia,3.91,1.78,303.31,586.99,37.4,37.4,37.4,37.4
0311497AR,Robinia pseudoacacia,5.81,2.81,295.45,591.75,130.4,130.4,130.4,130.4
0314475AR,Platanus × acerifolia,10.42,2.05,756.98,268.26,305.9,305.9,305.9,305.9
0316996AR,Eugenia uniflora,2.03,2.24,201.28,315.43,12.7,12.7,12.7,12.7
0316997AR,Eugenia uniflora,2.65,2.22,230.92,363.97,21.4,21.4,21.4,21.4
0316998AR,Pyrus calleryana 'Chanticleer',6.56,3.54,238.6,353.67,209.4,209.4,209.4,209.4
0316999AR,Pyrus calleryana 'Chanticleer',2.65,1.46,234.4,347.02,14.1,14.1,14.1,14.1
0317000AR,Pyrus calleryana 'Chanticleer',1.95,2.36,226.2,333.06,12.3,12.3,12.3,12.3
0317001AR,Eugenia uniflora,3.52,3.07,226.38,356.55,52.3,52.3,52.3,52.3
0317002AR,Eugenia uniflora,3.34,2.88,234.76,370.26,44.2,44.2,44.2,44.2
0317003AR,Eugenia uniflora,2.59,1.84,238.86,377.16,17.0,17.0,17.0,17.0
0317004AR,Eugenia uniflora,2.33,2.02,192.98,301.72,15.1,15.1,15.1,15.1
0317005AR,Pyrus calleryana 'Chanticleer',2.33,1.63,196.93,285.31,12.2,12.2,12.2,12.2
0317006AR,Pyrus calleryana 'Chanticleer',2.59,1.47,247.16,367.21,13.6,13.6,13.6,13.6
0317007AR,Eugenia uniflora,3.74,1.88,184.69,288.1,36.1,36.1,36.1,36.1
0317008AR,Pyrus calleryana 'Chanticleer',2.33,1.71,201.13,292.33,12.8,12.8,12.8,12.8
0317009AR,Eugenia uniflora,2.26,2.11,218.08,342.93,14.8,14.8,14.8,14.8
0317010AR,Eugenia uniflora,2.11,2.45,222.28,349.74,15.0,15.0,15.0,15.0
0317011AR,Pyrus calleryana 'Chanticleer',2.19,1.85,242.88,360.48,12.2,12.2,12.2,12.2
0317012AR,Pyrus calleryana 'Chanticleer',3.29,2.14,230.31,339.86,31.8,31.8,31.8,31.8
0317013AR,Eugenia uniflora,4.18,2.81,197.17,308.62,67.5,67.5,67.5,67.5
0317014AR,Pyrus calleryana 'Chanticleer',1.78,1.88,192.84,278.57,8.2,8.2,8.2,8.2
0317015AR,Eugenia uniflora,2.65,1.7,180.76,281.46,16.4,16.4,16.4,16.4
0317016AR,Pyrus calleryana 'Chanticleer',1.69,1.65,221.38,326.0,6.5,6.5,6.5,6.5
0317017AR,Pyrus calleryana 'Chanticleer',2.19,1.89,209.44,306.06,12.5,12.5,12.5,12.5
0317018AR,Pyrus calleryana 'Chanticleer',2.26,1.77,213.98,312.9,12.4,12.4,12.4,12.4
0317019AR,Pyrus calleryana 'Chanticleer',2.88,1.78,205.17,299.07,20.3,20.3,20.3,20.3
0317020AR,Eugenia uniflora,3.09,1.97,188.97,294.82,25.9,25.9,25.9,25.9
0317021AR,Eugenia uniflora,2.65,2.2,205.38,321.89,21.2,21.2,21.2,21.2
0317022AR,Eugenia uniflora,2.33,1.63,213.89,335.94,12.2,12.2,12.2,12.2
0317228AR,Melia azedarach,7.76,3.13,784.53,953.83,259.1,259.1,259.1,259.1
0319122AR,Pyrus calleryana 'Chanticleer',2.26,1.25,188.95,271.98,8.8,8.8,8.8,8.8
0322205AR,Celtis australis,2.52,1.46,298.34,466.66,12.7,12.7,12.7,12.7
0322206AR,Celtis australis,3.14,1.27,295.49,461.58,17.2,17.2,17.2,17.2
0323580AR,Pyrus calleryana 'Chanticleer',2.65,2.89,169.32,586.45,27.9,27.9,27.9,27.9
0323583AR,Pyrus calleryana 'Chanticleer',2.39,2.15,182.63,608.16,16.9,16.9,16.9,16.9
0323584AR,Pyrus calleryana 'Chanticleer',2.11,2.72,186.77,614.83,16.6,16.6,16.6,16.6
0323585AR,Pyrus calleryana 'Chanticleer',1.87,2.35,191.16,621.76,11.3,11.3,11.3,11.3
0323586AR,Pyrus calleryana 'Chanticleer',1.6,2.38,195.39,628.45,8.4,8.4,8.4,8.4
0323591AR,Pyrus calleryana 'Chanticleer',1.78,1.39,165.28,579.67,6.1,6.1,6.1,6.1
0323592AR,Pyrus calleryana 'Chanticleer',1.78,1.7,136.03,550.4,7.4,7.4,7.4,7.4
0323594AR,Pyrus calleryana 'Chanticleer',1.78,1.56,144.33,564.08,6.8,6.8,6.8,6.8
0323595AR,Pyrus calleryana 'Chanticleer',1.95,1.48,148.48,570.92,7.7,7.7,7.7,7.7
0323596AR,Pyrus calleryana 'Chanticleer',1.6,1.68,153.0,577.96,5.9,5.9,5.9,5.9
0323597AR,Pyrus calleryana 'Chanticleer',1.87,1.42,157.03,584.63,6.8,6.8,6.8,6.8
0323598AR,Pyrus calleryana 'Chanticleer',2.11,1.17,199.7,635.24,7.2,7.2,7.2,7.2
0323599AR,Pyrus calleryana 'Chanticleer',1.6,2.39,161.1,572.82,8.4,8.4,8.4,8.4
0324831AR,Hibiscus syriacus,2.33,1.74,189.09,792.1,13.0,13.0,13.0,13.0
0324832AR,Hibiscus syriacus,2.82,1.59,195.43,788.92,17.4,17.4,17.4,17.4
0324839AR,Hibiscus syriacus,1.87,1.61,238.95,766.9,7.7,7.7,7.7,7.7
0324840AR,Hibiscus syriacus,3.04,1.65,245.3,763.72,21.0,21.0,21.0,21.0
0324842AR,Hibiscus syriacus,2.76,1.97,186.44,823.81,20.6,20.6,20.6,20.6
0324843AR,Hibiscus syriacus,2.59,1.49,193.31,820.47,13.7,13.7,13.7,13.7
0324847AR,Hibiscus syriacus,3.39,3.49,220.1,807.43,55.1,55.1,55.1,55.1
0324848AR,Hibiscus syriacus,3.29,1.95,226.62,804.25,29.0,29.0,29.0,29.0
0324849AR,Hibiscus syriacus,2.39,2.81,233.32,800.87,22.1,22.1,22.1,22.1
0324850AR,Hibiscus syriacus,3.09,1.49,239.13,798.09,19.6,19.6,19.6,19.6
0324851AR,Hibiscus syriacus,3.7,2.36,251.64,792.27,44.4,44.4,44.4,44.4
0324852AR,Hibiscus syriacus,2.88,2.26,257.81,789.1,25.8,25.8,25.8,25.8
0324853AR,Hibiscus syriacus,2.65,1.63,263.97,785.93,15.7,15.7,15.7,15.7
0324854AR,Hibiscus syriacus,2.39,1.16,270.32,782.76,9.1,9.1,9.1,9.1
0325669AR,Catalpa bignonioides,2.33,2.22,913.73,803.75,16.6,16.6,16.6,16.6
0330718AR,Pyrus calleryana 'Chanticleer',1.78,2.65,443.38,381.68,11.5,11.5,11.5,11.5
0330719AR,Pyrus calleryana 'Chanticleer',1.95,1.17,440.09,376.53,6.1,6.1,6.1,6.1
0330726AR,Celtis australis,3.04,1.17,364.14,537.65,14.9,14.9,14.9,14.9
0330731AR,Tipuana tipu,1.95,0.98,450.57,407.39,5.1,5.1,5.1,5.1
0330769AR,Platanus × acerifolia,10.93,1.99,339.38,532.22,326.8,326.8,326.8,326.8
0331092AR,Prunus cerasifera 'Pissardii',5.59,2.23,717.42,278.8,95.8,95.8,95.8,95.8
0331242AR,Populus nigra 'Italica',5.05,2.27,497.32,983.13,79.6,79.6,79.6,79.6
0338305AR,Celtis australis,3.7,1.15,897.03,289.38,21.6,21.6,21.6,21.6
0338418AR,Fraxinus angustifolia 'Raywood',4.48,2.25,707.75,740.38,62.1,62.1,62.1,62.1
0347207AR,Brachychiton acerifolius,1.6,1.96,750.36,242.86,6.9,6.9,6.9,6.9
0347208AR,Brachychiton acerifolius,9.95,3.18,746.84,250.01,432.7,432.7,432.7,432.7
