tree_id,x,y,ground_z,species,is_plane,size_category,street,height_m,crown_area_m2,crown_diam_m,crown_base_m,gap_fraction,lai_proxy,n_points,flag
0131191AR,109.12,492.49,58.5,Pyrus calleryana 'Chanticleer',False,PRIMERA,C\ Alcúdia,5.64,3.5,2.11,2.82,0.446,1.62,156,ok
0131196AR,105.65,486.58,58.44,Pyrus calleryana 'Chanticleer',False,PRIMERA,C\ Alcúdia,4.79,3.2,2.03,2.72,0.52,1.31,127,ok
0131648AR,662.49,175.35,41.08,Citrus × aurantium,False,SEGONA,C\ Alella,11.04,10.2,3.61,4.31,0.439,1.65,323,ok
0131649AR,985.79,585.09,41.15,Celtis australis,False,PRIMERA,Av Meridiana,,0.0,0.0,,,,0,no_crown_detected
0131650AR,66.0,608.0,63.57,Brachychiton populneus,False,TERCERA,C\ Doctor Pi i Molist,9.58,30.2,6.21,4.45,0.398,1.84,1312,ok
0131651AR,788.06,334.02,40.53,Platanus × acerifolia,True,SEGONA,Pg Andreu Nin,11.79,80.8,10.14,3.75,0.387,1.9,3977,ok
0131652AR,303.55,742.77,60.39,Platanus × acerifolia,True,TERCERA,C\ Pintor Alsamora,17.34,136.8,13.2,7.8,0.164,3.62,3578,ok
0131653AR,987.12,622.16,41.38,Celtis australis,False,EXEMPLAR,Av Meridiana,9.89,2.2,1.69,9.38,0.0,7.82,47,few_points
0131655AR,329.68,411.45,50.34,Robinia pseudoacacia 'Pyramidalis',False,SEGONA,C\ Deià,15.74,46.0,7.65,5.81,0.211,3.12,2181,ok
0131656AR,201.02,472.66,55.16,Jacaranda mimosifolia,False,TERCERA,C\ Andratx,17.66,109.2,11.79,7.01,0.134,4.02,3269,ok
0131657AR,258.65,618.14,56.89,Catalpa bignonioides,False,TERCERA,C\ Valldemossa,9.12,3.8,2.19,4.75,0.211,3.11,145,ok
0131658AR,77.24,511.85,59.63,Platanus × acerifolia,True,SEGONA,C\ Doctor Pi i Molist,17.38,41.0,7.23,8.93,0.291,2.47,1774,ok
0131659AR,874.12,202.6,39.37,Celtis australis,False,SEGONA,Av Meridiana,6.17,17.0,4.65,3.93,0.514,1.33,715,ok
0131661AR,529.71,252.29,42.78,Tipuana tipu,False,PRIMERA,C\ Torrent de Can Piquer,10.25,7.8,3.14,3.25,0.359,2.05,322,ok
0131662AR,704.8,180.35,40.5,Citrus × aurantium,False,PRIMERA,C\ Alella,,0.0,0.0,,,,0,no_crown_detected
0131663AR,794.23,193.59,39.23,Platanus × acerifolia PLATANOR® 'Vallis Clausa',True,PRIMERA,Av Rio de Janeiro,6.93,0.2,0.56,5.71,0.286,2.51,11,no_crown_detected
0131665AR,947.07,1052.34,43.62,Platanus × acerifolia,True,SEGONA,Pg Valldaura,13.92,32.8,6.46,3.13,0.277,2.57,1582,ok
0131666AR,929.28,373.79,40.05,Celtis australis,False,PRIMERA,Av Meridiana,4.94,3.0,1.95,2.61,0.598,1.03,130,ok
0131667AR,533.37,886.92,56.04,Melia azedarach,False,TERCERA,C\ Escultor Ordóñez,7.48,39.0,7.05,3.89,0.361,2.04,870,ok
0131668AR,643.0,51.0,45.14,Platanus × acerifolia,True,TERCERA,Pg Fabra i Puig,15.45,129.2,12.83,9.09,0.276,2.58,2727,ok
0131672AR,779.63,212.63,39.65,Platanus × acerifolia,True,SEGONA,Av Rio de Janeiro,11.34,31.2,6.31,6.02,0.372,1.98,1473,ok
0131673AR,677.72,495.77,44.88,Tipuana tipu,False,TERCERA,Av Rio de Janeiro,10.51,81.5,10.19,4.92,0.333,2.2,3694,ok
0131674AR,968.38,520.83,40.88,Celtis australis,False,PRIMERA,Av Meridiana,13.45,2.5,1.78,10.6,0.333,2.2,119,ok
0131675AR,887.0,198.0,39.38,Platanus × acerifolia,True,EXEMPLAR,Av Meridiana,15.93,85.8,10.45,6.44,0.424,1.71,4769,ok
0131676AR,1007.29,641.87,41.55,Platanus × acerifolia,True,EXEMPLAR,Av Meridiana,16.05,40.0,7.14,7.45,0.353,2.08,2059,ok
0131678AR,806.45,402.64,40.89,Platanus × acerifolia,True,SEGONA,Pg Andreu Nin,7.56,8.5,3.29,5.45,0.376,1.96,370,ok
0131681AR,68.1,602.61,63.25,Brachychiton populneus,False,TERCERA,C\ Doctor Pi i Molist,10.47,27.2,5.89,5.11,0.409,1.79,1192,ok
0131682AR,461.74,393.93,46.41,Celtis australis,False,TERCERA,Pg Ciutat de Mallorca,16.5,114.8,12.09,6.46,0.279,2.55,6162,ok
0131683AR,515.15,351.3,45.43,Platanus × acerifolia,True,TERCERA,Pg Ciutat de Mallorca,13.53,57.2,8.54,6.06,0.316,2.31,3088,ok
0131684AR,290.71,61.33,53.21,Platanus × acerifolia,True,TERCERA,Pg Fabra i Puig,14.22,80.2,10.11,7.67,0.292,2.46,1995,ok
0131685AR,752.61,131.3,40.65,Brachychiton populneus,False,PRIMERA,C\ Vèlia,4.53,1.2,1.26,2.99,0.478,1.48,48,no_crown_detected
0131687AR,767.35,814.91,45.85,Melia azedarach,False,EXEMPLAR,C\ Rosselló i Porcel,10.96,122.2,12.48,5.41,0.198,3.24,2698,ok
0131688AR,868.54,512.76,41.32,Tilia x europaea,False,SEGONA,C\ Pintor Alsamora,9.07,18.0,4.79,5.13,0.195,3.27,762,ok
0131689AR,968.1,552.02,40.99,Celtis australis,False,SEGONA,Av Meridiana,9.08,4.2,2.33,3.53,0.545,1.21,173,ok
0131691AR,288.48,447.54,52.2,Brachychiton populneus,False,EXEMPLAR,C\ Deià,11.06,26.5,5.81,5.71,0.446,1.62,1205,ok
0131692AR,920.65,400.72,40.17,Platanus × acerifolia,True,TERCERA,Av Meridiana,17.12,39.2,7.07,7.77,0.393,1.87,2732,ok
0131693AR,410.35,930.57,60.77,Ligustrum lucidum,False,SEGONA,C\ Garrofers,6.57,20.8,5.14,4.31,0.329,2.22,258,ok
0131694AR,683.75,196.42,40.89,Citrus × aurantium,False,PRIMERA,C\ Malgrat,14.94,16.0,4.51,3.44,0.329,2.23,599,ok
0131695AR,678.16,617.82,45.93,Populus nigra 'Italica',False,PRIMERA,Av Rio de Janeiro,7.72,2.5,1.78,3.77,0.366,2.01,143,ok
0131696AR,760.98,85.21,41.32,Brachychiton populneus,False,SEGONA,C\ Vèlia,8.38,7.8,3.14,3.34,0.372,1.98,385,ok
0131698AR,968.13,1006.76,41.28,Handroanthus heptaphyllus,False,PRIMERA,Pg Andreu Nin,,0.0,0.0,,,,0,no_crown_detected
0131699AR,798.27,188.55,39.15,Platanus × acerifolia,True,SEGONA,Av Rio de Janeiro,13.03,74.8,9.76,4.99,0.357,2.06,4168,ok
0131700AR,982.67,604.29,41.25,Celtis australis,False,SEGONA,Av Meridiana,16.22,5.2,2.59,3.89,0.405,1.81,216,ok
0131701AR,559.59,53.42,47.23,Platanus × acerifolia,True,TERCERA,Pg Fabra i Puig,15.0,59.8,8.72,8.18,0.259,2.7,1407,ok
0131702AR,174.59,752.49,66.14,Citrus × aurantium,False,PRIMERA,Pl Portocristo,4.81,11.2,3.78,3.68,0.247,2.8,85,ok
0131704AR,295.14,644.86,57.25,X chitalpa tashkentensis 'minsum' SUMMER BELLS®,False,PRIMERA,C\ Selva,5.44,19.2,4.95,2.84,0.493,1.41,878,ok
0131705AR,496.92,236.9,44.1,Brachychiton populneus,False,TERCERA,C\ Torrent de Can Piquer,10.95,15.8,4.48,5.2,0.256,2.72,821,ok
0131707AR,371.51,628.26,54.63,Melia azedarach,False,TERCERA,C\ Escultor Ordóñez,10.69,61.8,8.87,5.26,0.422,1.73,3075,ok
0131709AR,801.18,805.79,44.11,Melia azedarach,False,TERCERA,C\ Rosselló i Porcel,8.63,2.2,1.69,5.47,0.275,2.59,51,ok
0131712AR,210.86,803.42,65.84,Platanus × acerifolia,True,EXEMPLAR,Pl Jardins d'Alfàbia,15.65,3.2,2.03,6.19,0.22,3.03,123,ok
0131713AR,890.45,504.92,41.11,Tilia x europaea,False,SEGONA,C\ Pintor Alsamora,6.99,8.2,3.24,3.48,0.321,2.28,337,ok
0131714AR,899.99,835.33,40.85,Celtis australis,False,EXEMPLAR,Pg Andreu Nin,9.15,6.8,2.93,4.33,0.215,3.07,107,ok
0131715AR,924.11,412.11,40.2,Platanus × acerifolia,True,TERCERA,Av Meridiana,14.05,2.2,1.69,6.41,0.382,1.92,151,ok
0131716AR,215.24,886.36,68.27,Platanus × acerifolia,True,TERCERA,Pg Verdum,17.34,52.0,8.14,6.88,0.158,3.69,1363,ok
0131717AR,551.66,907.61,56.39,Melia azedarach,False,EXEMPLAR,C\ Escultor Ordóñez,16.98,69.8,9.42,5.67,0.293,2.45,1364,ok
0131721AR,173.98,530.33,57.34,Celtis australis,False,EXEMPLAR,C\ Deià,14.7,146.5,13.66,6.93,0.158,3.7,5173,ok
0131722AR,870.82,787.14,42.32,Acer negundo,False,TERCERA,C\ Rosselló i Porcel,9.15,53.2,8.23,4.51,0.248,2.79,1073,ok
0131723AR,200.7,208.82,55.31,Platanus × acerifolia,True,TERCERA,C\ Doctor Pi i Molist,18.51,36.0,6.77,10.65,0.31,2.34,1899,ok
0131724AR,1086.38,957.03,42.72,Celtis sinensis,False,TERCERA,Av Meridiana,9.67,57.8,8.57,5.24,0.168,3.57,1059,ok
0131725AR,482.0,251.0,44.32,Casuarina cunninghamiana,False,PRIMERA,C\ Piferrer,20.5,62.2,8.9,7.07,0.176,3.48,2824,ok
0131726AR,801.31,383.92,40.81,Platanus × acerifolia,True,SEGONA,Pg Andreu Nin,9.04,32.5,6.43,3.98,0.397,1.85,1453,ok
0131727AR,444.54,334.57,46.09,Handroanthus heptaphyllus,False,PRIMERA,C\ Deià,7.17,30.8,6.26,3.29,0.09,4.82,884,ok
0131728AR,892.71,728.01,42.16,Platanus × acerifolia,True,TERCERA,Pg Andreu Nin,12.11,72.0,9.57,4.74,0.24,2.85,1790,ok
0131729AR,374.89,636.06,54.75,Melia azedarach,False,EXEMPLAR,C\ Escultor Ordóñez,10.99,63.8,9.01,4.99,0.366,2.01,3477,ok
0131734AR,865.18,538.24,41.74,Tilia x europaea,False,SEGONA,C\ Pintor Alsamora,8.4,62.2,8.9,3.54,0.365,2.02,2936,ok
0131735AR,669.6,175.19,40.91,Citrus × aurantium,False,PRIMERA,C\ Alella,5.28,6.8,2.93,4.13,0.454,1.58,250,ok
0131736AR,249.29,623.84,57.42,Catalpa bignonioides,False,SEGONA,C\ Valldemossa,18.01,38.8,7.02,5.11,0.322,2.27,1386,ok
0131737AR,474.58,138.2,46.04,Platanus × acerifolia,True,TERCERA,C\ Arnau d'Oms,17.82,46.8,7.72,9.87,0.321,2.27,2310,ok
0131739AR,895.73,283.24,39.85,Celtis australis,False,SEGONA,Av Meridiana,6.76,23.0,5.41,4.93,0.486,1.44,829,ok
0131741AR,753.55,158.62,40.13,Brachychiton populneus,False,SEGONA,C\ Vèlia,6.24,11.5,3.83,3.41,0.46,1.55,395,ok
0131743AR,672.02,472.61,45.38,Tipuana tipu,False,TERCERA,Av Rio de Janeiro,10.54,3.0,1.95,6.61,0.397,1.85,102,ok
0131744AR,778.72,349.52,40.73,Platanus × acerifolia,True,TERCERA,Pg Andreu Nin,12.55,61.8,8.87,6.93,0.332,2.21,3124,ok
0131745AR,292.62,748.8,60.91,Platanus × acerifolia,True,SEGONA,C\ Pintor Alsamora,10.39,1.2,1.26,7.51,0.3,2.41,20,no_crown_detected
0131746AR,752.47,265.82,40.44,Ulmus pumila,False,EXEMPLAR,Av Rio de Janeiro,8.36,8.5,3.29,3.88,0.317,2.3,395,ok
0131747AR,707.89,640.31,46.09,Populus alba 'Pyramidalis',False,SEGONA,Av Rio de Janeiro,12.95,16.8,4.62,3.29,0.164,3.62,938,ok
0131748AR,962.16,529.07,40.9,Celtis australis,False,TERCERA,Av Meridiana,11.18,12.8,4.03,4.18,0.368,2.0,547,ok
0131749AR,899.0,239.0,39.74,Platanus × acerifolia,True,EXEMPLAR,Av Meridiana,20.08,121.0,12.41,9.19,0.363,2.02,7398,ok
0131750AR,611.67,268.62,42.94,Platanus × acerifolia,True,EXEMPLAR,C\ Santapau,23.04,143.2,13.51,10.36,0.157,3.71,7966,ok
0131752AR,103.33,447.57,57.66,Platanus × acerifolia,True,SEGONA,C\ Doctor Pi i Molist,13.03,34.2,6.6,5.83,0.361,2.04,1633,ok
0131753AR,791.58,938.83,48.07,Platanus × acerifolia,True,TERCERA,Av Rio de Janeiro,12.1,60.2,8.76,6.16,0.298,2.42,1902,ok
0131756AR,407.2,375.71,47.44,Platanus × acerifolia,True,SEGONA,C\ Deià,16.2,11.0,3.74,7.3,0.35,2.1,527,ok
0131757AR,257.39,65.17,54.17,Tipuana tipu,False,SEGONA,C\ Doctor Pi i Molist,9.78,16.2,4.55,4.91,0.331,2.21,338,ok
0131758AR,834.95,1018.94,48.36,Platanus × acerifolia,True,SEGONA,Av Rio de Janeiro,8.93,5.2,2.59,3.81,0.288,2.49,139,ok
0131759AR,464.99,430.16,47.21,Platanus × acerifolia,True,TERCERA,C\ Estudiant,18.65,88.0,10.59,8.8,0.299,2.42,5707,ok
0131760AR,670.25,454.41,45.65,Tipuana tipu,False,TERCERA,Av Rio de Janeiro,11.25,64.2,9.04,6.96,0.4,1.83,2740,ok
0131761AR,870.63,509.85,41.25,Tilia x europaea,False,SEGONA,C\ Pintor Alsamora,6.47,2.2,1.69,3.42,0.429,1.69,90,ok
0131762AR,523.08,179.25,43.32,Citrus × aurantium,False,PRIMERA,C\ Alella,6.04,7.8,3.14,4.24,0.384,1.91,320,ok
0131763AR,844.09,546.78,41.68,Platanus × acerifolia,True,SEGONA,Pg Andreu Nin,11.74,58.2,8.61,4.71,0.435,1.67,3269,ok
0131764AR,701.87,538.97,45.21,Jacaranda mimosifolia,False,TERCERA,C\ Pintor Alsamora,8.73,100.2,11.3,5.14,0.241,2.84,2837,ok
0131765AR,418.37,502.89,50.73,Platanus × acerifolia,True,TERCERA,C\ Valldemossa,13.21,77.0,9.9,5.83,0.384,1.91,3648,ok
0131768AR,110.72,634.54,62.9,Platanus × acerifolia,True,TERCERA,C\ Felanitx,15.46,75.8,9.82,8.1,0.284,2.52,3968,ok
0131770AR,201.85,592.65,57.91,Morus alba,False,SEGONA,C\ Deià,8.4,8.2,3.24,4.68,0.107,4.47,155,ok
0131771AR,942.02,960.85,40.53,Catalpa bignonioides,False,TERCERA,Pg Andreu Nin,8.98,24.0,5.53,5.16,0.244,2.82,352,ok
0131772AR,486.97,180.27,44.21,Citrus × aurantium,False,PRIMERA,C\ Alella,4.5,1.2,1.26,3.95,0.214,3.08,41,no_crown_detected
0131774AR,528.57,899.94,56.7,Acer monspessulanum,False,SEGONA,C\ Lluc,9.39,3.2,2.03,4.19,0.305,2.37,59,ok
0131775AR,934.63,372.24,40.08,Platanus × acerifolia,True,SEGONA,Av Meridiana,14.1,96.5,11.08,7.62,0.456,1.57,5105,ok
0131776AR,501.24,837.1,56.12,Melia azedarach,False,SEGONA,C\ Escultor Ordóñez,6.42,30.0,6.18,3.65,0.391,1.88,622,ok
0131777AR,1031.31,785.46,42.1,Celtis australis,False,EXEMPLAR,Av Meridiana,10.78,110.2,11.85,5.37,0.157,3.71,1756,ok
0131778AR,547.91,53.79,47.5,Platanus × acerifolia PLATANOR® 'Vallis Clausa',True,PRIMERA,Pg Fabra i Puig,8.42,13.2,4.11,2.04,0.186,3.37,253,ok
0131779AR,345.37,329.74,48.43,Celtis australis,False,EXEMPLAR,Ptge Alfonso Lafuente,11.19,109.5,11.81,5.15,0.297,2.43,4254,ok
0131780AR,532.93,339.35,44.99,Casuarina cunninghamiana,False,SEGONA,C\ Piferrer,5.26,0.2,0.56,5.26,0.667,0.81,7,no_crown_detected
0131783AR,576.69,183.76,42.39,Citrus × aurantium,False,SEGONA,C\ Alella,14.01,12.8,4.03,4.01,0.345,2.13,266,ok
0131784AR,235.11,632.68,58.24,Catalpa bignonioides,False,SEGONA,C\ Valldemossa,8.52,41.5,7.27,5.08,0.42,1.74,1455,ok
0131785AR,658.52,1009.44,55.13,Grevillea robusta,False,PRIMERA,Pg Valldaura,10.79,6.2,2.82,4.04,0.306,2.37,186,ok
0131787AR,647.17,899.34,53.49,Ligustrum lucidum,False,SEGONA,C\ Horitzontal,5.4,14.8,4.33,3.43,0.151,3.78,199,ok
0131788AR,582.56,943.69,56.72,Melia azedarach,False,EXEMPLAR,C\ Escultor Ordóñez,19.1,65.5,9.13,7.74,0.111,4.4,1164,ok
0131790AR,61.9,593.68,63.24,Melia azedarach,False,SEGONA,C\ Doctor Pi i Molist,12.26,2.8,1.87,5.02,0.123,4.19,115,ok
0131793AR,385.32,860.36,60.95,Fraxinus ornus 'Mecsek',False,PRIMERA,C\ Eduard Tubau,,0.0,0.0,,,,0,no_crown_detected
0131794AR,906.52,268.03,39.82,Platanus × acerifolia,True,SEGONA,Av Meridiana,14.02,72.8,9.62,6.57,0.415,1.76,3719,ok
0131795AR,211.8,181.56,55.1,Platanus × acerifolia,True,SEGONA,C\ Doctor Pi i Molist,19.18,76.2,9.85,11.87,0.305,2.38,3258,ok
0131796AR,485.4,817.04,56.73,Melia azedarach,False,EXEMPLAR,C\ Escultor Ordóñez,9.35,86.5,10.49,4.55,0.271,2.61,1841,ok
0131797AR,869.68,540.4,41.78,Tilia x europaea,False,TERCERA,C\ Pintor Alsamora,9.42,37.5,6.91,2.75,0.267,2.64,1644,ok
0131798AR,597.55,413.3,46.25,Casuarina cunninghamiana,False,PRIMERA,C\ Piferrer,16.29,15.5,4.44,7.01,0.325,2.25,1089,ok
0131799AR,205.15,197.73,55.19,Platanus × acerifolia,True,TERCERA,C\ Doctor Pi i Molist,21.25,39.8,7.11,12.77,0.264,2.67,1915,ok
0131800AR,686.02,662.61,46.16,Morus alba,False,SEGONA,Av Rio de Janeiro,5.07,19.5,4.98,3.18,0.547,1.21,765,ok
0131802AR,160.66,666.89,62.45,Platanus × acerifolia,True,SEGONA,C\ Valldemossa,11.57,91.2,10.78,4.35,0.406,1.8,2976,ok
0131803AR,990.6,659.44,41.61,Platanus × acerifolia,True,TERCERA,Av Meridiana,13.32,116.0,12.15,4.64,0.249,2.78,6267,ok
0131804AR,459.94,103.62,47.85,Koelreuteria paniculata 'Fastigiata',False,PRIMERA,C\ Arnau d'Oms,15.56,41.5,7.27,7.15,0.242,2.83,1710,ok
0131805AR,510.06,359.83,45.51,Pinus pinea,False,EXEMPLAR,Pg Ciutat de Mallorca,10.92,97.5,11.14,6.79,0.32,2.28,3289,ok
0131807AR,345.26,749.01,59.65,Platanus × acerifolia,True,SEGONA,C\ Selva,8.54,2.2,1.69,5.94,0.077,5.13,39,few_points
0131808AR,684.56,313.54,42.52,Tipuana tipu,False,SEGONA,Pg Ciutat de Mallorca,7.62,57.8,8.57,4.58,0.483,1.46,2409,ok
0131809AR,816.0,440.26,41.09,Platanus × acerifolia,True,TERCERA,Pg Andreu Nin,13.22,86.0,10.46,4.68,0.362,2.03,4794,ok
0131811AR,874.01,534.04,41.64,Prunus cerasifera 'Pissardii',False,PRIMERA,C\ Pintor Alsamora,,0.0,0.0,,,,0,no_crown_detected
0131812AR,683.87,203.32,40.93,Citrus × aurantium,False,PRIMERA,C\ Malgrat,13.45,9.2,3.43,3.5,0.304,2.38,302,ok
0131814AR,461.94,159.0,45.54,Koelreuteria paniculata 'Fastigiata',False,PRIMERA,C\ Arnau d'Oms,8.61,3.2,2.03,4.2,0.361,2.04,116,ok
0131815AR,149.16,335.3,56.43,Platanus × acerifolia,True,SEGONA,C\ Doctor Pi i Molist,15.32,3.2,2.03,8.65,0.312,2.33,133,ok
0131816AR,693.07,610.77,45.83,Fraxinus angustifolia 'Raywood',False,PRIMERA,Av Rio de Janeiro,12.68,14.2,4.26,4.42,0.302,2.39,784,ok
0131818AR,193.8,447.29,53.83,Jacaranda mimosifolia,False,SEGONA,C\ Andratx,5.58,8.0,3.19,4.09,0.405,1.81,239,ok
0131819AR,756.13,520.16,43.51,Jacaranda mimosifolia,False,TERCERA,C\ Pintor Alsamora,9.68,125.2,12.63,4.59,0.271,2.61,4533,ok
0131820AR,252.0,68.0,54.31,Tipuana tipu,False,TERCERA,C\ Doctor Pi i Molist,12.32,111.0,11.89,6.17,0.208,3.14,2561,ok
0131822AR,1079.38,909.06,42.74,Platanus × acerifolia,True,SEGONA,Av Meridiana,8.52,39.0,7.05,2.18,0.215,3.07,1018,ok
0131823AR,154.34,606.9,59.78,Photinia x fraseri 'Red Robin',False,PRIMERA,C\ Felanitx,6.28,1.5,1.38,2.84,0.524,1.29,73,no_crown_detected
0131825AR,887.72,867.7,40.0,Tipuana tipu,False,SEGONA,Pl Gabriel Alomar,7.61,48.8,7.88,3.86,0.328,2.23,1041,ok
0131826AR,1088.0,962.62,42.6,Celtis sinensis,False,TERCERA,Av Meridiana,9.97,57.2,8.54,3.6,0.186,3.37,938,ok
0131827AR,996.78,682.31,41.71,Platanus × acerifolia,True,SEGONA,Av Meridiana,12.87,106.0,11.62,5.25,0.195,3.27,2720,ok
0131828AR,785.49,965.03,48.92,Platanus × acerifolia,True,TERCERA,Av Rio de Janeiro,13.09,13.2,4.11,7.44,0.106,4.48,254,ok
0131830AR,687.39,652.62,45.99,Fraxinus angustifolia 'Raywood',False,PRIMERA,Av Rio de Janeiro,12.4,29.8,6.15,2.99,0.425,1.71,1441,ok
0131831AR,455.16,197.31,44.74,Tipuana tipu,False,SEGONA,Plta Rafaela Serrano,9.3,62.8,8.94,3.81,0.298,2.42,2766,ok
0131832AR,957.63,968.11,40.66,Catalpa bignonioides,False,SEGONA,Pg Andreu Nin,5.97,9.0,3.39,4.14,0.478,1.48,184,ok
0131833AR,542.48,245.1,42.65,Tipuana tipu,False,EXEMPLAR,C\ Torrent de Can Piquer,15.39,181.8,15.21,5.57,0.19,3.32,7341,ok
0131834AR,872.52,196.35,39.3,Celtis australis,False,TERCERA,Av Meridiana,7.57,51.5,8.1,4.15,0.447,1.61,1957,ok
0131835AR,892.45,216.13,39.53,Platanus × acerifolia,True,EXEMPLAR,Av Meridiana,18.16,124.2,12.58,6.49,0.323,2.26,8122,ok
0131837AR,1080.03,933.8,42.72,Celtis sinensis,False,TERCERA,Av Meridiana,8.66,50.2,8.0,5.03,0.279,2.55,1028,ok
0131838AR,498.0,468.0,48.55,Brachychiton populneus,False,SEGONA,C\ Estudiant,7.91,8.5,3.29,2.89,0.437,1.65,433,ok
0131840AR,284.85,61.33,53.31,Platanus × acerifolia,True,TERCERA,Pg Fabra i Puig,14.01,53.0,8.21,7.84,0.279,2.55,1442,ok
0131841AR,442.56,352.21,46.31,Catalpa bignonioides,False,PRIMERA,C\ Deià,,0.0,0.0,,,,0,no_crown_detected
0131842AR,350.75,410.27,49.73,Platanus × acerifolia,True,SEGONA,C\ Deià,12.85,30.8,6.26,8.61,0.369,1.99,1269,ok
0131844AR,241.2,423.78,52.48,Hesperocyparis macrocarpa,False,SEGONA,C\ Andratx,10.43,17.0,4.65,2.52,0.2,3.22,794,ok
0131845AR,915.63,302.4,39.96,Platanus × acerifolia,True,TERCERA,Av Meridiana,13.4,60.8,8.79,7.16,0.463,1.54,3201,ok
0131846AR,626.14,51.45,45.6,Platanus × acerifolia,True,SEGONA,Pg Fabra i Puig,12.04,18.5,4.85,7.48,0.189,3.33,397,ok
0131847AR,491.7,958.54,60.22,Acer monspessulanum,False,SEGONA,C\ Lluc,6.92,15.0,4.37,4.18,0.354,2.07,189,ok
0131848AR,474.76,151.94,45.44,Celtis australis,False,TERCERA,C\ Arnau d'Oms,11.25,19.0,4.92,7.35,0.214,3.09,746,ok
0131849AR,785.71,47.04,41.32,Platanus × acerifolia,True,TERCERA,Pg Fabra i Puig,14.98,107.8,11.71,7.27,0.183,3.4,2372,ok
0131850AR,221.69,478.47,54.32,Robinia pseudoacacia,False,SEGONA,C\ Deià,28.73,36.0,6.77,4.1,0.256,2.72,1348,ok
0131851AR,1114.73,1042.65,42.08,Platanus × acerifolia,True,EXEMPLAR,Av Meridiana,16.1,78.5,10.0,5.43,0.152,3.76,2283,ok
0131852AR,389.09,521.44,51.66,Platanus × acerifolia,True,EXEMPLAR,C\ Valldemossa,13.55,2.2,1.69,7.44,0.55,1.2,124,ok
0131853AR,455.0,396.0,46.41,Platanus × acerifolia,True,PRIMERA,Pg Ciutat de Mallorca,11.6,7.8,3.14,6.01,0.371,1.98,421,ok
0131856AR,65.64,668.58,65.99,Platanus × acerifolia,True,TERCERA,Pg Verdum,18.19,59.2,8.69,2.74,0.167,3.58,1765,ok
0131857AR,1015.28,695.71,41.74,Celtis occidentalis,False,PRIMERA,Av Meridiana,3.85,3.5,2.11,2.57,0.459,1.56,74,ok
0131858AR,554.39,265.75,42.52,Pyrus calleryana 'Chanticleer',False,PRIMERA,C\ Torrent de Can Piquer,9.32,3.2,2.03,6.56,0.04,6.44,101,ok
0131859AR,681.96,330.81,42.77,Celtis australis,False,SEGONA,Pg Ciutat de Mallorca,5.3,17.5,4.72,3.58,0.502,1.38,665,ok
0131861AR,715.95,772.78,46.82,Morus alba,False,SEGONA,Av Rio de Janeiro,5.25,19.8,5.01,3.42,0.378,1.95,347,ok
0131862AR,475.19,164.66,44.97,Platanus × acerifolia,True,TERCERA,C\ Arnau d'Oms,14.05,10.5,3.66,11.52,0.272,2.61,333,ok
0131863AR,948.74,424.49,40.22,Platanus × acerifolia,True,EXEMPLAR,Av Meridiana,16.79,118.5,12.28,8.21,0.383,1.92,7202,ok
0131864AR,1013.52,665.35,41.65,Platanus × acerifolia,True,TERCERA,Av Meridiana,12.27,38.0,6.96,6.85,0.43,1.69,2026,ok
0131865AR,289.97,403.04,50.05,Celtis australis,False,SEGONA,C\ Deià,17.28,53.2,8.23,2.58,0.239,2.86,1956,ok
0131866AR,967.5,515.37,40.87,Celtis australis,False,PRIMERA,Av Meridiana,13.62,18.0,4.79,8.24,0.384,1.91,958,ok
0131867AR,477.21,476.44,48.84,Robinia pseudoacacia,False,TERCERA,C\ Valldemossa,15.2,44.2,7.51,6.94,0.355,2.07,2542,ok
0131868AR,356.12,574.29,53.97,Melia azedarach,False,EXEMPLAR,C\ Escultor Ordóñez,11.95,58.2,8.61,4.92,0.375,1.96,3185,ok
0131870AR,887.05,86.54,38.68,Platanus × acerifolia,True,TERCERA,Av Rio de Janeiro,15.81,22.0,5.29,9.4,0.281,2.54,1114,ok
0131871AR,1043.83,1059.59,41.18,Platanus × acerifolia,True,SEGONA,Pg Valldaura,12.24,54.8,8.35,5.77,0.441,1.64,2968,ok
0131872AR,675.3,528.2,46.05,Tipuana tipu,False,TERCERA,Av Rio de Janeiro,17.48,99.5,11.26,4.34,0.288,2.49,4769,ok
0131873AR,684.41,384.68,44.25,Melia azedarach,False,EXEMPLAR,Av Rio de Janeiro,11.2,143.2,13.51,4.54,0.357,2.06,6169,ok
0131874AR,797.78,988.67,49.03,Platanus × acerifolia,True,TERCERA,Av Rio de Janeiro,17.47,79.5,10.06,7.15,0.204,3.17,1971,ok
0131875AR,1021.84,719.46,41.92,Celtis australis,False,SEGONA,Av Meridiana,6.0,8.0,3.19,4.01,0.244,2.82,123,ok
0131876AR,493.2,321.59,44.69,Handroanthus heptaphyllus,False,PRIMERA,C\ Deià,8.06,12.8,4.03,3.06,0.393,1.87,599,ok
0131878AR,1004.24,630.71,41.48,Platanus × acerifolia,True,EXEMPLAR,Av Meridiana,19.51,74.5,9.74,5.96,0.29,2.47,4505,ok
0131879AR,812.88,169.38,38.81,Platanus × acerifolia,True,SEGONA,Av Rio de Janeiro,11.02,27.5,5.92,6.28,0.317,2.3,1178,ok
0131881AR,105.28,736.05,67.36,Platanus × acerifolia,True,TERCERA,Pg Verdum,19.71,60.2,8.76,6.21,0.179,3.44,1849,ok
0131882AR,158.6,444.33,54.9,Casuarina cunninghamiana,False,PRIMERA,C\ Maladeta,15.17,33.2,6.51,3.97,0.245,2.81,2282,ok
0131884AR,565.55,861.21,53.76,Gleditsia triacanthos,False,SEGONA,C\ Garrofers,7.78,29.5,6.13,5.52,0.407,1.8,634,ok
0131885AR,973.42,513.73,40.92,Platanus × acerifolia,True,TERCERA,Av Meridiana,16.61,85.0,10.4,8.44,0.353,2.08,5409,ok
0131886AR,1006.03,692.73,41.74,Celtis australis,False,TERCERA,Av Meridiana,12.99,38.5,7.0,5.47,0.222,3.01,934,ok
0131888AR,521.8,239.17,43.39,Tipuana tipu,False,SEGONA,C\ Torrent de Can Piquer,11.0,58.2,8.61,3.92,0.319,2.28,2599,ok
0131889AR,360.79,404.4,49.36,Platanus × acerifolia,True,TERCERA,C\ Deià,17.84,81.8,10.2,8.8,0.344,2.14,4211,ok
0131890AR,1008.95,647.98,41.6,Platanus × acerifolia,True,TERCERA,Av Meridiana,15.22,57.2,8.54,7.86,0.373,1.97,3060,ok
0131891AR,744.38,523.56,43.83,Jacaranda mimosifolia,False,TERCERA,C\ Pintor Alsamora,10.64,69.2,9.39,5.08,0.207,3.15,2570,ok
0131892AR,89.09,581.05,62.14,Styphnolobium japonicum,False,SEGONA,C\ Pollença,10.27,13.5,4.15,4.17,0.262,2.68,585,ok
0131893AR,475.15,880.57,57.3,Ligustrum lucidum,False,PRIMERA,C\ Garrofers,,0.0,0.0,,,,0,no_crown_detected
0131894AR,879.57,156.68,39.09,Platanus × acerifolia,True,EXEMPLAR,Av Meridiana,16.14,94.0,10.94,7.04,0.367,2.0,5152,ok
0131896AR,466.11,382.1,46.21,Celtis australis,False,SEGONA,Pg Ciutat de Mallorca,15.91,19.0,4.92,5.41,0.229,2.94,1022,ok
0131897AR,959.4,517.65,40.84,Celtis australis,False,PRIMERA,Av Meridiana,,0.0,0.0,,,,0,no_crown_detected
0131898AR,925.53,394.04,40.07,Celtis australis,False,SEGONA,Av Meridiana,14.14,21.8,5.26,5.1,0.354,2.08,1363,ok
0131903AR,1038.03,777.79,41.86,Celtis sinensis,False,SEGONA,Av Meridiana,7.49,10.8,3.7,5.22,0.251,2.76,167,ok
0131905AR,317.01,88.54,51.98,Pyrus calleryana 'Chanticleer',False,SEGONA,C\ Santanyí,6.96,11.8,3.87,3.86,0.512,1.34,415,ok
0131906AR,543.79,237.87,42.86,Tipuana tipu,False,EXEMPLAR,C\ Torrent de Can Piquer,12.49,27.2,5.89,2.66,0.245,2.81,1099,ok
0131907AR,763.09,167.21,40.01,Brachychiton populneus,False,SEGONA,C\ Vèlia,6.26,2.5,1.78,2.8,0.207,3.15,137,ok
0131908AR,1101.0,990.0,42.47,Platanus × acerifolia,True,TERCERA,Av Meridiana,13.44,71.8,9.56,4.02,0.239,2.86,2338,ok
0131910AR,954.01,499.52,40.8,Celtis australis,False,SEGONA,Av Meridiana,3.95,5.0,2.52,3.34,0.52,1.31,177,ok
0131912AR,473.71,117.42,46.88,Platanus × acerifolia,True,TERCERA,C\ Arnau d'Oms,14.9,52.5,8.18,9.21,0.273,2.59,2383,ok
0131913AR,202.75,203.3,55.22,Platanus × acerifolia,True,TERCERA,C\ Doctor Pi i Molist,21.96,115.5,12.13,12.09,0.293,2.45,6013,ok
0131914AR,750.9,58.99,42.1,Brachychiton populneus,False,SEGONA,C\ Vèlia,6.78,7.5,3.09,3.96,0.324,2.25,111,ok
0131915AR,657.7,410.76,45.73,Jacaranda mimosifolia,False,TERCERA,Av Rio de Janeiro,8.98,38.0,6.96,4.42,0.234,2.91,1404,ok
0131916AR,841.55,1030.18,48.29,Platanus × acerifolia,True,TERCERA,Av Rio de Janeiro,17.0,101.2,11.35,6.48,0.178,3.45,2665,ok
0131918AR,652.73,906.34,53.76,Ligustrum lucidum,False,SEGONA,C\ Horitzontal,11.34,22.0,5.29,3.79,0.204,3.18,334,ok
0131919AR,685.16,244.49,41.44,Citrus × aurantium,False,PRIMERA,C\ Malgrat,5.36,8.5,3.29,3.92,0.372,1.98,184,ok
0131920AR,1030.7,1064.39,41.07,Platanus × acerifolia,True,SEGONA,Pg Valldaura,12.38,38.8,7.02,6.84,0.399,1.84,2047,ok
0131922AR,582.28,52.84,46.7,Platanus × acerifolia,True,TERCERA,Pg Fabra i Puig,19.59,94.8,10.98,11.87,0.157,3.71,1954,ok
0131923AR,943.41,915.04,39.84,Catalpa bignonioides,False,SEGONA,Pg Andreu Nin,6.18,0.8,0.98,3.93,0.45,1.6,20,no_crown_detected
0131924AR,1018.0,682.0,41.76,Platanus × acerifolia,True,PRIMERA,Av Meridiana,7.92,3.8,2.19,5.0,0.385,1.91,96,ok
0131925AR,214.76,517.53,55.62,Tipuana tipu,False,EXEMPLAR,C\ Deià,18.57,44.5,7.53,10.77,0.207,3.15,1969,ok
0131927AR,915.48,499.26,40.92,Tilia x europaea,False,SEGONA,C\ Pintor Alsamora,6.31,18.2,4.82,3.39,0.47,1.51,821,ok
0131929AR,533.31,873.79,55.48,Gleditsia triacanthos,False,SEGONA,C\ Garrofers,6.86,24.0,5.53,4.35,0.459,1.56,460,ok
0131930AR,630.14,255.05,42.32,Pyrus calleryana 'Chanticleer',False,PRIMERA,C\ Torrent de Can Piquer,6.88,2.8,1.87,5.09,0.293,2.46,107,ok
0131932AR,878.79,244.16,39.7,Platanus × acerifolia,True,SEGONA,Av Meridiana,12.25,21.8,5.26,5.35,0.424,1.72,1094,ok
0131933AR,405.02,57.72,50.52,Platanus × acerifolia,True,TERCERA,Pg Fabra i Puig,15.49,63.0,8.96,8.27,0.264,2.66,1546,ok
0131934AR,822.88,45.9,40.48,Platanus × acerifolia,True,SEGONA,Pg Fabra i Puig,11.41,2.2,1.69,9.87,0.333,2.2,45,few_points
0131935AR,608.67,589.09,48.03,Jacaranda mimosifolia,False,TERCERA,C\ Pintor Alsamora,10.37,62.5,8.92,6.01,0.223,3.0,2085,ok
0131936AR,838.43,1025.12,48.25,Platanus × acerifolia,True,TERCERA,Av Rio de Janeiro,13.74,81.5,10.19,5.43,0.254,2.74,2267,ok
0131939AR,700.51,831.05,48.14,Gleditsia triacanthos,False,SEGONA,C\ Garrofers,6.54,12.8,4.03,4.39,0.454,1.58,273,ok
0131940AR,610.1,426.28,46.59,Casuarina cunninghamiana,False,SEGONA,C\ Piferrer,8.94,13.5,4.15,3.73,0.425,1.71,560,ok
0131942AR,224.2,783.32,64.29,Platanus × acerifolia,True,TERCERA,Pl Jardins d'Alfàbia,17.37,54.5,8.33,9.09,0.287,2.5,1605,ok
0131943AR,683.77,519.38,45.63,Tipuana tipu,False,SEGONA,Av Rio de Janeiro,7.27,5.2,2.59,3.96,0.408,1.79,215,ok
0131945AR,993.0,589.0,41.27,Platanus × acerifolia,True,TERCERA,Av Meridiana,16.25,100.0,11.28,7.67,0.361,2.04,6414,ok
0131946AR,1067.71,887.41,42.7,Celtis sinensis,False,TERCERA,Av Meridiana,7.24,39.5,7.09,3.69,0.385,1.91,891,ok
0131948AR,697.49,180.31,40.58,Citrus × aurantium,False,PRIMERA,C\ Alella,,0.0,0.0,,,,0,no_crown_detected
0131949AR,714.0,664.0,46.27,Populus alba 'Pyramidalis',False,EXEMPLAR,Av Rio de Janeiro,15.89,30.0,6.18,5.1,0.26,2.69,1962,ok
0131950AR,966.9,571.3,41.18,Platanus × acerifolia,True,EXEMPLAR,Av Meridiana,19.02,98.5,11.2,6.19,0.243,2.83,5129,ok
0131951AR,615.06,988.17,56.94,Platanus × acerifolia,True,SEGONA,Plta Avis,5.87,22.8,5.38,4.02,0.495,1.41,479,ok
0131952AR,363.34,591.83,54.18,Melia azedarach,False,EXEMPLAR,C\ Escultor Ordóñez,12.73,120.8,12.4,4.55,0.384,1.92,6503,ok
0131958AR,329.32,706.37,58.93,X chitalpa tashkentensis 'minsum' SUMMER BELLS®,False,PRIMERA,C\ Selva,5.49,15.2,4.41,2.94,0.316,2.3,253,ok
0131959AR,157.79,379.03,55.99,Melia azedarach,False,EXEMPLAR,C\ Porta,8.97,83.0,10.28,5.21,0.469,1.52,3390,ok
0131960AR,294.18,242.83,50.64,Prunus cerasifera 'Pissardii',False,PRIMERA,C\ Porta,,0.0,0.0,,,,0,no_crown_detected
0131961AR,574.8,380.85,45.56,Casuarina cunninghamiana,False,SEGONA,C\ Piferrer,12.82,26.0,5.75,5.45,0.343,2.14,1131,ok
0131962AR,591.35,863.47,52.69,Gleditsia triacanthos,False,SEGONA,C\ Garrofers,9.9,149.5,13.8,5.08,0.301,2.4,3622,ok
0131963AR,210.89,473.93,54.62,Jacaranda mimosifolia,False,SEGONA,C\ Andratx,10.71,23.2,5.44,6.38,0.216,3.07,687,ok
0131966AR,234.2,127.18,54.71,Platanus × acerifolia,True,SEGONA,C\ Doctor Pi i Molist,16.21,1.5,1.38,9.57,0.303,2.39,57,no_crown_detected
0131967AR,356.06,553.93,53.41,Robinia pseudoacacia,False,TERCERA,C\ Valldemossa,15.03,72.0,9.57,7.35,0.321,2.27,4233,ok
0131969AR,794.57,209.46,39.44,Platanus × acerifolia,True,SEGONA,Av Rio de Janeiro,7.03,2.5,1.78,5.16,0.556,1.18,101,ok
0131970AR,508.7,936.76,58.72,Acer monspessulanum,False,PRIMERA,C\ Lluc,7.8,9.0,3.39,4.19,0.355,2.07,124,ok
0131971AR,456.69,100.23,48.05,Platanus × acerifolia,True,TERCERA,C\ Arnau d'Oms,17.0,45.5,7.61,9.22,0.289,2.48,2361,ok
0131972AR,352.79,905.41,62.78,Jacaranda mimosifolia,False,SEGONA,C\ Alcúdia,10.68,37.2,6.89,5.5,0.138,3.96,586,ok
0131974AR,769.57,241.59,39.96,Platanus × acerifolia,True,SEGONA,Av Rio de Janeiro,12.01,11.5,3.83,6.9,0.342,2.15,608,ok
0131976AR,468.81,396.59,46.15,Platanus × acerifolia,True,SEGONA,Pg Ciutat de Mallorca,14.02,94.5,10.97,6.79,0.265,2.66,5119,ok
0131977AR,305.7,908.22,64.61,Prunus cerasifera 'Pissardii',False,SEGONA,C\ Eduard Tubau,11.57,37.0,6.86,4.55,0.266,2.65,835,ok
0131979AR,215.02,439.62,53.89,Hesperocyparis macrocarpa,False,SEGONA,C\ Andratx,13.59,14.8,4.33,3.5,0.264,2.66,770,ok
0131980AR,541.82,872.19,55.04,Gleditsia triacanthos,False,SEGONA,C\ Garrofers,8.72,59.0,8.67,4.58,0.361,2.04,1303,ok
0131982AR,502.01,259.29,44.28,Celtis australis,False,SEGONA,C\ Piferrer,13.27,26.8,5.84,5.74,0.27,2.62,1265,ok
0131983AR,63.81,613.3,63.91,Brachychiton populneus,False,SEGONA,C\ Doctor Pi i Molist,5.48,3.8,2.19,3.73,0.531,1.27,157,ok
0131986AR,402.87,958.97,62.7,Robinia pseudoacacia 'Bessoniana',False,PRIMERA,Pl Otero Pedrayo,,0.0,0.0,,,,0,no_crown_detected
0131988AR,441.06,206.67,44.95,Tipuana tipu,False,SEGONA,Plta Rafaela Serrano,9.46,124.0,12.57,3.78,0.25,2.77,5088,ok
0131989AR,486.39,885.05,57.08,Ligustrum lucidum,False,PRIMERA,C\ Garrofers,4.21,10.2,3.61,3.34,0.51,1.35,196,ok
0131990AR,512.28,842.14,55.87,Melia azedarach,False,EXEMPLAR,C\ Escultor Ordóñez,9.39,88.0,10.59,3.87,0.203,3.18,1755,ok
0131991AR,1033.31,760.0,41.74,Celtis australis,False,SEGONA,Av Meridiana,7.32,13.0,4.07,4.32,0.18,3.43,194,ok
0131992AR,779.47,47.11,41.52,Platanus × acerifolia,True,TERCERA,Pg Fabra i Puig,15.94,74.8,9.76,6.69,0.206,3.16,1760,ok
0131993AR,930.31,1057.75,44.64,Brachychiton populneus,False,SEGONA,Pg Valldaura,8.02,12.8,4.03,3.27,0.431,1.68,608,ok
0131994AR,1014.25,690.49,41.72,Celtis australis,False,SEGONA,Av Meridiana,5.79,9.8,3.52,4.21,0.452,1.59,210,ok
0131995AR,279.82,387.5,49.62,Celtis australis,False,TERCERA,C\ Deià,18.24,46.2,7.67,4.96,0.201,3.21,1503,ok
0131996AR,990.13,577.59,41.2,Platanus × acerifolia,True,TERCERA,Av Meridiana,13.25,20.0,5.05,6.73,0.406,1.8,1037,ok
0131997AR,641.17,176.01,41.62,Citrus × aurantium,False,PRIMERA,C\ Alella,5.2,10.5,3.66,3.95,0.352,2.09,346,ok
0131998AR,1000.89,618.79,41.41,Platanus × acerifolia,True,EXEMPLAR,Av Meridiana,18.14,91.0,10.76,7.07,0.327,2.24,5068,ok
0131999AR,855.88,129.99,38.56,Platanus × acerifolia,True,SEGONA,Av Rio de Janeiro,12.37,60.0,8.74,5.77,0.366,2.01,3104,ok
0132000AR,582.3,858.26,53.0,Gleditsia triacanthos,False,SEGONA,C\ Garrofers,7.18,34.8,6.65,4.6,0.37,1.99,825,ok
0132004AR,153.53,595.38,59.51,Platanus × acerifolia,True,SEGONA,C\ Felanitx,11.2,31.5,6.33,5.71,0.334,2.19,1831,ok
0132005AR,692.42,685.34,46.31,Morus alba,False,SEGONA,Av Rio de Janeiro,4.21,4.0,2.26,3.19,0.485,1.45,68,ok
0132006AR,1044.9,782.41,42.06,Platanus × acerifolia,True,TERCERA,Av Meridiana,13.51,75.8,9.82,5.8,0.251,2.76,2060,ok
0132008AR,988.46,571.61,41.2,Platanus × acerifolia,True,TERCERA,Av Meridiana,15.4,111.5,11.91,7.5,0.364,2.02,6510,ok
0132009AR,1071.94,1070.39,41.03,Platanus × acerifolia,True,SEGONA,Pg Valldaura,13.4,24.5,5.59,6.94,0.397,1.85,1354,ok
0132010AR,56.99,605.78,63.84,Platanus × acerifolia,True,TERCERA,C\ Doctor Pi i Molist,10.47,2.2,1.69,6.37,0.391,1.88,103,ok
0132011AR,906.64,323.99,39.93,Celtis australis,False,SEGONA,Av Meridiana,6.02,18.0,4.79,3.59,0.548,1.2,711,ok
0132012AR,1062.97,870.35,42.71,Celtis sinensis,False,TERCERA,Av Meridiana,10.28,51.0,8.06,4.24,0.263,2.67,991,ok
0132013AR,787.04,203.22,39.45,Platanus × acerifolia,True,SEGONA,Av Rio de Janeiro,10.51,37.8,6.93,5.52,0.367,2.0,2045,ok
0132014AR,1085.73,932.3,42.78,Platanus × acerifolia,True,SEGONA,Pl Xandri,9.3,27.8,5.94,3.51,0.229,2.95,689,ok
0132015AR,793.98,513.75,42.23,Jacaranda mimosifolia,False,SEGONA,C\ Pintor Alsamora,7.55,31.5,6.33,4.6,0.259,2.7,976,ok
0132016AR,905.04,262.03,39.84,Platanus × acerifolia,True,TERCERA,Av Meridiana,14.3,72.5,9.61,6.76,0.392,1.87,3674,ok
0132017AR,116.38,415.82,57.22,Platanus × acerifolia,True,SEGONA,C\ Doctor Pi i Molist,15.93,32.5,6.43,8.99,0.312,2.33,1596,ok
0132018AR,711.97,761.5,46.64,Morus alba,False,PRIMERA,Av Rio de Janeiro,9.77,21.2,5.2,3.29,0.383,1.92,460,ok
0132020AR,951.97,435.87,40.27,Platanus × acerifolia,True,TERCERA,Av Meridiana,16.71,141.5,13.42,8.24,0.386,1.9,8416,ok
0132021AR,937.87,383.67,40.11,Platanus × acerifolia,True,SEGONA,Av Meridiana,14.81,40.0,7.14,7.86,0.398,1.84,2232,ok
0132022AR,518.88,288.53,44.43,Platanus × acerifolia,True,TERCERA,C\ Piferrer,19.6,121.5,12.44,9.85,0.283,2.53,6204,ok
0132023AR,298.69,912.49,64.98,Prunus cerasifera 'Pissardii',False,SEGONA,C\ Eduard Tubau,7.97,22.5,5.35,4.32,0.325,2.25,504,ok
0132024AR,299.1,362.01,48.98,Melia azedarach,False,TERCERA,C\ Maladeta,17.01,88.8,10.63,6.11,0.186,3.36,3433,ok
0132025AR,698.43,693.57,46.29,Fraxinus angustifolia 'Raywood',False,PRIMERA,Av Rio de Janeiro,15.36,8.2,3.24,6.49,0.311,2.34,283,ok
0132026AR,716.89,762.74,46.52,Fraxinus angustifolia 'Raywood',False,PRIMERA,Av Rio de Janeiro,11.62,5.0,2.52,4.6,0.335,2.18,155,ok
0132027AR,1009.09,704.01,41.81,Celtis australis,False,TERCERA,Av Meridiana,7.37,29.5,6.13,4.52,0.346,2.12,534,ok
0132028AR,544.35,899.43,56.29,Melia azedarach,False,TERCERA,C\ Escultor Ordóñez,8.64,37.2,6.89,4.48,0.351,2.09,848,ok
0132029AR,134.94,607.11,60.85,Platanus × acerifolia,True,SEGONA,C\ Felanitx,12.18,50.2,8.0,6.12,0.331,2.21,2832,ok
0132030AR,155.61,319.18,56.22,Platanus × acerifolia,True,SEGONA,C\ Doctor Pi i Molist,18.97,86.5,10.49,9.55,0.349,2.1,4610,ok
0132033AR,669.68,927.57,54.46,Ligustrum lucidum,False,SEGONA,C\ Horitzontal,7.66,18.2,4.82,3.79,0.207,3.15,222,ok
0132034AR,906.28,860.7,40.14,Celtis australis,False,EXEMPLAR,Pg Andreu Nin,8.41,53.2,8.23,4.49,0.173,3.51,808,ok
0132036AR,647.21,433.47,46.39,Casuarina cunninghamiana,False,TERCERA,Av Rio de Janeiro,10.6,1.5,1.38,6.38,0.25,2.77,23,no_crown_detected
0132037AR,821.06,459.21,41.21,Platanus × acerifolia,True,SEGONA,Pg Andreu Nin,10.14,48.8,7.88,4.09,0.39,1.88,2491,ok
0132039AR,873.61,843.45,40.11,Tipuana tipu,False,TERCERA,Pl Gabriel Alomar,11.42,121.0,12.41,5.55,0.177,3.47,2621,ok
0132040AR,913.24,371.7,40.05,Platanus × acerifolia,True,SEGONA,Av Meridiana,9.96,32.8,6.46,5.66,0.489,1.43,1666,ok
0132042AR,773.44,277.12,40.18,Catalpa bignonioides,False,PRIMERA,Pg Andreu Nin,,0.0,0.0,,,,0,no_crown_detected
0132043AR,79.69,642.37,64.68,Acer campestre 'Elsrijk',False,PRIMERA,C\ Felanitx,3.03,0.8,0.98,2.94,0.429,1.69,14,no_crown_detected
0132044AR,129.79,383.87,56.87,Platanus × acerifolia,True,SEGONA,C\ Doctor Pi i Molist,20.32,31.8,6.36,6.2,0.368,2.0,1502,ok
0132045AR,439.39,500.62,49.99,Robinia pseudoacacia,False,TERCERA,C\ Valldemossa,13.81,52.5,8.18,6.46,0.316,2.3,2745,ok
0132048AR,218.21,166.43,55.06,Platanus × acerifolia,True,TERCERA,C\ Doctor Pi i Molist,18.97,134.0,13.06,10.42,0.292,2.46,6219,ok
0132049AR,671.97,50.28,44.28,Platanus × acerifolia,True,TERCERA,Pg Fabra i Puig,13.01,82.5,10.25,7.52,0.257,2.72,1751,ok
0132050AR,956.37,530.53,40.94,Platanus × acerifolia,True,TERCERA,Av Meridiana,16.8,159.5,14.25,4.81,0.329,2.22,9097,ok
0132051AR,822.85,156.66,38.53,Grevillea robusta,False,SEGONA,Av Rio de Janeiro,10.33,3.2,2.03,4.05,0.28,2.55,229,ok
0132052AR,928.08,349.01,40.02,Platanus × acerifolia,True,SEGONA,Av Meridiana,14.1,9.5,3.48,6.32,0.438,1.65,513,ok
0132053AR,71.6,679.54,66.12,Platanus × acerifolia,True,SEGONA,Pg Verdum,19.76,42.0,7.31,10.5,0.218,3.04,1150,ok
0132055AR,592.97,183.48,42.23,Citrus × aurantium,False,PRIMERA,C\ Alella,12.14,22.8,5.38,3.97,0.254,2.74,672,ok
0132056AR,669.57,955.37,54.96,Jacaranda mimosifolia,False,TERCERA,C\ Artà,13.62,52.8,8.2,5.7,0.186,3.36,866,ok
0132057AR,280.58,422.08,51.17,Platanus × acerifolia,True,EXEMPLAR,C\ Escultor Ordóñez,20.06,133.0,13.01,7.67,0.315,2.31,7312,ok
0132059AR,694.44,616.09,45.86,Fraxinus angustifolia 'Raywood',False,PRIMERA,Av Rio de Janeiro,12.91,12.8,4.03,4.08,0.28,2.55,811,ok
0132060AR,996.28,600.81,41.33,Platanus × acerifolia,True,EXEMPLAR,Av Meridiana,17.81,3.0,1.95,9.08,0.369,1.99,145,ok
0132061AR,175.22,770.31,66.62,Citrus × aurantium,False,PRIMERA,Pl Portocristo,4.38,9.8,3.52,3.47,0.352,2.09,88,ok
0132062AR,198.99,420.29,52.37,Casuarina cunninghamiana,False,PRIMERA,C\ Maladeta,,0.0,0.0,,,,0,no_crown_detected
0132065AR,883.36,508.37,41.18,Tipuana tipu,False,TERCERA,C\ Pintor Alsamora,10.0,111.2,11.9,4.83,0.264,2.66,4570,ok
0132066AR,284.27,429.22,51.43,Platanus × acerifolia,True,EXEMPLAR,C\ Escultor Ordóñez,12.14,3.2,2.03,8.09,0.297,2.43,169,ok
0132068AR,349.11,308.45,48.08,Melia azedarach,False,SEGONA,C\ Maladeta,8.74,2.2,1.69,4.68,0.073,5.23,68,ok
0132069AR,334.06,956.19,64.71,Grevillea robusta,False,PRIMERA,Pg Valldaura,4.85,4.8,2.46,3.63,0.505,1.36,93,ok
0132070AR,919.43,877.22,39.63,Handroanthus heptaphyllus,False,PRIMERA,Pg Andreu Nin,8.55,4.0,2.26,5.17,0.352,2.09,54,ok
0132071AR,83.34,496.3,59.01,Platanus × acerifolia,True,SEGONA,C\ Doctor Pi i Molist,17.43,17.5,4.72,7.4,0.242,2.84,738,ok
0132072AR,358.86,876.05,62.24,Fraxinus ornus 'Mecsek',False,PRIMERA,C\ Eduard Tubau,4.97,7.8,3.14,3.32,0.311,2.34,103,ok
0132074AR,607.4,343.92,44.24,Prunus cerasifera 'Pissardii',False,SEGONA,Pg Ciutat de Mallorca,7.32,16.2,4.55,3.15,0.332,2.21,854,ok
0132075AR,287.57,764.64,61.47,Platanus × acerifolia,True,EXEMPLAR,C\ Pintor Alsamora,19.83,87.8,10.57,8.45,0.178,3.45,2371,ok
0132076AR,682.93,635.18,45.92,Populus nigra 'Italica',False,SEGONA,Av Rio de Janeiro,7.95,7.8,3.14,3.84,0.4,1.83,390,ok
0132077AR,298.55,637.78,57.03,X chitalpa tashkentensis 'minsum' SUMMER BELLS®,False,SEGONA,C\ Selva,6.28,26.8,5.84,2.87,0.306,2.37,1134,ok
0132080AR,549.45,372.87,45.35,Casuarina cunninghamiana,False,TERCERA,C\ Piferrer,14.63,78.8,10.01,2.55,0.326,2.24,3200,ok
0132082AR,186.16,773.28,66.38,Citrus × aurantium,False,SEGONA,Pl Portocristo,5.55,15.0,4.37,3.84,0.12,4.24,100,ok
0132083AR,522.46,327.66,44.97,Robinia pseudoacacia,False,TERCERA,C\ Piferrer,11.74,40.5,7.18,6.4,0.37,1.99,2251,ok
0132084AR,577.44,318.1,44.51,Brachychiton populneus,False,TERCERA,Pg Ciutat de Mallorca,6.76,23.0,5.41,3.53,0.305,2.37,889,ok
0132086AR,683.6,836.89,48.66,Gleditsia triacanthos,False,SEGONA,C\ Garrofers,11.36,61.8,8.87,3.78,0.335,2.19,1304,ok
0132088AR,1065.72,1069.3,41.02,Platanus × acerifolia,True,SEGONA,Pg Valldaura,12.1,28.8,6.05,6.64,0.424,1.72,1492,ok
0132089AR,890.49,210.28,39.47,Platanus × acerifolia,True,EXEMPLAR,Av Meridiana,16.49,79.0,10.03,7.28,0.418,1.74,4836,ok
0132090AR,673.34,832.96,49.12,Gleditsia triacanthos,False,SEGONA,C\ Garrofers,7.06,20.2,5.08,4.01,0.372,1.98,400,ok
0132091AR,872.42,139.05,38.89,Celtis australis,False,SEGONA,Av Meridiana,10.95,7.2,3.04,4.74,0.475,1.49,263,ok
0132092AR,883.36,205.63,39.39,Celtis australis,False,SEGONA,Av Meridiana,7.51,16.2,4.55,3.92,0.336,2.18,627,ok
0132093AR,714.6,173.93,40.38,Citrus × aurantium,False,PRIMERA,C\ Alella,4.96,5.2,2.59,4.03,0.391,1.88,179,ok
0132094AR,748.47,526.02,43.72,Jacaranda mimosifolia,False,TERCERA,C\ Pintor Alsamora,8.51,25.0,5.64,5.49,0.187,3.35,749,ok
0132095AR,254.12,398.79,50.58,Jacaranda mimosifolia,False,TERCERA,C\ Escultor Ordóñez,11.48,57.0,8.52,5.76,0.308,2.36,2209,ok
0132097AR,928.42,405.11,40.13,Celtis australis,False,SEGONA,Av Meridiana,15.42,14.0,4.22,5.33,0.345,2.13,534,ok
0132099AR,747.8,267.8,40.72,Celtis australis,False,SEGONA,Av Rio de Janeiro,9.35,4.8,2.46,4.81,0.35,2.1,235,ok
0132100AR,397.09,381.88,47.8,Platanus × acerifolia,True,SEGONA,C\ Deià,14.22,2.2,1.69,7.4,0.163,3.62,93,ok
0132102AR,57.3,629.65,65.06,Brachychiton populneus,False,EXEMPLAR,C\ Doctor Pi i Molist,12.25,22.8,5.38,5.48,0.321,2.27,1042,ok
0132104AR,884.47,186.6,39.3,Platanus × acerifolia,True,EXEMPLAR,Av Meridiana,16.97,77.2,9.92,6.05,0.315,2.31,4625,ok
0132106AR,1069.2,892.92,42.69,Celtis sinensis,False,TERCERA,Av Meridiana,7.85,20.2,5.08,4.03,0.361,2.04,482,ok
0132107AR,701.0,307.0,42.34,Tipuana tipu,False,TERCERA,Pg Ciutat de Mallorca,11.07,152.2,13.92,4.81,0.352,2.09,7055,ok
0132108AR,662.07,435.04,45.92,Tipuana tipu,False,EXEMPLAR,Av Rio de Janeiro,12.45,28.0,5.97,5.83,0.371,1.98,1264,ok
0132110AR,275.94,435.99,51.95,Jacaranda mimosifolia,False,TERCERA,C\ Escultor Ordóñez,11.34,104.5,11.53,6.14,0.268,2.64,3855,ok
0132111AR,1013.86,1056.46,41.46,Robinia pseudoacacia,False,SEGONA,Pg Valldaura,8.77,5.8,2.71,3.46,0.417,1.75,298,ok
0132112AR,107.83,437.66,57.5,Platanus × acerifolia,True,SEGONA,C\ Doctor Pi i Molist,21.01,93.5,10.91,9.0,0.229,2.94,4647,ok
0132114AR,508.95,372.05,45.63,Platanus × acerifolia,True,SEGONA,Pg Ciutat de Mallorca,16.41,118.2,12.27,7.21,0.299,2.41,6385,ok
0132115AR,1002.87,649.52,41.48,Celtis australis,False,SEGONA,Av Meridiana,9.9,5.8,2.71,4.49,0.42,1.73,267,ok
0132116AR,798.24,424.31,41.03,Platanus × acerifolia,True,SEGONA,Pg Andreu Nin,12.28,50.0,7.98,6.09,0.333,2.2,2378,ok
0132117AR,217.76,786.25,64.74,Platanus × acerifolia,True,EXEMPLAR,Pl Jardins d'Alfàbia,16.94,80.2,10.11,9.09,0.288,2.49,2158,ok
0132119AR,1051.7,804.58,42.2,Platanus × acerifolia,True,TERCERA,Av Meridiana,13.17,71.8,9.56,6.49,0.3,2.41,2110,ok
0132122AR,536.35,907.0,56.78,Acer monspessulanum,False,PRIMERA,C\ Lluc,4.95,7.5,3.09,2.83,0.391,1.88,151,ok
0132123AR,459.39,82.07,48.66,Grevillea robusta,False,PRIMERA,C\ Arnau d'Oms,15.17,28.8,6.05,6.65,0.157,3.7,1173,ok
0132124AR,969.79,558.03,41.03,Celtis australis,False,SEGONA,Av Meridiana,13.1,5.8,2.71,5.09,0.412,1.77,234,ok
0132125AR,498.81,253.77,44.28,Celtis australis,False,SEGONA,C\ Piferrer,10.15,42.0,7.31,5.35,0.33,2.22,1732,ok
0132126AR,46.5,587.91,63.25,Platanus × acerifolia,True,TERCERA,C\ Doctor Pi i Molist,16.04,35.2,6.7,8.82,0.358,2.06,1643,ok
0132127AR,742.81,868.36,48.07,Platanus × acerifolia,True,TERCERA,Av Rio de Janeiro,12.43,33.0,6.48,7.04,0.303,2.39,613,ok
0132129AR,142.03,784.43,67.99,Platanus × acerifolia,True,TERCERA,Pg Verdum,18.95,68.8,9.36,8.3,0.219,3.04,1933,ok
0132131AR,469.3,335.92,45.31,Handroanthus heptaphyllus,False,PRIMERA,C\ Deià,6.49,0.5,0.8,4.64,0.455,1.58,16,no_crown_detected
0132133AR,520.43,921.3,57.74,Acer monspessulanum,False,PRIMERA,C\ Lluc,5.5,10.5,3.66,2.57,0.229,2.94,109,ok
0132136AR,988.96,596.77,41.23,Celtis australis,False,SEGONA,Av Meridiana,12.91,11.0,3.74,5.55,0.178,3.45,419,ok
0132137AR,324.5,698.25,58.81,X chitalpa tashkentensis 'minsum' SUMMER BELLS®,False,PRIMERA,C\ Selva,5.33,10.0,3.57,3.38,0.313,2.32,163,ok
0132138AR,1061.51,1061.8,41.13,Platanus × acerifolia,True,TERCERA,Pg Valldaura,16.1,47.8,7.8,7.29,0.446,1.61,2582,ok
0132140AR,952.03,998.75,41.26,Catalpa bignonioides,False,SEGONA,Pg Andreu Nin,18.01,12.8,4.03,4.42,0.182,3.41,231,ok
0132141AR,1044.26,800.65,42.08,Celtis sinensis,False,SEGONA,Av Meridiana,5.68,8.8,3.34,3.25,0.401,1.83,192,ok
0132144AR,1012.0,684.0,41.68,Celtis australis,False,SEGONA,Av Meridiana,5.52,7.0,2.99,3.54,0.467,1.52,150,ok
0132145AR,314.39,749.47,60.12,Platanus × acerifolia,True,TERCERA,C\ Pintor Alsamora,13.96,3.8,2.19,6.76,0.205,3.17,132,ok
0132147AR,479.89,810.38,56.85,Melia azedarach,False,TERCERA,C\ Escultor Ordóñez,8.85,105.5,11.59,3.47,0.233,2.91,2453,ok
0132148AR,363.68,924.05,62.73,Jacaranda mimosifolia,False,SEGONA,C\ Alcúdia,9.54,38.8,7.02,5.07,0.176,3.47,578,ok
0132151AR,770.08,264.73,40.08,Platanus × acerifolia,True,TERCERA,Pg Andreu Nin,12.93,99.8,11.27,5.01,0.351,2.09,5660,ok
0132154AR,342.27,334.68,48.51,Celtis australis,False,SEGONA,C\ Maladeta,17.26,21.0,5.17,4.64,0.251,2.77,861,ok
0132155AR,346.32,958.04,64.39,Grevillea robusta,False,SEGONA,Pg Valldaura,5.86,3.2,2.03,2.46,0.388,1.89,85,ok
0132156AR,738.16,855.92,47.93,Platanus × acerifolia,True,TERCERA,Av Rio de Janeiro,19.89,55.8,8.43,6.36,0.287,2.5,1292,ok
0132159AR,1102.52,996.21,42.43,Platanus × acerifolia,True,TERCERA,Av Meridiana,13.55,55.2,8.39,4.16,0.232,2.92,1838,ok
0132161AR,998.77,688.03,41.73,Platanus × acerifolia,True,TERCERA,Av Meridiana,11.89,3.0,1.95,6.76,0.243,2.83,74,ok
0132162AR,206.3,451.39,54.24,Melia azedarach,False,TERCERA,C\ Andratx,7.51,48.5,7.86,4.16,0.46,1.55,1555,ok
0132163AR,927.4,1049.25,44.75,Platanus × acerifolia,True,SEGONA,Pg Valldaura,14.92,49.8,7.96,7.93,0.32,2.28,2933,ok
0132164AR,762.67,140.15,40.34,Brachychiton populneus,False,SEGONA,C\ Vèlia,6.91,8.0,3.19,3.11,0.36,2.04,341,ok
0132165AR,529.95,909.89,57.09,Acer monspessulanum,False,SEGONA,C\ Lluc,5.6,18.0,4.79,3.54,0.41,1.78,305,ok
0132166AR,1099.92,1009.32,42.12,Celtis occidentalis,False,PRIMERA,Av Meridiana,13.94,51.2,8.08,4.51,0.236,2.88,1557,ok
0132167AR,920.92,375.99,40.03,Celtis australis,False,SEGONA,Av Meridiana,5.56,11.0,3.74,4.33,0.571,1.12,411,ok
0132168AR,909.28,839.13,40.43,Catalpa bignonioides,False,PRIMERA,Pg Andreu Nin,4.75,5.8,2.71,3.26,0.459,1.56,122,ok
0132170AR,569.85,928.96,56.43,Melia azedarach,False,TERCERA,C\ Escultor Ordóñez,11.7,84.0,10.34,5.89,0.152,3.76,1615,ok
0132171AR,1113.18,1036.84,42.07,Platanus × acerifolia,True,TERCERA,Av Meridiana,15.94,93.2,10.9,5.34,0.196,3.26,2975,ok
0132172AR,777.21,343.35,40.68,Platanus × acerifolia,True,TERCERA,Pg Andreu Nin,12.33,58.5,8.63,6.57,0.346,2.12,2702,ok
0132173AR,865.92,524.28,41.51,Prunus cerasifera 'Pissardii',False,PRIMERA,C\ Pintor Alsamora,3.75,3.0,1.95,2.47,0.612,0.98,120,ok
0132174AR,650.54,848.71,50.25,Gleditsia triacanthos,False,SEGONA,C\ Garrofers,10.28,69.8,9.42,4.39,0.325,2.25,1694,ok
0132175AR,59.47,624.43,64.71,Brachychiton populneus,False,EXEMPLAR,C\ Doctor Pi i Molist,13.46,48.8,7.88,5.23,0.242,2.83,2545,ok
0132178AR,416.67,515.19,50.72,Robinia pseudoacacia 'Bessoniana',False,PRIMERA,C\ Valldemossa,,0.0,0.0,,,,0,no_crown_detected
0132179AR,837.39,153.48,38.43,Platanus × acerifolia,True,SEGONA,Av Rio de Janeiro,12.17,2.2,1.69,6.86,0.494,1.41,132,ok
0132180AR,347.85,334.13,48.43,Celtis australis,False,TERCERA,Ptge Alfonso Lafuente,10.4,14.2,4.26,6.77,0.363,2.03,468,ok
0132181AR,555.91,184.14,42.67,Citrus × aurantium,False,PRIMERA,C\ Alella,5.11,7.5,3.09,4.21,0.447,1.61,211,ok
0132182AR,823.35,171.75,38.74,Platanus × acerifolia,True,TERCERA,Av Rio de Janeiro,14.02,95.2,11.01,6.08,0.361,2.04,5052,ok
0132183AR,479.23,329.95,44.98,Handroanthus heptaphyllus,False,PRIMERA,C\ Deià,5.93,2.8,1.87,3.99,0.516,1.32,111,ok
0132185AR,317.97,145.88,50.7,Pyrus calleryana 'Chanticleer',False,PRIMERA,C\ Santanyí,6.49,5.0,2.52,3.01,0.435,1.66,188,ok
0132186AR,453.25,776.75,57.5,Melia azedarach,False,TERCERA,C\ Escultor Ordóñez,8.4,77.2,9.92,2.94,0.327,2.23,1702,ok
0132187AR,207.16,589.28,57.83,Morus alba,False,SEGONA,C\ Deià,10.33,60.2,8.76,4.72,0.272,2.61,2313,ok
0132188AR,796.15,365.51,40.72,Platanus × acerifolia,True,SEGONA,Pg Andreu Nin,9.41,49.2,7.92,3.54,0.372,1.98,2253,ok
0132189AR,859.98,149.74,38.83,Celtis australis,False,SEGONA,Av Meridiana,7.11,14.2,4.26,4.16,0.364,2.02,489,ok
0132191AR,659.0,406.0,45.43,Jacaranda mimosifolia,False,SEGONA,Av Rio de Janeiro,8.81,39.5,7.09,4.65,0.336,2.18,1426,ok
0132192AR,416.66,368.27,47.21,Brachychiton populneus,False,EXEMPLAR,C\ Deià,12.05,14.0,4.22,6.21,0.345,2.13,649,ok
0132193AR,787.34,218.38,39.63,Platanus × acerifolia,True,SEGONA,Av Rio de Janeiro,10.05,37.8,6.93,5.65,0.375,1.96,1726,ok
0132195AR,680.84,507.69,45.22,Tipuana tipu,False,SEGONA,Av Rio de Janeiro,7.95,2.5,1.78,4.25,0.5,1.39,115,ok
0132197AR,534.27,348.05,45.14,Robinia pseudoacacia,False,TERCERA,C\ Piferrer,13.53,63.5,8.99,5.97,0.404,1.81,3264,ok
0132198AR,167.93,462.93,56.35,Casuarina cunninghamiana,False,PRIMERA,C\ Maladeta,17.09,44.2,7.51,4.39,0.256,2.72,3029,ok
0132201AR,460.46,341.37,45.62,Catalpa bignonioides,False,PRIMERA,C\ Deià,,0.0,0.0,,,,0,no_crown_detected
0132204AR,287.78,596.84,55.17,Robinia pseudoacacia,False,TERCERA,C\ Valldemossa,17.68,61.8,8.87,7.88,0.303,2.39,3549,ok
0132205AR,182.59,766.64,66.32,Citrus × aurantium,False,PRIMERA,Pl Portocristo,,0.0,0.0,,,,0,no_crown_detected
0132206AR,189.53,351.23,52.92,Prunus serrulata 'Kanzan',False,PRIMERA,C\ Porta,5.92,16.2,4.55,3.36,0.358,2.06,639,ok
0132207AR,330.34,328.65,48.42,Melia azedarach,False,TERCERA,C\ Maladeta,10.28,56.8,8.5,5.88,0.389,1.89,2395,ok
0132208AR,1008.04,723.08,41.96,Platanus × acerifolia,True,TERCERA,Av Meridiana,11.5,97.8,11.16,5.57,0.254,2.74,2592,ok
0132210AR,678.18,134.62,41.69,Photinia x fraseri 'Red Robin',False,PRIMERA,C\ Malgrat,4.94,8.8,3.34,2.96,0.459,1.56,250,ok
0132211AR,699.18,633.36,45.97,Populus nigra 'Italica',False,TERCERA,Av Rio de Janeiro,15.44,21.5,5.23,5.19,0.258,2.71,1274,ok
0132213AR,103.9,468.63,58.17,Pyrus calleryana 'Chanticleer',False,PRIMERA,C\ Maladeta,4.67,2.5,1.78,2.88,0.515,1.33,112,ok
0132214AR,616.79,290.28,43.5,Platanus × acerifolia,True,EXEMPLAR,C\ Santapau,,0.0,0.0,,,,0,no_crown_detected
0132216AR,164.87,530.17,57.66,Celtis australis,False,EXEMPLAR,C\ Deià,18.04,118.8,12.3,7.69,0.133,4.04,3894,ok
0132217AR,263.85,272.88,51.46,Koelreuteria paniculata 'Fastigiata',False,PRIMERA,C\ Porta,12.08,3.5,2.11,3.97,0.204,3.18,131,ok
0132218AR,66.19,539.27,60.87,Platanus × acerifolia,True,TERCERA,C\ Doctor Pi i Molist,22.21,147.2,13.69,10.31,0.256,2.72,8129,ok
0132219AR,627.62,443.76,46.65,Casuarina cunninghamiana,False,SEGONA,C\ Piferrer,5.0,3.5,2.11,1.74,0.32,2.28,114,ok
0132220AR,48.78,608.54,64.14,Citrus × aurantium,False,SEGONA,C\ Doctor Pi i Molist,3.51,6.2,2.82,2.94,0.455,1.58,183,ok
0132221AR,437.93,750.04,57.02,Melia azedarach,False,SEGONA,C\ Escultor Ordóñez,6.8,32.0,6.38,4.03,0.384,1.91,721,ok
0132222AR,900.08,851.46,40.0,Tipuana tipu,False,PRIMERA,Pg Andreu Nin,3.52,2.8,1.87,2.5,0.49,1.43,51,ok
0132223AR,455.49,188.68,44.77,Tipuana tipu,False,TERCERA,Plta Rafaela Serrano,10.36,34.5,6.63,4.05,0.283,2.52,1382,ok
0132225AR,1002.49,624.34,41.44,Platanus × acerifolia,True,EXEMPLAR,Av Meridiana,19.79,173.8,14.87,8.62,0.318,2.29,10858,ok
0132226AR,781.87,958.52,48.92,Platanus × acerifolia,True,TERCERA,Av Rio de Janeiro,13.42,2.2,1.69,6.41,0.22,3.03,41,few_points
0132227AR,1017.01,1055.93,41.4,Robinia pseudoacacia,False,SEGONA,Pg Valldaura,6.53,24.8,5.61,3.41,0.473,1.5,1220,ok
0132229AR,303.3,660.91,57.81,X chitalpa tashkentensis 'minsum' SUMMER BELLS®,False,PRIMERA,C\ Selva,6.35,21.0,5.17,2.73,0.513,1.33,838,ok
0132230AR,102.01,730.93,67.27,Platanus × acerifolia,True,TERCERA,Pg Verdum,19.92,76.0,9.84,2.48,0.186,3.37,2375,ok
0132232AR,671.22,466.64,45.48,Tipuana tipu,False,TERCERA,Av Rio de Janeiro,12.49,121.8,12.45,6.51,0.375,1.96,4630,ok
0132233AR,1112.41,1055.02,41.97,Celtis sinensis,False,EXEMPLAR,Av Meridiana,12.19,2.2,1.69,9.76,0.029,7.11,72,ok
0132234AR,882.97,237.03,39.65,Celtis australis,False,TERCERA,Av Meridiana,9.57,58.5,8.63,4.98,0.428,1.7,2892,ok
0132235AR,506.78,879.43,56.47,Ligustrum lucidum,False,SEGONA,C\ Garrofers,3.92,8.2,3.24,3.18,0.484,1.45,157,ok
0132238AR,917.84,870.85,39.67,Handroanthus heptaphyllus,False,PRIMERA,Pg Andreu Nin,,0.0,0.0,,,,0,no_crown_detected
0132239AR,236.66,426.32,52.82,Hesperocyparis macrocarpa,False,SEGONA,C\ Andratx,10.3,17.0,4.65,2.5,0.339,2.16,793,ok
0132240AR,936.25,378.03,40.1,Platanus × acerifolia,True,SEGONA,Av Meridiana,11.54,20.2,5.08,7.0,0.454,1.58,1067,ok
0132241AR,819.44,452.86,41.19,Platanus × acerifolia,True,SEGONA,Pg Andreu Nin,8.44,4.2,2.33,2.36,0.196,3.26,211,ok
0132243AR,722.96,1019.41,52.63,Grevillea robusta,False,SEGONA,Pg Valldaura,7.43,16.5,4.58,3.19,0.354,2.08,387,ok
0132244AR,928.61,429.69,40.23,Platanus × acerifolia,True,TERCERA,Av Meridiana,17.1,82.0,10.22,6.51,0.363,2.02,5608,ok
0132245AR,541.05,327.02,44.96,Platanus × acerifolia,True,EXEMPLAR,C\ Piferrer,20.35,165.0,14.49,9.57,0.274,2.59,9269,ok
0132247AR,571.82,376.42,45.49,Casuarina cunninghamiana,False,SEGONA,C\ Piferrer,13.53,13.2,4.11,4.6,0.303,2.39,770,ok
0132248AR,565.09,366.18,45.32,Casuarina cunninghamiana,False,PRIMERA,C\ Piferrer,15.11,19.5,4.98,2.48,0.182,3.41,1136,ok
0132249AR,239.95,629.73,57.9,Catalpa bignonioides,False,SEGONA,C\ Valldemossa,6.68,8.2,3.24,4.66,0.472,1.5,268,ok
0132250AR,623.25,252.81,42.42,Pyrus calleryana 'Chanticleer',False,PRIMERA,C\ Torrent de Can Piquer,5.72,1.2,1.26,3.04,0.429,1.69,68,no_crown_detected
0132251AR,357.47,594.81,54.3,Melia azedarach,False,TERCERA,C\ Escultor Ordóñez,11.33,50.2,8.0,5.22,0.4,1.83,2617,ok
0132252AR,360.82,602.58,54.46,Melia azedarach,False,EXEMPLAR,C\ Escultor Ordóñez,12.57,81.2,10.17,5.23,0.383,1.92,4698,ok
0132253AR,965.13,509.28,40.85,Celtis australis,False,SEGONA,Av Meridiana,9.3,2.5,1.78,3.38,0.333,2.2,138,ok
0132254AR,918.8,314.14,39.99,Platanus × acerifolia,True,TERCERA,Av Meridiana,13.31,39.8,7.11,6.21,0.462,1.54,2098,ok
0132255AR,698.58,605.76,45.94,Populus alba 'Pyramidalis',False,TERCERA,Av Rio de Janeiro,14.13,14.5,4.3,4.7,0.286,2.5,957,ok
0132257AR,175.26,657.72,61.44,Robinia pseudoacacia 'Bessoniana',False,SEGONA,C\ Valldemossa,8.61,68.8,9.36,3.14,0.454,1.58,3507,ok
0132259AR,204.64,806.39,66.28,Platanus × acerifolia,True,TERCERA,Pl Jardins d'Alfàbia,14.04,2.2,1.69,4.94,0.246,2.81,61,ok
0132261AR,229.16,437.41,53.64,Melia azedarach,False,EXEMPLAR,C\ Andratx,29.24,124.8,12.6,4.49,0.363,2.03,5700,ok
0132262AR,746.84,865.83,47.9,Melia azedarach,False,PRIMERA,Av Rio de Janeiro,13.79,12.8,4.03,4.21,0.33,2.22,364,ok
0132263AR,424.63,714.42,56.42,Melia azedarach,False,TERCERA,C\ Escultor Ordóñez,8.72,39.2,7.07,3.62,0.27,2.62,1008,ok
0132266AR,931.45,416.57,40.14,Celtis australis,False,SEGONA,Av Meridiana,11.74,12.5,3.99,4.86,0.391,1.88,679,ok
0132267AR,375.12,954.4,63.42,Robinia pseudoacacia 'Bessoniana',False,PRIMERA,Pl Otero Pedrayo,,0.0,0.0,,,,0,no_crown_detected
0132269AR,737.3,48.21,42.52,Platanus × acerifolia,True,EXEMPLAR,Pg Fabra i Puig,17.68,166.8,14.57,7.91,0.148,3.82,4409,ok
0132270AR,99.47,456.77,57.82,Platanus × acerifolia,True,SEGONA,C\ Doctor Pi i Molist,13.62,53.0,8.21,5.11,0.379,1.94,2623,ok
0132272AR,456.62,107.98,47.83,Celtis australis,False,TERCERA,C\ Arnau d'Oms,12.26,2.2,1.69,9.62,0.0,7.82,56,ok
0132274AR,531.39,245.22,42.91,Tipuana tipu,False,SEGONA,C\ Torrent de Can Piquer,13.44,40.8,7.2,6.74,0.386,1.9,2005,ok
0132275AR,284.29,591.22,55.28,Robinia pseudoacacia,False,TERCERA,C\ Valldemossa,15.63,50.8,8.04,7.15,0.294,2.45,2951,ok
0132276AR,799.57,377.32,40.84,Platanus × acerifolia,True,SEGONA,Pg Andreu Nin,9.68,23.5,5.47,4.91,0.361,2.04,1188,ok
0132277AR,447.17,495.78,49.76,Robinia pseudoacacia,False,TERCERA,C\ Valldemossa,15.32,67.2,9.25,7.12,0.236,2.89,3787,ok
0132278AR,790.66,198.51,39.35,Platanus × acerifolia,True,TERCERA,Av Rio de Janeiro,15.52,106.0,11.62,5.03,0.348,2.11,5996,ok
0132281AR,295.44,406.48,50.32,Celtis australis,False,SEGONA,C\ Deià,18.78,29.8,6.15,3.48,0.41,1.78,1231,ok
0132283AR,925.59,418.08,40.26,Platanus × acerifolia,True,TERCERA,Av Meridiana,16.14,144.0,13.54,6.35,0.381,1.93,9924,ok
0132284AR,906.48,525.5,41.41,Tilia x europaea,False,SEGONA,C\ Pintor Alsamora,7.11,5.0,2.52,3.74,0.459,1.56,222,ok
0132285AR,515.57,282.83,44.48,Platanus × acerifolia,True,EXEMPLAR,C\ Piferrer,17.99,67.2,9.25,8.89,0.274,2.59,3358,ok
0132286AR,862.79,161.12,38.96,Celtis australis,False,SEGONA,Av Meridiana,14.66,3.0,1.95,4.57,0.39,1.89,124,ok
0132288AR,945.17,752.68,41.89,X chitalpa tashkentensis 'minsum' SUMMER BELLS®,False,SEGONA,C\ Rosselló i Porcel,5.54,30.8,6.26,2.87,0.398,1.84,671,ok
0132290AR,812.0,1018.0,49.25,Platanus × acerifolia,True,EXEMPLAR,Av Rio de Janeiro,13.14,2.2,1.69,7.82,0.146,3.85,48,few_points
0132292AR,500.88,496.36,49.28,Populus nigra 'Italica',False,EXEMPLAR,C\ Casas i Amigó,17.76,31.0,6.28,4.49,0.281,2.54,1875,ok
0132294AR,292.02,443.76,52.06,Brachychiton populneus,False,TERCERA,C\ Deià,9.1,18.8,4.89,5.01,0.42,1.73,1011,ok
0132295AR,829.71,148.07,38.43,Platanus × acerifolia,True,TERCERA,Av Rio de Janeiro,17.33,48.2,7.84,7.1,0.283,2.53,2301,ok
0132296AR,471.29,440.25,47.62,Platanus × acerifolia,True,TERCERA,C\ Estudiant,17.33,104.5,11.53,7.94,0.352,2.09,5462,ok
0132297AR,909.42,279.89,39.92,Platanus × acerifolia,True,TERCERA,Av Meridiana,15.76,72.8,9.62,7.03,0.344,2.13,3820,ok
0132298AR,955.97,963.31,40.57,Catalpa bignonioides,False,TERCERA,Pg Andreu Nin,8.96,77.0,9.9,4.37,0.384,1.91,1909,ok
0132299AR,814.65,435.05,41.08,Platanus × acerifolia,True,SEGONA,Pg Andreu Nin,11.72,39.0,7.05,4.16,0.347,2.12,1974,ok
0132300AR,920.91,883.36,39.57,Catalpa bignonioides,False,PRIMERA,Pg Andreu Nin,5.62,6.2,2.82,4.09,0.208,3.14,77,ok
0132302AR,895.55,739.65,42.13,Platanus × acerifolia,True,SEGONA,Pg Andreu Nin,11.02,42.5,7.36,6.19,0.305,2.38,945,ok
0132304AR,696.92,687.68,46.24,Populus nigra 'Italica',False,EXEMPLAR,Av Rio de Janeiro,17.23,57.0,8.52,3.85,0.321,2.27,1531,ok
0132305AR,933.92,1050.26,44.34,Platanus × acerifolia,True,SEGONA,Pg Valldaura,13.93,54.8,8.35,4.73,0.352,2.09,2962,ok
0132306AR,241.06,110.61,54.62,Platanus × acerifolia,True,TERCERA,C\ Doctor Pi i Molist,21.17,112.0,11.94,11.57,0.244,2.82,5435,ok
0132307AR,738.63,285.61,41.52,Tipuana tipu,False,SEGONA,Av Rio de Janeiro,8.82,63.0,8.96,4.3,0.347,2.11,2214,ok
0132308AR,631.77,847.83,51.14,Gleditsia triacanthos,False,SEGONA,C\ Garrofers,8.08,32.0,6.38,4.44,0.31,2.34,706,ok
0132309AR,496.88,283.82,44.45,Robinia pseudoacacia,False,SEGONA,C\ Piferrer,,0.0,0.0,,,,0,no_crown_detected
0132310AR,676.01,330.99,42.81,Celtis australis,False,SEGONA,Pg Ciutat de Mallorca,5.81,26.5,5.81,3.4,0.4,1.83,852,ok
0132312AR,308.52,60.75,52.73,Platanus × acerifolia,True,TERCERA,Pg Fabra i Puig,13.85,111.0,11.89,7.97,0.263,2.67,2689,ok
0132313AR,399.73,57.83,50.69,Platanus × acerifolia,True,SEGONA,Pg Fabra i Puig,12.12,2.2,1.69,9.4,0.209,3.13,43,few_points
0132314AR,198.93,859.48,68.42,Platanus × acerifolia,True,TERCERA,Pg Verdum,17.94,51.8,8.12,7.09,0.114,4.34,1507,ok
0132315AR,249.28,418.6,51.75,Hesperocyparis macrocarpa,False,SEGONA,C\ Andratx,9.32,20.0,5.05,2.06,0.274,2.59,816,ok
0132317AR,283.19,922.18,65.73,Prunus cerasifera 'Pissardii',False,SEGONA,C\ Eduard Tubau,6.81,12.5,3.99,3.78,0.328,2.23,195,ok
0132319AR,497.95,318.76,44.66,Handroanthus heptaphyllus,False,PRIMERA,C\ Deià,10.36,17.2,4.69,3.33,0.334,2.19,935,ok
0132320AR,747.72,1023.67,51.44,Grevillea robusta,False,PRIMERA,Pg Valldaura,,0.0,0.0,,,,0,no_crown_detected
0132321AR,416.41,935.14,60.98,Ligustrum lucidum,False,SEGONA,C\ Garrofers,19.84,29.0,6.08,4.72,0.207,3.15,401,ok
0132322AR,467.65,796.18,57.25,Melia azedarach,False,EXEMPLAR,C\ Escultor Ordóñez,10.16,133.5,13.04,4.93,0.277,2.57,3009,ok
0132324AR,865.9,131.38,38.81,Eucalyptus camaldulensis,False,SEGONA,Av Meridiana,9.61,7.2,3.04,3.21,0.203,3.19,437,ok
0132325AR,345.13,413.49,50.05,Platanus × acerifolia,True,SEGONA,C\ Deià,10.38,2.2,1.69,7.45,0.333,2.2,75,ok
0132326AR,425.37,971.17,62.29,Grevillea robusta,False,PRIMERA,Pg Valldaura,9.39,7.0,2.99,2.16,0.303,2.39,122,ok
0132327AR,464.73,322.1,45.22,Catalpa bignonioides,False,SEGONA,C\ Deià,19.8,63.0,8.96,4.35,0.246,2.8,2459,ok
0132329AR,936.61,941.04,40.14,Handroanthus heptaphyllus,False,PRIMERA,Pg Andreu Nin,5.05,5.0,2.52,3.21,0.53,1.27,100,ok
0132330AR,857.24,520.28,41.5,Tilia x europaea,False,SEGONA,C\ Pintor Alsamora,7.09,4.8,2.46,4.21,0.463,1.54,216,ok
0132331AR,653.09,966.38,55.47,Jacaranda mimosifolia,False,TERCERA,C\ Artà,13.13,67.0,9.24,6.08,0.126,4.14,937,ok
0132332AR,912.19,798.94,41.52,Handroanthus heptaphyllus,False,PRIMERA,Pg Andreu Nin,11.49,3.8,2.19,6.31,0.304,2.38,79,ok
0132334AR,762.84,871.64,47.58,Celtis australis,False,SEGONA,Av Rio de Janeiro,8.81,2.2,1.69,4.46,0.221,3.02,68,ok
0132335AR,209.96,575.0,57.39,Morus alba,False,SEGONA,C\ Deià,9.19,24.2,5.56,4.12,0.343,2.14,939,ok
0132336AR,167.81,431.57,54.06,Pyrus calleryana 'Chanticleer',False,PRIMERA,C\ Maladeta,3.75,1.2,1.26,2.31,0.656,0.84,46,no_crown_detected
0132337AR,178.92,620.14,59.28,Platanus × acerifolia,True,SEGONA,C\ Alcúdia,10.29,33.2,6.51,5.15,0.329,2.22,1686,ok
0132338AR,550.28,367.59,45.29,Populus nigra 'Italica',False,SEGONA,C\ Piferrer,12.63,22.8,5.38,4.32,0.266,2.65,1205,ok
0132339AR,489.64,270.58,44.36,Robinia pseudoacacia,False,SEGONA,C\ Piferrer,9.1,0.2,0.56,7.96,0.333,2.2,5,no_crown_detected
0132340AR,942.11,910.25,39.77,Catalpa bignonioides,False,PRIMERA,Pg Andreu Nin,5.59,1.8,1.49,2.98,0.472,1.5,36,no_crown_detected
0132341AR,1024.71,706.19,41.9,Platanus × acerifolia,True,TERCERA,Av Meridiana,13.49,108.5,11.75,6.52,0.297,2.43,3111,ok
0132342AR,800.87,957.06,48.21,Platanus × acerifolia,True,TERCERA,Av Rio de Janeiro,14.51,115.8,12.14,5.23,0.206,3.16,3041,ok
0132344AR,812.93,428.0,41.05,Platanus × acerifolia,True,SEGONA,Pg Andreu Nin,11.33,48.2,7.84,4.58,0.36,2.05,2364,ok
0132345AR,54.91,610.81,64.05,Melia azedarach,False,PRIMERA,C\ Doctor Pi i Molist,13.28,2.5,1.78,3.47,0.299,2.41,174,ok
0132347AR,935.17,503.8,40.95,Tipuana tipu,False,SEGONA,C\ Pintor Alsamora,,0.0,0.0,,,,0,no_crown_detected
0132348AR,207.08,444.21,54.08,Hesperocyparis macrocarpa,False,SEGONA,C\ Andratx,8.82,9.8,3.52,2.47,0.267,2.64,438,ok
0132349AR,1042.59,794.82,42.06,Celtis sinensis,False,SEGONA,Av Meridiana,7.13,5.0,2.52,2.94,0.356,2.06,101,ok
0132350AR,762.64,538.61,43.38,Populus alba 'Pyramidalis',False,TERCERA,C\ Pintor Alsamora,13.44,43.0,7.4,4.47,0.262,2.68,2804,ok
0132351AR,424.13,510.42,50.47,Robinia pseudoacacia,False,SEGONA,C\ Valldemossa,11.42,45.2,7.59,5.79,0.39,1.88,2126,ok
0132352AR,684.8,656.63,46.1,Morus alba 'Fruitless',False,PRIMERA,Av Rio de Janeiro,3.91,13.5,4.15,2.04,0.519,1.31,529,ok
0132353AR,139.72,371.3,56.84,Melia azedarach,False,EXEMPLAR,C\ Porta,9.41,74.2,9.72,5.46,0.498,1.39,2846,ok
0132354AR,885.71,510.43,41.16,Tipuana tipu,False,SEGONA,C\ Pintor Alsamora,9.55,3.8,2.19,6.03,0.253,2.75,140,ok
0132357AR,315.81,684.3,58.44,X chitalpa tashkentensis 'minsum' SUMMER BELLS®,False,SEGONA,C\ Selva,6.87,22.5,5.35,3.66,0.413,1.77,557,ok
0132361AR,684.37,641.02,45.98,Fraxinus angustifolia 'Raywood',False,PRIMERA,Av Rio de Janeiro,27.21,38.2,6.98,3.23,0.383,1.92,1875,ok
0132362AR,881.99,174.88,39.19,Platanus × acerifolia,True,TERCERA,Av Meridiana,16.14,142.0,13.45,7.37,0.413,1.77,8016,ok
0132366AR,430.0,544.0,51.49,Acer campestre 'Elsrijk',False,PRIMERA,C\ Casas i Amigó,15.85,21.8,5.26,4.9,0.34,2.16,1338,ok
0132369AR,501.55,473.82,48.7,Brachychiton populneus,False,TERCERA,C\ Estudiant,8.36,27.0,5.86,3.55,0.416,1.75,1246,ok
0132370AR,872.71,132.95,38.82,Celtis australis,False,SEGONA,Av Meridiana,7.94,17.2,4.69,4.5,0.489,1.43,667,ok
0132372AR,491.44,823.39,56.48,Melia azedarach,False,EXEMPLAR,C\ Escultor Ordóñez,8.86,64.5,9.06,3.94,0.249,2.78,1345,ok
0132373AR,392.02,385.55,48.05,Platanus × acerifolia,True,EXEMPLAR,C\ Deià,15.75,2.2,1.69,9.02,0.231,2.93,80,ok
0132374AR,788.67,932.4,48.12,Platanus × acerifolia,True,SEGONA,Av Rio de Janeiro,10.24,13.2,4.11,5.29,0.385,1.91,340,ok
0132375AR,925.21,337.26,40.02,Platanus × acerifolia,True,SEGONA,Av Meridiana,12.41,51.2,8.08,7.17,0.482,1.46,2729,ok
0132377AR,890.29,82.35,38.68,Platanus × acerifolia,True,TERCERA,Av Rio de Janeiro,16.24,104.8,11.55,7.35,0.274,2.59,5283,ok
0132378AR,449.36,482.93,49.78,Melia azedarach,False,SEGONA,C\ Valldemossa,13.01,4.5,2.39,4.14,0.468,1.52,145,ok
0132379AR,999.73,637.56,41.44,Celtis australis,False,SEGONA,Av Meridiana,9.05,2.2,1.69,4.44,0.257,2.72,99,ok
0132380AR,100.25,598.8,62.41,Robinia pseudoacacia 'Bessoniana',False,SEGONA,C\ Pollença,14.03,79.0,10.03,5.62,0.189,3.33,3552,ok
0132381AR,680.48,214.33,41.09,Citrus × aurantium,False,PRIMERA,C\ Malgrat,12.69,10.5,3.66,3.91,0.44,1.64,264,ok
0132382AR,367.18,600.33,54.29,Melia azedarach,False,PRIMERA,C\ Escultor Ordóñez,,0.0,0.0,,,,0,no_crown_detected
0132383AR,827.08,166.76,38.67,Platanus × acerifolia,True,SEGONA,Av Rio de Janeiro,12.55,3.2,2.03,5.62,0.284,2.52,119,ok
0132384AR,457.6,121.74,47.25,Celtis australis,False,PRIMERA,C\ Arnau d'Oms,5.81,4.5,2.39,3.43,0.5,1.39,107,ok
0132387AR,621.08,337.86,44.02,Acer negundo,False,SEGONA,Pg Ciutat de Mallorca,30.43,42.2,7.33,3.51,0.351,2.09,1763,ok
0132389AR,883.11,180.82,39.25,Platanus × acerifolia,True,TERCERA,Av Meridiana,14.45,2.2,1.69,5.01,0.377,1.95,114,ok
0132390AR,114.56,421.02,57.3,Platanus × acerifolia,True,SEGONA,C\ Doctor Pi i Molist,14.67,15.8,4.48,7.63,0.277,2.57,775,ok
0132391AR,615.9,182.73,42.16,Citrus × aurantium,False,PRIMERA,C\ Alella,4.41,3.5,2.11,3.63,0.426,1.7,68,ok
0132393AR,351.46,758.88,59.86,Platanus × acerifolia,True,SEGONA,C\ Selva,7.74,2.8,1.87,5.17,0.125,4.16,32,few_points
0132394AR,1045.56,806.0,42.14,Celtis sinensis,False,SEGONA,Av Meridiana,7.9,30.0,6.18,4.43,0.293,2.45,610,ok
0132396AR,886.33,248.58,39.68,Celtis australis,False,TERCERA,Av Meridiana,10.06,15.2,4.41,4.71,0.367,2.01,568,ok
0132398AR,274.18,847.17,65.09,Brachychiton populneus,False,EXEMPLAR,C\ Bunyola,11.68,35.2,6.7,4.46,0.208,3.14,715,ok
0132399AR,806.05,995.86,48.98,Melia azedarach,False,SEGONA,Av Rio de Janeiro,12.17,18.2,4.82,4.22,0.2,3.22,476,ok
0132400AR,1076.46,897.81,42.72,Platanus × acerifolia,True,SEGONA,Av Meridiana,9.9,34.5,6.63,3.71,0.269,2.62,921,ok
0132402AR,666.48,515.3,46.06,Casuarina cunninghamiana,False,SEGONA,Av Rio de Janeiro,6.33,5.5,2.65,2.42,0.376,1.96,264,ok
0132404AR,899.17,750.71,42.19,Platanus × acerifolia,True,SEGONA,Pg Andreu Nin,11.93,25.2,5.67,4.51,0.294,2.45,596,ok
0132406AR,855.72,114.78,38.65,Melia azedarach,False,PRIMERA,Av Rio de Janeiro,4.1,2.0,1.6,2.79,0.476,1.48,52,ok
0132407AR,960.49,522.81,40.84,Celtis australis,False,PRIMERA,Av Meridiana,7.33,3.5,2.11,2.7,0.532,1.26,151,ok
0132409AR,377.32,865.17,61.35,Prunus cerasifera 'Pissardii',False,PRIMERA,C\ Eduard Tubau,3.89,2.5,1.78,2.96,0.478,1.48,46,few_points
0132410AR,717.31,778.34,46.89,Morus alba 'Fruitless',False,PRIMERA,Av Rio de Janeiro,,0.0,0.0,,,,0,no_crown_detected
0132411AR,370.92,397.84,48.9,Platanus × acerifolia,True,TERCERA,C\ Deià,18.56,176.5,14.99,8.11,0.264,2.66,8678,ok
0132412AR,817.76,46.09,40.58,Platanus × acerifolia,True,TERCERA,Pg Fabra i Puig,15.78,69.8,9.42,9.36,0.321,2.28,1597,ok
0132413AR,490.17,401.69,46.05,Morus nigra,False,TERCERA,Pg Ciutat de Mallorca,20.83,65.5,9.13,3.38,0.237,2.88,3285,ok
0132414AR,677.03,94.22,43.36,Citrus × aurantium,False,PRIMERA,C\ Malgrat,5.51,14.8,4.33,3.72,0.436,1.66,481,ok
0132415AR,275.2,375.86,49.71,Melia azedarach,False,TERCERA,C\ Maladeta,16.22,81.2,10.17,5.82,0.282,2.53,3140,ok
0132417AR,508.83,925.04,58.21,Acer monspessulanum,False,PRIMERA,C\ Lluc,5.34,8.8,3.34,1.65,0.22,3.03,91,ok
0132420AR,558.68,263.97,42.47,Cercis siliquastrum,False,SEGONA,C\ Torrent de Can Piquer,9.8,4.5,2.39,4.77,0.333,2.2,111,ok
0132422AR,505.66,265.13,44.37,Platanus × acerifolia,True,EXEMPLAR,C\ Piferrer,16.68,104.0,11.51,7.72,0.328,2.23,5118,ok
0132423AR,936.33,491.54,40.78,Tipuana tipu,False,TERCERA,C\ Pintor Alsamora,8.26,88.2,10.6,4.08,0.425,1.71,3975,ok
0132425AR,236.97,917.73,68.04,Brachychiton populneus,False,SEGONA,Pl República,6.2,4.8,2.46,3.65,0.277,2.57,83,ok
0132426AR,367.87,619.33,54.59,Melia azedarach,False,EXEMPLAR,C\ Escultor Ordóñez,12.04,84.5,10.37,5.5,0.395,1.86,4454,ok
0132427AR,668.71,305.47,42.71,Tipuana tipu,False,SEGONA,Pg Ciutat de Mallorca,6.93,24.5,5.59,3.95,0.537,1.24,1138,ok
0132428AR,879.39,87.95,38.64,Platanus × acerifolia,True,TERCERA,Av Rio de Janeiro,17.76,3.5,2.11,7.13,0.06,5.62,159,ok
0132429AR,623.16,439.11,46.71,Populus nigra 'Italica',False,EXEMPLAR,C\ Piferrer,17.19,20.5,5.11,7.06,0.281,2.54,1184,ok
0132431AR,934.79,428.15,40.15,Celtis australis,False,PRIMERA,Av Meridiana,12.91,3.0,1.95,5.98,0.476,1.49,134,ok
0132432AR,70.0,597.0,62.93,Brachychiton populneus,False,SEGONA,C\ Doctor Pi i Molist,7.48,16.8,4.62,1.73,0.374,1.97,828,ok
0132433AR,170.93,437.17,54.13,Populus alba 'Pyramidalis',False,EXEMPLAR,C\ Maladeta,19.45,84.5,10.37,5.34,0.238,2.87,5947,ok
0132434AR,641.72,439.54,46.56,Casuarina cunninghamiana,False,SEGONA,Av Rio de Janeiro,17.01,1.8,1.49,4.22,0.325,2.25,57,no_crown_detected
0132435AR,696.11,622.04,45.87,Fraxinus angustifolia 'Raywood',False,PRIMERA,Av Rio de Janeiro,6.11,4.0,2.26,2.55,0.457,1.56,186,ok
0132436AR,764.95,922.14,48.76,Platanus × acerifolia,True,TERCERA,Av Rio de Janeiro,11.33,2.5,1.78,8.82,0.114,4.34,35,few_points
0132437AR,857.45,790.67,42.5,Melia azedarach,False,TERCERA,C\ Rosselló i Porcel,17.96,90.5,10.73,5.52,0.149,3.81,1882,ok
0132438AR,484.2,472.12,48.66,Robinia pseudoacacia,False,TERCERA,C\ Valldemossa,13.65,67.0,9.24,6.51,0.319,2.28,4141,ok
0132441AR,459.54,88.41,48.43,Grevillea robusta,False,PRIMERA,C\ Arnau d'Oms,13.74,37.2,6.89,6.08,0.184,3.39,1415,ok
0132442AR,982.8,629.81,41.45,Platanus × acerifolia,True,TERCERA,Av Meridiana,21.0,104.0,11.51,3.21,0.287,2.5,5668,ok
0132443AR,1088.78,944.34,42.68,Platanus × acerifolia,True,PRIMERA,Av Meridiana,5.62,5.2,2.59,2.41,0.19,3.32,100,ok
0132444AR,1042.9,1065.97,41.03,Platanus × acerifolia,True,SEGONA,Pg Valldaura,8.12,2.5,1.78,5.71,0.439,1.64,134,ok
0132445AR,950.12,430.25,40.28,Platanus × acerifolia,True,EXEMPLAR,Av Meridiana,16.7,69.0,9.37,8.44,0.375,1.96,4223,ok
0132446AR,682.21,154.64,41.07,Citrus × aurantium,False,PRIMERA,C\ Malgrat,12.81,7.5,3.09,3.55,0.414,1.76,205,ok
0132447AR,665.41,259.95,41.7,Pyrus calleryana 'Chanticleer',False,PRIMERA,C\ Torrent de Can Piquer,6.84,4.8,2.46,3.35,0.358,2.05,197,ok
0132448AR,1071.86,880.04,42.71,Platanus × acerifolia,True,SEGONA,Av Meridiana,11.11,38.2,6.98,6.04,0.319,2.29,1039,ok
0132449AR,253.22,608.24,56.75,Catalpa bignonioides,False,TERCERA,C\ Valldemossa,6.89,2.0,1.6,4.03,0.298,2.42,62,ok
0132450AR,844.78,794.04,42.7,Melia azedarach,False,EXEMPLAR,C\ Rosselló i Porcel,12.07,83.8,10.33,5.21,0.186,3.37,1894,ok
0132451AR,969.5,501.74,40.85,Platanus × acerifolia,True,TERCERA,Av Meridiana,16.13,28.8,6.05,6.64,0.334,2.2,1739,ok
0132452AR,569.78,225.68,42.7,Pyrus calleryana 'Chanticleer',False,SEGONA,C\ Torrent de Can Piquer,8.83,15.0,4.37,3.98,0.332,2.2,571,ok
0132453AR,668.24,521.38,46.02,Casuarina cunninghamiana,False,PRIMERA,Av Rio de Janeiro,4.1,1.2,1.26,3.02,0.6,1.02,39,no_crown_detected
0132454AR,877.43,213.95,39.45,Celtis australis,False,SEGONA,Av Meridiana,7.52,29.2,6.1,3.99,0.451,1.59,1226,ok
0132455AR,275.92,414.89,50.95,Platanus × acerifolia,True,EXEMPLAR,C\ Escultor Ordóñez,14.83,1.2,1.26,8.11,0.5,1.39,44,no_crown_detected
0132457AR,676.05,951.32,54.76,Jacaranda mimosifolia,False,TERCERA,C\ Artà,10.8,78.8,10.01,5.2,0.172,3.52,1328,ok
0132458AR,511.83,641.7,51.49,Jacaranda mimosifolia,False,TERCERA,C\ Pintor Alsamora,9.94,70.2,9.46,6.1,0.305,2.37,2123,ok
0132459AR,1006.14,717.44,41.96,Platanus × acerifolia,True,SEGONA,Av Meridiana,10.48,2.5,1.78,7.25,0.267,2.64,60,ok
0132461AR,325.53,60.16,52.33,Platanus × acerifolia,True,TERCERA,Pg Fabra i Puig,15.52,65.0,9.1,8.74,0.272,2.6,1452,ok
0132464AR,861.99,533.67,41.7,Tilia x europaea,False,SEGONA,C\ Pintor Alsamora,5.95,6.8,2.93,3.81,0.509,1.35,288,ok
0132467AR,1013.01,1061.36,41.37,Platanus × acerifolia,True,TERCERA,Pg Valldaura,10.54,46.8,7.72,4.69,0.428,1.7,2436,ok
0132468AR,309.14,739.78,60.16,Platanus × acerifolia,True,TERCERA,C\ Pintor Alsamora,15.57,44.5,7.53,7.64,0.221,3.02,1087,ok
0132469AR,436.62,386.22,46.71,Platanus × acerifolia,True,TERCERA,C\ Estudiant,12.24,20.0,5.05,6.08,0.436,1.66,919,ok
0132470AR,540.61,865.5,55.1,Gleditsia triacanthos,False,SEGONA,C\ Garrofers,6.09,29.0,6.08,3.84,0.347,2.12,539,ok
0132472AR,317.53,497.2,52.75,Platanus × acerifolia,True,TERCERA,C\ Escultor Ordóñez,12.54,62.0,8.88,4.92,0.376,1.96,3192,ok
0132473AR,473.21,102.24,47.5,Platanus × acerifolia,True,TERCERA,C\ Arnau d'Oms,16.85,75.5,9.8,9.23,0.332,2.2,3472,ok
0132474AR,374.05,530.87,52.47,Platanus × acerifolia,True,SEGONA,C\ Valldemossa,13.09,24.8,5.61,5.48,0.391,1.88,1560,ok
0132477AR,49.44,615.04,64.36,Citrus × aurantium,False,SEGONA,C\ Doctor Pi i Molist,16.54,34.2,6.6,4.21,0.309,2.35,1979,ok
0132478AR,1018.58,707.35,41.81,Celtis australis,False,SEGONA,Av Meridiana,5.34,2.0,1.6,3.82,0.405,1.81,37,few_points
0132479AR,883.31,91.28,38.65,Platanus × acerifolia,True,TERCERA,Av Rio de Janeiro,17.24,86.8,10.51,8.58,0.359,2.05,4666,ok
0132480AR,239.82,863.81,66.81,Brachychiton populneus,False,SEGONA,C\ Bunyola,8.26,9.0,3.39,3.94,0.299,2.41,177,ok
0132484AR,851.9,119.69,38.58,Platanus × acerifolia,True,TERCERA,Av Rio de Janeiro,14.92,59.2,8.69,7.79,0.434,1.67,2956,ok
0132485AR,680.82,229.83,41.28,Citrus × aurantium,False,PRIMERA,C\ Malgrat,4.04,3.0,1.95,3.0,0.548,1.2,79,ok
0132488AR,925.34,848.29,40.2,Catalpa bignonioides,False,SEGONA,Pg Andreu Nin,5.43,1.5,1.38,2.86,0.429,1.69,42,no_crown_detected
0132490AR,704.9,1016.79,53.3,Populus nigra 'Italica',False,TERCERA,Pg Valldaura,20.19,23.2,5.44,7.14,0.173,3.51,855,ok
0132491AR,689.51,674.19,46.26,Morus alba,False,PRIMERA,Av Rio de Janeiro,3.43,1.5,1.38,2.73,0.486,1.44,85,no_crown_detected
0132493AR,999.77,613.01,41.38,Platanus × acerifolia,True,SEGONA,Av Meridiana,14.3,2.5,1.78,7.66,0.308,2.36,124,ok
0132494AR,623.28,996.14,56.73,Platanus × acerifolia,True,SEGONA,Plta Avis,7.33,44.2,7.51,4.06,0.392,1.87,972,ok
0132496AR,810.94,474.32,41.29,Platanus × acerifolia,True,SEGONA,Pg Andreu Nin,14.29,95.0,11.0,6.32,0.333,2.2,5906,ok
0132497AR,920.15,496.17,40.91,Tilia x europaea,False,TERCERA,C\ Pintor Alsamora,7.87,26.5,5.81,3.67,0.403,1.82,1147,ok
0132499AR,457.47,387.6,46.33,Tipuana tipu,False,PRIMERA,Pg Ciutat de Mallorca,8.44,2.0,1.6,2.74,0.333,2.2,60,ok
0132500AR,298.27,411.06,50.69,Celtis australis,False,SEGONA,C\ Deià,19.44,34.0,6.58,3.66,0.292,2.46,1286,ok
0132502AR,1098.02,978.91,42.6,Platanus × acerifolia,True,SEGONA,Av Meridiana,11.58,66.5,9.2,3.59,0.237,2.88,1765,ok
0132504AR,393.0,58.0,50.8,Platanus × acerifolia,True,TERCERA,Pg Fabra i Puig,14.7,146.2,13.65,7.59,0.241,2.84,3235,ok
0132505AR,248.96,770.92,62.76,Platanus × acerifolia,True,SEGONA,Pl Jardins d'Alfàbia,15.44,3.0,1.95,7.82,0.225,2.99,89,ok
0132506AR,475.35,172.07,44.65,Platanus × acerifolia,True,EXEMPLAR,C\ Arnau d'Oms,19.45,100.2,11.3,9.61,0.272,2.61,5281,ok
0132508AR,326.85,512.1,52.88,Platanus × acerifolia,True,TERCERA,C\ Escultor Ordóñez,14.52,68.8,9.36,6.69,0.313,2.32,4122,ok
0132509AR,482.43,328.04,44.86,Catalpa bignonioides,False,TERCERA,C\ Deià,8.77,33.8,6.56,4.65,0.432,1.68,1705,ok
0132511AR,891.37,508.74,41.2,Tipuana tipu,False,TERCERA,C\ Pintor Alsamora,7.75,41.2,7.25,4.31,0.376,1.96,1738,ok
0132512AR,687.27,737.22,49.18,Populus x canadensis,False,EXEMPLAR,Av Rio de Janeiro,12.94,58.2,8.61,4.06,0.248,2.79,2214,ok
0132514AR,736.82,173.01,40.02,Citrus × aurantium,False,PRIMERA,C\ Alella,,0.0,0.0,,,,0,no_crown_detected
0132515AR,363.47,293.76,47.34,Melia azedarach,False,EXEMPLAR,C\ Maladeta,20.42,92.0,10.82,5.94,0.254,2.74,3054,ok
0132516AR,401.99,575.05,52.75,Celtis australis,False,SEGONA,C\ Casas i Amigó,4.88,8.2,3.24,3.32,0.544,1.22,287,ok
0132517AR,395.71,573.92,52.93,Celtis australis,False,TERCERA,C\ Casas i Amigó,10.14,58.0,8.59,4.43,0.301,2.4,2132,ok
0132518AR,459.26,172.0,45.22,Platanus × acerifolia,True,EXEMPLAR,C\ Arnau d'Oms,12.09,3.8,2.19,9.66,0.377,1.95,128,ok
0132519AR,171.59,763.56,66.57,Citrus × aurantium,False,PRIMERA,Pl Portocristo,4.69,11.0,3.74,3.56,0.404,1.81,104,ok
0132520AR,64.16,587.91,62.96,Platanus × acerifolia,True,EXEMPLAR,C\ Doctor Pi i Molist,17.68,95.5,11.03,6.08,0.215,3.08,4030,ok
0132522AR,988.52,628.3,41.4,Celtis australis,False,SEGONA,Av Meridiana,12.35,11.8,3.87,4.12,0.328,2.23,427,ok
0132526AR,987.52,590.63,41.19,Celtis australis,False,SEGONA,Av Meridiana,13.07,3.0,1.95,3.71,0.507,1.36,123,ok
0132527AR,479.67,313.08,44.76,Catalpa bignonioides,False,PRIMERA,C\ Deià,,0.0,0.0,,,,0,no_crown_detected
0132528AR,353.42,304.22,47.8,Melia azedarach,False,EXEMPLAR,C\ Maladeta,14.28,164.2,14.46,6.04,0.298,2.42,7720,ok
0132529AR,907.7,832.93,40.64,Handroanthus heptaphyllus,False,PRIMERA,Pg Andreu Nin,,0.0,0.0,,,,0,no_crown_detected
0132530AR,900.61,269.87,39.77,Celtis australis,False,SEGONA,Av Meridiana,8.31,2.0,1.6,4.94,0.625,0.94,77,ok
0132531AR,660.76,313.54,42.89,Tipuana tipu,False,SEGONA,Pg Ciutat de Mallorca,8.23,33.8,6.56,4.65,0.486,1.44,1650,ok
0132532AR,976.0,606.0,41.26,Platanus × acerifolia,True,SEGONA,Av Meridiana,16.31,4.8,2.46,3.8,0.061,5.58,248,ok
0132533AR,1009.44,672.81,41.61,Celtis australis,False,SEGONA,Av Meridiana,5.71,0.8,0.98,4.21,0.471,1.51,34,no_crown_detected
0132534AR,429.02,495.63,50.41,Platanus × acerifolia,True,TERCERA,C\ Valldemossa,10.41,2.0,1.6,7.69,0.484,1.45,97,ok
0132536AR,437.3,200.46,45.09,Tipuana tipu,False,SEGONA,Plta Rafaela Serrano,9.33,40.5,7.18,4.14,0.315,2.31,1491,ok
0132537AR,291.53,348.38,49.71,Crataegus x media 'Paul's Scarlet',False,PRIMERA,Ptge Porta,20.7,9.2,3.43,3.46,0.256,2.73,246,ok
0132538AR,981.0,567.39,41.07,Celtis australis,False,PRIMERA,Av Meridiana,10.06,3.0,1.95,8.98,0.491,1.42,102,ok
0132539AR,916.25,383.2,40.08,Platanus × acerifolia,True,SEGONA,Av Meridiana,11.9,14.2,4.26,5.86,0.39,1.88,787,ok
0132540AR,444.33,486.04,49.92,Melia azedarach,False,SEGONA,C\ Valldemossa,19.07,170.8,14.74,7.64,0.329,2.23,9526,ok
0132541AR,446.9,349.71,46.15,Catalpa bignonioides,False,SEGONA,C\ Deià,9.99,48.5,7.86,4.05,0.345,2.13,2058,ok
0132543AR,570.52,398.04,45.66,Casuarina cunninghamiana,False,SEGONA,C\ Piferrer,9.48,12.0,3.91,3.76,0.257,2.72,418,ok
0132544AR,663.47,919.96,54.15,Ligustrum lucidum,False,SEGONA,C\ Horitzontal,7.3,30.0,6.18,4.0,0.194,3.28,454,ok
0132546AR,446.29,206.63,44.84,Tipuana tipu,False,SEGONA,Plta Rafaela Serrano,9.15,2.2,1.69,4.6,0.18,3.43,102,ok
0132547AR,1120.31,1065.87,41.94,Platanus × acerifolia,True,EXEMPLAR,Av Meridiana,16.49,127.2,12.73,5.85,0.194,3.28,6232,ok
0132548AR,323.43,684.33,58.47,X chitalpa tashkentensis 'minsum' SUMMER BELLS®,False,SEGONA,C\ Selva,6.97,23.0,5.41,3.91,0.254,2.74,338,ok
0132549AR,919.21,339.05,39.93,Celtis australis,False,SEGONA,Av Meridiana,4.28,2.5,1.78,3.93,0.564,1.15,100,ok
0132550AR,631.01,325.6,43.46,Celtis australis,False,TERCERA,Pg Ciutat de Mallorca,9.73,36.2,6.79,4.99,0.243,2.83,969,ok
0132551AR,266.08,922.67,67.07,Brachychiton populneus,False,TERCERA,Pl República,7.93,2.2,1.69,3.59,0.378,1.95,45,few_points
0132553AR,756.93,904.1,48.62,Platanus × acerifolia,True,SEGONA,Av Rio de Janeiro,10.63,16.2,4.55,6.85,0.181,3.42,249,ok
0132554AR,894.36,68.61,38.74,Platanus × acerifolia,True,TERCERA,Av Rio de Janeiro,15.65,86.0,10.46,8.18,0.201,3.2,1767,ok
0132558AR,329.9,517.54,52.94,Platanus × acerifolia,True,TERCERA,C\ Escultor Ordóñez,13.74,74.0,9.71,6.74,0.339,2.16,4073,ok
0132559AR,344.61,313.53,48.27,Melia azedarach,False,EXEMPLAR,C\ Maladeta,9.39,2.8,1.87,7.36,0.186,3.36,78,ok
0132561AR,301.32,471.59,52.45,Platanus × acerifolia,True,TERCERA,C\ Escultor Ordóñez,13.59,124.0,12.57,5.75,0.407,1.8,5853,ok
0132562AR,889.57,229.13,39.6,Celtis australis,False,EXEMPLAR,Av Meridiana,16.32,2.2,1.69,8.69,0.234,2.9,96,ok
0132565AR,960.16,977.83,40.86,Handroanthus heptaphyllus,False,PRIMERA,Pg Andreu Nin,8.41,45.5,7.61,4.15,0.359,2.05,1060,ok
0132566AR,159.13,604.04,59.5,Platanus × acerifolia,True,SEGONA,C\ Felanitx,9.63,59.5,8.7,4.09,0.355,2.07,3088,ok
0132568AR,676.83,627.53,46.12,Morus alba 'Fruitless',False,PRIMERA,Av Rio de Janeiro,3.53,2.2,1.69,2.8,0.481,1.46,97,ok
0132570AR,720.56,790.32,47.12,Morus alba 'Fruitless',False,PRIMERA,Av Rio de Janeiro,4.86,15.2,4.41,3.3,0.377,1.95,247,ok
0132571AR,669.07,503.57,46.26,Tipuana tipu,False,SEGONA,Av Rio de Janeiro,9.2,19.0,4.92,4.02,0.39,1.88,737,ok
0132572AR,671.0,510.0,46.21,Tipuana tipu,False,SEGONA,Av Rio de Janeiro,18.88,60.8,8.79,5.03,0.367,2.0,3265,ok
0132573AR,636.93,886.3,53.05,Ligustrum lucidum,False,SEGONA,C\ Horitzontal,5.54,15.0,4.37,3.88,0.382,1.93,165,ok
0132574AR,132.14,460.26,56.73,Casuarina cunninghamiana,False,PRIMERA,C\ Maladeta,15.85,16.5,4.58,4.4,0.225,2.99,1332,ok
0132575AR,484.6,878.12,57.01,Ligustrum lucidum,False,SEGONA,C\ Garrofers,4.32,12.0,3.91,3.22,0.496,1.4,238,ok
0132576AR,349.37,59.31,51.8,Platanus × acerifolia,True,TERCERA,Pg Fabra i Puig,15.83,67.2,9.25,9.01,0.286,2.5,1611,ok
0132577AR,780.09,533.63,42.82,Grevillea robusta,False,PRIMERA,C\ Pintor Alsamora,,0.0,0.0,,,,0,no_crown_detected
0132578AR,501.46,359.63,45.64,Platanus × acerifolia,True,SEGONA,Pg Ciutat de Mallorca,9.54,12.2,3.95,6.25,0.447,1.61,603,ok
0132579AR,222.0,537.0,55.88,Tipuana tipu,False,EXEMPLAR,C\ Deià,17.72,109.8,11.82,9.32,0.276,2.58,4496,ok
0132580AR,799.93,430.87,41.05,Platanus × acerifolia,True,PRIMERA,Pg Andreu Nin,9.15,2.2,1.69,2.9,0.533,1.26,76,ok
0132581AR,184.38,651.64,60.82,Platanus × acerifolia,True,SEGONA,C\ Valldemossa,9.88,68.0,9.3,4.39,0.387,1.9,3463,ok
0132584AR,887.89,1043.54,46.81,Platanus × acerifolia,True,SEGONA,Pg Valldaura,10.67,2.8,1.87,5.81,0.343,2.14,139,ok
0132585AR,664.34,181.26,41.05,Citrus × aurantium,False,PRIMERA,C\ Alella,5.27,5.8,2.71,3.93,0.383,1.92,115,ok
0132586AR,85.89,490.64,58.83,Platanus × acerifolia,True,TERCERA,C\ Doctor Pi i Molist,20.77,74.2,9.72,8.94,0.238,2.87,3931,ok
0132587AR,278.55,940.6,66.78,Brachychiton populneus,False,TERCERA,Pl República,6.87,1.5,1.38,3.1,0.292,2.46,24,no_crown_detected
0132588AR,123.07,399.13,57.03,Platanus × acerifolia,True,SEGONA,C\ Doctor Pi i Molist,12.69,27.5,5.92,7.97,0.315,2.31,1173,ok
0132589AR,266.96,400.17,50.67,Platanus × acerifolia,True,TERCERA,C\ Escultor Ordóñez,12.41,8.5,3.29,5.66,0.269,2.63,352,ok
0132591AR,229.97,794.02,64.64,Platanus × acerifolia,True,TERCERA,Pl Jardins d'Alfàbia,11.48,79.0,10.03,6.75,0.35,2.1,1784,ok
0132592AR,474.31,131.25,46.32,Platanus × acerifolia,True,TERCERA,C\ Arnau d'Oms,16.89,58.0,8.59,9.32,0.291,2.47,2735,ok
0132593AR,618.33,583.02,47.69,Jacaranda mimosifolia,False,TERCERA,C\ Pintor Alsamora,12.28,64.5,9.06,6.14,0.234,2.91,2559,ok
0132594AR,971.48,588.78,41.24,Platanus × acerifolia,True,EXEMPLAR,Av Meridiana,18.49,11.0,3.74,3.13,0.208,3.14,677,ok
0132595AR,650.55,259.97,41.82,Pyrus calleryana 'Chanticleer',False,SEGONA,C\ Torrent de Can Piquer,8.14,23.5,5.47,2.51,0.374,1.97,806,ok
0132596AR,456.0,87.0,48.53,Celtis australis,False,TERCERA,C\ Arnau d'Oms,13.82,0.8,0.98,13.09,0.0,7.82,23,no_crown_detected
0132598AR,683.17,650.74,46.07,Morus alba,False,PRIMERA,Av Rio de Janeiro,3.48,1.2,1.26,2.71,0.516,1.32,52,no_crown_detected
0132599AR,287.67,840.55,64.44,Brachychiton populneus,False,SEGONA,C\ Bunyola,15.3,24.2,5.56,4.36,0.283,2.52,452,ok
0132600AR,323.28,415.31,50.58,Robinia pseudoacacia 'Pyramidalis',False,SEGONA,C\ Deià,10.25,13.0,4.07,4.62,0.204,3.18,523,ok
0132601AR,562.86,280.29,42.55,Pyrus calleryana 'Chanticleer',False,PRIMERA,C\ Torrent de Can Piquer,12.28,47.2,7.76,5.47,0.115,4.33,1696,ok
0132602AR,449.47,769.9,57.33,Melia azedarach,False,TERCERA,C\ Escultor Ordóñez,8.01,105.5,11.59,2.92,0.225,2.99,2340,ok
0132603AR,877.67,534.55,41.67,Tilia x europaea,False,SEGONA,C\ Pintor Alsamora,8.14,8.0,3.19,3.82,0.339,2.16,374,ok
0132604AR,152.0,448.0,55.35,Casuarina cunninghamiana,False,PRIMERA,C\ Maladeta,15.56,35.0,6.68,3.94,0.271,2.61,2193,ok
0132605AR,893.73,221.99,39.55,Platanus × acerifolia,True,SEGONA,Av Meridiana,19.41,99.8,11.27,8.62,0.291,2.47,5834,ok
0132606AR,1007.72,666.75,41.57,Celtis australis,False,SEGONA,Av Meridiana,5.49,8.8,3.34,3.56,0.527,1.28,375,ok
0132607AR,721.03,529.93,44.66,Jacaranda mimosifolia,False,SEGONA,C\ Pintor Alsamora,8.98,110.8,11.87,4.79,0.317,2.3,3543,ok
0132608AR,561.08,178.15,42.62,Citrus × aurantium,False,PRIMERA,C\ Alella,11.12,9.8,3.52,3.91,0.289,2.48,397,ok
0132609AR,678.86,520.2,45.66,Ligustrum lucidum,False,SEGONA,Av Rio de Janeiro,6.05,2.2,1.69,3.92,0.5,1.39,92,ok
0132610AR,846.08,45.12,40.01,Platanus × acerifolia,True,TERCERA,Pg Fabra i Puig,17.47,85.5,10.43,8.96,0.202,3.2,2146,ok
0132613AR,70.28,648.15,65.27,Celtis australis,False,SEGONA,C\ Felanitx,11.51,38.5,7.0,5.97,0.185,3.37,1450,ok
0132614AR,226.05,870.83,67.63,Brachychiton populneus,False,TERCERA,C\ Bunyola,22.19,20.0,5.05,4.71,0.255,2.73,423,ok
0132615AR,675.73,59.4,44.18,Citrus × aurantium,False,PRIMERA,C\ Malgrat,14.72,9.5,3.48,3.36,0.247,2.8,158,ok
0132616AR,320.49,60.3,52.5,Platanus × acerifolia,True,TERCERA,Pg Fabra i Puig,16.29,61.8,8.87,7.26,0.25,2.77,1407,ok
0132617AR,754.51,189.25,39.93,Brachychiton populneus,False,SEGONA,C\ Vèlia,6.7,4.8,2.46,3.46,0.384,1.92,171,ok
0132618AR,773.65,330.25,40.56,Platanus × acerifolia,True,SEGONA,Pg Andreu Nin,11.03,38.8,7.02,6.29,0.391,1.88,1977,ok
0132620AR,729.62,300.67,41.84,Ulmus pumila,False,EXEMPLAR,Av Rio de Janeiro,14.36,135.0,13.11,5.83,0.27,2.62,6622,ok
0132623AR,482.61,503.42,49.67,Tipuana tipu,False,EXEMPLAR,C\ Casas i Amigó,15.83,122.8,12.5,8.0,0.201,3.2,5421,ok
0132624AR,564.36,388.91,45.59,Populus nigra 'Italica',False,EXEMPLAR,C\ Piferrer,17.9,30.8,6.26,5.46,0.232,2.93,1814,ok
0132625AR,472.41,75.53,48.52,Celtis australis,False,SEGONA,C\ Arnau d'Oms,9.26,13.0,4.07,5.32,0.233,2.92,280,ok
0132626AR,888.93,839.09,40.29,Tipuana tipu,False,SEGONA,Pl Gabriel Alomar,10.91,67.5,9.27,5.09,0.247,2.8,1699,ok
0132628AR,412.69,371.84,47.31,Platanus × acerifolia,True,SEGONA,C\ Deià,13.89,58.2,8.61,6.51,0.324,2.26,2584,ok
0132629AR,678.75,321.18,42.66,Prunus cerasifera 'Pissardii',False,PRIMERA,Pg Ciutat de Mallorca,5.1,10.8,3.7,1.66,0.43,1.69,488,ok
0132630AR,922.29,325.76,40.03,Platanus × acerifolia,True,TERCERA,Av Meridiana,14.59,93.5,10.91,7.89,0.424,1.71,5110,ok
0132631AR,349.97,891.77,62.71,Jacaranda mimosifolia,False,TERCERA,C\ Alcúdia,19.99,69.0,9.37,6.39,0.111,4.39,1125,ok
0132632AR,861.3,529.27,41.62,Tilia x euchlora,False,PRIMERA,C\ Pintor Alsamora,3.08,1.2,1.26,2.47,0.621,0.95,49,no_crown_detected
0132633AR,672.53,477.91,45.29,Tipuana tipu,False,TERCERA,Av Rio de Janeiro,11.96,101.0,11.34,6.59,0.335,2.19,4771,ok
0132634AR,333.84,714.41,59.09,X chitalpa tashkentensis 'minsum' SUMMER BELLS®,False,PRIMERA,C\ Selva,,0.0,0.0,,,,0,no_crown_detected
0132635AR,676.5,72.95,43.81,Citrus × aurantium,False,PRIMERA,C\ Malgrat,11.88,8.0,3.19,3.02,0.385,1.91,174,ok
0132636AR,59.55,580.37,62.76,Citrus × aurantium,False,SEGONA,C\ Doctor Pi i Molist,7.16,2.5,1.78,3.93,0.031,6.93,71,ok
0132637AR,346.34,568.9,53.88,Melia azedarach,False,EXEMPLAR,C\ Escultor Ordóñez,12.73,62.5,8.92,5.74,0.405,1.81,3286,ok
0132639AR,524.74,355.69,45.3,Celtis australis,False,TERCERA,Pg Ciutat de Mallorca,13.56,102.8,11.44,5.6,0.332,2.2,6031,ok
0132640AR,909.62,335.74,39.95,Celtis australis,False,SEGONA,Av Meridiana,17.55,67.0,9.24,5.48,0.361,2.04,3945,ok
0132641AR,968.0,577.0,41.18,Platanus × acerifolia,True,TERCERA,Av Meridiana,18.92,100.8,11.33,5.03,0.18,3.43,5786,ok
0132642AR,794.88,412.08,40.96,Platanus × acerifolia,True,SEGONA,Pg Andreu Nin,11.88,34.2,6.6,6.31,0.356,2.07,1635,ok
0132644AR,879.89,114.37,38.85,Platanus × acerifolia,True,EXEMPLAR,Av Meridiana,17.19,190.5,15.57,7.03,0.328,2.23,11051,ok
0132645AR,963.92,559.44,41.11,Platanus × acerifolia,True,TERCERA,Av Meridiana,13.57,4.8,2.46,3.08,0.198,3.24,216,ok
0132646AR,182.34,625.18,59.35,Platanus × acerifolia,True,SEGONA,C\ Alcúdia,8.2,49.2,7.92,4.09,0.424,1.71,2194,ok
0132648AR,555.82,621.1,49.75,Jacaranda mimosifolia,False,EXEMPLAR,C\ Pintor Alsamora,11.58,90.8,10.75,5.55,0.191,3.31,3248,ok
0132650AR,961.14,547.73,41.05,Platanus × acerifolia,True,TERCERA,Av Meridiana,14.77,57.2,8.54,5.0,0.334,2.19,3463,ok
0132652AR,493.0,276.0,44.43,Robinia pseudoacacia,False,SEGONA,C\ Piferrer,20.31,53.0,8.21,5.9,0.246,2.81,2162,ok
0132653AR,254.49,781.96,63.1,Celtis sinensis,False,PRIMERA,Pl Jardins d'Alfàbia,8.07,26.8,5.84,5.32,0.412,1.77,595,ok
0132655AR,216.75,800.43,65.46,Platanus × acerifolia,True,EXEMPLAR,Pl Jardins d'Alfàbia,18.15,167.5,14.6,8.06,0.255,2.74,5346,ok
0132657AR,886.44,217.58,39.46,Celtis australis,False,EXEMPLAR,Av Meridiana,13.51,30.0,6.18,6.54,0.234,2.91,1444,ok
0132658AR,280.25,381.43,49.64,Celtis australis,False,SEGONA,C\ Deià,10.18,31.0,6.28,4.84,0.172,3.52,1040,ok
0132659AR,681.49,133.77,41.7,Citrus × aurantium,False,PRIMERA,C\ Malgrat,5.77,7.5,3.09,4.24,0.477,1.48,218,ok
0132660AR,807.97,461.79,41.19,Catalpa bignonioides,False,PRIMERA,Pg Andreu Nin,11.57,6.5,2.88,2.93,0.257,2.72,326,ok
0132661AR,567.41,393.52,45.61,Casuarina cunninghamiana,False,PRIMERA,C\ Piferrer,4.05,1.2,1.26,2.31,0.517,1.32,49,no_crown_detected
0132662AR,780.77,914.76,48.06,Platanus × acerifolia,True,TERCERA,Av Rio de Janeiro,15.57,132.8,13.0,5.35,0.263,2.67,3554,ok
0132663AR,298.77,237.87,50.51,Prunus cerasifera 'Pissardii',False,PRIMERA,C\ Porta,4.61,3.8,2.19,2.46,0.393,1.87,124,ok
0132664AR,593.23,337.37,44.35,Celtis australis,False,EXEMPLAR,Pg Ciutat de Mallorca,10.59,84.0,10.34,5.32,0.31,2.34,3460,ok
0132665AR,262.78,920.73,67.18,Brachychiton populneus,False,TERCERA,Pl República,10.83,17.2,4.69,4.77,0.277,2.57,415,ok
0132670AR,759.94,522.93,43.32,Jacaranda mimosifolia,False,SEGONA,C\ Pintor Alsamora,8.42,15.8,4.48,3.07,0.286,2.51,478,ok
0132671AR,771.76,519.97,42.94,Jacaranda mimosifolia,False,SEGONA,C\ Pintor Alsamora,8.45,27.2,5.89,5.1,0.176,3.48,877,ok
0132672AR,975.22,1033.18,41.73,Handroanthus heptaphyllus,False,PRIMERA,Pg Andreu Nin,13.53,127.5,12.74,5.19,0.285,2.51,3501,ok
0132673AR,527.0,247.66,42.97,Tipuana tipu,False,SEGONA,C\ Torrent de Can Piquer,10.03,2.8,1.87,7.23,0.309,2.35,121,ok
0132674AR,93.44,645.35,64.04,Platanus × acerifolia,True,TERCERA,C\ Felanitx,18.27,51.2,8.08,6.97,0.274,2.59,2716,ok
0132678AR,858.86,44.78,39.65,Platanus × acerifolia,True,EXEMPLAR,Pg Fabra i Puig,19.62,145.2,13.6,10.76,0.167,3.58,3597,ok
0132679AR,365.66,953.12,63.74,Robinia pseudoacacia 'Bessoniana',False,SEGONA,Pl Otero Pedrayo,8.49,39.2,7.07,3.1,0.127,4.13,735,ok
0132680AR,317.96,153.52,50.56,Pyrus calleryana 'Chanticleer',False,SEGONA,C\ Santanyí,13.4,33.5,6.53,4.36,0.256,2.72,1291,ok
0132681AR,804.77,510.71,41.91,Jacaranda mimosifolia,False,SEGONA,C\ Pintor Alsamora,9.01,12.2,3.95,4.48,0.326,2.24,451,ok
0132682AR,468.66,890.06,57.67,Ligustrum lucidum,False,SEGONA,C\ Garrofers,5.46,12.2,3.95,3.83,0.498,1.39,263,ok
0132685AR,41.93,599.02,63.83,Platanus × acerifolia,True,TERCERA,C\ Doctor Pi i Molist,15.72,89.2,10.66,5.53,0.32,2.28,5018,ok
0132686AR,816.19,985.71,48.41,Platanus × acerifolia,True,TERCERA,Av Rio de Janeiro,13.79,106.2,11.63,6.71,0.326,2.24,2793,ok
0132687AR,727.45,528.34,44.42,Jacaranda mimosifolia,False,SEGONA,C\ Pintor Alsamora,8.11,2.2,1.69,5.4,0.308,2.36,93,ok
0132688AR,722.05,795.86,47.22,Morus alba,False,SEGONA,Av Rio de Janeiro,5.67,18.8,4.89,3.3,0.365,2.01,342,ok
0132689AR,1097.18,997.3,42.31,Celtis sinensis,False,SEGONA,Av Meridiana,11.21,11.5,3.83,3.29,0.336,2.18,250,ok
0132690AR,150.77,795.15,68.03,Platanus × acerifolia,True,TERCERA,Pg Verdum,17.6,64.5,9.06,8.64,0.143,3.89,1703,ok
0132691AR,665.45,492.94,46.34,Tipuana tipu,False,TERCERA,Av Rio de Janeiro,9.63,2.2,1.69,6.02,0.171,3.54,73,ok
0132692AR,610.0,262.0,42.84,Platanus × acerifolia,True,EXEMPLAR,C\ Santapau,19.2,3.2,2.03,10.28,0.049,6.02,132,ok
0132694AR,934.03,881.83,39.56,Catalpa bignonioides,False,SEGONA,Pg Andreu Nin,7.02,19.0,4.92,4.19,0.396,1.85,386,ok
0132695AR,342.37,537.37,53.3,Celtis australis,False,SEGONA,C\ Escultor Ordóñez,5.48,7.2,3.04,2.45,0.495,1.41,293,ok
0132697AR,999.74,669.11,41.59,Celtis australis,False,SEGONA,Av Meridiana,5.56,10.2,3.61,3.18,0.496,1.4,432,ok
0132699AR,684.34,217.3,41.15,Citrus × aurantium,False,PRIMERA,C\ Malgrat,5.03,9.5,3.48,3.71,0.497,1.4,280,ok
0132701AR,864.45,167.39,39.02,Celtis australis,False,SEGONA,Av Meridiana,14.9,35.8,6.75,4.8,0.337,2.17,1784,ok
0132702AR,816.0,181.0,38.85,Platanus × acerifolia,True,TERCERA,Av Rio de Janeiro,15.0,123.0,12.51,4.98,0.346,2.12,6645,ok
0132703AR,183.33,784.65,66.67,Citrus × aurantium,False,PRIMERA,Pl Portocristo,3.9,9.5,3.48,2.8,0.402,1.82,92,ok
0132704AR,185.47,630.18,59.48,Platanus × acerifolia,True,SEGONA,C\ Alcúdia,8.42,33.0,6.48,4.71,0.333,2.2,1636,ok
0132705AR,639.92,323.84,43.25,Celtis australis,False,TERCERA,Pg Ciutat de Mallorca,30.08,51.0,8.06,4.61,0.213,3.09,1641,ok
0132706AR,901.25,525.73,41.41,Tilia x europaea,False,SEGONA,C\ Pintor Alsamora,7.76,11.0,3.74,4.42,0.395,1.86,513,ok
0132707AR,261.52,391.9,50.47,Platanus × acerifolia,True,EXEMPLAR,C\ Escultor Ordóñez,16.15,125.2,12.63,6.61,0.299,2.42,6179,ok
0132708AR,761.78,518.67,43.26,Jacaranda mimosifolia,False,TERCERA,C\ Pintor Alsamora,7.8,2.2,1.69,5.32,0.109,4.44,86,ok
0132709AR,1041.07,789.36,42.02,Celtis sinensis,False,TERCERA,Av Meridiana,9.53,38.8,7.02,5.3,0.216,3.06,707,ok
0132711AR,459.01,64.9,49.31,Populus nigra 'Italica',False,EXEMPLAR,C\ Arnau d'Oms,19.11,51.2,8.08,6.65,0.15,3.79,1316,ok
0132712AR,724.0,179.63,40.28,Citrus × aurantium,False,PRIMERA,C\ Alella,4.59,4.0,2.26,3.9,0.427,1.7,82,ok
0132713AR,1050.17,799.11,42.17,Platanus × acerifolia,True,SEGONA,Av Meridiana,11.27,26.8,5.84,4.44,0.352,2.09,693,ok
0132714AR,764.21,206.72,39.98,Brachychiton populneus,False,SEGONA,C\ Vèlia,6.23,12.0,3.91,2.73,0.44,1.64,601,ok
0132715AR,331.93,560.13,53.81,Robinia pseudoacacia,False,EXEMPLAR,C\ Valldemossa,12.64,59.2,8.69,5.77,0.338,2.17,3120,ok
0132717AR,492.4,382.44,45.76,Platanus × acerifolia,True,TERCERA,Pg Ciutat de Mallorca,15.73,66.2,9.18,7.13,0.304,2.38,4030,ok
0132719AR,340.18,957.19,64.54,Grevillea robusta,False,PRIMERA,Pg Valldaura,6.16,3.5,2.11,2.64,0.4,1.83,85,ok
0132720AR,724.67,791.7,46.96,Fraxinus angustifolia 'Raywood',False,PRIMERA,Av Rio de Janeiro,,0.0,0.0,,,,0,no_crown_detected
0132721AR,698.18,536.05,45.34,Jacaranda mimosifolia,False,SEGONA,C\ Pintor Alsamora,7.76,7.2,3.04,4.85,0.168,3.56,192,ok
0132722AR,911.08,846.0,40.3,Catalpa bignonioides,False,SEGONA,Pg Andreu Nin,5.71,15.0,4.37,3.49,0.434,1.67,325,ok
0132723AR,605.92,1000.89,57.39,Populus nigra 'Italica',False,SEGONA,Pg Valldaura,12.29,19.8,5.01,4.5,0.301,2.4,561,ok
0132725AR,979.06,536.63,41.01,Platanus × acerifolia,True,SEGONA,Av Meridiana,14.15,2.5,1.78,6.79,0.352,2.09,136,ok
0132726AR,754.28,524.48,43.46,Jacaranda mimosifolia,False,PRIMERA,C\ Pintor Alsamora,7.84,4.0,2.26,4.43,0.35,2.1,120,ok
0132727AR,688.82,658.41,46.02,Fraxinus angustifolia 'Raywood',False,PRIMERA,Av Rio de Janeiro,12.22,12.2,3.95,3.64,0.402,1.82,655,ok
0132728AR,994.95,595.19,41.31,Platanus × acerifolia,True,EXEMPLAR,Av Meridiana,19.11,204.8,16.15,8.55,0.331,2.21,12505,ok
0132730AR,809.55,1022.41,49.29,Platanus × acerifolia,True,EXEMPLAR,Av Rio de Janeiro,16.58,153.8,13.99,6.9,0.22,3.02,4159,ok
0132731AR,228.96,623.27,58.1,Catalpa bignonioides,False,SEGONA,C\ Valldemossa,6.05,21.0,5.17,4.15,0.478,1.48,818,ok
0132732AR,272.55,427.9,51.5,Jacaranda mimosifolia,False,TERCERA,C\ Escultor Ordóñez,11.79,81.8,10.2,5.42,0.185,3.37,2748,ok
0132733AR,1021.18,694.17,41.82,Platanus × acerifolia,True,TERCERA,Av Meridiana,12.53,45.8,7.63,5.53,0.316,2.3,1171,ok
0132734AR,301.1,415.44,51.0,Celtis australis,False,SEGONA,C\ Deià,18.14,24.0,5.53,3.62,0.334,2.19,918,ok
0132735AR,697.12,703.19,46.39,Morus alba,False,SEGONA,Av Rio de Janeiro,5.32,25.2,5.67,3.42,0.46,1.55,474,ok
0132737AR,1036.74,1065.3,41.02,Platanus × acerifolia,True,SEGONA,Pg Valldaura,11.21,52.8,8.2,5.72,0.441,1.64,2542,ok
0132738AR,979.44,561.57,41.04,Celtis australis,False,PRIMERA,Av Meridiana,9.95,5.2,2.59,8.42,0.487,1.44,197,ok
0132739AR,1077.05,922.36,42.68,Celtis sinensis,False,TERCERA,Av Meridiana,7.97,29.8,6.15,5.18,0.289,2.48,554,ok
0132742AR,116.1,751.41,67.73,Platanus × acerifolia,True,TERCERA,Pg Verdum,19.17,90.5,10.73,5.66,0.14,3.93,2453,ok
0132743AR,694.05,691.11,46.34,Morus alba,False,SEGONA,Av Rio de Janeiro,4.51,8.5,3.29,3.11,0.408,1.79,147,ok
0132745AR,906.91,516.65,41.25,Tilia x euchlora,False,SEGONA,C\ Pintor Alsamora,6.65,18.5,4.85,3.7,0.482,1.46,728,ok
0132747AR,1022.8,700.42,41.85,Platanus × acerifolia,True,TERCERA,Av Meridiana,12.73,59.0,8.67,5.87,0.335,2.19,1647,ok
0132748AR,762.69,149.16,40.18,Brachychiton populneus,False,SEGONA,C\ Vèlia,6.94,15.5,4.44,1.71,0.231,2.93,690,ok
0132749AR,416.17,551.67,51.76,Citrus × aurantium,False,PRIMERA,C\ Brossa,3.94,5.5,2.65,2.89,0.588,1.06,202,ok
0132750AR,248.69,859.72,66.4,Brachychiton populneus,False,SEGONA,C\ Bunyola,10.78,19.8,5.01,3.94,0.249,2.78,534,ok
0132751AR,57.76,585.41,62.98,Citrus × aurantium,False,SEGONA,C\ Doctor Pi i Molist,4.52,3.0,1.95,2.61,0.312,2.33,85,ok
0132752AR,1068.73,868.73,42.67,Platanus × acerifolia,True,SEGONA,Av Meridiana,9.65,38.5,7.0,5.26,0.313,2.33,953,ok
0132753AR,664.5,1010.47,54.9,Populus nigra 'Italica',False,SEGONA,Pg Valldaura,12.42,14.2,4.26,5.4,0.31,2.34,393,ok
0132755AR,522.62,295.03,44.65,Platanus × acerifolia,True,EXEMPLAR,C\ Piferrer,15.56,4.2,2.33,10.3,0.282,2.53,191,ok
0132757AR,186.54,435.84,53.5,Jacaranda mimosifolia,False,EXEMPLAR,C\ Andratx,10.13,88.5,10.62,5.3,0.191,3.31,2835,ok
0132758AR,228.81,403.1,50.97,Pyrus calleryana 'Chanticleer',False,PRIMERA,C\ Maladeta,4.48,5.5,2.65,2.41,0.484,1.45,221,ok
0132760AR,682.45,168.62,40.81,Citrus × aurantium,False,PRIMERA,C\ Malgrat,5.84,7.2,3.04,4.25,0.463,1.54,233,ok
0132761AR,296.8,60.88,53.01,Platanus × acerifolia,True,SEGONA,Pg Fabra i Puig,13.18,22.5,5.35,7.43,0.331,2.21,559,ok
0132762AR,498.5,230.5,43.94,Pyrus calleryana 'Chanticleer',False,PRIMERA,C\ Torrent de Can Piquer,6.37,7.5,3.09,3.63,0.378,1.94,262,ok
0132763AR,277.63,334.66,51.52,Crataegus x media 'Paul's Scarlet',False,PRIMERA,Ptge Porta,4.2,5.8,2.71,2.67,0.512,1.34,230,ok
0132764AR,441.93,973.86,61.94,Grevillea robusta,False,PRIMERA,Pg Valldaura,16.81,47.8,7.8,6.32,0.247,2.79,1540,ok
0132765AR,361.45,350.02,48.29,Celtis australis,False,SEGONA,Ptge Alfonso Lafuente,9.11,31.5,6.33,5.58,0.491,1.42,1415,ok
0132766AR,906.12,826.85,40.84,Catalpa bignonioides,False,SEGONA,Pg Andreu Nin,7.53,31.2,6.31,2.28,0.263,2.67,571,ok
0132767AR,433.14,57.08,49.9,Platanus × acerifolia,True,SEGONA,Pg Fabra i Puig,13.19,21.2,5.2,7.41,0.23,2.94,440,ok
0132769AR,1026.76,768.38,41.9,Celtis australis,False,EXEMPLAR,Av Meridiana,9.4,67.0,9.24,5.89,0.199,3.23,1113,ok
0132770AR,917.73,333.23,39.94,Celtis australis,False,SEGONA,Av Meridiana,9.67,2.0,1.6,2.63,0.644,0.88,94,ok
0132771AR,1052.03,829.37,42.28,Celtis sinensis,False,SEGONA,Av Meridiana,7.05,15.8,4.48,4.71,0.363,2.03,306,ok
0132773AR,953.83,1004.91,41.47,Catalpa bignonioides,False,TERCERA,Pg Andreu Nin,10.33,43.8,7.46,5.62,0.185,3.37,708,ok
0132774AR,708.27,756.13,46.65,Morus alba,False,SEGONA,Av Rio de Janeiro,6.53,16.0,4.51,3.29,0.398,1.84,342,ok
0132776AR,354.0,545.0,53.4,Brachychiton populneus,False,EXEMPLAR,C\ Valldemossa,11.56,9.8,3.52,4.31,0.409,1.79,480,ok
0132778AR,446.32,57.11,49.68,Platanus × acerifolia PLATANOR® 'Vallis Clausa',True,PRIMERA,Pg Fabra i Puig,4.98,6.0,2.76,3.71,0.466,1.53,103,ok
0132780AR,668.98,583.31,45.98,Populus nigra 'Italica',False,EXEMPLAR,Av Rio de Janeiro,14.91,24.5,5.59,5.08,0.295,2.44,1280,ok
0132781AR,304.18,476.14,52.48,Platanus × acerifolia,True,SEGONA,C\ Escultor Ordóñez,9.51,5.2,2.59,5.56,0.5,1.39,249,ok
0132782AR,179.65,818.65,68.0,Platanus × acerifolia,True,EXEMPLAR,Pl Jardins d'Alfàbia,16.3,133.0,13.01,7.02,0.236,2.89,3654,ok
0132783AR,486.02,212.77,44.48,Catalpa bignonioides,False,TERCERA,C\ Arnau d'Oms,12.34,2.2,1.69,7.27,0.091,4.8,106,ok
0132785AR,1108.0,1038.0,41.95,Celtis sinensis,False,TERCERA,Av Meridiana,9.9,35.8,6.75,4.53,0.277,2.57,773,ok
0132789AR,538.6,247.38,42.67,Tipuana tipu,False,TERCERA,C\ Torrent de Can Piquer,14.96,60.8,8.79,7.26,0.36,2.04,2739,ok
0132790AR,423.11,231.45,45.29,Pyrus calleryana 'Chanticleer',False,PRIMERA,C\ Maladeta,15.32,8.0,3.19,4.12,0.463,1.54,199,ok
0132791AR,701.97,617.62,45.98,Fraxinus angustifolia 'Raywood',False,PRIMERA,Av Rio de Janeiro,13.86,17.2,4.69,4.61,0.239,2.86,1122,ok
0132792AR,655.0,405.0,45.62,Jacaranda mimosifolia,False,TERCERA,Av Rio de Janeiro,10.21,93.5,10.91,4.51,0.244,2.82,3166,ok
0132793AR,235.94,398.96,50.75,Populus alba 'Pyramidalis',False,TERCERA,C\ Maladeta,15.9,27.8,5.94,4.85,0.244,2.82,1862,ok
0132794AR,960.94,1031.24,41.88,Handroanthus heptaphyllus,False,PRIMERA,Pg Andreu Nin,,0.0,0.0,,,,0,no_crown_detected
0132796AR,258.81,918.88,67.29,Brachychiton populneus,False,EXEMPLAR,Pl República,13.94,59.2,8.69,5.4,0.22,3.03,1538,ok
0132797AR,765.63,299.37,40.32,Platanus × acerifolia,True,TERCERA,Pg Andreu Nin,14.96,76.8,9.89,6.4,0.329,2.22,3852,ok
0132798AR,953.69,953.67,40.46,Catalpa bignonioides,False,SEGONA,Pg Andreu Nin,8.19,42.0,7.31,3.96,0.4,1.83,939,ok
0132802AR,870.78,190.9,39.23,Celtis australis,False,SEGONA,Av Meridiana,6.72,29.2,6.1,4.33,0.488,1.44,1101,ok
0132803AR,887.99,223.55,39.54,Celtis australis,False,EXEMPLAR,Av Meridiana,12.24,67.2,9.25,6.85,0.277,2.57,2781,ok
0132804AR,539.01,893.33,56.18,Melia azedarach,False,TERCERA,C\ Escultor Ordóñez,6.89,42.8,7.38,4.06,0.34,2.16,896,ok
0132805AR,977.84,555.78,41.01,Celtis australis,False,PRIMERA,Av Meridiana,6.4,2.0,1.6,3.12,0.6,1.02,76,ok
0132807AR,542.83,53.86,47.56,Platanus × acerifolia,True,TERCERA,Pg Fabra i Puig,14.55,36.5,6.82,4.75,0.235,2.89,947,ok
0132808AR,497.34,379.32,45.7,Platanus × acerifolia,True,TERCERA,Pg Ciutat de Mallorca,15.88,94.2,10.95,6.84,0.333,2.2,5061,ok
0132809AR,804.23,999.77,49.11,Platanus × acerifolia,True,TERCERA,Av Rio de Janeiro,15.07,76.2,9.85,5.55,0.2,3.22,1912,ok
0132810AR,211.95,586.27,57.6,Morus alba,False,SEGONA,C\ Deià,10.22,32.8,6.46,5.26,0.279,2.55,1325,ok
0132811AR,545.62,250.11,42.61,Jacaranda mimosifolia,False,SEGONA,C\ Torrent de Can Piquer,14.29,39.8,7.11,8.24,0.131,4.06,1114,ok
0132813AR,224.68,625.93,58.35,Catalpa bignonioides,False,SEGONA,C\ Valldemossa,8.45,18.0,4.79,4.94,0.415,1.76,769,ok
0132814AR,685.71,646.83,45.97,Fraxinus angustifolia 'Raywood',False,PRIMERA,Av Rio de Janeiro,11.99,16.0,4.51,3.46,0.337,2.17,934,ok
0132815AR,496.63,496.95,49.3,Populus nigra 'Italica',False,SEGONA,C\ Casas i Amigó,8.53,9.8,3.52,3.58,0.443,1.63,455,ok
0132816AR,874.31,113.96,38.87,Celtis australis,False,TERCERA,Av Meridiana,12.55,2.2,1.69,8.88,0.0,7.82,62,ok
0132818AR,883.31,783.74,42.16,Melia azedarach,False,EXEMPLAR,C\ Rosselló i Porcel,33.75,80.8,10.14,5.27,0.235,2.9,1710,ok
0132819AR,495.5,875.41,56.66,Ligustrum lucidum,False,SEGONA,C\ Garrofers,4.08,11.8,3.87,3.46,0.486,1.44,222,ok
0132820AR,456.46,94.11,48.27,Platanus × acerifolia,True,TERCERA,C\ Arnau d'Oms,13.7,1.2,1.26,2.11,0.333,2.2,51,no_crown_detected
0132821AR,480.81,972.62,61.1,Acer monspessulanum,False,PRIMERA,C\ Lluc,4.88,9.5,3.48,3.84,0.391,1.88,115,ok
0132822AR,284.8,395.4,49.7,Celtis australis,False,SEGONA,C\ Deià,9.73,28.0,5.97,3.53,0.216,3.07,1015,ok
0132823AR,189.1,552.3,57.21,Morus alba,False,SEGONA,C\ Deià,9.59,28.8,6.05,4.46,0.305,2.38,1472,ok
0132824AR,615.04,852.24,52.0,Gleditsia triacanthos,False,SEGONA,C\ Garrofers,8.68,32.2,6.41,4.63,0.268,2.63,731,ok
0132826AR,101.24,452.49,57.74,Platanus × acerifolia,True,SEGONA,C\ Doctor Pi i Molist,12.29,38.8,7.02,5.77,0.384,1.91,1910,ok
0132827AR,72.17,591.84,62.67,Brachychiton populneus,False,TERCERA,C\ Doctor Pi i Molist,9.55,16.2,4.55,3.62,0.311,2.33,683,ok
0132828AR,916.91,814.76,41.14,Catalpa bignonioides,False,SEGONA,Pg Andreu Nin,13.1,127.8,12.75,5.78,0.293,2.45,3486,ok
0132829AR,895.73,865.47,39.99,Tipuana tipu,False,SEGONA,Pg Andreu Nin,6.72,36.8,6.84,3.9,0.333,2.2,660,ok
0132830AR,483.02,55.91,48.87,Platanus × acerifolia,True,EXEMPLAR,Pg Fabra i Puig,17.04,132.5,12.99,8.96,0.284,2.52,3301,ok
0132833AR,647.66,1007.81,55.59,Grevillea robusta,False,SEGONA,Pg Valldaura,7.76,12.5,3.99,3.44,0.315,2.31,238,ok
0132834AR,480.91,961.21,60.57,Acer monspessulanum,False,PRIMERA,C\ Lluc,20.69,12.8,4.03,4.14,0.26,2.69,200,ok
0132835AR,316.4,953.42,65.28,Populus nigra 'Italica',False,SEGONA,Pg Valldaura,8.62,3.8,2.19,2.9,0.29,2.48,131,ok
0132836AR,460.06,325.21,45.4,Catalpa bignonioides,False,EXEMPLAR,C\ Deià,9.92,16.8,4.62,4.87,0.264,2.66,603,ok
0132837AR,790.52,393.69,40.92,Platanus × acerifolia,True,TERCERA,Pg Andreu Nin,12.37,93.5,10.91,6.97,0.347,2.12,4306,ok
0132838AR,330.1,343.0,48.71,Celtis australis,False,TERCERA,C\ Maladeta,16.92,52.0,8.14,5.36,0.256,2.72,1817,ok
0132840AR,462.78,171.96,45.09,Populus nigra 'Italica',False,SEGONA,C\ Arnau d'Oms,18.96,53.0,8.21,7.88,0.295,2.44,2770,ok
0132841AR,462.33,223.2,44.62,Robinia pseudoacacia,False,TERCERA,C\ Piferrer,20.09,34.8,6.65,5.87,0.207,3.15,1256,ok
0132842AR,192.89,424.16,52.87,Populus alba 'Pyramidalis',False,TERCERA,C\ Maladeta,13.9,30.2,6.21,4.01,0.239,2.86,2067,ok
0132843AR,600.0,183.0,42.19,Citrus × aurantium,False,PRIMERA,C\ Alella,12.07,9.2,3.43,3.55,0.372,1.98,224,ok
0132844AR,567.12,278.77,42.45,Cercis siliquastrum,False,SEGONA,C\ Torrent de Can Piquer,9.55,22.2,5.32,5.07,0.466,1.53,694,ok
0132847AR,307.8,481.63,52.53,Platanus × acerifolia,True,SEGONA,C\ Escultor Ordóñez,9.48,59.8,8.72,4.42,0.429,1.69,2775,ok
0132849AR,477.22,213.35,44.33,Grevillea robusta,False,PRIMERA,C\ Arnau d'Oms,7.5,7.0,2.99,3.5,0.403,1.82,243,ok
0132851AR,748.19,285.11,41.1,Tipuana tipu,False,TERCERA,Av Rio de Janeiro,9.93,128.2,12.78,4.13,0.315,2.31,5319,ok
0132854AR,305.05,426.99,51.39,Robinia pseudoacacia 'Bessoniana',False,SEGONA,C\ Deià,7.59,23.5,5.47,3.52,0.418,1.74,1310,ok
0132855AR,802.86,989.63,48.86,Melia azedarach,False,PRIMERA,Av Rio de Janeiro,15.43,20.5,5.11,7.52,0.269,2.62,579,ok
0132857AR,193.71,461.19,54.89,Jacaranda mimosifolia,False,SEGONA,C\ Andratx,8.68,39.2,7.07,4.52,0.377,1.95,1217,ok
0132858AR,939.18,445.55,40.27,Celtis australis,False,SEGONA,Av Meridiana,9.95,6.0,2.76,4.39,0.409,1.79,259,ok
0132859AR,1094.0,986.0,42.44,Celtis sinensis,False,SEGONA,Av Meridiana,6.55,21.0,5.17,4.03,0.341,2.15,358,ok
0132860AR,89.73,710.37,66.81,Platanus × acerifolia,True,TERCERA,Pg Verdum,17.58,44.8,7.55,5.98,0.228,2.96,1598,ok
0132861AR,999.94,694.12,41.84,Platanus × acerifolia,True,EXEMPLAR,Av Meridiana,15.19,115.5,12.13,6.69,0.232,2.93,3476,ok
0132862AR,469.27,319.55,45.1,Handroanthus heptaphyllus,False,PRIMERA,C\ Deià,4.68,2.5,1.78,3.34,0.304,2.38,82,ok
0132863AR,701.51,705.24,46.25,Populus nigra 'Italica',False,PRIMERA,Av Rio de Janeiro,6.65,11.8,3.87,2.97,0.428,1.7,269,ok
0132864AR,912.69,315.86,39.91,Celtis australis,False,TERCERA,Av Meridiana,9.37,8.8,3.34,4.99,0.403,1.82,383,ok
0132865AR,236.76,468.83,53.85,Robinia pseudoacacia,False,TERCERA,C\ Deià,20.84,48.0,7.82,2.46,0.145,3.86,2423,ok
0132866AR,936.46,459.05,40.38,Platanus × acerifolia,True,EXEMPLAR,Av Meridiana,15.75,150.8,13.85,6.21,0.334,2.2,8072,ok
0132867AR,903.0,312.0,39.89,Celtis australis,False,SEGONA,Av Meridiana,6.5,19.0,4.92,4.72,0.561,1.16,763,ok
0132868AR,668.9,313.14,42.75,Tipuana tipu,False,TERCERA,Pg Ciutat de Mallorca,9.22,69.5,9.41,4.84,0.468,1.52,3272,ok
0132869AR,451.97,390.66,46.51,Platanus × acerifolia,True,TERCERA,Pg Ciutat de Mallorca,14.2,73.0,9.64,6.41,0.323,2.26,3275,ok
0132870AR,891.19,722.33,42.16,Platanus × acerifolia,True,TERCERA,Pg Andreu Nin,12.8,63.0,8.96,5.28,0.249,2.78,1537,ok
0132871AR,1091.8,955.67,42.73,Platanus × acerifolia,True,SEGONA,Av Meridiana,9.3,23.8,5.5,2.82,0.224,2.99,655,ok
0132872AR,381.26,583.54,53.41,Celtis australis,False,TERCERA,C\ Casas i Amigó,9.6,63.8,9.01,4.62,0.286,2.5,2501,ok
0132873AR,474.78,244.86,44.3,Robinia pseudoacacia,False,TERCERA,C\ Piferrer,13.56,0.5,0.8,12.79,0.417,1.75,18,no_crown_detected
0132874AR,1025.04,762.46,41.87,Celtis australis,False,TERCERA,C\ Rosselló i Porcel,8.87,60.5,8.78,5.17,0.177,3.46,898,ok
0132877AR,695.54,696.97,46.39,Morus alba,False,SEGONA,Av Rio de Janeiro,4.58,6.8,2.93,2.98,0.382,1.92,136,ok
0132880AR,709.34,779.17,47.69,Fraxinus angustifolia 'Raywood',False,PRIMERA,Av Rio de Janeiro,,0.0,0.0,,,,0,no_crown_detected
0132881AR,1081.71,939.52,42.69,Celtis sinensis,False,TERCERA,Av Meridiana,7.68,6.5,2.88,4.79,0.303,2.39,132,ok
0132882AR,583.36,315.69,44.38,Brachychiton populneus,False,SEGONA,Pg Ciutat de Mallorca,6.42,14.2,4.26,3.43,0.332,2.2,608,ok
0132883AR,440.5,336.89,46.26,Catalpa bignonioides,False,SEGONA,C\ Deià,5.86,1.0,1.13,4.29,0.167,3.58,36,no_crown_detected
0132884AR,904.56,854.31,40.3,Celtis australis,False,TERCERA,Pg Andreu Nin,7.57,44.8,7.55,4.04,0.247,2.8,846,ok
0132885AR,502.86,932.27,58.68,Acer monspessulanum,False,PRIMERA,C\ Lluc,6.99,6.2,2.82,3.35,0.296,2.43,81,ok
0132886AR,298.07,746.03,60.66,Platanus × acerifolia,True,SEGONA,C\ Pintor Alsamora,14.71,2.8,1.87,8.27,0.161,3.65,62,ok
0132888AR,209.95,510.88,55.76,Tipuana tipu,False,EXEMPLAR,C\ Deià,21.44,225.2,16.94,11.76,0.27,2.62,10777,ok
0132889AR,473.67,333.21,45.12,Catalpa bignonioides,False,SEGONA,C\ Deià,16.58,101.0,11.34,4.02,0.288,2.49,4540,ok
0132890AR,399.93,243.03,45.65,Pyrus calleryana 'Chanticleer',False,PRIMERA,C\ Maladeta,6.58,7.0,2.99,3.33,0.204,3.18,245,ok
0132891AR,213.18,579.99,57.46,Morus alba,False,SEGONA,C\ Deià,9.16,27.5,5.92,4.51,0.356,2.06,1010,ok
0132892AR,223.22,797.27,65.04,Platanus × acerifolia,True,SEGONA,Pl Jardins d'Alfàbia,7.44,2.2,1.69,7.06,0.367,2.01,30,few_points
0132895AR,658.66,321.2,42.9,Celtis australis,False,TERCERA,Pg Ciutat de Mallorca,31.66,62.0,8.88,3.87,0.223,3.0,2103,ok
0132896AR,924.08,498.0,40.87,Tilia tomentosa,False,PRIMERA,C\ Pintor Alsamora,4.53,4.5,2.39,2.87,0.556,1.18,162,ok
0132898AR,658.85,418.46,45.86,Jacaranda mimosifolia,False,SEGONA,Av Rio de Janeiro,8.98,8.2,3.24,3.71,0.36,2.04,338,ok
0132900AR,298.34,835.19,63.92,Brachychiton populneus,False,SEGONA,C\ Bunyola,7.82,4.5,2.39,4.23,0.382,1.93,110,ok
0132902AR,862.63,121.11,38.6,Platanus × acerifolia,True,SEGONA,Av Rio de Janeiro,14.28,66.0,9.17,5.36,0.409,1.79,3326,ok
0132905AR,61.72,550.7,61.44,Platanus × acerifolia,True,EXEMPLAR,C\ Doctor Pi i Molist,19.83,134.2,13.07,8.56,0.171,3.53,6598,ok
0132906AR,880.31,869.53,40.05,Tipuana tipu,False,SEGONA,Pl Gabriel Alomar,8.89,45.2,7.59,4.97,0.235,2.9,925,ok
0132907AR,673.54,425.33,45.5,Tipuana tipu,False,SEGONA,Av Rio de Janeiro,9.12,52.0,8.14,4.36,0.332,2.2,2174,ok
0132908AR,667.5,498.43,46.25,Tipuana tipu,False,TERCERA,Av Rio de Janeiro,11.04,139.5,13.33,4.99,0.395,1.86,5524,ok
0132909AR,671.21,448.85,45.69,Tipuana tipu,False,TERCERA,Av Rio de Janeiro,10.7,50.0,7.98,6.19,0.426,1.71,2022,ok
0132910AR,458.9,163.1,45.47,Celtis australis,False,TERCERA,C\ Arnau d'Oms,11.02,35.2,6.7,5.01,0.279,2.55,1063,ok
0132911AR,689.73,827.34,48.39,Gleditsia triacanthos,False,PRIMERA,C\ Garrofers,5.4,12.2,3.95,3.95,0.418,1.74,244,ok
0132912AR,744.05,172.93,40.07,Citrus × aurantium,False,PRIMERA,C\ Alella,4.98,5.0,2.52,4.07,0.313,2.32,175,ok
0132914AR,709.13,671.02,46.17,Fraxinus angustifolia 'Raywood',False,PRIMERA,Av Rio de Janeiro,10.95,16.5,4.58,4.44,0.36,2.05,796,ok
0132917AR,976.4,550.08,40.98,Celtis australis,False,PRIMERA,Av Meridiana,6.25,1.5,1.38,2.68,0.4,1.83,65,no_crown_detected
0132918AR,652.44,446.91,46.44,Tipuana tipu,False,TERCERA,Av Rio de Janeiro,11.52,3.0,1.95,4.77,0.469,1.51,142,ok
0132919AR,576.2,936.16,56.64,Melia azedarach,False,TERCERA,C\ Escultor Ordóñez,11.03,53.0,8.21,6.07,0.132,4.05,820,ok
0132920AR,842.48,541.04,41.68,Platanus × acerifolia,True,SEGONA,Pg Andreu Nin,8.87,2.5,1.78,4.72,0.432,1.68,154,ok
0132921AR,507.65,834.23,56.17,Melia azedarach,False,TERCERA,C\ Escultor Ordóñez,8.13,39.8,7.11,4.31,0.28,2.55,901,ok
0132922AR,762.24,906.11,48.42,Melia azedarach,False,PRIMERA,Av Rio de Janeiro,15.16,36.2,6.79,6.54,0.307,2.36,913,ok
0132923AR,414.91,710.91,56.4,Melia azedarach,False,EXEMPLAR,C\ Escultor Ordóñez,11.32,144.0,13.54,4.68,0.271,2.61,3494,ok
0132924AR,1039.68,783.66,41.92,Celtis sinensis,False,SEGONA,Av Meridiana,10.37,5.5,2.65,3.66,0.167,3.58,78,ok
0132925AR,110.16,465.22,57.82,Casuarina cunninghamiana,False,PRIMERA,C\ Maladeta,16.43,17.5,4.72,4.89,0.245,2.82,1437,ok
0132926AR,463.56,201.77,44.68,Robinia pseudoacacia 'Bessoniana',False,SEGONA,Plta Rafaela Serrano,7.21,19.8,5.01,3.64,0.353,2.09,788,ok
0132927AR,613.56,276.02,43.1,Platanus × acerifolia,True,TERCERA,C\ Santapau,19.54,5.0,2.52,9.34,0.154,3.74,179,ok
0132928AR,1010.49,653.85,41.59,Platanus × acerifolia,True,SEGONA,Av Meridiana,13.09,27.0,5.86,5.37,0.367,2.0,1534,ok
0132929AR,555.39,258.51,42.48,Cercis siliquastrum,False,PRIMERA,C\ Torrent de Can Piquer,10.43,2.0,1.6,7.13,0.0,7.82,42,few_points
0132930AR,552.22,377.6,45.37,Casuarina cunninghamiana,False,PRIMERA,C\ Piferrer,3.81,1.8,1.49,1.83,0.467,1.52,76,no_crown_detected
0132931AR,920.48,320.26,40.0,Platanus × acerifolia,True,TERCERA,Av Meridiana,15.16,119.8,12.35,6.84,0.408,1.79,6445,ok
0132932AR,121.13,703.9,65.73,Celtis australis,False,SEGONA,C\ Valldemossa,25.2,32.8,6.46,4.53,0.19,3.32,620,ok
0132933AR,122.88,458.07,56.97,Populus alba 'Pyramidalis',False,EXEMPLAR,C\ Maladeta,18.12,23.5,5.47,5.23,0.273,2.59,1838,ok
0132934AR,920.85,345.19,39.95,Celtis australis,False,PRIMERA,Av Meridiana,8.9,3.0,1.95,3.03,0.431,1.69,125,ok
0132935AR,959.41,542.01,40.99,Platanus × acerifolia,True,TERCERA,Av Meridiana,14.62,47.2,7.76,3.17,0.318,2.29,2783,ok
0132936AR,926.89,343.24,40.04,Platanus × acerifolia,True,TERCERA,Av Meridiana,12.43,66.0,9.17,6.08,0.475,1.49,3447,ok
0132937AR,512.38,277.11,44.42,Platanus × acerifolia,True,SEGONA,C\ Piferrer,13.14,2.5,1.78,8.54,0.367,2.0,80,ok
0132938AR,945.67,412.57,40.19,Platanus × acerifolia,True,EXEMPLAR,Av Meridiana,15.7,140.2,13.36,6.17,0.4,1.83,7897,ok
0132939AR,48.75,582.11,62.97,Platanus × acerifolia,True,TERCERA,C\ Doctor Pi i Molist,13.75,2.2,1.69,7.08,0.526,1.28,86,ok
0132940AR,787.89,1029.8,49.97,Grevillea robusta,False,PRIMERA,Pg Valldaura,6.22,7.0,2.99,3.13,0.377,1.95,159,ok
0132941AR,519.63,322.4,44.92,Casuarina cunninghamiana,False,SEGONA,C\ Piferrer,,0.0,0.0,,,,0,no_crown_detected
0132942AR,920.66,1048.48,45.02,Catalpa bignonioides,False,PRIMERA,Pg Valldaura,,0.0,0.0,,,,0,no_crown_detected
0132944AR,159.55,806.36,68.12,Platanus × acerifolia,True,SEGONA,Pg Verdum,15.36,51.2,8.08,7.14,0.272,2.6,1646,ok
0132945AR,788.65,387.18,40.83,Platanus × acerifolia,True,SEGONA,Pg Andreu Nin,8.95,14.5,4.3,5.57,0.346,2.12,582,ok
0132946AR,388.2,578.67,53.18,Celtis australis,False,TERCERA,C\ Casas i Amigó,9.43,57.5,8.56,4.49,0.313,2.33,2040,ok
0132948AR,646.08,970.87,55.68,Jacaranda mimosifolia,False,SEGONA,C\ Artà,12.97,47.2,7.76,4.95,0.131,4.06,624,ok
0132950AR,693.59,675.15,46.13,Populus nigra 'Italica',False,TERCERA,Av Rio de Janeiro,12.27,20.8,5.14,3.87,0.313,2.32,662,ok
0132952AR,126.01,700.4,65.29,Celtis australis,False,TERCERA,C\ Valldemossa,7.79,36.2,6.79,4.42,0.281,2.54,759,ok
0132953AR,576.42,609.87,49.05,Jacaranda mimosifolia,False,TERCERA,C\ Pintor Alsamora,10.75,79.0,10.03,6.14,0.279,2.55,2738,ok
0132954AR,863.56,105.16,38.64,Platanus × acerifolia,True,TERCERA,Av Rio de Janeiro,12.75,1.2,1.26,6.6,0.4,1.83,43,no_crown_detected
0132955AR,170.46,819.91,68.19,Platanus × acerifolia,True,SEGONA,Pl Jardins d'Alfàbia,16.22,41.2,7.25,6.62,0.232,2.92,1321,ok
0132956AR,377.57,625.36,54.41,Melia azedarach,False,TERCERA,C\ Escultor Ordóñez,18.33,104.0,11.51,5.12,0.28,2.54,4562,ok
0132958AR,878.59,187.9,39.24,Celtis australis,False,TERCERA,Av Meridiana,14.27,16.8,4.62,4.88,0.319,2.29,818,ok
0132959AR,672.72,515.93,46.16,Tipuana tipu,False,SEGONA,Av Rio de Janeiro,9.22,89.2,10.66,4.76,0.47,1.51,4238,ok
0132961AR,457.55,128.14,46.98,Platanus × acerifolia,True,SEGONA,C\ Arnau d'Oms,20.29,5.0,2.52,5.05,0.106,4.49,314,ok
0132963AR,909.39,524.53,41.37,Tilia x euchlora,False,PRIMERA,C\ Pintor Alsamora,,0.0,0.0,,,,0,no_crown_detected
0132964AR,137.99,456.53,56.28,Casuarina cunninghamiana,False,PRIMERA,C\ Maladeta,16.32,28.0,5.97,3.85,0.247,2.8,2068,ok
0132965AR,878.26,138.76,38.96,Platanus × acerifolia,True,EXEMPLAR,Av Meridiana,16.45,101.0,11.34,6.06,0.393,1.87,5179,ok
0132967AR,694.31,322.04,42.4,Prunus cerasifera 'Pissardii',False,SEGONA,Pg Ciutat de Mallorca,6.07,18.0,4.79,2.74,0.47,1.51,917,ok
0132968AR,571.17,53.26,47.0,Platanus × acerifolia,True,TERCERA,Pg Fabra i Puig,16.96,62.5,8.92,10.11,0.159,3.68,1244,ok
0132970AR,411.45,544.84,51.66,Citrus × aurantium,False,PRIMERA,C\ Brossa,2.88,2.0,1.6,2.67,0.622,0.95,70,low_tree
0132971AR,879.89,162.86,39.12,Platanus × acerifolia,True,TERCERA,Av Meridiana,15.83,110.8,11.87,7.1,0.449,1.6,6219,ok
0132972AR,1070.43,874.77,42.7,Platanus × acerifolia,True,SEGONA,Av Meridiana,10.71,36.2,6.79,4.94,0.266,2.65,974,ok
0132973AR,931.76,385.41,40.04,Celtis australis,False,PRIMERA,Av Meridiana,4.55,2.5,1.78,2.5,0.483,1.46,104,ok
0132976AR,582.49,341.65,44.62,Prunus cerasifera 'Pissardii',False,SEGONA,Pg Ciutat de Mallorca,6.02,14.0,4.22,3.82,0.506,1.36,474,ok
0132978AR,803.05,390.75,40.91,Platanus × acerifolia,True,SEGONA,Pg Andreu Nin,9.75,39.5,7.09,3.8,0.34,2.16,1948,ok
0132981AR,985.58,559.83,41.17,Platanus × acerifolia,True,EXEMPLAR,Av Meridiana,16.05,89.5,10.67,8.37,0.37,1.99,4542,ok
0132982AR,717.7,795.98,47.28,Cupressus sempervirens,False,SEGONA,Av Rio de Janeiro,8.31,4.8,2.46,2.64,0.226,2.97,106,ok
0132983AR,870.89,215.73,39.52,Platanus × acerifolia,True,SEGONA,Av Meridiana,8.72,16.0,4.51,5.39,0.45,1.6,721,ok
0132986AR,124.32,489.09,58.44,Populus alba,False,SEGONA,C\ Maladeta,6.75,6.0,2.76,2.83,0.513,1.33,230,ok
0132987AR,909.03,787.62,41.83,Catalpa bignonioides,False,PRIMERA,Pg Andreu Nin,,0.0,0.0,,,,0,no_crown_detected
0132988AR,484.81,805.76,56.94,Melia azedarach,False,TERCERA,C\ Escultor Ordóñez,8.04,56.8,8.5,4.18,0.229,2.95,1282,ok
0132991AR,696.72,754.69,48.4,Fraxinus angustifolia 'Raywood',False,PRIMERA,Av Rio de Janeiro,,0.0,0.0,,,,0,no_crown_detected
0132992AR,1082.6,920.89,42.7,Platanus × acerifolia,True,SEGONA,Av Meridiana,10.43,33.0,6.48,3.42,0.281,2.54,828,ok
0132994AR,179.82,654.56,61.13,Robinia pseudoacacia 'Bessoniana',False,PRIMERA,C\ Valldemossa,7.15,13.2,4.11,4.89,0.423,1.72,642,ok
0132995AR,380.47,263.08,46.43,Pyrus calleryana 'Chanticleer',False,SEGONA,C\ Maladeta,8.04,13.0,4.07,3.5,0.203,3.18,460,ok
0132996AR,191.04,640.3,59.78,Platanus × acerifolia,True,TERCERA,C\ Alcúdia,13.63,105.8,11.6,4.74,0.334,2.2,6032,ok
0132997AR,613.26,343.21,44.21,Acer negundo,False,TERCERA,Pg Ciutat de Mallorca,9.56,71.5,9.54,3.92,0.249,2.78,3717,ok
0132998AR,675.54,621.96,46.13,Morus alba,False,SEGONA,Av Rio de Janeiro,4.29,6.5,2.88,2.82,0.55,1.2,248,ok
0132999AR,192.54,849.03,68.45,Platanus × acerifolia,True,TERCERA,Pg Verdum,14.16,2.2,1.69,1.56,0.096,4.68,52,ok
0133000AR,865.81,152.36,38.96,Eucalyptus camaldulensis,False,TERCERA,Av Meridiana,17.18,57.0,8.52,4.84,0.387,1.9,3152,ok
0133001AR,703.0,711.1,46.35,Fraxinus angustifolia 'Raywood',False,PRIMERA,Av Rio de Janeiro,9.74,19.8,5.01,3.69,0.394,1.86,470,ok
0133002AR,718.39,329.97,42.39,Melia azedarach,False,EXEMPLAR,Av Rio de Janeiro,8.69,126.5,12.69,3.55,0.432,1.68,5620,ok
0133003AR,437.89,355.04,46.53,Handroanthus heptaphyllus,False,PRIMERA,C\ Deià,,0.0,0.0,,,,0,no_crown_detected
0133005AR,1085.33,1065.41,41.26,Platanus × acerifolia,True,EXEMPLAR,Pg Valldaura,18.15,45.5,7.61,9.58,0.454,1.58,2493,ok
0133006AR,561.16,383.94,45.49,Casuarina cunninghamiana,False,SEGONA,C\ Piferrer,11.29,13.2,4.11,3.62,0.304,2.38,624,ok
0133007AR,518.0,366.25,45.76,Platanus × acerifolia,True,SEGONA,Pg Ciutat de Mallorca,13.6,120.8,12.4,6.67,0.3,2.41,6470,ok
0133010AR,618.45,971.06,56.46,Platanus × acerifolia,True,SEGONA,Plta Avis,6.6,5.5,2.65,4.47,0.431,1.68,123,ok
0133012AR,381.01,632.89,54.54,Melia azedarach,False,TERCERA,C\ Escultor Ordóñez,18.24,53.5,8.25,5.17,0.242,2.84,2493,ok
0133013AR,524.59,54.39,48.0,Platanus × acerifolia,True,TERCERA,Pg Fabra i Puig,15.47,37.5,6.91,7.65,0.241,2.85,967,ok
0133014AR,908.08,273.84,39.87,Platanus × acerifolia,True,SEGONA,Av Meridiana,13.1,2.2,1.69,6.56,0.369,1.99,104,ok
0133015AR,773.97,813.13,45.5,Melia azedarach,False,TERCERA,C\ Rosselló i Porcel,8.93,2.2,1.69,5.34,0.283,2.52,60,ok
0133016AR,817.85,447.33,41.16,Platanus × acerifolia,True,SEGONA,Pg Andreu Nin,11.04,72.0,9.57,4.65,0.337,2.17,3778,ok
0133017AR,944.68,920.15,39.96,Catalpa bignonioides,False,SEGONA,Pg Andreu Nin,6.27,16.5,4.58,4.1,0.404,1.81,349,ok
0133018AR,526.66,229.57,43.24,Pyrus calleryana 'Chanticleer',False,PRIMERA,C\ Torrent de Can Piquer,6.42,6.0,2.76,3.25,0.393,1.87,301,ok
0133019AR,700.77,174.4,40.53,Citrus × aurantium,False,PRIMERA,C\ Alella,,0.0,0.0,,,,0,no_crown_detected
0133021AR,304.75,578.55,54.41,Robinia pseudoacacia,False,SEGONA,C\ Valldemossa,9.46,19.0,4.92,5.17,0.27,2.62,916,ok
0133022AR,962.05,497.38,40.77,Celtis australis,False,SEGONA,Av Meridiana,14.63,2.2,1.69,4.72,0.328,2.23,109,ok
0133023AR,250.13,916.61,67.53,Brachychiton populneus,False,PRIMERA,Pl República,4.68,1.2,1.26,2.64,0.429,1.69,21,no_crown_detected
0133024AR,484.0,458.0,48.3,Brachychiton populneus,False,TERCERA,C\ Estudiant,7.64,18.5,4.85,3.94,0.456,1.57,971,ok
0133025AR,190.07,235.73,55.5,Platanus × acerifolia,True,EXEMPLAR,C\ Doctor Pi i Molist,23.07,97.8,11.16,12.05,0.246,2.8,5140,ok
0133026AR,464.26,473.33,49.22,Melia azedarach,False,TERCERA,C\ Valldemossa,8.28,2.2,1.69,4.28,0.367,2.01,91,ok
0133027AR,840.47,45.36,40.04,Platanus × acerifolia,True,EXEMPLAR,Pg Fabra i Puig,13.65,2.2,1.69,5.54,0.158,3.69,57,ok
0133031AR,373.98,616.74,54.39,Melia azedarach,False,SEGONA,C\ Escultor Ordóñez,8.24,25.8,5.73,4.15,0.393,1.87,1274,ok
0133032AR,449.93,331.41,45.82,Handroanthus heptaphyllus,False,PRIMERA,C\ Deià,,0.0,0.0,,,,0,no_crown_detected
0133034AR,190.28,441.28,53.67,Jacaranda mimosifolia,False,TERCERA,C\ Andratx,10.33,59.0,8.67,4.58,0.206,3.16,1972,ok
0133036AR,922.06,758.54,42.06,Eucalyptus camaldulensis,False,EXEMPLAR,C\ Rosselló i Porcel,12.28,52.2,8.16,6.05,0.316,2.3,1411,ok
0133037AR,194.51,224.37,55.39,Platanus × acerifolia,True,SEGONA,C\ Doctor Pi i Molist,19.88,34.5,6.63,10.64,0.245,2.81,1893,ok
0133039AR,927.78,857.63,39.95,Handroanthus heptaphyllus,False,PRIMERA,Pg Andreu Nin,5.62,4.8,2.46,3.97,0.45,1.6,100,ok
0133041AR,995.0,620.0,41.32,Celtis australis,False,SEGONA,Av Meridiana,11.69,2.2,1.69,5.42,0.25,2.77,101,ok
0133042AR,1114.0,1061.0,41.92,Celtis sinensis,False,EXEMPLAR,Av Meridiana,14.56,51.5,8.1,6.68,0.184,3.39,1774,ok
0133044AR,383.84,524.78,51.96,Platanus × acerifolia,True,TERCERA,C\ Valldemossa,14.56,90.2,10.72,5.19,0.408,1.79,5152,ok
0133045AR,981.29,623.84,41.39,Platanus × acerifolia,True,TERCERA,Av Meridiana,13.04,65.0,9.1,5.54,0.214,3.08,3091,ok
0133046AR,706.57,773.75,47.92,Populus nigra 'Italica',False,EXEMPLAR,Av Rio de Janeiro,19.99,31.2,6.31,4.61,0.172,3.52,1027,ok
0133047AR,571.26,612.83,49.19,Jacaranda mimosifolia,False,TERCERA,C\ Pintor Alsamora,9.45,45.5,7.61,5.54,0.26,2.69,1465,ok
0133048AR,955.72,505.17,40.82,Celtis australis,False,SEGONA,Av Meridiana,6.25,6.2,2.82,3.76,0.504,1.37,235,ok
0133049AR,483.09,388.15,45.96,Platanus × acerifolia,True,TERCERA,Pg Ciutat de Mallorca,16.25,90.8,10.75,7.78,0.302,2.4,5464,ok
0133050AR,974.74,544.05,40.97,Celtis australis,False,PRIMERA,Av Meridiana,,0.0,0.0,,,,0,no_crown_detected
0133051AR,330.45,422.87,50.62,Platanus × acerifolia,True,SEGONA,C\ Deià,10.38,80.0,10.09,5.81,0.426,1.7,3591,ok
0133052AR,177.93,806.56,67.62,Celtis australis,False,EXEMPLAR,Pl Jardins d'Alfàbia,12.06,132.5,12.99,5.77,0.141,3.91,3309,ok
0133054AR,455.77,206.33,44.7,Tipuana tipu,False,TERCERA,Plta Rafaela Serrano,11.24,126.8,12.7,5.37,0.242,2.84,5094,ok
0133055AR,895.68,58.08,38.74,Platanus × acerifolia,True,TERCERA,Av Rio de Janeiro,16.61,73.0,9.64,8.05,0.202,3.19,1200,ok
0133056AR,911.45,341.27,39.94,Celtis australis,False,SEGONA,Av Meridiana,6.12,16.0,4.51,4.44,0.525,1.29,660,ok
0133058AR,1025.96,712.17,41.94,Platanus × acerifolia,True,TERCERA,Av Meridiana,12.97,38.0,6.96,4.66,0.271,2.61,927,ok
0133059AR,906.94,292.38,39.87,Celtis australis,False,SEGONA,Av Meridiana,13.26,2.5,1.78,3.1,0.604,1.01,91,ok
0133060AR,914.23,297.1,39.94,Platanus × acerifolia,True,TERCERA,Av Meridiana,15.7,90.8,10.75,8.22,0.416,1.75,5012,ok
0133061AR,258.38,605.0,56.45,Catalpa bignonioides,False,TERCERA,C\ Valldemossa,14.42,69.5,9.41,4.99,0.318,2.29,2911,ok
0133064AR,808.21,409.29,41.0,Platanus × acerifolia,True,SEGONA,Pg Andreu Nin,11.55,105.2,11.58,3.78,0.37,1.99,5313,ok
0133065AR,477.8,505.79,49.75,Tipuana tipu,False,TERCERA,C\ Casas i Amigó,14.94,11.2,3.78,9.95,0.089,4.84,453,ok
0133066AR,520.61,986.85,60.25,Grevillea robusta,False,PRIMERA,Pg Valldaura,16.47,21.8,5.26,5.71,0.279,2.55,716,ok
0133067AR,107.6,474.66,58.24,Populus alba 'Pyramidalis',False,EXEMPLAR,C\ Maladeta,17.82,41.2,7.25,4.94,0.206,3.16,3120,ok
0133070AR,690.59,743.47,48.94,Populus nigra 'Italica',False,TERCERA,Av Rio de Janeiro,16.77,35.8,6.75,4.65,0.244,2.82,1075,ok
0133071AR,287.53,452.88,52.32,Brachychiton populneus,False,EXEMPLAR,C\ Deià,9.44,19.0,4.92,2.87,0.412,1.77,1013,ok
0133072AR,865.04,528.21,41.59,Tilia tomentosa,False,SEGONA,C\ Pintor Alsamora,7.03,33.8,6.56,3.59,0.434,1.67,1485,ok
0133074AR,812.52,481.58,41.39,Platanus × acerifolia,True,SEGONA,Pg Andreu Nin,8.81,4.2,2.33,2.68,0.21,3.12,272,ok
0133075AR,457.96,136.54,46.59,Koelreuteria paniculata 'Fastigiata',False,PRIMERA,C\ Arnau d'Oms,4.98,2.0,1.6,3.19,0.452,1.59,52,ok
0133076AR,680.07,639.33,46.1,Morus alba 'Fruitless',False,PRIMERA,Av Rio de Janeiro,4.34,6.8,2.93,2.17,0.457,1.57,267,ok
0133077AR,520.37,235.79,43.47,Brachychiton populneus,False,SEGONA,C\ Torrent de Can Piquer,7.49,4.2,2.33,4.27,0.378,1.95,128,ok
0133078AR,957.87,536.19,40.96,Platanus × acerifolia,True,TERCERA,Av Meridiana,11.7,11.5,3.83,3.27,0.302,2.4,528,ok
0133079AR,664.68,836.14,49.48,Gleditsia triacanthos,False,SEGONA,C\ Garrofers,6.48,11.8,3.87,4.84,0.496,1.4,250,ok
0133080AR,878.51,144.65,38.99,Platanus × acerifolia,True,TERCERA,Av Meridiana,17.11,134.5,13.09,6.71,0.343,2.14,7670,ok
0133081AR,487.57,385.37,45.9,Platanus × acerifolia,True,TERCERA,Pg Ciutat de Mallorca,16.19,51.5,8.1,6.13,0.274,2.59,3452,ok
0133082AR,207.49,468.67,54.54,Jacaranda mimosifolia,False,TERCERA,C\ Andratx,9.86,41.2,7.25,4.89,0.171,3.53,1178,ok
0133083AR,207.3,570.78,57.34,Morus alba,False,SEGONA,C\ Deià,9.77,57.0,8.52,4.19,0.383,1.92,2477,ok
0133084AR,935.05,452.79,40.33,Platanus × acerifolia,True,TERCERA,Av Meridiana,16.36,89.8,10.69,7.13,0.359,2.05,5025,ok
0133085AR,512.35,230.11,43.63,Pyrus calleryana 'Chanticleer',False,PRIMERA,C\ Torrent de Can Piquer,6.12,13.2,4.11,3.2,0.287,2.5,543,ok
0133086AR,783.25,207.79,39.55,Platanus × acerifolia,True,SEGONA,Av Rio de Janeiro,9.76,24.0,5.53,5.18,0.381,1.93,1248,ok
0133088AR,973.18,538.15,40.95,Celtis australis,False,PRIMERA,Av Meridiana,10.83,1.8,1.49,9.12,0.5,1.39,56,no_crown_detected
0133089AR,653.33,314.19,43.03,Tipuana tipu,False,SEGONA,Pg Ciutat de Mallorca,6.78,38.0,6.96,4.01,0.5,1.39,1759,ok
0133091AR,486.25,217.13,44.43,Catalpa bignonioides,False,SEGONA,C\ Arnau d'Oms,10.39,3.8,2.19,9.05,0.261,2.69,89,ok
0133092AR,751.53,85.7,41.48,Brachychiton populneus,False,SEGONA,C\ Vèlia,7.5,7.8,3.14,3.79,0.324,2.25,319,ok
0133094AR,1089.55,968.68,42.6,Celtis sinensis,False,SEGONA,Av Meridiana,6.45,18.0,4.79,4.49,0.338,2.17,308,ok
0133095AR,681.77,397.16,44.59,Melia azedarach,False,TERCERA,Av Rio de Janeiro,7.62,56.8,8.5,4.3,0.45,1.6,2865,ok
0133097AR,249.51,307.49,52.09,Prunus cerasifera 'Pissardii',False,PRIMERA,Ptge Porta,,0.0,0.0,,,,0,no_crown_detected
0133098AR,476.54,196.8,44.3,Populus nigra 'Italica',False,SEGONA,C\ Arnau d'Oms,11.3,15.8,4.48,3.67,0.204,3.18,814,ok
0133099AR,725.48,48.66,42.87,Platanus × acerifolia,True,TERCERA,Pg Fabra i Puig,14.54,51.5,8.1,7.79,0.239,2.86,1381,ok
0133100AR,349.98,576.84,53.96,Melia azedarach,False,SEGONA,C\ Escultor Ordóñez,6.46,14.5,4.3,2.72,0.45,1.6,662,ok
0133101AR,727.09,305.87,41.95,Platanus × acerifolia,True,PRIMERA,Av Rio de Janeiro,10.68,39.2,7.07,4.66,0.36,2.04,1809,ok
0133102AR,932.88,366.28,40.08,Platanus × acerifolia,True,TERCERA,Av Meridiana,12.35,16.2,4.55,8.34,0.45,1.6,844,ok
0133103AR,945.78,925.02,39.96,Handroanthus heptaphyllus,False,PRIMERA,Pg Andreu Nin,,0.0,0.0,,,,0,no_crown_detected
0133104AR,639.0,442.0,46.74,Casuarina cunninghamiana,False,EXEMPLAR,Av Rio de Janeiro,20.71,45.0,7.57,4.48,0.305,2.37,2268,ok
0133105AR,136.58,481.29,57.78,Pyrus calleryana 'Chanticleer',False,PRIMERA,C\ Maladeta,4.76,4.0,2.26,2.4,0.396,1.85,159,ok
0133107AR,316.89,80.8,52.17,Pyrus calleryana 'Chanticleer',False,PRIMERA,C\ Santanyí,6.62,10.2,3.61,3.33,0.57,1.12,330,ok
0133108AR,485.0,370.0,45.87,Celtis australis,False,TERCERA,Pg Ciutat de Mallorca,16.69,32.0,6.38,6.37,0.293,2.45,1819,ok
0133109AR,937.58,439.72,40.24,Celtis australis,False,SEGONA,Av Meridiana,13.17,7.8,3.14,5.4,0.443,1.63,315,ok
0133110AR,335.55,322.93,48.39,Melia azedarach,False,TERCERA,C\ Maladeta,9.84,112.5,11.97,5.59,0.389,1.89,4296,ok
0133111AR,915.38,809.84,41.26,Catalpa bignonioides,False,SEGONA,Pg Andreu Nin,6.93,5.5,2.65,4.29,0.319,2.29,138,ok
0133112AR,985.56,616.89,41.31,Celtis australis,False,TERCERA,Av Meridiana,12.13,51.8,8.12,6.63,0.317,2.29,1908,ok
0133114AR,509.43,236.31,43.7,Brachychiton populneus,False,TERCERA,C\ Torrent de Can Piquer,11.12,15.8,4.48,4.17,0.279,2.56,638,ok
0133115AR,87.97,485.2,58.64,Platanus × acerifolia,True,EXEMPLAR,C\ Doctor Pi i Molist,20.86,151.2,13.88,8.9,0.303,2.39,9446,ok
0133116AR,416.31,565.16,52.28,Celtis australis,False,SEGONA,C\ Casas i Amigó,11.36,70.5,9.47,5.29,0.24,2.85,2480,ok
0133117AR,524.28,242.91,43.21,Tipuana tipu,False,SEGONA,C\ Torrent de Can Piquer,9.72,14.8,4.33,5.32,0.389,1.89,582,ok
0133119AR,914.21,1047.49,45.47,Platanus × acerifolia,True,TERCERA,Pg Valldaura,13.93,48.8,7.88,8.14,0.35,2.1,2649,ok
0133120AR,334.92,419.82,50.44,Platanus × acerifolia,True,SEGONA,C\ Deià,10.64,3.0,1.95,7.38,0.442,1.63,133,ok
0133123AR,83.68,699.94,66.58,Platanus × acerifolia,True,TERCERA,Pg Verdum,19.65,48.5,7.86,8.08,0.2,3.21,1377,ok
0133125AR,665.44,50.3,44.45,Platanus × acerifolia,True,TERCERA,Pg Fabra i Puig,14.9,37.8,6.93,9.08,0.236,2.89,843,ok
0133126AR,891.44,234.65,39.65,Celtis australis,False,TERCERA,Av Meridiana,13.58,2.2,1.69,7.9,0.119,4.26,111,ok
0133128AR,403.24,569.25,52.64,Celtis australis,False,TERCERA,C\ Casas i Amigó,9.5,68.5,9.34,4.04,0.326,2.24,2535,ok
0133129AR,146.31,789.77,68.04,Platanus × acerifolia,True,SEGONA,Pg Verdum,17.32,58.2,8.61,8.73,0.201,3.21,1581,ok
0133130AR,409.85,946.93,61.99,Robinia pseudoacacia,False,PRIMERA,Pl Otero Pedrayo,19.18,17.5,4.72,3.89,0.267,2.64,273,ok
0133131AR,753.78,167.77,39.97,Brachychiton populneus,False,SEGONA,C\ Vèlia,6.89,17.5,4.72,2.22,0.222,3.01,486,ok
0133132AR,1060.02,1068.6,40.98,Catalpa bignonioides,False,PRIMERA,Pg Valldaura,10.59,0.2,0.56,10.55,0.5,1.39,9,no_crown_detected
0133133AR,970.82,1016.62,41.47,Catalpa bignonioides,False,SEGONA,Pg Andreu Nin,8.52,47.8,7.8,4.82,0.362,2.03,1125,ok
0133134AR,732.4,295.65,41.66,Ulmus pumila,False,EXEMPLAR,Av Rio de Janeiro,13.11,44.8,7.55,4.55,0.16,3.67,2208,ok
0133136AR,162.59,302.14,56.1,Platanus × acerifolia,True,SEGONA,C\ Doctor Pi i Molist,18.28,47.5,7.78,9.12,0.315,2.31,2382,ok
0133137AR,1019.22,1062.49,41.19,Platanus × acerifolia,True,SEGONA,Pg Valldaura,11.54,61.0,8.81,5.79,0.422,1.73,3267,ok
0133138AR,929.77,915.28,39.8,Catalpa bignonioides,False,SEGONA,Pg Andreu Nin,4.43,9.2,3.43,3.45,0.357,2.06,115,ok
0133139AR,420.73,707.72,56.33,Melia azedarach,False,EXEMPLAR,C\ Escultor Ordóñez,11.06,131.2,12.93,4.22,0.212,3.1,3150,ok
0133142AR,1116.04,1048.12,42.04,Platanus × acerifolia,True,TERCERA,Av Meridiana,15.98,99.8,11.27,6.38,0.179,3.44,3827,ok
0133143AR,915.77,359.04,40.0,Celtis australis,False,SEGONA,Av Meridiana,7.02,16.5,4.58,4.42,0.506,1.36,672,ok
0133144AR,761.88,113.42,40.83,Brachychiton populneus,False,SEGONA,C\ Vèlia,9.01,14.8,4.33,2.97,0.307,2.36,609,ok
0133145AR,188.13,635.31,59.6,Platanus × acerifolia,True,SEGONA,C\ Alcúdia,10.66,6.8,2.93,5.14,0.448,1.61,334,ok
0133146AR,199.17,795.76,66.04,Platanus × acerifolia,True,SEGONA,Pl Jardins d'Alfàbia,15.85,38.8,7.02,8.1,0.327,2.24,1194,ok
0133147AR,358.62,345.54,48.3,Celtis australis,False,TERCERA,Ptge Alfonso Lafuente,9.55,39.2,7.07,5.84,0.453,1.58,1505,ok
0133148AR,682.0,513.0,45.39,Tipuana tipu,False,SEGONA,Av Rio de Janeiro,6.92,23.0,5.41,4.26,0.522,1.3,979,ok
0133149AR,979.0,593.0,41.22,Celtis australis,False,SEGONA,Av Meridiana,20.78,140.8,13.39,6.56,0.22,3.03,7380,ok
0133150AR,132.91,483.9,57.91,Casuarina cunninghamiana,False,PRIMERA,C\ Maladeta,11.33,24.0,5.53,4.32,0.367,2.01,1486,ok
0133152AR,218.1,444.13,53.85,Melia azedarach,False,EXEMPLAR,C\ Andratx,10.76,90.2,10.72,4.5,0.298,2.42,3139,ok
0133153AR,690.51,49.52,43.79,Platanus × acerifolia,True,TERCERA,Pg Fabra i Puig,16.31,168.2,14.64,7.9,0.188,3.35,3899,ok
0133154AR,401.28,830.78,60.06,X chitalpa tashkentensis 'minsum' SUMMER BELLS®,False,PRIMERA,C\ Selva,10.9,15.2,4.41,3.56,0.273,2.6,319,ok
0133155AR,184.98,355.87,53.24,Prunus cerasifera 'Pissardii',False,PRIMERA,C\ Porta,,0.0,0.0,,,,0,no_crown_detected
0133157AR,229.59,473.18,54.02,Gleditsia triacanthos f. inermis,False,PRIMERA,C\ Deià,9.05,1.5,1.38,5.19,0.289,2.48,46,no_crown_detected
0133159AR,353.28,584.87,54.14,Melia azedarach,False,EXEMPLAR,C\ Escultor Ordóñez,12.66,97.2,11.13,4.93,0.403,1.82,4987,ok
0133162AR,1107.22,1013.81,42.26,Platanus × acerifolia,True,TERCERA,Av Meridiana,13.43,22.0,5.29,4.06,0.221,3.01,596,ok
0133164AR,923.63,387.54,40.08,Celtis australis,False,TERCERA,Av Meridiana,9.43,16.2,4.55,5.08,0.338,2.17,655,ok
0133165AR,550.02,624.08,50.01,Jacaranda mimosifolia,False,TERCERA,C\ Pintor Alsamora,9.88,39.0,7.05,4.46,0.26,2.7,1291,ok
0133166AR,794.69,982.91,49.0,Grevillea robusta,False,TERCERA,Av Rio de Janeiro,13.53,17.8,4.75,5.45,0.186,3.36,494,ok
0133167AR,648.97,50.68,44.91,Platanus × acerifolia,True,TERCERA,Pg Fabra i Puig,14.4,23.8,5.5,8.99,0.196,3.26,465,ok
0133168AR,785.33,374.88,40.82,Platanus × acerifolia,True,SEGONA,Pg Andreu Nin,12.4,39.2,7.07,6.34,0.343,2.14,1755,ok
0133169AR,796.46,418.1,41.01,Platanus × acerifolia,True,SEGONA,Pg Andreu Nin,12.57,52.0,8.14,7.1,0.308,2.36,2665,ok
0133170AR,530.88,235.15,43.24,Brachychiton populneus,False,EXEMPLAR,C\ Torrent de Can Piquer,13.2,68.0,9.3,4.88,0.325,2.25,3197,ok
0133171AR,485.67,309.54,44.69,Catalpa bignonioides,False,SEGONA,C\ Deià,7.75,32.5,6.43,3.08,0.314,2.32,1091,ok
0133172AR,803.14,443.81,41.12,Platanus × acerifolia,True,SEGONA,Pg Andreu Nin,12.73,34.8,6.65,6.87,0.315,2.31,1768,ok
0133173AR,492.85,243.33,44.23,Platanus × acerifolia,True,SEGONA,C\ Piferrer,14.74,53.8,8.27,7.05,0.353,2.08,2557,ok
0133174AR,901.8,306.21,39.9,Celtis australis,False,TERCERA,Av Meridiana,8.81,42.5,7.36,4.92,0.451,1.59,1891,ok
0133176AR,814.79,488.63,41.37,Platanus × acerifolia,True,TERCERA,Pg Andreu Nin,12.03,66.5,9.2,5.77,0.411,1.78,3686,ok
0133177AR,301.92,438.2,51.81,Brachychiton populneus,False,EXEMPLAR,C\ Deià,9.42,36.0,6.77,5.19,0.392,1.87,1853,ok
0133178AR,119.8,467.52,57.5,Populus alba 'Pyramidalis',False,SEGONA,C\ Maladeta,13.47,13.5,4.15,3.93,0.255,2.73,984,ok
0133179AR,72.56,523.38,60.11,Platanus × acerifolia,True,TERCERA,C\ Doctor Pi i Molist,19.24,67.2,9.25,8.55,0.285,2.51,3497,ok
0133180AR,942.99,426.18,40.16,Celtis australis,False,PRIMERA,Av Meridiana,8.66,0.8,0.98,8.5,0.667,0.81,25,no_crown_detected
0133181AR,408.18,234.46,45.26,Pyrus calleryana 'Chanticleer',False,PRIMERA,C\ Maladeta,16.08,12.2,3.95,1.92,0.251,2.76,476,ok
0133183AR,856.4,512.4,41.36,Tilia x europaea,False,PRIMERA,C\ Pintor Alsamora,6.08,2.8,1.87,3.5,0.286,2.51,114,ok
0133186AR,430.22,737.02,56.83,Melia azedarach,False,TERCERA,C\ Escultor Ordóñez,8.28,50.8,8.04,3.6,0.31,2.34,1488,ok
0133188AR,494.0,271.0,44.34,Casuarina cunninghamiana,False,SEGONA,C\ Piferrer,10.37,12.8,4.03,1.81,0.223,3.0,542,ok
0133191AR,235.14,866.22,67.1,Brachychiton populneus,False,SEGONA,C\ Bunyola,8.35,27.8,5.94,4.58,0.295,2.44,616,ok
0133192AR,253.74,621.08,57.17,Catalpa bignonioides,False,SEGONA,C\ Valldemossa,11.94,59.0,8.67,5.15,0.273,2.6,2516,ok
0133193AR,128.63,486.28,58.17,Populus alba,False,TERCERA,C\ Maladeta,12.63,37.5,6.91,3.46,0.328,2.23,2590,ok
0133194AR,824.25,472.04,41.27,Platanus × acerifolia,True,SEGONA,Pg Andreu Nin,11.87,72.0,9.57,4.03,0.356,2.07,3936,ok
0133195AR,796.87,977.68,48.72,Fraxinus angustifolia 'Raywood',False,PRIMERA,Av Rio de Janeiro,10.06,3.0,1.95,3.49,0.417,1.75,72,ok
0133196AR,366.4,948.36,63.53,Robinia pseudoacacia 'Bessoniana',False,PRIMERA,Pl Otero Pedrayo,,0.0,0.0,,,,0,no_crown_detected
0133198AR,533.16,237.97,43.15,Tipuana tipu,False,SEGONA,C\ Torrent de Can Piquer,9.49,2.0,1.6,4.4,0.286,2.51,83,ok
0133202AR,774.38,535.53,43.0,Grevillea robusta,False,PRIMERA,C\ Pintor Alsamora,,0.0,0.0,,,,0,no_crown_detected
0133203AR,470.78,379.11,46.1,Platanus × acerifolia,True,EXEMPLAR,Pg Ciutat de Mallorca,18.6,32.8,6.46,8.1,0.243,2.83,1900,ok
0133204AR,143.89,601.43,60.23,Platanus × acerifolia,True,SEGONA,C\ Felanitx,10.86,58.5,8.63,4.88,0.321,2.27,3128,ok
0133205AR,477.68,249.59,44.36,Robinia pseudoacacia,False,SEGONA,C\ Piferrer,11.85,1.8,1.49,8.48,0.375,1.96,41,no_crown_detected
0133208AR,200.31,457.67,54.14,Jacaranda mimosifolia,False,SEGONA,C\ Andratx,6.28,20.5,5.11,4.38,0.332,2.2,565,ok
0133209AR,85.74,575.13,61.91,Styphnolobium japonicum,False,EXEMPLAR,C\ Pollença,16.53,63.8,9.01,4.45,0.258,2.71,2288,ok
0133213AR,598.22,240.34,42.63,Pyrus calleryana 'Chanticleer',False,PRIMERA,C\ Torrent de Can Piquer,14.4,24.5,5.59,4.49,0.154,3.74,1057,ok
0133214AR,263.37,421.88,51.44,Jacaranda mimosifolia,False,TERCERA,C\ Escultor Ordóñez,10.15,78.5,10.0,5.44,0.195,3.27,2480,ok
0133215AR,536.85,54.03,47.82,Platanus × acerifolia,True,TERCERA,Pg Fabra i Puig,16.3,103.2,11.47,7.14,0.239,2.86,2431,ok
0133216AR,942.45,510.13,41.02,Tilia x euchlora,False,PRIMERA,C\ Pintor Alsamora,6.24,3.0,1.95,3.42,0.486,1.44,141,ok
0133217AR,1053.29,835.31,42.38,Celtis sinensis,False,TERCERA,Av Meridiana,9.65,46.5,7.69,5.16,0.305,2.37,927,ok
0133218AR,261.58,765.04,62.18,Platanus × acerifolia,True,TERCERA,Pl Jardins d'Alfàbia,15.69,93.0,10.88,6.66,0.237,2.88,2384,ok
0133219AR,253.77,283.65,51.9,Koelreuteria paniculata 'Fastigiata',False,PRIMERA,C\ Porta,3.62,2.5,1.78,2.6,0.541,1.23,53,ok
0133220AR,625.55,856.52,51.69,Gleditsia triacanthos,False,TERCERA,C\ Garrofers,11.41,58.0,8.59,5.79,0.362,2.03,1435,ok
0133221AR,923.62,331.62,40.0,Platanus × acerifolia,True,TERCERA,Av Meridiana,13.01,28.2,6.0,7.76,0.475,1.49,1491,ok
0133222AR,374.39,377.69,48.47,Celtis australis,False,TERCERA,Ptge Alfonso Lafuente,11.75,73.5,9.67,5.28,0.21,3.13,2558,ok
0133224AR,164.9,297.22,56.08,Platanus × acerifolia,True,SEGONA,C\ Doctor Pi i Molist,12.88,7.2,3.04,9.57,0.368,2.0,213,ok
0133225AR,752.51,1024.55,51.33,Populus nigra 'Italica',False,TERCERA,Pg Valldaura,16.75,29.0,6.08,5.22,0.23,2.94,938,ok
0133227AR,576.55,52.92,46.82,Platanus × acerifolia,True,EXEMPLAR,Pg Fabra i Puig,19.48,53.5,8.25,9.62,0.126,4.14,1257,ok
0133230AR,1118.96,1059.88,41.95,Platanus × acerifolia,True,SEGONA,Av Meridiana,15.22,20.5,5.11,6.36,0.098,4.64,914,ok
0133231AR,771.69,271.01,40.05,Platanus × acerifolia,True,SEGONA,Pg Andreu Nin,11.89,41.0,7.23,6.18,0.43,1.69,2224,ok
0133232AR,181.27,439.25,53.76,Jacaranda mimosifolia,False,TERCERA,C\ Andratx,10.64,49.5,7.94,4.91,0.212,3.1,2235,ok
0133233AR,184.53,444.74,54.04,Jacaranda mimosifolia,False,TERCERA,C\ Andratx,10.2,116.2,12.17,4.61,0.169,3.56,3805,ok
0133234AR,679.68,199.07,40.91,Citrus × aurantium,False,PRIMERA,C\ Malgrat,13.9,16.8,4.62,4.0,0.213,3.1,541,ok
0133235AR,942.42,516.19,41.1,Tilia x euchlora,False,PRIMERA,C\ Pintor Alsamora,,0.0,0.0,,,,0,no_crown_detected
0133236AR,521.02,318.23,44.85,Casuarina cunninghamiana,False,PRIMERA,C\ Piferrer,19.07,32.0,6.38,5.38,0.349,2.11,2012,ok
0133237AR,218.04,891.86,68.25,Platanus × acerifolia,True,SEGONA,Pg Verdum,18.49,54.0,8.29,6.29,0.17,3.54,1321,ok
0133238AR,587.05,998.03,58.07,Populus nigra 'Italica',False,EXEMPLAR,Pg Valldaura,20.77,39.8,7.11,5.21,0.212,3.1,1415,ok
0133239AR,855.1,522.92,41.56,Tilia x europaea,False,SEGONA,C\ Pintor Alsamora,6.26,3.5,2.11,3.35,0.507,1.36,124,ok
0133240AR,989.07,653.03,41.56,Platanus × acerifolia,True,TERCERA,Av Meridiana,12.39,52.5,8.18,4.38,0.28,2.54,2807,ok
0133242AR,720.38,774.76,46.68,Fraxinus angustifolia 'Raywood',False,PRIMERA,Av Rio de Janeiro,5.64,4.0,2.26,3.18,0.395,1.86,86,ok
0133243AR,490.67,502.4,49.55,Acer campestre 'Elsrijk',False,PRIMERA,C\ Casas i Amigó,11.9,3.0,1.95,5.72,0.424,1.71,140,ok
0133244AR,456.13,79.3,48.92,Celtis australis,False,SEGONA,C\ Arnau d'Oms,9.89,1.2,1.26,8.7,0.0,7.82,22,no_crown_detected
0133245AR,947.4,418.58,40.21,Platanus × acerifolia,True,PRIMERA,Av Meridiana,12.55,2.2,1.69,5.11,0.435,1.66,137,ok
0133246AR,473.2,235.75,44.38,Casuarina cunninghamiana,False,SEGONA,C\ Piferrer,14.22,46.8,7.72,7.76,0.217,3.06,1825,ok
0133247AR,108.48,611.88,62.59,Prunus cerasifera 'Pissardii',False,SEGONA,C\ Pollença,9.61,13.5,4.15,3.66,0.24,2.85,523,ok
0133250AR,424.22,498.87,50.55,Melia azedarach,False,TERCERA,C\ Valldemossa,12.17,2.2,1.69,7.98,0.53,1.27,105,ok
0133253AR,845.26,551.47,41.72,Platanus × acerifolia,True,TERCERA,Pg Andreu Nin,11.35,99.0,11.23,4.39,0.385,1.91,4713,ok
0133254AR,271.63,407.66,50.82,Platanus × acerifolia,True,TERCERA,C\ Escultor Ordóñez,9.15,2.8,1.87,4.37,0.329,2.22,122,ok
0133255AR,489.78,507.54,49.72,Populus nigra 'Italica',False,TERCERA,C\ Casas i Amigó,15.77,23.8,5.5,5.26,0.215,3.07,1131,ok
0133256AR,781.96,362.23,40.77,Platanus × acerifolia,True,SEGONA,Pg Andreu Nin,13.44,34.5,6.63,6.94,0.409,1.79,1586,ok
0133257AR,776.37,946.89,48.76,Platanus × acerifolia,True,TERCERA,Av Rio de Janeiro,14.41,58.0,8.59,7.32,0.23,2.94,1354,ok
0133258AR,166.88,292.08,56.04,Platanus × acerifolia,True,SEGONA,C\ Doctor Pi i Molist,17.96,60.0,8.74,10.41,0.301,2.4,2772,ok
0133259AR,313.9,491.73,52.67,Platanus × acerifolia,True,SEGONA,C\ Escultor Ordóñez,11.02,65.8,9.15,4.64,0.352,2.09,3105,ok
0133261AR,940.7,905.75,39.77,Handroanthus heptaphyllus,False,PRIMERA,Pg Andreu Nin,8.84,41.0,7.23,4.68,0.341,2.15,991,ok
0133263AR,350.65,338.38,48.43,Celtis australis,False,TERCERA,Ptge Alfonso Lafuente,10.11,46.8,7.72,5.14,0.282,2.53,1448,ok
0133264AR,710.69,1017.8,53.08,Phoenix dactylifera,False,EXEMPLAR,Pg Valldaura,21.64,38.0,6.96,6.17,0.173,3.51,1426,ok
0133266AR,205.34,792.61,65.57,Platanus × acerifolia,True,EXEMPLAR,Pl Jardins d'Alfàbia,16.78,56.5,8.48,8.19,0.329,2.22,1633,ok
0133267AR,838.43,130.96,38.29,Platanus × acerifolia,True,TERCERA,C\ Manuel Sancho,15.94,70.5,9.47,8.05,0.357,2.06,4319,ok
0133268AR,564.8,53.2,47.14,Platanus × acerifolia,True,TERCERA,Pg Fabra i Puig,13.92,23.2,5.44,9.59,0.31,2.34,442,ok
0133269AR,1025.1,1063.59,41.1,Platanus × acerifolia,True,SEGONA,Pg Valldaura,11.57,41.5,7.27,6.82,0.435,1.66,2022,ok
0133272AR,347.67,896.96,62.83,Jacaranda mimosifolia,False,SEGONA,C\ Alcúdia,17.74,52.8,8.2,4.66,0.119,4.26,783,ok
0133273AR,472.66,81.29,48.35,Celtis australis,False,EXEMPLAR,C\ Arnau d'Oms,12.37,74.5,9.74,6.81,0.265,2.65,3015,ok
0133275AR,272.73,606.35,56.05,Robinia pseudoacacia,False,TERCERA,C\ Valldemossa,19.33,74.0,9.71,8.09,0.324,2.25,4543,ok
0133276AR,325.18,565.68,53.93,Robinia pseudoacacia 'Bessoniana',False,PRIMERA,C\ Valldemossa,,0.0,0.0,,,,0,no_crown_detected
0133277AR,1108.19,1068.73,41.56,Platanus × acerifolia,True,EXEMPLAR,Pg Valldaura,18.03,127.8,12.75,8.01,0.316,2.31,6567,ok
0133278AR,542.05,178.91,42.95,Citrus × aurantium,False,PRIMERA,C\ Alella,5.7,9.8,3.52,1.66,0.297,2.43,323,ok
0133281AR,1055.0,841.0,42.42,Celtis sinensis,False,SEGONA,Av Meridiana,6.28,5.5,2.65,4.78,0.381,1.93,105,ok
0133282AR,215.58,584.14,57.48,Morus alba,False,SEGONA,C\ Deià,10.1,43.2,7.42,4.96,0.309,2.35,1997,ok
0133283AR,991.96,664.65,41.59,Platanus × acerifolia,True,SEGONA,Av Meridiana,9.34,3.2,2.03,5.46,0.301,2.4,147,ok
0133285AR,690.91,680.04,46.29,Morus alba,False,PRIMERA,Av Rio de Janeiro,4.22,8.5,3.29,3.21,0.54,1.23,161,ok
0133287AR,962.98,987.34,41.0,Catalpa bignonioides,False,SEGONA,Pg Andreu Nin,7.78,51.5,8.1,3.94,0.406,1.8,1220,ok
0133288AR,676.01,489.88,44.98,Tipuana tipu,False,SEGONA,Av Rio de Janeiro,12.07,63.8,9.01,5.51,0.327,2.23,3132,ok
0133289AR,957.66,511.45,40.84,Celtis australis,False,SEGONA,Av Meridiana,4.96,5.5,2.65,3.62,0.496,1.4,243,ok
0133290AR,898.67,843.96,40.17,Tipuana tipu,False,SEGONA,Pg Andreu Nin,9.56,77.8,9.95,4.52,0.257,2.71,1744,ok
0133291AR,474.51,445.23,47.8,Platanus × acerifolia,True,SEGONA,C\ Estudiant,14.54,3.8,2.19,8.6,0.289,2.49,249,ok
0133293AR,680.06,83.29,43.61,Citrus × aurantium,False,SEGONA,C\ Malgrat,6.33,19.8,5.01,3.89,0.317,2.3,633,ok
0133295AR,719.36,534.01,44.6,Jacaranda mimosifolia,False,SEGONA,C\ Pintor Alsamora,7.77,20.5,5.11,4.66,0.26,2.69,515,ok
0133296AR,547.15,184.49,42.79,Citrus × aurantium,False,PRIMERA,C\ Alella,8.14,9.2,3.43,4.04,0.442,1.63,237,ok
0133297AR,515.32,236.07,43.56,Brachychiton populneus,False,TERCERA,C\ Torrent de Can Piquer,7.83,15.5,4.44,4.09,0.271,2.61,707,ok
0133299AR,878.72,150.77,39.02,Platanus × acerifolia,True,EXEMPLAR,Av Meridiana,15.12,7.8,3.14,7.34,0.401,1.83,370,ok
0133300AR,1005.69,636.07,41.49,Platanus × acerifolia,True,TERCERA,Av Meridiana,17.8,92.5,10.85,6.55,0.317,2.29,5207,ok
0133302AR,929.23,862.67,39.82,Catalpa bignonioides,False,SEGONA,Pg Andreu Nin,10.74,138.8,13.29,4.94,0.334,2.19,3238,ok
0133303AR,647.57,322.58,43.13,Celtis australis,False,TERCERA,Pg Ciutat de Mallorca,22.5,46.0,7.65,4.03,0.273,2.6,1242,ok
0133304AR,178.67,759.41,66.31,Citrus × aurantium,False,SEGONA,Pl Portocristo,5.61,13.0,4.07,4.18,0.089,4.84,90,ok
0133305AR,269.02,379.75,49.97,Melia azedarach,False,PRIMERA,C\ Maladeta,10.31,51.5,8.1,5.5,0.287,2.5,2152,ok
0133306AR,560.11,275.36,43.35,Jacaranda mimosifolia,False,TERCERA,C\ Torrent de Can Piquer,10.31,2.8,1.87,8.54,0.0,7.82,67,ok
0133308AR,1010.51,678.6,41.64,Celtis australis,False,SEGONA,Av Meridiana,4.44,3.5,2.11,3.24,0.5,1.39,64,ok
0133309AR,329.03,894.16,63.61,Prunus cerasifera 'Pissardii',False,SEGONA,C\ Eduard Tubau,17.04,30.8,6.26,4.73,0.23,2.94,539,ok
0133310AR,794.53,944.5,48.13,Platanus × acerifolia,True,PRIMERA,Av Rio de Janeiro,5.36,6.8,2.93,3.6,0.544,1.22,136,ok
0133311AR,1102.52,1067.72,41.48,Platanus × acerifolia,True,EXEMPLAR,Pg Valldaura,18.33,103.5,11.48,8.77,0.42,1.74,5829,ok
0133314AR,459.39,75.48,48.88,Grevillea robusta,False,PRIMERA,C\ Arnau d'Oms,12.48,2.8,1.87,5.46,0.106,4.48,92,ok
0133317AR,169.76,661.08,61.81,Platanus × acerifolia,True,SEGONA,C\ Valldemossa,8.7,25.0,5.64,1.69,0.444,1.62,1032,ok
0133318AR,260.84,778.94,62.72,Platanus × acerifolia,True,SEGONA,Pl Jardins d'Alfàbia,8.9,5.0,2.52,5.45,0.266,2.65,124,ok
0133319AR,561.58,269.37,42.49,Cercis siliquastrum,False,PRIMERA,C\ Torrent de Can Piquer,9.71,3.0,1.95,7.05,0.0,7.82,53,ok
0133321AR,889.7,260.58,39.74,Celtis australis,False,TERCERA,Av Meridiana,8.58,41.8,7.29,4.22,0.442,1.63,1960,ok
0133323AR,744.07,48.01,42.43,Platanus × acerifolia,True,EXEMPLAR,Pg Fabra i Puig,14.46,2.2,1.69,7.82,0.154,3.74,52,ok
0133325AR,880.07,225.75,39.56,Celtis australis,False,TERCERA,Av Meridiana,8.77,40.2,7.16,4.43,0.44,1.64,1833,ok
0133326AR,221.07,897.28,68.19,Platanus × acerifolia,True,TERCERA,Pg Verdum,18.58,58.5,8.63,8.66,0.17,3.55,1679,ok
0133327AR,509.09,179.71,43.56,Citrus × aurantium,False,PRIMERA,C\ Alella,4.91,7.8,3.14,3.89,0.235,2.9,265,ok
0133328AR,416.86,57.36,50.28,Platanus × acerifolia,True,SEGONA,Pg Fabra i Puig,16.8,52.8,8.2,9.44,0.207,3.15,1400,ok
0133329AR,684.41,49.82,44.0,Platanus × acerifolia,True,TERCERA,Pg Fabra i Puig,13.34,2.8,1.87,6.18,0.09,4.82,78,ok
0133331AR,830.34,162.56,38.62,Platanus × acerifolia,True,SEGONA,Av Rio de Janeiro,14.95,96.2,11.07,5.01,0.328,2.23,5680,ok
0133334AR,1081.05,914.66,42.74,Platanus × acerifolia,True,SEGONA,Av Meridiana,10.3,39.2,7.07,4.23,0.231,2.93,1143,ok
0133335AR,588.07,52.69,46.65,Platanus × acerifolia,True,EXEMPLAR,Pg Fabra i Puig,18.46,76.0,9.84,8.75,0.18,3.43,1884,ok
0133336AR,441.73,756.49,57.14,Melia azedarach,False,TERCERA,C\ Escultor Ordóñez,7.33,37.2,6.89,4.1,0.383,1.92,901,ok
0133337AR,805.68,506.25,41.92,Jacaranda mimosifolia,False,TERCERA,C\ Pintor Alsamora,9.19,67.2,9.25,5.05,0.267,2.64,2186,ok
0133338AR,262.73,383.48,50.18,Melia azedarach,False,EXEMPLAR,C\ Maladeta,12.36,63.5,8.99,6.08,0.28,2.54,2452,ok
0133339AR,778.01,296.23,40.26,Platanus × acerifolia,True,SEGONA,Pg Andreu Nin,8.2,41.0,7.23,4.0,0.432,1.68,1827,ok
0133340AR,1062.56,845.3,42.54,Platanus × acerifolia,True,PRIMERA,Av Meridiana,7.06,1.5,1.38,3.49,0.3,2.41,40,no_crown_detected
0133341AR,223.75,440.96,53.73,Melia azedarach,False,SEGONA,C\ Andratx,7.24,3.0,1.95,4.88,0.333,2.2,98,ok
0133342AR,991.68,639.74,41.43,Celtis australis,False,SEGONA,Av Meridiana,6.12,15.0,4.37,3.86,0.52,1.31,686,ok
0133343AR,804.93,396.04,40.94,Platanus × acerifolia,True,SEGONA,Pg Andreu Nin,11.41,52.0,8.14,4.68,0.348,2.11,2672,ok
0133349AR,291.33,637.16,57.06,X chitalpa tashkentensis 'minsum' SUMMER BELLS®,False,SEGONA,C\ Selva,6.81,22.2,5.32,3.94,0.448,1.6,1033,ok
0133350AR,395.99,247.3,45.77,Pyrus calleryana 'Chanticleer',False,PRIMERA,C\ Maladeta,7.4,10.0,3.57,3.61,0.153,3.75,345,ok
0133351AR,914.53,321.71,39.92,Celtis australis,False,SEGONA,Av Meridiana,10.62,5.0,2.52,4.72,0.495,1.4,187,ok
0133352AR,320.24,691.33,58.55,X chitalpa tashkentensis 'minsum' SUMMER BELLS®,False,PRIMERA,C\ Selva,5.32,12.5,3.99,2.56,0.409,1.79,296,ok
0133354AR,461.77,424.88,46.98,Platanus × acerifolia,True,EXEMPLAR,C\ Estudiant,18.08,2.0,1.6,8.92,0.451,1.59,101,ok
0133356AR,575.15,177.77,42.37,Citrus × aurantium,False,PRIMERA,C\ Alella,4.98,5.8,2.71,1.71,0.041,6.38,182,ok
0133357AR,580.79,412.87,45.88,Casuarina cunninghamiana,False,SEGONA,C\ Piferrer,16.37,30.2,6.21,4.32,0.226,2.97,1497,ok
0133358AR,372.56,594.22,53.94,Celtis australis,False,SEGONA,C\ Casas i Amigó,7.98,14.0,4.22,4.59,0.483,1.46,599,ok
0133359AR,787.99,970.89,48.98,Platanus × acerifolia,True,TERCERA,Av Rio de Janeiro,13.6,10.2,3.61,6.91,0.15,3.79,206,ok
0133360AR,1001.31,643.46,41.42,Celtis australis,False,SEGONA,Av Meridiana,12.48,3.8,2.19,3.74,0.323,2.26,150,ok
0133361AR,659.0,456.0,46.65,Tipuana tipu,False,SEGONA,Av Rio de Janeiro,14.77,6.2,2.82,6.53,0.243,2.83,240,ok
0133362AR,679.16,501.48,44.97,Tipuana tipu,False,TERCERA,Av Rio de Janeiro,9.68,62.5,8.92,4.8,0.387,1.9,2492,ok
0133363AR,719.0,784.3,46.97,Morus alba,False,PRIMERA,Av Rio de Janeiro,4.27,2.8,1.87,2.97,0.179,3.45,28,few_points
0133364AR,561.08,326.72,44.77,Brachychiton populneus,False,EXEMPLAR,Pg Ciutat de Mallorca,12.83,54.5,8.33,4.53,0.247,2.79,3219,ok
0133365AR,613.42,586.1,47.92,Jacaranda mimosifolia,False,TERCERA,C\ Pintor Alsamora,9.67,38.8,7.02,6.38,0.212,3.1,1266,ok
0133366AR,831.89,1013.57,48.39,Platanus × acerifolia,True,SEGONA,Av Rio de Janeiro,11.07,9.8,3.52,4.3,0.382,1.93,249,ok
0133367AR,255.23,767.68,62.43,Platanus × acerifolia,True,SEGONA,Pl Jardins d'Alfàbia,12.74,59.2,8.69,5.98,0.248,2.79,1418,ok
0133368AR,493.48,396.01,45.86,Morus nigra,False,SEGONA,Pg Ciutat de Mallorca,8.48,3.8,2.19,3.34,0.146,3.84,158,ok
0133369AR,903.44,863.44,40.08,Tipuana tipu,False,TERCERA,Pg Andreu Nin,9.76,56.8,8.5,4.53,0.253,2.75,1220,ok
0133370AR,798.04,371.44,40.8,Platanus × acerifolia,True,TERCERA,Pg Andreu Nin,12.02,80.5,10.12,3.98,0.352,2.09,4421,ok
0133372AR,587.19,399.74,45.9,Casuarina cunninghamiana,False,SEGONA,C\ Piferrer,10.97,19.8,5.01,4.74,0.302,2.39,814,ok
0133373AR,272.42,928.85,66.94,Brachychiton populneus,False,EXEMPLAR,Pl República,9.87,6.0,2.76,4.5,0.195,3.27,118,ok
0133374AR,548.26,864.25,54.64,Gleditsia triacanthos,False,SEGONA,C\ Garrofers,7.05,24.0,5.53,1.93,0.367,2.0,564,ok
0133376AR,145.99,451.67,55.78,Casuarina cunninghamiana,False,PRIMERA,C\ Maladeta,16.02,20.0,5.05,4.12,0.228,2.96,1526,ok
0133377AR,1103.89,1002.05,42.42,Platanus × acerifolia,True,TERCERA,Av Meridiana,15.11,47.5,7.78,5.2,0.223,3.0,1667,ok
0133378AR,924.18,356.83,39.98,Celtis australis,False,PRIMERA,Av Meridiana,11.96,3.2,2.03,2.62,0.5,1.39,141,ok
0133379AR,767.05,305.8,40.35,Platanus × acerifolia,True,SEGONA,Pg Andreu Nin,12.37,34.8,6.65,7.2,0.439,1.65,1835,ok
0133380AR,454.06,975.63,61.69,Grevillea robusta,False,SEGONA,Pg Valldaura,8.98,7.8,3.14,3.3,0.21,3.12,219,ok
0133382AR,112.24,746.37,67.52,Platanus × acerifolia,True,TERCERA,Pg Verdum,18.88,69.0,9.37,6.81,0.177,3.46,1800,ok
0133383AR,770.37,934.82,48.75,Platanus × acerifolia,True,EXEMPLAR,Av Rio de Janeiro,17.51,50.0,7.98,8.46,0.224,3.0,1234,ok
0133385AR,275.01,932.55,66.84,Brachychiton populneus,False,TERCERA,Pl República,10.69,42.0,7.31,4.33,0.326,2.24,978,ok
0133386AR,136.64,379.71,56.9,Melia azedarach,False,SEGONA,C\ Porta,9.21,14.2,4.26,4.54,0.378,1.94,496,ok
0133387AR,926.25,903.56,39.67,Catalpa bignonioides,False,SEGONA,Pg Andreu Nin,7.47,23.2,5.44,4.95,0.285,2.51,340,ok
0133388AR,523.6,323.17,44.89,Casuarina cunninghamiana,False,PRIMERA,C\ Piferrer,15.19,15.2,4.41,6.0,0.378,1.94,850,ok
0133389AR,293.01,761.33,61.17,Platanus × acerifolia,True,TERCERA,C\ Pintor Alsamora,14.88,2.2,1.69,7.26,0.289,2.48,45,few_points
0133390AR,320.08,339.66,48.62,Melia azedarach,False,TERCERA,C\ Maladeta,8.65,3.5,2.11,5.42,0.307,2.36,134,ok
0133392AR,898.83,1053.04,46.4,Brachychiton populneus,False,SEGONA,Pg Valldaura,4.41,12.0,3.91,2.52,0.51,1.35,479,ok
0133393AR,50.65,613.02,64.25,Citrus × aurantium,False,SEGONA,C\ Doctor Pi i Molist,17.0,23.2,5.44,3.58,0.257,2.71,1550,ok
0133395AR,604.0,972.0,56.99,Platanus × acerifolia,True,PRIMERA,Plta Avis,9.1,18.8,4.89,4.83,0.445,1.62,429,ok
0133396AR,78.47,654.64,65.08,Celtis australis,False,TERCERA,C\ Felanitx,13.98,59.8,8.72,6.37,0.312,2.33,3156,ok
0133397AR,246.72,94.61,54.48,Platanus × acerifolia,True,SEGONA,C\ Doctor Pi i Molist,16.8,23.5,5.47,9.31,0.303,2.39,1030,ok
0133398AR,792.1,400.13,40.92,Platanus × acerifolia,True,SEGONA,Pg Andreu Nin,12.89,34.0,6.58,7.35,0.305,2.37,1744,ok
0133399AR,46.49,615.92,64.5,Citrus × aurantium,False,SEGONA,C\ Doctor Pi i Molist,12.23,8.0,3.19,3.5,0.22,3.03,346,ok
0133401AR,355.93,59.2,51.66,Platanus × acerifolia,True,TERCERA,Pg Fabra i Puig,16.9,84.2,10.36,9.62,0.227,2.97,2171,ok
0133403AR,587.89,233.65,42.73,Pyrus calleryana 'Chanticleer',False,SEGONA,C\ Torrent de Can Piquer,15.37,29.0,6.08,4.66,0.154,3.74,1188,ok
0133404AR,912.89,502.63,41.0,Koelreuteria paniculata 'Fastigiata',False,PRIMERA,C\ Pintor Alsamora,,0.0,0.0,,,,0,no_crown_detected
0133405AR,673.63,419.12,45.3,Melia azedarach,False,EXEMPLAR,Av Rio de Janeiro,9.37,81.0,10.16,5.06,0.396,1.85,3467,ok
0133406AR,901.72,857.05,40.07,Tipuana tipu,False,SEGONA,Pg Andreu Nin,7.49,8.2,3.24,4.16,0.265,2.65,181,ok
0133407AR,428.75,344.09,46.64,Catalpa bignonioides,False,SEGONA,C\ Deià,8.84,22.8,5.38,3.47,0.265,2.66,787,ok
0133409AR,971.25,507.44,40.89,Platanus × acerifolia,True,TERCERA,Av Meridiana,14.44,39.8,7.11,7.01,0.399,1.84,2195,ok
0133410AR,655.5,443.3,46.27,Tipuana tipu,False,TERCERA,Av Rio de Janeiro,11.99,2.2,1.69,11.5,0.607,1.0,90,ok
0133411AR,947.09,929.66,40.06,Catalpa bignonioides,False,SEGONA,Pg Andreu Nin,6.53,18.2,4.82,1.63,0.359,2.05,387,ok
0133412AR,565.66,324.34,44.64,Brachychiton populneus,False,SEGONA,Pg Ciutat de Mallorca,4.59,4.8,2.46,2.63,0.309,2.35,185,ok
0133414AR,311.33,422.91,51.14,Robinia pseudoacacia 'Pyramidalis',False,TERCERA,C\ Deià,14.84,31.5,6.33,2.85,0.21,3.12,1441,ok
0133415AR,875.06,90.27,38.62,Platanus × acerifolia,True,EXEMPLAR,Av Rio de Janeiro,21.46,110.2,11.85,10.26,0.212,3.1,5881,ok
0133416AR,838.58,118.32,38.43,Platanus × acerifolia,True,EXEMPLAR,C\ Manuel Sancho,19.66,110.5,11.86,10.65,0.22,3.03,5341,ok
0133417AR,912.46,291.03,39.98,Platanus × acerifolia,True,EXEMPLAR,Av Meridiana,15.34,2.2,1.69,7.47,0.356,2.07,104,ok
0133419AR,221.0,873.0,67.88,Brachychiton populneus,False,SEGONA,C\ Bunyola,9.46,19.0,4.92,4.37,0.257,2.72,374,ok
0133420AR,1064.52,876.11,42.68,Celtis sinensis,False,TERCERA,Av Meridiana,7.9,35.0,6.68,4.46,0.337,2.18,813,ok
0133421AR,474.18,467.01,48.84,Platanus × acerifolia,True,TERCERA,C\ Valldemossa,15.19,63.8,9.01,6.36,0.358,2.05,3644,ok
0133422AR,497.28,881.98,56.73,Ligustrum lucidum,False,PRIMERA,C\ Garrofers,3.69,5.0,2.52,3.07,0.495,1.41,99,ok
0133423AR,852.3,44.81,39.86,Platanus × acerifolia,True,TERCERA,Pg Fabra i Puig,17.79,51.2,8.08,2.74,0.122,4.21,1066,ok
0133424AR,984.2,579.26,41.13,Celtis australis,False,PRIMERA,Av Meridiana,,0.0,0.0,,,,0,no_crown_detected
0133426AR,506.0,357.0,45.53,Celtis australis,False,SEGONA,Pg Ciutat de Mallorca,9.18,2.2,1.69,6.13,0.133,4.03,81,ok
0133427AR,391.51,942.91,62.46,Robinia pseudoacacia 'Bessoniana',False,PRIMERA,Pl Otero Pedrayo,5.47,0.2,0.56,5.31,0.5,1.39,6,no_crown_detected
0133428AR,761.65,103.98,41.03,Brachychiton populneus,False,SEGONA,C\ Vèlia,8.39,12.5,3.99,2.16,0.232,2.92,481,ok
0133429AR,979.94,618.34,41.36,Platanus × acerifolia,True,PRIMERA,Av Meridiana,14.07,3.8,2.19,4.13,0.321,2.27,92,ok
0133430AR,524.32,905.59,57.07,Acer monspessulanum,False,SEGONA,C\ Lluc,10.43,3.8,2.19,5.06,0.125,4.16,80,ok
0133431AR,325.07,743.58,59.62,Platanus × acerifolia,True,SEGONA,C\ Pintor Alsamora,12.69,26.2,5.78,5.75,0.195,3.27,785,ok
0133432AR,760.09,58.36,41.93,Brachychiton populneus,False,SEGONA,C\ Vèlia,7.1,9.2,3.43,2.72,0.303,2.39,152,ok
0133433AR,977.57,530.79,41.02,Platanus × acerifolia,True,EXEMPLAR,Av Meridiana,17.59,121.0,12.41,8.0,0.36,2.04,7271,ok
0133434AR,878.37,126.85,38.86,Platanus × acerifolia,True,TERCERA,Av Meridiana,12.88,10.2,3.61,7.82,0.474,1.49,510,ok
0133435AR,773.29,940.44,48.78,Grevillea robusta,False,SEGONA,Av Rio de Janeiro,12.32,13.8,4.18,5.38,0.099,4.63,304,ok
0133436AR,693.0,306.0,42.42,Tipuana tipu,False,TERCERA,Pg Ciutat de Mallorca,10.51,60.0,8.74,5.12,0.39,1.88,2924,ok
0133438AR,261.53,853.38,65.72,Brachychiton populneus,False,SEGONA,C\ Bunyola,17.95,44.2,7.51,4.8,0.251,2.77,938,ok
0133442AR,341.66,403.65,49.79,Robinia pseudoacacia 'Bessoniana',False,SEGONA,C\ Deià,9.64,33.8,6.56,4.56,0.326,2.24,1438,ok
0133443AR,941.0,451.0,40.3,Celtis australis,False,PRIMERA,Av Meridiana,12.36,2.5,1.78,6.57,0.455,1.58,111,ok
0133445AR,800.93,994.46,49.08,Grevillea robusta,False,PRIMERA,Av Rio de Janeiro,12.04,5.8,2.71,7.33,0.095,4.7,105,ok
0133446AR,385.0,535.0,51.98,Robinia pseudoacacia 'Bessoniana',False,PRIMERA,C\ Valldemossa,,0.0,0.0,,,,0,no_crown_detected
0133447AR,386.33,269.47,46.21,Pyrus calleryana 'Chanticleer',False,PRIMERA,C\ Maladeta,5.1,4.2,2.33,2.77,0.44,1.64,138,ok
0133448AR,706.11,821.36,47.89,Gleditsia triacanthos,False,SEGONA,C\ Garrofers,6.95,14.2,4.26,4.04,0.446,1.62,312,ok
0133449AR,671.82,443.05,45.73,Tipuana tipu,False,SEGONA,Av Rio de Janeiro,15.22,95.2,11.01,4.66,0.197,3.25,3998,ok
0133452AR,760.8,75.79,41.51,Brachychiton populneus,False,SEGONA,C\ Vèlia,6.91,10.8,3.7,3.44,0.318,2.29,377,ok
0133453AR,880.27,194.06,39.29,Celtis australis,False,SEGONA,Av Meridiana,8.89,4.0,2.26,4.0,0.452,1.59,147,ok
0133454AR,690.46,372.7,43.77,Melia azedarach,False,EXEMPLAR,Av Rio de Janeiro,9.61,137.5,13.23,4.66,0.333,2.2,5876,ok
0133455AR,723.1,786.22,46.96,Populus nigra 'Italica',False,TERCERA,Av Rio de Janeiro,15.89,43.2,7.42,3.87,0.244,2.82,1024,ok
0133457AR,354.31,763.57,59.88,Platanus × acerifolia,True,SEGONA,C\ Selva,14.95,130.0,12.87,5.95,0.149,3.81,2920,ok
0133458AR,273.94,597.75,55.78,Robinia pseudoacacia,False,SEGONA,C\ Valldemossa,12.42,59.8,8.72,5.6,0.412,1.77,3072,ok
0133459AR,535.54,343.67,45.04,Casuarina cunninghamiana,False,SEGONA,C\ Piferrer,,0.0,0.0,,,,0,no_crown_detected
0133460AR,485.22,508.35,49.81,Acer campestre 'Elsrijk',False,PRIMERA,C\ Casas i Amigó,15.26,20.8,5.14,6.1,0.083,4.99,826,ok
0133461AR,245.71,916.42,67.71,Brachychiton populneus,False,TERCERA,Pl República,12.85,32.2,6.41,2.38,0.166,3.59,711,ok
0133462AR,950.77,455.16,40.31,Celtis australis,False,SEGONA,Av Meridiana,11.39,8.5,3.29,4.36,0.488,1.43,271,ok
0133464AR,767.21,253.25,40.04,Platanus × acerifolia,True,SEGONA,Pg Andreu Nin,9.25,33.2,6.51,3.57,0.41,1.79,1430,ok
0133466AR,876.9,785.42,42.23,Melia azedarach,False,SEGONA,C\ Rosselló i Porcel,8.09,7.8,3.14,4.49,0.28,2.55,143,ok
0133468AR,1056.43,846.91,42.53,Celtis sinensis,False,EXEMPLAR,Av Meridiana,8.84,77.5,9.93,5.18,0.247,2.79,1282,ok
0133470AR,937.76,517.55,41.16,Tilia x europaea,False,SEGONA,C\ Pintor Alsamora,6.09,13.8,4.18,3.62,0.486,1.44,537,ok
0133471AR,765.77,521.45,43.06,Jacaranda mimosifolia,False,SEGONA,C\ Pintor Alsamora,7.53,8.5,3.29,4.87,0.343,2.14,248,ok
0133472AR,232.91,479.54,54.02,Robinia pseudoacacia,False,TERCERA,C\ Deià,13.27,91.8,10.81,6.59,0.229,2.95,3393,ok
0133473AR,789.83,340.25,40.59,Catalpa bignonioides,False,PRIMERA,Pg Andreu Nin,,0.0,0.0,,,,0,no_crown_detected
0133474AR,676.72,313.16,42.65,Tipuana tipu,False,SEGONA,Pg Ciutat de Mallorca,8.51,53.5,8.25,4.79,0.4,1.83,2330,ok
0133475AR,154.3,387.01,56.08,Melia azedarach,False,EXEMPLAR,C\ Porta,23.24,98.0,11.17,3.92,0.275,2.58,4790,ok
0133477AR,317.21,95.44,51.86,Pyrus calleryana 'Chanticleer',False,SEGONA,C\ Santanyí,8.42,12.5,3.99,4.29,0.507,1.36,468,ok
0133478AR,176.56,589.4,58.8,Ulmus RESISTA® 'Sapporo Autumn Gold',False,EXEMPLAR,C\ Alcúdia,14.65,77.8,9.95,6.38,0.24,2.86,4291,ok
0133479AR,442.95,395.76,46.57,Tipuana tipu,False,SEGONA,C\ Estudiant,7.13,2.2,1.69,3.72,0.481,1.46,83,ok
0133482AR,51.03,602.94,63.87,Citrus × aurantium,False,PRIMERA,C\ Doctor Pi i Molist,4.39,5.0,2.52,2.72,0.325,2.25,125,ok
0133484AR,1059.35,833.71,42.49,Platanus × acerifolia,True,TERCERA,Av Meridiana,13.58,101.0,11.34,5.6,0.286,2.5,2839,ok
0133485AR,160.31,308.32,56.2,Platanus × acerifolia,True,SEGONA,C\ Doctor Pi i Molist,13.38,3.5,2.11,9.61,0.379,1.94,89,ok
0133486AR,115.66,707.42,66.04,Celtis australis,False,SEGONA,C\ Valldemossa,8.27,36.0,6.77,4.97,0.116,4.31,448,ok
0133490AR,896.75,837.46,40.47,Tipuana tipu,False,SEGONA,Pg Andreu Nin,10.32,95.0,11.0,4.71,0.187,3.36,1815,ok
0133491AR,709.32,646.11,46.09,Populus alba 'Pyramidalis',False,SEGONA,Av Rio de Janeiro,12.0,13.8,4.18,1.96,0.147,3.84,725,ok
0133492AR,194.04,549.4,57.16,Morus alba,False,TERCERA,C\ Deià,8.88,49.0,7.9,4.14,0.354,2.08,2078,ok
0133493AR,615.11,282.93,43.3,Platanus × acerifolia,True,TERCERA,C\ Santapau,19.81,39.2,7.07,9.35,0.188,3.35,2250,ok
0133494AR,338.24,59.71,52.0,Platanus × acerifolia,True,TERCERA,Pg Fabra i Puig,16.09,119.5,12.33,9.17,0.245,2.81,2900,ok
0133495AR,715.58,669.35,46.21,Fraxinus angustifolia 'Raywood',False,PRIMERA,Av Rio de Janeiro,5.88,5.0,2.52,3.08,0.4,1.83,222,ok
0133496AR,441.68,189.27,45.08,Tipuana tipu,False,SEGONA,Plta Rafaela Serrano,7.88,4.2,2.33,4.21,0.162,3.65,172,ok
0133497AR,269.45,600.4,55.94,Robinia pseudoacacia 'Bessoniana',False,PRIMERA,C\ Valldemossa,9.87,0.2,0.56,9.7,0.667,0.81,13,no_crown_detected
0133499AR,1058.03,852.59,42.55,Celtis sinensis,False,TERCERA,Av Meridiana,8.45,39.2,7.07,5.04,0.234,2.9,657,ok
0133500AR,880.92,841.52,40.21,Tipuana tipu,False,SEGONA,Pl Gabriel Alomar,10.22,52.0,8.14,5.23,0.206,3.16,1148,ok
0133502AR,1083.9,1072.09,41.11,Platanus × acerifolia,True,SEGONA,Pg Valldaura,13.65,20.0,5.05,6.5,0.408,1.79,1163,ok
0133503AR,829.27,45.69,40.31,Platanus × acerifolia,True,TERCERA,Pg Fabra i Puig,15.36,152.5,13.93,8.75,0.217,3.06,3445,ok
0133506AR,678.51,408.64,45.02,Melia azedarach,False,TERCERA,Av Rio de Janeiro,11.54,161.8,14.35,4.56,0.379,1.94,6276,ok
0133507AR,940.86,493.58,40.73,Robinia pseudoacacia,False,SEGONA,C\ Pintor Alsamora,6.41,18.5,4.85,4.51,0.494,1.41,793,ok
0133508AR,657.66,260.22,41.74,Pyrus calleryana 'Chanticleer',False,SEGONA,C\ Torrent de Can Piquer,7.41,29.5,6.13,2.27,0.365,2.02,1036,ok
0133509AR,939.4,901.04,39.67,Catalpa bignonioides,False,SEGONA,Pg Andreu Nin,7.11,23.5,5.47,4.09,0.411,1.78,508,ok
0133511AR,460.62,125.46,47.06,Grevillea robusta,False,PRIMERA,C\ Arnau d'Oms,15.76,61.0,8.81,6.27,0.262,2.68,2854,ok
0133512AR,918.06,819.55,40.98,Handroanthus heptaphyllus,False,PRIMERA,Pg Andreu Nin,7.8,1.8,1.49,5.81,0.533,1.26,30,no_crown_detected
0133513AR,389.0,648.0,54.78,Melia azedarach,False,EXEMPLAR,C\ Escultor Ordóñez,15.13,120.0,12.36,5.09,0.302,2.39,6579,ok
0133514AR,219.53,629.27,58.64,Robinia pseudoacacia 'Bessoniana',False,SEGONA,C\ Valldemossa,18.11,65.8,9.15,4.94,0.267,2.64,2323,ok
0133515AR,267.12,411.22,50.84,Jacaranda mimosifolia,False,SEGONA,C\ Escultor Ordóñez,12.89,67.5,9.27,6.11,0.325,2.25,3259,ok
0133516AR,495.11,398.75,45.99,Platanus × acerifolia,True,SEGONA,Pg Ciutat de Mallorca,10.63,74.8,9.76,3.53,0.279,2.55,4043,ok
0133517AR,885.84,192.78,39.33,Platanus × acerifolia,True,EXEMPLAR,Av Meridiana,17.94,130.0,12.87,7.03,0.393,1.87,7684,ok
0133519AR,248.3,784.96,63.46,Platanus × acerifolia,True,SEGONA,Pl Jardins d'Alfàbia,10.54,40.8,7.2,5.6,0.392,1.87,930,ok
0133520AR,977.88,612.39,41.36,Platanus × acerifolia,True,EXEMPLAR,Av Meridiana,19.03,126.2,12.68,5.06,0.19,3.33,6522,ok
0133521AR,385.19,641.31,54.59,Melia azedarach,False,TERCERA,C\ Escultor Ordóñez,11.58,31.8,6.36,5.54,0.316,2.31,1334,ok
0133522AR,926.97,399.07,40.1,Celtis australis,False,SEGONA,Av Meridiana,12.75,3.5,2.11,4.62,0.333,2.2,204,ok
0133523AR,359.97,917.46,62.75,Jacaranda mimosifolia,False,SEGONA,C\ Alcúdia,9.21,31.0,6.28,5.75,0.189,3.34,403,ok
0133524AR,464.78,338.77,45.51,Catalpa bignonioides,False,TERCERA,C\ Deià,11.03,51.2,8.08,4.32,0.347,2.12,2069,ok
0133526AR,933.53,447.06,40.29,Platanus × acerifolia,True,SEGONA,Av Meridiana,15.22,23.5,5.47,5.71,0.345,2.13,1316,ok
0133527AR,847.8,124.92,38.48,Platanus × acerifolia,True,SEGONA,Av Rio de Janeiro,14.0,43.5,7.44,7.37,0.413,1.77,2330,ok
0133528AR,428.27,909.11,59.24,Ligustrum lucidum,False,SEGONA,C\ Garrofers,6.47,13.5,4.15,4.29,0.263,2.67,171,ok
0133529AR,681.64,830.15,48.78,Gleditsia triacanthos,False,SEGONA,C\ Garrofers,7.3,23.2,5.44,4.2,0.393,1.87,496,ok
0133530AR,516.0,850.0,55.76,Melia azedarach,False,PRIMERA,C\ Escultor Ordóñez,6.16,3.5,2.11,3.27,0.338,2.17,71,ok
0133531AR,59.42,599.47,63.54,Platanus × acerifolia,True,TERCERA,C\ Doctor Pi i Molist,16.72,160.5,14.3,6.64,0.317,2.3,7635,ok
0133532AR,145.89,373.96,56.58,Melia azedarach,False,TERCERA,C\ Porta,8.6,33.2,6.51,5.76,0.509,1.35,1311,ok
0133535AR,692.08,669.9,46.12,Fraxinus angustifolia 'Raywood',False,PRIMERA,Av Rio de Janeiro,14.6,32.2,6.41,3.39,0.317,2.3,1637,ok
0133536AR,190.59,780.82,66.38,Citrus × aurantium,False,SEGONA,Pl Portocristo,5.14,16.5,4.58,3.53,0.195,3.26,133,ok
0133538AR,726.17,797.3,47.08,Fraxinus angustifolia 'Raywood',False,PRIMERA,Av Rio de Janeiro,16.49,34.5,6.63,3.84,0.263,2.67,1047,ok
0133539AR,911.72,365.73,40.02,Platanus × acerifolia,True,SEGONA,Av Meridiana,13.97,147.2,13.69,6.3,0.412,1.78,8556,ok
0133540AR,909.73,304.16,39.88,Celtis australis,False,PRIMERA,Av Meridiana,,0.0,0.0,,,,0,no_crown_detected
0133541AR,681.4,252.53,41.6,Citrus × aurantium,False,PRIMERA,C\ Malgrat,6.17,9.5,3.48,3.76,0.128,4.11,190,ok
0133545AR,1073.45,1063.49,41.13,Platanus × acerifolia,True,TERCERA,Pg Valldaura,17.81,109.2,11.79,6.67,0.419,1.74,5935,ok
0133546AR,1047.0,812.0,42.16,Celtis sinensis,False,EXEMPLAR,Av Meridiana,9.21,125.0,12.62,4.78,0.284,2.52,2787,ok
0133547AR,1117.3,1053.53,42.04,Platanus × acerifolia,True,SEGONA,Av Meridiana,13.88,29.0,6.08,5.31,0.149,3.8,1162,ok
0133548AR,812.65,1006.32,48.86,Fraxinus angustifolia 'Raywood',False,PRIMERA,Av Rio de Janeiro,13.04,3.5,2.11,2.83,0.267,2.64,86,ok
0133549AR,867.53,100.2,38.68,Platanus × acerifolia,True,TERCERA,Av Rio de Janeiro,17.3,10.5,3.66,7.32,0.167,3.58,531,ok
0133550AR,538.62,348.93,45.1,Casuarina cunninghamiana,False,PRIMERA,C\ Piferrer,15.08,17.0,4.65,4.97,0.299,2.42,909,ok
0133553AR,1074.29,910.37,42.69,Celtis sinensis,False,SEGONA,Av Meridiana,6.41,11.5,3.83,3.55,0.3,2.41,230,ok
0133554AR,310.24,350.17,48.77,Melia azedarach,False,EXEMPLAR,C\ Maladeta,10.2,6.5,2.88,5.99,0.207,3.15,219,ok
0133556AR,1079.17,1064.37,41.23,Platanus × acerifolia,True,EXEMPLAR,Pg Valldaura,18.43,106.8,11.66,7.35,0.404,1.81,5845,ok
0133557AR,1101.47,1015.42,42.16,Celtis sinensis,False,EXEMPLAR,Av Meridiana,12.33,8.2,3.24,4.69,0.236,2.89,157,ok
0133558AR,677.7,514.75,45.46,Ligustrum lucidum,False,SEGONA,Av Rio de Janeiro,5.79,4.8,2.46,3.59,0.47,1.51,189,ok
0133559AR,858.27,143.68,38.78,Celtis australis,False,SEGONA,Av Meridiana,6.95,28.2,6.0,4.01,0.414,1.76,966,ok
0133560AR,75.02,517.56,59.87,Platanus × acerifolia,True,SEGONA,C\ Doctor Pi i Molist,16.98,12.8,4.03,7.25,0.38,1.94,663,ok
0133562AR,936.47,402.92,40.1,Celtis australis,False,PRIMERA,Av Meridiana,,0.0,0.0,,,,0,no_crown_detected
0133563AR,679.91,524.58,45.87,Ligustrum lucidum,False,SEGONA,Av Rio de Janeiro,5.44,2.8,1.87,3.79,0.418,1.74,94,ok
0133566AR,576.17,227.63,42.7,Pyrus calleryana 'Chanticleer',False,SEGONA,C\ Torrent de Can Piquer,7.96,12.8,4.03,4.14,0.305,2.38,470,ok
0133567AR,698.03,824.53,48.09,Gleditsia triacanthos,False,SEGONA,C\ Garrofers,4.71,12.5,3.99,2.94,0.528,1.28,248,ok
0133568AR,120.98,627.9,62.16,Platanus × acerifolia,True,EXEMPLAR,C\ Felanitx,17.55,56.8,8.5,7.42,0.255,2.74,2476,ok
0133569AR,510.56,353.93,45.47,Celtis australis,False,TERCERA,Pg Ciutat de Mallorca,11.3,59.5,8.7,5.68,0.223,3.0,2796,ok
0133570AR,696.24,540.48,45.35,Jacaranda mimosifolia,False,TERCERA,C\ Pintor Alsamora,7.55,3.5,2.11,5.59,0.357,2.06,86,ok
0133571AR,700.04,699.44,46.3,Fraxinus angustifolia 'Raywood',False,PRIMERA,Av Rio de Janeiro,13.75,30.0,6.18,3.4,0.349,2.1,810,ok
0133575AR,499.08,186.13,43.84,Citrus × aurantium,False,PRIMERA,C\ Alella,5.3,7.8,3.14,4.37,0.519,1.31,134,ok
0133577AR,403.9,251.07,45.72,Pyrus calleryana 'Chanticleer',False,PRIMERA,C\ Maladeta,4.72,1.2,1.26,1.84,0.2,3.22,39,no_crown_detected
0133579AR,314.39,902.95,64.23,Prunus cerasifera 'Pissardii',False,SEGONA,C\ Eduard Tubau,7.3,16.8,4.62,4.09,0.368,2.0,337,ok
0133580AR,681.13,119.71,42.23,Citrus × aurantium,False,PRIMERA,C\ Malgrat,4.29,4.5,2.39,3.14,0.54,1.23,128,ok
0133581AR,94.67,590.15,62.32,Styphnolobium japonicum,False,TERCERA,C\ Pollença,7.84,3.0,1.95,3.88,0.148,3.82,142,ok
0133582AR,243.05,614.11,57.33,Catalpa bignonioides,False,SEGONA,C\ Valldemossa,21.11,71.2,9.52,6.15,0.309,2.35,2777,ok
0133585AR,109.87,431.96,57.44,Platanus × acerifolia,True,SEGONA,C\ Doctor Pi i Molist,13.49,38.8,7.02,7.53,0.283,2.53,1768,ok
0133586AR,524.87,345.89,45.21,Platanus × acerifolia,True,TERCERA,Pg Ciutat de Mallorca,14.36,95.8,11.04,5.88,0.337,2.17,5148,ok
0133588AR,514.27,929.45,58.26,Acer monspessulanum,False,PRIMERA,C\ Lluc,18.85,8.8,3.34,4.38,0.346,2.13,136,ok
0133589AR,317.95,160.68,50.38,Pyrus calleryana 'Chanticleer',False,SEGONA,C\ Santanyí,8.77,7.8,3.14,3.63,0.363,2.03,336,ok
0133590AR,658.8,439.5,46.11,Tipuana tipu,False,TERCERA,Av Rio de Janeiro,13.15,30.0,6.18,6.97,0.419,1.74,1418,ok
0133591AR,886.08,79.01,38.68,Platanus × acerifolia,True,SEGONA,Av Rio de Janeiro,16.32,46.2,7.67,8.25,0.198,3.23,1806,ok
0133592AR,969.64,527.11,40.91,Celtis australis,False,TERCERA,Av Meridiana,11.1,5.8,2.71,4.02,0.359,2.05,269,ok
0133593AR,127.69,388.33,56.98,Platanus × acerifolia,True,SEGONA,C\ Doctor Pi i Molist,10.44,3.5,2.11,5.96,0.279,2.56,144,ok
0133594AR,767.05,247.66,40.04,Platanus × acerifolia,True,SEGONA,Av Rio de Janeiro,9.58,4.8,2.46,5.1,0.354,2.08,258,ok
0133595AR,334.2,340.08,48.64,Celtis australis,False,SEGONA,C\ Maladeta,9.14,20.0,5.05,5.07,0.239,2.86,667,ok
0133597AR,881.72,96.75,38.71,Platanus × acerifolia,True,EXEMPLAR,Av Rio de Janeiro,14.2,3.0,1.95,8.87,0.443,1.63,143,ok
0133598AR,211.19,441.63,53.91,Cupressus sempervirens 'Stricta',False,PRIMERA,C\ Andratx,6.59,0.5,0.8,6.28,0.429,1.69,16,no_crown_detected
0133599AR,769.87,1027.12,50.63,Populus nigra 'Italica',False,SEGONA,Pg Valldaura,12.69,22.5,5.35,5.41,0.318,2.29,610,ok
0133600AR,426.84,539.91,51.42,Populus nigra 'Italica',False,TERCERA,C\ Casas i Amigó,15.04,17.8,4.75,4.7,0.319,2.28,1175,ok
0133601AR,323.74,507.16,52.86,Platanus × acerifolia,True,TERCERA,C\ Escultor Ordóñez,14.37,69.5,9.41,5.59,0.359,2.05,3949,ok
0133603AR,866.29,162.72,39.04,Eucalyptus camaldulensis,False,EXEMPLAR,Av Meridiana,19.56,92.2,10.84,4.95,0.38,1.93,4907,ok
0133605AR,477.84,450.23,47.99,Platanus × acerifolia,True,TERCERA,C\ Estudiant,17.28,111.8,11.93,6.14,0.371,1.98,6758,ok
0133606AR,933.14,422.41,40.15,Celtis australis,False,SEGONA,Av Meridiana,11.25,3.0,1.95,4.99,0.551,1.19,135,ok
0133608AR,406.74,837.71,59.92,X chitalpa tashkentensis 'minsum' SUMMER BELLS®,False,SEGONA,C\ Selva,12.72,42.2,7.33,4.29,0.235,2.9,844,ok
0133609AR,787.07,381.06,40.83,Platanus × acerifolia,True,SEGONA,Pg Andreu Nin,9.54,21.8,5.26,5.97,0.429,1.69,907,ok
0133611AR,682.35,161.9,40.89,Citrus × aurantium,False,PRIMERA,C\ Malgrat,7.27,9.2,3.43,3.99,0.413,1.77,226,ok
0133612AR,756.0,540.0,43.54,Populus alba 'Pyramidalis',False,TERCERA,C\ Pintor Alsamora,15.41,81.2,10.17,4.31,0.24,2.86,5299,ok
0133614AR,829.02,1008.41,48.45,Platanus × acerifolia,True,TERCERA,Av Rio de Janeiro,15.19,118.5,12.28,4.91,0.259,2.7,3430,ok
0133615AR,811.0,1012.0,49.15,Platanus × acerifolia,True,SEGONA,Av Rio de Janeiro,15.89,34.5,6.63,6.28,0.175,3.49,954,ok
0133616AR,609.84,993.98,57.28,Platanus × acerifolia,True,SEGONA,Plta Avis,4.79,15.8,4.48,3.67,0.502,1.38,325,ok
0133617AR,164.03,465.67,56.48,Casuarina cunninghamiana,False,PRIMERA,C\ Maladeta,12.39,10.2,3.61,4.6,0.28,2.55,731,ok
0133618AR,708.54,976.08,53.08,Ligustrum lucidum,False,SEGONA,C\ Horitzontal,8.24,25.2,5.67,4.16,0.118,4.27,338,ok
0133619AR,765.55,878.56,47.73,Platanus × acerifolia,True,TERCERA,Av Rio de Janeiro,15.02,102.0,11.4,5.98,0.194,3.28,2706,ok
0133621AR,700.05,761.41,48.33,Populus nigra 'Italica',False,EXEMPLAR,Av Rio de Janeiro,18.59,33.0,6.48,4.71,0.211,3.11,1086,ok
0133622AR,791.07,213.72,39.56,Platanus × acerifolia,True,SEGONA,Av Rio de Janeiro,8.83,28.5,6.02,3.52,0.45,1.6,1268,ok
0133623AR,197.06,452.15,54.03,Jacaranda mimosifolia,False,SEGONA,C\ Andratx,8.4,59.5,8.7,4.54,0.278,2.56,1896,ok
0133624AR,974.83,600.63,41.28,Platanus × acerifolia,True,EXEMPLAR,Av Meridiana,19.78,113.8,12.03,7.1,0.169,3.56,5942,ok
0133625AR,1023.98,757.32,41.79,Celtis australis,False,TERCERA,Av Meridiana,8.4,42.0,7.31,5.11,0.151,3.78,595,ok
0133626AR,950.45,992.32,41.15,Handroanthus heptaphyllus,False,PRIMERA,Pg Andreu Nin,5.51,6.5,2.88,3.88,0.088,4.87,80,ok
0133628AR,654.27,471.82,46.55,Tipuana tipu,False,TERCERA,Av Rio de Janeiro,10.68,36.5,6.82,4.35,0.313,2.33,1476,ok
0133629AR,679.75,623.72,45.96,Populus nigra 'Italica',False,TERCERA,Av Rio de Janeiro,12.96,48.2,7.84,3.32,0.439,1.65,2261,ok
0133630AR,863.96,788.95,42.52,Melia azedarach,False,TERCERA,C\ Rosselló i Porcel,9.05,19.5,4.98,4.54,0.195,3.27,406,ok
0133631AR,904.19,530.34,41.49,Tipuana tipu,False,TERCERA,C\ Pintor Alsamora,19.52,149.5,13.8,3.48,0.305,2.38,6893,ok
0133632AR,398.72,515.12,51.35,Platanus × acerifolia,True,TERCERA,C\ Valldemossa,12.95,140.8,13.39,4.31,0.39,1.88,7096,ok
0133633AR,316.98,74.33,52.38,Pyrus calleryana 'Chanticleer',False,PRIMERA,C\ Santanyí,5.77,7.0,2.99,3.35,0.453,1.58,129,ok
0133634AR,1015.11,671.22,41.7,Platanus × acerifolia,True,TERCERA,Av Meridiana,12.24,64.2,9.04,5.37,0.388,1.89,2759,ok
0133635AR,1064.1,851.0,42.62,Platanus × acerifolia,True,PRIMERA,Av Meridiana,6.99,7.8,3.14,3.3,0.249,2.78,229,ok
0133636AR,584.76,418.15,46.1,Populus nigra 'Italica',False,TERCERA,C\ Piferrer,17.42,23.5,5.47,7.28,0.172,3.53,1381,ok
0133637AR,502.42,826.69,56.35,Melia azedarach,False,TERCERA,C\ Escultor Ordóñez,7.84,66.8,9.22,4.45,0.25,2.77,1345,ok
0133638AR,1029.76,779.77,41.98,Celtis australis,False,SEGONA,Av Meridiana,6.64,4.8,2.46,5.16,0.292,2.46,72,ok
0133639AR,656.04,175.64,41.22,Citrus × aurantium,False,PRIMERA,C\ Alella,8.75,8.2,3.24,3.75,0.327,2.23,257,ok
0133642AR,768.88,311.89,40.39,Platanus × acerifolia,True,SEGONA,Pg Andreu Nin,11.39,39.0,7.05,7.06,0.457,1.57,1867,ok
0133643AR,905.16,317.59,39.91,Celtis australis,False,SEGONA,Av Meridiana,6.9,23.0,5.41,4.29,0.519,1.31,844,ok
0133644AR,754.23,886.24,48.18,Melia azedarach,False,PRIMERA,Av Rio de Janeiro,14.59,59.2,8.69,6.47,0.277,2.57,1477,ok
0133645AR,423.96,217.54,44.96,Pyrus calleryana 'Chanticleer',False,PRIMERA,C\ Maladeta,6.24,9.8,3.52,3.4,0.421,1.73,382,ok
0133646AR,878.58,863.24,40.02,Tipuana tipu,False,TERCERA,Pl Gabriel Alomar,9.68,66.5,9.2,4.18,0.183,3.4,1270,ok
0133647AR,907.71,1046.47,45.8,Platanus × acerifolia,True,SEGONA,Pg Valldaura,13.53,32.5,6.43,3.3,0.347,2.11,1568,ok
0133649AR,678.98,158.46,41.02,Citrus × aurantium,False,PRIMERA,C\ Malgrat,4.87,6.5,2.88,3.77,0.412,1.77,172,ok
0133650AR,617.29,977.57,56.6,Platanus × acerifolia,True,SEGONA,Plta Avis,10.81,68.2,9.32,4.69,0.348,2.11,1719,ok
0133651AR,528.11,890.82,56.21,Melia azedarach,False,TERCERA,C\ Escultor Ordóñez,7.26,22.8,5.38,4.31,0.354,2.07,474,ok
0133652AR,1006.18,660.89,41.54,Celtis australis,False,SEGONA,Av Meridiana,6.26,2.8,1.87,5.03,0.439,1.65,112,ok
0133655AR,760.76,280.73,40.2,Platanus × acerifolia,True,TERCERA,Pg Andreu Nin,14.03,72.8,9.62,7.08,0.38,1.94,3978,ok
0133656AR,213.34,412.01,51.51,Pyrus calleryana 'Chanticleer',False,PRIMERA,C\ Maladeta,,0.0,0.0,,,,0,no_crown_detected
0133658AR,233.84,912.98,68.15,Brachychiton populneus,False,SEGONA,Pl República,9.83,5.5,2.65,3.9,0.228,2.96,123,ok
0133659AR,469.45,470.0,49.04,Platanus × acerifolia,True,TERCERA,C\ Valldemossa,10.8,2.8,1.87,5.11,0.379,1.94,153,ok
0133660AR,80.52,694.81,66.49,Platanus × acerifolia,True,TERCERA,Pg Verdum,20.67,66.5,9.2,10.16,0.179,3.44,1813,ok
0133662AR,759.55,909.71,48.63,Platanus × acerifolia,True,SEGONA,Av Rio de Janeiro,9.54,4.5,2.39,5.91,0.129,4.1,93,ok
0133663AR,247.71,89.07,54.37,Platanus × acerifolia,True,SEGONA,C\ Doctor Pi i Molist,16.96,44.8,7.55,8.73,0.299,2.42,2118,ok
0133664AR,1089.51,1073.06,41.13,Platanus × acerifolia,True,SEGONA,Pg Valldaura,14.04,7.5,3.09,8.98,0.457,1.56,417,ok
0133665AR,966.39,546.37,40.98,Celtis australis,False,SEGONA,Av Meridiana,8.75,31.0,6.28,4.37,0.383,1.92,1127,ok
0133667AR,689.9,180.58,40.66,Citrus × aurantium,False,PRIMERA,C\ Alella,4.9,6.8,2.93,3.57,0.415,1.76,135,ok
0133668AR,809.59,1032.83,49.28,Populus nigra 'Italica',False,SEGONA,Pg Valldaura,13.06,21.8,5.26,4.65,0.291,2.47,633,ok
0133669AR,409.4,569.93,52.48,Celtis australis,False,SEGONA,C\ Casas i Amigó,7.9,22.0,5.29,3.58,0.336,2.18,853,ok
0133670AR,557.24,270.37,42.57,Jacaranda mimosifolia,False,TERCERA,C\ Torrent de Can Piquer,12.67,121.2,12.42,6.36,0.122,4.21,3532,ok
0133672AR,738.86,179.34,40.1,Citrus × aurantium,False,PRIMERA,C\ Alella,4.93,5.2,2.59,3.95,0.49,1.43,96,ok
0133673AR,872.6,144.81,38.89,Celtis australis,False,TERCERA,Av Meridiana,9.43,36.2,6.79,4.7,0.358,2.06,1482,ok
0133674AR,676.69,305.39,42.58,Tipuana tipu,False,TERCERA,Pg Ciutat de Mallorca,10.15,61.8,8.87,4.96,0.416,1.75,3043,ok
0133676AR,599.88,861.77,52.45,Gleditsia triacanthos,False,SEGONA,C\ Garrofers,8.29,9.5,3.48,4.92,0.376,1.96,245,ok
0133677AR,592.75,599.3,48.45,Jacaranda mimosifolia,False,TERCERA,C\ Pintor Alsamora,10.45,77.0,9.9,5.76,0.283,2.53,2205,ok
0133678AR,532.18,866.71,55.47,Gleditsia triacanthos,False,PRIMERA,C\ Garrofers,5.85,9.8,3.52,3.3,0.457,1.57,230,ok
0133679AR,919.0,370.04,40.01,Celtis australis,False,PRIMERA,Av Meridiana,4.79,3.2,2.03,2.27,0.547,1.21,118,ok
0133680AR,544.69,991.05,59.4,Populus nigra 'Italica',False,TERCERA,Pg Valldaura,15.94,26.2,5.78,5.43,0.259,2.7,850,ok
0133682AR,754.68,198.24,39.97,Brachychiton populneus,False,SEGONA,C\ Vèlia,6.67,2.5,1.78,2.99,0.235,2.89,126,ok
0133683AR,266.6,430.52,51.82,Jacaranda mimosifolia,False,SEGONA,C\ Escultor Ordóñez,8.9,6.2,2.82,5.23,0.16,3.66,200,ok
0133684AR,798.42,46.43,41.0,Platanus × acerifolia,True,TERCERA,Pg Fabra i Puig,16.15,35.0,6.68,8.45,0.212,3.1,839,ok
0133685AR,822.83,465.77,41.25,Platanus × acerifolia,True,SEGONA,Pg Andreu Nin,10.53,43.2,7.42,4.19,0.377,1.95,2120,ok
0133686AR,552.62,253.38,42.59,Cercis siliquastrum,False,SEGONA,C\ Torrent de Can Piquer,9.73,2.0,1.6,7.71,0.091,4.8,35,few_points
0133687AR,680.34,940.86,54.45,Ligustrum lucidum,False,SEGONA,C\ Horitzontal,6.76,17.0,4.65,1.81,0.138,3.96,282,ok
0133688AR,940.38,954.78,40.45,Catalpa bignonioides,False,TERCERA,Pg Andreu Nin,18.79,25.8,5.73,4.92,0.179,3.44,435,ok
0133689AR,526.7,328.67,44.89,Casuarina cunninghamiana,False,PRIMERA,C\ Piferrer,16.88,17.8,4.75,6.63,0.392,1.87,1020,ok
0133690AR,598.59,855.23,52.42,Gleditsia triacanthos,False,SEGONA,C\ Garrofers,8.01,47.8,7.8,4.23,0.323,2.26,1120,ok
0133691AR,596.7,340.77,44.21,Prunus cerasifera 'Pissardii',False,SEGONA,Pg Ciutat de Mallorca,7.08,7.8,3.14,3.08,0.356,2.07,291,ok
0133692AR,481.25,454.14,48.13,Brachychiton populneus,False,TERCERA,C\ Estudiant,13.09,21.8,5.26,4.21,0.337,2.18,1232,ok
0133693AR,257.64,407.54,50.95,Jacaranda mimosifolia,False,SEGONA,C\ Escultor Ordóñez,10.26,60.8,8.79,5.42,0.314,2.32,2515,ok
0133695AR,680.14,62.76,44.02,Citrus × aurantium,False,PRIMERA,C\ Malgrat,4.81,8.2,3.24,3.66,0.143,3.89,91,ok
0133696AR,289.16,587.78,55.02,Robinia pseudoacacia,False,SEGONA,C\ Valldemossa,14.12,37.8,6.93,9.63,0.363,2.03,1751,ok
0133698AR,942.41,401.2,40.19,Platanus × acerifolia,True,SEGONA,Av Meridiana,14.18,75.5,9.8,7.28,0.419,1.74,4095,ok
0133700AR,804.59,449.6,41.13,Platanus × acerifolia,True,SEGONA,Pg Andreu Nin,13.06,24.0,5.53,7.7,0.367,2.01,1206,ok
0133701AR,125.26,394.61,57.03,Platanus × acerifolia,True,SEGONA,C\ Doctor Pi i Molist,13.8,35.5,6.72,7.75,0.276,2.58,1682,ok
0133702AR,505.14,872.81,56.33,Ligustrum lucidum,False,PRIMERA,C\ Garrofers,,0.0,0.0,,,,0,no_crown_detected
0133703AR,169.17,605.2,59.08,Platanus × acerifolia,True,TERCERA,C\ Alcúdia,12.64,140.0,13.35,4.99,0.389,1.89,6857,ok
0133704AR,149.56,442.21,55.27,Populus alba 'Pyramidalis',False,SEGONA,C\ Maladeta,13.24,8.5,3.29,3.96,0.329,2.22,411,ok
0133705AR,885.53,267.92,39.77,Platanus × acerifolia,True,SEGONA,Av Meridiana,12.12,94.8,10.98,5.37,0.422,1.73,5013,ok
0133706AR,244.33,861.68,66.59,Brachychiton populneus,False,SEGONA,C\ Bunyola,10.63,11.8,3.87,4.88,0.281,2.54,320,ok
0133707AR,1048.85,793.18,42.17,Platanus × acerifolia,True,TERCERA,Av Meridiana,13.32,76.5,9.87,5.86,0.302,2.39,2006,ok
0133708AR,509.9,852.89,55.84,Melia azedarach,False,EXEMPLAR,C\ Escultor Ordóñez,9.18,104.5,11.53,4.58,0.269,2.62,2015,ok
0133709AR,973.93,1027.55,41.64,Handroanthus heptaphyllus,False,PRIMERA,Pg Andreu Nin,9.32,5.2,2.59,4.05,0.313,2.32,131,ok
0133711AR,674.79,483.97,45.06,Tipuana tipu,False,TERCERA,Av Rio de Janeiro,10.58,2.0,1.6,6.79,0.318,2.29,68,ok
0133713AR,561.93,361.31,45.29,Populus nigra 'Italica',False,EXEMPLAR,C\ Piferrer,18.45,37.5,6.91,7.11,0.241,2.84,2401,ok
0133714AR,620.29,51.62,45.72,Platanus × acerifolia,True,SEGONA,Pg Fabra i Puig,14.92,7.2,3.04,8.72,0.25,2.77,152,ok
0133715AR,453.8,491.42,49.52,Robinia pseudoacacia 'Bessoniana',False,PRIMERA,C\ Valldemossa,,0.0,0.0,,,,0,no_crown_detected
0133716AR,892.24,272.25,39.78,Celtis australis,False,SEGONA,Av Meridiana,6.08,8.2,3.24,4.34,0.505,1.36,321,ok
0133717AR,310.26,575.03,54.25,Robinia pseudoacacia,False,SEGONA,C\ Valldemossa,10.01,2.2,1.69,7.58,0.418,1.74,106,ok
0133718AR,773.1,897.83,47.96,Platanus × acerifolia,True,TERCERA,Av Rio de Janeiro,11.64,34.8,6.65,2.47,0.195,3.27,889,ok
0133719AR,535.82,242.62,42.9,Tipuana tipu,False,SEGONA,C\ Torrent de Can Piquer,10.39,2.2,1.69,6.45,0.2,3.22,100,ok
0133721AR,700.23,611.91,45.94,Fraxinus angustifolia 'Raywood',False,PRIMERA,Av Rio de Janeiro,,0.0,0.0,,,,0,no_crown_detected
0133722AR,486.34,965.51,60.61,Acer monspessulanum,False,PRIMERA,C\ Lluc,5.68,6.2,2.82,3.96,0.43,1.69,79,ok
0133723AR,546.48,242.88,42.58,Tipuana tipu,False,SEGONA,C\ Torrent de Can Piquer,14.67,2.2,1.69,5.64,0.123,4.18,117,ok
0133725AR,408.89,952.87,62.21,Robinia pseudoacacia 'Bessoniana',False,PRIMERA,Pl Otero Pedrayo,,0.0,0.0,,,,0,no_crown_detected
0133726AR,365.91,400.9,49.12,Platanus × acerifolia,True,EXEMPLAR,C\ Deià,16.15,2.2,1.69,8.69,0.261,2.69,108,ok
0133727AR,807.89,1006.0,49.15,Platanus × acerifolia,True,TERCERA,Av Rio de Janeiro,15.2,66.2,9.18,6.61,0.227,2.97,1693,ok
0133728AR,632.08,991.89,56.16,Platanus × acerifolia,True,SEGONA,Plta Avis,7.29,23.8,5.5,4.79,0.378,1.94,460,ok
0133729AR,556.52,992.77,59.02,Grevillea robusta,False,PRIMERA,Pg Valldaura,10.86,6.8,2.93,4.13,0.301,2.4,216,ok
0133730AR,1004.26,655.59,41.51,Celtis australis,False,TERCERA,Av Meridiana,8.74,20.5,5.11,4.73,0.458,1.56,960,ok
0133731AR,773.65,515.55,42.92,Jacaranda mimosifolia,False,SEGONA,C\ Pintor Alsamora,6.98,8.2,3.24,4.32,0.414,1.76,258,ok
0133732AR,768.4,537.05,43.19,Grevillea robusta,False,PRIMERA,C\ Pintor Alsamora,11.23,18.5,4.85,3.99,0.288,2.49,1012,ok
0133733AR,712.67,658.1,46.2,Fraxinus angustifolia 'Raywood',False,PRIMERA,Av Rio de Janeiro,5.68,4.0,2.26,3.12,0.485,1.45,176,ok
0133734AR,635.5,1005.72,56.14,Populus nigra 'Italica',False,TERCERA,Pg Valldaura,17.1,36.5,6.82,4.02,0.217,3.05,1191,ok
0133735AR,938.0,408.49,40.1,Celtis australis,False,TERCERA,Av Meridiana,8.92,13.8,4.18,4.98,0.309,2.35,629,ok
0133736AR,461.76,152.23,45.82,Koelreuteria paniculata 'Fastigiata',False,PRIMERA,C\ Arnau d'Oms,5.93,2.5,1.78,3.31,0.52,1.31,97,ok
0133737AR,952.16,949.08,40.4,Handroanthus heptaphyllus,False,PRIMERA,Pg Andreu Nin,5.67,14.2,4.26,3.98,0.429,1.69,296,ok
0133738AR,681.75,139.68,41.48,Citrus × aurantium,False,PRIMERA,C\ Malgrat,10.69,10.2,3.61,3.42,0.329,2.22,295,ok
0133739AR,905.38,287.18,39.85,Celtis australis,False,TERCERA,Av Meridiana,12.72,2.5,1.78,6.56,0.431,1.68,131,ok
0133740AR,369.09,533.92,52.7,Platanus × acerifolia,True,TERCERA,C\ Valldemossa,14.57,128.0,12.77,4.81,0.344,2.14,6721,ok
0133741AR,472.2,240.12,44.45,Robinia pseudoacacia,False,TERCERA,C\ Piferrer,14.18,0.5,0.8,12.94,0.1,4.61,17,no_crown_detected
0133742AR,930.35,435.37,40.29,Platanus × acerifolia,True,EXEMPLAR,Av Meridiana,17.52,92.8,10.87,5.55,0.298,2.42,5721,ok
0133744AR,643.34,566.92,46.51,Tipuana tipu,False,TERCERA,C\ Pintor Alsamora,9.29,56.2,8.46,5.8,0.377,1.95,2224,ok
0133745AR,558.3,869.32,54.12,Gleditsia triacanthos,False,SEGONA,C\ Garrofers,7.6,19.0,4.92,5.24,0.455,1.58,444,ok
0133746AR,871.24,94.95,38.62,Platanus × acerifolia,True,TERCERA,Av Rio de Janeiro,20.94,61.5,8.85,11.23,0.2,3.22,3166,ok
0133747AR,407.68,960.08,62.54,Robinia pseudoacacia 'Bessoniana',False,PRIMERA,Pl Otero Pedrayo,5.69,5.8,2.71,2.69,0.319,2.28,72,ok
0133748AR,476.74,205.47,44.37,Grevillea robusta,False,SEGONA,C\ Arnau d'Oms,9.5,13.0,4.07,2.63,0.304,2.38,681,ok
0133750AR,427.56,921.56,59.66,Ligustrum lucidum,False,SEGONA,C\ Garrofers,21.53,32.8,6.46,4.23,0.229,2.94,558,ok
0133752AR,805.39,179.18,39.0,Platanus × acerifolia,True,SEGONA,Av Rio de Janeiro,15.38,81.5,10.19,7.5,0.346,2.12,4551,ok
0133753AR,302.31,60.88,52.88,Platanus × acerifolia,True,TERCERA,Pg Fabra i Puig,11.2,2.2,1.69,5.63,0.315,2.31,54,ok
0133756AR,207.22,192.74,55.22,Platanus × acerifolia,True,TERCERA,C\ Doctor Pi i Molist,19.76,43.8,7.46,11.98,0.285,2.51,1988,ok
0133758AR,616.45,858.69,52.1,Gleditsia triacanthos,False,TERCERA,C\ Garrofers,9.29,66.2,9.18,5.44,0.416,1.75,1647,ok
0133759AR,230.57,868.33,67.35,Brachychiton populneus,False,SEGONA,C\ Bunyola,5.87,3.5,2.11,3.46,0.346,2.12,52,ok
0133762AR,720.41,295.88,41.97,Melia azedarach,False,SEGONA,Av Rio de Janeiro,10.09,48.5,7.86,4.77,0.238,2.87,2215,ok
0133763AR,50.91,576.84,62.67,Platanus × acerifolia,True,EXEMPLAR,C\ Doctor Pi i Molist,21.72,217.5,16.64,8.58,0.256,2.73,10654,ok
0133765AR,681.96,146.16,41.32,Citrus × aurantium,False,PRIMERA,C\ Malgrat,4.93,6.2,2.82,3.22,0.443,1.63,159,ok
0133766AR,513.62,369.1,45.59,Platanus × acerifolia,True,SEGONA,Pg Ciutat de Mallorca,11.81,3.0,1.95,6.54,0.015,7.82,146,ok
0133767AR,475.18,158.81,45.25,Platanus × acerifolia,True,SEGONA,C\ Arnau d'Oms,10.22,9.0,3.39,2.3,0.165,3.6,366,ok
0133768AR,100.07,640.89,63.63,Platanus × acerifolia,True,EXEMPLAR,C\ Felanitx,18.19,64.2,9.04,7.18,0.23,2.94,3043,ok
0133770AR,468.06,435.17,47.39,Platanus × acerifolia,True,SEGONA,C\ Estudiant,16.26,23.0,5.41,8.95,0.289,2.48,1143,ok
0133771AR,68.77,674.22,66.04,Platanus × acerifolia,True,SEGONA,Pg Verdum,18.66,52.8,8.2,2.99,0.194,3.28,1559,ok
0133772AR,673.91,521.8,46.12,Tipuana tipu,False,TERCERA,Av Rio de Janeiro,8.94,35.5,6.72,4.82,0.398,1.84,1722,ok
0133773AR,813.17,980.15,48.38,Platanus × acerifolia,True,SEGONA,Av Rio de Janeiro,13.82,17.2,4.69,6.07,0.243,2.83,514,ok
0133774AR,653.0,452.0,46.7,Casuarina cunninghamiana,False,EXEMPLAR,Av Rio de Janeiro,17.86,94.8,10.98,6.87,0.334,2.19,4526,ok
0133777AR,315.11,432.41,51.27,Gleditsia triacanthos f. inermis,False,PRIMERA,C\ Deià,,0.0,0.0,,,,0,no_crown_detected
0133778AR,202.51,864.94,68.44,Platanus × acerifolia,True,TERCERA,Pg Verdum,19.34,80.8,10.14,8.01,0.145,3.86,2295,ok
0133779AR,587.88,339.45,44.44,Liquidambar styraciflua,False,PRIMERA,Pg Ciutat de Mallorca,4.54,1.0,1.13,2.74,0.308,2.36,35,no_crown_detected
0133780AR,152.06,376.56,56.3,Melia azedarach,False,EXEMPLAR,C\ Porta,9.11,51.5,8.1,5.62,0.4,1.83,2296,ok
0133781AR,1073.23,885.95,42.72,Platanus × acerifolia,True,SEGONA,Av Meridiana,9.97,18.0,4.79,4.55,0.333,2.2,481,ok
0133782AR,1103.08,1020.65,42.14,Celtis sinensis,False,TERCERA,Av Meridiana,9.89,62.8,8.94,4.17,0.251,2.76,1159,ok
0133783AR,686.66,321.39,42.52,Prunus cerasifera 'Pissardii',False,PRIMERA,Pg Ciutat de Mallorca,4.52,4.8,2.46,2.72,0.355,2.07,193,ok
0133784AR,216.33,171.52,55.04,Platanus × acerifolia,True,SEGONA,C\ Doctor Pi i Molist,14.97,1.5,1.38,7.16,0.265,2.66,60,no_crown_detected
0133785AR,311.53,676.66,58.26,X chitalpa tashkentensis 'minsum' SUMMER BELLS®,False,SEGONA,C\ Selva,6.56,25.8,5.73,2.83,0.374,1.97,605,ok
0133786AR,793.59,406.33,40.94,Platanus × acerifolia,True,SEGONA,Pg Andreu Nin,11.68,41.5,7.27,6.68,0.341,2.15,1949,ok
0133787AR,168.82,286.84,56.0,Platanus × acerifolia,True,EXEMPLAR,C\ Doctor Pi i Molist,19.26,105.8,11.6,8.92,0.188,3.34,4899,ok
0133788AR,131.8,378.41,56.84,Platanus × acerifolia,True,SEGONA,C\ Doctor Pi i Molist,17.99,97.2,11.13,6.68,0.269,2.62,4675,ok
0133789AR,794.19,807.58,44.45,Melia azedarach,False,EXEMPLAR,C\ Rosselló i Porcel,14.69,177.2,15.02,5.31,0.141,3.92,4058,ok
0133791AR,149.76,609.76,60.15,Platanus × acerifolia,True,SEGONA,C\ Felanitx,10.04,18.5,4.85,1.73,0.341,2.15,935,ok
0133793AR,394.54,689.8,56.18,Platanus × acerifolia,True,TERCERA,C\ Pintor Alsamora,14.26,74.0,9.71,7.69,0.258,2.71,1751,ok
0133794AR,745.0,543.0,43.91,Grevillea robusta,False,PRIMERA,C\ Pintor Alsamora,,0.0,0.0,,,,0,no_crown_detected
0133795AR,241.23,916.89,67.94,Brachychiton populneus,False,EXEMPLAR,Pl República,12.15,43.2,7.42,3.97,0.205,3.17,960,ok
0133796AR,956.45,453.45,40.36,Platanus × acerifolia,True,EXEMPLAR,Av Meridiana,15.6,141.5,13.42,7.28,0.333,2.2,7865,ok
0133798AR,257.28,855.49,65.97,Brachychiton populneus,False,SEGONA,C\ Bunyola,9.85,10.5,3.66,4.68,0.353,2.08,215,ok
0133799AR,844.07,129.65,38.49,Platanus × acerifolia,True,SEGONA,Av Rio de Janeiro,12.28,3.0,1.95,8.12,0.454,1.58,166,ok
0133801AR,761.0,865.0,47.45,Platanus × acerifolia,True,TERCERA,Av Rio de Janeiro,11.97,72.0,9.57,5.16,0.297,2.43,2141,ok
0133802AR,894.12,277.43,39.81,Celtis australis,False,TERCERA,Av Meridiana,7.56,38.2,6.98,4.2,0.457,1.57,1601,ok
0133803AR,499.58,287.8,44.5,Robinia pseudoacacia,False,TERCERA,C\ Piferrer,19.88,58.5,8.63,7.61,0.272,2.61,2775,ok
0133804AR,306.15,354.49,48.81,Melia azedarach,False,TERCERA,C\ Maladeta,12.13,120.8,12.4,6.07,0.204,3.18,4368,ok
0133805AR,1036.51,771.83,41.85,Celtis australis,False,TERCERA,Av Meridiana,8.67,19.0,4.92,3.91,0.223,3.0,354,ok
0133807AR,396.41,943.71,62.31,Robinia pseudoacacia,False,TERCERA,Pl Otero Pedrayo,8.29,63.5,8.99,3.45,0.22,3.03,1291,ok
0133809AR,859.62,110.23,38.66,Platanus × acerifolia,True,SEGONA,Av Rio de Janeiro,17.97,78.0,9.97,9.78,0.361,2.04,4063,ok
0133810AR,969.52,1011.83,41.4,Catalpa bignonioides,False,TERCERA,Pg Andreu Nin,9.27,106.5,11.64,4.54,0.368,2.0,2715,ok
0133811AR,514.58,985.96,60.4,Grevillea robusta,False,PRIMERA,Pg Valldaura,11.41,9.8,3.52,5.5,0.359,2.05,262,ok
0133812AR,1017.11,701.82,41.78,Celtis occidentalis,False,PRIMERA,Av Meridiana,3.62,1.2,1.26,2.93,0.438,1.65,16,no_crown_detected
0133813AR,957.28,1018.41,41.66,Catalpa bignonioides,False,PRIMERA,Pg Andreu Nin,,0.0,0.0,,,,0,no_crown_detected
0133814AR,342.64,744.11,59.6,Platanus × acerifolia,True,TERCERA,C\ Selva,12.12,112.5,11.97,6.01,0.223,3.0,2445,ok
0133816AR,876.15,512.21,41.27,Tipuana tipu,False,TERCERA,C\ Pintor Alsamora,10.92,52.8,8.2,5.05,0.321,2.27,2138,ok
0133818AR,730.33,179.65,40.21,Citrus × aurantium,False,PRIMERA,C\ Alella,5.26,3.8,2.19,4.5,0.519,1.31,77,ok
0133819AR,590.3,856.87,52.72,Gleditsia triacanthos,False,SEGONA,C\ Garrofers,7.5,22.8,5.38,1.78,0.315,2.31,537,ok
0133820AR,826.82,151.78,38.46,Platanus × acerifolia,True,TERCERA,Av Rio de Janeiro,18.39,85.5,10.43,9.59,0.382,1.92,4974,ok
0133822AR,384.89,941.58,62.79,Robinia pseudoacacia 'Bessoniana',False,TERCERA,Pl Otero Pedrayo,6.51,22.0,5.29,3.15,0.277,2.57,459,ok
0133823AR,418.96,222.89,45.0,Pyrus calleryana 'Chanticleer',False,SEGONA,C\ Maladeta,18.53,22.2,5.32,3.82,0.26,2.69,1031,ok
0133824AR,236.29,777.26,63.52,Platanus × acerifolia,True,TERCERA,Pl Jardins d'Alfàbia,18.53,92.5,10.85,7.91,0.271,2.61,2725,ok
0133825AR,996.52,1058.67,41.78,Platanus × acerifolia,True,SEGONA,Pg Valldaura,12.34,50.5,8.02,6.31,0.399,1.84,2704,ok
0133826AR,965.0,565.0,41.16,Platanus × acerifolia,True,TERCERA,Av Meridiana,25.34,29.0,6.08,5.0,0.201,3.2,2246,ok
0133827AR,293.54,837.74,64.16,Brachychiton populneus,False,TERCERA,C\ Bunyola,19.25,46.5,7.69,4.81,0.145,3.86,910,ok
0133829AR,791.72,46.87,41.21,Platanus × acerifolia,True,TERCERA,Pg Fabra i Puig,11.61,2.2,1.69,6.44,0.211,3.12,57,ok
0133830AR,503.6,236.41,43.89,Brachychiton populneus,False,TERCERA,C\ Torrent de Can Piquer,11.7,39.5,7.09,5.38,0.275,2.58,1730,ok
0133831AR,111.59,617.1,62.58,Prunus cerasifera 'Pissardii',False,PRIMERA,C\ Pollença,5.12,5.5,2.65,2.44,0.422,1.72,201,ok
0133832AR,434.21,743.64,56.9,Melia azedarach,False,TERCERA,C\ Escultor Ordóñez,8.4,45.8,7.63,4.59,0.353,2.08,1099,ok
0133833AR,167.29,815.74,68.19,Platanus × acerifolia,True,SEGONA,Pl Jardins d'Alfàbia,14.72,41.8,7.29,6.56,0.274,2.59,1393,ok
0133834AR,632.19,448.35,46.65,Casuarina cunninghamiana,False,SEGONA,C\ Piferrer,7.28,8.2,3.24,3.07,0.439,1.65,357,ok
0133835AR,903.61,281.41,39.82,Celtis australis,False,SEGONA,Av Meridiana,14.89,4.2,2.33,4.49,0.432,1.68,123,ok
0133836AR,465.96,882.7,57.67,Ligustrum lucidum,False,PRIMERA,C\ Garrofers,5.86,6.5,2.88,3.92,0.427,1.7,131,ok
0133839AR,668.5,481.66,45.62,Tipuana tipu,False,SEGONA,Av Rio de Janeiro,11.35,50.8,8.04,6.95,0.437,1.66,2317,ok
0133841AR,887.07,506.83,41.13,Tilia x europaea,False,SEGONA,C\ Pintor Alsamora,8.28,5.2,2.59,4.35,0.153,3.75,205,ok
0133842AR,141.31,478.75,57.6,Populus alba 'Pyramidalis',False,TERCERA,C\ Maladeta,16.67,25.2,5.67,4.94,0.237,2.88,1772,ok
0133843AR,678.75,151.29,41.17,Citrus × aurantium,False,PRIMERA,C\ Malgrat,11.74,16.0,4.51,4.23,0.304,2.38,525,ok
0133844AR,203.8,463.2,54.37,Jacaranda mimosifolia,False,SEGONA,C\ Andratx,6.88,3.2,2.03,3.9,0.288,2.49,101,ok
0133845AR,269.34,925.5,67.0,Brachychiton populneus,False,EXEMPLAR,Pl República,12.43,66.5,9.2,5.6,0.221,3.02,1409,ok
0133847AR,553.98,373.15,45.34,Casuarina cunninghamiana,False,SEGONA,C\ Piferrer,9.84,6.0,2.76,3.48,0.328,2.23,244,ok
0133848AR,439.85,740.09,57.06,Melia azedarach,False,TERCERA,C\ Escultor Ordóñez,9.19,72.5,9.61,4.51,0.214,3.09,1735,ok
0133849AR,903.34,847.91,40.45,Celtis australis,False,SEGONA,Pg Andreu Nin,6.42,16.0,4.51,3.93,0.421,1.73,354,ok
0133850AR,439.3,489.42,50.1,Platanus × acerifolia,True,SEGONA,C\ Valldemossa,14.91,3.5,2.11,7.39,0.368,2.0,166,ok
0133851AR,762.25,131.1,40.48,Brachychiton populneus,False,SEGONA,C\ Vèlia,5.43,4.2,2.33,1.61,0.375,1.96,154,ok
0133853AR,317.47,125.42,51.11,Pyrus calleryana 'Chanticleer',False,SEGONA,C\ Santanyí,9.48,18.5,4.85,4.78,0.385,1.91,723,ok
0133854AR,488.4,324.51,44.71,Handroanthus heptaphyllus,False,PRIMERA,C\ Deià,10.35,32.2,6.41,5.14,0.416,1.75,1658,ok
0133856AR,190.98,456.19,54.55,Jacaranda mimosifolia,False,SEGONA,C\ Andratx,6.64,2.2,1.69,4.75,0.478,1.48,67,ok
0133857AR,253.01,416.43,51.5,Hesperocyparis macrocarpa,False,SEGONA,C\ Andratx,7.97,16.5,4.58,2.1,0.248,2.79,690,ok
0133859AR,791.23,346.28,40.61,Platanus × acerifolia,True,SEGONA,Pg Andreu Nin,9.59,22.5,5.35,3.31,0.465,1.53,1072,ok
0133860AR,298.35,758.5,60.94,Platanus × acerifolia,True,TERCERA,C\ Pintor Alsamora,17.73,139.8,13.34,8.79,0.183,3.4,3462,ok
0133861AR,971.4,563.75,41.06,Celtis australis,False,SEGONA,Av Meridiana,10.59,3.0,1.95,5.43,0.519,1.31,152,ok
0133862AR,633.95,854.37,51.14,Gleditsia triacanthos,False,SEGONA,C\ Garrofers,8.14,28.2,6.0,4.86,0.473,1.5,613,ok
0133863AR,402.17,825.29,60.14,X chitalpa tashkentensis 'minsum' SUMMER BELLS®,False,SEGONA,C\ Selva,7.53,55.2,8.39,3.74,0.343,2.14,1093,ok
0133864AR,520.34,348.38,45.3,Tipuana tipu,False,PRIMERA,Pg Ciutat de Mallorca,10.84,1.2,1.26,2.93,0.385,1.91,43,no_crown_detected
0133865AR,315.13,344.9,48.65,Melia azedarach,False,TERCERA,C\ Maladeta,7.76,42.2,7.33,4.35,0.4,1.83,1574,ok
0133866AR,173.33,584.38,58.78,Jacaranda mimosifolia,False,PRIMERA,C\ Alcúdia,14.91,112.8,11.98,7.02,0.291,2.47,5685,ok
0133867AR,475.49,968.33,61.12,Acer monspessulanum,False,PRIMERA,C\ Lluc,19.78,6.8,2.93,3.93,0.261,2.69,119,ok
0133868AR,311.15,661.48,57.83,X chitalpa tashkentensis 'minsum' SUMMER BELLS®,False,PRIMERA,C\ Selva,5.04,11.5,3.83,2.65,0.247,2.79,516,ok
0133870AR,776.63,290.43,40.23,Platanus × acerifolia,True,SEGONA,Pg Andreu Nin,9.08,19.8,5.01,4.41,0.367,2.0,959,ok
0133871AR,645.04,307.23,43.14,Tipuana tipu,False,SEGONA,Pg Ciutat de Mallorca,8.65,85.5,10.43,4.39,0.417,1.75,3641,ok
0133873AR,473.46,110.22,47.16,Platanus × acerifolia,True,TERCERA,C\ Arnau d'Oms,16.34,63.5,8.99,8.89,0.374,1.97,3460,ok
0133874AR,172.63,609.76,59.16,Platanus × acerifolia,True,SEGONA,C\ Alcúdia,8.2,69.8,9.42,4.22,0.428,1.7,3137,ok
0133875AR,497.24,951.43,59.74,Acer monspessulanum,False,PRIMERA,C\ Lluc,5.39,8.5,3.29,3.88,0.4,1.83,95,ok
0133876AR,911.35,310.06,39.89,Celtis australis,False,PRIMERA,Av Meridiana,7.44,2.5,1.78,2.81,0.567,1.14,116,ok
0133877AR,229.04,431.0,53.47,Hesperocyparis macrocarpa,False,SEGONA,C\ Andratx,10.08,15.2,4.41,3.26,0.284,2.52,708,ok
0133879AR,929.6,355.33,40.06,Platanus × acerifolia,True,TERCERA,Av Meridiana,15.19,132.5,12.99,7.46,0.412,1.77,8068,ok
0133880AR,142.76,351.46,56.58,Platanus × acerifolia,True,TERCERA,C\ Doctor Pi i Molist,18.12,104.8,11.55,7.94,0.328,2.23,4868,ok
0133881AR,998.08,607.05,41.34,Platanus × acerifolia,True,EXEMPLAR,Av Meridiana,16.09,3.0,1.95,8.45,0.37,1.99,195,ok
0133882AR,361.0,59.0,51.56,Platanus × acerifolia,True,TERCERA,Pg Fabra i Puig,13.96,29.2,6.1,8.45,0.236,2.89,673,ok
0133884AR,844.54,144.45,38.45,Platanus × acerifolia,True,SEGONA,Av Rio de Janeiro,12.1,52.5,8.18,6.0,0.366,2.01,2764,ok
0133885AR,1098.55,1003.24,42.26,Celtis sinensis,False,TERCERA,Av Meridiana,10.08,9.0,3.39,4.62,0.257,2.72,206,ok
0133886AR,752.24,104.79,41.12,Brachychiton populneus,False,SEGONA,C\ Vèlia,9.58,5.2,2.59,3.54,0.238,2.87,286,ok
0133888AR,86.52,705.35,66.7,Platanus × acerifolia,True,TERCERA,Pg Verdum,18.97,62.2,8.9,7.87,0.212,3.1,2095,ok
0133891AR,924.44,897.12,39.61,Catalpa bignonioides,False,SEGONA,Pg Andreu Nin,8.11,29.2,6.1,4.99,0.263,2.67,434,ok
0133892AR,805.64,194.94,39.14,Platanus × acerifolia,True,SEGONA,Av Rio de Janeiro,8.77,20.8,5.14,4.92,0.452,1.59,1006,ok
0133893AR,83.66,651.29,64.67,Platanus × acerifolia,True,TERCERA,C\ Felanitx,14.83,57.8,8.57,7.04,0.303,2.39,2826,ok
0133896AR,665.22,452.07,45.9,Tipuana tipu,False,SEGONA,Av Rio de Janeiro,13.92,4.0,2.26,6.47,0.417,1.75,152,ok
0133897AR,715.57,531.4,44.9,Jacaranda mimosifolia,False,TERCERA,C\ Pintor Alsamora,7.96,2.2,1.69,7.33,0.0,7.82,44,few_points
0133898AR,987.93,647.28,41.51,Platanus × acerifolia,True,SEGONA,Av Meridiana,11.36,80.0,10.09,2.82,0.314,2.32,4618,ok
0133900AR,799.52,512.42,42.05,Jacaranda mimosifolia,False,SEGONA,C\ Pintor Alsamora,7.71,20.0,5.05,4.96,0.398,1.84,655,ok
0133902AR,947.1,980.05,40.92,Catalpa bignonioides,False,TERCERA,Pg Andreu Nin,8.67,45.5,7.61,2.98,0.132,4.05,682,ok
0133904AR,495.39,501.29,49.46,Acer campestre 'Elsrijk',False,PRIMERA,C\ Casas i Amigó,,0.0,0.0,,,,0,no_crown_detected
0133905AR,589.06,177.65,42.26,Citrus × aurantium,False,PRIMERA,C\ Alella,5.65,9.0,3.39,3.95,0.337,2.17,318,ok
0133906AR,709.69,533.02,44.92,Jacaranda mimosifolia,False,SEGONA,C\ Pintor Alsamora,8.24,56.0,8.44,4.96,0.173,3.51,1503,ok
0133907AR,455.23,414.92,46.6,Platanus × acerifolia,True,SEGONA,C\ Estudiant,17.65,114.5,12.07,8.05,0.367,2.01,6980,ok
0133908AR,92.03,585.57,62.28,Styphnolobium japonicum,False,SEGONA,C\ Pollença,10.93,77.5,9.93,4.89,0.19,3.32,3325,ok
0133909AR,876.53,175.94,39.1,Celtis australis,False,SEGONA,Av Meridiana,9.31,8.8,3.34,3.88,0.419,1.74,375,ok
0133910AR,629.45,1004.94,56.39,Populus nigra 'Italica',False,SEGONA,Pg Valldaura,11.36,16.8,4.62,3.19,0.268,2.64,456,ok
0133911AR,786.16,926.92,48.05,Platanus × acerifolia,True,TERCERA,Av Rio de Janeiro,12.32,68.8,9.36,5.84,0.296,2.43,1766,ok
0133912AR,994.8,651.48,41.52,Celtis australis,False,SEGONA,Av Meridiana,9.16,4.0,2.26,3.73,0.453,1.58,156,ok
0133913AR,980.55,542.55,41.04,Platanus × acerifolia,True,TERCERA,Av Meridiana,13.88,24.0,5.53,7.63,0.415,1.76,1249,ok
0133914AR,875.61,44.28,39.22,Platanus × acerifolia,True,EXEMPLAR,Pg Fabra i Puig,17.1,45.5,7.61,7.82,0.159,3.68,1194,ok
0133915AR,899.39,263.77,39.75,Celtis australis,False,TERCERA,Av Meridiana,12.83,19.8,5.01,4.96,0.406,1.8,818,ok
0133916AR,130.99,697.33,65.0,Celtis australis,False,TERCERA,C\ Valldemossa,9.07,39.2,7.07,4.77,0.195,3.27,879,ok
0133917AR,222.21,528.22,55.31,Tipuana tipu,False,EXEMPLAR,C\ Deià,17.62,181.2,15.19,10.98,0.295,2.44,7456,ok
0133918AR,684.98,305.62,42.48,Tipuana tipu,False,SEGONA,Pg Ciutat de Mallorca,8.86,61.0,8.81,4.7,0.483,1.45,2918,ok
0133919AR,949.7,939.42,40.21,Handroanthus heptaphyllus,False,PRIMERA,Pg Andreu Nin,,0.0,0.0,,,,0,no_crown_detected
0133920AR,304.53,951.5,65.7,Populus nigra 'Italica',False,SEGONA,Pg Valldaura,14.55,20.8,5.14,4.27,0.238,2.87,600,ok
0133921AR,236.37,121.8,54.66,Platanus × acerifolia,True,SEGONA,C\ Doctor Pi i Molist,17.07,3.2,2.03,12.67,0.269,2.62,95,ok
0133922AR,459.41,476.37,49.42,Platanus × acerifolia,True,EXEMPLAR,C\ Valldemossa,17.71,76.2,9.85,6.48,0.364,2.02,3835,ok
0133923AR,998.43,632.24,41.41,Celtis sinensis,False,TERCERA,Av Meridiana,15.07,15.0,4.37,5.87,0.35,2.1,845,ok
0133924AR,775.56,337.15,40.66,Platanus × acerifolia,True,SEGONA,Pg Andreu Nin,14.88,76.8,9.89,5.39,0.317,2.29,3060,ok
0133925AR,922.65,350.58,39.96,Celtis australis,False,PRIMERA,Av Meridiana,3.05,2.2,1.69,2.17,0.65,0.86,60,ok
0133926AR,731.07,530.85,44.24,Jacaranda mimosifolia,False,TERCERA,C\ Pintor Alsamora,9.3,65.8,9.15,4.89,0.19,3.32,2443,ok
0133927AR,874.12,226.82,39.58,Platanus × acerifolia,True,SEGONA,Av Meridiana,8.34,9.5,3.48,5.33,0.516,1.32,417,ok
0133928AR,987.07,565.95,41.14,Platanus × acerifolia,True,TERCERA,Av Meridiana,15.08,72.2,9.59,8.25,0.36,2.04,3716,ok
0133929AR,514.76,916.91,57.76,Acer monspessulanum,False,SEGONA,C\ Lluc,6.43,12.0,3.91,1.63,0.238,2.87,122,ok
0133931AR,881.0,168.71,39.14,Platanus × acerifolia,True,TERCERA,Av Meridiana,13.64,2.0,1.6,3.44,0.425,1.71,147,ok
0133932AR,763.56,179.34,39.89,Brachychiton populneus,False,SEGONA,C\ Vèlia,7.48,17.5,4.72,3.37,0.434,1.67,762,ok
0133933AR,958.92,973.02,40.77,Catalpa bignonioides,False,TERCERA,Pg Andreu Nin,8.09,52.8,8.2,4.28,0.421,1.73,1195,ok
0133934AR,534.13,249.98,42.71,Tipuana tipu,False,PRIMERA,C\ Torrent de Can Piquer,13.77,11.0,3.74,3.16,0.483,1.46,427,ok
0133935AR,881.09,1042.43,47.1,Platanus × acerifolia,True,TERCERA,Pg Valldaura,15.78,70.8,9.49,7.51,0.305,2.37,3254,ok
0133937AR,561.88,224.37,42.7,Pyrus calleryana 'Chanticleer',False,SEGONA,C\ Torrent de Can Piquer,8.35,10.2,3.61,4.28,0.343,2.14,431,ok
0133938AR,455.96,73.01,49.03,Platanus × acerifolia,True,TERCERA,C\ Arnau d'Oms,15.78,51.2,8.08,6.38,0.167,3.58,1439,ok
0133939AR,554.06,178.52,42.7,Citrus × aurantium,False,PRIMERA,C\ Alella,5.29,8.8,3.34,3.91,0.169,3.55,300,ok
0133940AR,785.24,512.28,42.55,Jacaranda mimosifolia,False,SEGONA,C\ Pintor Alsamora,7.65,9.8,3.52,5.45,0.306,2.37,322,ok
0133941AR,550.25,991.78,59.24,Grevillea robusta,False,PRIMERA,Pg Valldaura,7.3,6.0,2.76,2.61,0.26,2.69,146,ok
0133943AR,790.44,510.93,42.4,Jacaranda mimosifolia,False,SEGONA,C\ Pintor Alsamora,7.71,42.2,7.33,4.91,0.258,2.71,1320,ok
0133944AR,370.43,608.02,54.34,Melia azedarach,False,TERCERA,C\ Escultor Ordóñez,9.54,45.8,7.63,4.29,0.353,2.08,2388,ok
0133945AR,189.55,648.28,60.5,Platanus × acerifolia,True,TERCERA,C\ Valldemossa,13.99,79.0,10.03,4.41,0.295,2.44,3978,ok
0133948AR,916.04,865.03,39.85,Catalpa bignonioides,False,PRIMERA,Pg Andreu Nin,,0.0,0.0,,,,0,no_crown_detected
0133949AR,1090.85,974.3,42.53,Celtis sinensis,False,SEGONA,Av Meridiana,7.2,18.5,4.85,4.27,0.32,2.28,337,ok
0133950AR,410.69,564.1,52.43,Celtis australis,False,TERCERA,C\ Casas i Amigó,8.98,53.0,8.21,4.72,0.269,2.63,1949,ok
0133952AR,135.98,694.35,64.68,Celtis australis,False,TERCERA,C\ Valldemossa,11.17,81.8,10.2,4.67,0.157,3.7,1842,ok
0133953AR,488.65,399.2,45.98,Platanus × acerifolia,True,SEGONA,Pg Ciutat de Mallorca,8.98,21.5,5.23,2.26,0.221,3.02,1058,ok
0133954AR,888.09,254.48,39.7,Celtis australis,False,TERCERA,Av Meridiana,9.45,38.5,7.0,5.5,0.442,1.63,1800,ok
0133955AR,380.07,58.61,51.14,Platanus × acerifolia,True,TERCERA,Pg Fabra i Puig,16.05,105.5,11.59,8.12,0.208,3.14,2832,ok
0133956AR,922.79,838.63,40.49,Handroanthus heptaphyllus,False,PRIMERA,Pg Andreu Nin,8.45,0.5,0.8,4.82,0.429,1.69,7,no_crown_detected
0133957AR,415.92,924.06,60.25,Ligustrum lucidum,False,SEGONA,C\ Garrofers,5.57,12.0,3.91,4.05,0.367,2.0,147,ok
0133958AR,577.46,385.1,45.6,Casuarina cunninghamiana,False,PRIMERA,C\ Piferrer,6.17,4.2,2.33,3.29,0.463,1.54,177,ok
0133962AR,394.35,579.5,52.96,Celtis australis,False,SEGONA,C\ Casas i Amigó,18.92,13.5,4.15,4.12,0.508,1.35,371,ok
0133965AR,917.59,364.33,40.01,Celtis australis,False,SEGONA,Av Meridiana,6.84,5.2,2.59,4.66,0.48,1.47,216,ok
0133966AR,116.24,631.01,62.52,Celtis australis,False,TERCERA,C\ Felanitx,14.24,1.8,1.49,6.82,0.143,3.89,52,no_crown_detected
0133967AR,859.29,125.48,38.61,Platanus × acerifolia,True,SEGONA,Av Rio de Janeiro,13.79,38.0,6.96,8.18,0.385,1.91,2046,ok
0133970AR,856.72,163.18,39.01,Platanus × acerifolia,True,SEGONA,Av Meridiana,8.08,18.5,4.85,4.79,0.438,1.65,861,ok
0133971AR,373.38,58.92,51.27,Platanus × acerifolia,True,TERCERA,Pg Fabra i Puig,16.14,59.2,8.69,10.04,0.281,2.54,1528,ok
0133972AR,411.77,57.58,50.39,Platanus × acerifolia,True,TERCERA,Pg Fabra i Puig,13.97,50.5,8.02,7.84,0.288,2.49,1219,ok
0133973AR,801.95,183.67,39.07,Platanus × acerifolia,True,SEGONA,Av Rio de Janeiro,14.14,38.2,6.98,5.96,0.387,1.9,2116,ok
0133975AR,1055.66,1061.2,41.16,Platanus × acerifolia,True,TERCERA,Pg Valldaura,15.68,70.0,9.44,4.47,0.38,1.93,3801,ok
0133976AR,560.79,618.5,49.64,Jacaranda mimosifolia,False,SEGONA,C\ Pintor Alsamora,7.95,7.0,2.99,4.4,0.162,3.64,205,ok
0133977AR,146.35,687.96,64.03,Celtis australis,False,TERCERA,C\ Valldemossa,8.58,55.0,8.37,4.88,0.211,3.11,946,ok
0133978AR,478.65,218.92,44.32,Populus nigra 'Italica',False,EXEMPLAR,C\ Arnau d'Oms,23.75,120.0,12.36,6.99,0.239,2.86,6523,ok
0133979AR,39.57,604.92,64.09,Platanus × acerifolia,True,EXEMPLAR,C\ Doctor Pi i Molist,16.92,113.8,12.03,8.44,0.366,2.01,6083,ok
0133980AR,293.19,433.99,51.9,Robinia pseudoacacia 'Pyramidalis',False,SEGONA,C\ Deià,14.47,23.2,5.44,4.32,0.302,2.39,1256,ok
0133982AR,645.99,314.92,43.15,Tipuana tipu,False,SEGONA,Pg Ciutat de Mallorca,7.08,36.2,6.79,4.28,0.536,1.25,1530,ok
0133983AR,282.03,754.97,61.41,Platanus × acerifolia,True,TERCERA,C\ Pintor Alsamora,18.46,64.5,9.06,8.87,0.184,3.39,1848,ok
0133984AR,822.61,997.04,48.43,Platanus × acerifolia,True,TERCERA,Av Rio de Janeiro,13.9,54.0,8.29,7.0,0.284,2.52,1524,ok
0133985AR,616.25,982.7,56.74,Platanus × acerifolia,True,SEGONA,Plta Avis,8.91,36.8,6.84,4.16,0.373,1.97,896,ok
0133986AR,456.17,66.59,49.3,Platanus × acerifolia,True,SEGONA,C\ Arnau d'Oms,14.04,13.0,4.07,8.28,0.108,4.45,240,ok
0133987AR,371.1,372.5,48.36,Celtis australis,False,TERCERA,Ptge Alfonso Lafuente,9.69,2.2,1.69,7.1,0.059,5.67,52,ok
0133988AR,105.4,454.74,57.87,Tipuana tipu,False,SEGONA,C\ Doctor Pi i Molist,9.81,25.5,5.7,4.24,0.333,2.2,1150,ok
0133989AR,736.85,529.3,44.04,Jacaranda mimosifolia,False,SEGONA,C\ Pintor Alsamora,8.0,2.5,1.78,5.59,0.246,2.8,108,ok
0133990AR,548.45,178.62,42.81,Citrus × aurantium,False,PRIMERA,C\ Alella,5.28,7.0,2.99,1.75,0.113,4.36,227,ok
0133992AR,242.61,774.04,63.15,Platanus × acerifolia,True,EXEMPLAR,Pl Jardins d'Alfàbia,18.81,146.2,13.65,8.31,0.257,2.71,4599,ok
0133993AR,624.22,327.38,43.68,Celtis australis,False,EXEMPLAR,Pg Ciutat de Mallorca,33.64,81.8,10.2,5.55,0.214,3.08,2538,ok
0133994AR,473.37,316.94,45.02,Catalpa bignonioides,False,TERCERA,C\ Deià,9.37,39.2,7.07,4.52,0.272,2.6,1468,ok
0133995AR,545.11,366.1,45.27,Casuarina cunninghamiana,False,SEGONA,C\ Piferrer,11.42,39.5,7.09,2.48,0.43,1.69,1750,ok
0133996AR,875.03,850.05,40.1,Tipuana tipu,False,TERCERA,Pl Gabriel Alomar,10.14,56.5,8.48,5.09,0.2,3.22,1072,ok
0133997AR,234.25,434.5,53.33,Melia azedarach,False,TERCERA,C\ Andratx,7.94,3.0,1.95,5.37,0.48,1.47,115,ok
0133998AR,940.64,395.24,40.14,Platanus × acerifolia,True,EXEMPLAR,Av Meridiana,15.96,106.8,11.66,7.7,0.399,1.84,5974,ok
0133999AR,1104.58,1026.29,42.08,Celtis sinensis,False,TERCERA,Av Meridiana,8.87,5.0,2.52,4.58,0.261,2.69,115,ok
0134002AR,352.74,566.19,53.86,Melia azedarach,False,EXEMPLAR,C\ Escultor Ordóñez,14.41,117.8,12.24,6.07,0.335,2.19,6177,ok
0134003AR,718.63,768.33,46.65,Fraxinus angustifolia 'Raywood',False,PRIMERA,Av Rio de Janeiro,16.05,38.8,7.02,4.02,0.249,2.78,1003,ok
0134004AR,653.23,1008.63,55.34,Grevillea robusta,False,SEGONA,Pg Valldaura,7.16,11.8,3.87,3.35,0.331,2.21,254,ok
0134005AR,767.72,884.78,47.86,Platanus × acerifolia,True,EXEMPLAR,Av Rio de Janeiro,14.44,138.0,13.26,7.44,0.192,3.3,3462,ok
0134006AR,258.71,316.42,51.91,Crataegus x media 'Paul's Scarlet',False,PRIMERA,Ptge Porta,6.59,14.5,4.3,4.06,0.476,1.49,603,ok
0134007AR,990.76,634.32,41.38,Celtis sinensis,False,SEGONA,Av Meridiana,6.15,14.8,4.33,4.51,0.534,1.26,591,ok
0134008AR,743.88,274.86,41.01,Ulmus pumila,False,TERCERA,Av Rio de Janeiro,12.75,146.5,13.66,5.83,0.286,2.5,6980,ok
0134010AR,1109.82,1044.12,41.9,Celtis sinensis,False,EXEMPLAR,Av Meridiana,12.82,33.0,6.48,5.44,0.164,3.62,815,ok
0134011AR,641.68,1006.82,55.87,Grevillea robusta,False,PRIMERA,Pg Valldaura,17.02,13.0,4.07,5.86,0.189,3.34,435,ok
0134013AR,245.0,100.0,54.43,Platanus × acerifolia,True,TERCERA,C\ Doctor Pi i Molist,18.32,38.0,6.96,9.85,0.215,3.07,1897,ok
0134014AR,948.94,449.17,40.26,Celtis australis,False,PRIMERA,Av Meridiana,10.1,3.5,2.11,8.15,0.488,1.44,133,ok
0134015AR,251.25,459.96,53.47,Robinia pseudoacacia,False,EXEMPLAR,C\ Deià,13.07,107.2,11.69,4.86,0.287,2.5,5563,ok
0134016AR,324.34,731.08,59.54,Platanus × acerifolia,True,EXEMPLAR,C\ Pintor Alsamora,15.69,92.2,10.84,6.94,0.205,3.17,2300,ok
0134018AR,489.41,55.6,48.71,Platanus × acerifolia,True,TERCERA,Pg Fabra i Puig,15.67,44.2,7.51,8.34,0.27,2.62,1068,ok
0134019AR,317.07,109.99,51.44,Pyrus calleryana 'Chanticleer',False,SEGONA,C\ Santanyí,7.89,14.2,4.26,4.46,0.436,1.66,545,ok
0134020AR,929.94,410.52,40.13,Celtis australis,False,SEGONA,Av Meridiana,11.11,13.8,4.18,4.55,0.413,1.77,620,ok
0134022AR,348.2,753.51,59.69,Platanus × acerifolia,True,SEGONA,C\ Selva,8.68,25.5,5.7,5.1,0.369,1.99,515,ok
0134024AR,917.69,389.01,40.12,Platanus × acerifolia,True,TERCERA,Av Meridiana,13.88,64.5,9.06,5.34,0.337,2.18,4139,ok
0134025AR,801.4,507.81,42.05,Jacaranda mimosifolia,False,SEGONA,C\ Pintor Alsamora,7.85,13.8,4.18,4.56,0.313,2.32,467,ok
0134026AR,752.66,123.13,40.76,Brachychiton populneus,False,SEGONA,C\ Vèlia,5.88,4.0,2.26,2.04,0.456,1.57,191,ok
0134027AR,911.03,285.48,39.94,Platanus × acerifolia,True,EXEMPLAR,Av Meridiana,17.16,183.8,15.3,7.93,0.363,2.03,10783,ok
0134028AR,450.41,188.97,44.85,Tipuana tipu,False,TERCERA,Plta Rafaela Serrano,11.09,59.8,8.72,4.71,0.283,2.52,2586,ok
0134029AR,322.43,897.97,63.86,Prunus cerasifera 'Pissardii',False,SEGONA,C\ Eduard Tubau,8.19,21.8,5.26,3.93,0.296,2.43,473,ok
0134030AR,525.61,914.68,57.39,Acer monspessulanum,False,SEGONA,C\ Lluc,7.98,28.0,5.97,4.55,0.294,2.45,497,ok
0134032AR,548.72,255.2,42.57,Pyrus calleryana 'Chanticleer',False,PRIMERA,C\ Torrent de Can Piquer,11.29,7.2,3.04,8.79,0.012,7.82,191,ok
0134033AR,356.22,341.23,48.32,Celtis australis,False,TERCERA,Ptge Alfonso Lafuente,8.9,25.2,5.67,5.8,0.348,2.11,889,ok
0134035AR,1078.63,928.23,42.7,Celtis sinensis,False,TERCERA,Av Meridiana,8.02,23.8,5.5,4.81,0.36,2.05,570,ok
0134036AR,232.03,132.64,54.75,Platanus × acerifolia,True,SEGONA,C\ Doctor Pi i Molist,19.41,48.2,7.84,11.19,0.25,2.77,2235,ok
0134039AR,473.12,95.19,47.82,Platanus × acerifolia,True,TERCERA,C\ Arnau d'Oms,16.24,53.2,8.23,9.15,0.306,2.37,2445,ok
0134040AR,708.11,537.19,44.92,Jacaranda mimosifolia,False,SEGONA,C\ Pintor Alsamora,9.17,42.0,7.31,5.72,0.16,3.66,1047,ok
0134041AR,865.28,533.12,41.68,Tilia x europaea,False,SEGONA,C\ Pintor Alsamora,6.35,16.0,4.51,3.44,0.497,1.4,724,ok
0134042AR,570.35,284.71,42.46,Cercis siliquastrum,False,SEGONA,C\ Torrent de Can Piquer,11.9,61.0,8.81,5.38,0.258,2.71,1791,ok
0134043AR,974.68,575.34,41.1,Celtis australis,False,SEGONA,Av Meridiana,16.24,2.5,1.78,7.76,0.022,7.66,95,ok
0134044AR,593.85,956.92,56.86,Melia azedarach,False,TERCERA,C\ Escultor Ordóñez,18.01,92.2,10.84,6.95,0.125,4.16,1581,ok
0134045AR,179.59,558.53,57.5,Morus alba,False,SEGONA,C\ Deià,10.1,40.5,7.18,4.47,0.291,2.47,1509,ok
0134046AR,392.52,530.94,51.62,Robinia pseudoacacia 'Bessoniana',False,SEGONA,C\ Valldemossa,8.13,19.0,4.92,4.56,0.407,1.8,824,ok
0134050AR,926.46,852.88,40.07,Catalpa bignonioides,False,SEGONA,Pg Andreu Nin,5.18,3.5,2.11,4.75,0.441,1.64,59,ok
0134052AR,712.2,784.8,47.39,Populus nigra 'Italica',False,EXEMPLAR,Av Rio de Janeiro,21.34,41.5,7.27,5.74,0.174,3.49,1364,ok
0134053AR,1066.24,881.36,42.69,Celtis sinensis,False,TERCERA,Av Meridiana,7.17,19.2,4.95,4.41,0.379,1.94,427,ok
0134054AR,368.71,368.25,48.34,Celtis australis,False,SEGONA,Ptge Alfonso Lafuente,21.56,37.5,6.91,3.13,0.258,2.71,1305,ok
0134055AR,884.78,242.59,39.64,Celtis australis,False,TERCERA,Av Meridiana,8.42,34.5,6.63,4.86,0.467,1.52,1550,ok
0134056AR,631.77,51.35,45.39,Platanus × acerifolia,True,TERCERA,Pg Fabra i Puig,14.35,51.0,8.06,7.65,0.261,2.69,1193,ok
0134057AR,699.52,314.5,42.38,Tipuana tipu,False,TERCERA,Pg Ciutat de Mallorca,7.89,6.5,2.88,4.5,0.399,1.84,304,ok
0134058AR,622.53,580.12,47.53,Tipuana tipu,False,TERCERA,C\ Pintor Alsamora,9.06,2.2,1.69,5.36,0.244,2.82,92,ok
0134061AR,458.54,155.48,45.81,Celtis australis,False,SEGONA,C\ Arnau d'Oms,6.51,1.2,1.26,4.86,0.25,2.77,27,no_crown_detected
0134063AR,159.55,467.98,56.69,Casuarina cunninghamiana,False,PRIMERA,C\ Maladeta,16.44,44.5,7.53,4.38,0.282,2.53,3243,ok
0134064AR,910.55,503.1,41.0,Tilia x euchlora,False,SEGONA,C\ Pintor Alsamora,5.57,1.2,1.26,3.19,0.438,1.65,53,no_crown_detected
0134066AR,61.55,618.86,64.28,Brachychiton populneus,False,TERCERA,C\ Doctor Pi i Molist,8.68,18.8,4.89,3.86,0.372,1.98,800,ok
0134067AR,774.78,283.09,40.24,Platanus × acerifolia,True,SEGONA,Pg Andreu Nin,10.31,67.5,9.27,4.28,0.408,1.79,3049,ok
0134068AR,912.77,852.53,40.17,Catalpa bignonioides,False,TERCERA,Pg Andreu Nin,8.07,31.0,6.28,2.41,0.31,2.34,649,ok
0134070AR,919.28,395.56,40.12,Platanus × acerifolia,True,EXEMPLAR,Av Meridiana,16.69,82.2,10.23,7.12,0.364,2.02,5458,ok
0134071AR,895.91,63.64,38.72,Grevillea robusta,False,SEGONA,Av Rio de Janeiro,12.5,2.2,1.69,5.6,0.256,2.72,39,few_points
0134072AR,394.05,517.96,51.53,Melia azedarach,False,TERCERA,C\ Valldemossa,15.76,109.5,11.81,4.62,0.327,2.23,5789,ok
0134073AR,376.88,394.32,48.68,Platanus × acerifolia,True,TERCERA,C\ Deià,16.13,2.2,1.69,6.86,0.323,2.26,108,ok
0134074AR,968.04,495.5,40.86,Platanus × acerifolia,True,EXEMPLAR,Av Meridiana,17.78,190.2,15.56,7.5,0.296,2.43,11185,ok
0134075AR,699.68,714.63,46.42,Morus alba,False,SEGONA,Av Rio de Janeiro,10.23,38.5,7.0,3.78,0.346,2.12,930,ok
0134076AR,936.28,433.96,40.21,Celtis australis,False,SEGONA,Av Meridiana,14.57,4.5,2.39,4.91,0.388,1.9,209,ok
0134077AR,1096.52,1066.94,41.35,Platanus × acerifolia,True,TERCERA,Pg Valldaura,17.64,73.5,9.67,6.71,0.397,1.85,4217,ok
0134078AR,532.84,632.12,50.58,Jacaranda mimosifolia,False,EXEMPLAR,C\ Pintor Alsamora,9.56,70.0,9.44,5.2,0.276,2.58,2098,ok
0134080AR,204.24,476.88,55.01,Jacaranda mimosifolia,False,SEGONA,C\ Andratx,10.14,3.8,2.19,7.43,0.038,6.55,98,ok
0134081AR,652.21,306.54,43.01,Tipuana tipu,False,SEGONA,Pg Ciutat de Mallorca,7.1,29.0,6.08,4.62,0.512,1.34,1225,ok
0134083AR,813.71,802.29,43.69,Melia azedarach,False,EXEMPLAR,C\ Rosselló i Porcel,24.19,159.0,14.23,4.91,0.185,3.38,3815,ok
0134084AR,686.41,1013.49,54.06,Grevillea robusta,False,PRIMERA,Pg Valldaura,4.38,12.8,4.03,2.31,0.185,3.38,173,ok
0134085AR,916.21,327.36,39.91,Celtis australis,False,PRIMERA,Av Meridiana,11.98,5.5,2.65,5.55,0.472,1.5,239,ok
0134087AR,472.76,88.09,48.06,Grevillea robusta,False,PRIMERA,C\ Arnau d'Oms,,0.0,0.0,,,,0,no_crown_detected
0134088AR,923.96,843.62,40.28,Handroanthus heptaphyllus,False,PRIMERA,Pg Andreu Nin,5.61,3.8,2.19,3.82,0.348,2.11,66,ok
0134092AR,838.24,795.82,42.75,Melia azedarach,False,SEGONA,C\ Rosselló i Porcel,7.85,8.0,3.19,3.64,0.42,1.73,138,ok
0134093AR,733.41,526.51,44.24,Jacaranda mimosifolia,False,TERCERA,C\ Pintor Alsamora,10.02,104.0,11.51,5.14,0.336,2.18,3499,ok
0134094AR,935.52,886.46,39.53,Catalpa bignonioides,False,PRIMERA,Pg Andreu Nin,2.89,1.2,1.26,2.7,0.444,1.62,18,no_crown_detected
0134097AR,501.04,55.11,48.48,Platanus × acerifolia,True,SEGONA,Pg Fabra i Puig,15.2,27.2,5.89,6.24,0.246,2.81,647,ok
0134098AR,1105.52,1007.78,42.38,Platanus × acerifolia,True,EXEMPLAR,Av Meridiana,15.79,96.0,11.06,5.06,0.193,3.29,3449,ok
0134100AR,179.19,777.45,66.67,Citrus × aurantium,False,PRIMERA,Pl Portocristo,4.45,7.5,3.09,3.12,0.42,1.74,81,ok
0134103AR,660.19,305.78,42.84,Tipuana tipu,False,TERCERA,Pg Ciutat de Mallorca,9.54,73.2,9.66,5.06,0.478,1.47,3525,ok
0134104AR,812.84,185.18,38.95,Platanus × acerifolia,True,SEGONA,Av Rio de Janeiro,11.86,11.2,3.78,5.9,0.442,1.63,556,ok
0134105AR,546.77,224.54,42.88,Pyrus calleryana 'Chanticleer',False,PRIMERA,C\ Torrent de Can Piquer,6.07,6.5,2.88,3.25,0.35,2.1,294,ok
0134107AR,697.09,600.15,45.92,Populus alba 'Pyramidalis',False,TERCERA,Av Rio de Janeiro,15.7,32.8,6.46,4.3,0.218,3.04,2197,ok
0134108AR,948.26,501.09,40.88,Platanus × acerifolia,True,SEGONA,Av Meridiana,9.7,49.8,7.96,4.42,0.341,2.15,2785,ok
0134111AR,1067.4,1062.67,41.12,Platanus × acerifolia,True,EXEMPLAR,Pg Valldaura,16.83,107.5,11.7,5.71,0.403,1.82,5928,ok
0134113AR,1101.69,1074.65,41.31,Platanus × acerifolia,True,EXEMPLAR,Pg Valldaura,16.09,28.8,6.05,10.64,0.398,1.84,1590,ok
0134114AR,438.83,907.37,58.69,Ligustrum lucidum,False,SEGONA,C\ Garrofers,7.26,21.8,5.26,5.01,0.273,2.6,249,ok
0134116AR,803.75,962.75,48.27,Platanus × acerifolia,True,SEGONA,Av Rio de Janeiro,9.5,27.5,5.92,4.94,0.278,2.56,669,ok
0134118AR,654.71,50.81,44.76,Platanus × acerifolia,True,SEGONA,Pg Fabra i Puig,14.05,34.8,6.65,8.22,0.249,2.78,760,ok
0134119AR,939.43,389.86,40.19,Platanus × acerifolia,True,EXEMPLAR,Av Meridiana,16.13,107.2,11.69,7.72,0.352,2.09,6452,ok
0134120AR,278.08,258.5,51.0,Prunus serrulata 'Kanzan',False,SEGONA,C\ Porta,5.37,8.8,3.34,3.23,0.452,1.59,239,ok
0134122AR,655.55,416.83,46.0,Jacaranda mimosifolia,False,TERCERA,Av Rio de Janeiro,11.15,95.5,11.03,4.53,0.299,2.41,3552,ok
0134125AR,461.65,144.5,46.14,Grevillea robusta,False,PRIMERA,C\ Arnau d'Oms,10.74,11.2,3.78,6.25,0.154,3.74,497,ok
0134126AR,175.79,615.0,59.19,Platanus × acerifolia,True,SEGONA,C\ Alcúdia,7.1,3.5,2.11,5.36,0.551,1.19,150,ok
0134127AR,637.7,51.17,45.27,Platanus × acerifolia,True,TERCERA,Pg Fabra i Puig,13.8,21.2,5.2,8.76,0.239,2.86,439,ok
0134128AR,413.95,969.48,62.47,Populus nigra 'Italica',False,SEGONA,Pg Valldaura,14.15,18.5,4.85,5.09,0.235,2.9,566,ok
0134129AR,110.82,710.36,66.5,Celtis australis,False,TERCERA,C\ Valldemossa,24.37,53.8,8.27,5.37,0.186,3.37,936,ok
0134130AR,783.2,315.09,40.44,Platanus × acerifolia,True,SEGONA,Pg Andreu Nin,10.04,97.0,11.11,4.1,0.396,1.85,4773,ok
0134131AR,809.8,415.21,41.02,Platanus × acerifolia,True,SEGONA,Pg Andreu Nin,11.52,50.8,8.04,4.3,0.374,1.97,2618,ok
0134133AR,287.27,399.06,49.83,Celtis australis,False,SEGONA,C\ Deià,7.94,28.0,5.97,3.62,0.285,2.51,952,ok
0134134AR,880.61,250.34,39.72,Platanus × acerifolia,True,TERCERA,Av Meridiana,13.41,118.8,12.3,5.63,0.387,1.9,6667,ok
0134135AR,680.8,1012.71,54.29,Populus nigra 'Italica',False,SEGONA,Pg Valldaura,15.46,16.2,4.55,6.32,0.255,2.73,545,ok
0134136AR,157.68,314.26,56.22,Platanus × acerifolia,True,SEGONA,C\ Doctor Pi i Molist,17.13,71.8,9.56,8.33,0.336,2.18,3348,ok
0134137AR,1054.59,1067.79,41.0,Platanus × acerifolia,True,SEGONA,Pg Valldaura,12.26,5.0,2.52,5.3,0.424,1.71,251,ok
0134138AR,214.33,632.51,58.96,Catalpa bignonioides,False,TERCERA,C\ Valldemossa,5.25,3.0,1.95,2.61,0.286,2.51,63,ok
0134139AR,1001.77,699.5,41.83,Platanus × acerifolia,True,TERCERA,Av Meridiana,13.83,76.0,9.84,5.82,0.203,3.19,2173,ok
0134140AR,764.74,224.16,40.09,Brachychiton populneus,False,TERCERA,C\ Vèlia,8.56,23.2,5.44,3.4,0.329,2.22,899,ok
0134141AR,245.17,421.27,52.22,Hesperocyparis macrocarpa,False,SEGONA,C\ Andratx,12.24,20.8,5.14,2.16,0.253,2.74,933,ok
0134142AR,721.89,780.41,46.83,Fraxinus angustifolia 'Raywood',False,PRIMERA,Av Rio de Janeiro,15.18,21.2,5.2,4.51,0.311,2.34,628,ok
0134143AR,1061.23,863.38,42.64,Celtis sinensis,False,SEGONA,Av Meridiana,8.01,9.8,3.52,4.1,0.293,2.45,184,ok
0134144AR,901.05,1045.45,46.2,Platanus × acerifolia,True,SEGONA,Pg Valldaura,13.46,38.2,6.98,3.06,0.262,2.68,1883,ok
0134145AR,878.87,537.24,41.72,Tilia x europaea,False,SEGONA,C\ Pintor Alsamora,9.13,72.0,9.57,2.34,0.305,2.38,2781,ok
0134146AR,917.22,308.36,39.96,Platanus × acerifolia,True,SEGONA,Av Meridiana,13.17,69.2,9.39,7.07,0.452,1.59,3669,ok
0134147AR,773.05,47.32,41.65,Platanus × acerifolia,True,TERCERA,Pg Fabra i Puig,15.76,67.2,9.25,8.58,0.199,3.23,1604,ok
0134148AR,379.94,589.36,53.58,Celtis australis,False,SEGONA,C\ Casas i Amigó,13.17,83.2,10.3,4.78,0.264,2.66,3539,ok
0134149AR,841.12,149.15,38.46,Platanus × acerifolia,True,SEGONA,Av Rio de Janeiro,13.8,91.5,10.79,6.19,0.351,2.09,5315,ok
0134150AR,827.4,484.48,41.34,Platanus × acerifolia,True,SEGONA,Pg Andreu Nin,12.12,48.2,7.84,3.83,0.407,1.8,2060,ok
0134151AR,873.23,157.55,39.02,Celtis australis,False,SEGONA,Av Meridiana,15.38,26.8,5.84,5.48,0.325,2.25,1538,ok
0134153AR,314.15,736.78,59.94,Platanus × acerifolia,True,SEGONA,C\ Pintor Alsamora,13.69,49.0,7.9,5.56,0.21,3.12,1226,ok
0134155AR,909.33,497.33,40.93,Tilia tomentosa,False,SEGONA,C\ Pintor Alsamora,6.04,13.5,4.15,3.39,0.46,1.55,572,ok
0134156AR,901.98,250.59,39.76,Platanus × acerifolia,True,EXEMPLAR,Av Meridiana,16.65,107.8,11.71,8.4,0.383,1.92,6271,ok
0134157AR,1047.23,787.61,42.14,Platanus × acerifolia,True,SEGONA,Av Meridiana,12.27,30.2,6.21,6.67,0.251,2.76,863,ok
0134158AR,184.53,555.25,57.3,Morus alba,False,SEGONA,C\ Deià,10.1,35.8,6.75,4.56,0.265,2.66,1755,ok
0134159AR,724.51,276.23,41.63,Melia azedarach,False,PRIMERA,Av Rio de Janeiro,,0.0,0.0,,,,0,no_crown_detected
0134160AR,731.38,48.36,42.67,Platanus × acerifolia,True,TERCERA,Pg Fabra i Puig,16.2,53.2,8.23,7.93,0.142,3.91,1510,ok
0134162AR,364.19,353.84,48.24,Celtis australis,False,TERCERA,Ptge Alfonso Lafuente,9.94,54.2,8.31,4.96,0.403,1.82,2355,ok
0134163AR,450.67,206.52,44.76,Tipuana tipu,False,SEGONA,Plta Rafaela Serrano,10.22,27.5,5.92,3.73,0.121,4.23,1036,ok
0134164AR,944.14,406.93,40.18,Platanus × acerifolia,True,SEGONA,Av Meridiana,12.73,2.5,1.78,5.19,0.568,1.13,133,ok
0134165AR,536.53,235.05,43.12,Brachychiton populneus,False,TERCERA,C\ Torrent de Can Piquer,10.55,11.0,3.74,5.34,0.395,1.86,406,ok
0134166AR,993.62,670.58,41.66,Platanus × acerifolia,True,SEGONA,Av Meridiana,10.15,4.8,2.46,2.97,0.283,2.53,250,ok
0134167AR,95.58,720.74,67.02,Platanus × acerifolia,True,TERCERA,Pg Verdum,17.72,54.0,8.29,6.92,0.262,2.68,1938,ok
0134168AR,379.22,527.62,52.2,Platanus × acerifolia,True,TERCERA,C\ Valldemossa,14.28,82.5,10.25,4.96,0.412,1.77,4713,ok
0134169AR,700.5,720.53,46.45,Morus alba,False,SEGONA,Av Rio de Janeiro,5.83,36.5,6.82,3.44,0.408,1.79,732,ok
0134170AR,738.95,525.14,44.04,Jacaranda mimosifolia,False,SEGONA,C\ Pintor Alsamora,9.23,57.8,8.57,5.07,0.238,2.87,1995,ok
0134171AR,296.31,441.43,52.0,Brachychiton populneus,False,EXEMPLAR,C\ Deià,11.04,95.0,11.0,5.29,0.429,1.69,5343,ok
0134172AR,997.89,663.06,41.56,Celtis australis,False,SEGONA,Av Meridiana,7.12,30.8,6.26,4.02,0.436,1.66,1258,ok
0134176AR,685.51,254.24,41.54,Citrus × aurantium,False,PRIMERA,C\ Malgrat,6.34,6.2,2.82,3.88,0.477,1.48,155,ok
0134178AR,196.89,219.58,55.41,Platanus × acerifolia,True,TERCERA,C\ Doctor Pi i Molist,18.57,52.5,8.18,8.56,0.255,2.73,2514,ok
0134179AR,719.63,48.79,43.0,Platanus × acerifolia,True,TERCERA,Pg Fabra i Puig,14.26,100.5,11.31,7.08,0.285,2.51,2456,ok
0134180AR,463.28,780.37,57.52,Melia azedarach,False,TERCERA,C\ Escultor Ordóñez,7.84,74.0,9.71,4.08,0.262,2.68,1671,ok
0134182AR,203.07,446.4,54.17,Hesperocyparis macrocarpa,False,SEGONA,C\ Andratx,8.21,20.2,5.08,2.98,0.323,2.26,813,ok
0134183AR,368.89,288.12,47.14,Melia azedarach,False,TERCERA,C\ Maladeta,9.98,63.5,8.99,5.11,0.309,2.35,2080,ok
0134184AR,311.09,487.13,52.59,Platanus × acerifolia,True,SEGONA,C\ Escultor Ordóñez,10.26,59.2,8.69,5.81,0.402,1.82,2694,ok
0134186AR,549.62,870.78,54.58,Gleditsia triacanthos,False,SEGONA,C\ Garrofers,9.18,108.2,11.74,4.98,0.345,2.13,2393,ok
0134187AR,327.78,691.58,58.68,X chitalpa tashkentensis 'minsum' SUMMER BELLS®,False,PRIMERA,C\ Selva,7.12,10.5,3.66,2.3,0.206,3.16,170,ok
0134188AR,513.08,54.73,48.26,Platanus × acerifolia,True,TERCERA,Pg Fabra i Puig,15.27,45.0,7.57,7.99,0.214,3.08,1116,ok
0134189AR,617.47,250.44,42.56,Pyrus calleryana 'Chanticleer',False,PRIMERA,C\ Torrent de Can Piquer,15.51,2.0,1.6,4.78,0.276,2.58,70,ok
0134190AR,555.03,223.93,42.74,Pyrus calleryana 'Chanticleer',False,SEGONA,C\ Torrent de Can Piquer,12.41,44.8,7.55,4.54,0.203,3.19,1826,ok
0134191AR,391.01,252.42,46.07,Pyrus calleryana 'Chanticleer',False,SEGONA,C\ Maladeta,8.71,15.5,4.44,4.31,0.196,3.26,487,ok
0134192AR,672.38,437.09,45.72,Tipuana tipu,False,SEGONA,Av Rio de Janeiro,8.56,9.2,3.43,5.43,0.462,1.54,348,ok
0134196AR,413.85,506.15,50.86,Melia azedarach,False,TERCERA,C\ Valldemossa,10.75,56.0,8.44,5.72,0.289,2.48,2056,ok
0134197AR,243.07,394.84,50.57,Populus alba 'Pyramidalis',False,EXEMPLAR,C\ Maladeta,22.15,70.0,9.44,5.28,0.244,2.83,5422,ok
0134198AR,409.48,508.52,51.0,Platanus × acerifolia,True,TERCERA,C\ Valldemossa,11.58,58.0,8.59,4.33,0.44,1.64,2397,ok
0134199AR,680.44,90.85,43.42,Citrus × aurantium,False,PRIMERA,C\ Malgrat,5.51,11.8,3.87,4.09,0.446,1.62,336,ok
0134200AR,962.18,553.73,41.06,Platanus × acerifolia,True,SEGONA,Av Meridiana,11.54,3.0,1.95,3.74,0.485,1.45,129,ok
0134201AR,97.78,630.75,63.52,Celtis australis,False,SEGONA,C\ Felanitx,10.08,36.0,6.77,4.49,0.222,3.01,1336,ok
0134202AR,605.11,307.41,43.98,Brachychiton populneus,False,TERCERA,Pg Ciutat de Mallorca,7.7,16.8,4.62,3.63,0.319,2.29,810,ok
0134203AR,990.55,602.35,41.24,Celtis australis,False,SEGONA,Av Meridiana,15.34,13.2,4.11,4.52,0.347,2.12,714,ok
0134204AR,42.86,612.34,64.37,Citrus × aurantium,False,SEGONA,C\ Doctor Pi i Molist,4.86,8.0,3.19,3.61,0.529,1.27,237,ok
0134207AR,745.27,875.93,48.24,Platanus × acerifolia,True,TERCERA,Av Rio de Janeiro,13.41,64.5,9.06,7.85,0.25,2.77,1386,ok
0134208AR,809.88,974.29,48.35,Platanus × acerifolia,True,EXEMPLAR,Av Rio de Janeiro,16.39,148.2,13.74,6.85,0.238,2.87,4103,ok
0134209AR,622.56,182.5,42.02,Citrus × aurantium,False,PRIMERA,C\ Alella,13.61,8.5,3.29,4.13,0.304,2.38,253,ok
0134210AR,903.46,256.6,39.8,Platanus × acerifolia,True,EXEMPLAR,Av Meridiana,13.4,2.2,1.69,7.89,0.395,1.86,137,ok
0134211AR,598.59,309.57,44.15,Brachychiton populneus,False,EXEMPLAR,Pg Ciutat de Mallorca,10.31,37.2,6.89,4.01,0.316,2.31,1483,ok
0134212AR,954.69,447.52,40.3,Platanus × acerifolia,True,TERCERA,Av Meridiana,13.31,2.2,1.69,5.29,0.286,2.51,133,ok
0134213AR,763.74,292.63,40.29,Platanus × acerifolia,True,TERCERA,Pg Andreu Nin,14.52,93.2,10.9,6.16,0.353,2.08,5042,ok
0134214AR,856.74,137.95,38.68,Celtis australis,False,SEGONA,Av Meridiana,6.93,13.2,4.11,4.52,0.484,1.45,535,ok
0134220AR,874.81,1041.15,47.39,Platanus × acerifolia,True,EXEMPLAR,Pg Valldaura,17.05,99.0,11.23,8.12,0.246,2.8,3886,ok
0134222AR,866.02,157.32,38.98,Eucalyptus camaldulensis,False,TERCERA,Av Meridiana,16.69,19.5,4.98,4.14,0.395,1.86,1063,ok
0134223AR,927.02,368.01,40.01,Celtis australis,False,PRIMERA,Av Meridiana,8.35,2.2,1.69,2.62,0.418,1.74,110,ok
0134224AR,938.42,947.9,40.3,Catalpa bignonioides,False,PRIMERA,Pg Andreu Nin,,0.0,0.0,,,,0,no_crown_detected
0134225AR,982.53,548.75,41.07,Platanus × acerifolia,True,TERCERA,Av Meridiana,14.94,159.2,14.24,7.31,0.375,1.96,9082,ok
0134231AR,494.3,180.16,43.92,Citrus × aurantium,False,PRIMERA,C\ Alella,5.24,4.2,2.33,4.05,0.122,4.2,124,ok
0134232AR,1059.59,857.75,42.55,Celtis sinensis,False,TERCERA,Av Meridiana,9.1,48.5,7.86,5.25,0.239,2.87,972,ok
0134233AR,386.96,388.03,48.25,Platanus × acerifolia,True,TERCERA,C\ Deià,18.42,56.0,8.44,10.3,0.334,2.19,3078,ok
0134235AR,520.46,910.46,57.46,Acer monspessulanum,False,PRIMERA,C\ Lluc,12.59,95.5,11.03,4.98,0.175,3.48,2076,ok
0134237AR,428.52,721.08,56.58,Melia azedarach,False,TERCERA,C\ Escultor Ordóñez,7.48,39.5,7.09,4.17,0.312,2.33,1016,ok
0134238AR,1007.51,698.05,41.77,Celtis australis,False,TERCERA,Av Meridiana,8.06,25.2,5.67,4.93,0.252,2.76,480,ok
0134239AR,474.71,145.11,45.78,Platanus × acerifolia,True,TERCERA,C\ Arnau d'Oms,17.41,74.2,9.72,9.02,0.274,2.59,3487,ok
0134240AR,806.42,456.09,41.21,Platanus × acerifolia,True,EXEMPLAR,Pg Andreu Nin,16.81,146.2,13.65,7.41,0.284,2.52,7279,ok
0134241AR,875.88,208.22,39.38,Celtis australis,False,SEGONA,Av Meridiana,6.38,23.2,5.44,4.36,0.549,1.2,889,ok
0134243AR,98.68,725.68,67.16,Platanus × acerifolia,True,TERCERA,Pg Verdum,18.39,55.5,8.41,7.37,0.239,2.86,1852,ok
0134244AR,458.12,144.37,46.3,Koelreuteria paniculata 'Fastigiata',False,PRIMERA,C\ Arnau d'Oms,6.09,2.0,1.6,2.77,0.31,2.34,50,ok
0134245AR,670.54,1011.45,54.72,Grevillea robusta,False,PRIMERA,Pg Valldaura,16.22,32.5,6.43,7.16,0.272,2.61,968,ok
0134247AR,422.32,57.43,50.23,Platanus × acerifolia,True,EXEMPLAR,Pg Fabra i Puig,18.35,82.2,10.23,9.79,0.236,2.89,2137,ok
0134248AR,421.21,365.44,47.13,Brachychiton populneus,False,TERCERA,C\ Deià,7.86,18.8,4.89,3.94,0.413,1.77,910,ok
0134250AR,575.3,866.33,53.32,Gleditsia triacanthos,False,SEGONA,C\ Garrofers,9.22,73.5,9.67,5.48,0.378,1.94,1721,ok
0134252AR,635.93,452.79,46.63,Populus nigra 'Italica',False,TERCERA,C\ Piferrer,14.46,23.2,5.44,5.48,0.33,2.22,1302,ok
0134253AR,562.45,993.69,58.83,Grevillea robusta,False,PRIMERA,Pg Valldaura,7.18,5.8,2.71,3.39,0.417,1.75,144,ok
0134254AR,105.32,606.8,62.57,Styphnolobium japonicum,False,TERCERA,C\ Pollença,12.14,61.5,8.85,5.43,0.159,3.68,2382,ok
0134255AR,986.1,641.27,41.49,Platanus × acerifolia,True,SEGONA,Av Meridiana,6.68,6.8,2.93,1.97,0.357,2.06,306,ok
0134259AR,1092.3,980.63,42.51,Celtis sinensis,False,TERCERA,Av Meridiana,7.96,31.5,6.33,4.37,0.237,2.88,541,ok
0134261AR,862.52,513.78,41.37,Tipuana tipu,False,TERCERA,C\ Pintor Alsamora,8.57,67.2,9.25,4.54,0.313,2.33,2947,ok
0134262AR,1050.64,823.89,42.26,Celtis sinensis,False,SEGONA,Av Meridiana,11.83,52.8,8.2,4.6,0.339,2.16,1268,ok
0134263AR,684.07,210.78,41.07,Citrus × aurantium,False,PRIMERA,C\ Malgrat,,0.0,0.0,,,,0,no_crown_detected
0134266AR,325.29,425.99,50.86,Platanus × acerifolia,True,SEGONA,C\ Deià,11.03,61.5,8.85,3.9,0.422,1.73,2739,ok
0134267AR,687.35,330.44,42.71,Celtis australis,False,PRIMERA,Pg Ciutat de Mallorca,4.41,4.8,2.46,2.43,0.53,1.27,180,ok
0134269AR,500.67,282.75,44.4,Casuarina cunninghamiana,False,PRIMERA,C\ Piferrer,15.37,29.0,6.08,5.48,0.263,2.67,1287,ok
0134270AR,776.18,1028.0,50.35,Grevillea robusta,False,PRIMERA,Pg Valldaura,7.25,5.2,2.59,2.35,0.143,3.89,133,ok
0134271AR,108.72,741.3,67.48,Platanus × acerifolia,True,TERCERA,Pg Verdum,18.88,55.0,8.37,10.44,0.214,3.08,1550,ok
0134273AR,133.3,773.34,67.94,Platanus × acerifolia,True,TERCERA,Pg Verdum,17.11,70.8,9.49,6.9,0.225,2.99,1895,ok
0134274AR,937.72,895.84,39.65,Catalpa bignonioides,False,TERCERA,Pg Andreu Nin,8.37,41.8,7.29,4.63,0.359,2.05,934,ok
0134275AR,791.77,977.17,48.96,Platanus × acerifolia,True,TERCERA,Av Rio de Janeiro,15.47,78.5,10.0,6.59,0.264,2.66,2014,ok
0134276AR,557.12,862.74,54.17,Gleditsia triacanthos,False,TERCERA,C\ Garrofers,9.87,48.0,7.82,5.8,0.336,2.18,1142,ok
0134279AR,717.0,825.0,47.83,Gleditsia triacanthos,False,TERCERA,C\ Garrofers,9.22,70.0,9.44,4.48,0.399,1.84,1555,ok
0134280AR,977.61,587.04,41.16,Celtis australis,False,SEGONA,Av Meridiana,18.04,6.2,2.82,5.73,0.216,3.07,308,ok
0134283AR,581.05,997.01,58.24,Populus nigra 'Italica',False,TERCERA,Pg Valldaura,16.48,18.5,4.85,6.53,0.229,2.94,654,ok
0134286AR,991.8,608.76,41.27,Celtis australis,False,SEGONA,Av Meridiana,12.33,2.8,1.87,4.3,0.521,1.3,91,ok
0134287AR,806.72,968.42,48.27,Platanus × acerifolia,True,SEGONA,Av Rio de Janeiro,11.64,12.8,4.03,5.85,0.324,2.26,309,ok
0134288AR,864.62,144.97,38.87,Eucalyptus camaldulensis,False,TERCERA,Av Meridiana,11.46,11.0,3.74,5.25,0.375,1.96,590,ok
0134289AR,1012.24,659.29,41.62,Platanus × acerifolia,True,TERCERA,Av Meridiana,13.26,122.5,12.49,6.63,0.389,1.89,6758,ok
0134290AR,944.35,431.74,40.19,Celtis australis,False,PRIMERA,Av Meridiana,12.1,16.2,4.55,7.73,0.428,1.7,778,ok
0134291AR,531.19,309.33,44.73,Platanus × acerifolia,True,EXEMPLAR,C\ Piferrer,18.27,144.2,13.55,7.67,0.343,2.14,6951,ok
0134292AR,890.86,266.42,39.76,Celtis australis,False,SEGONA,Av Meridiana,7.83,25.2,5.67,5.16,0.537,1.24,1032,ok
0134293AR,783.67,368.71,40.75,Platanus × acerifolia,True,TERCERA,Pg Andreu Nin,14.64,87.5,10.56,8.25,0.299,2.42,4398,ok
0134294AR,1012.0,716.0,41.93,Celtis australis,False,TERCERA,Av Meridiana,9.54,18.5,4.85,5.14,0.24,2.85,354,ok
0134295AR,896.43,505.61,41.1,Tilia x europaea,False,SEGONA,C\ Pintor Alsamora,5.77,14.0,4.22,3.56,0.45,1.6,568,ok
0134296AR,953.7,1053.46,43.2,Platanus × acerifolia,True,TERCERA,Pg Valldaura,14.88,106.5,11.64,5.37,0.326,2.24,5888,ok
0134297AR,525.91,235.77,43.34,Brachychiton populneus,False,SEGONA,C\ Torrent de Can Piquer,6.68,2.2,1.69,4.61,0.468,1.52,88,ok
0134298AR,238.53,116.58,54.65,Platanus × acerifolia,True,TERCERA,C\ Doctor Pi i Molist,17.98,1.5,1.38,16.44,0.519,1.31,44,no_crown_detected
0134300AR,865.79,520.78,41.46,Prunus cerasifera 'Pissardii',False,PRIMERA,C\ Pintor Alsamora,4.02,3.5,2.11,2.72,0.57,1.13,145,ok
0134302AR,618.37,995.39,56.92,Platanus × acerifolia,True,SEGONA,Plta Avis,5.68,36.0,6.77,3.85,0.484,1.45,731,ok
0134304AR,568.46,994.87,58.71,Populus nigra 'Italica',False,SEGONA,Pg Valldaura,14.44,19.0,4.92,3.75,0.078,5.1,639,ok
0134306AR,70.44,528.39,60.31,Platanus × acerifolia,True,SEGONA,C\ Doctor Pi i Molist,15.43,24.0,5.53,7.75,0.311,2.34,1116,ok
0134309AR,873.0,126.0,38.83,Celtis australis,False,SEGONA,Av Meridiana,7.82,16.8,4.62,4.54,0.471,1.5,737,ok
0134310AR,434.12,492.75,50.25,Platanus × acerifolia,True,TERCERA,C\ Valldemossa,16.67,160.2,14.28,7.6,0.367,2.0,8442,ok
0134312AR,320.01,568.93,54.01,Robinia pseudoacacia,False,TERCERA,C\ Valldemossa,11.28,54.0,8.29,6.44,0.349,2.1,2818,ok
0134313AR,430.33,375.8,46.87,Platanus × acerifolia,True,TERCERA,C\ Estudiant,14.22,138.5,13.28,7.21,0.424,1.72,6669,ok
0134315AR,72.8,658.18,65.45,Platanus × acerifolia,True,TERCERA,C\ Felanitx,10.1,2.2,1.69,8.2,0.294,2.45,60,ok
0134316AR,324.93,334.43,48.5,Melia azedarach,False,TERCERA,C\ Maladeta,9.97,114.2,12.06,5.08,0.332,2.21,5061,ok
0134317AR,148.4,384.47,56.38,Melia azedarach,False,TERCERA,C\ Porta,10.37,61.0,8.81,5.14,0.403,1.82,2288,ok
0134320AR,85.49,638.54,64.26,Celtis australis,False,SEGONA,C\ Felanitx,11.24,44.5,7.53,5.17,0.279,2.56,1518,ok
0134321AR,667.06,842.73,49.45,Gleditsia triacanthos,False,SEGONA,C\ Garrofers,6.04,10.2,3.61,4.02,0.472,1.5,214,ok
0134322AR,775.92,903.53,47.99,Platanus × acerifolia,True,TERCERA,Av Rio de Janeiro,12.17,70.2,9.46,3.15,0.217,3.05,1649,ok
0134323AR,407.09,538.07,51.55,Citrus × aurantium,False,PRIMERA,C\ Brossa,4.5,7.0,2.99,3.03,0.536,1.25,175,ok
0134324AR,472.6,791.99,57.29,Melia azedarach,False,TERCERA,C\ Escultor Ordóñez,8.86,56.8,8.5,3.93,0.245,2.82,1230,ok
0134325AR,725.06,532.47,44.41,Jacaranda mimosifolia,False,SEGONA,C\ Pintor Alsamora,8.22,7.2,3.04,4.85,0.277,2.56,227,ok
0134326AR,90.53,635.44,63.96,Platanus × acerifolia,True,TERCERA,C\ Felanitx,9.56,17.5,4.72,5.72,0.338,2.17,714,ok
0134328AR,672.12,594.75,46.04,Populus nigra 'Italica',False,SEGONA,Av Rio de Janeiro,11.04,15.8,4.48,3.55,0.316,2.31,791,ok
0134329AR,409.64,519.72,50.96,Robinia pseudoacacia,False,EXEMPLAR,C\ Valldemossa,13.56,81.2,10.17,6.24,0.341,2.15,4590,ok
0134330AR,866.0,173.03,39.05,Celtis australis,False,SEGONA,Av Meridiana,6.71,27.0,5.86,4.08,0.465,1.53,1053,ok
0134331AR,134.8,450.72,56.2,Pyrus calleryana 'Chanticleer',False,PRIMERA,C\ Maladeta,13.23,6.8,2.93,4.48,0.278,2.56,377,ok
0134333AR,794.65,359.21,40.73,Platanus × acerifolia,True,SEGONA,Pg Andreu Nin,9.7,28.0,5.97,5.28,0.329,2.22,1428,ok
0134334AR,381.77,391.2,48.5,Platanus × acerifolia,True,TERCERA,C\ Deià,18.17,88.2,10.6,9.11,0.23,2.94,4681,ok
0134335AR,900.28,300.85,39.87,Celtis australis,False,SEGONA,Av Meridiana,6.61,10.2,3.61,4.47,0.519,1.31,427,ok
0134336AR,607.55,254.56,42.78,Platanus × acerifolia,True,EXEMPLAR,C\ Santapau,22.26,137.5,13.23,9.88,0.258,2.71,7271,ok
0134337AR,894.91,1044.48,46.5,Platanus × acerifolia,True,SEGONA,Pg Valldaura,15.41,73.8,9.69,4.24,0.293,2.46,3410,ok
0134338AR,681.53,645.12,46.1,Morus alba,False,PRIMERA,Av Rio de Janeiro,3.25,5.2,2.59,2.01,0.282,2.53,219,ok
0134339AR,896.36,252.45,39.76,Celtis australis,False,TERCERA,Av Meridiana,13.42,9.0,3.39,6.19,0.374,1.97,351,ok
0134340AR,602.65,592.97,48.18,Jacaranda mimosifolia,False,SEGONA,C\ Pintor Alsamora,8.01,26.2,5.78,4.89,0.267,2.64,814,ok
0134342AR,53.82,648.22,65.64,Platanus × acerifolia,True,TERCERA,Pg Verdum,19.08,95.2,11.01,3.53,0.174,3.5,5280,ok
0134343AR,740.16,862.32,48.0,Platanus × acerifolia,True,SEGONA,Av Rio de Janeiro,13.03,54.2,8.31,6.15,0.28,2.54,1109,ok
0134344AR,973.38,594.42,41.29,Platanus × acerifolia,True,EXEMPLAR,Av Meridiana,20.21,3.2,2.03,7.7,0.1,4.61,164,ok
0134346AR,971.45,532.36,40.92,Celtis australis,False,SEGONA,Av Meridiana,13.66,2.5,1.78,4.66,0.295,2.44,116,ok
0134347AR,282.29,391.48,49.65,Celtis australis,False,SEGONA,C\ Deià,9.01,41.0,7.23,4.78,0.203,3.19,1131,ok
0134350AR,532.54,357.29,45.32,Platanus × acerifolia,True,TERCERA,Pg Ciutat de Mallorca,10.84,54.8,8.35,5.63,0.313,2.32,2926,ok
0134351AR,411.13,535.53,51.36,Grevillea robusta,False,PRIMERA,C\ Brossa,13.73,31.8,6.36,4.85,0.257,2.72,1405,ok
0134352AR,130.86,621.51,61.54,Platanus × acerifolia,True,TERCERA,C\ Felanitx,12.34,60.5,8.78,5.96,0.31,2.34,2982,ok
0134353AR,869.29,184.87,39.15,Celtis australis,False,TERCERA,Av Meridiana,6.78,34.2,6.6,3.96,0.47,1.51,1355,ok
0134354AR,680.64,97.93,43.19,Prunus cerasifera 'Pissardii',False,PRIMERA,C\ Malgrat,,0.0,0.0,,,,0,no_crown_detected
0134357AR,254.34,917.19,67.43,Brachychiton populneus,False,TERCERA,Pl República,10.52,14.5,4.3,5.48,0.302,2.4,328,ok
0134358AR,601.6,417.86,46.36,Casuarina cunninghamiana,False,SEGONA,C\ Piferrer,7.59,3.0,1.95,2.39,0.312,2.33,151,ok
0134359AR,446.34,189.2,44.96,Tipuana tipu,False,SEGONA,Plta Rafaela Serrano,10.63,87.8,10.57,4.23,0.251,2.76,3893,ok
0134360AR,562.88,920.87,56.42,Melia azedarach,False,TERCERA,C\ Escultor Ordóñez,10.12,31.2,6.31,6.34,0.323,2.26,535,ok
0134362AR,1099.43,984.56,42.47,Platanus × acerifolia,True,SEGONA,Av Meridiana,10.36,9.8,3.52,3.44,0.251,2.76,263,ok
0134363AR,908.53,298.51,39.86,Celtis australis,False,PRIMERA,Av Meridiana,11.01,3.2,2.03,4.13,0.638,0.9,99,ok
0134364AR,320.8,502.22,52.8,Platanus × acerifolia,True,TERCERA,C\ Escultor Ordóñez,13.78,52.2,8.16,6.67,0.389,1.89,3055,ok
0134365AR,474.38,383.0,45.96,Celtis australis,False,TERCERA,Pg Ciutat de Mallorca,16.42,4.8,2.46,6.45,0.188,3.34,274,ok
0134366AR,330.51,740.36,59.5,Platanus × acerifolia,True,TERCERA,C\ Pintor Alsamora,14.05,58.8,8.65,6.39,0.224,2.99,1557,ok
0134367AR,557.0,378.0,45.51,Populus nigra 'Italica',False,EXEMPLAR,C\ Piferrer,18.82,25.8,5.73,5.11,0.199,3.23,1789,ok
0134368AR,877.08,238.55,39.68,Platanus × acerifolia,True,SEGONA,Av Meridiana,9.7,40.2,7.16,3.78,0.401,1.83,1991,ok
0134370AR,212.18,448.03,54.08,Melia azedarach,False,SEGONA,C\ Andratx,6.87,25.0,5.64,3.86,0.473,1.5,871,ok
0134373AR,299.37,581.82,54.59,Robinia pseudoacacia 'Bessoniana',False,PRIMERA,C\ Valldemossa,,0.0,0.0,,,,0,no_crown_detected
0134374AR,902.32,275.35,39.81,Celtis australis,False,SEGONA,Av Meridiana,7.04,6.8,2.93,3.46,0.485,1.45,265,ok
0134375AR,933.37,391.59,40.07,Celtis australis,False,PRIMERA,Av Meridiana,13.09,2.8,1.87,3.22,0.356,2.06,146,ok
0134376AR,614.6,51.89,45.9,Platanus × acerifolia,True,EXEMPLAR,Pg Fabra i Puig,19.15,137.0,13.21,8.89,0.214,3.08,3737,ok
0134377AR,486.13,954.35,60.12,Acer monspessulanum,False,PRIMERA,C\ Lluc,16.26,11.0,3.74,3.85,0.187,3.35,155,ok
0134378AR,914.71,352.78,39.97,Celtis australis,False,SEGONA,Av Meridiana,5.93,19.0,4.92,3.78,0.509,1.35,833,ok
0134379AR,627.68,176.35,41.88,Citrus × aurantium,False,PRIMERA,C\ Alella,4.65,5.0,2.52,3.4,0.225,2.98,163,ok
0134380AR,880.39,534.25,41.67,Tilia x europaea,False,TERCERA,C\ Pintor Alsamora,9.21,26.2,5.78,4.36,0.375,1.96,1119,ok
0134381AR,568.38,371.33,45.47,Populus nigra 'Italica',False,TERCERA,C\ Piferrer,17.62,32.8,6.46,2.43,0.189,3.33,1871,ok
0134382AR,233.04,428.61,53.13,Cupressus sempervirens,False,SEGONA,C\ Andratx,11.61,6.0,2.76,2.5,0.33,2.22,328,ok
0134383AR,775.8,936.27,48.64,Melia azedarach,False,SEGONA,Av Rio de Janeiro,14.99,50.5,8.02,4.75,0.145,3.86,1212,ok
0134385AR,573.98,403.66,45.81,Casuarina cunninghamiana,False,PRIMERA,C\ Piferrer,16.62,16.8,4.62,4.74,0.126,4.15,1027,ok
0134386AR,1072.89,904.62,42.68,Celtis sinensis,False,EXEMPLAR,Av Meridiana,8.24,48.8,7.88,4.61,0.262,2.68,1069,ok
0134387AR,779.2,952.74,48.84,Platanus × acerifolia,True,TERCERA,Av Rio de Janeiro,14.1,79.5,10.06,6.71,0.207,3.15,1798,ok
0134389AR,963.6,534.58,40.92,Celtis australis,False,SEGONA,Av Meridiana,12.71,4.0,2.26,6.13,0.411,1.78,220,ok
0134390AR,965.0,540.0,40.95,Celtis australis,False,SEGONA,Av Meridiana,11.82,21.5,5.23,5.15,0.376,1.95,970,ok
0134391AR,240.23,474.89,53.76,Robinia pseudoacacia,False,SEGONA,C\ Deià,17.52,60.8,8.79,6.66,0.192,3.3,3152,ok
0134393AR,877.17,182.11,39.18,Celtis australis,False,TERCERA,Av Meridiana,13.38,19.2,4.95,4.52,0.322,2.27,781,ok
0134394AR,633.05,573.37,46.97,Tipuana tipu,False,SEGONA,C\ Pintor Alsamora,5.96,4.5,2.39,3.93,0.385,1.91,132,ok
0134396AR,194.45,346.23,52.81,Prunus serrulata 'Kanzan',False,PRIMERA,C\ Porta,18.47,12.8,4.03,4.53,0.179,3.44,409,ok
0134397AR,1116.0,1067.0,41.79,Celtis sinensis,False,EXEMPLAR,Av Meridiana,14.58,25.0,5.64,8.11,0.247,2.8,1044,ok
0134401AR,899.03,294.93,39.88,Celtis australis,False,SEGONA,Av Meridiana,5.63,16.0,4.51,3.76,0.512,1.34,686,ok
0134405AR,936.34,500.19,40.88,Tilia x europaea,False,SEGONA,C\ Pintor Alsamora,5.98,32.8,6.46,3.63,0.482,1.46,1316,ok
0134406AR,568.55,178.06,42.57,Citrus × aurantium,False,PRIMERA,C\ Alella,15.09,8.2,3.24,3.96,0.119,4.26,260,ok
0134407AR,853.59,514.28,41.42,Tilia x europaea,False,TERCERA,C\ Pintor Alsamora,9.7,44.8,7.55,4.23,0.348,2.11,2192,ok
0134408AR,183.14,254.12,55.67,Platanus × acerifolia,True,EXEMPLAR,C\ Doctor Pi i Molist,22.73,138.5,13.28,11.07,0.179,3.44,7348,ok
0134409AR,1106.48,1032.34,42.03,Celtis sinensis,False,TERCERA,Av Meridiana,9.66,27.2,5.89,4.6,0.223,3.0,475,ok
0134410AR,710.91,652.2,46.11,Populus alba,False,TERCERA,Av Rio de Janeiro,12.87,27.0,5.86,4.39,0.252,2.75,1568,ok
0134413AR,638.16,315.88,43.33,Tipuana tipu,False,SEGONA,Pg Ciutat de Mallorca,9.26,64.2,9.04,5.3,0.501,1.38,2788,ok
0134415AR,925.43,362.26,40.0,Celtis australis,False,PRIMERA,Av Meridiana,9.57,1.8,1.49,2.3,0.419,1.74,96,no_crown_detected
0134416AR,714.0,342.0,42.45,Melia azedarach,False,EXEMPLAR,Av Rio de Janeiro,8.91,105.5,11.59,3.34,0.395,1.86,4750,ok
0134418AR,252.89,857.57,66.2,Brachychiton populneus,False,PRIMERA,C\ Bunyola,,0.0,0.0,,,,0,no_crown_detected
0134421AR,337.77,337.25,48.61,Celtis australis,False,SEGONA,C\ Maladeta,9.09,38.8,7.02,4.48,0.321,2.27,1395,ok
0134422AR,390.7,691.83,56.4,Platanus × acerifolia,True,EXEMPLAR,C\ Pintor Alsamora,17.35,101.5,11.37,7.3,0.22,3.03,2656,ok
0134423AR,713.32,982.43,52.72,Ligustrum lucidum,False,SEGONA,C\ Horitzontal,12.28,35.5,6.72,4.86,0.171,3.54,516,ok
0134426AR,537.71,321.27,44.81,Platanus × acerifolia,True,SEGONA,C\ Piferrer,13.65,6.5,2.88,8.17,0.232,2.93,300,ok
0134427AR,927.83,909.47,39.74,Handroanthus heptaphyllus,False,PRIMERA,Pg Andreu Nin,7.14,22.8,5.38,4.4,0.327,2.23,275,ok
0134428AR,945.5,973.47,40.77,Catalpa bignonioides,False,TERCERA,Pg Andreu Nin,6.76,24.2,5.56,4.3,0.228,2.96,298,ok
0134429AR,660.47,50.65,44.61,Platanus × acerifolia,True,TERCERA,Pg Fabra i Puig,14.18,39.2,7.07,8.27,0.229,2.95,826,ok
0134431AR,336.18,527.16,53.13,Platanus × acerifolia,True,SEGONA,C\ Escultor Ordóñez,11.01,15.2,4.41,6.11,0.317,2.29,903,ok
0134432AR,459.1,773.19,57.43,Melia azedarach,False,TERCERA,C\ Escultor Ordóñez,7.4,63.2,8.97,4.1,0.228,2.96,1380,ok
0134433AR,965.46,996.91,41.11,Handroanthus heptaphyllus,False,PRIMERA,Pg Andreu Nin,5.08,3.0,1.95,2.92,0.403,1.82,72,ok
0134435AR,708.57,828.4,47.91,Gleditsia triacanthos,False,SEGONA,C\ Garrofers,7.2,20.5,5.11,5.27,0.487,1.44,435,ok
0134437AR,277.34,936.74,66.75,Brachychiton populneus,False,SEGONA,Pl República,7.3,4.2,2.33,3.72,0.389,1.89,95,ok
0134438AR,678.5,633.49,46.12,Morus alba 'Fruitless',False,PRIMERA,Av Rio de Janeiro,,0.0,0.0,,,,0,no_crown_detected
0134439AR,425.62,366.81,47.04,Brachychiton populneus,False,TERCERA,C\ Estudiant,6.46,17.5,4.72,3.74,0.515,1.33,754,ok
0134440AR,427.46,57.26,50.04,Platanus × acerifolia,True,SEGONA,Pg Fabra i Puig,16.99,34.5,6.63,8.34,0.256,2.73,798,ok
0134444AR,333.26,522.33,53.04,Platanus × acerifolia,True,TERCERA,C\ Escultor Ordóñez,13.07,81.0,10.16,5.03,0.327,2.24,4654,ok
0134446AR,113.32,471.21,57.82,Populus alba 'Pyramidalis',False,TERCERA,C\ Maladeta,13.88,15.5,4.44,4.01,0.246,2.81,1112,ok
0134451AR,562.61,393.03,45.52,Casuarina cunninghamiana,False,TERCERA,C\ Piferrer,19.31,63.5,8.99,3.36,0.185,3.37,2977,ok
0134453AR,893.97,733.93,42.13,Platanus × acerifolia,True,SEGONA,Pg Andreu Nin,10.13,34.2,6.6,4.26,0.251,2.76,785,ok
0134455AR,955.04,524.43,40.93,Platanus × acerifolia,True,SEGONA,Av Meridiana,12.11,20.8,5.14,2.6,0.262,2.68,1166,ok
0134456AR,551.61,260.46,42.61,Jacaranda mimosifolia,False,TERCERA,C\ Torrent de Can Piquer,12.44,102.5,11.42,7.17,0.115,4.32,2871,ok
0134458AR,394.0,855.0,60.52,Fraxinus ornus 'Mecsek',False,PRIMERA,C\ Eduard Tubau,15.61,21.2,5.2,4.36,0.214,3.08,481,ok
0134459AR,881.8,199.88,39.33,Celtis australis,False,SEGONA,Av Meridiana,5.06,3.0,1.95,3.22,0.507,1.36,118,ok
0134461AR,941.18,420.27,40.15,Celtis australis,False,SEGONA,Av Meridiana,8.59,5.5,2.65,4.88,0.399,1.84,248,ok
0134462AR,356.67,911.96,62.7,Jacaranda mimosifolia,False,SEGONA,C\ Alcúdia,12.73,45.0,7.57,6.66,0.117,4.29,760,ok
0134463AR,984.29,610.7,41.28,Celtis australis,False,SEGONA,Av Meridiana,11.35,6.5,2.88,5.47,0.327,2.24,263,ok
0134464AR,1095.59,991.58,42.36,Celtis sinensis,False,SEGONA,Av Meridiana,7.31,7.0,2.99,3.72,0.364,2.02,121,ok
0134465AR,590.2,404.0,46.03,Casuarina cunninghamiana,False,PRIMERA,C\ Piferrer,17.68,22.0,5.29,6.45,0.298,2.42,1197,ok
0134466AR,368.87,870.23,61.75,Fraxinus ornus 'Mecsek',False,PRIMERA,C\ Eduard Tubau,6.6,8.0,3.19,3.66,0.421,1.73,145,ok
0134467AR,267.22,775.66,62.4,Platanus × acerifolia,True,TERCERA,Pl Jardins d'Alfàbia,11.89,130.2,12.88,6.87,0.319,2.28,2994,ok
0134468AR,751.39,891.46,48.55,Platanus × acerifolia,True,SEGONA,Av Rio de Janeiro,12.73,3.5,2.11,6.02,0.125,4.16,56,ok
0134469AR,478.68,245.31,44.34,Casuarina cunninghamiana,False,SEGONA,C\ Piferrer,15.39,59.5,8.7,8.11,0.25,2.77,2882,ok
0134472AR,657.0,452.0,46.63,Casuarina cunninghamiana,False,TERCERA,Av Rio de Janeiro,17.32,5.2,2.59,8.41,0.119,4.25,229,ok
0134473AR,446.0,763.89,57.2,Melia azedarach,False,SEGONA,C\ Escultor Ordóñez,6.96,40.2,7.16,3.92,0.329,2.22,879,ok
0134474AR,370.82,544.48,52.73,Robinia pseudoacacia,False,SEGONA,C\ Valldemossa,14.01,47.5,7.78,6.41,0.288,2.49,2701,ok
0134475AR,906.94,499.68,40.97,Tilia x europaea,False,SEGONA,C\ Pintor Alsamora,7.1,24.0,5.53,3.32,0.448,1.61,958,ok
0134476AR,522.74,636.83,51.13,Jacaranda mimosifolia,False,EXEMPLAR,C\ Pintor Alsamora,12.37,65.2,9.11,6.4,0.29,2.48,2351,ok
0134477AR,661.54,960.67,55.21,Jacaranda mimosifolia,False,TERCERA,C\ Artà,13.91,70.0,9.44,5.26,0.113,4.35,1050,ok
0134478AR,983.65,554.12,41.15,Platanus × acerifolia,True,TERCERA,Av Meridiana,14.04,16.2,4.55,6.71,0.389,1.89,896,ok
0134479AR,861.8,140.24,38.82,Eucalyptus camaldulensis,False,SEGONA,Av Meridiana,10.0,28.5,6.02,5.13,0.421,1.73,1327,ok
0134480AR,204.4,502.61,55.57,Tipuana tipu,False,EXEMPLAR,C\ Deià,14.95,108.0,11.73,6.58,0.196,3.26,4617,ok
0134481AR,772.08,324.54,40.52,Platanus × acerifolia,True,SEGONA,Pg Andreu Nin,11.08,37.8,6.93,6.52,0.376,1.95,1833,ok
0134482AR,930.56,379.7,40.02,Celtis australis,False,PRIMERA,Av Meridiana,4.47,3.5,2.11,2.31,0.578,1.1,127,ok
0134483AR,900.52,245.0,39.76,Platanus × acerifolia,True,EXEMPLAR,Av Meridiana,19.08,72.5,9.61,7.46,0.377,1.95,4221,ok
0134484AR,873.54,119.97,38.89,Celtis australis,False,TERCERA,Av Meridiana,11.05,14.5,4.3,5.81,0.171,3.53,628,ok
0134485AR,636.0,182.0,41.73,Citrus × aurantium,False,PRIMERA,C\ Alella,14.25,8.2,3.24,4.08,0.274,2.59,209,ok
0134486AR,167.67,756.34,66.51,Citrus × aurantium,False,PRIMERA,Pl Portocristo,4.47,8.0,3.19,3.04,0.422,1.73,83,ok
0134487AR,618.0,1003.13,56.81,Grevillea robusta,False,PRIMERA,Pg Valldaura,5.3,6.5,2.88,2.75,0.45,1.6,140,ok
0134488AR,1095.7,1073.77,41.23,Platanus × acerifolia,True,TERCERA,Pg Valldaura,15.95,56.0,8.44,8.63,0.409,1.79,3153,ok
0134489AR,696.42,49.26,43.66,Platanus × acerifolia,True,TERCERA,Pg Fabra i Puig,12.3,3.8,2.19,9.12,0.09,4.82,78,ok
0134491AR,991.66,583.38,41.25,Platanus × acerifolia,True,TERCERA,Av Meridiana,12.85,2.2,1.69,9.4,0.451,1.59,107,ok
0134492AR,584.0,395.0,45.77,Casuarina cunninghamiana,False,PRIMERA,C\ Piferrer,,0.0,0.0,,,,0,no_crown_detected
0134494AR,518.48,54.51,48.16,Platanus × acerifolia,True,SEGONA,Pg Fabra i Puig,14.64,47.2,7.76,7.94,0.198,3.24,1140,ok
0134495AR,504.31,374.86,45.69,Platanus × acerifolia,True,EXEMPLAR,Pg Ciutat de Mallorca,14.42,2.8,1.87,6.18,0.022,7.59,164,ok
0134496AR,474.05,123.82,46.68,Celtis australis,False,EXEMPLAR,C\ Arnau d'Oms,14.53,49.8,7.96,8.91,0.189,3.34,1878,ok
0134497AR,647.39,175.72,41.45,Citrus × aurantium,False,PRIMERA,C\ Alella,12.72,14.0,4.22,3.73,0.275,2.58,505,ok
0134498AR,142.44,446.73,55.7,Casuarina cunninghamiana,False,PRIMERA,C\ Maladeta,13.5,7.8,3.14,4.38,0.265,2.66,522,ok
0134500AR,478.22,390.86,46.27,Platanus × acerifolia,True,SEGONA,Pg Ciutat de Mallorca,15.07,15.8,4.48,6.24,0.134,4.03,994,ok
0134501AR,1087.0,938.0,42.73,Platanus × acerifolia,True,SEGONA,Av Meridiana,10.86,68.2,9.32,4.46,0.238,2.87,1473,ok
0134502AR,299.27,430.46,51.67,Gleditsia triacanthos f. inermis,False,PRIMERA,C\ Deià,,0.0,0.0,,,,0,no_crown_detected
0134503AR,415.59,542.13,51.53,Grevillea robusta,False,SEGONA,C\ Brossa,18.24,35.2,6.7,3.84,0.316,2.3,1697,ok
0134504AR,702.93,767.22,48.11,Fraxinus angustifolia 'Raywood',False,PRIMERA,Av Rio de Janeiro,,0.0,0.0,,,,0,no_crown_detected
0134507AR,664.44,438.75,46.0,Casuarina cunninghamiana,False,EXEMPLAR,Av Rio de Janeiro,16.07,99.8,11.27,5.95,0.355,2.07,4700,ok
0134508AR,1077.96,1071.2,41.05,Platanus × acerifolia,True,SEGONA,Pg Valldaura,13.37,24.5,5.59,5.92,0.388,1.89,1348,ok
0134509AR,714.9,818.6,47.67,Gleditsia triacanthos,False,PRIMERA,C\ Garrofers,5.2,6.5,2.88,3.91,0.441,1.64,145,ok
0134510AR,436.92,189.43,45.22,Tipuana tipu,False,TERCERA,Plta Rafaela Serrano,10.21,80.8,10.14,4.23,0.256,2.73,3864,ok
0134511AR,772.85,237.13,39.94,Platanus × acerifolia,True,TERCERA,Av Rio de Janeiro,13.21,106.5,11.64,3.95,0.349,2.1,5453,ok
0134512AR,192.87,799.04,66.52,Platanus × acerifolia,True,EXEMPLAR,Pl Jardins d'Alfàbia,16.17,107.0,11.67,7.44,0.328,2.23,3015,ok
0134513AR,750.95,67.83,41.86,Brachychiton populneus,False,SEGONA,C\ Vèlia,6.98,6.0,2.76,3.06,0.393,1.87,84,ok
0134514AR,247.96,611.36,57.06,Catalpa bignonioides,False,TERCERA,C\ Valldemossa,9.86,21.5,5.23,5.41,0.241,2.84,570,ok
0134516AR,526.22,300.99,44.67,Platanus × acerifolia,True,TERCERA,C\ Piferrer,11.7,3.0,1.95,6.55,0.266,2.65,124,ok
0134518AR,890.18,73.76,38.69,Platanus × acerifolia,True,SEGONA,Av Rio de Janeiro,15.67,31.5,6.33,8.09,0.183,3.39,646,ok
0134521AR,825.95,478.94,41.3,Platanus × acerifolia,True,TERCERA,Pg Andreu Nin,13.14,115.5,12.13,4.73,0.359,2.05,6015,ok
0134522AR,480.0,373.11,45.94,Platanus × acerifolia,True,EXEMPLAR,Pg Ciutat de Mallorca,20.38,92.2,10.84,8.18,0.184,3.39,5608,ok
0134523AR,142.45,382.16,56.67,Melia azedarach,False,PRIMERA,C\ Porta,6.26,2.0,1.6,3.49,0.294,2.45,65,ok
0134524AR,476.95,887.31,57.31,Ligustrum lucidum,False,SEGONA,C\ Garrofers,5.35,14.8,4.33,3.77,0.486,1.44,292,ok
0134527AR,735.33,290.11,41.57,Celtis australis,False,SEGONA,Av Rio de Janeiro,10.12,8.5,3.29,4.58,0.337,2.17,299,ok
0134528AR,931.39,360.72,40.08,Platanus × acerifolia,True,EXEMPLAR,Av Meridiana,14.95,61.5,8.85,7.98,0.45,1.6,3514,ok
0134532AR,1020.42,713.68,41.86,Celtis australis,False,SEGONA,Av Meridiana,4.59,3.8,2.19,3.46,0.39,1.88,59,ok
0134533AR,1035.07,766.14,41.79,Celtis australis,False,TERCERA,Av Meridiana,8.72,29.2,6.1,4.92,0.207,3.15,511,ok
0134534AR,502.77,944.41,59.21,Acer monspessulanum,False,PRIMERA,C\ Lluc,5.32,6.5,2.88,4.12,0.443,1.63,70,ok
0134535AR,1033.26,1058.59,41.26,Koelreuteria paniculata,False,PRIMERA,Pg Valldaura,,0.0,0.0,,,,0,no_crown_detected
0134536AR,107.35,450.12,57.8,Tipuana tipu,False,SEGONA,C\ Doctor Pi i Molist,9.82,37.2,6.89,4.5,0.287,2.5,1568,ok
0134539AR,657.36,912.19,54.01,Ligustrum lucidum,False,SEGONA,C\ Horitzontal,7.36,35.2,6.7,3.99,0.247,2.79,566,ok
0134542AR,44.03,614.89,64.44,Citrus × aurantium,False,SEGONA,C\ Doctor Pi i Molist,4.45,2.8,1.87,3.84,0.341,2.15,69,ok
0134543AR,841.07,535.54,41.63,Platanus × acerifolia,True,SEGONA,Pg Andreu Nin,13.32,60.0,8.74,4.33,0.38,1.94,3021,ok
0134545AR,496.68,362.64,45.75,Platanus × acerifolia,True,SEGONA,Pg Ciutat de Mallorca,10.83,58.0,8.59,2.91,0.382,1.93,2844,ok
0134547AR,138.5,361.88,56.68,Platanus × acerifolia,True,SEGONA,C\ Doctor Pi i Molist,14.06,40.0,7.14,6.95,0.42,1.74,2000,ok
0134551AR,490.36,186.34,44.01,Citrus × aurantium,False,PRIMERA,C\ Alella,11.29,4.8,2.46,3.94,0.44,1.64,109,ok
0134552AR,685.11,524.86,45.84,Tipuana tipu,False,TERCERA,Av Rio de Janeiro,9.53,94.5,10.97,4.18,0.43,1.69,4708,ok
0134553AR,900.09,755.55,42.28,Platanus × acerifolia,True,TERCERA,Pg Andreu Nin,13.51,98.8,11.21,5.92,0.224,2.99,2287,ok
0134554AR,763.8,188.81,39.88,Brachychiton populneus,False,SEGONA,C\ Vèlia,5.79,4.8,2.46,2.77,0.43,1.69,226,ok
0134555AR,515.71,179.53,43.5,Citrus × aurantium,False,PRIMERA,C\ Alella,5.13,6.0,2.76,3.8,0.495,1.41,221,ok
0134556AR,490.65,812.48,56.74,Melia azedarach,False,TERCERA,C\ Escultor Ordóñez,8.66,43.5,7.44,4.35,0.202,3.2,1031,ok
0134557AR,103.71,627.02,63.08,Platanus × acerifolia,True,SEGONA,C\ Felanitx,11.69,20.0,5.05,6.64,0.234,2.9,725,ok
0134558AR,418.72,717.58,56.49,Melia azedarach,False,TERCERA,C\ Escultor Ordóñez,7.44,23.5,5.47,3.67,0.332,2.2,635,ok
0134559AR,402.32,378.52,47.56,Platanus × acerifolia,True,TERCERA,C\ Deià,21.91,238.2,17.42,9.33,0.256,2.73,13493,ok
0134560AR,881.65,231.23,39.59,Celtis australis,False,TERCERA,Av Meridiana,8.52,16.5,4.58,4.43,0.455,1.58,802,ok
0134561AR,328.72,571.2,53.85,Robinia pseudoacacia,False,TERCERA,C\ Valldemossa,14.45,127.8,12.75,6.1,0.348,2.11,8180,ok
0134562AR,809.66,173.75,38.9,Platanus × acerifolia,True,TERCERA,Av Rio de Janeiro,16.11,69.0,9.37,8.49,0.33,2.22,3774,ok
0134563AR,557.19,914.24,56.38,Melia azedarach,False,SEGONA,C\ Escultor Ordóñez,7.88,29.0,6.08,4.28,0.233,2.91,472,ok
0134564AR,185.13,802.71,67.03,Celtis australis,False,EXEMPLAR,Pl Jardins d'Alfàbia,11.56,50.0,7.98,6.15,0.204,3.18,1206,ok
0134565AR,740.4,844.98,47.72,Populus alba 'Pyramidalis',False,SEGONA,Av Rio de Janeiro,8.65,3.5,2.11,3.65,0.163,3.63,92,ok
0134566AR,357.0,768.0,60.06,Platanus × acerifolia,True,EXEMPLAR,C\ Selva,12.62,2.0,1.6,8.35,0.067,5.42,30,few_points
0134567AR,443.76,746.79,57.13,Melia azedarach,False,TERCERA,C\ Escultor Ordóñez,7.58,57.8,8.57,4.31,0.31,2.34,1203,ok
0134570AR,758.46,274.07,40.16,Platanus × acerifolia,True,SEGONA,Pg Andreu Nin,13.01,35.2,6.7,7.09,0.32,2.28,2066,ok
0134571AR,491.73,230.82,44.16,Pyrus calleryana 'Chanticleer',False,PRIMERA,C\ Torrent de Can Piquer,5.92,3.8,2.19,3.9,0.386,1.91,173,ok
0134573AR,964.34,1044.18,42.12,Catalpa bignonioides,False,PRIMERA,Pg Andreu Nin,5.22,3.0,1.95,3.12,0.455,1.58,92,ok
0134574AR,672.44,259.38,41.59,Pyrus calleryana 'Chanticleer',False,SEGONA,C\ Torrent de Can Piquer,10.69,7.5,3.09,5.15,0.167,3.58,376,ok
0134575AR,522.24,363.59,45.46,Celtis australis,False,EXEMPLAR,Pg Ciutat de Mallorca,11.97,11.5,3.83,6.44,0.033,6.8,684,ok
0134576AR,900.73,504.53,41.07,Tilia x europaea,False,SEGONA,C\ Pintor Alsamora,7.42,13.2,4.11,3.79,0.445,1.62,567,ok
0134577AR,933.2,755.69,42.01,Eucalyptus camaldulensis,False,EXEMPLAR,C\ Rosselló i Porcel,16.16,83.8,10.33,7.22,0.253,2.75,2656,ok
0134578AR,141.38,690.98,64.43,Celtis australis,False,TERCERA,C\ Valldemossa,7.79,34.2,6.6,4.4,0.231,2.93,568,ok
0134579AR,951.06,944.23,40.26,Handroanthus heptaphyllus,False,PRIMERA,Pg Andreu Nin,,0.0,0.0,,,,0,no_crown_detected
0134582AR,519.99,229.78,43.44,Pyrus calleryana 'Chanticleer',False,PRIMERA,C\ Torrent de Can Piquer,5.41,8.8,3.34,3.25,0.444,1.63,323,ok
0134583AR,939.45,414.43,40.13,Celtis australis,False,TERCERA,Av Meridiana,8.83,2.5,1.78,5.24,0.29,2.48,120,ok
0134584AR,280.79,372.67,49.54,Melia azedarach,False,TERCERA,C\ Maladeta,11.97,41.5,7.27,5.07,0.217,3.06,1611,ok
0134585AR,811.11,421.49,41.02,Platanus × acerifolia,True,SEGONA,Pg Andreu Nin,8.11,13.8,4.18,4.87,0.475,1.49,603,ok
0134586AR,491.14,305.94,44.68,Catalpa bignonioides,False,PRIMERA,C\ Deià,,0.0,0.0,,,,0,no_crown_detected
0134587AR,502.27,316.08,44.67,Handroanthus heptaphyllus,False,PRIMERA,C\ Deià,9.96,19.5,4.98,4.31,0.342,2.14,1048,ok
0134588AR,681.3,125.92,42.02,Citrus × aurantium,False,PRIMERA,C\ Malgrat,13.75,13.0,4.07,3.94,0.226,2.97,460,ok
0134590AR,922.73,889.96,39.57,Catalpa bignonioides,False,TERCERA,Pg Andreu Nin,9.68,24.0,5.53,4.74,0.191,3.32,362,ok
0134591AR,921.53,833.41,40.62,Catalpa bignonioides,False,SEGONA,Pg Andreu Nin,6.45,4.0,2.26,4.1,0.35,2.1,80,ok
0134594AR,876.76,856.74,40.06,Tipuana tipu,False,TERCERA,Pl Gabriel Alomar,8.94,44.8,7.55,4.14,0.163,3.62,826,ok
0134595AR,849.0,139.0,38.5,Platanus × acerifolia,True,SEGONA,Av Rio de Janeiro,9.83,18.5,4.85,5.56,0.368,2.0,941,ok
0134597AR,897.0,233.0,39.73,Platanus × acerifolia,True,EXEMPLAR,Av Meridiana,21.18,148.5,13.75,8.41,0.293,2.45,8735,ok
0134599AR,825.9,1002.79,48.48,Melia azedarach,False,SEGONA,Av Rio de Janeiro,5.56,4.2,2.33,3.28,0.349,2.11,86,ok
0134600AR,1096.4,972.99,42.61,Platanus × acerifolia,True,SEGONA,Av Meridiana,10.64,40.5,7.18,3.52,0.263,2.67,1158,ok
0134601AR,317.45,578.46,54.13,Robinia pseudoacacia,False,TERCERA,C\ Valldemossa,10.65,43.5,7.44,5.07,0.416,1.75,2274,ok
0134602AR,976.35,525.37,41.0,Platanus × acerifolia,True,EXEMPLAR,Av Meridiana,18.4,155.8,14.08,7.59,0.34,2.16,9669,ok
0134603AR,692.0,833.93,48.38,Gleditsia triacanthos,False,SEGONA,C\ Garrofers,7.87,89.5,10.67,4.29,0.391,1.88,1849,ok
0134604AR,753.09,140.84,40.45,Brachychiton populneus,False,SEGONA,C\ Vèlia,5.64,3.8,2.19,2.78,0.438,1.65,157,ok
0134605AR,486.58,222.79,44.41,Catalpa bignonioides,False,SEGONA,C\ Arnau d'Oms,9.78,7.5,3.09,4.3,0.017,7.82,120,ok
0134606AR,309.56,435.54,51.54,Platanus × acerifolia,True,SEGONA,C\ Deià,11.57,34.2,6.6,5.65,0.37,1.99,1530,ok
0134607AR,874.44,163.64,39.03,Celtis australis,False,SEGONA,Av Meridiana,9.4,2.8,1.87,4.0,0.424,1.72,118,ok
0134608AR,460.87,132.05,46.71,Grevillea robusta,False,PRIMERA,C\ Arnau d'Oms,11.78,4.8,2.46,4.91,0.319,2.28,291,ok
0134610AR,1001.53,674.92,41.62,Celtis australis,False,SEGONA,Av Meridiana,7.89,2.5,1.78,4.68,0.433,1.67,61,ok
0134612AR,279.55,944.77,66.68,Brachychiton populneus,False,SEGONA,Pl República,14.23,54.8,8.35,5.24,0.24,2.86,1461,ok
0134613AR,209.76,187.25,55.14,Platanus × acerifolia,True,SEGONA,C\ Doctor Pi i Molist,18.42,2.0,1.6,11.64,0.255,2.73,107,ok
0134614AR,787.33,959.24,48.65,Populus nigra 'Italica',False,TERCERA,Av Rio de Janeiro,16.2,67.0,9.24,7.36,0.252,2.76,1894,ok
0134615AR,501.17,646.76,52.04,Jacaranda mimosifolia,False,TERCERA,C\ Pintor Alsamora,11.2,68.2,9.32,6.37,0.312,2.33,2087,ok
0134616AR,459.39,96.26,48.13,Grevillea robusta,False,PRIMERA,C\ Arnau d'Oms,15.04,41.2,7.25,4.48,0.21,3.12,2086,ok
0134617AR,754.0,897.0,48.57,Platanus × acerifolia,True,EXEMPLAR,Av Rio de Janeiro,16.51,83.5,10.31,7.42,0.203,3.19,1954,ok
0134619AR,895.59,227.43,39.64,Platanus × acerifolia,True,EXEMPLAR,Av Meridiana,18.97,25.8,5.73,7.33,0.174,3.5,1437,ok
0134620AR,719.6,990.14,52.52,Ligustrum lucidum,False,SEGONA,C\ Horitzontal,7.31,17.0,4.65,4.1,0.151,3.78,218,ok
0134622AR,433.64,913.61,59.13,Ligustrum lucidum,False,SEGONA,C\ Garrofers,21.46,28.2,6.0,4.03,0.326,2.24,384,ok
0134624AR,52.75,616.2,64.32,Platanus × acerifolia,True,EXEMPLAR,C\ Doctor Pi i Molist,18.48,106.8,11.66,8.48,0.358,2.05,6310,ok
0134625AR,192.18,230.46,55.49,Platanus × acerifolia,True,TERCERA,C\ Doctor Pi i Molist,22.53,79.0,10.03,11.38,0.216,3.06,4308,ok
0134626AR,996.79,657.69,41.53,Celtis australis,False,SEGONA,Av Meridiana,10.34,2.5,1.78,3.78,0.536,1.25,101,ok
0134627AR,692.46,1014.61,53.81,Grevillea robusta,False,PRIMERA,Pg Valldaura,11.77,11.5,3.83,4.46,0.372,1.98,312,ok
0134628AR,395.54,259.5,45.96,Pyrus calleryana 'Chanticleer',False,PRIMERA,C\ Maladeta,6.47,11.0,3.74,3.63,0.286,2.5,291,ok
0134629AR,666.78,478.48,45.84,Tipuana tipu,False,TERCERA,Av Rio de Janeiro,11.02,29.0,6.08,6.35,0.481,1.46,1404,ok
0134630AR,809.64,467.99,41.25,Platanus × acerifolia,True,TERCERA,Pg Andreu Nin,9.31,4.2,2.33,6.81,0.611,0.99,169,ok
0134632AR,914.57,1055.4,45.62,Brachychiton populneus,False,TERCERA,Pg Valldaura,8.3,24.2,5.56,3.95,0.406,1.8,919,ok
0134633AR,675.53,934.54,54.48,Ligustrum lucidum,False,SEGONA,C\ Horitzontal,4.45,11.2,3.78,2.05,0.137,3.98,146,ok
0134634AR,408.15,832.63,59.95,X chitalpa tashkentensis 'minsum' SUMMER BELLS®,False,PRIMERA,C\ Selva,5.33,2.2,1.69,4.27,0.5,1.39,28,few_points
0134636AR,221.23,407.41,51.18,Pyrus calleryana 'Chanticleer',False,PRIMERA,C\ Maladeta,,0.0,0.0,,,,0,no_crown_detected
0134639AR,680.85,236.39,41.35,Citrus × aurantium,False,PRIMERA,C\ Malgrat,5.37,6.8,2.93,3.66,0.394,1.86,191,ok
0134640AR,126.39,624.45,61.96,Celtis australis,False,TERCERA,C\ Felanitx,10.2,2.0,1.6,8.62,0.083,4.97,33,few_points
0134643AR,778.0,909.0,48.0,Platanus × acerifolia,True,PRIMERA,Av Rio de Janeiro,6.31,1.8,1.49,3.31,0.381,1.93,42,no_crown_detected
0134644AR,797.97,950.9,48.21,Platanus × acerifolia,True,TERCERA,Av Rio de Janeiro,11.88,62.8,8.94,5.35,0.314,2.32,1639,ok
0134645AR,655.0,457.0,46.74,Casuarina cunninghamiana,False,EXEMPLAR,Av Rio de Janeiro,16.38,53.0,8.21,5.89,0.343,2.14,2691,ok
0134646AR,654.0,477.0,46.31,Celtis australis,False,EXEMPLAR,Av Rio de Janeiro,10.71,41.0,7.23,4.53,0.199,3.23,1337,ok
0134647AR,750.35,521.82,43.68,Jacaranda mimosifolia,False,SEGONA,C\ Pintor Alsamora,9.1,45.0,7.57,4.67,0.247,2.79,1632,ok
0134648AR,775.78,217.6,39.82,Platanus × acerifolia,True,SEGONA,Av Rio de Janeiro,10.86,65.8,9.15,5.15,0.363,2.03,3040,ok
0134649AR,263.43,321.1,51.79,Crataegus x media 'Paul's Scarlet',False,PRIMERA,Ptge Porta,6.68,16.5,4.58,3.3,0.433,1.68,683,ok
0134650AR,780.63,811.34,45.17,Melia azedarach,False,EXEMPLAR,C\ Rosselló i Porcel,9.82,16.8,4.62,6.17,0.211,3.11,369,ok
0134654AR,913.08,347.02,39.94,Celtis australis,False,SEGONA,Av Meridiana,5.04,16.5,4.58,4.1,0.599,1.02,638,ok
0134655AR,534.34,315.28,44.77,Platanus × acerifolia,True,EXEMPLAR,C\ Piferrer,16.9,76.8,9.89,5.53,0.285,2.51,4120,ok
0134657AR,624.0,849.93,51.56,Gleditsia triacanthos,False,SEGONA,C\ Garrofers,5.88,8.5,3.29,3.96,0.503,1.37,163,ok
0134658AR,319.59,746.43,59.84,Platanus × acerifolia,True,TERCERA,C\ Pintor Alsamora,15.15,126.0,12.67,7.02,0.184,3.39,3388,ok
0134659AR,469.45,481.4,49.01,Robinia pseudoacacia,False,SEGONA,C\ Valldemossa,12.79,34.0,6.58,5.87,0.332,2.2,1894,ok
0134660AR,901.62,841.42,40.62,Celtis australis,False,EXEMPLAR,Pg Andreu Nin,9.28,14.0,4.22,4.48,0.231,2.93,264,ok
0134661AR,942.61,457.48,40.34,Celtis australis,False,SEGONA,Av Meridiana,12.79,28.2,6.0,5.25,0.308,2.35,1211,ok
0134662AR,475.43,375.99,45.99,Platanus × acerifolia,True,EXEMPLAR,Pg Ciutat de Mallorca,21.44,183.2,15.27,8.07,0.194,3.28,11185,ok
0134663AR,755.07,215.8,40.13,Brachychiton populneus,False,SEGONA,C\ Vèlia,6.39,10.0,3.57,2.17,0.286,2.51,278,ok
0134664AR,140.12,615.68,60.85,Acer campestre 'Elsrijk',False,PRIMERA,C\ Felanitx,,0.0,0.0,,,,0,no_crown_detected
0134665AR,529.84,333.81,44.92,Casuarina cunninghamiana,False,SEGONA,C\ Piferrer,8.16,5.8,2.71,3.55,0.385,1.91,261,ok
0134666AR,936.52,891.15,39.56,Handroanthus heptaphyllus,False,PRIMERA,Pg Andreu Nin,4.67,0.5,0.8,3.63,0.5,1.39,10,no_crown_detected
0134667AR,702.41,49.05,43.46,Platanus × acerifolia,True,TERCERA,Pg Fabra i Puig,14.38,104.8,11.55,7.85,0.261,2.69,2514,ok
0134668AR,1048.74,1066.98,41.02,Platanus × acerifolia,True,SEGONA,Pg Valldaura,12.75,86.2,10.48,5.86,0.4,1.83,4500,ok
0134669AR,698.73,1015.6,53.54,Populus nigra 'Italica',False,SEGONA,Pg Valldaura,16.41,14.8,4.33,6.19,0.267,2.64,446,ok
0134670AR,788.51,515.2,42.38,Jacaranda mimosifolia,False,SEGONA,C\ Pintor Alsamora,8.01,33.8,6.56,5.22,0.229,2.95,838,ok
0134671AR,1094.87,967.35,42.63,Platanus × acerifolia,True,SEGONA,Av Meridiana,9.02,32.8,6.46,2.65,0.243,2.83,795,ok
0134673AR,339.83,590.14,54.4,Melia azedarach,False,SEGONA,C\ Escultor Ordóñez,9.67,40.5,7.18,2.68,0.434,1.67,1836,ok
0134674AR,964.18,991.97,41.05,Handroanthus heptaphyllus,False,PRIMERA,Pg Andreu Nin,5.86,3.2,2.03,3.17,0.436,1.66,78,ok
0134675AR,458.35,419.87,46.78,Platanus × acerifolia,True,EXEMPLAR,C\ Estudiant,19.65,158.2,14.19,9.91,0.345,2.13,8927,ok
0134676AR,228.97,911.88,68.18,Platanus × acerifolia,True,EXEMPLAR,Pg Verdum,19.52,143.0,13.49,6.88,0.199,3.23,3723,ok
0134678AR,613.92,423.99,46.75,Magnolia grandiflora,False,SEGONA,C\ Piferrer,5.9,9.2,3.43,3.51,0.389,1.89,216,ok
0134679AR,870.62,111.1,38.65,Platanus × acerifolia,True,SEGONA,Av Rio de Janeiro,15.5,91.0,10.76,6.14,0.324,2.25,4626,ok
0134680AR,363.61,549.09,53.01,Robinia pseudoacacia,False,SEGONA,C\ Valldemossa,10.58,24.5,5.59,5.31,0.34,2.16,1216,ok
0134682AR,907.93,329.37,39.94,Celtis australis,False,SEGONA,Av Meridiana,5.25,13.5,4.15,3.92,0.515,1.33,524,ok
0134683AR,1010.46,734.75,41.68,X chitalpa tashkentensis 'minsum' SUMMER BELLS®,False,PRIMERA,C\ Rosselló i Porcel,,0.0,0.0,,,,0,no_crown_detected
0134684AR,930.91,520.12,41.23,Tilia x euchlora,False,SEGONA,C\ Pintor Alsamora,12.05,71.5,9.54,3.25,0.285,2.51,3408,ok
0134685AR,665.79,388.66,44.89,Populus x canadensis,False,EXEMPLAR,Av Rio de Janeiro,18.41,80.8,10.14,5.12,0.306,2.37,4728,ok
0134686AR,878.73,219.59,39.52,Celtis australis,False,TERCERA,Av Meridiana,8.1,29.8,6.15,4.04,0.425,1.71,1331,ok
0134687AR,428.12,370.65,46.98,Brachychiton populneus,False,SEGONA,C\ Estudiant,8.71,2.5,1.78,3.39,0.41,1.78,88,ok
0134688AR,317.01,102.71,51.62,Pyrus calleryana 'Chanticleer',False,SEGONA,C\ Santanyí,5.5,4.5,2.39,3.57,0.55,1.2,157,ok
0134689AR,1016.76,676.76,41.72,Platanus × acerifolia,True,TERCERA,Av Meridiana,12.4,67.0,9.24,4.02,0.339,2.17,2008,ok
0134690AR,353.9,395.67,49.29,Robinia pseudoacacia,False,SEGONA,C\ Deià,15.83,60.0,8.74,7.24,0.183,3.4,3153,ok
0134691AR,642.73,851.46,50.69,Gleditsia triacanthos,False,SEGONA,C\ Garrofers,10.09,43.0,7.4,4.62,0.319,2.28,1024,ok
0134692AR,781.2,308.35,40.34,Platanus × acerifolia,True,SEGONA,Pg Andreu Nin,10.45,30.8,6.26,4.85,0.338,2.17,1609,ok
0134693AR,509.21,271.33,44.43,Platanus × acerifolia,True,EXEMPLAR,C\ Piferrer,16.94,91.0,10.76,8.67,0.288,2.49,4317,ok
0134695AR,315.35,572.0,54.1,Robinia pseudoacacia,False,SEGONA,C\ Valldemossa,13.18,72.5,9.61,6.58,0.274,2.59,3894,ok
0134696AR,819.39,161.15,38.69,Platanus × acerifolia,True,SEGONA,Av Rio de Janeiro,17.39,33.5,6.53,6.05,0.343,2.14,1468,ok
0134697AR,657.79,477.05,46.46,Tipuana tipu,False,TERCERA,Av Rio de Janeiro,11.15,77.5,9.93,5.06,0.247,2.79,3368,ok
0134698AR,374.24,588.38,53.77,Celtis australis,False,TERCERA,C\ Casas i Amigó,9.18,47.8,7.8,4.67,0.368,2.0,1976,ok
0134700AR,713.66,535.68,44.75,Jacaranda mimosifolia,False,TERCERA,C\ Pintor Alsamora,9.13,44.0,7.48,5.82,0.132,4.05,1031,ok
0134701AR,873.31,539.64,41.77,Tilia x europaea,False,SEGONA,C\ Pintor Alsamora,10.91,41.8,7.29,3.45,0.308,2.35,1859,ok
0134702AR,214.0,176.0,55.01,Platanus × acerifolia,True,SEGONA,C\ Doctor Pi i Molist,17.34,29.0,6.08,10.31,0.317,2.3,1250,ok
0134703AR,198.23,809.19,66.72,Platanus × acerifolia,True,EXEMPLAR,Pl Jardins d'Alfàbia,16.05,132.2,12.98,7.85,0.261,2.69,3637,ok
0134705AR,53.39,596.99,63.6,Citrus × aurantium,False,SEGONA,C\ Doctor Pi i Molist,11.63,5.2,2.59,2.79,0.267,2.64,148,ok
0134706AR,762.98,158.42,40.0,Brachychiton populneus,False,SEGONA,C\ Vèlia,6.92,11.2,3.78,2.52,0.259,2.7,473,ok
0134707AR,1075.94,916.06,42.68,Celtis sinensis,False,EXEMPLAR,Av Meridiana,9.53,61.2,8.83,4.89,0.216,3.06,1375,ok
0134708AR,56.8,653.27,65.65,Platanus × acerifolia,True,TERCERA,Pg Verdum,16.6,81.5,10.19,7.39,0.33,2.22,4741,ok
0134709AR,116.5,461.95,57.38,Populus alba 'Pyramidalis',False,TERCERA,C\ Maladeta,15.48,13.8,4.18,4.43,0.279,2.56,1078,ok
0134710AR,270.12,419.16,51.07,Jacaranda mimosifolia,False,PRIMERA,C\ Escultor Ordóñez,14.69,9.0,3.39,4.15,0.337,2.17,364,ok
0134711AR,77.65,689.77,66.35,Platanus × acerifolia,True,SEGONA,Pg Verdum,19.77,32.2,6.41,11.14,0.253,2.75,875,ok
0134712AR,943.46,967.05,40.64,Catalpa bignonioides,False,PRIMERA,Pg Andreu Nin,,0.0,0.0,,,,0,no_crown_detected
0134713AR,137.64,778.78,67.94,Platanus × acerifolia,True,TERCERA,Pg Verdum,18.03,78.0,9.97,8.96,0.178,3.45,1920,ok
0134714AR,996.78,626.0,41.34,Celtis australis,False,SEGONA,Av Meridiana,16.27,22.5,5.35,6.07,0.301,2.4,1190,ok
0134715AR,634.85,973.91,55.95,Platanus × acerifolia,True,SEGONA,Plta Avis,11.88,64.2,9.04,5.08,0.292,2.46,1655,ok
0134716AR,148.7,598.61,59.82,Platanus × acerifolia,True,SEGONA,C\ Felanitx,12.7,63.5,8.99,5.82,0.318,2.29,3688,ok
0134717AR,801.61,199.61,39.21,Platanus × acerifolia,True,SEGONA,Av Rio de Janeiro,10.17,36.2,6.79,4.56,0.429,1.69,1703,ok
0134718AR,507.35,54.96,48.34,Platanus × acerifolia,True,TERCERA,Pg Fabra i Puig,16.95,111.5,11.91,8.0,0.193,3.29,2984,ok
0134719AR,204.03,336.86,52.65,Prunus serrulata 'Kanzan',False,SEGONA,C\ Porta,18.52,24.8,5.61,4.12,0.183,3.4,812,ok
0134720AR,281.74,339.02,51.4,Prunus cerasifera 'Pissardii',False,PRIMERA,Ptge Porta,,0.0,0.0,,,,0,no_crown_detected
0134721AR,120.79,404.73,57.11,Platanus × acerifolia,True,SEGONA,C\ Doctor Pi i Molist,14.87,33.2,6.51,7.42,0.225,2.99,1638,ok
0134724AR,358.97,541.11,53.22,Platanus × acerifolia,True,TERCERA,C\ Valldemossa,15.99,159.5,14.25,6.05,0.378,1.95,9947,ok
0134725AR,816.14,165.38,38.74,Platanus × acerifolia,True,SEGONA,Av Rio de Janeiro,12.15,20.8,5.14,6.4,0.309,2.35,1042,ok
0134726AR,195.81,854.22,68.5,Platanus × acerifolia,True,TERCERA,Pg Verdum,18.1,88.8,10.63,7.13,0.109,4.44,2454,ok
0134727AR,1083.89,926.7,42.75,Platanus × acerifolia,True,SEGONA,Av Meridiana,9.45,41.8,7.29,4.03,0.279,2.56,1166,ok
0134728AR,816.59,496.11,41.48,Platanus × acerifolia,True,EXEMPLAR,Pg Andreu Nin,14.9,161.5,14.34,7.2,0.331,2.21,8171,ok
0134729AR,147.12,340.51,56.48,Platanus × acerifolia,True,TERCERA,C\ Doctor Pi i Molist,18.67,62.8,8.94,8.99,0.336,2.18,3337,ok
0134732AR,679.79,69.43,43.82,Citrus × aurantium,False,PRIMERA,C\ Malgrat,4.99,9.8,3.52,3.54,0.151,3.78,119,ok
0134733AR,787.26,809.53,44.8,Melia azedarach,False,TERCERA,C\ Rosselló i Porcel,9.01,2.2,1.69,7.38,0.125,4.16,40,few_points
0134735AR,714.02,758.26,46.48,Fraxinus angustifolia 'Raywood',False,PRIMERA,Av Rio de Janeiro,9.46,6.2,2.82,3.09,0.369,2.0,141,ok
0134736AR,339.92,318.56,48.32,Melia azedarach,False,EXEMPLAR,C\ Maladeta,7.89,2.2,1.69,6.49,0.395,1.86,72,ok
0134737AR,79.0,507.0,59.42,Platanus × acerifolia,True,SEGONA,C\ Doctor Pi i Molist,16.15,35.2,6.7,8.83,0.316,2.3,1465,ok
0134738AR,528.58,337.97,45.06,Robinia pseudoacacia,False,SEGONA,C\ Piferrer,10.43,46.2,7.67,5.81,0.451,1.59,2224,ok
0134739AR,528.69,240.36,43.18,Tipuana tipu,False,PRIMERA,C\ Torrent de Can Piquer,9.14,2.5,1.78,4.47,0.323,2.26,95,ok
0134740AR,897.62,258.23,39.72,Celtis australis,False,SEGONA,Av Meridiana,6.91,1.5,1.38,4.84,0.575,1.11,60,no_crown_detected
0134741AR,1010.93,709.74,41.89,Celtis australis,False,SEGONA,Av Meridiana,7.34,24.5,5.59,4.8,0.29,2.48,407,ok
0134742AR,1083.34,945.64,42.72,Celtis sinensis,False,TERCERA,Av Meridiana,8.81,41.8,7.29,4.83,0.286,2.5,822,ok
0134744AR,762.09,915.95,48.69,Platanus × acerifolia,True,TERCERA,Av Rio de Janeiro,15.48,113.8,12.03,7.12,0.256,2.73,2778,ok
0134745AR,633.89,979.82,56.1,Platanus × acerifolia,True,SEGONA,Plta Avis,10.64,46.8,7.72,4.43,0.302,2.4,1041,ok
0134747AR,995.0,676.0,41.67,Platanus × acerifolia,True,TERCERA,Av Meridiana,12.98,84.5,10.37,4.41,0.259,2.7,3710,ok
0134748AR,1013.55,721.43,41.95,Celtis australis,False,EXEMPLAR,Av Meridiana,10.7,123.5,12.54,6.21,0.172,3.52,1993,ok
0134749AR,770.48,891.12,47.9,Platanus × acerifolia,True,SEGONA,Av Rio de Janeiro,12.42,45.5,7.61,6.36,0.229,2.94,1199,ok
0134751AR,878.82,120.39,38.87,Platanus × acerifolia,True,EXEMPLAR,Av Meridiana,14.26,4.0,2.26,7.39,0.323,2.26,176,ok
0134752AR,468.41,233.52,44.45,Robinia pseudoacacia,False,TERCERA,C\ Piferrer,10.7,0.2,0.56,10.7,0.5,1.39,3,no_crown_detected
0134754AR,755.49,233.17,40.02,Brachychiton populneus,False,SEGONA,C\ Vèlia,4.3,3.0,1.95,2.66,0.55,1.2,85,ok
0134755AR,487.93,511.07,49.79,Eriobotrya japonica,False,SEGONA,C\ Casas i Amigó,8.33,15.2,4.41,5.44,0.367,2.01,422,ok
0134757AR,779.68,302.32,40.37,Platanus × acerifolia,True,TERCERA,Pg Andreu Nin,11.97,94.5,10.97,4.3,0.383,1.92,4865,ok
0134758AR,914.46,858.72,39.94,Handroanthus heptaphyllus,False,PRIMERA,Pg Andreu Nin,,0.0,0.0,,,,0,no_crown_detected
0134759AR,472.71,507.84,49.91,Tipuana tipu,False,TERCERA,C\ Casas i Amigó,15.68,95.8,11.04,7.76,0.258,2.71,4488,ok
0134760AR,1085.07,951.24,42.72,Celtis sinensis,False,EXEMPLAR,Av Meridiana,10.06,81.0,10.16,4.48,0.219,3.04,1458,ok
0134761AR,495.91,248.56,44.25,Platanus × acerifolia,True,SEGONA,C\ Piferrer,14.46,69.0,9.37,6.91,0.369,1.99,3510,ok
0134765AR,714.42,766.86,46.67,Morus alba,False,SEGONA,Av Rio de Janeiro,5.18,14.8,4.33,3.41,0.39,1.88,228,ok
0134766AR,44.16,593.5,63.57,Melia azedarach,False,PRIMERA,C\ Doctor Pi i Molist,11.09,2.2,1.69,5.36,0.452,1.59,100,ok
0134767AR,650.11,430.11,46.3,Casuarina cunninghamiana,False,TERCERA,Av Rio de Janeiro,19.98,64.0,9.03,6.47,0.266,2.65,2996,ok
0134770AR,1048.99,818.04,42.21,Celtis sinensis,False,SEGONA,Av Meridiana,7.5,24.8,5.61,3.99,0.272,2.61,475,ok
0134771AR,501.34,180.01,43.81,Citrus × aurantium,False,PRIMERA,C\ Alella,4.59,5.5,2.65,1.82,0.266,2.65,172,ok
0134774AR,573.94,859.43,53.32,Gleditsia triacanthos,False,PRIMERA,C\ Garrofers,,0.0,0.0,,,,0,no_crown_detected
0134775AR,761.22,95.61,41.21,Gleditsia triacanthos,False,PRIMERA,C\ Vèlia,13.59,22.5,5.35,3.64,0.322,2.27,932,ok
0134776AR,466.58,390.75,46.27,Celtis australis,False,TERCERA,Pg Ciutat de Mallorca,12.34,52.8,8.2,5.17,0.331,2.21,2636,ok
0134777AR,730.35,173.39,40.28,Citrus × aurantium,False,PRIMERA,C\ Alella,,0.0,0.0,,,,0,no_crown_detected
0134778AR,483.84,186.26,44.15,Citrus × aurantium,False,PRIMERA,C\ Alella,4.54,6.2,2.82,3.46,0.486,1.44,125,ok
0134779AR,885.07,211.76,39.42,Celtis australis,False,SEGONA,Av Meridiana,13.19,8.8,3.34,4.42,0.379,1.94,321,ok
0134780AR,869.42,44.57,39.38,Platanus × acerifolia,True,EXEMPLAR,Pg Fabra i Puig,18.37,79.8,10.08,9.29,0.158,3.69,2161,ok
0134782AR,751.83,95.97,41.31,Brachychiton populneus,False,SEGONA,C\ Vèlia,7.25,7.2,3.04,2.42,0.443,1.63,326,ok
0134783AR,426.39,730.29,56.73,Melia azedarach,False,TERCERA,C\ Escultor Ordóñez,7.96,74.2,9.72,4.18,0.374,1.97,1772,ok
0134784AR,930.39,867.5,39.69,Catalpa bignonioides,False,PRIMERA,Pg Andreu Nin,7.4,1.5,1.38,4.32,0.414,1.76,29,no_crown_detected
0134785AR,247.08,290.0,52.15,Prunus cerasifera 'Pissardii',False,PRIMERA,C\ Porta,,0.0,0.0,,,,0,no_crown_detected
0134787AR,287.29,751.93,61.14,Platanus × acerifolia,True,SEGONA,C\ Pintor Alsamora,17.37,41.2,7.25,8.81,0.132,4.05,1023,ok
0134788AR,490.0,367.0,45.81,Platanus × acerifolia,True,SEGONA,Pg Ciutat de Mallorca,11.44,1.5,1.38,9.58,0.233,2.91,59,no_crown_detected
0134789AR,125.72,463.67,57.07,Casuarina cunninghamiana,False,PRIMERA,C\ Maladeta,16.77,20.8,5.14,3.8,0.225,2.98,1708,ok
0134790AR,68.27,533.86,60.64,Platanus × acerifolia,True,TERCERA,C\ Doctor Pi i Molist,17.36,69.0,9.37,7.84,0.246,2.8,3589,ok
0134791AR,1042.91,776.23,41.94,Platanus × acerifolia,True,TERCERA,Av Meridiana,12.25,85.8,10.45,5.34,0.252,2.75,2030,ok
0134792AR,129.02,454.31,56.64,Populus alba 'Pyramidalis',False,TERCERA,C\ Maladeta,17.61,15.0,4.37,5.46,0.226,2.98,1070,ok
0134793AR,594.32,408.9,46.12,Casuarina cunninghamiana,False,SEGONA,C\ Piferrer,7.64,14.2,4.26,4.39,0.405,1.81,567,ok
0134794AR,438.71,57.0,49.85,Platanus × acerifolia,True,TERCERA,Pg Fabra i Puig,15.87,91.2,10.78,8.81,0.301,2.4,2089,ok
0134795AR,872.54,513.17,41.35,Tipuana tipu,False,TERCERA,C\ Pintor Alsamora,9.5,68.0,9.3,5.63,0.349,2.11,2903,ok
0134796AR,673.51,600.65,46.05,Fraxinus angustifolia 'Raywood',False,PRIMERA,Av Rio de Janeiro,,0.0,0.0,,,,0,no_crown_detected
0134799AR,1040.46,764.79,41.85,Platanus × acerifolia,True,TERCERA,Av Meridiana,12.7,102.5,11.42,6.09,0.269,2.62,2464,ok
0134802AR,638.2,570.1,46.75,Tipuana tipu,False,TERCERA,C\ Pintor Alsamora,9.22,61.2,8.83,4.86,0.31,2.34,2275,ok
0134803AR,754.09,180.13,39.96,Brachychiton populneus,False,SEGONA,C\ Vèlia,6.8,7.5,3.09,3.74,0.455,1.57,289,ok
0134806AR,320.06,429.2,51.09,Platanus × acerifolia,True,TERCERA,C\ Deià,11.97,92.5,10.85,4.71,0.376,1.96,4716,ok
0134807AR,603.17,978.66,57.23,Platanus × acerifolia,True,SEGONA,Plta Avis,10.57,41.2,7.25,4.57,0.306,2.37,1084,ok
0134808AR,1070.93,898.87,42.7,Celtis sinensis,False,TERCERA,Av Meridiana,8.42,47.5,7.78,4.65,0.324,2.25,1009,ok
0134809AR,752.47,113.56,40.98,Brachychiton populneus,False,SEGONA,C\ Vèlia,5.37,2.0,1.6,2.58,0.4,1.83,70,ok
0134811AR,414.82,227.47,45.12,Pyrus calleryana 'Chanticleer',False,PRIMERA,C\ Maladeta,18.49,19.5,4.98,2.4,0.202,3.2,809,ok
0134812AR,663.78,457.77,46.42,Tipuana tipu,False,SEGONA,Av Rio de Janeiro,10.1,3.0,1.95,6.34,0.438,1.65,130,ok
0134813AR,703.39,623.7,46.0,Populus alba 'Pyramidalis',False,TERCERA,Av Rio de Janeiro,13.24,17.8,4.75,4.88,0.256,2.72,1109,ok
0134815AR,1027.88,717.66,41.98,Platanus × acerifolia,True,TERCERA,Av Meridiana,12.67,60.8,8.79,5.26,0.216,3.07,1493,ok
0134816AR,230.26,780.39,63.88,Platanus × acerifolia,True,TERCERA,Pl Jardins d'Alfàbia,16.97,43.8,7.46,9.02,0.297,2.43,1464,ok
0134818AR,460.26,111.16,47.63,Grevillea robusta,False,PRIMERA,C\ Arnau d'Oms,13.42,12.8,4.03,7.67,0.142,3.91,665,ok
0134819AR,601.17,989.46,57.49,Platanus × acerifolia,True,SEGONA,Plta Avis,8.53,37.5,6.91,4.2,0.284,2.51,851,ok
0134820AR,693.77,749.21,48.66,Fraxinus angustifolia 'Raywood',False,PRIMERA,Av Rio de Janeiro,15.86,21.0,5.17,5.17,0.265,2.65,727,ok
0134821AR,387.19,584.75,53.23,Celtis australis,False,SEGONA,C\ Casas i Amigó,18.63,17.2,4.69,4.64,0.42,1.74,502,ok
0134822AR,269.41,438.16,52.23,Jacaranda mimosifolia,False,TERCERA,C\ Escultor Ordóñez,8.62,17.0,4.65,5.08,0.223,3.0,465,ok
0134824AR,244.41,626.98,57.73,Catalpa bignonioides,False,SEGONA,C\ Valldemossa,6.62,4.2,2.33,4.56,0.418,1.74,122,ok
0134825AR,254.99,465.9,53.41,Robinia pseudoacacia,False,TERCERA,C\ Deià,17.79,61.8,8.87,6.44,0.415,1.76,3347,ok
0134826AR,554.88,330.13,44.86,Brachychiton populneus,False,SEGONA,Pg Ciutat de Mallorca,5.49,11.8,3.87,3.29,0.38,1.94,459,ok
0134827AR,939.84,508.78,41.02,Robinia pseudoacacia,False,SEGONA,C\ Pintor Alsamora,6.43,17.0,4.65,5.08,0.513,1.34,681,ok
0134828AR,317.17,117.59,51.33,Pyrus calleryana 'Chanticleer',False,SEGONA,C\ Santanyí,9.39,20.2,5.08,4.87,0.387,1.9,848,ok
0134829AR,770.38,318.06,40.48,Platanus × acerifolia,True,SEGONA,Pg Andreu Nin,11.62,40.0,7.14,6.35,0.342,2.15,1957,ok
0134830AR,711.0,752.0,46.54,Populus nigra 'Italica',False,SEGONA,Av Rio de Janeiro,13.37,49.0,7.9,3.95,0.293,2.45,1162,ok
0134831AR,662.47,487.66,46.34,Tipuana tipu,False,TERCERA,Av Rio de Janeiro,10.81,66.8,9.22,5.77,0.333,2.2,2692,ok
0134832AR,976.39,581.14,41.11,Celtis australis,False,SEGONA,Av Meridiana,10.68,3.0,1.95,5.56,0.424,1.71,117,ok
0134835AR,810.76,46.23,40.72,Platanus × acerifolia,True,SEGONA,Pg Fabra i Puig,15.33,53.8,8.27,9.41,0.263,2.67,1260,ok
0134836AR,931.67,441.26,40.33,Platanus × acerifolia,True,EXEMPLAR,Av Meridiana,17.56,155.8,14.08,6.07,0.325,2.25,8877,ok
0134837AR,145.44,612.6,60.44,Platanus × acerifolia,True,SEGONA,C\ Felanitx,9.49,65.2,9.11,4.55,0.352,2.09,3094,ok
0134838AR,692.24,313.97,42.42,Tipuana tipu,False,SEGONA,Pg Ciutat de Mallorca,7.66,14.0,4.22,4.68,0.443,1.63,619,ok
0134840AR,627.88,576.69,47.25,Tipuana tipu,False,TERCERA,C\ Pintor Alsamora,10.46,98.0,11.17,5.46,0.264,2.66,3945,ok
0134841AR,793.0,352.67,40.66,Platanus × acerifolia,True,SEGONA,Pg Andreu Nin,9.34,58.5,8.63,2.35,0.367,2.0,2816,ok
0134842AR,495.36,55.34,48.54,Platanus × acerifolia,True,TERCERA,Pg Fabra i Puig,16.2,43.8,7.46,7.94,0.248,2.79,1078,ok
0134843AR,640.42,844.93,50.66,Gleditsia triacanthos,False,PRIMERA,C\ Garrofers,17.07,134.0,13.06,6.94,0.224,2.99,3625,ok
0134844AR,665.44,444.72,45.91,Tipuana tipu,False,SEGONA,Av Rio de Janeiro,11.61,2.8,1.87,5.46,0.427,1.7,126,ok
0134845AR,526.79,987.84,60.05,Grevillea robusta,False,PRIMERA,Pg Valldaura,6.23,9.5,3.48,2.71,0.35,2.1,217,ok
0134846AR,323.46,574.48,53.92,Robinia pseudoacacia 'Bessoniana',False,PRIMERA,C\ Valldemossa,7.79,9.2,3.43,3.35,0.426,1.71,417,ok
0134847AR,260.29,414.06,51.14,Jacaranda mimosifolia,False,TERCERA,C\ Escultor Ordóñez,10.22,57.0,8.52,5.1,0.329,2.22,2361,ok
0134848AR,932.9,876.72,39.6,Handroanthus heptaphyllus,False,PRIMERA,Pg Andreu Nin,5.29,3.0,1.95,3.21,0.478,1.48,67,ok
0134849AR,641.77,892.51,53.27,Ligustrum lucidum,False,PRIMERA,C\ Horitzontal,4.18,5.2,2.59,2.95,0.208,3.14,48,few_points
0134850AR,881.85,44.06,39.1,Platanus × acerifolia,True,EXEMPLAR,Pg Fabra i Puig,17.65,88.0,10.59,8.51,0.188,3.34,2328,ok
0134851AR,583.41,865.2,53.02,Gleditsia triacanthos,False,SEGONA,C\ Garrofers,7.36,12.2,3.95,4.67,0.43,1.69,286,ok
0134852AR,235.78,791.16,64.24,Platanus × acerifolia,True,SEGONA,Pl Jardins d'Alfàbia,11.14,53.8,8.27,7.04,0.295,2.44,1285,ok
0134853AR,951.72,512.89,40.94,Platanus × acerifolia,True,TERCERA,Av Meridiana,11.98,104.0,11.51,5.0,0.415,1.76,5361,ok
0134854AR,241.91,788.22,63.85,Platanus × acerifolia,True,PRIMERA,Pl Jardins d'Alfàbia,7.85,7.5,3.09,5.19,0.399,1.84,173,ok
0134855AR,934.93,396.96,40.09,Celtis australis,False,TERCERA,Av Meridiana,10.53,15.8,4.48,6.06,0.343,2.14,772,ok
0134856AR,243.24,105.42,54.57,Platanus × acerifolia,True,TERCERA,C\ Doctor Pi i Molist,19.73,68.5,9.34,10.47,0.186,3.37,3362,ok
0134857AR,607.04,853.66,52.2,Gleditsia triacanthos,False,SEGONA,C\ Garrofers,8.79,25.8,5.73,4.89,0.323,2.26,634,ok
0134858AR,675.38,839.8,49.08,Gleditsia triacanthos,False,SEGONA,C\ Garrofers,6.24,16.2,4.55,4.05,0.514,1.33,319,ok
0134859AR,648.25,842.01,50.24,Gleditsia triacanthos,False,PRIMERA,C\ Garrofers,6.6,10.8,3.7,4.67,0.438,1.65,201,ok
0134860AR,801.6,437.45,41.1,Platanus × acerifolia,True,SEGONA,Pg Andreu Nin,12.66,40.0,7.14,7.0,0.32,2.28,2062,ok
0134861AR,587.88,950.19,56.74,Melia azedarach,False,TERCERA,C\ Escultor Ordóñez,11.71,69.5,9.41,6.68,0.092,4.78,1058,ok
0134863AR,292.32,366.21,49.08,Melia azedarach,False,TERCERA,C\ Maladeta,16.68,56.5,8.48,6.97,0.175,3.48,2099,ok
0134867AR,948.33,934.29,40.13,Handroanthus heptaphyllus,False,PRIMERA,Pg Andreu Nin,6.73,18.2,4.82,4.38,0.302,2.4,381,ok
0134869AR,670.39,460.41,45.58,Tipuana tipu,False,TERCERA,Av Rio de Janeiro,12.06,128.0,12.77,6.92,0.339,2.17,5125,ok
0134871AR,461.13,138.87,46.47,Grevillea robusta,False,PRIMERA,C\ Arnau d'Oms,13.38,5.2,2.59,7.24,0.135,4.01,215,ok
0134872AR,335.93,889.83,63.28,Prunus cerasifera 'Pissardii',False,SEGONA,C\ Eduard Tubau,17.26,23.0,5.41,4.45,0.286,2.5,458,ok
0134873AR,451.39,759.72,57.31,Melia azedarach,False,TERCERA,C\ Escultor Ordóñez,7.29,92.0,10.82,3.86,0.279,2.55,1978,ok
0134874AR,105.01,637.89,63.31,Platanus × acerifolia,True,EXEMPLAR,C\ Felanitx,17.87,30.5,6.23,7.97,0.181,3.41,1704,ok
0134875AR,658.96,845.74,49.83,Gleditsia triacanthos,False,SEGONA,C\ Garrofers,7.91,56.8,8.5,3.94,0.384,1.92,1186,ok
0134876AR,691.51,604.81,45.83,Fraxinus angustifolia 'Raywood',False,PRIMERA,Av Rio de Janeiro,10.57,17.2,4.69,4.29,0.266,2.65,917,ok
0134877AR,455.13,766.4,57.38,Melia azedarach,False,SEGONA,C\ Escultor Ordóñez,6.46,24.8,5.61,3.28,0.262,2.68,496,ok
0134879AR,118.82,409.89,57.16,Platanus × acerifolia,True,SEGONA,C\ Doctor Pi i Molist,16.47,35.8,6.75,9.13,0.267,2.64,1839,ok
0134880AR,506.2,230.23,43.79,Pyrus calleryana 'Chanticleer',False,PRIMERA,C\ Torrent de Can Piquer,5.89,7.8,3.14,3.28,0.357,2.06,345,ok
0134881AR,867.82,178.92,39.12,Celtis australis,False,SEGONA,Av Meridiana,7.01,29.8,6.15,4.05,0.459,1.56,1057,ok
0134882AR,856.38,517.11,41.43,Tilia x euchlora,False,SEGONA,C\ Pintor Alsamora,9.61,42.2,7.33,3.75,0.382,1.93,2237,ok
0134883AR,74.74,684.58,66.3,Platanus × acerifolia,True,TERCERA,Pg Verdum,21.17,72.8,9.62,11.12,0.212,3.1,1830,ok
0134884AR,366.84,358.45,48.24,Celtis australis,False,TERCERA,Ptge Alfonso Lafuente,8.68,30.2,6.21,5.08,0.436,1.66,1312,ok
0134885AR,795.8,509.3,42.22,Jacaranda mimosifolia,False,SEGONA,C\ Pintor Alsamora,7.43,27.5,5.92,4.36,0.322,2.27,877,ok
0134888AR,777.31,518.4,42.74,Jacaranda mimosifolia,False,TERCERA,C\ Pintor Alsamora,9.14,88.2,10.6,5.15,0.244,2.82,2604,ok
0134889AR,698.49,363.67,43.41,Melia azedarach,False,EXEMPLAR,Av Rio de Janeiro,10.1,139.8,13.34,4.28,0.367,2.0,6781,ok
0134890AR,834.15,158.0,38.55,Platanus × acerifolia,True,TERCERA,Av Rio de Janeiro,16.02,69.5,9.41,6.42,0.388,1.89,4295,ok
0134891AR,873.07,151.22,38.97,Celtis australis,False,SEGONA,Av Meridiana,6.94,3.5,2.11,4.74,0.577,1.1,93,ok
0134893AR,436.24,733.79,56.91,Melia azedarach,False,TERCERA,C\ Escultor Ordóñez,8.86,97.0,11.11,4.63,0.283,2.53,2138,ok
0134894AR,462.64,485.8,49.24,Robinia pseudoacacia,False,TERCERA,C\ Valldemossa,15.28,86.5,10.49,7.31,0.369,2.0,4455,ok
0134895AR,478.93,465.54,48.7,Brachychiton populneus,False,EXEMPLAR,C\ Valldemossa,14.92,82.2,10.23,5.79,0.362,2.03,4760,ok
0134896AR,505.86,844.71,55.93,Melia azedarach,False,TERCERA,C\ Escultor Ordóñez,11.44,108.5,11.75,5.07,0.254,2.74,1892,ok
0134897AR,1049.78,1060.22,41.21,Platanus × acerifolia,True,TERCERA,Pg Valldaura,15.78,92.8,10.87,4.81,0.382,1.92,5189,ok
0134898AR,862.24,524.21,41.55,Tilia x europaea,False,SEGONA,C\ Pintor Alsamora,5.36,6.5,2.88,3.03,0.497,1.4,271,ok
0134899AR,953.66,519.06,40.95,Platanus × acerifolia,True,SEGONA,Av Meridiana,7.87,2.8,1.87,4.41,0.45,1.6,133,ok
0134900AR,155.32,800.71,68.07,Platanus × acerifolia,True,TERCERA,Pg Verdum,17.99,63.0,8.96,8.04,0.224,2.99,1711,ok
0134901AR,673.19,431.01,45.6,Tipuana tipu,False,SEGONA,Av Rio de Janeiro,8.05,53.8,8.27,4.68,0.462,1.54,2303,ok
0134902AR,764.46,215.54,40.04,Brachychiton populneus,False,SEGONA,C\ Vèlia,7.28,10.8,3.7,3.01,0.433,1.67,507,ok
0134904AR,462.36,790.18,57.45,Melia azedarach,False,TERCERA,C\ Escultor Ordóñez,9.12,72.2,9.59,3.67,0.309,2.35,1701,ok
0134905AR,993.44,645.77,41.46,Celtis australis,False,SEGONA,Av Meridiana,5.33,11.0,3.74,3.93,0.547,1.21,436,ok
0134907AR,660.44,482.4,46.41,Tipuana tipu,False,TERCERA,Av Rio de Janeiro,11.71,95.0,11.0,6.43,0.322,2.26,4031,ok
0134908AR,838.53,124.96,38.36,Platanus × acerifolia,True,SEGONA,C\ Manuel Sancho,17.02,23.2,5.44,9.83,0.368,2.0,1379,ok
0134909AR,819.39,991.01,48.43,Platanus × acerifolia,True,TERCERA,Av Rio de Janeiro,14.89,66.2,9.18,4.98,0.204,3.18,2096,ok
0134910AR,1002.79,680.69,41.67,Celtis australis,False,SEGONA,Av Meridiana,5.62,10.2,3.61,4.35,0.432,1.68,176,ok
0134911AR,248.0,82.0,54.3,Platanus × acerifolia,True,TERCERA,C\ Doctor Pi i Molist,18.36,80.8,10.14,8.09,0.244,2.82,3406,ok
0134914AR,972.38,1022.25,41.55,Handroanthus heptaphyllus,False,PRIMERA,Pg Andreu Nin,4.88,1.2,1.26,2.57,0.324,2.25,37,no_crown_detected
0134916AR,489.88,377.27,45.9,Celtis australis,False,TERCERA,Pg Ciutat de Mallorca,12.34,4.0,2.26,6.42,0.248,2.78,253,ok
0134917AR,303.92,232.48,50.39,Prunus cerasifera 'Pissardii',False,PRIMERA,C\ Porta,,0.0,0.0,,,,0,no_crown_detected
0134918AR,433.18,380.6,46.79,Platanus × acerifolia,True,TERCERA,C\ Estudiant,14.14,78.0,9.97,7.96,0.394,1.86,3756,ok
0134919AR,660.61,497.17,46.14,Melia azedarach,False,SEGONA,Av Rio de Janeiro,4.31,4.0,2.26,3.9,0.55,1.2,140,ok
0134920AR,724.92,286.65,41.96,Populus alba,False,EXEMPLAR,Av Rio de Janeiro,15.55,63.5,8.99,5.82,0.243,2.83,3615,ok
0134921AR,779.47,514.03,42.76,Jacaranda mimosifolia,False,SEGONA,C\ Pintor Alsamora,7.27,5.8,2.71,4.75,0.43,1.69,203,ok
0134923AR,1074.88,891.67,42.76,Platanus × acerifolia,True,SEGONA,Av Meridiana,10.44,46.2,7.67,5.08,0.283,2.53,1184,ok
0134924AR,953.29,441.99,40.29,Platanus × acerifolia,True,TERCERA,Av Meridiana,14.91,4.5,2.39,4.91,0.37,1.99,241,ok
0134925AR,896.93,745.06,42.17,Platanus × acerifolia,True,SEGONA,Pg Andreu Nin,10.18,44.2,7.51,4.5,0.355,2.07,994,ok
0134926AR,188.19,450.43,54.13,Jacaranda mimosifolia,False,TERCERA,C\ Andratx,8.51,6.5,2.88,5.28,0.174,3.5,201,ok
0134927AR,744.83,859.32,47.75,Melia azedarach,False,SEGONA,Av Rio de Janeiro,9.74,11.0,3.74,4.23,0.395,1.86,200,ok
0134928AR,954.8,958.24,40.51,Handroanthus heptaphyllus,False,PRIMERA,Pg Andreu Nin,,0.0,0.0,,,,0,no_crown_detected
0134929AR,1032.24,755.17,41.76,Celtis australis,False,TERCERA,Av Meridiana,8.05,36.2,6.79,5.12,0.124,4.18,510,ok
0134930AR,581.98,230.09,42.66,Pyrus calleryana 'Chanticleer',False,PRIMERA,C\ Torrent de Can Piquer,6.98,8.0,3.19,3.59,0.325,2.25,281,ok
0134931AR,969.7,582.9,41.22,Platanus × acerifolia,True,TERCERA,Av Meridiana,15.95,17.5,4.72,6.48,0.197,3.25,1114,ok
0134932AR,875.29,170.32,39.06,Celtis australis,False,SEGONA,Av Meridiana,9.51,12.0,3.91,4.91,0.443,1.63,516,ok
0134933AR,403.7,511.93,51.14,Platanus × acerifolia,True,PRIMERA,C\ Valldemossa,7.23,5.2,2.59,4.52,0.543,1.22,224,ok
0134934AR,839.34,528.79,41.65,Platanus × acerifolia,True,EXEMPLAR,Pg Andreu Nin,15.23,152.0,13.91,5.82,0.284,2.52,7839,ok
0134935AR,161.31,435.27,54.53,Populus alba 'Pyramidalis',False,TERCERA,C\ Maladeta,13.79,27.0,5.86,4.34,0.335,2.18,1597,ok
0134936AR,852.06,134.85,38.51,Platanus × acerifolia,True,SEGONA,Av Rio de Janeiro,10.76,49.2,7.92,5.41,0.405,1.81,2313,ok
0134937AR,698.61,708.83,46.41,Morus alba,False,PRIMERA,Av Rio de Janeiro,3.95,10.0,3.57,2.73,0.505,1.37,192,ok
0134938AR,65.74,583.01,62.76,Platanus × acerifolia,True,TERCERA,C\ Doctor Pi i Molist,17.79,137.5,13.23,7.2,0.227,2.97,6704,ok
0134939AR,783.86,921.01,48.05,Platanus × acerifolia,True,SEGONA,Av Rio de Janeiro,10.81,8.0,3.19,5.71,0.274,2.59,223,ok
0134941AR,798.06,204.33,39.35,Platanus × acerifolia,True,SEGONA,Av Rio de Janeiro,12.56,91.8,10.81,3.87,0.42,1.73,4458,ok
0134942AR,66.87,650.45,65.49,Photinia x fraseri 'Red Robin',False,PRIMERA,C\ Felanitx,6.87,6.2,2.82,2.28,0.422,1.72,116,ok
0134943AR,768.38,257.97,40.03,Platanus × acerifolia,True,SEGONA,Pg Andreu Nin,9.27,7.8,3.14,1.66,0.296,2.43,346,ok
0134944AR,742.75,527.6,43.81,Jacaranda mimosifolia,False,SEGONA,C\ Pintor Alsamora,8.81,13.2,4.11,5.02,0.219,3.04,424,ok
0134946AR,905.11,507.11,41.1,Tilia x euchlora,False,PRIMERA,C\ Pintor Alsamora,,0.0,0.0,,,,0,no_crown_detected
0134947AR,454.88,328.37,45.57,Handroanthus heptaphyllus,False,PRIMERA,C\ Deià,5.42,3.0,1.95,3.05,0.393,1.87,88,ok
0134948AR,433.37,902.85,58.87,Ligustrum lucidum,False,SEGONA,C\ Garrofers,5.96,18.0,4.79,3.83,0.258,2.71,190,ok
0134951AR,151.2,330.34,56.4,Platanus × acerifolia,True,SEGONA,C\ Doctor Pi i Molist,14.67,2.8,1.87,8.9,0.345,2.13,85,ok
0134952AR,633.17,985.76,56.11,Platanus × acerifolia,True,SEGONA,Plta Avis,9.47,38.5,7.0,5.23,0.324,2.25,811,ok
0134953AR,112.28,426.79,57.37,Platanus × acerifolia,True,SEGONA,C\ Doctor Pi i Molist,11.53,1.5,1.38,8.78,0.3,2.41,65,no_crown_detected
0134955AR,637.99,257.4,42.12,Pyrus calleryana 'Chanticleer',False,SEGONA,C\ Torrent de Can Piquer,14.96,14.5,4.3,5.69,0.199,3.23,776,ok
0134956AR,347.56,399.74,49.54,Robinia pseudoacacia 'Bessoniana',False,SEGONA,C\ Deià,15.78,40.2,7.16,5.6,0.253,2.75,1697,ok
0134957AR,649.53,450.58,46.58,Tipuana tipu,False,TERCERA,Av Rio de Janeiro,11.78,32.5,6.43,7.26,0.389,1.89,1362,ok
0134958AR,1111.32,1049.32,42.0,Celtis sinensis,False,EXEMPLAR,Av Meridiana,12.27,2.2,1.69,10.67,0.0,7.82,47,few_points
0134959AR,464.4,399.39,46.3,Platanus × acerifolia,True,SEGONA,Pg Ciutat de Mallorca,9.88,4.2,2.33,6.38,0.034,6.78,180,ok
0134960AR,676.58,509.37,45.24,Ligustrum lucidum,False,SEGONA,Av Rio de Janeiro,9.03,57.8,8.57,4.48,0.417,1.75,2439,ok
0134962AR,679.86,76.65,43.7,Citrus × aurantium,False,SEGONA,C\ Malgrat,6.62,14.5,4.3,4.24,0.421,1.73,448,ok
0134963AR,199.14,341.67,52.68,Prunus serrulata 'Kanzan',False,PRIMERA,C\ Porta,5.0,4.0,2.26,3.64,0.222,3.01,74,ok
0134965AR,656.06,839.14,49.87,Gleditsia triacanthos,False,PRIMERA,C\ Garrofers,5.42,13.0,4.07,3.8,0.472,1.5,246,ok
0134967AR,602.32,984.73,57.36,Platanus × acerifolia,True,SEGONA,Plta Avis,9.99,41.5,7.27,4.64,0.306,2.37,893,ok
0134968AR,1090.97,1066.17,41.31,Platanus × acerifolia,True,TERCERA,Pg Valldaura,17.16,74.5,9.74,5.97,0.415,1.76,4231,ok
0134969AR,973.1,569.56,41.09,Celtis australis,False,SEGONA,Av Meridiana,16.03,3.2,2.03,7.94,0.2,3.22,147,ok
0134970AR,883.69,262.09,39.77,Platanus × acerifolia,True,SEGONA,Av Meridiana,8.15,16.0,4.51,5.25,0.427,1.7,731,ok
0134971AR,335.47,407.56,50.1,Robinia pseudoacacia 'Bessoniana',False,PRIMERA,C\ Deià,,0.0,0.0,,,,0,no_crown_detected
0134972AR,250.02,73.33,54.31,Tipuana tipu,False,TERCERA,C\ Doctor Pi i Molist,10.97,23.8,5.5,5.68,0.205,3.17,494,ok
0134973AR,265.57,450.98,52.88,Gleditsia triacanthos f. inermis,False,PRIMERA,C\ Deià,10.02,44.2,7.51,4.8,0.345,2.13,2034,ok
0134975AR,706.78,355.55,42.95,Melia azedarach,False,EXEMPLAR,Av Rio de Janeiro,9.5,151.2,13.88,3.39,0.323,2.26,6807,ok
0134976AR,446.3,400.81,46.51,Tipuana tipu,False,SEGONA,C\ Estudiant,17.6,113.5,12.02,6.75,0.333,2.2,7482,ok
0134978AR,598.15,595.86,48.31,Jacaranda mimosifolia,False,SEGONA,C\ Pintor Alsamora,9.18,39.8,7.11,5.47,0.232,2.92,1262,ok
0134979AR,978.02,1043.71,41.86,Catalpa bignonioides,False,TERCERA,Pg Andreu Nin,7.71,54.5,8.33,4.25,0.408,1.79,2090,ok
0134981AR,439.57,390.93,46.63,Platanus × acerifolia,True,TERCERA,C\ Estudiant,13.49,82.0,10.22,6.19,0.407,1.8,4209,ok
0134982AR,949.95,507.08,40.92,Platanus × acerifolia,True,SEGONA,Av Meridiana,10.1,41.2,7.25,4.51,0.376,1.95,2328,ok
0134983AR,910.66,793.55,41.66,Catalpa bignonioides,False,PRIMERA,Pg Andreu Nin,15.06,121.2,12.42,6.41,0.249,2.78,3222,ok
0134984AR,355.74,407.34,49.56,Platanus × acerifolia,True,TERCERA,C\ Deià,13.9,5.2,2.59,7.47,0.353,2.09,253,ok
0134985AR,809.38,189.83,39.01,Platanus × acerifolia,True,SEGONA,Av Rio de Janeiro,9.37,46.0,7.65,4.43,0.478,1.47,2008,ok
0134986AR,378.41,539.67,52.33,Robinia pseudoacacia,False,TERCERA,C\ Valldemossa,15.4,41.2,7.25,6.59,0.289,2.48,2415,ok
0134987AR,882.84,83.29,38.65,Platanus × acerifolia,True,SEGONA,Av Rio de Janeiro,15.11,2.2,1.69,6.74,0.2,3.22,81,ok
0134988AR,761.91,122.24,40.69,Brachychiton populneus,False,SEGONA,C\ Vèlia,7.32,12.5,3.99,2.82,0.293,2.46,479,ok
0134990AR,1020.0,689.04,41.8,Platanus × acerifolia,True,SEGONA,Av Meridiana,11.95,82.2,10.23,6.22,0.303,2.39,2194,ok
0134991AR,205.63,869.82,68.35,Platanus × acerifolia,True,SEGONA,Pg Verdum,16.17,19.5,4.98,5.24,0.361,2.04,493,ok
0134992AR,961.38,982.66,40.92,Handroanthus heptaphyllus,False,PRIMERA,Pg Andreu Nin,,0.0,0.0,,,,0,no_crown_detected
0134993AR,661.83,462.15,46.62,Tipuana tipu,False,SEGONA,Av Rio de Janeiro,8.86,4.2,2.33,7.82,0.54,1.23,142,ok
0134994AR,521.5,882.51,56.16,Melia azedarach,False,PRIMERA,C\ Escultor Ordóñez,,0.0,0.0,,,,0,no_crown_detected
0134995AR,566.68,867.82,53.67,Gleditsia triacanthos,False,SEGONA,C\ Garrofers,7.91,17.8,4.75,5.13,0.478,1.48,387,ok
0134999AR,745.59,179.04,40.08,Citrus × aurantium,False,PRIMERA,C\ Alella,5.66,7.0,2.99,3.98,0.474,1.49,135,ok
0135002AR,645.98,181.75,41.48,Citrus × aurantium,False,PRIMERA,C\ Alella,9.52,5.5,2.65,3.25,0.379,1.94,116,ok
0135003AR,243.72,464.67,53.64,Robinia pseudoacacia,False,TERCERA,C\ Deià,17.86,93.2,10.9,7.75,0.207,3.15,4391,ok
0135004AR,419.81,970.53,62.38,Populus nigra 'Italica',False,SEGONA,Pg Valldaura,14.87,19.2,4.95,6.46,0.242,2.84,603,ok
0135005AR,363.99,610.61,54.58,Melia azedarach,False,EXEMPLAR,C\ Escultor Ordóñez,11.07,47.5,7.78,5.55,0.405,1.81,2355,ok
0135006AR,966.86,1002.09,41.2,Handroanthus heptaphyllus,False,PRIMERA,Pg Andreu Nin,5.4,2.8,1.87,3.28,0.4,1.83,60,ok
0135007AR,546.11,912.1,56.66,Melia azedarach,False,EXEMPLAR,C\ Escultor Ordóñez,12.01,79.5,10.06,4.63,0.338,2.17,1968,ok
0135008AR,783.14,516.68,42.57,Jacaranda mimosifolia,False,SEGONA,C\ Pintor Alsamora,7.86,24.5,5.59,4.8,0.147,3.84,639,ok
0135009AR,432.22,727.26,56.75,Melia azedarach,False,TERCERA,C\ Escultor Ordóñez,7.8,53.0,8.21,4.43,0.3,2.41,1195,ok
0135010AR,421.26,917.98,59.8,Ligustrum lucidum,False,SEGONA,C\ Garrofers,6.15,15.0,4.37,4.3,0.403,1.82,176,ok
0135011AR,974.11,519.17,40.95,Platanus × acerifolia,True,TERCERA,Av Meridiana,15.98,2.5,1.78,5.41,0.313,2.32,120,ok
0135012AR,861.62,155.55,38.9,Celtis australis,False,SEGONA,Av Meridiana,5.81,11.8,3.87,3.46,0.54,1.23,446,ok
0135013AR,804.41,46.44,40.9,Platanus × acerifolia,True,TERCERA,Pg Fabra i Puig,14.71,38.0,6.96,9.27,0.265,2.66,812,ok
0135014AR,706.47,634.79,46.05,Populus alba 'Pyramidalis',False,TERCERA,Av Rio de Janeiro,12.5,12.2,3.95,4.24,0.262,2.68,812,ok
0135015AR,230.07,137.89,54.79,Platanus × acerifolia,True,TERCERA,C\ Doctor Pi i Molist,21.59,113.0,11.99,11.55,0.216,3.07,5701,ok
0135016AR,1037.22,753.48,41.78,Platanus × acerifolia,True,TERCERA,Av Meridiana,13.54,98.8,11.21,6.01,0.21,3.12,2138,ok
0135017AR,751.14,76.76,41.61,Brachychiton populneus,False,PRIMERA,C\ Vèlia,7.1,5.2,2.59,3.74,0.324,2.25,208,ok
0135018AR,901.95,508.08,41.15,Tilia x europaea,False,SEGONA,C\ Pintor Alsamora,6.63,15.5,4.44,3.85,0.457,1.57,615,ok
0135019AR,922.45,381.7,40.03,Celtis australis,False,SEGONA,Av Meridiana,5.54,6.0,2.76,3.67,0.483,1.45,268,ok
0135021AR,993.57,614.79,41.3,Celtis australis,False,SEGONA,Av Meridiana,5.68,3.5,2.11,4.92,0.548,1.2,106,ok
0135022AR,976.69,1038.27,41.81,Catalpa bignonioides,False,TERCERA,Pg Andreu Nin,6.58,3.0,1.95,3.22,0.319,2.29,69,ok
0135023AR,487.0,260.0,44.33,Casuarina cunninghamiana,False,PRIMERA,C\ Piferrer,15.73,23.0,5.41,2.96,0.204,3.18,1186,ok
0135024AR,434.01,340.98,46.41,Handroanthus heptaphyllus,False,PRIMERA,C\ Deià,,0.0,0.0,,,,0,no_crown_detected
0135026AR,155.3,438.82,54.9,Casuarina cunninghamiana,False,PRIMERA,C\ Maladeta,12.92,8.5,3.29,3.62,0.344,2.14,420,ok
0135027AR,659.98,448.15,46.33,Casuarina cunninghamiana,False,EXEMPLAR,Av Rio de Janeiro,16.74,147.5,13.7,8.1,0.384,1.91,7662,ok
0135028AR,1004.0,686.0,41.66,Celtis australis,False,TERCERA,Av Meridiana,9.1,25.2,5.67,5.74,0.251,2.76,390,ok
0135029AR,340.16,416.58,50.2,Platanus × acerifolia,True,TERCERA,C\ Deià,13.33,107.5,11.7,6.92,0.323,2.26,4760,ok
0135030AR,704.06,534.5,45.25,Jacaranda mimosifolia,False,SEGONA,C\ Pintor Alsamora,7.2,2.5,1.78,4.47,0.0,7.82,63,ok
0135031AR,496.45,819.41,56.56,Melia azedarach,False,TERCERA,C\ Escultor Ordóñez,8.82,55.5,8.41,4.74,0.229,2.95,1295,ok
0135032AR,768.02,517.15,43.09,Jacaranda mimosifolia,False,TERCERA,C\ Pintor Alsamora,8.78,57.8,8.57,4.63,0.28,2.54,1957,ok
0135034AR,197.57,467.56,55.12,Jacaranda mimosifolia,False,SEGONA,C\ Andratx,17.65,40.8,7.2,6.34,0.257,2.72,1179,ok
0135036AR,153.54,324.51,56.32,Platanus × acerifolia,True,SEGONA,C\ Doctor Pi i Molist,14.52,18.8,4.89,7.75,0.356,2.07,862,ok
0135037AR,819.53,176.47,38.84,Platanus × acerifolia,True,SEGONA,Av Rio de Janeiro,10.22,3.0,1.95,7.65,0.338,2.17,118,ok
0135038AR,704.82,629.01,46.03,Populus alba 'Pyramidalis',False,SEGONA,Av Rio de Janeiro,12.39,11.8,3.87,4.81,0.278,2.56,757,ok
0135039AR,608.0,860.0,52.24,Gleditsia triacanthos,False,SEGONA,C\ Garrofers,8.28,38.8,7.02,4.99,0.375,1.96,912,ok
0135040AR,922.59,406.63,40.2,Platanus × acerifolia,True,TERCERA,Av Meridiana,17.54,144.5,13.56,7.02,0.382,1.93,9135,ok
0135041AR,211.45,789.63,65.14,Platanus × acerifolia,True,TERCERA,Pl Jardins d'Alfàbia,18.71,169.5,14.69,9.48,0.289,2.48,5297,ok
0135043AR,701.05,726.79,46.53,Morus alba,False,SEGONA,Av Rio de Janeiro,11.66,35.8,6.75,3.29,0.386,1.9,860,ok
0135044AR,421.8,928.41,60.25,Ligustrum lucidum,False,SEGONA,C\ Garrofers,7.02,20.0,5.05,4.68,0.335,2.19,251,ok
0264395AR,113.36,498.74,58.63,Pyrus calleryana 'Chanticleer',False,PRIMERA,C\ Alcúdia,,0.0,0.0,,,,0,no_crown_detected
0264396AR,111.39,504.21,58.74,Pyrus calleryana 'Chanticleer',False,PRIMERA,C\ Alcúdia,6.06,6.2,2.82,2.63,0.353,2.09,263,ok
0264397AR,117.06,504.97,58.67,Pyrus calleryana 'Chanticleer',False,PRIMERA,C\ Alcúdia,,0.0,0.0,,,,0,no_crown_detected
0264398AR,124.52,517.52,58.68,Pyrus calleryana 'Chanticleer',False,SEGONA,C\ Alcúdia,5.91,5.5,2.65,3.39,0.519,1.31,201,ok
0264399AR,125.94,528.72,58.82,Pyrus calleryana 'Chanticleer',False,SEGONA,C\ Alcúdia,5.8,6.0,2.76,3.11,0.482,1.46,233,ok
0264400AR,107.44,497.99,58.62,Pyrus calleryana 'Chanticleer',False,PRIMERA,C\ Alcúdia,5.17,3.0,1.95,2.76,0.529,1.27,132,ok
0264401AR,128.16,523.49,58.64,Pyrus calleryana 'Chanticleer',False,PRIMERA,C\ Alcúdia,,0.0,0.0,,,,0,no_crown_detected
0264402AR,122.34,522.61,58.76,Pyrus calleryana 'Chanticleer',False,PRIMERA,C\ Alcúdia,,0.0,0.0,,,,0,no_crown_detected
0264403AR,114.89,510.21,58.8,Pyrus calleryana 'Chanticleer',False,PRIMERA,C\ Alcúdia,5.19,4.5,2.39,2.93,0.585,1.07,179,ok
0264409AR,356.41,618.6,54.86,Melia azedarach,False,SEGONA,C\ Escultor Ordóñez,14.58,24.5,5.59,3.19,0.472,1.5,984,ok
0264416AR,117.05,480.85,58.41,Melia azedarach,False,SEGONA,C\ Maladeta,6.69,41.8,7.29,2.56,0.544,1.22,1940,ok
0264514AR,349.99,608.64,54.86,Melia azedarach,False,EXEMPLAR,C\ Escultor Ordóñez,13.78,1.5,1.38,6.58,0.421,1.73,76,no_crown_detected
0264559AR,122.93,482.55,58.31,Melia azedarach,False,TERCERA,C\ Maladeta,8.3,47.8,7.8,3.61,0.443,1.63,2199,ok
0264568AR,342.98,596.09,54.57,Melia azedarach,False,EXEMPLAR,C\ Escultor Ordóñez,15.73,118.2,12.27,5.52,0.412,1.77,6134,ok
0264685AR,119.29,474.02,57.88,Melia azedarach,False,SEGONA,C\ Maladeta,7.28,34.2,6.6,2.81,0.495,1.41,1613,ok
0288546AR,225.96,695.72,61.34,Jacaranda mimosifolia,False,SEGONA,C\ Alcúdia,7.75,4.5,2.39,5.27,0.209,3.13,86,ok
0288547AR,222.22,689.13,61.14,Jacaranda mimosifolia,False,SEGONA,C\ Alcúdia,9.54,92.8,10.87,5.04,0.1,4.61,1492,ok
0288548AR,218.44,682.59,61.1,Jacaranda mimosifolia,False,TERCERA,C\ Alcúdia,10.1,64.8,9.08,4.47,0.097,4.67,1190,ok
0288549AR,211.14,670.0,60.8,Jacaranda mimosifolia,False,SEGONA,C\ Alcúdia,9.03,35.0,6.68,4.58,0.145,3.86,504,ok
0288550AR,207.56,663.92,60.68,Jacaranda mimosifolia,False,SEGONA,C\ Alcúdia,8.96,42.5,7.36,4.5,0.262,2.68,1046,ok
0288551AR,203.85,657.84,60.47,Jacaranda mimosifolia,False,SEGONA,C\ Alcúdia,9.09,42.0,7.31,4.28,0.284,2.52,1348,ok
0288552AR,214.67,676.38,60.91,Jacaranda mimosifolia,False,SEGONA,C\ Alcúdia,10.3,51.0,8.06,4.82,0.144,3.87,853,ok
0288553AR,260.11,751.91,61.9,Jacaranda mimosifolia,False,TERCERA,C\ Alcúdia,10.82,66.5,9.2,5.69,0.165,3.61,929,ok
0288554AR,256.55,746.32,61.62,Jacaranda mimosifolia,False,SEGONA,C\ Alcúdia,9.21,16.5,4.58,5.15,0.017,7.82,121,ok
0288555AR,252.83,739.79,61.6,Jacaranda mimosifolia,False,TERCERA,C\ Alcúdia,10.91,97.8,11.16,6.72,0.108,4.45,981,ok
0288556AR,248.99,733.46,61.68,Jacaranda mimosifolia,False,PRIMERA,C\ Alcúdia,,0.0,0.0,,,,0,no_crown_detected
0288557AR,245.39,727.28,61.68,Jacaranda mimosifolia,False,PRIMERA,C\ Alcúdia,4.1,2.0,1.6,3.11,0.393,1.87,28,few_points
0288558AR,241.87,721.14,61.55,Jacaranda mimosifolia,False,SEGONA,C\ Alcúdia,33.37,46.5,7.69,6.02,0.181,3.41,518,ok
0288559AR,238.08,715.07,61.59,Jacaranda mimosifolia,False,TERCERA,C\ Alcúdia,8.59,2.0,1.6,5.05,0.045,6.18,22,few_points
0288560AR,301.38,820.15,63.21,Jacaranda mimosifolia,False,TERCERA,C\ Alcúdia,17.3,81.5,10.19,6.23,0.103,4.55,1198,ok
0288561AR,297.56,813.5,62.94,Jacaranda mimosifolia,False,SEGONA,C\ Alcúdia,17.71,48.0,7.82,6.1,0.093,4.74,696,ok
0288562AR,293.98,807.5,62.91,Jacaranda mimosifolia,False,SEGONA,C\ Alcúdia,18.34,39.5,7.09,6.12,0.116,4.32,580,ok
0288563AR,282.68,789.01,62.44,Jacaranda mimosifolia,False,PRIMERA,C\ Alcúdia,8.06,5.5,2.65,3.99,0.162,3.63,80,ok
0288564AR,286.02,794.6,62.56,Jacaranda mimosifolia,False,PRIMERA,C\ Alcúdia,9.93,57.2,8.54,5.44,0.123,4.2,914,ok
0288565AR,290.11,801.16,62.65,Jacaranda mimosifolia,False,TERCERA,C\ Alcúdia,9.94,61.8,8.87,5.7,0.122,4.22,790,ok
0288566AR,335.75,876.69,62.86,Jacaranda mimosifolia,False,SEGONA,C\ Alcúdia,12.78,60.5,8.78,6.4,0.118,4.28,739,ok
0288567AR,332.12,870.94,63.03,Jacaranda mimosifolia,False,SEGONA,C\ Alcúdia,7.71,26.8,5.84,4.76,0.196,3.25,280,ok
0288568AR,328.48,864.56,62.98,Jacaranda mimosifolia,False,SEGONA,C\ Alcúdia,8.87,42.5,7.36,4.73,0.152,3.77,552,ok
0288569AR,321.12,852.82,63.08,Jacaranda mimosifolia,False,PRIMERA,C\ Alcúdia,6.44,17.0,4.65,3.71,0.324,2.25,256,ok
0288570AR,317.59,846.73,63.24,Jacaranda mimosifolia,False,SEGONA,C\ Alcúdia,8.09,50.2,8.0,4.98,0.181,3.42,624,ok
0288571AR,313.79,840.55,63.2,Jacaranda mimosifolia,False,PRIMERA,C\ Alcúdia,6.8,10.5,3.66,4.96,0.263,2.67,152,ok
0288572AR,269.8,757.3,61.92,Jacaranda mimosifolia,False,TERCERA,C\ Alcúdia,10.9,74.8,9.76,5.28,0.175,3.49,1335,ok
0288575AR,238.48,706.55,61.49,Jacaranda mimosifolia,False,SEGONA,C\ Alcúdia,8.85,77.0,9.9,4.6,0.198,3.24,1162,ok
0288883AR,101.18,510.17,59.05,Eugenia uniflora,False,PRIMERA,C\ Doctor Pi i Molist,6.96,12.5,3.99,2.58,0.348,2.11,337,ok
0288884AR,98.53,516.95,59.18,Populus alba 'Pyramidalis',False,TERCERA,C\ Doctor Pi i Molist,13.92,30.2,6.21,4.45,0.176,3.47,1726,ok
0288885AR,103.59,503.8,58.91,Populus alba 'Pyramidalis',False,SEGONA,C\ Doctor Pi i Molist,11.79,14.5,4.3,3.88,0.226,2.98,827,ok
0288903AR,428.87,562.44,51.95,Grevillea robusta,False,SEGONA,C\ Brossa,10.51,40.5,7.18,4.86,0.303,2.39,2042,ok
0288904AR,433.66,569.58,52.11,Grevillea robusta,False,SEGONA,C\ Brossa,9.82,51.8,8.12,4.01,0.371,1.99,2141,ok
0288906AR,444.15,584.34,52.51,Grevillea robusta,False,TERCERA,C\ Brossa,12.41,56.8,8.5,4.83,0.263,2.67,2722,ok
0288907AR,444.37,671.22,54.46,Jacaranda mimosifolia,False,TERCERA,C\ Pintor Alsamora,9.19,51.5,8.1,4.63,0.305,2.38,1231,ok
0288908AR,427.11,678.32,55.4,Jacaranda mimosifolia,False,SEGONA,C\ Pintor Alsamora,8.41,22.8,5.38,4.0,0.287,2.5,443,ok
0288909AR,449.58,591.83,52.65,Grevillea robusta,False,TERCERA,C\ Brossa,11.11,53.5,8.25,4.96,0.29,2.48,2314,ok
0288910AR,454.29,598.7,52.8,Grevillea robusta,False,TERCERA,C\ Brossa,9.78,51.0,8.06,3.84,0.255,2.73,2535,ok
0288911AR,459.25,605.58,52.97,Grevillea robusta,False,SEGONA,C\ Brossa,10.5,34.8,6.65,4.09,0.31,2.34,1719,ok
0288912AR,465.31,614.41,53.09,Grevillea robusta,False,TERCERA,C\ Brossa,12.28,58.5,8.63,4.33,0.316,2.3,3628,ok
0288913AR,469.99,621.66,52.98,Grevillea robusta,False,TERCERA,C\ Brossa,12.62,62.0,8.88,4.28,0.284,2.52,3205,ok
0288914AR,474.49,628.68,52.91,Grevillea robusta,False,PRIMERA,C\ Brossa,13.15,54.0,8.29,4.8,0.335,2.19,2927,ok
0288915AR,479.19,636.19,52.84,Grevillea robusta,False,TERCERA,C\ Brossa,13.09,60.0,8.74,4.62,0.315,2.31,3133,ok
0288916AR,483.22,642.77,52.72,Grevillea robusta,False,SEGONA,C\ Brossa,9.04,27.5,5.92,4.08,0.432,1.68,1248,ok
0288917AR,457.09,613.58,53.22,Grevillea robusta,False,SEGONA,C\ Brossa,10.44,30.2,6.21,4.46,0.241,2.85,1327,ok
0288918AR,471.73,636.41,53.09,Grevillea robusta,False,SEGONA,C\ Brossa,10.77,39.8,7.11,4.67,0.241,2.85,1537,ok
0288919AR,466.99,628.96,53.16,Grevillea robusta,False,SEGONA,C\ Brossa,7.98,41.8,7.29,3.6,0.401,1.83,1690,ok
0288920AR,476.37,643.84,53.1,Grevillea robusta,False,TERCERA,C\ Brossa,13.39,53.5,8.25,5.02,0.333,2.2,2478,ok
0288921AR,452.18,606.48,53.0,Grevillea robusta,False,TERCERA,C\ Brossa,11.11,33.5,6.53,4.85,0.295,2.44,1525,ok
0288922AR,461.35,664.06,53.61,Jacaranda mimosifolia,False,SEGONA,C\ Pintor Alsamora,8.49,36.8,6.84,2.75,0.361,2.04,1504,ok
0288923AR,469.42,660.16,53.37,Jacaranda mimosifolia,False,TERCERA,C\ Pintor Alsamora,7.69,47.0,7.74,4.55,0.312,2.33,1474,ok
0288924AR,452.58,667.54,54.01,Jacaranda mimosifolia,False,SEGONA,C\ Pintor Alsamora,6.62,32.2,6.41,3.54,0.351,2.09,942,ok
0288925AR,435.91,674.73,54.86,Jacaranda mimosifolia,False,PRIMERA,C\ Pintor Alsamora,4.4,7.0,2.99,3.14,0.457,1.57,127,ok
0289545AR,359.45,582.4,54.05,Melia azedarach,False,SEGONA,C\ Escultor Ordóñez,6.76,25.2,5.67,3.8,0.487,1.44,1193,ok
0289546AR,404.24,557.43,52.13,Tipuana tipu,False,SEGONA,C\ Casas i Amigó,9.28,70.2,9.46,4.95,0.357,2.06,2638,ok
0289547AR,409.33,553.68,51.94,Tipuana tipu,False,TERCERA,C\ Casas i Amigó,9.01,68.8,9.36,4.09,0.322,2.26,2627,ok
0289548AR,394.94,567.07,52.95,Acer campestre 'Elsrijk',False,PRIMERA,C\ Casas i Amigó,19.53,24.8,5.61,4.56,0.321,2.27,1833,ok
0289549AR,381.84,570.91,53.59,Populus nigra 'Italica',False,EXEMPLAR,C\ Casas i Amigó,21.73,34.2,6.6,4.5,0.304,2.38,2627,ok
0289550AR,372.05,580.38,53.87,Tipuana tipu,False,SEGONA,C\ Casas i Amigó,7.59,44.0,7.48,3.98,0.421,1.73,1949,ok
0289551AR,387.71,571.46,53.2,Acer campestre 'Elsrijk',False,PRIMERA,C\ Casas i Amigó,15.67,12.0,3.91,4.54,0.314,2.32,804,ok
0289763AR,790.68,794.89,44.59,Jacaranda mimosifolia,False,SEGONA,C\ Rosselló i Porcel,6.81,28.0,5.97,3.64,0.29,2.47,486,ok
0289764AR,780.84,797.53,45.06,Jacaranda mimosifolia,False,SEGONA,C\ Rosselló i Porcel,6.11,27.0,5.86,4.08,0.256,2.72,406,ok
0289765AR,770.75,800.17,45.52,Jacaranda mimosifolia,False,SEGONA,C\ Rosselló i Porcel,5.59,18.5,4.85,3.36,0.319,2.28,332,ok
0289766AR,761.66,802.96,46.01,Jacaranda mimosifolia,False,SEGONA,C\ Rosselló i Porcel,5.26,17.8,4.75,2.94,0.359,2.05,368,ok
0289767AR,752.31,805.5,46.54,Jacaranda mimosifolia,False,TERCERA,C\ Rosselló i Porcel,7.31,44.8,7.55,4.2,0.27,2.62,741,ok
0289777AR,713.19,685.99,46.28,Populus alba 'Pyramidalis',False,SEGONA,Av Rio de Janeiro,11.21,11.5,3.83,4.57,0.3,2.41,363,ok
0289778AR,714.95,692.58,46.31,Populus alba 'Pyramidalis',False,SEGONA,Av Rio de Janeiro,12.29,27.2,5.89,2.84,0.175,3.48,953,ok
0289779AR,716.71,699.27,46.34,Populus alba 'Pyramidalis',False,SEGONA,Av Rio de Janeiro,11.28,11.5,3.83,3.91,0.272,2.61,405,ok
0289780AR,718.54,705.92,46.33,Populus alba 'Pyramidalis',False,SEGONA,Av Rio de Janeiro,10.42,11.2,3.78,4.42,0.262,2.68,343,ok
0289781AR,720.53,713.24,46.34,Fraxinus angustifolia 'Raywood',False,PRIMERA,Av Rio de Janeiro,8.33,4.2,2.33,4.37,0.352,2.09,122,ok
0289782AR,722.5,720.2,46.38,Populus alba 'Pyramidalis',False,SEGONA,Av Rio de Janeiro,10.66,8.8,3.34,3.76,0.285,2.51,312,ok
0289783AR,724.52,726.57,46.42,Populus alba 'Pyramidalis',False,SEGONA,Av Rio de Janeiro,11.34,14.5,4.3,4.01,0.224,2.99,286,ok
0289785AR,748.86,795.15,46.61,Fraxinus angustifolia 'Raywood',False,PRIMERA,Av Rio de Janeiro,5.98,3.5,2.11,3.08,0.371,1.98,89,ok
0289787AR,744.83,781.43,46.64,Fraxinus angustifolia 'Raywood',False,PRIMERA,Av Rio de Janeiro,,0.0,0.0,,,,0,no_crown_detected
0289788AR,743.54,774.87,46.64,Populus alba 'Pyramidalis',False,SEGONA,Av Rio de Janeiro,10.56,20.2,5.08,3.95,0.283,2.53,304,ok
0289789AR,742.4,767.62,46.68,Populus alba 'Pyramidalis',False,SEGONA,Av Rio de Janeiro,8.99,9.0,3.39,3.72,0.327,2.23,162,ok
0289790AR,740.35,761.56,46.64,Fraxinus angustifolia 'Raywood',False,PRIMERA,Av Rio de Janeiro,11.57,9.5,3.48,3.2,0.083,4.97,144,ok
0289791AR,738.62,754.4,46.62,Fraxinus angustifolia 'Raywood',False,PRIMERA,Av Rio de Janeiro,11.96,14.0,4.22,2.48,0.121,4.22,256,ok
0289792AR,736.94,747.42,46.62,Populus alba 'Pyramidalis',False,SEGONA,Av Rio de Janeiro,11.01,12.5,3.99,4.76,0.145,3.87,249,ok
0289794AR,733.33,733.63,46.62,Fraxinus angustifolia 'Raywood',False,PRIMERA,Av Rio de Janeiro,10.03,11.5,3.83,3.71,0.326,2.24,175,ok
0289795AR,731.56,727.52,46.56,Populus alba 'Pyramidalis',False,SEGONA,Av Rio de Janeiro,9.56,14.8,4.33,3.87,0.307,2.36,225,ok
0289796AR,729.72,720.78,46.52,Populus alba 'Pyramidalis',False,SEGONA,Av Rio de Janeiro,8.8,9.0,3.39,4.32,0.268,2.64,254,ok
0289797AR,727.46,713.24,46.49,Fraxinus angustifolia 'Raywood',False,PRIMERA,Av Rio de Janeiro,8.83,9.0,3.39,4.25,0.344,2.13,273,ok
0289798AR,725.28,706.71,46.48,Populus alba 'Pyramidalis',False,SEGONA,Av Rio de Janeiro,9.87,10.8,3.7,3.72,0.324,2.25,339,ok
0289799AR,723.75,699.93,46.5,Fraxinus angustifolia,False,PRIMERA,Av Rio de Janeiro,4.79,2.8,1.87,2.57,0.429,1.69,70,ok
0289800AR,721.49,693.03,46.44,Fraxinus angustifolia 'Raywood',False,PRIMERA,Av Rio de Janeiro,9.24,9.8,3.52,3.91,0.346,2.12,318,ok
0290139AR,457.14,803.19,57.67,Tipuana tipu,False,PRIMERA,C\ Escultor Ordóñez,5.25,6.0,2.76,4.27,0.486,1.44,107,ok
0290140AR,464.78,800.99,57.43,Tipuana tipu,False,TERCERA,C\ Escultor Ordóñez,8.01,2.2,1.69,4.95,0.104,4.52,48,few_points
0290141AR,440.49,814.68,58.51,Tipuana tipu,False,SEGONA,C\ Eduard Tubau,5.61,45.0,7.57,3.24,0.332,2.21,763,ok
0290142AR,445.96,813.61,58.31,Celtis australis,False,TERCERA,C\ Eduard Tubau,7.3,44.5,7.53,3.54,0.298,2.42,803,ok
0290143AR,445.17,805.06,58.23,Tipuana tipu,False,TERCERA,C\ Escultor Ordóñez,8.63,36.0,6.77,4.33,0.399,1.84,970,ok
0290144AR,451.03,804.88,57.96,Tipuana tipu,False,TERCERA,C\ Escultor Ordóñez,11.75,123.5,12.54,4.19,0.321,2.28,2755,ok
0290623AR,269.42,457.08,52.78,Robinia pseudoacacia,False,TERCERA,C\ Deià,12.05,63.5,8.99,5.27,0.371,1.98,3608,ok
0290624AR,261.32,461.54,53.09,Gleditsia triacanthos f. inermis,False,PRIMERA,C\ Deià,13.48,81.8,10.2,5.92,0.331,2.21,4386,ok
0290625AR,725.08,997.02,52.38,Ligustrum lucidum,False,SEGONA,C\ Horitzontal,7.15,17.8,4.75,4.39,0.28,2.54,239,ok
0290627AR,386.96,659.8,55.06,Melia azedarach,False,TERCERA,C\ Escultor Ordóñez,10.28,45.8,7.63,4.28,0.397,1.85,2272,ok
0290628AR,391.25,667.25,55.16,Melia azedarach,False,TERCERA,C\ Escultor Ordóñez,10.99,61.8,8.87,5.06,0.379,1.94,2552,ok
0290629AR,382.64,651.43,54.92,Melia azedarach,False,SEGONA,C\ Escultor Ordóñez,7.56,18.2,4.82,4.13,0.47,1.51,766,ok
0290630AR,378.99,644.78,54.83,Melia azedarach,False,SEGONA,C\ Escultor Ordóñez,4.74,1.8,1.49,3.69,0.588,1.06,63,no_crown_detected
0290631AR,362.75,267.98,47.15,Pyrus calleryana 'Chanticleer',False,SEGONA,C\ Alloza,21.1,22.0,5.29,4.94,0.309,2.35,902,ok
0290632AR,350.97,258.42,47.99,Pyrus calleryana 'Chanticleer',False,PRIMERA,C\ Alloza,7.92,5.2,2.59,4.02,0.462,1.55,131,ok
0290633AR,357.05,263.4,47.55,Pyrus calleryana 'Chanticleer',False,SEGONA,C\ Alloza,7.66,14.8,4.33,3.75,0.348,2.11,416,ok
0290634AR,346.18,254.56,48.29,Pyrus calleryana 'Chanticleer',False,SEGONA,C\ Alloza,13.84,25.8,5.73,4.86,0.276,2.58,919,ok
0290636AR,233.11,165.38,54.34,Pyrus calleryana 'Chanticleer',False,PRIMERA,C\ Alloza,6.41,11.5,3.83,3.18,0.396,1.85,274,ok
0290637AR,227.99,161.36,54.73,Pyrus calleryana 'Chanticleer',False,PRIMERA,C\ Alloza,5.01,8.8,3.34,2.98,0.488,1.43,203,ok
0290638AR,340.87,250.27,48.66,Pyrus calleryana 'Chanticleer',False,SEGONA,C\ Alloza,13.61,20.5,5.11,4.9,0.354,2.08,705,ok
0290639AR,335.51,245.92,49.01,Pyrus calleryana 'Chanticleer',False,SEGONA,C\ Alloza,13.32,17.0,4.65,4.85,0.319,2.29,513,ok
0290640AR,329.35,240.96,49.28,Pyrus calleryana 'Chanticleer',False,SEGONA,C\ Alloza,10.64,14.0,4.22,4.36,0.368,2.0,505,ok
0290641AR,322.05,235.14,49.6,Pyrus calleryana 'Chanticleer',False,SEGONA,C\ Alloza,10.2,19.0,4.92,4.39,0.3,2.41,791,ok
0290642AR,317.84,231.8,49.82,Pyrus calleryana 'Chanticleer',False,SEGONA,C\ Alloza,11.12,15.2,4.41,4.2,0.376,1.95,532,ok
0290713AR,620.52,176.61,42.1,Citrus × aurantium,False,PRIMERA,C\ Alella,4.98,6.0,2.76,1.67,0.034,6.76,216,ok
0291853AR,310.07,834.51,63.36,Jacaranda mimosifolia,False,TERCERA,C\ Alcúdia,19.72,90.0,10.7,4.32,0.144,3.88,1293,ok
0292446AR,443.8,901.08,58.48,Ligustrum lucidum,False,SEGONA,C\ Garrofers,8.08,56.0,8.44,4.33,0.27,2.62,688,ok
0292447AR,438.62,896.46,58.74,Ligustrum lucidum,False,SEGONA,C\ Garrofers,4.95,2.5,1.78,3.68,0.409,1.79,22,few_points
0292448AR,293.14,949.65,66.09,Populus nigra 'Italica',False,PRIMERA,Pg Valldaura,7.08,6.0,2.76,2.86,0.381,1.93,155,ok
0292456AR,376.68,933.34,62.84,Celtis australis,False,EXEMPLAR,C\ Alcúdia,12.52,84.2,10.36,5.31,0.151,3.78,1757,ok
0292457AR,371.93,926.41,62.78,Jacaranda mimosifolia,False,SEGONA,C\ Alcúdia,9.08,41.0,7.23,5.03,0.197,3.25,614,ok
0292460AR,225.0,433.62,53.58,Cupressus sempervirens,False,PRIMERA,C\ Andratx,7.0,1.8,1.49,4.58,0.41,1.78,71,no_crown_detected
0292461AR,248.08,469.83,53.52,Robinia pseudoacacia,False,SEGONA,C\ Deià,12.8,2.2,1.69,8.59,0.242,2.84,107,ok
0292889AR,392.82,656.49,54.84,Melia azedarach,False,SEGONA,C\ Escultor Ordóñez,10.47,55.8,8.43,5.88,0.429,1.69,2466,ok
0292890AR,397.03,664.34,55.02,Melia azedarach,False,TERCERA,C\ Escultor Ordóñez,9.96,48.5,7.86,4.8,0.316,2.3,2410,ok
0292891AR,401.44,671.73,55.34,Melia azedarach,False,EXEMPLAR,C\ Escultor Ordóñez,11.59,135.0,13.11,4.26,0.29,2.48,4718,ok
0292892AR,461.71,620.6,53.15,Grevillea robusta,False,TERCERA,C\ Brossa,10.76,42.5,7.36,4.43,0.277,2.57,1918,ok
0292953AR,735.73,849.84,47.97,Platanus × acerifolia,True,TERCERA,Av Rio de Janeiro,12.88,109.2,11.79,6.01,0.241,2.84,2452,ok
0298162AR,144.94,760.84,67.59,Pyrus calleryana 'Chanticleer',False,PRIMERA,C\ Formentor,5.89,3.8,2.19,3.01,0.365,2.01,52,ok
0298163AR,152.04,756.98,67.08,Pyrus calleryana 'Chanticleer',False,PRIMERA,C\ Formentor,6.12,3.0,1.95,2.98,0.311,2.34,45,few_points
0298164AR,158.82,753.23,66.59,Pyrus calleryana 'Chanticleer',False,PRIMERA,C\ Formentor,6.76,7.5,3.09,2.96,0.353,2.08,173,ok
0298165AR,165.72,749.48,66.13,Pyrus calleryana 'Chanticleer',False,SEGONA,C\ Formentor,6.92,10.2,3.61,3.25,0.443,1.63,212,ok
0298166AR,174.26,744.63,65.46,Pyrus calleryana 'Chanticleer',False,PRIMERA,C\ Formentor,5.48,4.5,2.39,3.27,0.4,1.83,55,ok
0298167AR,181.45,741.19,65.05,Pyrus calleryana 'Chanticleer',False,SEGONA,C\ Formentor,7.14,6.2,2.82,3.71,0.349,2.1,83,ok
0298168AR,188.53,737.19,64.52,Pyrus calleryana 'Chanticleer',False,SEGONA,C\ Formentor,6.6,9.2,3.43,3.05,0.339,2.16,112,ok
0298169AR,195.68,733.25,64.01,Pyrus calleryana 'Chanticleer',False,SEGONA,C\ Formentor,6.34,9.8,3.52,3.18,0.432,1.68,192,ok
0298170AR,206.85,726.9,63.19,Pyrus calleryana 'Chanticleer',False,SEGONA,C\ Formentor,5.9,6.0,2.76,3.48,0.325,2.25,77,ok
0298171AR,216.29,721.87,62.49,Pyrus calleryana 'Chanticleer',False,PRIMERA,C\ Formentor,5.84,6.0,2.76,2.71,0.324,2.25,71,ok
0298172AR,223.69,718.31,62.02,Pyrus calleryana 'Chanticleer',False,PRIMERA,C\ Formentor,5.99,4.8,2.46,2.98,0.303,2.39,66,ok
0298173AR,220.17,711.67,61.99,Pyrus calleryana 'Chanticleer',False,PRIMERA,C\ Formentor,6.48,6.0,2.76,3.2,0.198,3.24,111,ok
0298174AR,212.45,715.71,62.5,Pyrus calleryana 'Chanticleer',False,PRIMERA,C\ Formentor,7.45,9.8,3.52,3.05,0.179,3.44,184,ok
0298175AR,203.45,720.67,63.17,Pyrus calleryana 'Chanticleer',False,SEGONA,C\ Formentor,7.84,10.2,3.61,3.63,0.194,3.28,201,ok
0298176AR,192.05,726.95,64.03,Pyrus calleryana 'Chanticleer',False,SEGONA,C\ Formentor,7.28,7.5,3.09,3.22,0.161,3.65,161,ok
0298177AR,184.85,730.83,64.45,Pyrus calleryana 'Chanticleer',False,SEGONA,C\ Formentor,7.1,10.0,3.57,3.39,0.294,2.45,231,ok
0298178AR,177.77,734.87,64.98,Pyrus calleryana 'Chanticleer',False,SEGONA,C\ Formentor,6.57,8.8,3.34,2.88,0.385,1.91,182,ok
0298179AR,170.72,738.83,65.44,Pyrus calleryana 'Chanticleer',False,SEGONA,C\ Formentor,6.47,9.0,3.39,2.87,0.307,2.36,192,ok
0298180AR,164.18,742.35,65.89,Pyrus calleryana 'Chanticleer',False,SEGONA,C\ Formentor,6.68,7.5,3.09,3.09,0.308,2.36,169,ok
0298181AR,156.55,746.48,66.46,Pyrus calleryana 'Chanticleer',False,SEGONA,C\ Formentor,6.5,11.0,3.74,2.96,0.302,2.4,232,ok
0304555AR,310.18,952.26,65.49,Grevillea robusta,False,PRIMERA,Pg Valldaura,,0.0,0.0,,,,0,no_crown_detected
0304556AR,312.0,828.8,63.08,Jacaranda mimosifolia,False,TERCERA,C\ Alcúdia,9.19,64.2,9.04,4.63,0.184,3.39,957,ok
0304558AR,330.38,546.44,53.59,Populus nigra 'Italica',False,EXEMPLAR,C\ Escultor Ordóñez,17.16,55.2,8.39,5.19,0.312,2.33,3165,ok
0304561AR,318.5,528.08,53.44,Fraxinus angustifolia 'Raywood',False,PRIMERA,C\ Escultor Ordóñez,13.17,16.5,4.58,3.81,0.253,2.75,987,ok
0304563AR,307.39,509.78,53.26,Populus nigra 'Italica',False,SEGONA,C\ Escultor Ordóñez,13.02,16.8,4.62,4.69,0.222,3.01,802,ok
0304564AR,310.79,516.05,53.32,Fraxinus angustifolia 'Raywood',False,PRIMERA,C\ Escultor Ordóñez,6.84,4.5,2.39,3.71,0.343,2.14,197,ok
0304565AR,303.53,503.73,53.22,Populus nigra 'Italica',False,SEGONA,C\ Escultor Ordóñez,12.79,16.0,4.51,4.14,0.258,2.71,786,ok
0304566AR,299.88,497.94,53.16,Fraxinus angustifolia 'Raywood',False,PRIMERA,C\ Escultor Ordóñez,,0.0,0.0,,,,0,no_crown_detected
0304567AR,295.6,491.61,53.08,Populus nigra 'Italica',False,SEGONA,C\ Escultor Ordóñez,11.12,13.8,4.18,3.86,0.306,2.37,846,ok
0304568AR,291.82,485.78,53.01,Populus nigra 'Italica',False,SEGONA,C\ Escultor Ordóñez,10.32,83.8,10.33,4.39,0.342,2.15,3724,ok
0304569AR,288.16,479.68,52.92,Populus nigra 'Italica',False,SEGONA,C\ Escultor Ordóñez,11.38,13.0,4.07,3.78,0.299,2.41,775,ok
0304572AR,276.87,461.99,52.83,Populus nigra 'Italica',False,SEGONA,C\ Escultor Ordóñez,11.83,17.8,4.75,4.27,0.311,2.34,1003,ok
0304592AR,286.6,369.07,49.35,Melia azedarach,False,TERCERA,C\ Maladeta,11.67,66.8,9.22,6.93,0.169,3.55,2524,ok
0304652AR,502.84,983.99,60.68,Grevillea robusta,False,PRIMERA,Pg Valldaura,6.14,5.5,2.65,3.31,0.323,2.26,124,ok
0304653AR,360.42,625.81,54.94,Melia azedarach,False,SEGONA,C\ Escultor Ordóñez,4.64,11.2,3.78,3.02,0.645,0.88,393,ok
0304654AR,353.0,613.0,54.9,Melia azedarach,False,SEGONA,C\ Escultor Ordóñez,11.17,10.2,3.61,2.51,0.605,1.0,344,ok
0304655AR,346.63,602.12,54.7,Melia azedarach,False,EXEMPLAR,C\ Escultor Ordóñez,14.75,93.0,10.88,6.3,0.402,1.82,5095,ok
0304656AR,345.43,586.64,54.25,Melia azedarach,False,SEGONA,C\ Escultor Ordóñez,8.29,14.2,4.26,3.15,0.412,1.77,704,ok
0304657AR,341.18,579.46,54.09,Tipuana tipu,False,SEGONA,C\ Escultor Ordóñez,6.92,30.8,6.26,3.37,0.49,1.43,1448,ok
0304662AR,948.85,986.69,40.99,Handroanthus heptaphyllus,False,PRIMERA,Pg Andreu Nin,7.94,1.0,1.13,2.8,0.067,5.42,15,no_crown_detected
0304663AR,1002.61,1059.79,41.6,Catalpa bignonioides,False,PRIMERA,Pg Valldaura,,0.0,0.0,,,,0,no_crown_detected
0304687AR,885.16,503.23,41.1,Tilia x europaea,False,SEGONA,C\ Pintor Alsamora,7.72,10.8,3.7,4.27,0.377,1.95,439,ok
0304688AR,880.45,509.95,41.25,Tilia x europaea,False,SEGONA,C\ Pintor Alsamora,8.97,7.5,3.09,4.72,0.14,3.94,256,ok
0304814AR,706.24,734.99,46.46,Populus nigra 'Italica',False,SEGONA,Av Rio de Janeiro,9.96,12.2,3.95,4.35,0.348,2.11,333,ok
0304995AR,458.95,70.17,49.06,Koelreuteria paniculata 'Fastigiata',False,PRIMERA,C\ Arnau d'Oms,12.39,2.5,1.78,7.16,0.156,3.71,64,ok
0307609AR,429.0,207.0,45.04,Pyrus calleryana 'Chanticleer',False,PRIMERA,C\ Maladeta,12.99,8.0,3.19,2.68,0.473,1.5,282,ok
0307610AR,428.95,199.52,45.22,Pyrus calleryana 'Chanticleer',False,PRIMERA,C\ Maladeta,6.4,6.0,2.76,2.64,0.311,2.34,191,ok
0307611AR,428.78,191.51,45.4,Pyrus calleryana 'Chanticleer',False,PRIMERA,C\ Maladeta,6.36,7.5,3.09,2.9,0.377,1.95,246,ok
0307612AR,418.17,188.01,45.78,Pyrus calleryana 'Chanticleer',False,PRIMERA,C\ Alella,5.91,5.5,2.65,3.16,0.234,2.91,126,ok
0307613AR,408.63,188.18,46.18,Pyrus calleryana 'Chanticleer',False,PRIMERA,C\ Alella,7.39,8.0,3.19,2.96,0.245,2.81,208,ok
0307614AR,399.1,188.31,46.56,Pyrus calleryana 'Chanticleer',False,SEGONA,C\ Alella,6.69,9.2,3.43,3.29,0.359,2.05,200,ok
0307615AR,389.47,188.87,46.97,Pyrus calleryana 'Chanticleer',False,SEGONA,C\ Alella,7.23,8.8,3.34,3.33,0.175,3.48,173,ok
0307616AR,380.0,189.16,47.37,Pyrus calleryana 'Chanticleer',False,SEGONA,C\ Alella,14.35,13.0,4.07,3.32,0.297,2.42,368,ok
0307617AR,369.75,189.42,47.72,Pyrus calleryana 'Chanticleer',False,SEGONA,C\ Alella,6.73,5.5,2.65,3.1,0.316,2.31,144,ok
0307618AR,359.93,189.85,48.14,Pyrus calleryana 'Chanticleer',False,PRIMERA,C\ Alella,6.49,5.8,2.71,2.97,0.256,2.73,138,ok
0307619AR,350.01,190.24,48.55,Pyrus calleryana 'Chanticleer',False,SEGONA,C\ Alella,6.58,8.5,3.29,3.17,0.255,2.74,183,ok
0307620AR,339.86,190.43,49.0,Pyrus calleryana 'Chanticleer',False,PRIMERA,C\ Alella,5.67,8.0,3.19,3.47,0.395,1.86,157,ok
0307621AR,330.47,190.69,49.43,Pyrus calleryana 'Chanticleer',False,PRIMERA,C\ Alella,5.51,4.8,2.46,2.97,0.333,2.2,111,ok
0311481AR,278.95,782.89,62.23,Jacaranda mimosifolia,False,PRIMERA,C\ Alcúdia,6.87,22.8,5.38,3.16,0.29,2.48,449,ok
0311483AR,351.78,958.88,64.21,Grevillea robusta,False,PRIMERA,Pg Valldaura,,0.0,0.0,,,,0,no_crown_detected
0311496AR,303.31,586.99,54.56,Robinia pseudoacacia,False,TERCERA,C\ Valldemossa,8.38,12.0,3.91,4.83,0.41,1.78,405,ok
0311497AR,295.45,591.75,54.8,Robinia pseudoacacia,False,TERCERA,C\ Valldemossa,14.22,26.5,5.81,7.99,0.245,2.81,1309,ok
0314475AR,756.98,268.26,40.14,Platanus × acerifolia,True,SEGONA,Pg Andreu Nin,13.48,85.2,10.42,4.65,0.359,2.05,4770,ok
0316996AR,201.28,315.43,53.2,Eugenia uniflora,False,PRIMERA,C\ Escultor Ordóñez,3.88,3.2,2.03,2.19,0.327,2.24,79,ok
0316997AR,230.92,363.97,51.06,Eugenia uniflora,False,PRIMERA,C\ Escultor Ordóñez,5.51,5.5,2.65,2.52,0.33,2.22,150,ok
0316998AR,238.6,353.67,51.18,Pyrus calleryana 'Chanticleer',False,PRIMERA,C\ Escultor Ordóñez,20.74,33.8,6.56,3.74,0.17,3.54,1865,ok
0316999AR,234.4,347.02,51.39,Pyrus calleryana 'Chanticleer',False,PRIMERA,C\ Escultor Ordóñez,6.55,5.5,2.65,2.99,0.481,1.46,172,ok
0317000AR,226.2,333.06,51.97,Pyrus calleryana 'Chanticleer',False,PRIMERA,C\ Escultor Ordóñez,7.18,3.0,1.95,2.86,0.308,2.36,148,ok
0317001AR,226.38,356.55,51.45,Eugenia uniflora,False,PRIMERA,C\ Escultor Ordóñez,4.8,9.8,3.52,2.28,0.215,3.07,213,ok
0317002AR,234.76,370.26,50.85,Eugenia uniflora,False,PRIMERA,C\ Escultor Ordóñez,5.62,8.8,3.34,2.06,0.237,2.88,241,ok
0317003AR,238.86,377.16,50.62,Eugenia uniflora,False,PRIMERA,C\ Escultor Ordóñez,4.94,5.2,2.59,2.7,0.398,1.84,164,ok
0317004AR,192.98,301.72,54.12,Eugenia uniflora,False,PRIMERA,C\ Escultor Ordóñez,4.42,4.2,2.33,2.38,0.365,2.02,96,ok
0317005AR,196.93,285.31,54.4,Pyrus calleryana 'Chanticleer',False,PRIMERA,C\ Escultor Ordóñez,5.85,4.2,2.33,2.76,0.443,1.63,130,ok
0317006AR,247.16,367.21,50.72,Pyrus calleryana 'Chanticleer',False,PRIMERA,C\ Escultor Ordóñez,7.21,5.2,2.59,3.22,0.48,1.47,218,ok
0317007AR,184.69,288.1,55.02,Eugenia uniflora,False,PRIMERA,C\ Escultor Ordóñez,17.38,11.0,3.74,2.7,0.391,1.88,318,ok
0317008AR,201.13,292.33,54.06,Pyrus calleryana 'Chanticleer',False,PRIMERA,C\ Escultor Ordóñez,6.26,4.2,2.33,2.69,0.426,1.71,132,ok
0317009AR,218.08,342.93,51.98,Eugenia uniflora,False,PRIMERA,C\ Escultor Ordóñez,4.59,4.0,2.26,2.22,0.348,2.11,108,ok
0317010AR,222.28,349.74,51.69,Eugenia uniflora,False,PRIMERA,C\ Escultor Ordóñez,4.83,3.5,2.11,2.29,0.293,2.45,94,ok
0317011AR,242.88,360.48,50.94,Pyrus calleryana 'Chanticleer',False,PRIMERA,C\ Escultor Ordóñez,5.19,3.8,2.19,2.98,0.396,1.85,104,ok
0317012AR,230.31,339.86,51.74,Pyrus calleryana 'Chanticleer',False,SEGONA,C\ Escultor Ordóñez,11.97,8.5,3.29,2.96,0.343,2.14,212,ok
0317013AR,197.17,308.62,53.66,Eugenia uniflora,False,PRIMERA,C\ Escultor Ordóñez,5.81,13.8,4.18,2.21,0.245,2.81,303,ok
0317014AR,192.84,278.57,54.8,Pyrus calleryana 'Chanticleer',False,PRIMERA,C\ Escultor Ordóñez,5.12,2.5,1.78,2.65,0.391,1.88,96,ok
0317015AR,180.76,281.46,55.58,Eugenia uniflora,False,PRIMERA,C\ Escultor Ordóñez,4.9,5.5,2.65,2.09,0.426,1.7,210,ok
0317016AR,221.38,326.0,52.29,Pyrus calleryana 'Chanticleer',False,PRIMERA,C\ Escultor Ordóñez,6.02,2.2,1.69,2.78,0.439,1.65,106,ok
0317017AR,209.44,306.06,53.2,Pyrus calleryana 'Chanticleer',False,PRIMERA,C\ Escultor Ordóñez,6.49,3.8,2.19,2.97,0.388,1.89,110,ok
0317018AR,213.98,312.9,52.83,Pyrus calleryana 'Chanticleer',False,PRIMERA,C\ Escultor Ordóñez,6.78,4.0,2.26,2.83,0.413,1.77,133,ok
0317019AR,205.17,299.07,53.64,Pyrus calleryana 'Chanticleer',False,PRIMERA,C\ Escultor Ordóñez,5.98,6.5,2.88,3.14,0.41,1.78,187,ok
0317020AR,188.97,294.82,54.58,Eugenia uniflora,False,PRIMERA,C\ Escultor Ordóñez,5.3,7.5,3.09,2.33,0.374,1.97,191,ok
0317021AR,205.38,321.89,52.91,Eugenia uniflora,False,PRIMERA,C\ Escultor Ordóñez,5.3,5.5,2.65,2.28,0.333,2.2,142,ok
0317022AR,213.89,335.94,52.34,Eugenia uniflora,False,PRIMERA,C\ Escultor Ordóñez,4.01,4.2,2.33,2.05,0.442,1.63,120,ok
0317228AR,784.53,953.83,48.67,Melia azedarach,False,SEGONA,Av Rio de Janeiro,14.72,47.2,7.76,6.75,0.209,3.13,1244,ok
0319122AR,188.95,271.98,55.21,Pyrus calleryana 'Chanticleer',False,PRIMERA,C\ Escultor Ordóñez,5.46,4.0,2.26,2.64,0.534,1.25,132,ok
0322205AR,298.34,466.66,52.39,Celtis australis,False,SEGONA,C\ Escultor Ordóñez,5.01,5.0,2.52,2.34,0.482,1.46,200,ok
0322206AR,295.49,461.58,52.38,Celtis australis,False,SEGONA,C\ Escultor Ordóñez,4.98,7.8,3.14,2.71,0.53,1.27,298,ok
0323580AR,169.32,586.45,58.76,Pyrus calleryana 'Chanticleer',False,PRIMERA,C\ Alcúdia,12.72,5.5,2.65,4.08,0.235,2.89,244,ok
0323582AR,178.42,601.42,58.82,Pyrus calleryana 'Chanticleer',False,PRIMERA,C\ Alcúdia,,0.0,0.0,,,,0,no_crown_detected
0323583AR,182.63,608.16,58.84,Pyrus calleryana 'Chanticleer',False,PRIMERA,C\ Alcúdia,6.19,4.5,2.39,2.54,0.342,2.15,134,ok
0323584AR,186.77,614.83,58.88,Pyrus calleryana 'Chanticleer',False,PRIMERA,C\ Alcúdia,4.9,3.5,2.11,2.47,0.257,2.72,120,ok
0323585AR,191.16,621.76,58.92,Pyrus calleryana 'Chanticleer',False,PRIMERA,C\ Alcúdia,5.67,2.8,1.87,2.75,0.309,2.35,96,ok
0323586AR,195.39,628.45,58.99,Pyrus calleryana 'Chanticleer',False,PRIMERA,C\ Alcúdia,5.82,2.0,1.6,2.77,0.304,2.38,80,ok
0323587AR,144.88,546.09,58.59,Pyrus calleryana 'Chanticleer',False,PRIMERA,C\ Alcúdia,5.23,1.2,1.26,1.82,0.25,2.77,37,no_crown_detected
0323588AR,148.65,552.3,58.64,Pyrus calleryana 'Chanticleer',False,PRIMERA,C\ Alcúdia,,0.0,0.0,,,,0,no_crown_detected
0323589AR,152.8,559.14,58.65,Pyrus calleryana 'Chanticleer',False,PRIMERA,C\ Alcúdia,,0.0,0.0,,,,0,no_crown_detected
0323590AR,156.95,565.98,58.68,Pyrus calleryana 'Chanticleer',False,PRIMERA,C\ Alcúdia,,0.0,0.0,,,,0,no_crown_detected
0323591AR,165.28,579.67,58.74,Pyrus calleryana 'Chanticleer',False,PRIMERA,C\ Alcúdia,4.99,2.5,1.78,2.66,0.5,1.39,79,ok
0323592AR,136.03,550.4,58.83,Pyrus calleryana 'Chanticleer',False,PRIMERA,C\ Alcúdia,6.04,2.5,1.78,2.33,0.426,1.7,122,ok
0323593AR,140.18,557.24,58.85,Pyrus calleryana 'Chanticleer',False,PRIMERA,C\ Alcúdia,4.98,1.2,1.26,2.31,0.423,1.72,53,no_crown_detected
0323594AR,144.33,564.08,58.87,Pyrus calleryana 'Chanticleer',False,PRIMERA,C\ Alcúdia,5.58,2.5,1.78,2.69,0.458,1.56,130,ok
0323595AR,148.48,570.92,58.9,Pyrus calleryana 'Chanticleer',False,PRIMERA,C\ Alcúdia,5.63,3.0,1.95,2.38,0.477,1.48,120,ok
0323596AR,153.0,577.96,58.95,Pyrus calleryana 'Chanticleer',False,PRIMERA,C\ Alcúdia,5.4,2.0,1.6,2.48,0.431,1.68,113,ok
0323597AR,157.03,584.63,58.97,Pyrus calleryana 'Chanticleer',False,PRIMERA,C\ Alcúdia,5.87,2.8,1.87,2.37,0.492,1.42,113,ok
0323598AR,199.7,635.24,59.26,Pyrus calleryana 'Chanticleer',False,PRIMERA,C\ Valldemossa,5.46,3.5,2.11,2.47,0.557,1.17,107,ok
0323599AR,161.1,572.82,58.7,Pyrus calleryana 'Chanticleer',False,PRIMERA,C\ Alcúdia,5.23,2.0,1.6,2.69,0.303,2.39,57,ok
0324830AR,181.68,795.8,66.93,Hibiscus syriacus,False,PRIMERA,Pl Jardins d'Alfàbia,4.06,3.2,2.03,2.96,0.372,1.98,43,few_points
0324831AR,189.09,792.1,66.46,Hibiscus syriacus,False,PRIMERA,Pl Jardins d'Alfàbia,3.78,4.2,2.33,3.14,0.418,1.74,67,ok
0324832AR,195.43,788.92,65.96,Hibiscus syriacus,False,PRIMERA,Pl Jardins d'Alfàbia,4.62,6.2,2.82,3.0,0.452,1.59,124,ok
0324834AR,207.76,782.58,65.08,Hibiscus syriacus,False,PRIMERA,Pl Jardins d'Alfàbia,4.03,2.0,1.6,3.16,0.357,2.06,28,few_points
0324835AR,214.11,779.41,64.72,Hibiscus syriacus,False,PRIMERA,Pl Jardins d'Alfàbia,3.52,0.5,0.8,3.52,0.6,1.02,5,no_crown_detected
0324836AR,220.63,776.24,64.25,Hibiscus syriacus,False,PRIMERA,Pl Jardins d'Alfàbia,3.69,1.2,1.26,3.01,0.385,1.91,13,no_crown_detected
0324839AR,238.95,766.9,63.0,Hibiscus syriacus,False,PRIMERA,Pl Jardins d'Alfàbia,4.63,2.8,1.87,2.73,0.446,1.61,56,ok
0324840AR,245.3,763.72,62.67,Hibiscus syriacus,False,PRIMERA,Pl Jardins d'Alfàbia,4.28,7.2,3.04,3.07,0.438,1.65,130,ok
0324841AR,251.64,760.55,62.33,Hibiscus syriacus,False,PRIMERA,Pl Jardins d'Alfàbia,3.88,2.0,1.6,3.15,0.381,1.93,21,few_points
0324842AR,186.44,823.81,67.85,Hibiscus syriacus,False,PRIMERA,Pl Jardins d'Alfàbia,4.24,6.0,2.76,2.19,0.374,1.97,107,ok
0324843AR,193.31,820.47,67.34,Hibiscus syriacus,False,PRIMERA,Pl Jardins d'Alfàbia,3.84,5.2,2.59,2.79,0.475,1.49,101,ok
0324847AR,220.1,807.43,65.53,Hibiscus syriacus,False,PRIMERA,Pl Jardins d'Alfàbia,4.42,9.0,3.39,2.06,0.174,3.49,86,ok
0324848AR,226.62,804.25,65.14,Hibiscus syriacus,False,PRIMERA,Pl Jardins d'Alfàbia,4.2,8.5,3.29,2.78,0.378,1.95,135,ok
0324849AR,233.32,800.87,64.69,Hibiscus syriacus,False,PRIMERA,Pl Jardins d'Alfàbia,3.79,4.5,2.39,2.94,0.245,2.81,53,ok
0324850AR,239.13,798.09,64.38,Hibiscus syriacus,False,PRIMERA,Pl Jardins d'Alfàbia,3.93,7.5,3.09,2.6,0.474,1.49,137,ok
0324851AR,251.64,792.27,63.66,Hibiscus syriacus,False,PRIMERA,Pl Jardins d'Alfàbia,4.04,10.8,3.7,2.54,0.307,2.36,140,ok
0324852AR,257.81,789.1,63.24,Hibiscus syriacus,False,PRIMERA,Pl Jardins d'Alfàbia,3.68,6.5,2.88,2.79,0.323,2.26,93,ok
0324853AR,263.97,785.93,62.81,Hibiscus syriacus,False,PRIMERA,Pl Jardins d'Alfàbia,3.86,5.5,2.65,2.38,0.443,1.63,70,ok
0324854AR,270.32,782.76,62.53,Hibiscus syriacus,False,PRIMERA,Pl Jardins d'Alfàbia,4.18,4.5,2.39,2.85,0.56,1.16,84,ok
0325669AR,913.73,803.75,41.43,Catalpa bignonioides,False,TERCERA,Pg Andreu Nin,7.41,4.2,2.33,2.02,0.33,2.22,94,ok
0325674AR,931.53,922.03,39.9,Handroanthus heptaphyllus,False,PRIMERA,Pg Andreu Nin,2.82,4.5,2.39,2.18,0.47,1.51,83,low_tree
0330718AR,443.38,381.68,46.64,Pyrus calleryana 'Chanticleer',False,PRIMERA,C\ Estudiant,5.7,2.5,1.78,2.25,0.266,2.65,117,ok
0330719AR,440.09,376.53,46.72,Pyrus calleryana 'Chanticleer',False,PRIMERA,C\ Estudiant,6.28,3.0,1.95,2.62,0.558,1.17,134,ok
0330720AR,437.12,371.6,46.81,Pyrus calleryana 'Chanticleer',False,PRIMERA,C\ Estudiant,,0.0,0.0,,,,0,no_crown_detected
0330721AR,433.72,366.6,46.87,Pyrus calleryana 'Chanticleer',False,PRIMERA,C\ Estudiant,5.13,1.2,1.26,2.3,0.235,2.89,63,no_crown_detected
0330726AR,364.14,537.65,52.94,Celtis australis,False,SEGONA,C\ Valldemossa,5.65,7.2,3.04,2.54,0.557,1.17,287,ok
0330731AR,450.57,407.39,46.5,Tipuana tipu,False,PRIMERA,C\ Estudiant,4.68,3.0,1.95,3.51,0.612,0.98,123,ok
0330769AR,339.38,532.22,53.21,Platanus × acerifolia,True,SEGONA,C\ Escultor Ordóñez,12.39,93.8,10.93,5.54,0.371,1.99,5160,ok
0331092AR,717.42,278.8,41.86,Prunus cerasifera 'Pissardii',False,PRIMERA,Av Rio de Janeiro,6.16,24.5,5.59,2.81,0.327,2.23,1032,ok
0331093AR,717.4,280.04,41.88,Prunus cerasifera 'Pissardii',False,PRIMERA,Av Rio de Janeiro,5.57,0.2,0.56,3.82,0.333,2.2,13,no_crown_detected
0331242AR,497.32,983.13,60.89,Populus nigra 'Italica',False,SEGONA,Pg Valldaura,14.5,20.0,5.05,6.19,0.321,2.27,616,ok
0332576AR,363.97,720.9,58.83,Celtis australis,False,PRIMERA,C\ Pintor Alsamora,,0.0,0.0,,,,0,no_crown_detected
0332577AR,379.37,711.59,58.7,Celtis australis,False,PRIMERA,C\ Pintor Alsamora,,0.0,0.0,,,,0,no_crown_detected
0332578AR,348.28,730.3,58.85,Celtis australis,False,PRIMERA,C\ Pintor Alsamora,,0.0,0.0,,,,0,no_crown_detected
0332579AR,394.99,702.26,58.6,Celtis australis,False,PRIMERA,C\ Pintor Alsamora,,0.0,0.0,,,,0,no_crown_detected
0338305AR,897.03,289.38,39.86,Celtis australis,False,SEGONA,Av Meridiana,5.5,10.8,3.7,4.3,0.562,1.15,414,ok
0338418AR,707.75,740.38,46.43,Fraxinus angustifolia 'Raywood',False,PRIMERA,Av Rio de Janeiro,10.46,15.8,4.48,4.22,0.325,2.25,474,ok
0347207AR,750.36,242.86,40.49,Brachychiton acerifolius,False,PRIMERA,Av Rio de Janeiro,10.12,2.0,1.6,7.62,0.375,1.96,58,ok
0347208AR,746.84,250.01,40.38,Brachychiton acerifolius,False,PRIMERA,Av Rio de Janeiro,23.49,77.8,9.95,5.87,0.204,3.18,4377,ok
