tree_id,x,y,water_convergence_m2,drains_to_hotspot,sun_share_summer,sun_share_winter,shade_summer_m2h_celtis_australis,shade_winter_m2h_celtis_australis,water_m3_celtis_australis,shade_summer_m2h_styphnolobium_japonicum,shade_winter_m2h_styphnolobium_japonicum,water_m3_styphnolobium_japonicum,shade_summer_m2h_tipuana_tipu,shade_winter_m2h_tipuana_tipu,water_m3_tipuana_tipu,shade_summer_m2h_melia_azedarach,shade_winter_m2h_melia_azedarach,water_m3_melia_azedarach,shade_summer_m2h_brachychiton_populneus,shade_winter_m2h_brachychiton_populneus,water_m3_brachychiton_populneus,shade_summer_m2h_pyrus_calleryana,shade_winter_m2h_pyrus_calleryana,water_m3_pyrus_calleryana,shade_summer_m2h_jacaranda_mimosifolia,shade_winter_m2h_jacaranda_mimosifolia,water_m3_jacaranda_mimosifolia,shade_summer_m2h_ligustrum_lucidum,shade_winter_m2h_ligustrum_lucidum,water_m3_ligustrum_lucidum,shade_summer_m2h_prunus_cerasifera,shade_winter_m2h_prunus_cerasifera,water_m3_prunus_cerasifera,shade_summer_m2h_gleditsia_triacanthos,shade_winter_m2h_gleditsia_triacanthos,water_m3_gleditsia_triacanthos,shade_summer_m2h_cercis_siliquastrum,shade_winter_m2h_cercis_siliquastrum,water_m3_cercis_siliquastrum,shade_summer_m2h_ulmus_pumila,shade_winter_m2h_ulmus_pumila,water_m3_ulmus_pumila,shade_summer_m2h_citrus_aurantium,shade_winter_m2h_citrus_aurantium,water_m3_citrus_aurantium,shade_summer_m2h_robinia_pseudoacacia,shade_winter_m2h_robinia_pseudoacacia,water_m3_robinia_pseudoacacia,shade_summer_m2h_koelreuteria_paniculata,shade_winter_m2h_koelreuteria_paniculata,water_m3_koelreuteria_paniculata,shade_summer_m2h_magnolia_grandiflora,shade_winter_m2h_magnolia_grandiflora,water_m3_magnolia_grandiflora,shade_summer_m2h_grevillea_robusta,shade_winter_m2h_grevillea_robusta,water_m3_grevillea_robusta,shade_summer_m2h_tilia_euchlora,shade_winter_m2h_tilia_euchlora,water_m3_tilia_euchlora,shade_summer_m2h_pinus_pinea,shade_winter_m2h_pinus_pinea,water_m3_pinus_pinea,shade_summer_m2h_celtis_sinensis,shade_winter_m2h_celtis_sinensis,water_m3_celtis_sinensis,shade_summer_m2h_populus_nigra,shade_winter_m2h_populus_nigra,water_m3_populus_nigra,shade_summer_m2h_quercus_ilex,shade_winter_m2h_quercus_ilex,water_m3_quercus_ilex,shade_summer_m2h_firmiana_simplex,shade_winter_m2h_firmiana_simplex,water_m3_firmiana_simplex,shade_summer_m2h_fraxinus_angustifolia,shade_winter_m2h_fraxinus_angustifolia,water_m3_fraxinus_angustifolia,shade_summer_m2h_tilia_europaea,shade_winter_m2h_tilia_europaea,water_m3_tilia_europaea,shade_summer_m2h_casuarina_cunninghamiana,shade_winter_m2h_casuarina_cunninghamiana,water_m3_casuarina_cunninghamiana,shade_summer_m2h_hibiscus_syriacus,shade_winter_m2h_hibiscus_syriacus,water_m3_hibiscus_syriacus,shade_summer_m2h_ginkgo_biloba,shade_winter_m2h_ginkgo_biloba,water_m3_ginkgo_biloba,shade_summer_m2h_populus_alba,shade_winter_m2h_populus_alba,water_m3_populus_alba,shade_summer_m2h_acer_campestre,shade_winter_m2h_acer_campestre,water_m3_acer_campestre,shade_summer_m2h_pinus_halepensis,shade_winter_m2h_pinus_halepensis,water_m3_pinus_halepensis,shade_summer_m2h_cupressus_sempervirens,shade_winter_m2h_cupressus_sempervirens,water_m3_cupressus_sempervirens,shade_summer_m2h_catalpa_bignonioides,shade_winter_m2h_catalpa_bignonioides,water_m3_catalpa_bignonioides,shade_summer_m2h_acer_monspessulanum,shade_winter_m2h_acer_monspessulanum,water_m3_acer_monspessulanum
0131651AR,788.06,334.02,206722.0,0.0,1.0,1.0,147.8,140.3,0.0,194.6,165.8,0.0,252.9,419.8,0.0,238.3,195.7,0.0,64.1,167.0,0.0,39.3,51.3,0.0,130.0,117.5,0.0,74.1,141.0,0.0,40.7,47.5,0.0,120.5,115.2,0.0,102.0,101.6,0.0,268.5,226.5,0.0,34.8,56.7,0.0,200.1,182.8,0.0,63.1,63.7,0.0,72.5,190.7,0.0,76.9,223.9,0.0,44.5,48.5,0.0,316.2,467.0,0.0,124.7,111.5,0.0,152.7,179.1,0.0,240.1,408.4,0.0,109.7,114.4,0.0,41.2,50.6,0.0,93.4,96.1,0.0,116.4,314.6,0.0,35.8,31.2,0.0,35.3,54.3,0.0,106.3,144.4,0.0,67.5,73.8,0.0,278.9,460.5,0.0,93.1,285.2,0.0,107.9,106.7,0.0,52.8,50.4,0.0
0131652AR,303.55,742.77,891.0,0.0,0.67,0.33,116.6,90.8,0.0,156.6,109.9,0.0,200.4,269.2,0.0,193.9,125.8,0.0,49.6,81.9,0.0,30.6,24.8,0.0,102.6,65.2,0.0,58.8,71.8,0.0,32.2,22.2,0.0,93.6,62.5,0.0,81.4,53.5,0.0,211.2,140.4,0.0,28.0,27.0,0.0,166.7,127.0,0.0,47.2,30.4,0.0,56.0,93.4,0.0,59.9,142.3,0.0,35.3,22.2,0.0,264.0,292.6,0.0,100.2,59.7,0.0,126.7,117.1,0.0,195.2,274.7,0.0,88.4,75.3,0.0,32.4,24.6,0.0,74.6,47.8,0.0,93.0,211.0,0.0,26.8,14.3,0.0,27.1,26.1,0.0,84.0,96.7,0.0,53.1,36.4,0.0,225.8,295.2,0.0,75.2,194.3,0.0,86.5,57.8,0.0,39.8,24.8,0.0
0131658AR,77.24,511.85,1963.0,0.0,0.67,0.33,71.9,34.9,0.0,85.7,38.3,0.0,106.7,93.9,0.0,110.4,43.2,0.0,37.9,44.5,0.0,24.3,15.1,0.0,65.0,27.5,0.0,45.9,35.7,0.0,25.6,13.3,0.0,62.6,25.9,0.0,49.3,25.6,0.0,112.9,50.3,0.0,21.6,15.5,0.0,72.7,41.8,0.0,39.6,16.4,0.0,43.5,49.3,0.0,41.4,52.9,0.0,28.0,13.9,0.0,131.4,105.2,0.0,60.0,25.0,0.0,51.9,41.4,0.0,100.6,89.5,0.0,52.1,26.1,0.0,26.5,15.0,0.0,50.3,25.2,0.0,44.6,72.3,0.0,25.6,10.7,0.0,21.5,15.1,0.0,39.8,35.7,0.0,41.4,18.5,0.0,114.9,103.9,0.0,33.2,73.4,0.0,52.4,24.9,0.0,35.1,13.4,0.0
0131663AR,794.23,193.59,29.0,1.0,1.0,0.5,147.8,138.3,0.127,194.6,170.5,0.189,252.9,438.7,0.238,238.3,193.4,0.214,64.1,144.2,0.051,39.3,37.1,0.029,130.0,108.4,0.118,74.1,115.5,0.066,40.7,32.2,0.031,120.5,98.6,0.098,102.0,88.6,0.088,268.5,231.9,0.254,34.8,36.7,0.032,200.1,208.6,0.173,63.1,51.9,0.053,72.5,163.1,0.061,76.9,216.1,0.058,44.5,32.5,0.035,316.2,496.1,0.318,124.7,99.4,0.11,152.7,228.1,0.105,240.1,427.4,0.248,109.7,113.8,0.092,41.2,36.6,0.031,93.4,82.2,0.077,116.4,339.5,0.085,35.8,15.7,0.029,35.3,39.3,0.024,106.3,156.3,0.072,67.5,60.5,0.055,278.9,487.5,0.287,93.1,363.5,0.049,107.9,91.4,0.09,52.8,35.4,0.045
0131665AR,947.07,1052.34,7081.0,1.0,0.17,0.0,95.0,0.0,0.127,129.4,0.0,0.189,160.7,0.0,0.238,129.0,0.0,0.214,38.1,0.0,0.051,16.0,0.0,0.029,64.9,0.0,0.118,40.6,0.0,0.066,13.3,0.0,0.031,61.7,0.0,0.098,47.3,0.0,0.088,164.1,0.0,0.254,10.5,0.0,0.032,120.3,0.0,0.173,34.7,0.0,0.053,37.7,0.0,0.061,52.1,0.0,0.058,18.6,0.0,0.035,195.6,0.0,0.29,57.8,0.0,0.11,107.0,0.0,0.105,141.5,0.0,0.248,60.5,0.0,0.092,17.3,0.0,0.031,39.8,0.0,0.077,73.1,0.0,0.085,8.3,0.0,0.029,14.6,0.0,0.024,74.1,0.0,0.072,37.2,0.0,0.055,177.1,0.0,0.287,68.0,0.0,0.049,49.9,0.0,0.09,29.1,0.0,0.045
0131668AR,643.0,51.0,2146.0,0.0,1.0,1.0,132.6,0.0,0.0,154.0,0.0,0.0,181.7,0.0,0.0,213.9,0.0,0.0,62.5,0.0,0.0,39.3,0.0,0.0,124.0,0.0,0.0,72.4,0.0,0.0,40.2,0.0,0.0,110.1,0.0,0.0,98.9,0.0,0.0,206.2,0.0,0.0,34.8,0.0,0.0,162.0,0.0,0.0,62.4,0.0,0.0,70.1,0.0,0.0,72.8,0.0,0.0,44.0,0.0,0.0,231.2,0.0,0.0,120.9,0.0,0.0,122.5,0.0,0.0,192.8,0.0,0.0,104.6,0.0,0.0,40.7,0.0,0.0,90.6,0.0,0.0,104.4,0.0,0.0,35.8,6.8,0.0,35.3,0.0,0.0,94.8,0.0,0.0,65.9,0.0,0.0,200.3,0.0,0.0,76.1,0.0,0.0,104.7,0.0,0.0,52.2,0.0,0.0
0131672AR,779.63,212.63,19.0,1.0,1.0,1.0,147.8,146.6,0.127,194.6,179.7,0.189,252.9,460.0,0.238,238.3,210.4,0.214,64.1,167.0,0.051,39.3,51.3,0.029,130.0,117.5,0.118,74.1,141.0,0.066,40.7,47.5,0.031,120.5,115.2,0.098,102.0,101.6,0.088,268.5,247.1,0.254,34.8,56.7,0.032,200.1,210.0,0.173,63.1,63.7,0.053,72.5,190.7,0.061,76.9,229.6,0.058,44.5,48.5,0.035,316.2,515.4,0.318,124.7,111.5,0.11,152.7,227.4,0.105,240.1,447.8,0.248,109.7,120.2,0.092,41.2,50.6,0.031,93.4,96.1,0.077,116.4,348.3,0.085,35.8,31.2,0.029,35.3,54.3,0.024,106.3,160.4,0.072,67.5,73.8,0.055,278.9,504.4,0.287,93.1,363.5,0.049,107.9,106.7,0.09,52.8,50.4,0.045
0131675AR,887.0,198.0,13.0,1.0,1.0,1.0,147.8,143.8,0.127,194.6,172.2,0.189,252.9,437.6,0.238,238.3,203.2,0.214,64.1,167.0,0.051,39.3,51.3,0.029,130.0,117.5,0.118,74.1,141.0,0.066,40.7,47.5,0.031,120.5,115.2,0.098,102.0,101.6,0.088,268.5,236.6,0.254,34.8,56.7,0.032,200.1,192.3,0.173,63.1,63.7,0.053,72.5,190.7,0.061,76.9,228.2,0.058,44.5,48.5,0.035,316.2,487.8,0.318,124.7,111.5,0.11,152.7,209.1,0.105,240.1,426.0,0.248,109.7,118.0,0.092,41.2,50.6,0.031,93.4,96.1,0.077,116.4,326.8,0.085,35.8,31.2,0.029,35.3,54.3,0.024,106.3,150.4,0.072,67.5,73.8,0.055,278.9,480.0,0.287,93.1,320.2,0.049,107.9,106.7,0.09,52.8,50.4,0.045
0131676AR,1007.29,641.87,7.0,0.0,1.0,0.83,147.8,146.6,0.0,194.6,179.7,0.0,252.9,460.0,0.0,238.3,210.4,0.0,64.1,163.1,0.0,39.3,46.1,0.0,130.0,115.1,0.0,74.1,132.8,0.0,40.7,41.5,0.0,120.5,110.6,0.0,102.0,99.4,0.0,268.5,247.1,0.0,34.8,46.3,0.0,200.1,210.0,0.0,63.1,58.1,0.0,72.5,181.9,0.0,76.9,229.6,0.0,44.5,42.1,0.0,316.2,515.4,0.0,124.7,109.3,0.0,152.7,228.4,0.0,240.1,447.8,0.0,109.7,120.2,0.0,41.2,45.5,0.0,93.4,91.8,0.0,116.4,348.3,0.0,35.8,26.8,0.0,35.3,48.3,0.0,106.3,160.4,0.0,67.5,69.8,0.0,278.9,504.4,0.0,93.1,363.5,0.0,107.9,104.4,0.0,52.8,45.5,0.0
0131678AR,806.45,402.64,29.0,0.0,1.0,1.0,147.8,114.5,0.0,194.6,139.5,0.0,252.9,354.1,0.0,238.3,162.5,0.0,64.1,145.1,0.0,39.3,51.3,0.0,130.0,100.1,0.0,74.1,132.2,0.0,40.7,47.5,0.0,120.5,102.3,0.0,102.0,88.8,0.0,268.5,193.0,0.0,34.8,56.7,0.0,200.1,152.1,0.0,63.1,62.5,0.0,72.5,171.6,0.0,76.9,178.0,0.0,44.5,48.5,0.0,316.2,391.3,0.0,124.7,99.0,0.0,152.7,155.5,0.0,240.1,344.2,0.0,109.7,93.9,0.0,41.2,50.6,0.0,93.4,86.8,0.0,116.4,257.8,0.0,35.8,31.2,0.0,35.3,54.3,0.0,106.3,118.1,0.0,67.5,69.1,0.0,278.9,382.2,0.0,93.1,254.7,0.0,107.9,92.6,0.0,52.8,50.4,0.0
0131683AR,515.15,351.3,7.0,0.0,1.0,0.83,147.8,114.1,0.0,194.6,145.5,0.0,252.9,381.1,0.0,238.3,171.5,0.0,64.1,126.5,0.0,39.3,38.7,0.0,130.0,90.9,0.0,74.1,107.8,0.0,40.7,36.1,0.0,120.5,89.5,0.0,102.0,77.8,0.0,268.5,203.1,0.0,34.8,43.9,0.0,200.1,181.4,0.0,63.1,48.5,0.0,72.5,144.4,0.0,76.9,174.5,0.0,44.5,37.0,0.0,316.2,428.4,0.0,124.7,86.5,0.0,152.7,210.5,0.0,240.1,370.6,0.0,109.7,92.9,0.0,41.2,38.4,0.0,93.4,74.3,0.0,116.4,278.0,0.0,35.8,24.2,0.0,35.3,40.8,0.0,106.3,131.1,0.0,67.5,56.0,0.0,278.9,417.2,0.0,93.1,330.1,0.0,107.9,81.9,0.0,52.8,38.6,0.0
0131684AR,290.71,61.33,48597.0,0.0,1.0,0.33,146.5,0.0,0.0,182.8,0.0,0.0,212.0,0.0,0.0,231.3,0.0,0.0,64.1,0.0,0.0,39.3,0.3,0.0,130.0,0.0,0.0,74.1,0.0,0.0,40.7,2.0,0.0,119.9,0.0,0.0,102.0,0.0,0.0,239.4,0.0,0.0,34.8,2.6,0.0,190.5,0.0,0.0,63.1,0.0,0.0,72.5,0.0,0.0,76.9,0.0,0.0,44.5,0.4,0.0,265.8,0.0,0.0,124.7,0.0,0.0,143.2,0.0,0.0,223.1,0.0,0.0,109.7,0.0,0.0,41.2,0.3,0.0,93.4,0.0,0.0,115.6,0.0,0.0,35.8,3.9,0.0,35.3,0.3,0.0,105.5,0.0,0.0,67.5,0.0,0.0,233.7,0.0,0.0,92.5,0.0,0.0,107.9,0.0,0.0,52.8,1.8,0.0
0131692AR,920.65,400.72,23.0,0.0,1.0,0.83,147.8,146.6,0.0,194.6,179.0,0.0,252.9,456.3,0.0,238.3,209.7,0.0,64.1,167.0,0.0,39.3,51.3,0.0,130.0,117.5,0.0,74.1,141.0,0.0,40.7,47.5,0.0,120.5,115.2,0.0,102.0,101.6,0.0,268.5,245.4,0.0,34.8,56.7,0.0,200.1,202.6,0.0,63.1,63.7,0.0,72.5,190.7,0.0,76.9,229.6,0.0,44.5,48.5,0.0,316.2,508.5,0.0,124.7,111.5,0.0,152.7,214.9,0.0,240.1,444.2,0.0,109.7,120.2,0.0,41.2,50.6,0.0,93.4,96.1,0.0,116.4,344.7,0.0,35.8,31.2,0.0,35.3,54.3,0.0,106.3,157.0,0.0,67.5,73.8,0.0,278.9,496.3,0.0,93.1,343.7,0.0,107.9,106.7,0.0,52.8,50.4,0.0
0131699AR,798.27,188.55,911.0,1.0,1.0,0.17,147.8,116.0,0.127,194.6,149.4,0.189,252.9,378.8,0.238,238.3,162.0,0.214,64.1,103.6,0.051,39.3,25.3,0.029,130.0,78.7,0.118,74.1,72.6,0.066,40.7,21.1,0.031,120.5,68.6,0.098,102.0,64.8,0.088,268.5,202.5,0.254,34.8,24.2,0.032,200.1,189.6,0.173,63.1,33.5,0.053,72.5,120.1,0.061,76.9,180.4,0.058,44.5,23.5,0.035,316.2,439.5,0.318,124.7,73.7,0.11,152.7,219.3,0.105,240.1,367.9,0.248,109.7,95.8,0.092,41.2,24.8,0.031,93.4,60.1,0.077,116.4,308.0,0.085,35.8,13.6,0.029,35.3,26.9,0.024,106.3,143.6,0.072,67.5,38.3,0.055,278.9,432.4,0.287,93.1,353.6,0.049,107.9,65.1,0.09,52.8,24.8,0.045
0131701AR,559.59,53.42,1141.0,0.0,1.0,0.33,147.8,0.0,0.0,185.5,0.0,0.0,215.4,0.0,0.0,225.3,0.0,0.0,64.1,0.0,0.0,39.3,0.0,0.0,130.0,0.0,0.0,74.1,0.0,0.0,40.7,1.7,0.0,120.5,0.0,0.0,102.0,0.0,0.0,244.0,0.0,0.0,34.8,0.0,0.0,192.5,0.0,0.0,63.1,0.0,0.0,72.5,0.0,0.0,76.9,0.0,0.0,44.5,0.0,0.0,269.7,0.0,0.0,124.7,0.0,0.0,146.9,0.0,0.0,226.9,0.0,0.0,109.7,0.0,0.0,41.2,0.0,0.0,93.4,0.0,0.0,116.4,0.0,0.0,35.8,3.0,0.0,35.3,0.0,0.0,106.3,0.0,0.0,67.5,0.0,0.0,237.5,0.0,0.0,93.1,0.0,0.0,107.9,0.0,0.0,52.8,1.2,0.0
0131712AR,210.86,803.42,152.0,0.0,1.0,0.33,147.8,16.4,0.0,194.6,18.6,0.0,252.9,42.7,0.0,238.3,24.7,0.0,64.1,35.9,0.0,39.3,15.7,0.0,130.0,20.9,0.0,74.1,39.9,0.0,40.7,11.2,0.0,120.5,21.3,0.0,102.0,21.3,0.0,268.5,23.1,0.0,34.8,14.0,0.0,200.1,19.7,0.0,63.1,16.2,0.0,72.5,36.8,0.0,76.9,33.3,0.0,44.5,12.1,0.0,316.2,43.2,0.0,124.7,21.6,0.0,152.7,15.4,0.0,240.1,44.9,0.0,109.7,16.6,0.0,41.2,15.4,0.0,93.4,20.1,0.0,116.4,32.3,0.0,35.8,9.5,0.0,35.3,12.6,0.0,106.3,13.2,0.0,67.5,21.0,0.0,278.9,42.5,0.0,93.1,21.4,0.0,107.9,19.7,0.0,52.8,14.6,0.0
0131715AR,924.11,412.11,47.0,0.0,1.0,0.83,147.8,145.9,0.0,194.6,173.6,0.0,252.9,435.4,0.0,238.3,204.6,0.0,64.1,167.0,0.0,39.3,51.3,0.0,130.0,117.5,0.0,74.1,141.0,0.0,40.7,47.5,0.0,120.5,115.2,0.0,102.0,101.6,0.0,268.5,235.6,0.0,34.8,56.7,0.0,200.1,187.1,0.0,63.1,63.7,0.0,72.5,190.7,0.0,76.9,229.6,0.0,44.5,48.5,0.0,316.2,480.2,0.0,124.7,111.5,0.0,152.7,190.8,0.0,240.1,423.8,0.0,109.7,119.5,0.0,41.2,50.6,0.0,93.4,96.1,0.0,116.4,325.3,0.0,35.8,31.2,0.0,35.3,54.3,0.0,106.3,149.7,0.0,67.5,73.8,0.0,278.9,477.5,0.0,93.1,304.2,0.0,107.9,106.7,0.0,52.8,50.4,0.0
0131716AR,215.24,886.36,22.0,0.0,0.67,0.17,108.3,41.1,0.0,135.5,47.1,0.0,170.5,118.0,0.0,159.8,55.4,0.0,49.6,45.9,0.0,27.9,11.6,0.0,94.8,30.5,0.0,57.2,34.4,0.0,28.9,11.0,0.0,89.6,27.6,0.0,75.7,26.5,0.0,178.8,60.5,0.0,24.6,11.6,0.0,127.7,56.4,0.0,48.8,14.4,0.0,54.9,49.5,0.0,56.8,63.6,0.0,31.5,11.2,0.0,207.6,130.2,0.0,90.8,26.3,0.0,95.2,57.4,0.0,158.5,114.7,0.0,75.3,34.5,0.0,29.2,11.4,0.0,69.3,25.4,0.0,81.1,97.6,0.0,25.3,7.0,0.0,25.2,12.2,0.0,75.5,44.9,0.0,52.2,17.9,0.0,188.0,124.0,0.0,54.6,102.4,0.0,80.1,25.6,0.0,38.7,10.5,0.0
0131723AR,200.7,208.82,549.0,0.0,0.67,0.33,101.5,39.1,0.0,134.3,42.5,0.0,164.4,107.3,0.0,152.2,52.2,0.0,45.6,50.9,0.0,26.4,16.1,0.0,86.0,33.1,0.0,53.8,47.1,0.0,28.1,14.9,0.0,82.4,35.8,0.0,66.4,32.1,0.0,172.3,57.4,0.0,24.2,18.2,0.0,123.1,44.0,0.0,43.6,21.3,0.0,51.3,57.9,0.0,49.6,62.4,0.0,30.8,15.9,0.0,202.9,119.6,0.0,82.5,32.9,0.0,87.7,41.9,0.0,153.3,104.7,0.0,68.2,31.6,0.0,28.3,16.0,0.0,62.1,29.8,0.0,73.9,81.6,0.0,26.3,10.4,0.0,23.4,17.1,0.0,67.8,38.1,0.0,48.6,24.3,0.0,179.7,118.6,0.0,52.2,74.0,0.0,70.5,32.4,0.0,37.3,16.2,0.0
0131726AR,801.31,383.92,24.0,0.0,1.0,1.0,147.8,114.5,0.0,194.6,136.2,0.0,252.9,346.6,0.0,238.3,161.5,0.0,64.1,145.8,0.0,39.3,51.3,0.0,130.0,100.5,0.0,74.1,132.8,0.0,40.7,47.5,0.0,120.5,102.7,0.0,102.0,88.4,0.0,268.5,187.8,0.0,34.8,56.7,0.0,200.1,151.8,0.0,63.1,62.1,0.0,72.5,172.3,0.0,76.9,178.0,0.0,44.5,48.5,0.0,316.2,390.6,0.0,124.7,96.4,0.0,152.7,154.6,0.0,240.1,336.8,0.0,109.7,91.1,0.0,41.2,50.6,0.0,93.4,87.2,0.0,116.4,257.1,0.0,35.8,31.2,0.0,35.3,54.3,0.0,106.3,117.1,0.0,67.5,68.7,0.0,278.9,374.5,0.0,93.1,245.6,0.0,107.9,93.0,0.0,52.8,50.4,0.0
0131728AR,892.71,728.01,294.0,1.0,1.0,0.5,146.3,123.0,0.127,189.3,153.2,0.189,246.4,395.8,0.238,233.6,179.9,0.214,64.1,138.7,0.051,39.3,42.6,0.029,129.4,98.0,0.118,74.1,117.2,0.066,40.7,39.5,0.031,119.9,95.8,0.098,102.0,84.5,0.088,261.4,214.0,0.254,34.8,47.2,0.032,193.0,181.9,0.173,63.1,52.6,0.053,72.5,158.4,0.061,76.9,190.7,0.058,44.5,40.4,0.035,307.1,448.2,0.318,124.0,92.7,0.11,146.4,199.9,0.105,233.9,385.2,0.248,109.7,101.1,0.092,41.2,42.1,0.031,93.4,79.9,0.077,111.4,297.2,0.085,35.8,25.0,0.029,35.3,45.1,0.024,101.6,137.9,0.072,67.5,61.3,0.055,269.3,438.5,0.287,87.5,311.6,0.049,107.9,88.7,0.09,52.8,42.0,0.045
0131737AR,474.58,138.2,52644.0,1.0,0.83,0.33,102.7,35.3,0.127,132.6,40.8,0.189,171.1,108.7,0.238,153.3,45.8,0.214,45.5,40.5,0.051,29.3,14.1,0.029,91.6,25.1,0.118,56.8,35.0,0.066,33.2,13.3,0.031,84.0,25.2,0.098,65.4,25.2,0.088,178.5,58.2,0.254,28.4,16.5,0.032,118.3,45.0,0.173,48.3,17.9,0.053,52.9,46.2,0.061,50.1,47.5,0.058,36.3,13.6,0.035,204.6,126.4,0.318,83.2,24.2,0.11,90.0,53.2,0.105,154.4,97.2,0.248,68.4,25.4,0.092,31.5,14.1,0.031,59.9,23.9,0.077,69.0,81.2,0.085,29.8,9.1,0.029,26.2,14.8,0.024,64.7,37.2,0.072,51.6,18.0,0.055,182.3,121.6,0.287,49.0,87.7,0.049,69.4,25.1,0.09,40.5,14.3,0.045
0131744AR,778.72,349.52,1352.0,0.0,1.0,1.0,146.5,55.1,0.0,192.8,68.3,0.0,243.2,172.5,0.0,236.7,83.7,0.0,64.1,68.6,0.0,39.3,25.7,0.0,130.0,51.3,0.0,74.1,67.0,0.0,40.7,26.5,0.0,120.5,52.2,0.0,102.0,42.2,0.0,262.7,89.8,0.0,34.8,29.7,0.0,198.8,77.2,0.0,63.1,32.3,0.0,72.5,82.0,0.0,76.9,96.7,0.0,44.5,24.4,0.0,304.0,186.6,0.0,124.7,49.4,0.0,151.1,76.6,0.0,238.5,174.1,0.0,109.7,47.7,0.0,41.2,25.5,0.0,93.4,40.7,0.0,116.4,123.9,0.0,35.8,20.4,0.0,35.3,27.3,0.0,106.3,55.9,0.0,67.5,34.7,0.0,268.2,181.2,0.0,92.3,123.6,0.0,107.9,46.9,0.0,52.8,26.7,0.0
0131745AR,292.62,748.8,643.0,0.0,0.17,0.0,25.0,19.4,0.0,29.2,25.7,0.0,46.6,64.9,0.0,37.5,34.0,0.0,7.9,17.8,0.0,4.4,4.9,0.0,22.3,17.9,0.0,9.2,13.4,0.0,4.6,4.7,0.0,20.4,15.2,0.0,14.0,11.2,0.0,42.8,41.4,0.0,3.9,4.8,0.0,41.6,34.0,0.0,7.9,7.1,0.0,8.9,26.2,0.0,11.2,30.5,0.0,5.0,5.5,0.0,64.9,78.1,0.0,21.4,15.4,0.0,27.3,35.9,0.0,37.8,72.6,0.0,13.0,14.9,0.0,4.6,4.8,0.0,12.9,12.9,0.0,15.7,52.9,0.0,5.3,0.9,0.0,4.0,5.2,0.0,13.2,23.1,0.0,8.3,7.1,0.0,51.4,76.7,0.0,15.9,55.6,0.0,18.5,14.3,0.0,6.6,6.3,0.0
0131749AR,899.0,239.0,17.0,0.64,1.0,1.0,147.8,146.6,0.081,194.6,179.7,0.119,252.9,460.0,0.16,238.3,210.4,0.144,64.1,167.0,0.042,39.3,51.3,0.023,130.0,117.5,0.076,74.1,141.0,0.042,40.7,47.5,0.025,120.5,115.2,0.063,102.0,101.6,0.056,268.5,247.1,0.171,34.8,56.7,0.025,200.1,210.0,0.11,63.1,63.7,0.043,72.5,190.7,0.049,76.9,229.6,0.047,44.5,48.5,0.029,316.2,515.4,0.228,124.7,111.5,0.07,152.7,227.0,0.067,240.1,447.8,0.167,109.7,120.2,0.059,41.2,50.6,0.024,93.4,96.1,0.049,116.4,348.3,0.055,35.8,31.2,0.023,35.3,54.3,0.018,106.3,160.4,0.058,67.5,73.8,0.045,278.9,504.4,0.193,93.1,362.7,0.038,107.9,106.7,0.057,52.8,50.4,0.036
0131750AR,611.67,268.62,141.0,0.0,0.5,0.33,73.7,41.2,0.0,91.2,56.2,0.0,111.8,132.5,0.0,121.0,70.2,0.0,33.0,54.2,0.0,22.6,20.9,0.0,76.5,39.1,0.0,39.6,52.4,0.0,24.0,19.9,0.0,64.2,44.2,0.0,56.3,35.9,0.0,130.7,69.8,0.0,20.9,23.6,0.0,98.7,56.3,0.0,35.5,25.7,0.0,37.3,62.3,0.0,39.9,73.2,0.0,26.2,20.4,0.0,141.0,139.5,0.0,73.6,40.5,0.0,67.1,50.8,0.0,121.8,139.0,0.0,58.9,39.4,0.0,24.1,20.8,0.0,52.3,32.1,0.0,59.4,91.8,0.0,21.5,13.3,0.0,19.9,21.9,0.0,53.1,43.1,0.0,35.6,27.0,0.0,123.3,134.9,0.0,38.0,74.6,0.0,59.9,39.9,0.0,29.9,22.1,0.0
0131752AR,103.33,447.57,2710.0,0.0,0.83,0.33,124.6,41.6,0.0,159.1,46.7,0.0,205.3,114.3,0.0,189.5,52.9,0.0,54.7,51.0,0.0,31.3,16.2,0.0,103.3,36.4,0.0,63.2,46.5,0.0,32.4,14.6,0.0,99.2,34.6,0.0,82.0,31.0,0.0,214.9,57.6,0.0,27.8,18.8,0.0,150.5,52.6,0.0,52.0,20.9,0.0,60.0,57.0,0.0,63.3,68.4,0.0,35.5,14.9,0.0,252.9,122.7,0.0,99.1,31.9,0.0,124.1,56.8,0.0,188.5,110.0,0.0,86.8,35.6,0.0,32.8,16.1,0.0,75.1,29.3,0.0,92.9,92.3,0.0,28.5,9.8,0.0,28.2,17.0,0.0,85.0,41.6,0.0,57.6,25.7,0.0,226.4,118.4,0.0,73.7,97.7,0.0,84.5,31.4,0.0,42.4,15.7,0.0
0131753AR,791.58,938.83,1643.0,0.0,1.0,1.0,137.9,121.8,0.0,182.9,144.0,0.0,238.8,368.3,0.0,224.0,174.2,0.0,62.5,164.4,0.0,39.3,51.3,0.0,124.7,109.0,0.0,74.1,141.0,0.0,40.7,47.5,0.0,115.6,110.8,0.0,95.2,96.7,0.0,253.1,200.4,0.0,34.8,56.7,0.0,185.6,156.7,0.0,63.1,63.7,0.0,70.1,187.7,0.0,70.2,192.9,0.0,44.5,48.5,0.0,300.2,414.4,0.0,119.6,107.3,0.0,140.7,160.3,0.0,225.7,358.1,0.0,99.7,99.7,0.0,41.2,50.6,0.0,87.2,94.7,0.0,106.3,270.7,0.0,35.8,31.2,0.0,35.3,54.3,0.0,96.7,120.5,0.0,67.5,73.8,0.0,263.3,395.9,0.0,81.7,260.1,0.0,101.5,101.6,0.0,52.8,50.4,0.0
0131756AR,407.2,375.71,3257.0,0.0,1.0,0.17,147.8,66.6,0.0,194.6,87.1,0.0,251.6,217.6,0.0,237.6,95.7,0.0,64.1,74.7,0.0,39.3,22.2,0.0,130.0,50.3,0.0,74.1,60.2,0.0,40.7,19.6,0.0,120.5,51.2,0.0,102.0,44.7,0.0,267.0,117.6,0.0,34.8,23.4,0.0,200.1,105.5,0.0,63.1,27.4,0.0,72.5,85.3,0.0,76.9,105.2,0.0,44.5,19.1,0.0,313.9,246.0,0.0,124.7,50.4,0.0,150.6,133.9,0.0,239.4,211.0,0.0,109.7,55.0,0.0,41.2,21.7,0.0,93.4,42.1,0.0,116.4,173.6,0.0,35.8,10.9,0.0,35.3,23.6,0.0,106.3,80.5,0.0,67.5,32.0,0.0,277.3,244.0,0.0,93.1,208.9,0.0,107.9,47.9,0.0,52.8,21.2,0.0
0131758AR,834.95,1018.94,903.0,0.0,1.0,0.33,140.2,83.0,0.0,186.9,103.1,0.0,242.3,263.0,0.0,227.7,117.1,0.0,60.9,92.4,0.0,37.5,25.8,0.0,123.2,64.5,0.0,70.7,75.4,0.0,39.7,23.7,0.0,116.2,62.0,0.0,97.4,57.3,0.0,255.3,141.1,0.0,33.5,27.0,0.0,187.8,118.9,0.0,61.6,33.2,0.0,68.9,101.6,0.0,72.2,126.1,0.0,43.5,26.3,0.0,303.9,298.2,0.0,120.2,60.8,0.0,142.1,130.9,0.0,228.0,257.8,0.0,103.0,67.7,0.0,40.2,25.6,0.0,89.2,52.1,0.0,107.1,198.6,0.0,35.8,14.5,0.0,33.7,25.6,0.0,96.0,91.2,0.0,64.3,38.7,0.0,265.5,288.2,0.0,84.5,208.1,0.0,103.1,58.8,0.0,51.6,26.5,0.0
0131759AR,464.99,430.16,29.0,0.0,0.83,0.5,145.8,62.5,0.0,191.9,73.9,0.0,245.0,184.3,0.0,228.6,87.7,0.0,63.5,79.9,0.0,37.1,25.4,0.0,127.4,54.2,0.0,73.3,68.5,0.0,38.4,24.7,0.0,116.5,55.4,0.0,97.2,48.1,0.0,259.9,95.3,0.0,32.9,30.2,0.0,198.0,81.5,0.0,62.4,31.5,0.0,71.7,91.2,0.0,76.9,100.2,0.0,42.0,24.9,0.0,307.5,198.4,0.0,122.2,53.5,0.0,152.0,80.5,0.0,230.3,182.6,0.0,107.5,52.3,0.0,40.4,25.2,0.0,89.0,46.7,0.0,115.6,137.7,0.0,31.8,15.8,0.0,34.7,26.4,0.0,106.3,62.3,0.0,66.8,35.5,0.0,273.1,192.5,0.0,93.1,130.3,0.0,102.9,50.9,0.0,51.2,25.4,0.0
0131763AR,844.09,546.78,4593.0,0.0,1.0,1.0,147.8,131.0,0.0,194.6,161.2,0.0,252.9,407.5,0.0,238.3,187.3,0.0,64.1,143.8,0.0,39.3,43.6,0.0,130.0,103.0,0.0,74.1,117.9,0.0,40.7,42.8,0.0,120.5,100.7,0.0,102.0,88.8,0.0,268.5,218.3,0.0,34.8,51.9,0.0,200.1,174.9,0.0,63.1,53.2,0.0,72.5,161.3,0.0,76.9,207.2,0.0,44.5,41.5,0.0,316.2,449.0,0.0,124.7,97.8,0.0,152.7,178.1,0.0,240.1,396.5,0.0,109.7,108.5,0.0,41.2,43.2,0.0,93.4,83.2,0.0,116.4,304.7,0.0,35.8,31.2,0.0,35.3,46.0,0.0,106.3,139.6,0.0,67.5,61.4,0.0,278.9,445.5,0.0,93.1,282.7,0.0,107.9,93.3,0.0,52.8,43.2,0.0
0131765AR,418.37,502.89,65.0,0.0,1.0,1.0,147.8,128.4,0.0,194.6,147.2,0.0,252.9,369.6,0.0,238.3,180.3,0.0,64.1,164.6,0.0,39.3,51.3,0.0,130.0,108.8,0.0,74.1,139.0,0.0,40.7,47.5,0.0,120.5,110.1,0.0,102.0,98.8,0.0,268.5,194.8,0.0,34.8,56.7,0.0,200.1,151.5,0.0,63.1,63.4,0.0,72.5,187.4,0.0,76.9,204.1,0.0,44.5,48.5,0.0,316.2,396.1,0.0,124.7,106.6,0.0,152.7,132.8,0.0,240.1,356.6,0.0,109.7,104.2,0.0,41.2,50.6,0.0,93.4,94.4,0.0,116.4,273.0,0.0,35.8,31.2,0.0,35.3,54.3,0.0,106.3,121.1,0.0,67.5,72.8,0.0,278.9,398.6,0.0,93.1,216.1,0.0,107.9,102.0,0.0,52.8,50.4,0.0
0131768AR,110.72,634.54,45.0,0.0,1.0,0.17,16.7,0.0,0.0,25.5,0.0,0.0,42.8,0.0,0.0,35.6,0.0,0.0,9.0,0.0,0.0,3.5,0.0,0.0,15.4,0.0,0.0,8.3,0.0,0.0,3.7,0.0,0.0,18.6,0.0,0.0,15.3,0.0,0.0,42.9,0.0,0.0,3.2,0.0,0.0,30.1,0.0,0.0,7.0,0.0,0.0,10.2,0.0,0.0,3.9,0.0,0.0,4.0,0.0,0.0,54.2,0.0,0.0,14.8,0.0,0.0,15.6,0.0,0.0,39.1,0.0,0.0,10.6,0.0,0.0,3.7,0.0,0.0,17.0,0.0,0.0,14.2,0.0,0.0,4.6,0.0,0.0,3.1,0.0,0.0,9.9,0.0,0.0,9.6,0.0,0.0,46.3,0.0,0.0,9.2,0.0,0.0,16.3,0.0,0.0,5.8,0.0,0.0
0131775AR,934.63,372.24,22.0,0.0,1.0,0.83,147.8,112.0,0.0,194.6,137.7,0.0,252.9,362.5,0.0,238.3,162.6,0.0,64.1,125.8,0.0,39.3,38.7,0.0,130.0,89.9,0.0,74.1,107.8,0.0,40.7,36.1,0.0,120.5,88.5,0.0,102.0,77.4,0.0,268.5,193.3,0.0,34.8,43.9,0.0,200.1,172.6,0.0,63.1,48.5,0.0,72.5,143.7,0.0,76.9,172.4,0.0,44.5,37.0,0.0,316.2,418.0,0.0,124.7,85.5,0.0,152.7,200.7,0.0,240.1,352.4,0.0,109.7,91.1,0.0,41.2,38.4,0.0,93.4,73.3,0.0,116.4,269.3,0.0,35.8,24.2,0.0,35.3,40.8,0.0,106.3,127.5,0.0,67.5,56.0,0.0,278.9,407.4,0.0,93.1,317.9,0.0,107.9,81.5,0.0,52.8,38.6,0.0
0131778AR,547.91,53.79,984.0,0.0,1.0,0.17,141.6,1.0,0.0,186.4,1.1,0.0,217.8,2.2,0.0,223.9,1.0,0.0,64.1,0.6,0.0,39.3,0.0,0.0,130.0,1.0,0.0,74.1,0.0,0.0,40.7,0.0,0.0,120.5,1.0,0.0,102.0,0.0,0.0,243.1,1.0,0.0,34.8,0.0,0.0,176.3,0.0,0.0,63.1,0.0,0.0,72.5,0.7,0.0,76.9,0.7,0.0,44.5,0.3,0.0,266.8,2.1,0.0,124.7,1.0,0.0,133.2,0.0,0.0,225.6,0.7,0.0,109.7,1.1,0.0,41.2,0.0,0.0,93.4,0.4,0.0,116.4,0.7,0.0,35.8,1.6,0.0,35.3,0.0,0.0,106.3,0.0,0.0,67.5,0.0,0.0,240.2,0.8,0.0,88.5,0.0,0.0,107.9,0.4,0.0,52.8,0.0,0.0
0131794AR,906.52,268.03,17.0,0.0,1.0,1.0,147.8,146.6,0.0,194.6,179.7,0.004,252.9,460.0,0.004,238.3,210.4,0.003,64.1,167.0,0.0,39.3,51.3,0.0,130.0,117.5,0.0,74.1,141.0,0.0,40.7,47.5,0.0,120.5,115.2,0.0,102.0,101.6,0.0,268.5,247.1,0.004,34.8,56.7,0.0,200.1,210.0,0.004,63.1,63.7,0.0,72.5,190.7,0.0,76.9,229.6,0.0,44.5,48.5,0.0,316.2,515.4,0.02,124.7,111.5,0.0,152.7,228.4,0.0,240.1,447.8,0.004,109.7,120.2,0.0,41.2,50.6,0.0,93.4,96.1,0.0,116.4,348.3,0.0,35.8,31.2,0.0,35.3,54.3,0.0,106.3,160.4,0.0,67.5,73.8,0.0,278.9,504.4,0.004,93.1,363.5,0.0,107.9,106.7,0.0,52.8,50.4,0.0
0131795AR,211.8,181.56,829.0,0.47,0.67,0.33,96.7,35.6,0.06,127.1,42.0,0.1,154.2,103.0,0.097,147.6,48.3,0.087,50.5,49.1,0.032,30.6,15.5,0.026,93.5,29.4,0.056,56.2,44.0,0.045,31.5,16.1,0.019,89.1,33.2,0.046,73.8,31.2,0.06,164.3,55.2,0.103,28.2,22.1,0.028,116.1,42.2,0.092,50.0,19.0,0.033,52.5,54.4,0.038,49.0,53.4,0.036,34.5,17.1,0.022,192.9,114.1,0.149,89.7,29.9,0.052,81.2,42.5,0.049,147.7,98.9,0.101,68.1,29.7,0.062,32.3,15.4,0.027,67.7,27.9,0.052,72.6,80.0,0.058,27.7,10.4,0.026,27.3,15.6,0.021,65.3,36.0,0.045,50.9,22.8,0.035,170.1,110.5,0.116,48.0,74.8,0.044,78.4,31.7,0.042,42.4,17.0,0.028
0131799AR,205.15,197.73,653.0,0.0,0.67,0.33,97.1,35.0,0.0,126.6,37.8,0.0,151.4,95.2,0.0,144.4,43.9,0.0,44.8,38.7,0.0,28.2,12.2,0.0,83.9,27.5,0.0,53.0,34.7,0.0,28.1,11.4,0.0,80.5,24.3,0.0,70.3,23.1,0.0,161.8,51.0,0.0,25.6,13.5,0.0,106.5,44.3,0.0,44.9,14.1,0.0,50.4,44.0,0.0,50.9,51.4,0.0,30.8,12.1,0.0,177.5,116.4,0.0,80.7,25.1,0.0,76.7,43.8,0.0,145.4,91.0,0.0,67.9,26.3,0.0,28.3,12.1,0.0,64.5,21.8,0.0,64.6,82.3,0.0,25.6,8.9,0.0,25.1,12.4,0.0,60.9,37.1,0.0,47.8,16.8,0.0,155.5,112.7,0.0,47.9,79.1,0.0,71.1,22.7,0.0,37.8,13.1,0.0
0131802AR,160.66,666.89,1122.0,0.0,0.67,1.0,104.8,93.0,0.0,136.5,106.4,0.0,176.2,264.1,0.0,172.6,130.2,0.0,41.4,141.4,0.0,25.3,48.9,0.0,91.2,87.0,0.0,51.0,124.9,0.0,26.9,46.5,0.0,82.9,92.4,0.0,71.0,84.7,0.0,186.7,138.4,0.0,23.4,56.7,0.0,142.7,108.1,0.0,43.2,58.6,0.0,48.2,165.8,0.0,50.9,153.8,0.0,29.4,47.3,0.0,221.8,272.1,0.0,87.6,88.5,0.0,102.9,104.5,0.0,173.7,257.7,0.0,79.4,78.8,0.0,27.0,48.2,0.0,67.1,83.7,0.0,81.3,190.7,0.0,24.1,29.9,0.0,22.3,52.8,0.0,73.1,87.9,0.0,45.9,65.3,0.0,194.4,278.8,0.0,62.8,175.9,0.0,75.6,86.6,0.0,34.7,49.1,0.0
0131803AR,990.6,659.44,1072.0,0.0,1.0,1.0,147.8,146.6,0.0,194.6,179.7,0.0,252.9,460.0,0.0,238.3,210.4,0.0,64.1,167.0,0.0,39.3,51.3,0.0,130.0,117.5,0.0,74.1,141.0,0.0,40.7,47.5,0.0,120.5,115.2,0.0,102.0,101.6,0.0,268.5,247.1,0.0,34.8,56.7,0.0,200.1,202.6,0.0,63.1,63.7,0.0,72.5,190.7,0.0,76.9,229.6,0.0,44.5,48.5,0.0,316.2,510.6,0.0,124.7,111.5,0.0,152.7,205.7,0.0,240.1,447.8,0.0,109.7,120.2,0.0,41.2,50.6,0.0,93.4,96.1,0.0,116.4,348.3,0.0,35.8,31.2,0.0,35.3,54.3,0.0,106.3,158.0,0.0,67.5,73.8,0.0,278.9,498.7,0.0,93.1,328.5,0.0,107.9,106.7,0.0,52.8,50.4,0.0
0131807AR,345.26,749.01,7.0,0.0,0.83,0.83,97.5,37.5,0.0,131.0,46.4,0.0,163.1,112.3,0.0,173.0,56.7,0.0,43.4,55.7,0.0,28.3,19.0,0.0,97.1,39.2,0.0,48.7,56.7,0.0,29.9,16.8,0.0,84.6,43.6,0.0,75.2,34.8,0.0,181.1,60.0,0.0,26.0,22.1,0.0,137.9,47.3,0.0,43.9,24.2,0.0,45.9,61.8,0.0,49.2,68.1,0.0,32.8,16.8,0.0,210.8,119.8,0.0,93.3,41.9,0.0,95.7,42.3,0.0,172.0,116.7,0.0,79.6,32.7,0.0,30.1,18.8,0.0,66.4,31.5,0.0,82.3,78.8,0.0,26.1,10.9,0.0,25.0,20.7,0.0,73.7,33.9,0.0,43.8,28.6,0.0,179.9,116.6,0.0,55.9,66.0,0.0,79.9,38.6,0.0,37.5,19.0,0.0
0131809AR,816.0,440.26,205650.0,0.0,1.0,1.0,147.8,112.0,0.0,194.6,134.7,0.0,252.9,340.3,0.0,238.3,162.2,0.0,64.1,143.8,0.0,39.3,51.3,0.0,130.0,96.4,0.0,74.1,130.8,0.0,40.7,47.5,0.0,120.5,102.3,0.0,102.0,88.0,0.0,268.5,185.7,0.0,34.8,56.7,0.0,200.1,147.8,0.0,63.1,61.8,0.0,72.5,171.6,0.0,76.9,178.0,0.0,44.5,48.5,0.0,316.2,385.7,0.0,124.7,95.1,0.0,152.7,155.5,0.0,240.1,330.8,0.0,109.7,91.4,0.0,41.2,50.6,0.0,93.4,84.0,0.0,116.4,255.6,0.0,35.8,31.2,0.0,35.3,54.3,0.0,106.3,117.5,0.0,67.5,68.3,0.0,278.9,376.0,0.0,93.1,246.3,0.0,107.9,92.6,0.0,52.8,50.4,0.0
0131815AR,149.16,335.3,3925.0,0.0,0.83,0.33,81.9,30.8,0.0,100.2,32.1,0.0,124.5,81.2,0.0,118.3,37.8,0.0,42.2,37.9,0.0,26.0,11.3,0.0,75.5,24.6,0.0,50.0,31.0,0.0,28.3,10.2,0.0,74.3,22.6,0.0,61.8,21.6,0.0,130.9,43.5,0.0,24.9,11.5,0.0,84.0,33.3,0.0,42.4,14.1,0.0,47.2,42.0,0.0,43.7,47.2,0.0,30.1,10.6,0.0,141.6,95.2,0.0,69.2,23.7,0.0,60.9,31.0,0.0,116.7,78.1,0.0,56.5,22.8,0.0,28.4,11.2,0.0,56.6,21.5,0.0,46.5,64.8,0.0,28.4,7.8,0.0,23.1,11.0,0.0,45.0,29.8,0.0,45.1,16.1,0.0,123.6,94.2,0.0,37.7,52.7,0.0,61.2,21.3,0.0,37.0,11.6,0.0
0131822AR,1079.38,909.06,82.0,1.0,1.0,0.67,147.8,114.1,0.127,194.6,142.6,0.189,252.9,372.1,0.238,238.3,169.7,0.214,64.1,125.8,0.051,39.3,38.7,0.029,130.0,89.9,0.118,74.1,107.8,0.066,40.7,36.1,0.031,120.5,88.5,0.098,102.0,77.4,0.088,268.5,200.0,0.254,34.8,43.9,0.032,200.1,178.2,0.173,63.1,48.5,0.053,72.5,143.7,0.061,76.9,174.5,0.058,44.5,37.0,0.035,316.2,422.8,0.318,124.7,85.5,0.11,152.7,196.3,0.105,240.1,367.6,0.248,109.7,93.6,0.092,41.2,38.4,0.031,93.4,73.3,0.077,116.4,280.1,0.085,35.8,24.2,0.029,35.3,40.8,0.024,106.3,131.5,0.072,67.5,56.0,0.055,278.9,414.9,0.287,93.1,314.9,0.049,107.9,81.5,0.09,52.8,38.6,0.045
0131827AR,996.78,682.31,8.0,0.0,1.0,1.0,147.8,103.6,0.0,194.6,122.5,0.0,252.9,300.6,0.0,238.3,145.9,0.0,64.1,126.1,0.0,39.3,42.9,0.0,130.0,85.0,0.0,74.1,111.2,0.0,40.7,41.2,0.0,120.5,85.5,0.0,102.0,75.1,0.0,268.5,159.8,0.0,34.8,49.5,0.0,200.1,121.0,0.0,63.1,49.5,0.0,72.5,142.6,0.0,76.9,162.8,0.0,44.5,40.5,0.0,316.2,317.9,0.0,124.7,83.7,0.0,152.7,106.5,0.0,240.1,298.3,0.0,109.7,84.4,0.0,41.2,40.4,0.0,93.4,73.0,0.0,116.4,223.4,0.0,35.8,29.9,0.0,35.3,43.0,0.0,106.3,103.0,0.0,67.5,57.9,0.0,278.9,321.0,0.0,93.1,171.4,0.0,107.9,77.5,0.0,52.8,42.2,0.0
0131828AR,785.49,965.03,37.0,0.0,0.67,1.0,85.9,30.4,0.0,107.5,41.6,0.0,133.7,100.5,0.0,150.2,51.1,0.0,39.4,44.7,0.0,26.8,19.7,0.0,87.8,30.6,0.0,47.2,45.1,0.0,28.4,18.5,0.0,76.7,37.3,0.0,69.7,28.9,0.0,154.3,54.5,0.0,24.7,23.3,0.0,121.2,45.6,0.0,39.9,21.2,0.0,44.4,54.0,0.0,41.3,57.7,0.0,31.1,17.4,0.0,172.4,111.4,0.0,84.3,34.7,0.0,84.8,43.9,0.0,147.2,103.8,0.0,72.9,29.0,0.0,28.6,19.6,0.0,63.9,27.6,0.0,73.0,73.1,0.0,23.5,12.9,0.0,23.7,21.9,0.0,64.2,31.3,0.0,42.4,22.6,0.0,147.4,108.3,0.0,50.0,67.7,0.0,74.1,32.5,0.0,35.3,19.7,0.0
0131835AR,892.45,216.13,22.0,1.0,1.0,1.0,147.8,138.6,0.127,194.6,165.5,0.189,252.9,419.8,0.238,238.3,194.0,0.214,64.1,167.0,0.051,39.3,51.3,0.029,130.0,117.2,0.118,74.1,141.0,0.066,40.7,47.5,0.031,120.5,115.2,0.098,102.0,101.6,0.088,268.5,228.2,0.254,34.8,56.7,0.032,200.1,179.7,0.173,63.1,63.7,0.053,72.5,190.7,0.061,76.9,220.4,0.058,44.5,48.5,0.035,316.2,467.0,0.318,124.7,111.5,0.11,152.7,183.1,0.105,240.1,408.5,0.248,109.7,114.4,0.092,41.2,50.6,0.031,93.4,96.1,0.077,116.4,309.5,0.085,35.8,31.2,0.029,35.3,54.3,0.024,106.3,139.4,0.072,67.5,73.8,0.055,278.9,453.1,0.287,93.1,284.4,0.049,107.9,106.7,0.09,52.8,50.4,0.045
0131840AR,284.85,61.33,48522.0,0.0,1.0,0.5,143.6,0.0,0.0,183.0,0.0,0.0,211.9,0.0,0.0,228.3,0.0,0.0,64.1,0.0,0.0,39.3,0.3,0.0,128.7,0.0,0.0,74.1,0.0,0.0,40.7,3.2,0.0,118.7,0.0,0.0,102.0,0.0,0.0,238.2,0.0,0.0,34.8,4.3,0.0,189.6,0.0,0.0,63.1,0.0,0.0,72.5,0.0,0.0,76.9,0.0,0.0,44.5,0.3,0.0,266.1,0.0,0.0,123.4,0.0,0.0,146.0,0.0,0.0,221.8,0.0,0.0,109.7,0.0,0.0,41.2,0.0,0.0,93.4,0.0,0.0,114.8,0.0,0.0,35.8,5.2,0.0,35.3,1.1,0.0,104.9,0.0,0.0,67.5,0.0,0.0,233.6,0.0,0.0,92.4,0.0,0.0,107.9,0.0,0.0,52.8,1.5,0.0
0131842AR,350.75,410.27,117.0,0.0,1.0,0.0,147.8,57.8,0.0,194.6,74.3,0.0,252.9,188.4,0.0,238.3,83.1,0.0,64.1,55.5,0.0,39.3,11.9,0.0,130.0,41.6,0.0,74.1,39.8,0.0,40.7,7.3,0.0,120.5,34.5,0.0,102.0,31.5,0.0,268.5,100.9,0.0,34.8,8.0,0.0,200.1,104.0,0.0,63.1,15.8,0.0,72.5,56.3,0.0,76.9,94.6,0.0,44.5,9.3,0.0,316.2,227.2,0.0,124.7,34.2,0.0,152.7,129.2,0.0,240.1,183.9,0.0,109.7,50.1,0.0,41.2,11.6,0.0,93.4,27.5,0.0,116.4,162.3,0.0,35.8,1.7,0.0,35.3,13.8,0.0,106.3,74.9,0.0,67.5,21.3,0.0,278.9,214.1,0.0,93.1,212.3,0.0,107.9,32.9,0.0,52.8,9.6,0.0
0131845AR,915.63,302.4,24.0,0.0,1.0,1.0,147.8,146.6,0.0,194.6,179.7,0.0,252.9,460.0,0.0,238.3,210.4,0.0,64.1,167.0,0.0,39.3,51.3,0.0,130.0,117.5,0.0,74.1,141.0,0.0,40.7,47.5,0.0,120.5,115.2,0.0,102.0,101.6,0.0,268.5,247.1,0.0,34.8,56.7,0.0,200.1,210.0,0.0,63.1,63.7,0.0,72.5,190.7,0.0,76.9,229.6,0.0,44.5,48.5,0.0,316.2,515.4,0.0,124.7,111.5,0.0,152.7,228.4,0.0,240.1,447.8,0.0,109.7,120.2,0.0,41.2,50.6,0.0,93.4,96.1,0.0,116.4,348.3,0.0,35.8,31.2,0.0,35.3,54.3,0.0,106.3,160.4,0.0,67.5,73.8,0.0,278.9,504.4,0.0,93.1,363.5,0.0,107.9,106.7,0.0,52.8,50.4,0.0
0131846AR,626.14,51.45,1946.0,0.0,1.0,1.0,143.7,0.0,0.0,182.9,0.0,0.0,210.0,0.0,0.0,220.8,0.0,0.0,64.1,0.0,0.0,39.3,0.0,0.0,130.0,0.0,0.0,74.1,0.0,0.0,40.7,4.8,0.0,120.5,0.0,0.0,102.0,0.0,0.0,238.8,0.0,0.0,34.8,2.7,0.0,188.9,0.0,0.0,63.1,0.0,0.0,72.5,0.0,0.0,76.9,0.0,0.0,44.5,0.0,0.0,262.8,0.0,0.0,124.7,0.0,0.0,141.8,0.0,0.0,222.4,0.0,0.0,109.7,0.0,0.0,41.2,0.0,0.0,93.4,0.0,0.0,116.4,0.0,0.0,35.8,9.5,0.0,35.3,0.0,0.0,106.3,0.0,0.0,67.5,0.0,0.0,231.5,0.0,0.0,93.1,0.0,0.0,107.9,0.0,0.0,52.8,2.9,0.0
0131849AR,785.71,47.04,381.0,1.0,1.0,1.0,147.1,0.0,0.127,190.5,0.0,0.189,216.5,0.0,0.238,228.4,0.0,0.214,64.1,0.0,0.051,39.3,2.9,0.029,130.0,0.0,0.118,74.1,0.0,0.066,40.7,7.3,0.031,119.9,0.0,0.098,102.0,0.0,0.088,246.4,0.0,0.254,34.8,6.9,0.032,190.7,0.0,0.173,63.1,0.0,0.053,72.5,0.0,0.061,76.9,0.0,0.058,44.5,0.0,0.035,270.7,0.0,0.318,124.7,0.0,0.11,138.2,0.0,0.105,230.1,0.0,0.248,109.7,0.0,0.092,41.2,2.9,0.031,93.4,0.0,0.077,114.2,0.0,0.085,35.8,12.9,0.029,35.3,4.5,0.024,104.3,0.0,0.072,67.5,0.0,0.055,237.9,0.0,0.287,91.1,0.0,0.049,107.9,0.0,0.09,52.8,2.9,0.045
0131851AR,1114.73,1042.65,108.0,0.0,0.83,0.5,147.8,144.7,0.0,194.6,177.5,0.0,250.4,447.6,0.0,232.8,205.0,0.0,64.1,166.3,0.0,39.3,49.5,0.0,127.5,115.5,0.0,74.1,139.4,0.0,40.7,44.2,0.0,118.1,112.2,0.0,100.1,101.2,0.0,265.0,241.6,0.0,34.8,55.0,0.0,197.5,205.7,0.0,63.1,62.6,0.0,72.5,188.6,0.0,76.9,227.1,0.0,44.5,47.2,0.0,312.9,505.3,0.0,122.3,109.0,0.0,152.7,223.3,0.0,237.0,436.5,0.0,109.7,119.2,0.0,41.2,48.8,0.0,91.0,95.0,0.0,116.4,344.0,0.0,34.4,24.7,0.0,35.3,51.7,0.0,106.3,158.0,0.0,67.5,73.0,0.0,276.1,494.1,0.0,93.1,356.6,0.0,105.9,106.1,0.0,52.8,47.9,0.0
0131852AR,389.09,521.44,70.0,0.0,1.0,1.0,147.8,95.6,0.0,194.6,110.1,0.0,252.9,273.3,0.0,238.3,135.2,0.0,64.1,139.0,0.0,39.3,48.6,0.0,130.0,90.8,0.0,74.1,125.0,0.0,40.7,47.5,0.0,120.5,97.0,0.0,102.0,86.5,0.0,268.5,149.0,0.0,34.8,56.7,0.0,200.1,109.8,0.0,63.1,57.4,0.0,72.5,170.6,0.0,76.9,164.1,0.0,44.5,47.9,0.0,316.2,293.7,0.0,124.7,91.3,0.0,152.7,100.6,0.0,240.1,267.7,0.0,109.7,81.2,0.0,41.2,47.9,0.0,93.4,82.1,0.0,116.4,205.1,0.0,35.8,31.2,0.0,35.3,51.3,0.0,106.3,89.0,0.0,67.5,65.4,0.0,278.9,290.7,0.0,93.1,156.6,0.0,107.9,90.4,0.0,52.8,49.8,0.0
0131853AR,455.0,396.0,8760.0,0.0,1.0,0.33,147.8,119.7,0.0,194.6,140.3,0.0,252.9,355.2,0.0,238.3,168.3,0.0,64.1,154.8,0.0,39.3,51.3,0.0,130.0,102.9,0.0,74.1,137.6,0.0,40.7,47.5,0.0,120.5,107.0,0.0,102.0,92.9,0.0,268.5,192.7,0.0,34.8,56.7,0.0,200.1,154.9,0.0,63.1,63.4,0.0,72.5,181.1,0.0,76.9,190.0,0.0,44.5,48.5,0.0,316.2,402.9,0.0,124.7,101.2,0.0,152.7,150.3,0.0,240.1,345.3,0.0,109.7,96.6,0.0,41.2,50.6,0.0,93.4,89.3,0.0,116.4,264.9,0.0,35.8,30.3,0.0,35.3,54.3,0.0,106.3,120.4,0.0,67.5,72.0,0.0,278.9,390.5,0.0,93.1,234.8,0.0,107.9,97.7,0.0,52.8,50.4,0.0
0131856AR,65.64,668.58,18.0,0.0,0.83,0.17,130.5,47.7,0.0,167.9,57.1,0.0,211.7,146.9,0.0,201.4,68.2,0.0,57.4,57.3,0.0,32.6,16.5,0.0,111.0,40.7,0.0,66.3,44.0,0.0,33.9,15.1,0.0,105.0,38.7,0.0,86.5,35.2,0.0,226.6,74.5,0.0,29.0,18.0,0.0,162.4,66.7,0.0,53.8,18.8,0.0,64.8,63.3,0.0,69.0,77.5,0.0,37.0,15.5,0.0,253.2,157.4,0.0,106.4,38.0,0.0,125.6,66.0,0.0,202.9,147.3,0.0,98.4,40.9,0.0,34.3,16.3,0.0,79.1,32.2,0.0,101.8,109.9,0.0,29.8,7.9,0.0,29.3,17.1,0.0,92.7,49.2,0.0,60.4,22.9,0.0,228.6,153.1,0.0,77.7,105.4,0.0,92.2,34.8,0.0,45.1,16.3,0.0
0131862AR,475.19,164.66,53366.0,1.0,0.83,0.33,110.5,32.0,0.127,132.1,37.6,0.189,168.8,102.0,0.238,159.6,41.6,0.214,51.4,41.2,0.051,31.3,11.8,0.029,95.7,23.3,0.118,59.8,34.2,0.066,32.4,12.0,0.031,91.2,25.2,0.098,73.2,25.7,0.088,177.9,54.7,0.254,27.8,16.5,0.032,120.2,41.3,0.173,50.9,15.3,0.053,55.8,47.0,0.061,57.8,44.3,0.058,35.5,12.7,0.035,203.4,118.1,0.318,86.8,22.2,0.11,91.8,51.0,0.105,154.9,89.2,0.248,73.5,23.7,0.092,32.8,11.8,0.031,69.6,24.3,0.077,74.3,74.4,0.085,28.5,9.1,0.029,28.2,12.3,0.024,68.8,34.4,0.072,54.3,17.6,0.055,180.5,106.2,0.287,50.9,81.4,0.049,77.6,22.9,0.09,43.5,12.0,0.045
0131863AR,948.74,424.49,29.0,0.0,1.0,0.83,147.8,136.1,0.0,194.6,167.6,0.0,252.9,431.7,0.0,238.3,193.6,0.0,64.1,138.1,0.0,39.3,38.7,0.0,130.0,103.2,0.0,74.1,109.8,0.0,40.7,36.1,0.0,120.5,97.7,0.0,102.0,87.6,0.0,268.5,228.2,0.0,34.8,43.9,0.0,200.1,204.3,0.0,63.1,49.4,0.0,72.5,156.9,0.0,76.9,211.2,0.0,44.5,37.0,0.0,316.2,486.4,0.0,124.7,95.5,0.0,152.7,228.4,0.0,240.1,420.1,0.0,109.7,110.8,0.0,41.2,38.4,0.0,93.4,80.0,0.0,116.4,330.3,0.0,35.8,24.2,0.0,35.3,40.8,0.0,106.3,151.4,0.0,67.5,57.1,0.0,278.9,481.6,0.0,93.1,363.5,0.0,107.9,92.2,0.0,52.8,38.6,0.0
0131864AR,1013.52,665.35,7.0,0.58,1.0,0.83,147.8,142.4,0.074,194.6,175.4,0.127,252.9,451.0,0.134,238.3,201.2,0.121,64.1,140.0,0.032,39.3,38.7,0.026,130.0,105.6,0.069,74.1,112.5,0.05,40.7,36.1,0.019,120.5,96.8,0.057,102.0,86.5,0.067,268.5,237.7,0.143,34.8,43.9,0.028,200.1,208.9,0.117,63.1,49.1,0.033,72.5,154.7,0.038,76.9,214.8,0.036,44.5,37.0,0.022,316.2,507.1,0.2,124.7,96.4,0.064,152.7,218.9,0.061,240.1,439.1,0.14,109.7,115.9,0.07,41.2,38.4,0.027,93.4,78.6,0.058,116.4,346.8,0.065,35.8,24.2,0.026,35.3,40.8,0.021,106.3,159.7,0.045,67.5,58.5,0.035,278.9,502.8,0.161,93.1,350.6,0.044,107.9,91.0,0.052,52.8,38.6,0.028
0131870AR,887.05,86.54,7.0,1.0,0.67,0.33,135.0,69.9,0.127,182.1,87.7,0.189,229.6,216.5,0.238,217.5,100.1,0.214,55.4,81.2,0.051,30.6,24.8,0.029,119.0,55.0,0.118,64.9,67.5,0.066,33.2,21.5,0.031,101.6,52.9,0.098,86.6,46.3,0.088,243.0,116.4,0.254,28.0,25.0,0.032,187.8,98.5,0.173,55.1,30.7,0.053,62.6,92.8,0.061,70.8,113.2,0.058,37.2,21.9,0.035,290.0,230.3,0.318,108.7,52.1,0.11,149.2,104.7,0.105,219.1,214.3,0.248,100.6,58.5,0.092,33.5,24.3,0.031,79.3,46.0,0.077,108.6,164.3,0.085,28.1,14.2,0.029,27.2,26.3,0.024,99.0,76.9,0.072,58.8,35.7,0.055,253.1,230.9,0.287,90.3,176.7,0.049,91.8,49.5,0.09,43.8,23.9,0.045
0131871AR,1043.83,1059.59,83314.0,0.0,1.0,1.0,147.8,66.8,0.0,194.6,71.5,0.0,252.9,172.4,0.0,238.3,96.8,0.0,64.1,132.1,0.0,39.3,48.2,0.0,130.0,76.7,0.0,74.1,123.4,0.0,40.7,46.9,0.0,120.5,91.7,0.0,102.0,81.4,0.0,268.5,94.0,0.0,34.8,56.7,0.0,200.1,54.5,0.0,63.1,57.8,0.0,72.5,152.2,0.0,76.9,119.0,0.0,44.5,45.7,0.0,316.2,177.2,0.0,124.7,84.9,0.0,152.7,29.7,0.0,240.1,175.5,0.0,109.7,57.3,0.0,41.2,47.6,0.0,93.4,77.3,0.0,116.4,112.5,0.0,35.8,31.2,0.0,35.3,50.5,0.0,106.3,46.1,0.0,67.5,64.3,0.0,278.9,171.1,0.0,93.1,29.9,0.0,107.9,81.7,0.0,52.8,47.5,0.0
0131874AR,797.78,988.67,5.0,0.0,0.67,0.67,78.5,30.4,0.0,93.1,40.3,0.0,120.0,96.2,0.0,138.3,47.9,0.0,35.4,41.0,0.0,24.6,16.0,0.0,79.0,29.3,0.0,45.7,42.6,0.0,26.1,16.5,0.0,72.9,34.3,0.0,65.6,25.9,0.0,140.9,52.4,0.0,22.8,21.6,0.0,112.4,41.3,0.0,38.6,19.5,0.0,40.6,47.0,0.0,41.3,57.0,0.0,28.6,15.6,0.0,155.1,103.1,0.0,81.0,30.3,0.0,75.3,42.7,0.0,134.1,98.8,0.0,67.1,29.0,0.0,26.2,15.9,0.0,60.2,24.5,0.0,64.3,67.9,0.0,23.5,14.9,0.0,21.6,18.5,0.0,55.9,32.5,0.0,41.0,22.1,0.0,132.4,100.4,0.0,43.5,65.4,0.0,69.8,28.1,0.0,31.5,17.9,0.0
0131878AR,1004.24,630.71,10.0,0.0,1.0,0.83,147.8,136.1,0.0,194.6,171.1,0.0,252.9,442.1,0.0,238.3,198.4,0.0,64.1,129.7,0.0,39.3,38.7,0.0,130.0,100.5,0.0,74.1,107.8,0.0,40.7,36.1,0.0,120.5,90.8,0.0,102.0,79.7,0.0,268.5,234.9,0.0,34.8,43.9,0.0,200.1,207.9,0.0,63.1,48.5,0.0,72.5,143.7,0.0,76.9,208.4,0.0,44.5,37.0,0.0,316.2,494.7,0.0,124.7,90.6,0.0,152.7,228.1,0.0,240.1,430.3,0.0,109.7,111.6,0.0,41.2,38.4,0.0,93.4,73.3,0.0,116.4,333.9,0.0,35.8,24.2,0.0,35.3,40.8,0.0,106.3,156.4,0.0,67.5,56.0,0.0,278.9,488.1,0.0,93.1,363.5,0.0,107.9,84.3,0.0,52.8,38.6,0.0
0131879AR,812.88,169.38,503226.0,1.0,0.5,0.17,94.6,37.9,0.127,127.6,46.4,0.185,165.6,117.4,0.227,156.9,53.9,0.204,34.9,45.9,0.051,19.2,14.7,0.029,80.9,30.4,0.118,39.8,36.4,0.066,20.4,12.3,0.031,72.9,26.1,0.098,56.8,28.3,0.088,179.1,67.2,0.242,17.7,14.0,0.032,133.2,61.3,0.17,31.1,14.8,0.053,39.3,48.9,0.061,44.6,63.8,0.058,22.3,11.9,0.035,207.0,142.8,0.298,73.0,28.6,0.11,110.6,77.1,0.105,159.6,116.0,0.237,67.1,32.4,0.092,20.4,14.3,0.031,53.4,26.6,0.077,76.8,100.5,0.085,17.0,8.3,0.029,16.9,14.9,0.024,69.7,46.5,0.072,35.8,19.5,0.055,182.6,143.5,0.273,64.7,123.6,0.049,60.4,25.3,0.09,27.3,12.2,0.045
0131881AR,105.28,736.05,53.0,0.0,0.83,0.33,141.6,41.0,0.0,185.6,51.9,0.0,229.9,123.8,0.0,223.8,59.9,0.0,62.8,59.1,0.0,37.1,22.4,0.0,123.1,39.7,0.0,72.5,57.4,0.0,36.2,21.3,0.0,114.9,42.1,0.0,96.5,36.7,0.0,248.6,66.1,0.0,31.0,26.0,0.0,187.1,54.3,0.0,61.8,25.8,0.0,70.9,67.4,0.0,76.0,70.1,0.0,39.5,21.4,0.0,287.6,133.8,0.0,118.0,39.1,0.0,142.6,50.9,0.0,224.7,126.8,0.0,106.0,36.3,0.0,38.9,22.2,0.0,88.4,34.4,0.0,112.4,93.1,0.0,31.8,14.3,0.0,33.3,22.2,0.0,102.6,41.5,0.0,66.1,29.0,0.0,253.5,130.4,0.0,89.8,83.1,0.0,102.2,39.0,0.0,48.9,22.4,0.0
0131885AR,973.42,513.73,8.0,0.0,1.0,1.0,147.8,146.6,0.0,194.6,179.7,0.0,252.9,460.0,0.0,238.3,210.4,0.0,64.1,167.0,0.0,39.3,51.3,0.0,130.0,117.5,0.0,74.1,141.0,0.0,40.7,47.5,0.0,120.5,115.2,0.0,102.0,101.6,0.0,268.5,247.1,0.0,34.8,56.7,0.0,200.1,210.0,0.0,63.1,63.7,0.0,72.5,190.7,0.0,76.9,229.6,0.0,44.5,48.5,0.0,316.2,515.4,0.0,124.7,111.5,0.0,152.7,228.4,0.0,240.1,447.8,0.0,109.7,120.2,0.0,41.2,50.6,0.0,93.4,96.1,0.0,116.4,348.3,0.0,35.8,31.2,0.0,35.3,54.3,0.0,106.3,160.4,0.0,67.5,73.8,0.0,278.9,504.4,0.0,93.1,363.5,0.0,107.9,106.7,0.0,52.8,50.4,0.0
0131889AR,360.79,404.4,1115.0,0.0,1.0,0.0,147.8,60.5,0.0,194.6,79.8,0.0,252.9,204.0,0.0,238.3,85.1,0.0,64.1,61.2,0.0,39.3,19.6,0.0,130.0,41.4,0.0,74.1,48.9,0.0,40.7,14.6,0.0,120.5,36.5,0.0,102.0,34.6,0.0,268.5,109.6,0.0,34.8,20.0,0.0,200.1,109.5,0.0,63.1,19.8,0.0,72.5,62.4,0.0,76.9,90.7,0.0,44.5,16.5,0.0,316.2,240.7,0.0,124.7,38.6,0.0,152.7,138.5,0.0,240.1,196.9,0.0,109.7,49.3,0.0,41.2,18.1,0.0,93.4,34.3,0.0,116.4,170.8,0.0,35.8,7.2,0.0,35.3,19.7,0.0,106.3,82.0,0.0,67.5,26.0,0.0,278.9,242.9,0.0,93.1,225.1,0.0,107.9,34.9,0.0,52.8,18.3,0.0
0131890AR,1008.95,647.98,7.0,0.0,1.0,0.83,147.8,144.2,0.0,194.6,174.7,0.004,252.9,446.6,0.011,238.3,201.5,0.01,64.1,152.2,0.0,39.3,42.2,0.0,130.0,111.0,0.0,74.1,122.7,0.0,40.7,38.0,0.0,120.5,103.7,0.0,102.0,92.2,0.0,268.5,236.3,0.012,34.8,46.3,0.0,200.1,207.1,0.004,63.1,53.8,0.0,72.5,173.8,0.0,76.9,219.7,0.0,44.5,40.2,0.0,316.2,503.0,0.024,124.7,103.2,0.0,152.7,226.7,0.0,240.1,434.7,0.012,109.7,117.7,0.0,41.2,41.8,0.0,93.4,87.9,0.0,116.4,341.1,0.0,35.8,24.2,0.0,35.3,44.5,0.0,106.3,157.0,0.0,67.5,64.0,0.0,278.9,496.3,0.013,93.1,362.7,0.0,107.9,100.0,0.0,52.8,41.9,0.0
0131894AR,879.57,156.68,7.0,1.0,1.0,1.0,147.8,146.6,0.127,194.6,179.7,0.189,252.9,460.0,0.238,238.3,210.4,0.214,64.1,167.0,0.051,39.3,51.3,0.029,130.0,117.5,0.118,74.1,141.0,0.066,40.7,47.5,0.031,120.5,115.2,0.098,102.0,101.6,0.088,268.5,247.1,0.254,34.8,56.7,0.032,200.1,210.0,0.173,63.1,63.7,0.053,72.5,190.7,0.061,76.9,229.6,0.058,44.5,48.5,0.035,316.2,515.4,0.318,124.7,111.5,0.11,152.7,228.4,0.105,240.1,447.8,0.248,109.7,120.2,0.092,41.2,50.6,0.031,93.4,96.1,0.077,116.4,348.3,0.085,35.8,31.2,0.029,35.3,54.3,0.024,106.3,160.4,0.072,67.5,73.8,0.055,278.9,504.4,0.287,93.1,363.5,0.049,107.9,106.7,0.09,52.8,50.4,0.045
0131908AR,1101.0,990.0,70.0,0.0,1.0,0.5,146.5,146.6,0.0,192.9,179.7,0.0,251.0,457.6,0.0,236.0,208.9,0.0,64.1,167.0,0.0,39.3,51.1,0.0,128.4,117.5,0.0,74.1,141.0,0.0,40.7,46.8,0.0,118.9,115.2,0.0,100.7,101.6,0.0,265.9,246.1,0.0,34.8,56.7,0.0,198.8,208.9,0.0,63.1,63.3,0.0,72.5,190.7,0.0,76.9,229.6,0.0,44.5,48.5,0.0,313.8,513.2,0.0,123.1,111.5,0.0,152.7,227.7,0.0,237.8,445.5,0.0,108.3,120.2,0.0,41.2,50.3,0.0,92.2,96.1,0.0,115.0,348.3,0.0,34.5,30.2,0.0,35.3,53.7,0.0,106.3,160.4,0.0,67.5,73.8,0.0,276.8,502.3,0.0,93.1,362.7,0.0,106.6,106.7,0.0,52.8,50.2,0.0
0131912AR,473.71,117.42,52156.0,1.0,0.83,0.33,113.9,34.2,0.127,152.5,40.0,0.189,196.2,107.2,0.238,179.1,44.9,0.214,53.4,39.9,0.051,32.6,13.8,0.029,102.2,27.0,0.118,62.5,35.8,0.066,33.9,13.3,0.031,96.4,27.8,0.098,78.1,24.8,0.088,206.4,57.0,0.254,29.0,16.5,0.032,141.0,43.3,0.173,53.2,16.0,0.053,58.1,47.7,0.061,57.8,46.0,0.058,37.0,13.6,0.035,236.6,123.1,0.318,97.2,26.8,0.11,106.4,51.2,0.105,180.4,94.5,0.248,79.1,24.3,0.092,34.3,13.8,0.031,71.5,23.6,0.077,84.3,78.6,0.085,29.8,9.1,0.029,29.3,14.5,0.024,76.2,36.4,0.072,59.7,18.4,0.055,210.0,118.4,0.287,56.9,83.4,0.049,82.7,25.4,0.09,44.5,14.3,0.045
0131913AR,202.75,203.3,612.0,0.0,0.67,0.33,88.1,44.4,0.0,115.2,48.6,0.0,140.1,119.8,0.0,133.6,56.4,0.0,43.8,54.1,0.0,26.3,17.3,0.0,85.3,34.8,0.0,48.9,49.2,0.0,28.7,15.2,0.0,79.6,36.2,0.0,65.9,34.5,0.0,148.6,63.2,0.0,24.8,19.4,0.0,104.0,47.6,0.0,41.4,22.0,0.0,48.7,63.1,0.0,45.3,64.2,0.0,30.5,17.2,0.0,173.5,127.7,0.0,81.9,34.2,0.0,74.7,47.1,0.0,133.2,115.4,0.0,63.6,35.5,0.0,28.1,17.3,0.0,61.6,31.4,0.0,64.3,91.8,0.0,24.2,9.8,0.0,23.3,16.4,0.0,58.8,42.1,0.0,44.1,25.5,0.0,152.3,128.3,0.0,45.0,82.4,0.0,70.1,35.0,0.0,36.6,17.7,0.0
0131916AR,841.55,1030.18,1090.0,0.83,1.0,0.83,147.8,41.1,0.106,194.6,44.2,0.135,252.9,110.0,0.186,238.3,57.8,0.167,64.1,89.2,0.048,39.3,36.1,0.026,130.0,48.0,0.099,74.1,87.7,0.05,40.7,36.2,0.029,120.5,65.8,0.082,102.0,55.8,0.067,268.5,60.2,0.199,34.8,42.4,0.028,200.1,32.3,0.124,63.1,42.1,0.05,72.5,115.9,0.057,76.9,73.0,0.054,44.5,36.0,0.033,316.2,120.4,0.216,124.7,60.7,0.092,152.7,12.8,0.087,240.1,109.3,0.194,109.7,33.5,0.07,41.2,35.6,0.027,93.4,56.7,0.058,116.4,75.6,0.065,35.8,23.3,0.026,35.3,38.1,0.021,106.3,28.1,0.067,67.5,45.8,0.052,278.9,116.7,0.224,93.1,11.4,0.044,107.9,58.4,0.075,52.8,37.4,0.042
0131920AR,1030.7,1064.39,60.0,0.0,1.0,1.0,147.8,0.0,0.0,194.6,0.0,0.0,252.9,0.0,0.0,238.3,0.7,0.0,64.1,5.7,0.0,39.3,14.0,0.0,130.0,2.3,0.0,74.1,17.6,0.0,40.7,22.7,0.0,120.5,11.3,0.0,102.0,4.0,0.0,268.5,0.0,0.0,34.8,31.9,0.0,200.1,0.0,0.0,63.1,12.1,0.0,72.5,24.5,0.0,76.9,0.0,0.0,44.5,17.9,0.0,316.2,0.0,0.0,124.7,8.2,0.0,152.7,0.0,0.0,240.1,0.0,0.0,109.7,0.0,0.0,41.2,13.9,0.0,93.4,5.7,0.0,116.4,0.0,0.0,35.8,24.0,0.0,35.3,14.0,0.0,106.3,0.0,0.0,67.5,9.1,0.0,278.9,0.0,0.0,93.1,0.0,0.0,107.9,8.0,0.0,52.8,20.3,0.0
0131922AR,582.28,52.84,1428.0,0.0,1.0,0.83,143.7,0.0,0.0,189.1,0.0,0.0,233.4,0.0,0.0,228.5,0.0,0.0,64.1,0.0,0.0,39.3,0.6,0.0,130.0,0.0,0.0,74.1,0.0,0.0,40.7,2.8,0.0,117.1,0.0,0.0,102.0,0.0,0.0,249.6,0.0,0.0,34.8,2.3,0.0,188.4,0.0,0.0,63.1,0.0,0.0,72.5,0.0,0.0,76.9,0.0,0.0,44.5,0.8,0.0,286.0,0.0,0.0,124.7,0.0,0.0,136.1,0.0,0.0,230.2,0.0,0.0,109.7,0.0,0.0,41.2,0.6,0.0,93.4,0.0,0.0,116.4,0.0,0.0,35.8,9.3,0.0,35.3,1.5,0.0,102.9,0.0,0.0,67.5,0.0,0.0,251.8,0.0,0.0,89.1,0.0,0.0,107.9,0.0,0.0,52.8,0.6,0.0
0131924AR,1018.0,682.0,3.0,0.36,1.0,1.0,147.8,135.4,0.046,194.6,161.2,0.089,252.9,410.1,0.093,238.3,192.6,0.084,64.1,167.0,0.013,39.3,51.3,0.01,130.0,115.1,0.043,74.1,141.0,0.029,40.7,47.5,0.008,120.5,115.2,0.035,102.0,101.6,0.039,268.5,223.7,0.099,34.8,56.7,0.011,200.1,173.0,0.081,63.1,63.7,0.013,72.5,190.7,0.015,76.9,217.6,0.014,44.5,48.5,0.009,316.2,456.7,0.153,124.7,110.9,0.04,152.7,173.3,0.038,240.1,399.0,0.097,109.7,110.5,0.04,41.2,50.6,0.01,93.4,96.1,0.034,116.4,300.2,0.038,35.8,31.2,0.01,35.3,54.3,0.008,106.3,138.1,0.018,67.5,73.8,0.014,278.9,449.8,0.112,93.1,273.0,0.016,107.9,106.7,0.032,52.8,50.4,0.011
0131932AR,878.79,244.16,63.0,1.0,1.0,1.0,147.8,130.8,0.127,192.8,163.0,0.189,247.7,415.1,0.234,238.3,187.7,0.211,64.1,127.0,0.051,39.3,36.7,0.029,130.0,96.8,0.118,74.1,103.8,0.066,40.7,34.8,0.031,120.5,85.4,0.098,102.0,76.5,0.088,262.9,218.2,0.25,34.8,40.3,0.032,198.0,195.7,0.173,63.1,44.1,0.053,72.5,135.8,0.061,76.9,203.3,0.058,44.5,34.0,0.035,309.6,460.3,0.314,124.7,85.5,0.11,146.9,207.3,0.105,238.5,405.5,0.244,109.7,108.0,0.092,41.2,35.3,0.031,93.4,69.0,0.077,116.4,320.5,0.085,35.8,24.8,0.029,35.3,37.5,0.024,106.3,149.9,0.072,67.5,54.0,0.055,273.0,453.4,0.282,91.8,338.4,0.049,107.9,79.2,0.09,52.8,35.5,0.045
0131933AR,405.02,57.72,50013.0,0.0,1.0,0.0,147.8,0.0,0.0,194.6,0.0,0.0,251.5,0.0,0.0,237.6,0.0,0.0,64.1,0.0,0.0,39.3,0.0,0.0,130.0,0.0,0.0,74.1,0.0,0.0,40.7,1.3,0.0,120.5,0.0,0.0,102.0,0.0,0.0,266.9,0.0,0.0,34.8,0.0,0.0,200.1,0.0,0.0,63.1,0.0,0.0,72.5,0.0,0.0,76.9,0.0,0.0,44.5,1.3,0.0,313.2,0.0,0.0,124.7,0.0,0.0,150.6,0.0,0.0,238.7,0.0,0.0,109.7,0.0,0.0,41.2,0.0,0.0,93.4,0.0,0.0,116.4,0.0,0.0,35.8,2.6,0.0,35.3,0.0,0.0,106.3,0.0,0.0,67.5,0.0,0.0,277.3,0.0,0.0,93.1,0.0,0.0,107.9,0.0,0.0,52.8,0.0,0.0
0131934AR,822.88,45.9,874.0,1.0,1.0,1.0,139.5,0.8,0.127,179.5,2.2,0.189,207.7,4.6,0.238,221.4,2.1,0.214,64.1,0.0,0.051,39.3,0.0,0.029,130.0,0.3,0.118,74.1,0.0,0.066,40.7,0.0,0.031,113.7,0.0,0.098,102.0,0.0,0.088,235.8,3.8,0.254,34.8,0.0,0.032,172.2,1.8,0.173,63.1,0.0,0.053,72.5,0.7,0.061,76.9,0.0,0.058,44.5,0.0,0.035,241.7,12.9,0.318,124.7,0.0,0.11,133.1,1.3,0.105,219.2,3.0,0.248,109.7,0.3,0.092,41.2,0.0,0.031,93.4,0.3,0.077,112.1,5.8,0.085,35.8,7.2,0.029,35.3,0.0,0.024,102.2,1.7,0.072,67.5,0.0,0.055,217.0,12.6,0.287,86.5,1.5,0.049,107.9,0.0,0.09,52.8,0.0,0.045
0131936AR,838.43,1025.12,1031.0,0.42,1.0,0.33,141.9,78.0,0.053,185.8,92.0,0.058,244.5,228.7,0.085,229.6,108.0,0.077,59.3,98.5,0.026,34.8,32.9,0.01,122.1,65.4,0.049,69.8,89.6,0.024,39.7,30.0,0.015,113.9,68.2,0.041,93.8,59.4,0.032,259.3,123.1,0.091,33.5,36.2,0.011,192.5,91.6,0.053,59.4,41.2,0.027,66.9,119.8,0.03,72.7,119.1,0.029,43.5,31.4,0.018,305.9,245.0,0.09,117.1,65.0,0.046,148.5,70.0,0.044,231.3,221.5,0.089,103.2,62.2,0.033,38.7,32.5,0.01,85.9,60.5,0.028,110.4,170.2,0.031,35.8,19.8,0.01,31.1,35.2,0.008,100.7,72.8,0.036,62.7,46.9,0.028,269.6,237.3,0.103,91.8,111.6,0.016,99.4,62.5,0.037,51.6,32.7,0.022
0131942AR,224.2,783.32,104.0,0.0,0.5,0.17,88.6,27.8,0.0,122.6,38.3,0.0,164.1,88.5,0.0,146.0,40.9,0.0,35.1,22.3,0.0,21.2,8.3,0.0,75.0,21.2,0.0,42.0,22.9,0.0,22.5,7.1,0.0,70.9,21.4,0.0,58.4,15.4,0.0,172.7,55.1,0.0,19.6,8.4,0.0,128.6,46.6,0.0,35.5,10.4,0.0,39.6,31.3,0.0,43.9,41.0,0.0,24.7,7.6,0.0,211.0,126.9,0.0,72.0,21.1,0.0,96.8,52.5,0.0,153.5,91.6,0.0,64.2,20.0,0.0,22.6,8.2,0.0,53.6,14.9,0.0,70.5,80.6,0.0,17.6,4.6,0.0,18.7,8.3,0.0,63.3,35.1,0.0,37.7,11.9,0.0,184.5,120.8,0.0,55.1,86.3,0.0,62.1,19.1,0.0,29.9,8.0,0.0
0131945AR,993.0,589.0,4.0,0.0,1.0,0.83,147.8,121.8,0.0,194.6,153.7,0.0,252.9,403.4,0.0,238.3,181.0,0.0,64.1,132.3,0.0,39.3,38.7,0.0,130.0,96.1,0.0,74.1,111.2,0.0,40.7,36.1,0.0,120.5,93.8,0.0,102.0,83.5,0.0,268.5,215.7,0.0,34.8,43.9,0.0,200.1,190.9,0.0,63.1,49.1,0.0,72.5,151.0,0.0,76.9,190.7,0.0,44.5,37.0,0.0,316.2,462.9,0.0,124.7,90.6,0.0,152.7,216.6,0.0,240.1,392.4,0.0,109.7,100.8,0.0,41.2,38.4,0.0,93.4,76.8,0.0,116.4,302.4,0.0,35.8,24.2,0.0,35.3,40.8,0.0,106.3,139.1,0.0,67.5,57.8,0.0,278.9,442.5,0.0,93.1,343.0,0.0,107.9,87.8,0.0,52.8,38.6,0.0
0131950AR,966.9,571.3,14.0,0.0,1.0,1.0,147.8,146.6,0.0,194.6,179.7,0.0,252.9,460.0,0.0,238.3,210.4,0.0,64.1,167.0,0.0,39.3,51.3,0.0,130.0,117.5,0.0,74.1,141.0,0.0,40.7,47.5,0.0,120.5,115.2,0.0,102.0,101.6,0.0,268.5,247.1,0.0,34.8,56.7,0.0,200.1,210.0,0.0,63.1,63.7,0.0,72.5,190.7,0.0,76.9,229.6,0.0,44.5,48.5,0.0,316.2,515.4,0.0,124.7,111.5,0.0,152.7,228.4,0.0,240.1,447.8,0.0,109.7,120.2,0.0,41.2,50.6,0.0,93.4,96.1,0.0,116.4,348.3,0.0,35.8,31.2,0.0,35.3,54.3,0.0,106.3,160.4,0.0,67.5,73.8,0.0,278.9,504.4,0.0,93.1,363.5,0.0,107.9,106.7,0.0,52.8,50.4,0.0
0131951AR,615.06,988.17,10.0,0.0,1.0,0.0,147.8,77.7,0.0,194.6,93.2,0.0,252.9,247.8,0.0,238.3,109.6,0.0,64.1,79.9,0.0,39.3,18.0,0.0,130.0,59.4,0.0,74.1,59.7,0.0,40.7,16.1,0.0,120.5,56.3,0.0,102.0,48.6,0.0,268.5,130.1,0.0,34.8,20.0,0.0,200.1,116.0,0.0,63.1,25.0,0.0,72.5,84.8,0.0,76.9,116.2,0.0,44.5,18.0,0.0,316.2,285.9,0.0,124.7,54.4,0.0,152.7,117.3,0.0,240.1,234.6,0.0,109.7,63.1,0.0,41.2,17.9,0.0,93.4,43.4,0.0,116.4,189.5,0.0,35.8,8.3,0.0,35.3,19.3,0.0,106.3,87.7,0.0,67.5,31.0,0.0,278.9,276.7,0.0,93.1,197.1,0.0,107.9,51.8,0.0,52.8,18.4,0.0
0131966AR,234.2,127.18,259.0,0.0,0.67,0.33,74.7,20.6,0.0,93.2,21.3,0.0,113.0,56.3,0.0,109.5,25.0,0.0,36.8,24.6,0.0,21.8,10.8,0.0,70.3,17.5,0.0,44.1,24.4,0.0,23.9,10.5,0.0,65.1,16.0,0.0,52.4,14.9,0.0,117.7,29.8,0.0,20.9,14.5,0.0,81.2,25.5,0.0,37.3,11.8,0.0,42.7,31.8,0.0,40.7,31.2,0.0,26.2,9.3,0.0,137.5,61.7,0.0,64.2,15.4,0.0,60.8,25.2,0.0,104.4,52.5,0.0,52.9,15.4,0.0,23.3,10.7,0.0,51.3,16.2,0.0,46.2,41.9,0.0,22.8,8.0,0.0,18.5,11.0,0.0,41.3,21.7,0.0,39.6,12.7,0.0,119.0,59.9,0.0,36.9,43.5,0.0,55.8,14.4,0.0,32.1,9.1,0.0
0131969AR,794.57,209.46,81.0,1.0,1.0,1.0,147.8,146.6,0.127,194.6,179.7,0.189,252.9,460.0,0.238,238.3,210.4,0.214,64.1,167.0,0.051,39.3,51.3,0.029,130.0,117.5,0.118,74.1,141.0,0.066,40.7,47.5,0.031,120.5,115.2,0.098,102.0,101.6,0.088,268.5,247.1,0.254,34.8,56.7,0.032,200.1,210.0,0.173,63.1,63.7,0.053,72.5,190.7,0.061,76.9,229.6,0.058,44.5,48.5,0.035,316.2,515.4,0.318,124.7,111.5,0.11,152.7,228.4,0.105,240.1,447.8,0.248,109.7,120.2,0.092,41.2,50.6,0.031,93.4,96.1,0.077,116.4,348.3,0.085,35.8,31.2,0.029,35.3,54.3,0.024,106.3,160.4,0.072,67.5,73.8,0.055,278.9,504.4,0.287,93.1,363.5,0.049,107.9,106.7,0.09,52.8,50.4,0.045
0131971AR,456.69,100.23,41.0,0.86,0.5,0.33,55.3,8.8,0.11,67.0,13.9,0.169,88.3,40.8,0.186,96.8,19.7,0.167,23.3,13.7,0.051,20.4,8.3,0.029,60.3,10.1,0.102,28.2,17.3,0.066,21.7,6.9,0.031,54.8,11.7,0.084,43.6,8.6,0.088,104.8,20.2,0.199,19.0,10.2,0.032,78.7,16.7,0.156,26.5,10.7,0.053,26.3,16.4,0.061,26.4,14.9,0.058,23.7,7.2,0.035,111.3,40.7,0.259,57.9,11.2,0.095,57.0,18.3,0.09,97.4,41.2,0.194,45.6,7.3,0.092,21.8,8.3,0.031,40.0,8.5,0.077,46.6,17.2,0.085,20.9,5.7,0.029,17.9,9.1,0.024,39.1,7.9,0.072,25.3,8.9,0.055,97.4,39.8,0.224,31.6,21.5,0.049,49.9,9.0,0.077,23.4,8.5,0.045
0131974AR,769.57,241.59,7.0,1.0,0.83,0.83,147.8,146.6,0.127,194.6,179.7,0.189,252.9,460.0,0.238,238.3,209.3,0.214,64.1,166.2,0.051,39.3,51.3,0.029,130.0,116.9,0.118,74.1,141.0,0.066,40.2,45.9,0.031,120.5,115.2,0.098,102.0,101.6,0.088,268.5,247.1,0.254,34.8,54.4,0.032,200.1,210.0,0.173,63.1,63.7,0.053,72.5,190.0,0.061,76.9,229.6,0.058,44.0,48.5,0.035,316.2,514.7,0.318,124.7,111.5,0.11,152.7,228.4,0.105,240.1,447.8,0.248,109.7,120.2,0.092,41.2,50.6,0.031,93.4,95.8,0.077,116.4,348.3,0.085,35.1,28.6,0.029,35.3,54.3,0.024,106.3,160.4,0.072,67.5,73.8,0.055,278.9,503.7,0.287,93.1,363.5,0.049,107.9,106.7,0.09,52.8,50.4,0.045
0131976AR,468.81,396.59,23744.0,0.0,1.0,0.83,147.8,130.5,0.0,194.6,150.6,0.0,252.9,376.0,0.0,238.3,182.5,0.0,64.1,165.4,0.0,39.3,51.3,0.0,130.0,109.5,0.0,74.1,141.0,0.0,40.7,47.5,0.0,120.5,113.6,0.0,102.0,100.2,0.0,268.5,203.4,0.0,34.8,56.7,0.0,200.1,144.7,0.0,63.1,63.7,0.0,72.5,189.4,0.0,76.9,207.1,0.0,44.5,48.5,0.0,316.2,400.0,0.0,124.7,108.5,0.0,152.7,122.6,0.0,240.1,369.5,0.0,109.7,106.4,0.0,41.2,50.6,0.0,93.4,94.8,0.0,116.4,276.5,0.0,35.8,31.2,0.0,35.3,54.3,0.0,106.3,122.9,0.0,67.5,73.8,0.0,278.9,392.7,0.0,93.1,196.7,0.0,107.9,105.3,0.0,52.8,50.4,0.0
0131992AR,779.47,47.11,329.0,1.0,1.0,1.0,142.4,0.0,0.127,183.4,0.0,0.189,212.8,0.7,0.238,221.2,1.0,0.214,64.1,0.0,0.051,39.3,1.7,0.029,130.0,0.0,0.118,74.1,0.0,0.066,40.7,5.4,0.031,117.7,0.0,0.098,102.0,0.0,0.088,240.1,1.0,0.254,34.8,2.6,0.032,182.6,0.4,0.173,63.1,0.0,0.053,72.5,0.0,0.061,76.9,0.0,0.058,44.5,0.0,0.035,267.2,2.1,0.318,124.7,0.0,0.11,145.4,1.4,0.105,222.9,0.7,0.248,109.7,0.0,0.092,41.2,1.7,0.031,93.4,0.0,0.077,116.4,0.0,0.085,35.8,9.5,0.029,35.3,2.4,0.024,106.3,0.3,0.072,67.5,0.0,0.055,234.7,2.4,0.287,93.1,0.0,0.049,107.9,0.0,0.09,52.8,1.8,0.045
0131996AR,990.13,577.59,13.0,0.0,1.0,0.83,147.8,113.8,0.0,194.6,145.5,0.0,252.9,382.6,0.0,238.3,171.5,0.0,64.1,125.8,0.0,39.3,38.7,0.0,130.0,90.9,0.0,74.1,107.8,0.0,40.7,36.1,0.0,120.5,88.5,0.0,102.0,77.4,0.0,268.5,204.2,0.0,34.8,43.9,0.0,200.1,181.4,0.0,63.1,48.5,0.0,72.5,143.7,0.0,76.9,174.5,0.0,44.5,37.0,0.0,316.2,429.7,0.0,124.7,85.5,0.0,152.7,208.8,0.0,240.1,372.0,0.0,109.7,93.2,0.0,41.2,38.4,0.0,93.4,73.3,0.0,116.4,285.8,0.0,35.8,24.2,0.0,35.3,40.8,0.0,106.3,131.5,0.0,67.5,56.0,0.0,278.9,418.8,0.0,93.1,325.5,0.0,107.9,81.5,0.0,52.8,38.6,0.0
0131998AR,1000.89,618.79,11.0,0.0,1.0,0.83,147.8,133.3,0.0,194.6,165.5,0.0,252.9,429.5,0.0,238.3,192.3,0.0,64.1,126.5,0.0,39.3,38.7,0.0,130.0,95.7,0.0,74.1,107.8,0.0,40.7,36.1,0.0,120.5,90.5,0.0,102.0,78.5,0.0,268.5,227.9,0.0,34.8,43.9,0.0,200.1,207.9,0.0,63.1,48.5,0.0,72.5,144.4,0.0,76.9,197.8,0.0,44.5,37.0,0.0,316.2,486.4,0.0,124.7,87.4,0.0,152.7,228.4,0.0,240.1,421.6,0.0,109.7,107.2,0.0,41.2,38.4,0.0,93.4,73.6,0.0,116.4,331.1,0.0,35.8,24.2,0.0,35.3,40.8,0.0,106.3,154.1,0.0,67.5,56.0,0.0,278.9,484.9,0.0,93.1,363.5,0.0,107.9,83.9,0.0,52.8,38.6,0.0
0131999AR,855.88,129.99,516.0,1.0,1.0,0.33,142.4,77.4,0.127,179.5,97.9,0.189,237.2,247.1,0.238,225.1,108.6,0.214,64.1,71.7,0.051,39.3,18.6,0.029,125.4,55.5,0.118,74.1,55.5,0.066,40.7,17.6,0.031,119.2,48.6,0.098,100.5,44.4,0.088,251.3,132.5,0.254,34.8,21.7,0.032,181.5,121.6,0.173,63.1,23.4,0.053,71.3,79.8,0.061,72.8,122.6,0.058,44.5,18.9,0.035,296.4,279.1,0.318,123.4,48.4,0.11,137.3,153.1,0.105,224.7,242.2,0.248,104.6,65.6,0.092,41.2,18.2,0.031,92.0,39.6,0.077,108.6,198.6,0.085,35.8,10.8,0.029,35.3,21.0,0.024,98.9,95.5,0.072,67.5,29.3,0.055,261.5,276.2,0.287,79.0,242.2,0.049,106.3,45.1,0.09,52.8,18.8,0.045
0132004AR,153.53,595.38,1238.0,0.0,1.0,0.5,147.8,123.5,0.0,194.6,153.8,0.0,252.9,399.3,0.0,238.3,178.4,0.0,64.1,114.5,0.0,39.3,30.0,0.0,130.0,91.3,0.0,74.1,88.7,0.0,40.7,28.1,0.0,120.5,78.1,0.0,102.0,68.9,0.0,268.5,209.2,0.0,34.8,34.4,0.0,200.1,186.7,0.0,63.1,39.0,0.0,72.5,118.2,0.0,76.9,181.9,0.0,44.5,28.8,0.0,316.2,447.3,0.0,124.7,79.2,0.0,152.7,205.1,0.0,240.1,388.5,0.0,109.7,101.8,0.0,41.2,29.8,0.0,93.4,65.2,0.0,116.4,302.2,0.0,35.8,19.0,0.0,35.3,31.6,0.0,106.3,138.4,0.0,67.5,46.0,0.0,278.9,438.7,0.0,93.1,328.5,0.0,107.9,72.6,0.0,52.8,29.8,0.0
0132006AR,1044.9,782.41,114.0,1.0,1.0,0.83,147.8,127.1,0.127,194.6,156.9,0.189,252.9,405.5,0.238,238.3,182.0,0.214,64.1,126.5,0.051,39.3,38.7,0.029,130.0,94.4,0.118,74.1,107.8,0.066,40.7,36.1,0.031,120.5,88.9,0.098,102.0,77.8,0.088,268.5,214.3,0.254,34.8,43.9,0.032,200.1,192.7,0.173,63.1,48.5,0.053,72.5,143.7,0.061,76.9,187.9,0.058,44.5,37.0,0.035,316.2,460.7,0.318,124.7,87.4,0.11,152.7,216.3,0.105,240.1,394.5,0.248,109.7,102.2,0.092,41.2,38.4,0.031,93.4,73.6,0.077,116.4,311.0,0.085,35.8,24.2,0.029,35.3,40.8,0.024,106.3,143.1,0.072,67.5,56.0,0.055,278.9,455.3,0.287,93.1,352.1,0.049,107.9,81.9,0.09,52.8,38.6,0.045
0132008AR,988.46,571.61,5.0,0.0,1.0,0.83,147.8,126.4,0.0,194.6,155.8,0.0,252.9,403.4,0.0,238.3,185.5,0.0,64.1,129.7,0.0,39.3,38.7,0.0,130.0,95.0,0.0,74.1,107.8,0.0,40.7,36.1,0.0,120.5,90.8,0.0,102.0,79.7,0.0,268.5,213.9,0.0,34.8,43.9,0.0,200.1,188.8,0.0,63.1,48.5,0.0,72.5,144.4,0.0,76.9,194.3,0.0,44.5,37.0,0.0,316.2,456.7,0.0,124.7,87.8,0.0,152.7,213.2,0.0,240.1,392.4,0.0,109.7,102.2,0.0,41.2,38.4,0.0,93.4,73.6,0.0,116.4,305.9,0.0,35.8,24.2,0.0,35.3,40.8,0.0,106.3,143.4,0.0,67.5,56.0,0.0,278.9,449.8,0.0,93.1,343.0,0.0,107.9,83.5,0.0,52.8,38.6,0.0
0132009AR,1071.94,1070.39,19.0,0.0,1.0,1.0,147.8,0.0,0.0,194.6,0.0,0.015,252.9,0.0,0.015,238.3,1.1,0.013,64.1,7.7,0.0,39.3,14.6,0.0,130.0,3.7,0.0,74.1,20.1,0.0,40.7,23.1,0.0,120.5,12.4,0.0,102.0,5.2,0.0,268.5,0.0,0.016,34.8,32.4,0.0,200.1,0.0,0.014,63.1,13.1,0.0,72.5,28.0,0.0,76.9,0.0,0.0,44.5,18.4,0.0,316.2,0.0,0.043,124.7,9.2,0.0,152.7,0.0,0.0,240.1,0.0,0.016,109.7,0.0,0.0,41.2,14.5,0.0,93.4,7.1,0.0,116.4,0.0,0.0,35.8,24.3,0.0,35.3,14.9,0.0,106.3,0.0,0.0,67.5,10.4,0.0,278.9,0.0,0.018,93.1,0.0,0.0,107.9,9.1,0.0,52.8,20.6,0.0
0132010AR,56.99,605.78,45.0,0.0,1.0,0.67,147.8,120.1,0.0,194.6,143.4,0.0,252.9,364.4,0.0,238.3,167.0,0.0,64.1,136.8,0.0,39.3,42.6,0.0,130.0,96.9,0.0,74.1,116.5,0.0,40.7,39.5,0.0,120.5,92.9,0.0,102.0,82.2,0.0,268.5,192.0,0.0,34.8,47.2,0.0,200.1,151.3,0.0,63.1,52.0,0.0,72.5,156.2,0.0,76.9,185.3,0.0,44.5,40.4,0.0,316.2,399.3,0.0,124.7,91.2,0.0,152.7,138.6,0.0,240.1,351.7,0.0,109.7,99.6,0.0,41.2,42.1,0.0,93.4,78.8,0.0,116.4,275.5,0.0,35.8,25.9,0.0,35.3,45.1,0.0,106.3,122.3,0.0,67.5,61.0,0.0,278.9,391.8,0.0,93.1,219.1,0.0,107.9,86.7,0.0,52.8,42.0,0.0
0132013AR,787.04,203.22,185.0,1.0,1.0,0.67,147.8,146.6,0.127,194.6,179.7,0.189,252.9,460.0,0.238,238.3,210.4,0.214,64.1,167.0,0.051,39.3,50.6,0.029,130.0,117.5,0.118,74.1,141.0,0.066,40.7,46.2,0.031,120.5,115.2,0.098,102.0,101.6,0.088,268.5,247.1,0.254,34.8,55.6,0.032,200.1,210.0,0.173,63.1,63.7,0.053,72.5,190.7,0.061,76.9,229.6,0.058,44.5,47.9,0.035,316.2,515.4,0.318,124.7,111.5,0.11,152.7,228.4,0.105,240.1,447.8,0.248,109.7,120.2,0.092,41.2,49.9,0.031,93.4,96.1,0.077,116.4,348.3,0.085,35.8,28.9,0.029,35.3,53.5,0.024,106.3,160.4,0.072,67.5,73.8,0.055,278.9,504.4,0.287,93.1,363.5,0.049,107.9,106.7,0.09,52.8,49.8,0.045
0132014AR,1085.73,932.3,104.0,1.0,1.0,0.67,147.8,111.7,0.127,194.6,136.6,0.189,252.9,352.8,0.238,238.3,161.2,0.214,64.1,125.8,0.051,39.3,38.7,0.029,130.0,89.9,0.118,74.1,107.8,0.066,40.7,36.1,0.031,120.5,88.5,0.098,102.0,77.4,0.088,268.5,188.1,0.254,34.8,43.9,0.032,200.1,159.6,0.173,63.1,48.5,0.053,72.5,143.7,0.061,76.9,172.4,0.058,44.5,37.0,0.035,316.2,398.7,0.318,124.7,85.5,0.11,152.7,174.9,0.105,240.1,342.9,0.248,109.7,91.1,0.092,41.2,38.4,0.031,93.4,73.3,0.077,116.4,261.4,0.085,35.8,24.2,0.029,35.3,40.8,0.024,106.3,120.2,0.072,67.5,56.0,0.055,278.9,387.0,0.287,93.1,275.3,0.049,107.9,81.5,0.09,52.8,38.6,0.045
0132016AR,905.04,262.03,9.0,0.0,1.0,1.0,147.8,146.6,0.0,194.6,179.7,0.004,252.9,460.0,0.004,238.3,210.4,0.003,64.1,167.0,0.0,39.3,51.3,0.0,130.0,117.5,0.0,74.1,141.0,0.0,40.7,47.5,0.0,120.5,115.2,0.0,102.0,101.6,0.0,268.5,247.1,0.004,34.8,56.7,0.0,200.1,210.0,0.004,63.1,63.7,0.0,72.5,190.7,0.0,76.9,229.6,0.0,44.5,48.5,0.0,316.2,515.4,0.035,124.7,111.5,0.0,152.7,228.4,0.0,240.1,447.8,0.004,109.7,120.2,0.0,41.2,50.6,0.0,93.4,96.1,0.0,116.4,348.3,0.0,35.8,31.2,0.0,35.3,54.3,0.0,106.3,160.4,0.0,67.5,73.8,0.0,278.9,504.4,0.004,93.1,363.5,0.0,107.9,106.7,0.0,52.8,50.4,0.0
0132017AR,116.38,415.82,3045.0,0.0,0.5,0.33,67.1,25.7,0.0,87.9,27.4,0.0,104.8,70.6,0.0,101.5,34.2,0.0,33.0,32.0,0.0,22.4,10.5,0.0,61.2,19.3,0.0,38.1,25.0,0.0,23.9,11.3,0.0,58.8,19.1,0.0,49.7,18.8,0.0,110.0,35.3,0.0,20.9,13.0,0.0,78.8,31.5,0.0,34.1,12.8,0.0,35.8,36.5,0.0,37.1,36.5,0.0,26.2,10.5,0.0,129.8,72.2,0.0,58.8,17.4,0.0,52.5,29.1,0.0,102.1,67.3,0.0,50.7,19.5,0.0,24.0,11.8,0.0,46.8,18.8,0.0,46.0,52.8,0.0,20.8,8.7,0.0,19.7,12.0,0.0,40.5,24.9,0.0,34.2,12.9,0.0,113.5,73.6,0.0,32.3,49.5,0.0,50.7,17.7,0.0,28.2,9.1,0.0
0132020AR,951.97,435.87,20.0,0.0,1.0,0.83,147.8,141.0,0.0,194.6,176.5,0.0,252.9,453.3,0.0,238.3,204.2,0.0,64.1,139.3,0.0,39.3,38.7,0.0,130.0,104.6,0.0,74.1,109.8,0.0,40.7,36.1,0.0,120.5,99.1,0.0,102.0,88.4,0.0,268.5,240.8,0.0,34.8,43.9,0.0,200.1,210.0,0.0,63.1,49.1,0.0,72.5,159.1,0.0,76.9,216.9,0.0,44.5,37.0,0.0,316.2,504.3,0.0,124.7,96.1,0.0,152.7,228.4,0.0,240.1,441.3,0.0,109.7,117.0,0.0,41.2,38.4,0.0,93.4,80.7,0.0,116.4,343.3,0.0,35.8,24.2,0.0,35.3,40.8,0.0,106.3,160.0,0.0,67.5,59.6,0.0,278.9,498.7,0.0,93.1,363.5,0.0,107.9,93.3,0.0,52.8,38.6,0.0
0132021AR,937.87,383.67,25.0,0.0,1.0,0.83,147.8,112.0,0.0,194.6,138.4,0.0,252.9,362.5,0.0,238.3,162.9,0.0,64.1,125.8,0.0,39.3,38.7,0.0,130.0,89.9,0.0,74.1,107.8,0.0,40.7,36.1,0.0,120.5,88.5,0.0,102.0,77.4,0.0,268.5,192.7,0.0,34.8,43.9,0.0,200.1,177.2,0.0,63.1,48.5,0.0,72.5,143.7,0.0,76.9,172.4,0.0,44.5,37.0,0.0,316.2,417.3,0.0,124.7,85.5,0.0,152.7,207.8,0.0,240.1,352.4,0.0,109.7,91.1,0.0,41.2,38.4,0.0,93.4,73.3,0.0,116.4,270.8,0.0,35.8,24.2,0.0,35.3,40.8,0.0,106.3,125.8,0.0,67.5,56.0,0.0,278.9,409.1,0.0,93.1,329.3,0.0,107.9,81.5,0.0,52.8,38.6,0.0
0132022AR,518.88,288.53,660.0,0.0,0.67,0.17,117.7,33.3,0.0,158.1,40.4,0.0,207.5,110.1,0.0,180.0,44.9,0.0,49.0,34.8,0.0,28.6,8.7,0.0,97.1,24.3,0.0,56.5,24.6,0.0,29.6,9.3,0.0,91.6,23.1,0.0,75.7,21.2,0.0,216.8,58.7,0.0,25.2,11.1,0.0,152.7,46.9,0.0,48.1,11.1,0.0,54.8,39.8,0.0,59.8,44.8,0.0,32.3,9.5,0.0,253.2,122.5,0.0,94.4,23.1,0.0,122.0,55.2,0.0,189.2,101.1,0.0,81.9,24.9,0.0,29.9,8.6,0.0,68.7,20.0,0.0,91.4,82.7,0.0,24.0,5.5,0.0,25.8,9.2,0.0,85.7,39.8,0.0,51.5,12.9,0.0,228.8,119.5,0.0,69.8,92.3,0.0,80.1,21.4,0.0,40.3,9.4,0.0
0132029AR,134.94,607.11,945.0,0.0,0.83,0.83,133.2,124.5,0.0,184.8,143.5,0.0,234.2,352.8,0.0,215.8,170.2,0.0,55.9,164.4,0.0,34.0,51.3,0.0,120.1,110.2,0.0,65.5,140.3,0.0,34.4,46.5,0.0,107.7,112.2,0.0,93.6,99.8,0.0,248.0,185.6,0.0,29.3,56.7,0.0,189.8,149.6,0.0,53.5,63.4,0.0,65.9,186.3,0.0,70.8,209.8,0.0,37.7,48.2,0.0,297.3,373.0,0.0,111.4,108.6,0.0,147.1,131.1,0.0,222.9,350.3,0.0,102.0,103.8,0.0,34.7,50.6,0.0,85.7,93.9,0.0,107.2,265.4,0.0,30.2,28.1,0.0,30.3,54.3,0.0,97.5,117.6,0.0,59.4,73.4,0.0,258.3,370.2,0.0,91.2,209.9,0.0,99.1,104.4,0.0,44.9,50.1,0.0
0132030AR,155.61,319.18,4092.0,0.0,0.67,0.5,106.5,32.0,0.0,139.2,33.3,0.0,170.2,84.5,0.0,161.8,40.5,0.0,51.6,44.6,0.0,30.9,15.1,0.0,100.4,25.4,0.0,63.8,38.8,0.0,34.6,16.3,0.0,94.8,27.9,0.0,77.6,26.8,0.0,181.0,45.6,0.0,29.7,20.3,0.0,125.3,32.2,0.0,51.6,19.8,0.0,60.0,50.3,0.0,51.9,47.9,0.0,36.3,14.8,0.0,206.5,93.7,0.0,96.4,26.9,0.0,91.7,29.4,0.0,163.0,82.2,0.0,77.1,24.6,0.0,32.8,15.0,0.0,71.1,25.9,0.0,77.8,62.4,0.0,30.5,12.1,0.0,27.6,14.4,0.0,67.1,27.3,0.0,58.0,20.1,0.0,181.3,90.6,0.0,52.2,51.9,0.0,82.4,26.1,0.0,44.9,15.3,0.0
0132037AR,821.06,459.21,550.0,0.0,1.0,1.0,147.8,146.6,0.0,194.6,179.7,0.0,252.9,460.0,0.0,238.3,210.4,0.0,64.1,167.0,0.0,39.3,51.3,0.0,130.0,117.5,0.0,74.1,141.0,0.0,40.7,47.5,0.0,120.5,115.2,0.0,102.0,101.6,0.0,268.5,247.1,0.0,34.8,56.7,0.0,200.1,210.0,0.0,63.1,63.7,0.0,72.5,190.7,0.0,76.9,229.6,0.0,44.5,48.5,0.0,316.2,515.4,0.0,124.7,111.5,0.0,152.7,228.4,0.0,240.1,447.8,0.0,109.7,120.2,0.0,41.2,50.6,0.0,93.4,96.1,0.0,116.4,348.3,0.0,35.8,31.2,0.0,35.3,54.3,0.0,106.3,160.4,0.0,67.5,73.8,0.0,278.9,504.4,0.0,93.1,363.5,0.0,107.9,106.7,0.0,52.8,50.4,0.0
0132040AR,913.24,371.7,73.0,0.0,1.0,0.83,147.8,146.6,0.0,194.6,179.7,0.0,252.9,460.0,0.0,238.3,210.4,0.0,64.1,167.0,0.0,39.3,51.3,0.0,130.0,117.5,0.0,74.1,141.0,0.0,40.7,47.5,0.0,120.5,115.2,0.0,102.0,101.6,0.0,268.5,247.1,0.0,34.8,56.7,0.0,200.1,210.0,0.0,63.1,63.7,0.0,72.5,190.7,0.0,76.9,229.6,0.0,44.5,48.5,0.0,316.2,515.4,0.0,124.7,111.5,0.0,152.7,228.4,0.0,240.1,447.8,0.0,109.7,120.2,0.0,41.2,50.6,0.0,93.4,96.1,0.0,116.4,348.3,0.0,35.8,31.2,0.0,35.3,54.3,0.0,106.3,160.4,0.0,67.5,73.8,0.0,278.9,504.4,0.0,93.1,363.5,0.0,107.9,106.7,0.0,52.8,50.4,0.0
0132044AR,129.79,383.87,3406.0,0.0,0.83,0.33,95.5,19.0,0.0,125.0,22.9,0.0,151.4,63.6,0.0,153.8,30.8,0.0,49.6,30.5,0.0,31.3,9.9,0.0,93.9,16.6,0.0,58.8,27.4,0.0,33.0,9.6,0.0,85.0,19.5,0.0,73.2,19.2,0.0,165.1,35.9,0.0,28.6,10.2,0.0,112.9,24.6,0.0,49.9,12.1,0.0,56.0,34.2,0.0,53.4,27.9,0.0,36.1,10.5,0.0,192.2,72.6,0.0,90.2,17.9,0.0,77.0,29.2,0.0,151.7,60.8,0.0,75.1,16.4,0.0,33.2,9.8,0.0,70.3,17.5,0.0,73.9,43.9,0.0,29.5,6.6,0.0,27.8,9.6,0.0,64.0,19.9,0.0,53.1,14.2,0.0,164.2,74.0,0.0,46.4,51.1,0.0,77.8,18.1,0.0,43.1,9.9,0.0
0132048AR,218.21,166.43,987.0,1.0,0.67,0.17,87.0,30.9,0.127,101.2,34.2,0.181,131.0,87.6,0.223,132.1,39.6,0.201,43.5,30.4,0.051,30.1,9.9,0.029,82.0,23.0,0.118,51.5,26.2,0.066,30.7,10.3,0.031,81.9,19.4,0.098,65.7,18.4,0.088,137.7,45.2,0.238,27.0,11.8,0.032,98.6,42.9,0.166,45.9,10.7,0.053,49.3,37.3,0.061,47.4,45.6,0.058,33.6,10.3,0.035,164.1,99.9,0.279,78.6,18.7,0.11,66.1,40.8,0.105,121.7,83.2,0.233,59.9,24.0,0.092,31.0,9.8,0.031,63.4,17.8,0.077,55.1,71.1,0.085,29.8,7.7,0.029,27.0,9.3,0.024,50.2,34.8,0.072,46.5,13.6,0.055,144.5,96.8,0.269,38.7,74.0,0.049,69.7,18.3,0.09,40.4,10.2,0.045
0132049AR,671.97,50.28,2510.0,0.0,1.0,1.0,133.1,18.2,0.0,170.9,21.3,0.0,205.3,53.7,0.0,215.4,28.8,0.0,64.1,20.0,0.0,39.3,10.1,0.0,129.4,19.8,0.0,74.1,17.2,0.0,40.7,7.4,0.0,116.0,19.4,0.0,102.0,14.1,0.0,230.5,28.2,0.0,34.8,6.9,0.0,178.4,22.9,0.0,63.1,9.7,0.0,72.5,29.9,0.0,76.9,34.9,0.0,44.5,5.3,0.0,253.4,52.5,0.0,123.4,18.7,0.0,139.2,18.3,0.0,212.7,56.1,0.0,109.7,15.5,0.0,41.2,10.0,0.0,93.4,15.1,0.0,112.4,29.7,0.0,35.8,9.2,0.0,35.3,9.9,0.0,103.4,16.5,0.0,67.5,11.1,0.0,222.6,55.8,0.0,87.7,21.8,0.0,107.9,16.7,0.0,52.8,8.9,0.0
0132050AR,956.37,530.53,70.0,0.0,1.0,1.0,147.8,146.6,0.0,194.6,179.7,0.0,252.9,460.0,0.0,238.3,210.4,0.0,64.1,167.0,0.0,39.3,51.3,0.0,130.0,117.5,0.0,74.1,141.0,0.0,40.7,47.5,0.0,120.5,115.2,0.0,102.0,101.6,0.0,268.5,247.1,0.0,34.8,56.7,0.0,200.1,210.0,0.0,63.1,63.7,0.0,72.5,190.7,0.0,76.9,229.6,0.0,44.5,48.5,0.0,316.2,515.4,0.0,124.7,111.5,0.0,152.7,228.4,0.0,240.1,447.8,0.0,109.7,120.2,0.0,41.2,50.6,0.0,93.4,96.1,0.0,116.4,348.3,0.0,35.8,31.2,0.0,35.3,54.3,0.0,106.3,160.4,0.0,67.5,73.8,0.0,278.9,504.4,0.0,93.1,363.5,0.0,107.9,106.7,0.0,52.8,50.4,0.0
0132052AR,928.08,349.01,26.0,0.0,1.0,0.83,147.8,119.0,0.0,194.6,150.1,0.0,252.9,393.7,0.0,238.3,174.2,0.0,64.1,125.8,0.0,39.3,38.7,0.0,130.0,92.0,0.0,74.1,107.8,0.0,40.7,36.1,0.0,120.5,88.9,0.0,102.0,77.8,0.0,268.5,207.7,0.0,34.8,43.9,0.0,200.1,190.9,0.0,63.1,48.5,0.0,72.5,143.7,0.0,76.9,183.0,0.0,44.5,37.0,0.0,316.2,450.5,0.0,124.7,85.8,0.0,152.7,221.3,0.0,240.1,383.0,0.0,109.7,98.6,0.0,41.2,38.4,0.0,93.4,73.3,0.0,116.4,300.2,0.0,35.8,24.2,0.0,35.3,40.8,0.0,106.3,138.1,0.0,67.5,56.0,0.0,278.9,431.9,0.0,93.1,358.2,0.0,107.9,81.9,0.0,52.8,38.6,0.0
0132053AR,71.6,679.54,73.0,0.0,0.67,0.17,132.4,39.5,0.0,172.3,45.2,0.0,209.3,112.1,0.0,203.1,53.6,0.0,57.6,51.1,0.0,31.8,16.9,0.0,111.0,34.4,0.0,63.5,44.0,0.0,29.1,16.4,0.0,102.6,34.1,0.0,88.2,31.3,0.0,225.5,58.8,0.0,26.3,17.9,0.0,171.8,52.1,0.0,51.3,21.3,0.0,63.1,59.7,0.0,72.1,63.2,0.0,33.9,16.8,0.0,258.6,123.3,0.0,106.5,33.3,0.0,127.7,51.8,0.0,204.6,113.2,0.0,102.2,32.9,0.0,31.3,16.8,0.0,80.7,30.3,0.0,107.1,91.0,0.0,24.9,11.0,0.0,28.5,17.6,0.0,97.7,40.9,0.0,57.6,22.9,0.0,232.3,120.3,0.0,80.0,90.1,0.0,93.3,31.1,0.0,43.6,17.3,0.0
0132057AR,280.58,422.08,249.0,1.0,0.67,0.17,99.0,28.0,0.127,128.9,31.0,0.185,166.2,89.8,0.234,136.2,38.0,0.211,42.5,29.5,0.051,24.9,8.0,0.029,78.0,20.4,0.118,51.8,22.4,0.066,26.0,7.7,0.031,73.5,17.1,0.098,56.7,15.7,0.088,168.5,46.1,0.25,22.1,9.5,0.032,117.6,41.3,0.17,43.5,9.6,0.053,47.9,29.3,0.061,49.7,36.4,0.058,30.0,7.5,0.035,196.8,101.5,0.294,72.4,16.6,0.11,91.7,53.0,0.105,142.7,80.2,0.244,61.7,20.9,0.092,26.8,7.9,0.031,51.9,14.7,0.077,66.8,67.9,0.085,22.7,5.2,0.029,22.4,8.5,0.024,65.7,30.6,0.072,47.3,11.8,0.055,176.9,98.9,0.282,52.4,87.5,0.049,60.0,15.9,0.09,36.0,7.8,0.045
0132060AR,996.28,600.81,4.0,0.0,1.0,0.83,147.8,133.3,0.0,194.6,167.6,0.0,252.9,431.7,0.0,238.3,194.0,0.0,64.1,144.5,0.0,39.3,40.5,0.0,130.0,102.2,0.0,74.1,117.9,0.0,40.7,36.8,0.0,120.5,98.7,0.0,102.0,86.9,0.0,268.5,228.6,0.0,34.8,43.9,0.0,200.1,203.6,0.0,63.1,51.0,0.0,72.5,159.1,0.0,76.9,206.3,0.0,44.5,37.3,0.0,316.2,478.8,0.0,124.7,98.4,0.0,152.7,226.0,0.0,240.1,420.1,0.0,109.7,111.6,0.0,41.2,40.1,0.0,93.4,80.7,0.0,116.4,323.9,0.0,35.8,24.2,0.0,35.3,42.6,0.0,106.3,152.1,0.0,67.5,61.4,0.0,278.9,473.5,0.0,93.1,363.5,0.0,107.9,91.4,0.0,52.8,40.2,0.0
0132066AR,284.27,429.22,128.0,1.0,0.67,0.17,120.1,33.0,0.127,152.8,34.1,0.185,194.7,96.3,0.234,175.2,44.4,0.211,50.8,36.6,0.051,27.3,8.0,0.029,90.8,21.8,0.118,58.7,24.9,0.066,28.1,7.7,0.031,89.1,20.1,0.098,70.1,18.6,0.088,200.2,50.6,0.25,24.0,9.5,0.032,151.6,47.0,0.17,50.0,10.8,0.053,55.3,34.5,0.061,61.0,45.5,0.058,30.7,7.5,0.035,244.9,111.9,0.298,85.1,17.6,0.11,121.8,58.4,0.105,170.8,87.3,0.244,79.9,26.1,0.092,28.5,8.2,0.031,65.4,17.4,0.077,88.8,76.0,0.085,23.3,5.2,0.029,24.7,8.8,0.024,86.3,36.3,0.072,53.5,13.0,0.055,219.7,109.0,0.282,73.0,93.7,0.049,74.1,18.7,0.09,39.2,7.8,0.045
0132071AR,83.34,496.3,2143.0,0.0,0.67,0.67,99.5,41.9,0.0,119.8,44.5,0.0,145.4,109.3,0.0,145.2,51.8,0.0,46.7,61.1,0.0,30.0,23.0,0.0,89.6,36.9,0.0,56.4,53.0,0.0,30.0,22.8,0.0,84.6,38.9,0.0,71.3,35.5,0.0,155.2,58.0,0.0,26.9,30.0,0.0,108.9,44.4,0.0,47.9,25.9,0.0,52.8,68.6,0.0,51.4,68.1,0.0,32.8,22.3,0.0,178.9,113.6,0.0,86.1,36.8,0.0,78.3,38.7,0.0,138.8,106.3,0.0,69.6,32.9,0.0,30.3,22.8,0.0,65.3,35.0,0.0,68.2,79.2,0.0,25.6,18.3,0.0,26.8,23.7,0.0,57.9,36.4,0.0,51.1,27.5,0.0,158.2,114.4,0.0,45.0,65.7,0.0,74.0,36.1,0.0,39.1,22.3,0.0
0132075AR,287.57,764.64,56.0,0.0,1.0,0.33,105.5,29.7,0.0,138.6,34.6,0.0,169.2,81.7,0.0,169.7,37.9,0.0,55.4,40.1,0.0,37.5,14.3,0.0,109.0,25.0,0.0,68.3,35.6,0.0,40.7,12.1,0.0,99.8,24.8,0.0,85.9,24.9,0.0,186.7,42.5,0.0,34.8,16.4,0.0,132.5,32.2,0.0,58.7,16.3,0.0,65.5,42.9,0.0,56.6,53.1,0.0,43.5,12.3,0.0,207.0,81.7,0.0,105.4,24.2,0.0,92.2,32.1,0.0,170.9,78.7,0.0,82.6,26.5,0.0,38.7,14.0,0.0,79.9,21.0,0.0,83.3,67.1,0.0,35.8,9.8,0.0,33.7,15.3,0.0,75.8,31.1,0.0,62.0,19.0,0.0,181.8,83.7,0.0,53.4,61.1,0.0,91.0,24.0,0.0,49.2,12.6,0.0
0132088AR,1065.72,1069.3,18.0,0.0,1.0,1.0,147.8,0.0,0.0,194.6,0.3,0.0,252.9,0.7,0.0,238.3,1.5,0.0,64.1,8.5,0.0,39.3,18.1,0.0,130.0,3.6,0.0,74.1,20.7,0.0,40.7,26.8,0.0,120.5,13.1,0.0,102.0,5.5,0.0,268.5,0.4,0.0,34.8,33.0,0.0,200.1,0.0,0.0,63.1,17.1,0.0,72.5,28.6,0.0,76.9,0.0,0.0,44.5,18.7,0.0,316.2,0.0,0.004,124.7,12.6,0.0,152.7,0.0,0.0,240.1,0.8,0.0,109.7,0.0,0.0,41.2,17.9,0.0,93.4,13.9,0.0,116.4,0.0,0.0,35.8,26.0,0.0,35.3,16.4,0.0,106.3,0.0,0.0,67.5,10.7,0.0,278.9,0.0,0.0,93.1,0.0,0.0,107.9,9.7,0.0,52.8,21.0,0.0
0132089AR,890.49,210.28,13.0,1.0,1.0,1.0,147.8,144.2,0.127,194.6,174.4,0.189,252.9,441.4,0.238,238.3,203.5,0.214,64.1,167.0,0.051,39.3,51.3,0.029,130.0,117.5,0.118,74.1,141.0,0.066,40.7,47.5,0.031,120.5,115.2,0.098,102.0,101.6,0.088,268.5,237.7,0.254,34.8,56.7,0.032,200.1,193.0,0.173,63.1,63.7,0.053,72.5,190.7,0.061,76.9,229.6,0.058,44.5,48.5,0.035,316.2,488.5,0.318,124.7,111.5,0.11,152.7,195.3,0.105,240.1,429.6,0.248,109.7,119.5,0.092,41.2,50.6,0.031,93.4,96.1,0.077,116.4,331.8,0.085,35.8,31.2,0.029,35.3,54.3,0.024,106.3,151.4,0.072,67.5,73.8,0.055,278.9,475.1,0.287,93.1,307.2,0.049,107.9,106.7,0.09,52.8,50.4,0.045
0132100AR,397.09,381.88,2987.0,0.0,1.0,0.17,147.8,59.6,0.0,194.6,78.8,0.0,252.9,201.1,0.0,238.3,86.8,0.0,64.1,51.6,0.0,39.3,14.0,0.0,130.0,41.3,0.0,74.1,40.6,0.0,40.7,13.0,0.0,120.5,39.2,0.0,102.0,33.9,0.0,268.5,111.6,0.0,34.8,14.0,0.0,200.1,106.8,0.0,63.1,17.9,0.0,72.5,60.6,0.0,76.9,90.4,0.0,44.5,12.9,0.0,316.2,232.6,0.0,124.7,34.5,0.0,152.7,136.1,0.0,240.1,200.6,0.0,109.7,50.9,0.0,41.2,13.6,0.0,93.4,29.7,0.0,116.4,162.8,0.0,35.8,7.3,0.0,35.3,15.0,0.0,106.3,81.5,0.0,67.5,21.7,0.0,278.9,224.2,0.0,93.1,224.3,0.0,107.9,35.8,0.0,52.8,13.2,0.0
0132104AR,884.47,186.6,33.0,1.0,1.0,1.0,147.8,146.6,0.127,194.6,179.7,0.189,252.9,460.0,0.238,238.3,210.4,0.214,64.1,167.0,0.051,39.3,51.3,0.029,130.0,117.5,0.118,74.1,141.0,0.066,40.7,47.5,0.031,120.5,115.2,0.098,102.0,101.6,0.088,268.5,247.1,0.254,34.8,56.7,0.032,200.1,210.0,0.173,63.1,63.7,0.053,72.5,190.7,0.061,76.9,229.6,0.058,44.5,48.5,0.035,316.2,515.4,0.318,124.7,111.5,0.11,152.7,228.4,0.105,240.1,447.8,0.248,109.7,120.2,0.092,41.2,50.6,0.031,93.4,96.1,0.077,116.4,348.3,0.085,35.8,31.2,0.029,35.3,54.3,0.024,106.3,160.4,0.072,67.5,73.8,0.055,278.9,504.4,0.287,93.1,363.5,0.049,107.9,106.7,0.09,52.8,50.4,0.045
0132112AR,107.83,437.66,2816.0,0.0,0.67,0.17,61.1,30.6,0.0,88.8,37.7,0.0,108.2,94.3,0.0,90.4,42.6,0.0,30.5,34.1,0.0,21.8,9.0,0.0,55.4,23.4,0.0,38.1,26.8,0.0,23.2,9.9,0.0,55.1,24.5,0.0,44.5,23.6,0.0,112.4,51.0,0.0,20.3,10.9,0.0,78.3,40.7,0.0,33.5,12.0,0.0,35.7,39.5,0.0,29.8,42.4,0.0,25.4,10.7,0.0,136.3,108.4,0.0,55.0,22.2,0.0,51.1,43.6,0.0,99.8,90.4,0.0,40.6,25.5,0.0,21.0,9.0,0.0,42.0,20.3,0.0,46.5,74.7,0.0,20.8,6.3,0.0,17.2,9.1,0.0,44.9,33.2,0.0,34.2,16.0,0.0,119.4,104.7,0.0,31.4,79.6,0.0,47.4,22.8,0.0,30.5,10.3,0.0
0132114AR,508.95,372.05,27670.0,0.0,1.0,0.83,147.8,97.1,0.0,194.6,124.7,0.0,252.9,322.5,0.0,238.3,142.7,0.0,64.1,123.3,0.0,39.3,48.1,0.0,130.0,77.8,0.0,74.1,105.5,0.0,40.7,45.3,0.0,120.5,81.2,0.0,102.0,70.0,0.0,268.5,176.6,0.0,34.8,53.6,0.0,200.1,149.2,0.0,63.1,52.4,0.0,72.5,142.7,0.0,76.9,149.7,0.0,44.5,44.7,0.0,316.2,369.1,0.0,124.7,77.2,0.0,152.7,170.4,0.0,240.1,306.3,0.0,109.7,75.9,0.0,41.2,47.4,0.0,93.4,71.5,0.0,116.4,247.0,0.0,35.8,30.3,0.0,35.3,50.6,0.0,106.3,113.5,0.0,67.5,55.5,0.0,278.9,362.7,0.0,93.1,274.7,0.0,107.9,75.1,0.0,52.8,46.2,0.0
0132116AR,798.24,424.31,515.0,0.0,0.83,0.83,109.7,46.1,0.0,151.4,61.5,0.0,183.2,147.0,0.0,185.3,69.7,0.0,48.2,56.1,0.0,34.3,21.6,0.0,103.8,42.4,0.0,56.5,57.8,0.0,35.4,20.5,0.0,92.4,46.1,0.0,86.3,37.1,0.0,205.3,81.2,0.0,32.1,23.6,0.0,160.0,67.6,0.0,48.0,25.2,0.0,56.6,69.9,0.0,58.7,84.3,0.0,38.7,19.8,0.0,230.6,165.1,0.0,103.8,46.4,0.0,120.1,70.6,0.0,189.9,157.7,0.0,92.4,41.0,0.0,34.2,21.4,0.0,77.8,35.5,0.0,94.6,110.8,0.0,30.9,12.4,0.0,30.6,22.4,0.0,84.8,50.2,0.0,51.2,29.9,0.0,200.6,164.3,0.0,74.5,116.0,0.0,89.0,41.4,0.0,40.0,21.9,0.0
0132117AR,217.76,786.25,79.0,0.0,0.5,0.0,99.5,7.9,0.0,127.3,11.8,0.0,169.8,36.2,0.0,158.8,15.9,0.0,37.5,6.8,0.0,19.9,1.7,0.0,83.1,6.6,0.0,43.0,7.0,0.0,23.5,1.6,0.0,73.5,5.9,0.0,58.7,4.6,0.0,179.8,18.8,0.0,18.4,2.7,0.0,133.4,16.6,0.0,37.2,2.8,0.0,40.0,7.7,0.0,48.6,13.0,0.0,25.2,1.7,0.0,214.4,41.6,0.0,76.0,5.7,0.0,99.7,21.7,0.0,159.3,35.2,0.0,69.5,7.0,0.0,23.2,1.7,0.0,53.9,4.0,0.0,75.2,21.6,0.0,17.6,0.8,0.0,17.5,2.0,0.0,68.0,9.9,0.0,38.8,3.6,0.0,191.7,37.5,0.0,57.1,27.9,0.0,62.4,4.9,0.0,31.3,1.7,0.0
0132119AR,1051.7,804.58,171.0,1.0,1.0,0.83,147.8,142.4,0.127,194.6,175.4,0.189,252.9,451.0,0.238,238.3,202.2,0.214,64.1,135.5,0.051,39.3,38.7,0.029,130.0,104.6,0.118,74.1,109.1,0.066,40.7,36.1,0.031,120.5,98.1,0.098,102.0,85.7,0.088,268.5,238.4,0.254,34.8,43.9,0.032,200.1,209.6,0.173,63.1,48.8,0.053,72.5,151.0,0.061,76.9,221.1,0.058,44.5,37.0,0.035,316.2,507.1,0.318,124.7,94.8,0.11,152.7,228.4,0.105,240.1,439.1,0.248,109.7,115.9,0.092,41.2,38.4,0.031,93.4,78.6,0.077,116.4,344.7,0.085,35.8,24.2,0.029,35.3,40.8,0.024,106.3,159.7,0.072,67.5,57.1,0.055,278.9,500.4,0.287,93.1,363.5,0.049,107.9,93.0,0.09,52.8,38.6,0.045
0132126AR,46.5,587.91,397.0,0.0,1.0,0.83,145.1,77.6,0.0,191.0,102.2,0.0,243.1,261.7,0.0,233.4,118.4,0.0,64.1,99.1,0.0,39.3,32.2,0.0,130.0,66.2,0.0,74.1,87.4,0.0,40.7,32.9,0.0,119.9,70.1,0.0,102.0,59.2,0.0,259.4,142.4,0.0,34.8,39.8,0.0,196.0,122.7,0.0,63.1,40.4,0.0,72.5,114.9,0.0,76.9,123.7,0.0,44.5,32.0,0.0,304.6,298.8,0.0,124.7,67.7,0.0,147.7,144.9,0.0,235.2,259.8,0.0,108.9,66.3,0.0,41.2,31.9,0.0,93.4,57.5,0.0,115.6,190.2,0.0,35.8,23.2,0.0,35.3,34.7,0.0,105.5,87.7,0.0,67.5,46.5,0.0,268.7,289.9,0.0,91.8,225.7,0.0,107.9,62.9,0.0,52.8,34.0,0.0
0132127AR,742.81,868.36,18.0,1.0,0.67,0.67,87.9,28.2,0.127,102.8,39.2,0.189,128.9,87.4,0.238,153.3,45.0,0.214,38.0,37.5,0.051,24.6,14.8,0.029,85.1,26.6,0.118,44.9,34.3,0.066,26.1,16.1,0.031,74.5,28.9,0.098,66.2,24.4,0.088,148.9,48.5,0.254,22.8,16.4,0.032,120.7,43.1,0.173,38.0,17.1,0.053,45.1,45.6,0.061,46.1,51.4,0.058,28.6,14.4,0.035,163.7,105.2,0.318,81.7,26.4,0.11,82.9,46.8,0.105,141.4,91.2,0.248,73.5,26.7,0.092,26.2,13.7,0.031,60.8,24.2,0.077,67.9,73.5,0.085,23.5,10.0,0.029,21.6,14.0,0.024,60.5,33.8,0.072,43.1,17.8,0.055,142.1,99.6,0.287,50.1,72.7,0.049,70.5,26.5,0.09,32.1,15.1,0.045
0132129AR,142.03,784.43,14943.0,0.0,0.67,0.17,115.9,33.4,0.0,152.5,39.1,0.0,192.2,90.7,0.0,182.0,47.9,0.0,50.2,47.6,0.0,29.3,17.9,0.0,99.9,32.1,0.0,58.0,43.2,0.0,28.1,14.2,0.0,91.0,31.4,0.0,77.1,26.9,0.0,205.2,47.3,0.0,24.0,18.7,0.0,156.2,42.9,0.0,49.4,21.1,0.0,56.8,50.3,0.0,61.6,60.6,0.0,33.1,15.4,0.0,240.0,99.3,0.0,94.2,30.8,0.0,123.0,42.2,0.0,183.4,94.1,0.0,84.4,29.9,0.0,30.7,17.7,0.0,70.6,26.6,0.0,89.6,70.1,0.0,24.0,9.4,0.0,26.4,17.2,0.0,85.2,33.0,0.0,52.9,22.5,0.0,211.9,96.9,0.0,76.0,68.3,0.0,81.6,28.8,0.0,41.3,16.7,0.0
0132138AR,1061.51,1061.8,12.0,0.0,1.0,1.0,147.8,72.3,0.0,194.6,79.4,0.015,252.9,189.4,0.015,238.3,100.3,0.013,64.1,138.4,0.0,39.3,49.2,0.0,130.0,80.9,0.0,74.1,125.4,0.0,40.7,47.5,0.0,120.5,92.9,0.0,102.0,81.6,0.0,268.5,103.1,0.016,34.8,56.7,0.0,200.1,66.0,0.014,63.1,57.2,0.0,72.5,159.2,0.0,76.9,133.2,0.0,44.5,46.9,0.0,316.2,195.3,0.047,124.7,89.8,0.0,152.7,28.0,0.0,240.1,193.4,0.016,109.7,59.3,0.0,41.2,48.6,0.0,93.4,80.4,0.0,116.4,121.0,0.0,35.8,31.2,0.0,35.3,52.0,0.0,106.3,52.2,0.0,67.5,65.5,0.0,278.9,196.8,0.018,93.1,35.0,0.0,107.9,83.3,0.0,52.8,48.8,0.0
0132145AR,314.39,749.47,3835.0,0.0,1.0,0.33,139.9,71.7,0.0,181.3,82.9,0.0,226.4,209.0,0.0,217.7,98.4,0.0,64.1,90.7,0.0,39.3,31.9,0.0,127.4,59.1,0.0,74.1,82.6,0.0,40.7,27.0,0.0,117.5,61.8,0.0,102.0,55.4,0.0,243.3,117.1,0.0,34.8,33.5,0.0,184.0,89.8,0.0,63.1,39.2,0.0,72.5,111.4,0.0,76.2,109.6,0.0,44.5,28.4,0.0,283.4,236.6,0.0,122.1,59.9,0.0,136.0,89.8,0.0,219.3,200.9,0.0,107.3,55.9,0.0,41.2,32.1,0.0,93.4,54.5,0.0,111.2,157.1,0.0,35.8,18.9,0.0,35.3,34.1,0.0,100.1,73.5,0.0,67.5,43.2,0.0,249.6,227.8,0.0,86.3,142.7,0.0,107.9,55.7,0.0,52.8,30.5,0.0
0132151AR,770.08,264.73,16.0,1.0,1.0,0.83,147.8,130.8,0.127,194.6,162.1,0.189,252.9,412.0,0.238,238.3,188.4,0.214,64.1,140.3,0.051,39.3,42.6,0.029,130.0,102.7,0.118,74.1,119.2,0.066,40.7,39.5,0.031,120.5,99.4,0.098,102.0,88.0,0.088,268.5,223.7,0.254,34.8,47.2,0.032,200.1,191.5,0.173,63.1,53.0,0.053,72.5,165.0,0.061,76.9,207.3,0.058,44.5,40.4,0.035,316.2,475.4,0.318,124.7,96.2,0.11,152.7,215.8,0.105,240.1,401.1,0.248,109.7,106.9,0.092,41.2,42.1,0.031,93.4,83.2,0.077,116.4,320.6,0.085,35.8,25.9,0.029,35.3,45.1,0.024,106.3,147.6,0.072,67.5,62.0,0.055,278.9,465.2,0.287,93.1,348.3,0.049,107.9,92.0,0.09,52.8,42.0,0.045
0132156AR,738.16,855.92,12.0,1.0,1.0,0.83,127.4,44.1,0.127,170.2,52.0,0.189,203.0,119.3,0.238,210.3,60.1,0.214,60.6,56.2,0.051,39.3,21.5,0.029,120.2,39.0,0.118,71.7,55.3,0.066,39.7,20.1,0.031,108.3,38.4,0.098,98.5,34.1,0.088,226.7,67.4,0.254,34.8,25.5,0.032,173.6,61.6,0.173,61.0,24.6,0.053,69.6,64.6,0.061,72.0,77.5,0.058,43.5,20.6,0.035,251.5,147.6,0.318,117.7,39.6,0.11,124.1,58.3,0.105,211.1,128.5,0.248,105.3,38.1,0.092,40.2,21.3,0.031,90.2,32.9,0.077,103.8,106.5,0.085,35.8,14.7,0.029,35.3,21.7,0.024,94.5,47.3,0.072,65.3,28.7,0.055,219.0,145.7,0.287,80.4,99.9,0.049,105.0,36.0,0.09,50.5,21.5,0.045
0132159AR,1102.52,996.21,31.0,0.0,1.0,0.33,147.8,146.3,0.0,194.6,179.4,0.0,252.9,459.3,0.0,238.3,209.6,0.0,64.1,167.0,0.0,39.3,50.8,0.0,130.0,117.2,0.0,74.1,141.0,0.0,40.7,47.5,0.0,120.5,114.5,0.0,102.0,101.6,0.0,268.5,246.7,0.0,34.8,56.7,0.0,200.1,209.2,0.0,63.1,63.4,0.0,72.5,190.7,0.0,76.9,228.9,0.0,44.5,48.5,0.0,316.2,513.9,0.0,124.7,110.9,0.0,152.7,227.4,0.0,240.1,447.0,0.0,109.7,119.8,0.0,41.2,50.3,0.0,93.4,96.1,0.0,116.4,347.5,0.0,35.8,29.9,0.0,35.3,53.4,0.0,106.3,160.0,0.0,67.5,73.8,0.0,278.9,503.0,0.0,93.1,361.1,0.0,107.9,106.7,0.0,52.8,49.9,0.0
0132161AR,998.77,688.03,15.0,0.0,1.0,1.0,147.8,63.8,0.0,194.6,72.2,0.0,252.9,179.7,0.0,238.3,99.0,0.0,64.1,122.8,0.0,39.3,46.4,0.0,130.0,69.0,0.0,74.1,116.5,0.0,40.7,46.9,0.0,120.5,80.0,0.0,102.0,68.5,0.0,268.5,98.3,0.0,34.8,56.7,0.0,200.1,67.5,0.0,63.1,55.3,0.0,72.5,139.8,0.0,76.9,115.0,0.0,44.5,46.3,0.0,316.2,193.4,0.0,124.7,75.4,0.0,152.7,55.2,0.0,240.1,180.4,0.0,109.7,56.7,0.0,41.2,45.9,0.0,93.4,71.0,0.0,116.4,121.7,0.0,35.8,31.2,0.0,35.3,49.0,0.0,106.3,51.0,0.0,67.5,59.9,0.0,278.9,187.4,0.0,93.1,83.9,0.0,107.9,71.8,0.0,52.8,48.1,0.0
0132163AR,927.4,1049.25,6826.0,1.0,0.0,0.0,92.8,0.0,0.127,118.3,0.0,0.185,150.0,0.0,0.234,126.6,0.0,0.211,33.3,0.0,0.051,13.7,0.0,0.029,57.7,0.0,0.118,36.6,0.0,0.066,12.3,0.0,0.031,54.5,0.0,0.098,40.5,0.0,0.088,151.2,0.0,0.25,9.8,0.0,0.032,117.7,0.0,0.17,31.3,0.0,0.053,33.7,0.0,0.061,50.6,0.0,0.058,15.9,0.0,0.035,195.6,0.0,0.275,51.5,0.0,0.11,100.9,0.0,0.105,127.6,0.0,0.244,58.9,0.0,0.092,14.4,0.0,0.031,35.9,0.0,0.077,72.4,0.0,0.085,7.5,0.0,0.029,11.7,0.0,0.024,71.9,0.0,0.072,33.5,0.0,0.055,177.1,0.0,0.282,67.0,0.0,0.049,42.8,0.0,0.09,25.3,0.0,0.045
0132171AR,1113.18,1036.84,168.0,0.0,0.83,0.33,147.8,144.4,0.0,194.6,177.3,0.0,249.1,447.8,0.0,233.6,203.4,0.0,64.1,163.8,0.0,39.3,50.4,0.0,130.0,113.8,0.0,74.1,136.2,0.0,40.7,44.4,0.0,120.5,110.2,0.0,102.0,99.7,0.0,263.5,241.6,0.0,34.8,55.6,0.0,197.5,205.0,0.0,63.1,61.9,0.0,72.5,187.1,0.0,76.9,224.0,0.0,44.5,46.1,0.0,311.3,505.1,0.0,124.7,108.3,0.0,152.7,222.8,0.0,235.4,435.4,0.0,109.7,117.8,0.0,41.2,49.7,0.0,92.8,94.2,0.0,116.4,344.6,0.0,35.8,27.5,0.0,35.3,51.9,0.0,106.3,159.0,0.0,67.5,71.3,0.0,274.6,493.1,0.0,93.1,357.4,0.0,107.9,103.6,0.0,52.8,49.5,0.0
0132172AR,777.21,343.35,1515.0,0.0,1.0,1.0,145.8,73.5,0.0,193.7,87.9,0.0,249.0,223.0,0.0,235.1,112.1,0.0,64.1,114.5,0.0,39.3,47.8,0.0,129.2,72.9,0.0,74.1,117.3,0.0,40.7,47.2,0.0,119.9,84.1,0.0,102.0,70.4,0.0,265.0,115.8,0.0,34.8,56.7,0.0,196.7,87.0,0.0,63.1,56.6,0.0,72.5,148.3,0.0,76.9,121.8,0.0,44.5,47.3,0.0,311.2,237.7,0.0,124.7,75.5,0.0,151.3,84.3,0.0,237.7,224.9,0.0,108.9,60.4,0.0,41.2,47.2,0.0,93.4,72.8,0.0,116.4,147.0,0.0,35.8,31.2,0.0,35.3,50.5,0.0,106.3,66.8,0.0,67.5,61.2,0.0,274.5,238.4,0.0,92.5,128.0,0.0,107.9,75.4,0.0,52.8,49.1,0.0
0132179AR,837.39,153.48,330.0,1.0,0.83,0.67,147.1,115.6,0.127,192.3,150.5,0.189,248.6,376.1,0.238,234.2,169.9,0.214,63.3,134.8,0.051,36.6,41.2,0.029,128.0,95.3,0.118,73.2,113.1,0.066,38.3,37.8,0.031,118.6,93.4,0.098,101.2,82.1,0.088,263.8,205.5,0.254,32.8,45.1,0.032,199.3,175.3,0.173,62.4,51.1,0.053,70.7,149.4,0.061,76.9,185.4,0.058,41.9,38.6,0.035,309.9,426.2,0.318,122.8,90.4,0.11,152.7,193.8,0.105,236.0,372.5,0.248,109.7,96.7,0.092,38.7,40.6,0.031,91.3,77.6,0.077,115.7,288.8,0.085,32.3,23.6,0.029,34.5,43.5,0.024,106.3,132.3,0.072,66.7,59.2,0.055,274.1,417.3,0.287,93.1,309.1,0.049,107.1,86.5,0.09,49.8,40.5,0.045
0132182AR,823.35,171.75,4.0,1.0,1.0,0.5,147.8,98.3,0.127,194.6,128.2,0.189,252.9,325.4,0.238,238.3,142.6,0.214,64.1,95.4,0.051,39.3,27.4,0.029,130.0,69.4,0.118,74.1,76.5,0.066,40.7,25.8,0.031,120.5,65.1,0.098,102.0,57.5,0.088,268.5,179.5,0.254,34.8,30.2,0.032,200.1,162.3,0.173,63.1,34.7,0.053,72.5,106.1,0.061,76.9,152.4,0.058,44.5,26.7,0.035,316.2,375.7,0.318,124.7,64.9,0.11,152.7,201.0,0.105,240.1,318.6,0.248,109.7,81.7,0.092,41.2,26.9,0.031,93.4,54.3,0.077,116.4,260.7,0.085,35.8,16.0,0.029,35.3,29.1,0.024,106.3,123.2,0.072,67.5,40.8,0.055,278.9,368.5,0.287,93.1,322.2,0.049,107.9,60.0,0.09,52.8,27.4,0.045
0132188AR,796.15,365.51,206386.0,0.0,1.0,1.0,147.8,114.1,0.0,194.6,137.0,0.0,252.9,347.3,0.0,238.3,161.8,0.0,64.1,145.1,0.0,39.3,51.3,0.0,130.0,96.7,0.0,74.1,132.2,0.0,40.7,47.5,0.0,120.5,103.0,0.0,102.0,88.8,0.0,268.5,188.2,0.0,34.8,56.7,0.0,200.1,150.7,0.0,63.1,62.5,0.0,72.5,173.0,0.0,76.9,177.3,0.0,44.5,48.5,0.0,316.2,387.8,0.0,124.7,95.8,0.0,152.7,154.2,0.0,240.1,337.6,0.0,109.7,91.8,0.0,41.2,50.6,0.0,93.4,84.0,0.0,116.4,255.6,0.0,35.8,31.2,0.0,35.3,54.3,0.0,106.3,117.1,0.0,67.5,69.1,0.0,278.9,372.4,0.0,93.1,245.6,0.0,107.9,93.3,0.0,52.8,50.4,0.0
0132193AR,787.34,218.38,16.0,1.0,1.0,1.0,147.8,146.6,0.127,194.6,179.7,0.189,252.9,460.0,0.238,238.3,210.4,0.214,64.1,167.0,0.051,39.3,51.3,0.029,130.0,117.5,0.118,74.1,141.0,0.066,40.7,47.5,0.031,120.5,115.2,0.098,102.0,101.6,0.088,268.5,247.1,0.254,34.8,56.7,0.032,200.1,210.0,0.173,63.1,63.7,0.053,72.5,190.7,0.061,76.9,229.6,0.058,44.5,48.5,0.035,316.2,515.4,0.318,124.7,111.5,0.11,152.7,228.4,0.105,240.1,447.8,0.248,109.7,120.2,0.092,41.2,50.6,0.031,93.4,96.1,0.077,116.4,348.3,0.085,35.8,31.2,0.029,35.3,54.3,0.024,106.3,160.4,0.072,67.5,73.8,0.055,278.9,504.4,0.287,93.1,363.5,0.049,107.9,106.7,0.09,52.8,50.4,0.045
0132208AR,1008.04,723.08,9.0,1.0,1.0,0.67,147.8,146.6,0.127,194.6,179.7,0.189,249.6,460.0,0.238,238.3,210.4,0.214,64.1,166.3,0.051,39.3,51.0,0.029,130.0,117.2,0.118,74.1,141.0,0.066,40.7,44.3,0.031,120.5,114.8,0.098,102.0,101.6,0.088,265.0,247.1,0.254,34.8,53.6,0.032,197.3,210.0,0.173,63.1,63.1,0.053,72.5,190.0,0.061,76.9,229.6,0.058,44.5,46.9,0.035,307.9,515.4,0.318,124.7,110.6,0.11,150.6,228.4,0.105,240.1,447.8,0.248,109.7,120.2,0.092,41.2,50.3,0.031,93.4,95.4,0.077,116.4,348.3,0.085,35.8,26.5,0.029,35.3,53.9,0.024,106.3,160.4,0.072,67.5,73.8,0.055,275.2,504.4,0.287,93.1,363.5,0.049,107.9,106.7,0.09,52.8,48.8,0.045
0132214AR,616.79,290.28,4.0,0.0,0.5,0.67,22.8,25.3,0.0,22.0,32.0,0.0,40.0,82.7,0.0,51.8,41.6,0.0,8.4,19.9,0.0,8.7,5.5,0.0,30.0,20.4,0.0,11.1,19.2,0.0,10.1,3.7,0.0,27.3,19.3,0.0,23.3,12.2,0.0,49.3,44.2,0.0,8.8,5.3,0.0,34.3,39.4,0.0,9.4,10.1,0.0,11.0,23.2,0.0,7.6,42.3,0.0,10.2,3.4,0.0,49.7,97.3,0.0,28.9,18.9,0.0,22.5,42.4,0.0,45.6,85.4,0.0,17.8,20.8,0.0,9.4,5.5,0.0,21.4,11.9,0.0,15.4,54.1,0.0,12.4,3.1,0.0,7.6,6.8,0.0,8.2,24.8,0.0,10.0,9.9,0.0,43.4,90.1,0.0,5.1,55.2,0.0,24.9,16.1,0.0,9.9,5.8,0.0
0132218AR,66.19,539.27,1561.0,0.0,0.83,0.33,138.2,23.1,0.0,177.2,24.7,0.0,223.7,67.3,0.0,216.3,29.9,0.0,59.2,29.1,0.0,34.0,11.8,0.0,123.8,19.1,0.0,69.0,25.3,0.0,35.9,12.8,0.0,111.4,18.8,0.0,95.1,17.0,0.0,239.6,37.3,0.0,30.7,16.5,0.0,174.6,32.3,0.0,58.7,13.8,0.0,67.1,36.2,0.0,74.2,31.5,0.0,39.3,11.5,0.0,275.3,86.6,0.0,119.6,18.1,0.0,126.5,33.5,0.0,217.8,63.6,0.0,105.5,16.4,0.0,36.2,11.7,0.0,87.1,18.7,0.0,110.0,56.0,0.0,29.5,9.1,0.0,30.3,11.9,0.0,100.2,25.4,0.0,62.6,13.1,0.0,245.2,74.5,0.0,76.6,56.4,0.0,100.7,17.1,0.0,46.7,11.8,0.0
0132225AR,1002.49,624.34,3.0,0.0,1.0,0.83,147.8,134.4,0.0,194.6,166.2,0.0,252.9,429.5,0.0,238.3,195.7,0.0,64.1,129.1,0.0,39.3,38.7,0.0,130.0,98.8,0.0,74.1,107.8,0.0,40.7,36.1,0.0,120.5,92.1,0.0,102.0,81.6,0.0,268.5,226.5,0.0,34.8,43.9,0.0,200.1,205.4,0.0,63.1,48.5,0.0,72.5,146.6,0.0,76.9,205.6,0.0,44.5,37.0,0.0,316.2,487.1,0.0,124.7,90.0,0.0,152.7,228.4,0.0,240.1,417.9,0.0,109.7,108.7,0.0,41.2,38.4,0.0,93.4,74.7,0.0,116.4,329.6,0.0,35.8,24.2,0.0,35.3,40.8,0.0,106.3,155.4,0.0,67.5,56.0,0.0,278.9,483.2,0.0,93.1,363.5,0.0,107.9,85.9,0.0,52.8,38.6,0.0
0132226AR,781.87,958.52,5.0,0.0,0.67,0.83,72.5,30.7,0.0,84.5,37.5,0.0,112.2,90.4,0.0,135.0,48.1,0.0,33.4,36.9,0.0,24.6,14.9,0.0,81.8,29.2,0.0,43.3,40.2,0.0,25.4,15.6,0.0,69.3,32.3,0.0,62.2,24.4,0.0,132.2,49.3,0.0,22.1,19.8,0.0,106.0,42.2,0.0,35.4,19.1,0.0,40.7,49.7,0.0,35.9,55.5,0.0,27.8,14.4,0.0,144.1,105.5,0.0,75.2,28.4,0.0,70.7,42.8,0.0,125.4,92.9,0.0,64.1,27.2,0.0,26.2,14.8,0.0,59.6,24.2,0.0,59.1,68.7,0.0,23.5,11.7,0.0,21.6,18.8,0.0,50.5,30.2,0.0,38.9,20.8,0.0,123.7,94.9,0.0,42.7,67.7,0.0,65.5,27.7,0.0,29.8,16.7,0.0
0132230AR,102.01,730.93,1264.0,0.0,0.67,0.33,140.3,45.9,0.0,184.6,52.9,0.0,229.2,133.1,0.0,219.2,69.4,0.0,61.4,63.5,0.0,34.1,24.0,0.0,123.9,44.7,0.0,68.7,63.0,0.0,35.4,23.9,0.0,112.6,46.0,0.0,93.8,39.1,0.0,246.4,69.7,0.0,30.3,29.7,0.0,185.1,60.0,0.0,58.5,29.4,0.0,69.4,72.5,0.0,75.2,77.0,0.0,38.7,23.6,0.0,283.6,143.9,0.0,118.2,42.9,0.0,141.8,54.2,0.0,222.2,135.9,0.0,104.5,40.3,0.0,35.8,23.8,0.0,85.9,37.0,0.0,111.6,95.1,0.0,30.5,16.4,0.0,30.7,25.5,0.0,101.9,44.9,0.0,62.6,32.7,0.0,249.8,140.1,0.0,89.2,84.5,0.0,99.3,40.5,0.0,48.9,24.0,0.0
0132240AR,936.25,378.03,14.0,0.0,1.0,0.83,147.8,111.7,0.0,194.6,138.4,0.0,252.9,363.2,0.0,238.3,162.9,0.0,64.1,125.8,0.0,39.3,38.7,0.0,130.0,89.9,0.0,74.1,107.8,0.0,40.7,36.1,0.0,120.5,88.5,0.0,102.0,77.4,0.0,268.5,193.0,0.0,34.8,43.9,0.0,200.1,174.4,0.0,63.1,48.5,0.0,72.5,143.7,0.0,76.9,172.4,0.0,44.5,37.0,0.0,316.2,410.4,0.0,124.7,85.5,0.0,152.7,200.7,0.0,240.1,353.1,0.0,109.7,91.1,0.0,41.2,38.4,0.0,93.4,73.3,0.0,116.4,265.8,0.0,35.8,24.2,0.0,35.3,40.8,0.0,106.3,124.8,0.0,67.5,56.0,0.0,278.9,398.5,0.0,93.1,318.7,0.0,107.9,81.5,0.0,52.8,38.6,0.0
0132241AR,819.44,452.86,22.0,0.0,1.0,1.0,147.8,141.4,0.0,194.6,174.4,0.0,252.9,444.3,0.0,238.3,200.8,0.0,64.1,161.8,0.0,39.3,51.3,0.0,130.0,114.8,0.0,74.1,138.9,0.0,40.7,47.5,0.0,120.5,112.5,0.0,102.0,100.1,0.0,268.5,237.3,0.0,34.8,56.7,0.0,200.1,202.6,0.0,63.1,63.4,0.0,72.5,187.7,0.0,76.9,222.5,0.0,44.5,48.5,0.0,316.2,489.8,0.0,124.7,109.0,0.0,152.7,218.9,0.0,240.1,432.5,0.0,109.7,118.0,0.0,41.2,50.6,0.0,93.4,94.7,0.0,116.4,333.2,0.0,35.8,31.2,0.0,35.3,54.3,0.0,106.3,153.4,0.0,67.5,72.7,0.0,278.9,481.6,0.0,93.1,352.1,0.0,107.9,105.1,0.0,52.8,50.4,0.0
0132244AR,928.61,429.69,105.0,0.0,1.0,1.0,147.8,146.6,0.0,194.6,179.7,0.0,252.9,460.0,0.0,238.3,210.4,0.0,64.1,167.0,0.0,39.3,51.3,0.0,130.0,117.5,0.0,74.1,141.0,0.0,40.7,47.5,0.0,120.5,115.2,0.0,102.0,101.6,0.0,268.5,247.1,0.0,34.8,56.7,0.0,200.1,210.0,0.0,63.1,63.7,0.0,72.5,190.7,0.0,76.9,229.6,0.0,44.5,48.5,0.0,316.2,514.7,0.0,124.7,111.5,0.0,152.7,228.4,0.0,240.1,447.8,0.0,109.7,120.2,0.0,41.2,50.6,0.0,93.4,96.1,0.0,116.4,348.3,0.0,35.8,31.2,0.0,35.3,54.3,0.0,106.3,160.4,0.0,67.5,73.8,0.0,278.9,503.6,0.0,93.1,363.5,0.0,107.9,106.7,0.0,52.8,50.4,0.0
0132245AR,541.05,327.02,109.0,0.0,0.67,0.17,110.4,56.6,0.0,145.9,67.9,0.0,193.7,183.2,0.0,167.3,75.8,0.0,48.4,54.9,0.0,27.9,13.0,0.0,91.3,40.6,0.0,55.7,39.6,0.0,27.4,11.3,0.0,86.8,38.9,0.0,72.5,37.8,0.0,200.1,98.1,0.0,23.3,13.1,0.0,144.7,83.3,0.0,47.5,16.0,0.0,54.1,62.6,0.0,56.1,80.3,0.0,30.7,12.3,0.0,231.8,216.5,0.0,88.7,38.6,0.0,117.4,93.4,0.0,171.8,169.8,0.0,78.7,42.8,0.0,29.2,12.8,0.0,66.3,31.9,0.0,83.3,144.1,0.0,24.0,5.8,0.0,25.2,12.4,0.0,81.0,64.5,0.0,50.9,21.4,0.0,213.5,208.8,0.0,73.1,144.0,0.0,76.6,38.2,0.0,38.1,12.9,0.0
0132254AR,918.8,314.14,24.0,0.0,1.0,0.83,147.8,145.6,0.0,194.6,177.9,0.0,252.9,455.5,0.0,238.3,205.9,0.0,64.1,157.3,0.0,39.3,45.4,0.0,130.0,113.4,0.0,74.1,130.1,0.0,40.7,41.2,0.0,120.5,110.2,0.0,102.0,96.0,0.0,268.5,241.9,0.0,34.8,49.5,0.0,200.1,210.0,0.0,63.1,59.4,0.0,72.5,181.9,0.0,76.9,228.2,0.0,44.5,43.7,0.0,316.2,510.6,0.0,124.7,105.7,0.0,152.7,228.4,0.0,240.1,443.5,0.0,109.7,119.1,0.0,41.2,46.9,0.0,93.4,91.8,0.0,116.4,348.3,0.0,35.8,24.6,0.0,35.3,50.1,0.0,106.3,160.4,0.0,67.5,68.0,0.0,278.9,504.4,0.0,93.1,363.5,0.0,107.9,104.0,0.0,52.8,45.5,0.0
0132259AR,204.64,806.39,146.0,0.0,1.0,0.17,147.8,17.5,0.0,194.6,20.0,0.0,252.9,47.6,0.0,238.3,24.3,0.0,64.1,32.1,0.0,39.3,8.7,0.0,130.0,18.0,0.0,74.1,26.5,0.0,40.7,9.6,0.0,120.5,19.4,0.0,102.0,17.1,0.0,268.5,24.9,0.0,34.8,9.5,0.0,200.1,20.5,0.0,63.1,12.0,0.0,72.5,33.0,0.0,76.9,27.3,0.0,44.5,9.2,0.0,316.2,46.8,0.0,124.7,17.1,0.0,152.7,21.0,0.0,240.1,46.4,0.0,109.7,16.5,0.0,41.2,8.5,0.0,93.4,16.2,0.0,116.4,35.6,0.0,35.8,5.2,0.0,35.3,9.2,0.0,106.3,18.1,0.0,67.5,12.9,0.0,278.9,46.7,0.0,93.1,36.6,0.0,107.9,17.9,0.0,52.8,10.5,0.0
0132269AR,737.3,48.21,3343.0,0.0,1.0,1.0,147.1,0.0,0.0,193.1,0.0,0.0,230.1,0.0,0.0,234.2,0.0,0.0,64.1,0.0,0.0,39.3,2.9,0.0,130.0,0.0,0.0,74.1,0.0,0.0,40.7,8.2,0.0,120.5,0.0,0.0,102.0,0.0,0.0,260.2,0.7,0.0,34.8,6.9,0.0,194.3,0.0,0.0,63.1,0.0,0.0,72.5,0.0,0.0,76.9,0.0,0.0,44.5,0.0,0.0,280.6,1.4,0.0,124.7,0.0,0.0,147.0,0.6,0.0,236.0,0.0,0.0,109.7,0.0,0.0,41.2,0.0,0.0,93.4,0.0,0.0,115.7,0.0,0.0,35.8,12.1,0.0,35.3,1.4,0.0,104.9,0.0,0.0,67.5,0.0,0.0,247.8,1.4,0.0,93.1,0.0,0.0,107.9,0.0,0.0,52.8,2.9,0.0
0132270AR,99.47,456.77,2608.0,0.0,0.83,0.17,145.8,47.5,0.0,191.9,60.9,0.0,244.4,151.5,0.0,234.3,69.4,0.0,64.1,45.0,0.0,39.3,8.3,0.0,130.0,35.4,0.0,74.1,32.6,0.0,38.8,8.4,0.0,119.9,31.8,0.0,102.0,27.7,0.0,260.1,82.3,0.0,34.8,10.2,0.0,196.7,75.8,0.0,63.1,14.6,0.0,72.5,44.8,0.0,76.9,72.2,0.0,42.4,8.6,0.0,305.5,176.9,0.0,124.7,31.3,0.0,147.7,84.5,0.0,236.0,153.7,0.0,109.7,41.7,0.0,41.2,8.2,0.0,93.4,26.2,0.0,116.4,122.2,0.0,34.4,5.6,0.0,35.3,10.1,0.0,106.3,56.8,0.0,67.5,15.8,0.0,269.4,170.5,0.0,91.8,134.9,0.0,107.9,29.5,0.0,50.4,8.3,0.0
0132276AR,799.57,377.32,22.0,0.0,1.0,1.0,147.8,113.8,0.0,194.6,138.0,0.0,252.9,349.5,0.0,238.3,164.2,0.0,64.1,149.0,0.0,39.3,51.3,0.0,130.0,99.5,0.0,74.1,130.8,0.0,40.7,47.5,0.0,120.5,102.3,0.0,102.0,88.0,0.0,268.5,190.6,0.0,34.8,56.7,0.0,200.1,150.3,0.0,63.1,61.8,0.0,72.5,171.6,0.0,76.9,178.0,0.0,44.5,48.5,0.0,316.2,394.2,0.0,124.7,98.0,0.0,152.7,157.4,0.0,240.1,339.7,0.0,109.7,92.9,0.0,41.2,50.6,0.0,93.4,86.8,0.0,116.4,259.3,0.0,35.8,31.2,0.0,35.3,54.3,0.0,106.3,116.8,0.0,67.5,68.3,0.0,278.9,380.0,0.0,93.1,251.7,0.0,107.9,92.6,0.0,52.8,50.4,0.0
0132278AR,790.66,198.51,11.0,1.0,1.0,0.33,147.8,146.6,0.127,194.6,179.7,0.189,252.9,460.0,0.238,238.3,210.4,0.214,64.1,167.0,0.051,39.3,47.9,0.029,130.0,117.5,0.118,74.1,138.3,0.066,40.7,41.0,0.031,120.5,114.0,0.098,102.0,100.6,0.088,268.5,247.1,0.254,34.8,49.1,0.032,200.1,210.0,0.173,63.1,62.5,0.053,72.5,188.0,0.061,76.9,229.6,0.058,44.5,43.5,0.035,316.2,515.4,0.318,124.7,111.5,0.11,152.7,228.4,0.105,240.1,447.8,0.248,109.7,120.2,0.092,41.2,47.3,0.031,93.4,94.8,0.077,116.4,348.3,0.085,35.8,23.9,0.029,35.3,50.6,0.024,106.3,160.4,0.072,67.5,72.4,0.055,278.9,504.4,0.287,93.1,363.5,0.049,107.9,105.6,0.09,52.8,44.8,0.045
0132283AR,925.59,418.08,11.0,0.0,1.0,0.83,147.8,145.2,0.0,194.6,174.7,0.0,252.9,439.9,0.0,238.3,205.6,0.0,64.1,167.0,0.0,39.3,51.3,0.0,130.0,117.5,0.0,74.1,141.0,0.0,40.7,47.5,0.0,120.5,115.2,0.0,102.0,101.6,0.0,268.5,237.7,0.0,34.8,56.7,0.0,200.1,193.0,0.0,63.1,63.7,0.0,72.5,190.7,0.0,76.9,229.6,0.0,44.5,48.5,0.0,316.2,485.7,0.0,124.7,111.5,0.0,152.7,207.1,0.0,240.1,428.1,0.0,109.7,120.2,0.0,41.2,50.6,0.0,93.4,96.1,0.0,116.4,329.6,0.0,35.8,31.2,0.0,35.3,54.3,0.0,106.3,148.1,0.0,67.5,73.8,0.0,278.9,472.6,0.0,93.1,326.3,0.0,107.9,106.7,0.0,52.8,50.4,0.0
0132285AR,515.57,282.83,717.0,0.0,0.67,0.17,123.7,34.6,0.0,158.6,40.7,0.0,203.9,110.0,0.0,183.5,47.9,0.0,50.9,40.0,0.0,27.3,12.2,0.0,103.5,28.1,0.0,58.7,31.1,0.0,28.1,11.8,0.0,94.6,26.9,0.0,77.8,24.4,0.0,211.9,56.7,0.0,24.0,14.2,0.0,153.7,49.9,0.0,47.5,15.5,0.0,57.5,45.7,0.0,63.9,50.7,0.0,30.7,12.5,0.0,244.0,123.3,0.0,95.2,26.1,0.0,122.8,56.3,0.0,184.9,102.0,0.0,86.7,26.6,0.0,28.5,12.0,0.0,69.9,23.1,0.0,89.4,85.0,0.0,24.6,8.4,0.0,24.7,12.8,0.0,85.4,38.8,0.0,53.6,16.3,0.0,219.8,118.1,0.0,73.2,90.9,0.0,82.2,24.9,0.0,39.7,12.0,0.0
0132290AR,812.0,1018.0,35.0,0.0,0.5,0.67,87.3,96.0,0.0,115.4,114.9,0.0,150.5,275.3,0.0,149.4,132.9,0.0,35.7,106.8,0.0,21.2,33.9,0.0,79.2,82.8,0.0,42.7,93.6,0.0,23.2,29.5,0.0,72.7,73.0,0.0,60.3,65.0,0.0,165.0,143.1,0.0,20.3,35.5,0.0,129.3,129.5,0.0,36.2,39.2,0.0,40.2,121.7,0.0,41.7,166.6,0.0,25.4,30.6,0.0,187.2,306.5,0.0,74.5,73.9,0.0,97.1,117.8,0.0,151.1,278.0,0.0,65.7,85.4,0.0,22.6,33.6,0.0,55.4,62.9,0.0,66.0,221.1,0.0,20.9,19.0,0.0,20.5,35.7,0.0,62.9,104.8,0.0,38.4,48.7,0.0,162.4,302.4,0.0,55.7,204.0,0.0,64.2,69.3,0.0,28.9,32.0,0.0
0132295AR,829.71,148.07,25.0,1.0,0.5,0.33,68.2,64.5,0.127,94.5,80.7,0.189,120.8,200.7,0.234,112.0,95.5,0.211,29.0,80.1,0.051,17.9,23.9,0.029,63.3,56.5,0.118,34.6,73.4,0.066,18.2,19.3,0.031,57.8,54.7,0.098,49.3,47.2,0.088,129.9,106.3,0.25,15.9,25.5,0.032,98.9,92.0,0.173,29.3,32.6,0.053,32.7,86.5,0.061,35.4,107.2,0.058,20.7,22.9,0.035,152.5,219.1,0.31,60.8,53.0,0.11,76.5,99.5,0.105,118.3,198.9,0.244,53.2,57.8,0.092,19.0,23.5,0.031,44.1,43.2,0.077,56.1,155.4,0.085,16.3,12.1,0.029,15.8,26.5,0.024,51.1,70.6,0.072,31.1,37.2,0.055,133.2,207.9,0.282,45.1,157.3,0.049,52.5,49.9,0.09,25.3,23.6,0.045
0132296AR,471.29,440.25,171.0,0.0,0.83,0.33,147.1,49.5,0.0,193.7,57.5,0.0,247.7,145.9,0.0,231.8,68.3,0.0,64.1,53.7,0.0,39.3,15.9,0.0,125.7,37.1,0.0,74.1,44.1,0.0,37.7,14.8,0.0,117.7,35.1,0.0,98.6,32.9,0.0,262.9,78.5,0.0,32.2,17.9,0.0,198.6,68.7,0.0,63.1,19.9,0.0,72.5,61.3,0.0,76.9,74.6,0.0,42.0,15.2,0.0,309.1,168.8,0.0,120.5,33.9,0.0,150.6,77.2,0.0,233.6,141.3,0.0,108.9,40.0,0.0,41.2,15.8,0.0,90.3,31.1,0.0,116.4,118.3,0.0,33.1,9.9,0.0,35.3,16.8,0.0,106.3,54.4,0.0,67.5,23.0,0.0,274.5,162.7,0.0,93.1,128.3,0.0,104.3,32.9,0.0,51.2,15.5,0.0
0132297AR,909.42,279.89,10.0,0.0,1.0,1.0,147.8,146.6,0.0,194.6,179.7,0.0,252.9,460.0,0.0,238.3,210.4,0.0,64.1,167.0,0.0,39.3,51.3,0.0,130.0,117.5,0.0,74.1,141.0,0.0,40.7,47.5,0.0,120.5,115.2,0.0,102.0,101.6,0.0,268.5,247.1,0.0,34.8,56.7,0.0,200.1,210.0,0.0,63.1,63.7,0.0,72.5,190.7,0.0,76.9,229.6,0.0,44.5,48.5,0.0,316.2,515.4,0.0,124.7,111.5,0.0,152.7,228.4,0.0,240.1,447.8,0.0,109.7,120.2,0.0,41.2,50.6,0.0,93.4,96.1,0.0,116.4,348.3,0.0,35.8,31.2,0.0,35.3,54.3,0.0,106.3,160.4,0.0,67.5,73.8,0.0,278.9,504.4,0.0,93.1,363.5,0.0,107.9,106.7,0.0,52.8,50.4,0.0
0132299AR,814.65,435.05,205693.0,0.0,1.0,1.0,147.8,112.7,0.0,194.6,135.8,0.0,252.9,343.4,0.0,238.3,160.7,0.0,64.1,147.1,0.0,39.3,50.6,0.0,130.0,98.4,0.0,74.1,132.8,0.0,40.7,47.5,0.0,120.5,100.4,0.0,102.0,86.1,0.0,268.5,186.8,0.0,34.8,56.7,0.0,200.1,149.6,0.0,63.1,60.6,0.0,72.5,167.9,0.0,76.9,174.5,0.0,44.5,48.5,0.0,316.2,390.0,0.0,124.7,97.1,0.0,152.7,155.8,0.0,240.1,333.8,0.0,109.7,91.8,0.0,41.2,49.9,0.0,93.4,85.0,0.0,116.4,258.5,0.0,35.8,31.2,0.0,35.3,53.5,0.0,106.3,115.4,0.0,67.5,66.9,0.0,278.9,377.2,0.0,93.1,248.6,0.0,107.9,90.6,0.0,52.8,50.4,0.0
0132302AR,895.55,739.65,192.0,1.0,1.0,0.67,147.8,117.4,0.127,194.6,142.0,0.189,252.9,377.1,0.238,238.3,172.2,0.214,64.1,123.1,0.051,39.3,36.3,0.029,130.0,89.9,0.118,74.1,105.5,0.066,40.7,33.2,0.031,120.5,82.1,0.098,102.0,73.9,0.088,268.5,197.9,0.254,34.8,38.7,0.032,200.1,180.6,0.173,63.1,47.2,0.053,72.5,135.2,0.061,76.9,174.4,0.058,44.5,32.7,0.035,314.8,427.3,0.318,124.7,80.8,0.11,152.7,203.0,0.105,240.1,366.9,0.248,109.7,94.3,0.092,41.2,36.0,0.031,93.4,69.8,0.077,116.4,285.3,0.085,35.8,22.9,0.029,35.3,38.3,0.024,106.3,131.9,0.072,67.5,54.9,0.055,278.9,422.8,0.287,93.1,323.1,0.049,107.9,76.5,0.09,52.8,34.1,0.045
0132305AR,933.92,1050.26,6898.0,1.0,0.0,0.0,93.2,0.0,0.127,116.1,0.0,0.189,150.1,0.0,0.238,128.8,0.0,0.214,35.4,0.0,0.051,15.5,0.0,0.029,59.2,0.0,0.118,40.0,0.0,0.066,14.1,0.0,0.031,58.9,0.0,0.098,45.0,0.0,0.088,150.9,0.0,0.254,11.9,0.0,0.032,114.5,0.0,0.173,35.0,0.0,0.053,37.4,0.0,0.061,50.4,0.0,0.058,19.6,0.0,0.035,194.8,0.0,0.283,56.6,0.0,0.11,95.5,0.0,0.105,128.4,0.0,0.248,59.2,0.0,0.092,16.7,0.0,0.031,39.9,0.0,0.077,72.2,0.0,0.085,8.9,0.0,0.029,14.2,0.0,0.024,67.6,0.0,0.072,36.8,0.0,0.055,176.5,0.0,0.287,61.1,0.0,0.049,47.5,0.0,0.09,28.0,0.0,0.045
0132306AR,241.06,110.61,410.0,0.0,0.5,0.5,74.3,32.6,0.0,94.0,34.9,0.0,112.7,87.7,0.0,105.4,40.5,0.0,36.7,40.8,0.0,23.2,13.9,0.0,68.0,27.0,0.0,44.1,37.5,0.0,23.2,13.6,0.0,62.8,28.6,0.0,52.3,24.2,0.0,118.5,46.8,0.0,20.3,17.7,0.0,85.9,37.5,0.0,37.3,15.8,0.0,41.4,46.3,0.0,38.1,49.3,0.0,27.0,15.6,0.0,139.5,103.6,0.0,66.0,28.1,0.0,63.6,37.5,0.0,106.1,83.7,0.0,51.3,24.2,0.0,24.7,13.8,0.0,50.4,23.7,0.0,47.7,71.2,0.0,20.8,10.5,0.0,20.4,14.0,0.0,48.9,31.3,0.0,39.6,19.5,0.0,122.1,100.4,0.0,37.4,59.4,0.0,55.6,26.7,0.0,31.5,15.0,0.0
0132312AR,308.52,60.75,48828.0,0.0,1.0,0.0,147.8,0.0,0.0,194.6,0.0,0.0,245.7,4.0,0.0,238.3,1.8,0.0,64.1,0.0,0.0,39.3,0.0,0.0,130.0,0.0,0.0,74.1,0.0,0.0,40.7,0.0,0.0,120.5,0.0,0.0,102.0,0.0,0.0,260.8,2.4,0.0,34.8,0.0,0.0,200.1,2.5,0.0,63.1,0.0,0.0,72.5,0.0,0.0,76.9,0.0,0.0,44.5,0.0,0.0,307.1,5.1,0.0,124.7,0.0,0.0,148.4,4.7,0.0,240.1,3.8,0.0,109.7,0.0,0.0,41.2,0.0,0.0,93.4,0.0,0.0,116.4,0.0,0.0,35.8,0.0,0.0,35.3,0.0,0.0,106.3,0.0,0.0,67.5,0.0,0.0,270.8,4.9,0.0,93.1,0.7,0.0,107.9,0.0,0.0,52.8,0.0,0.0
0132313AR,399.73,57.83,49978.0,0.0,1.0,0.17,147.8,0.0,0.0,194.6,0.0,0.0,252.9,0.0,0.0,238.3,0.0,0.0,64.1,0.0,0.0,39.3,1.4,0.0,130.0,0.0,0.0,74.1,0.0,0.0,40.7,3.3,0.0,120.5,0.0,0.0,102.0,0.0,0.0,268.5,0.0,0.0,34.8,2.1,0.0,200.1,0.0,0.0,63.1,0.0,0.0,72.5,0.0,0.0,76.9,0.0,0.0,44.5,0.0,0.0,309.8,0.0,0.0,124.7,0.0,0.0,152.7,0.0,0.0,240.1,0.0,0.0,109.7,0.0,0.0,41.2,1.4,0.0,93.4,0.0,0.0,116.4,0.0,0.0,35.8,6.1,0.0,35.3,1.5,0.0,106.3,0.0,0.0,67.5,0.0,0.0,273.3,0.0,0.0,93.1,0.0,0.0,107.9,0.0,0.0,52.8,1.5,0.0
0132314AR,198.93,859.48,42.0,0.0,0.83,0.0,136.9,27.2,0.0,175.6,31.8,0.0,215.9,78.9,0.0,212.7,34.3,0.0,59.4,26.2,0.0,34.8,3.1,0.0,120.5,18.1,0.0,68.7,16.6,0.0,36.2,0.3,0.0,111.3,14.8,0.0,93.8,13.5,0.0,234.1,39.1,0.0,31.0,0.6,0.0,175.7,37.1,0.0,58.5,7.5,0.0,67.1,24.6,0.0,74.4,41.1,0.0,39.5,1.3,0.0,262.3,82.2,0.0,114.7,17.7,0.0,131.8,38.1,0.0,211.5,77.5,0.0,103.0,22.2,0.0,36.6,3.1,0.0,83.4,12.8,0.0,109.3,62.4,0.0,29.8,0.7,0.0,31.3,3.3,0.0,99.8,29.1,0.0,62.6,8.7,0.0,235.9,80.5,0.0,83.3,67.5,0.0,99.3,13.7,0.0,48.9,1.4,0.0
0132325AR,345.13,413.49,55.0,0.0,1.0,0.0,147.8,57.2,0.0,194.6,74.3,0.0,252.9,188.0,0.0,238.3,77.3,0.0,64.1,51.3,0.0,39.3,13.0,0.0,130.0,36.4,0.0,74.1,38.4,0.0,40.7,10.4,0.0,120.5,32.7,0.0,102.0,29.4,0.0,268.5,98.5,0.0,34.8,12.8,0.0,200.1,99.5,0.0,63.1,17.8,0.0,72.5,55.8,0.0,76.9,86.2,0.0,44.5,11.3,0.0,316.2,216.7,0.0,124.7,33.4,0.0,152.7,127.9,0.0,240.1,181.0,0.0,109.7,45.8,0.0,41.2,12.6,0.0,93.4,27.7,0.0,116.4,150.2,0.0,35.8,6.5,0.0,35.3,13.9,0.0,106.3,74.5,0.0,67.5,20.5,0.0,278.9,217.9,0.0,93.1,214.5,0.0,107.9,31.3,0.0,52.8,11.9,0.0
0132337AR,178.92,620.14,271.0,0.0,1.0,0.5,147.8,80.9,0.0,194.6,105.4,0.0,252.9,279.3,0.0,238.3,116.8,0.0,64.1,79.4,0.0,39.3,22.8,0.0,130.0,58.0,0.0,74.1,62.1,0.0,40.7,21.3,0.0,120.5,54.8,0.0,102.0,50.6,0.0,268.5,146.9,0.0,34.8,26.0,0.0,200.1,137.4,0.0,63.1,27.2,0.0,72.5,86.9,0.0,76.9,115.2,0.0,44.5,21.8,0.0,316.2,316.9,0.0,124.7,52.9,0.0,152.7,161.8,0.0,240.1,267.7,0.0,109.7,65.7,0.0,41.2,22.6,0.0,93.4,46.3,0.0,116.4,209.4,0.0,35.8,14.3,0.0,35.3,22.5,0.0,106.3,98.5,0.0,67.5,32.2,0.0,278.9,307.1,0.0,93.1,257.0,0.0,107.9,52.0,0.0,52.8,22.8,0.0
0132341AR,1024.71,706.19,4.0,1.0,1.0,0.83,147.8,141.7,0.127,194.6,174.4,0.189,252.9,444.3,0.238,238.3,200.5,0.214,64.1,144.5,0.051,39.3,41.5,0.029,130.0,107.3,0.118,74.1,116.6,0.066,40.7,36.1,0.031,120.5,102.7,0.098,102.0,91.4,0.088,268.5,234.2,0.254,34.8,43.9,0.032,200.1,202.9,0.173,63.1,53.2,0.053,72.5,166.4,0.061,76.9,221.8,0.058,44.5,37.9,0.035,316.2,494.0,0.318,124.7,99.0,0.11,152.7,216.6,0.105,240.1,432.5,0.248,109.7,116.2,0.092,41.2,41.1,0.031,93.4,84.3,0.077,116.4,340.4,0.085,35.8,24.2,0.029,35.3,43.8,0.024,106.3,156.7,0.072,67.5,63.3,0.055,278.9,489.0,0.287,93.1,346.0,0.049,107.9,96.1,0.09,52.8,39.6,0.045
0132342AR,800.87,957.06,1082.0,0.0,1.0,1.0,141.7,120.1,0.0,185.4,143.4,0.0,242.2,366.2,0.0,228.5,172.8,0.0,62.5,163.1,0.0,39.3,51.3,0.0,123.2,107.6,0.0,72.4,141.0,0.0,40.7,47.5,0.0,116.8,109.9,0.0,97.4,98.2,0.0,256.8,199.6,0.0,34.8,56.7,0.0,189.3,157.1,0.0,63.1,63.7,0.0,68.9,185.6,0.0,71.5,189.3,0.0,44.5,48.5,0.0,304.1,411.1,0.0,120.9,106.4,0.0,144.3,161.9,0.0,229.5,356.0,0.0,103.0,97.9,0.0,41.2,50.6,0.0,89.2,93.6,0.0,109.2,267.9,0.0,35.8,31.2,0.0,35.3,54.3,0.0,99.5,123.1,0.0,65.9,73.8,0.0,267.1,396.1,0.0,84.9,259.3,0.0,103.1,100.4,0.0,52.8,50.4,0.0
0132344AR,812.93,428.0,205797.0,0.0,1.0,1.0,147.8,112.7,0.0,194.6,135.8,0.0,252.9,342.7,0.0,238.3,163.2,0.0,64.1,146.4,0.0,39.3,51.3,0.0,130.0,98.1,0.0,74.1,132.2,0.0,40.7,47.5,0.0,120.5,103.0,0.0,102.0,88.8,0.0,268.5,186.4,0.0,34.8,56.7,0.0,200.1,149.3,0.0,63.1,62.5,0.0,72.5,167.2,0.0,76.9,179.4,0.0,44.5,48.5,0.0,316.2,389.3,0.0,124.7,96.7,0.0,152.7,155.5,0.0,240.1,333.0,0.0,109.7,91.8,0.0,41.2,50.6,0.0,93.4,84.7,0.0,116.4,258.5,0.0,35.8,31.2,0.0,35.3,54.3,0.0,106.3,118.1,0.0,67.5,69.1,0.0,278.9,376.5,0.0,93.1,247.9,0.0,107.9,90.2,0.0,52.8,50.4,0.0
0132362AR,881.99,174.88,16.0,1.0,1.0,1.0,147.8,146.6,0.127,194.6,179.7,0.189,252.9,460.0,0.238,238.3,210.4,0.214,64.1,167.0,0.051,39.3,51.3,0.029,130.0,117.5,0.118,74.1,141.0,0.066,40.7,47.5,0.031,120.5,115.2,0.098,102.0,101.6,0.088,268.5,247.1,0.254,34.8,56.7,0.032,200.1,210.0,0.173,63.1,63.7,0.053,72.5,190.7,0.061,76.9,229.6,0.058,44.5,48.5,0.035,316.2,515.4,0.318,124.7,111.5,0.11,152.7,228.4,0.105,240.1,447.8,0.248,109.7,120.2,0.092,41.2,50.6,0.031,93.4,96.1,0.077,116.4,348.3,0.085,35.8,31.2,0.029,35.3,54.3,0.024,106.3,160.4,0.072,67.5,73.8,0.055,278.9,504.4,0.287,93.1,363.5,0.049,107.9,106.7,0.09,52.8,50.4,0.045
0132373AR,392.02,385.55,2112.0,0.0,1.0,0.17,147.8,64.5,0.0,194.6,79.0,0.0,252.9,205.5,0.0,238.3,88.9,0.0,64.1,59.6,0.0,39.3,14.7,0.0,130.0,45.2,0.0,74.1,43.1,0.0,40.7,11.4,0.0,120.5,37.3,0.0,102.0,34.6,0.0,268.5,109.0,0.0,34.8,12.8,0.0,200.1,106.5,0.0,63.1,20.6,0.0,72.5,66.4,0.0,76.9,104.3,0.0,44.5,12.2,0.0,316.2,234.1,0.0,124.7,39.5,0.0,152.7,137.3,0.0,240.1,198.9,0.0,109.7,53.6,0.0,41.2,14.3,0.0,93.4,32.6,0.0,116.4,166.1,0.0,35.8,7.0,0.0,35.3,15.7,0.0,106.3,81.8,0.0,67.5,23.0,0.0,278.9,237.5,0.0,93.1,222.6,0.0,107.9,36.0,0.0,52.8,12.5,0.0
0132374AR,788.67,932.4,1846.0,0.0,1.0,1.0,135.8,121.4,0.0,181.3,145.4,0.0,237.4,371.3,0.0,221.7,175.1,0.0,61.7,164.4,0.0,38.4,51.3,0.0,123.2,108.4,0.0,73.2,141.0,0.0,40.7,47.5,0.0,114.4,111.4,0.0,94.4,97.5,0.0,251.6,202.8,0.0,34.8,56.7,0.0,184.9,158.5,0.0,62.4,63.7,0.0,67.1,189.2,0.0,69.5,194.8,0.0,44.0,48.5,0.0,298.7,415.1,0.0,118.1,106.9,0.0,139.2,163.5,0.0,224.1,361.0,0.0,97.3,100.2,0.0,40.7,50.6,0.0,86.5,94.7,0.0,105.5,270.0,0.0,35.8,31.2,0.0,34.5,54.3,0.0,96.0,124.1,0.0,67.5,73.8,0.0,261.8,395.9,0.0,80.3,262.4,0.0,100.0,102.4,0.0,52.2,50.4,0.0
0132375AR,925.21,337.26,20.0,0.0,1.0,0.83,147.8,115.9,0.0,194.6,149.1,0.0,252.9,390.0,0.0,238.3,174.2,0.0,64.1,125.8,0.0,39.3,38.7,0.0,130.0,89.9,0.0,74.1,107.8,0.0,40.7,36.1,0.0,120.5,88.5,0.0,102.0,77.4,0.0,268.5,207.0,0.0,34.8,43.9,0.0,200.1,185.3,0.0,63.1,48.5,0.0,72.5,143.7,0.0,76.9,173.8,0.0,44.5,37.0,0.0,316.2,436.0,0.0,124.7,85.5,0.0,152.7,211.5,0.0,240.1,379.3,0.0,109.7,95.0,0.0,41.2,38.4,0.0,93.4,73.3,0.0,116.4,286.6,0.0,35.8,24.2,0.0,35.3,40.8,0.0,106.3,135.4,0.0,67.5,56.0,0.0,278.9,427.8,0.0,93.1,330.8,0.0,107.9,81.5,0.0,52.8,38.6,0.0
0132377AR,890.29,82.35,509.0,1.0,0.5,0.5,113.9,74.2,0.127,155.6,92.5,0.189,200.1,236.5,0.238,177.3,110.1,0.214,43.0,89.0,0.051,24.5,27.7,0.029,90.1,59.9,0.118,48.6,75.7,0.066,23.9,26.2,0.031,81.0,60.1,0.098,67.1,53.6,0.088,209.7,127.9,0.254,20.4,30.2,0.032,160.3,108.7,0.173,41.3,34.0,0.053,47.9,100.2,0.061,59.7,121.1,0.058,28.7,25.4,0.035,248.5,263.2,0.318,86.4,58.4,0.11,127.9,119.3,0.105,185.9,234.7,0.248,81.8,63.1,0.092,26.4,27.1,0.031,60.0,49.8,0.077,89.8,182.5,0.085,20.9,16.2,0.029,21.8,29.4,0.024,85.3,81.4,0.072,44.0,40.0,0.055,220.6,260.1,0.287,75.8,190.0,0.049,75.2,56.1,0.09,34.1,26.2,0.045
0132383AR,827.08,166.76,7586.0,1.0,1.0,0.5,147.8,84.8,0.127,194.6,107.1,0.189,252.9,276.7,0.238,238.3,125.2,0.214,64.1,93.6,0.051,39.3,28.6,0.029,130.0,66.1,0.118,74.1,77.3,0.066,40.7,26.2,0.031,120.5,63.2,0.098,102.0,56.4,0.088,268.5,152.8,0.254,34.8,30.8,0.032,200.1,136.7,0.173,63.1,35.1,0.053,72.5,106.2,0.061,76.9,134.5,0.058,44.5,26.7,0.035,316.2,316.7,0.318,124.7,61.6,0.11,152.7,173.8,0.105,240.1,269.9,0.248,109.7,71.5,0.092,41.2,28.0,0.031,93.4,53.2,0.077,116.4,214.7,0.085,35.8,16.8,0.029,35.3,30.3,0.024,106.3,101.1,0.072,67.5,40.8,0.055,278.9,309.4,0.287,93.1,270.7,0.049,107.9,58.4,0.09,52.8,27.7,0.045
0132389AR,883.11,180.82,28.0,1.0,1.0,1.0,147.8,146.6,0.127,194.6,179.7,0.189,252.9,460.0,0.238,238.3,210.4,0.214,64.1,167.0,0.051,39.3,51.3,0.029,130.0,117.5,0.118,74.1,141.0,0.066,40.7,47.5,0.031,120.5,115.2,0.098,102.0,101.6,0.088,268.5,247.1,0.254,34.8,56.7,0.032,200.1,210.0,0.173,63.1,63.7,0.053,72.5,190.7,0.061,76.9,229.6,0.058,44.5,48.5,0.035,316.2,515.4,0.318,124.7,111.5,0.11,152.7,228.4,0.105,240.1,447.8,0.248,109.7,120.2,0.092,41.2,50.6,0.031,93.4,96.1,0.077,116.4,348.3,0.085,35.8,31.2,0.029,35.3,54.3,0.024,106.3,160.4,0.072,67.5,73.8,0.055,278.9,504.4,0.287,93.1,363.5,0.049,107.9,106.7,0.09,52.8,50.4,0.045
0132390AR,114.56,421.02,2987.0,0.0,0.67,0.33,72.6,22.2,0.0,89.5,24.1,0.0,108.6,63.0,0.0,103.2,30.5,0.0,34.5,32.8,0.0,20.7,8.6,0.0,65.2,18.5,0.0,44.7,27.8,0.0,25.7,10.8,0.0,63.5,19.5,0.0,49.1,17.7,0.0,112.4,32.3,0.0,21.7,12.3,0.0,82.0,24.3,0.0,37.3,13.5,0.0,40.6,32.4,0.0,40.5,35.7,0.0,28.1,9.4,0.0,132.8,64.7,0.0,62.6,17.8,0.0,60.5,25.9,0.0,100.7,59.5,0.0,49.9,19.1,0.0,23.2,8.6,0.0,45.1,16.6,0.0,47.5,45.6,0.0,23.8,8.6,0.0,18.3,8.6,0.0,46.5,20.9,0.0,40.4,13.6,0.0,116.6,62.8,0.0,39.5,43.5,0.0,52.3,17.8,0.0,31.9,8.8,0.0
0132393AR,351.46,758.88,12.0,0.0,0.67,1.0,102.1,29.4,0.0,140.5,36.7,0.0,172.2,86.7,0.0,179.3,43.8,0.0,45.5,46.5,0.0,31.3,16.6,0.0,101.7,29.9,0.0,58.1,40.2,0.0,33.0,15.8,0.0,87.6,35.3,0.0,80.3,27.9,0.0,189.1,44.3,0.0,28.6,21.1,0.0,149.1,30.1,0.0,47.2,19.8,0.0,56.4,53.8,0.0,54.9,54.0,0.0,36.1,14.2,0.0,211.2,88.6,0.0,97.7,33.8,0.0,101.1,20.6,0.0,180.6,83.0,0.0,86.9,26.7,0.0,33.2,16.5,0.0,75.4,27.4,0.0,85.1,56.7,0.0,28.1,15.5,0.0,27.8,19.3,0.0,77.8,22.4,0.0,52.4,23.0,0.0,187.8,91.2,0.0,64.5,30.4,0.0,85.3,30.4,0.0,40.3,16.5,0.0
0132400AR,1076.46,897.81,103.0,1.0,1.0,0.67,147.8,107.4,0.127,194.6,131.4,0.189,252.9,340.6,0.238,238.3,156.3,0.214,64.1,125.8,0.051,39.3,38.7,0.029,130.0,87.8,0.118,74.1,107.8,0.066,40.7,36.1,0.031,120.5,88.5,0.098,102.0,77.4,0.088,268.5,182.6,0.254,34.8,43.9,0.032,200.1,154.9,0.173,63.1,48.5,0.053,72.5,143.7,0.061,76.9,168.4,0.058,44.5,37.0,0.035,316.2,387.1,0.318,124.7,85.5,0.11,152.7,170.9,0.105,240.1,332.3,0.248,109.7,86.6,0.092,41.2,38.4,0.031,93.4,73.3,0.077,116.4,251.2,0.085,35.8,24.2,0.029,35.3,40.8,0.024,106.3,115.4,0.072,67.5,56.0,0.055,278.9,375.7,0.287,93.1,268.4,0.049,107.9,81.5,0.09,52.8,38.6,0.045
0132404AR,899.17,750.71,15.0,1.0,1.0,0.67,147.8,117.7,0.127,194.6,150.4,0.189,252.9,398.9,0.238,238.3,176.3,0.214,64.1,119.6,0.051,39.3,33.2,0.029,130.0,88.3,0.118,74.1,99.9,0.066,40.7,29.7,0.031,120.5,81.0,0.098,102.0,68.6,0.088,268.5,200.6,0.254,34.8,39.1,0.032,200.1,190.2,0.173,63.1,44.3,0.053,72.5,127.2,0.061,76.9,174.5,0.058,44.5,28.8,0.035,316.2,434.8,0.318,124.7,76.5,0.11,152.7,211.0,0.105,240.1,380.6,0.248,109.7,98.0,0.092,41.2,32.9,0.031,93.4,65.0,0.077,116.4,292.0,0.085,35.8,19.3,0.029,35.3,34.9,0.024,106.3,139.3,0.072,67.5,53.2,0.055,278.9,431.4,0.287,93.1,336.1,0.049,107.9,74.6,0.09,52.8,33.2,0.045
0132411AR,370.92,397.84,1124.0,0.0,1.0,0.0,147.8,74.8,0.0,194.6,93.7,0.0,252.9,239.7,0.0,238.3,110.1,0.0,64.1,68.7,0.0,39.3,14.8,0.0,130.0,55.7,0.0,74.1,57.3,0.0,40.7,12.9,0.0,120.5,49.3,0.0,102.0,44.5,0.0,268.5,128.0,0.0,34.8,16.2,0.0,200.1,120.9,0.0,63.1,24.3,0.0,72.5,76.0,0.0,76.9,122.5,0.0,44.5,14.6,0.0,316.2,262.1,0.0,124.7,47.8,0.0,152.7,136.4,0.0,240.1,238.0,0.0,109.7,67.5,0.0,41.2,14.5,0.0,93.4,37.9,0.0,116.4,187.8,0.0,35.8,5.5,0.0,35.3,18.7,0.0,106.3,91.6,0.0,67.5,30.2,0.0,278.9,260.5,0.0,93.1,218.5,0.0,107.9,44.9,0.0,52.8,14.2,0.0
0132412AR,817.76,46.09,842.0,1.0,1.0,1.0,135.0,0.0,0.127,172.6,0.0,0.189,198.1,0.0,0.238,212.2,0.0,0.214,64.1,0.0,0.051,39.3,0.9,0.029,130.0,0.0,0.118,74.1,0.0,0.066,40.7,2.7,0.031,116.0,0.0,0.098,102.0,0.0,0.088,224.8,0.0,0.254,34.8,2.5,0.032,169.0,0.0,0.173,63.1,0.0,0.053,72.5,0.0,0.061,76.9,0.0,0.058,44.5,0.0,0.035,249.2,0.0,0.318,124.7,0.0,0.11,131.7,0.0,0.105,209.8,0.0,0.248,109.7,0.0,0.092,41.2,0.9,0.031,93.4,0.0,0.077,112.1,0.0,0.085,35.8,8.1,0.029,35.3,1.5,0.024,102.2,0.0,0.072,67.5,0.0,0.055,218.4,0.0,0.287,87.8,0.0,0.049,107.9,0.0,0.09,52.8,0.9,0.045
0132422AR,505.66,265.13,22.0,0.0,0.83,0.67,119.7,98.2,0.0,157.1,112.8,0.0,209.1,280.2,0.0,189.3,129.8,0.0,50.2,121.3,0.0,30.0,40.3,0.0,99.3,79.0,0.0,58.0,106.5,0.0,32.4,38.9,0.0,93.0,82.7,0.0,77.7,72.8,0.0,219.2,147.9,0.0,27.8,45.7,0.0,153.2,120.9,0.0,49.4,50.0,0.0,56.2,137.7,0.0,62.4,154.9,0.0,33.9,39.2,0.0,249.1,312.8,0.0,95.1,78.3,0.0,116.7,121.8,0.0,190.7,270.8,0.0,87.0,79.4,0.0,31.4,39.8,0.0,71.1,70.1,0.0,89.7,219.5,0.0,28.5,25.6,0.0,27.0,42.2,0.0,84.4,97.8,0.0,52.9,55.4,0.0,225.8,303.3,0.0,70.8,208.6,0.0,82.2,75.2,0.0,41.3,40.2,0.0
0132428AR,879.39,87.95,546217.0,1.0,0.5,0.33,88.1,37.8,0.127,120.9,52.2,0.189,152.0,125.3,0.238,144.1,52.9,0.214,35.1,46.8,0.051,19.2,18.2,0.029,75.1,33.0,0.118,41.2,45.0,0.066,20.4,15.9,0.031,70.0,34.2,0.098,58.5,31.4,0.088,164.0,64.6,0.254,17.7,17.6,0.032,129.6,52.3,0.173,34.9,20.5,0.053,39.6,58.4,0.061,44.0,69.2,0.058,22.3,17.1,0.035,199.3,122.4,0.318,72.2,33.3,0.11,105.5,59.7,0.105,150.4,115.2,0.248,68.0,33.1,0.092,20.4,16.3,0.031,53.7,28.6,0.077,72.9,90.9,0.085,18.3,9.6,0.029,16.9,17.9,0.024,65.5,43.1,0.072,37.1,24.7,0.055,172.6,122.7,0.287,63.1,99.0,0.049,62.3,32.7,0.09,27.8,17.6,0.045
0132436AR,764.95,922.14,14.0,0.69,0.67,0.67,81.8,30.4,0.088,103.9,37.0,0.142,128.5,91.7,0.156,143.0,48.6,0.141,38.0,35.7,0.038,25.3,17.6,0.026,86.0,29.9,0.082,45.6,37.3,0.056,26.1,14.2,0.023,71.7,30.1,0.068,66.9,23.2,0.074,151.3,50.1,0.167,22.8,17.9,0.028,108.6,44.0,0.131,38.6,19.8,0.04,42.8,49.4,0.045,43.5,59.3,0.043,29.4,12.9,0.026,150.1,109.5,0.224,78.4,29.0,0.076,80.2,44.4,0.073,144.0,95.0,0.163,69.9,26.7,0.077,27.0,17.5,0.027,61.4,25.3,0.065,64.4,70.3,0.072,23.5,11.0,0.026,22.3,18.8,0.021,58.3,30.0,0.054,40.9,21.4,0.042,130.3,106.3,0.188,47.7,67.8,0.044,67.6,25.8,0.062,32.0,16.0,0.034
0132442AR,982.8,629.81,35.0,0.0,1.0,0.83,147.8,146.6,0.0,194.6,179.7,0.0,252.9,460.0,0.0,238.3,210.4,0.0,64.1,167.0,0.0,39.3,51.3,0.0,130.0,117.5,0.0,74.1,141.0,0.0,40.7,47.5,0.0,120.5,115.2,0.0,102.0,101.6,0.0,268.5,247.1,0.0,34.8,56.7,0.0,200.1,210.0,0.0,63.1,63.7,0.0,72.5,190.7,0.0,76.9,229.6,0.0,44.5,48.5,0.0,316.2,515.4,0.0,124.7,111.5,0.0,152.7,228.4,0.0,240.1,447.8,0.0,109.7,120.2,0.0,41.2,50.6,0.0,93.4,96.1,0.0,116.4,348.3,0.0,35.8,31.2,0.0,35.3,54.3,0.0,106.3,160.4,0.0,67.5,73.8,0.0,278.9,504.4,0.0,93.1,363.5,0.0,107.9,106.7,0.0,52.8,50.4,0.0
0132443AR,1088.78,944.34,211.0,1.0,1.0,0.67,147.8,119.1,0.127,194.6,145.8,0.189,252.9,374.5,0.238,238.3,169.8,0.214,64.1,134.2,0.051,39.3,43.6,0.029,130.0,94.8,0.118,74.1,117.9,0.066,40.7,39.3,0.031,120.5,92.8,0.098,102.0,82.3,0.088,268.5,195.5,0.254,34.8,46.3,0.032,200.1,170.3,0.173,63.1,52.2,0.053,72.5,151.7,0.061,76.9,180.4,0.058,44.5,40.2,0.035,316.2,413.0,0.318,124.7,91.0,0.11,152.7,182.5,0.105,240.1,365.5,0.248,109.7,96.5,0.092,41.2,41.5,0.031,93.4,77.2,0.077,116.4,278.2,0.085,35.8,25.5,0.029,35.3,44.1,0.024,106.3,128.0,0.072,67.5,61.4,0.055,278.9,410.0,0.287,93.1,285.6,0.049,107.9,84.3,0.09,52.8,41.9,0.045
0132444AR,1042.9,1065.97,20.0,0.0,1.0,1.0,147.8,0.0,0.0,194.6,0.0,0.0,252.9,0.0,0.0,238.3,2.2,0.0,64.1,14.3,0.0,39.3,18.7,0.0,130.0,3.3,0.0,74.1,19.3,0.0,40.7,23.8,0.0,120.5,11.5,0.0,102.0,5.2,0.0,268.5,0.0,0.0,34.8,28.5,0.0,200.1,0.0,0.0,63.1,14.1,0.0,72.5,21.0,0.0,76.9,0.0,0.0,44.5,15.6,0.0,316.2,0.0,0.0,124.7,8.9,0.0,152.7,0.0,0.0,240.1,0.0,0.0,109.7,0.0,0.0,41.2,18.9,0.0,93.4,10.3,0.0,116.4,0.0,0.0,35.8,24.7,0.0,35.3,20.8,0.0,106.3,0.0,0.0,67.5,9.9,0.0,278.9,0.0,0.0,93.1,0.0,0.0,107.9,8.7,0.0,52.8,18.4,0.0
0132445AR,950.12,430.25,4.0,0.0,1.0,0.83,147.8,131.9,0.0,194.6,167.6,0.0,252.9,434.7,0.0,238.3,194.7,0.0,64.1,129.1,0.0,39.3,38.7,0.0,130.0,97.4,0.0,74.1,107.8,0.0,40.7,36.1,0.0,120.5,90.5,0.0,102.0,79.3,0.0,268.5,231.0,0.0,34.8,43.9,0.0,200.1,204.7,0.0,63.1,48.5,0.0,72.5,144.4,0.0,76.9,197.1,0.0,44.5,37.0,0.0,316.2,491.9,0.0,124.7,90.0,0.0,152.7,227.4,0.0,240.1,423.0,0.0,109.7,108.0,0.0,41.2,38.4,0.0,93.4,75.4,0.0,116.4,331.1,0.0,35.8,24.2,0.0,35.3,40.8,0.0,106.3,152.4,0.0,67.5,56.0,0.0,278.9,480.0,0.0,93.1,362.0,0.0,107.9,83.5,0.0,52.8,38.6,0.0
0132448AR,1071.86,880.04,130.0,1.0,1.0,0.83,147.8,111.7,0.127,194.6,136.6,0.189,252.9,352.8,0.238,238.3,161.2,0.214,64.1,125.8,0.051,39.3,38.7,0.029,130.0,89.9,0.118,74.1,107.8,0.066,40.7,36.1,0.031,120.5,88.5,0.098,102.0,77.4,0.088,268.5,188.1,0.254,34.8,43.9,0.032,200.1,159.2,0.173,63.1,48.5,0.053,72.5,143.7,0.061,76.9,172.4,0.058,44.5,37.0,0.035,316.2,398.7,0.318,124.7,85.5,0.11,152.7,172.2,0.105,240.1,342.9,0.248,109.7,91.1,0.092,41.2,38.4,0.031,93.4,73.3,0.077,116.4,261.4,0.085,35.8,24.2,0.029,35.3,40.8,0.024,106.3,120.2,0.072,67.5,56.0,0.055,278.9,387.0,0.287,93.1,273.0,0.049,107.9,81.5,0.09,52.8,38.6,0.045
0132451AR,969.5,501.74,17.0,0.0,1.0,0.83,147.8,146.6,0.0,194.6,179.7,0.0,252.9,459.2,0.0,238.3,210.0,0.0,64.1,162.5,0.0,39.3,45.4,0.0,130.0,117.5,0.0,74.1,132.2,0.0,40.7,40.2,0.0,120.5,112.5,0.0,102.0,98.6,0.0,268.5,246.7,0.0,34.8,47.9,0.0,200.1,210.0,0.0,63.1,57.5,0.0,72.5,185.5,0.0,76.9,229.6,0.0,44.5,43.1,0.0,316.2,514.0,0.0,124.7,109.0,0.0,152.7,228.4,0.0,240.1,447.1,0.0,109.7,120.2,0.0,41.2,44.8,0.0,93.4,93.6,0.0,116.4,348.3,0.0,35.8,24.2,0.0,35.3,47.9,0.0,106.3,160.4,0.0,67.5,69.1,0.0,278.9,504.4,0.0,93.1,363.5,0.0,107.9,106.7,0.0,52.8,44.9,0.0
0132455AR,275.92,414.89,336.0,1.0,0.67,0.17,99.2,28.1,0.127,121.8,33.4,0.189,158.6,94.9,0.238,139.3,37.7,0.214,46.8,29.2,0.051,26.6,7.3,0.029,78.1,19.4,0.118,54.0,23.9,0.066,27.4,7.4,0.031,81.9,19.4,0.098,64.4,16.7,0.088,160.5,51.7,0.254,23.4,9.5,0.032,122.9,43.0,0.173,47.5,10.1,0.053,49.3,29.4,0.061,49.5,36.9,0.058,30.0,7.9,0.035,216.4,106.8,0.306,81.3,18.7,0.11,99.7,54.4,0.105,137.1,88.7,0.248,62.6,21.2,0.092,27.8,7.2,0.031,57.1,14.8,0.077,78.3,70.2,0.085,23.3,5.2,0.029,24.1,7.7,0.024,70.9,35.0,0.072,49.2,12.5,0.055,186.3,98.9,0.287,55.9,89.0,0.049,68.2,17.9,0.09,37.2,8.2,0.045
0132459AR,1006.14,717.44,26.0,0.78,0.5,0.5,103.7,123.8,0.099,142.9,157.7,0.15,177.3,406.0,0.182,173.6,173.5,0.164,43.0,86.6,0.045,26.3,18.7,0.026,94.1,79.1,0.092,49.6,64.4,0.056,27.4,13.4,0.027,79.0,63.7,0.076,68.8,56.4,0.074,193.2,213.8,0.195,23.7,15.3,0.028,152.0,202.0,0.138,40.0,27.1,0.047,47.5,89.0,0.053,56.0,188.6,0.05,32.4,14.1,0.031,230.8,466.7,0.247,86.5,69.6,0.085,122.7,228.1,0.081,174.9,395.2,0.19,86.0,101.3,0.077,27.7,19.0,0.027,63.0,52.3,0.065,94.9,324.8,0.072,19.0,6.9,0.026,23.5,20.5,0.021,83.1,153.3,0.063,45.2,33.6,0.049,199.1,460.0,0.219,74.6,363.5,0.044,76.4,59.9,0.07,34.2,18.0,0.039
0132461AR,325.53,60.16,49031.0,0.0,1.0,0.0,141.9,0.0,0.0,186.4,0.7,0.0,224.7,5.2,0.0,223.2,1.8,0.0,64.1,0.0,0.0,39.3,0.0,0.0,130.0,0.0,0.0,74.1,0.0,0.0,40.7,0.0,0.0,119.3,0.0,0.0,102.0,0.0,0.0,246.3,2.4,0.0,34.8,0.0,0.0,185.0,3.5,0.0,63.1,0.0,0.0,72.5,0.0,0.0,76.9,0.0,0.0,44.5,0.0,0.0,282.3,5.1,0.0,124.7,0.0,0.0,141.1,7.0,0.0,224.8,3.8,0.0,109.7,0.6,0.0,41.2,0.0,0.0,93.4,0.0,0.0,112.1,1.5,0.0,35.8,0.0,0.0,35.3,0.0,0.0,102.2,1.7,0.0,67.5,0.0,0.0,246.9,5.0,0.0,90.4,9.2,0.0,107.9,0.0,0.0,52.8,0.0,0.0
0132467AR,1013.01,1061.36,583.0,0.0,1.0,1.0,147.8,0.0,0.0,194.6,0.3,0.0,252.9,0.7,0.0,238.3,1.8,0.0,64.1,9.8,0.0,39.3,18.1,0.0,130.0,4.7,0.0,74.1,23.0,0.0,40.7,24.6,0.0,120.5,14.1,0.0,102.0,6.3,0.0,268.5,0.3,0.0,34.8,34.1,0.0,200.1,0.0,0.0,63.1,18.4,0.0,72.5,32.2,0.0,76.9,0.0,0.0,44.5,20.3,0.0,316.2,0.0,0.0,124.7,10.9,0.0,152.7,0.0,0.0,240.1,0.8,0.0,109.7,0.0,0.0,41.2,16.2,0.0,93.4,12.8,0.0,116.4,0.0,0.0,35.8,25.1,0.0,35.3,16.6,0.0,106.3,0.0,0.0,67.5,11.9,0.0,278.9,1.4,0.0,93.1,0.0,0.0,107.9,10.8,0.0,52.8,22.3,0.0
0132468AR,309.14,739.78,950.0,0.0,0.83,0.33,146.3,96.8,0.0,194.6,118.3,0.0,250.1,304.1,0.0,235.6,139.8,0.0,63.3,97.6,0.0,39.3,27.3,0.0,128.7,73.8,0.0,73.2,86.0,0.0,38.8,23.6,0.0,116.8,69.5,0.0,101.2,60.2,0.0,265.3,162.3,0.0,34.8,27.2,0.0,200.1,146.5,0.0,62.4,34.2,0.0,71.9,111.3,0.0,76.9,149.3,0.0,42.4,24.2,0.0,313.4,346.3,0.0,120.9,69.4,0.0,152.7,150.1,0.0,237.4,304.5,0.0,109.7,77.0,0.0,39.2,27.1,0.0,92.7,57.0,0.0,116.4,235.3,0.0,35.1,15.1,0.0,35.3,28.6,0.0,106.3,109.5,0.0,66.7,43.5,0.0,275.7,341.5,0.0,93.1,256.4,0.0,107.1,63.9,0.0,50.4,27.4,0.0
0132469AR,436.62,386.22,54.0,0.0,1.0,0.83,147.8,61.0,0.0,194.6,75.2,0.0,249.7,191.4,0.0,238.3,91.9,0.0,64.1,77.0,0.0,39.3,30.7,0.0,130.0,55.0,0.0,74.1,69.7,0.0,40.7,30.7,0.0,120.5,57.9,0.0,102.0,48.9,0.0,265.7,98.9,0.0,34.8,32.0,0.0,199.4,88.6,0.0,63.1,33.3,0.0,72.5,92.7,0.0,76.9,101.4,0.0,44.5,29.4,0.0,309.6,205.8,0.0,124.7,55.8,0.0,149.8,102.2,0.0,240.1,193.1,0.0,109.7,51.5,0.0,41.2,30.2,0.0,93.4,47.5,0.0,116.4,130.7,0.0,35.8,21.9,0.0,35.3,32.0,0.0,106.3,61.1,0.0,67.5,36.1,0.0,273.1,199.0,0.0,93.1,156.3,0.0,107.9,52.7,0.0,52.8,30.8,0.0
0132472AR,317.53,497.2,51625.0,0.0,1.0,1.0,147.8,107.8,0.0,194.6,128.7,0.0,252.9,324.9,0.0,238.3,150.9,0.0,64.1,136.1,0.0,39.3,48.9,0.0,130.0,91.1,0.0,74.1,122.0,0.0,40.7,47.5,0.0,120.5,95.4,0.0,102.0,81.2,0.0,268.5,176.1,0.0,34.8,56.7,0.0,200.1,140.0,0.0,63.1,58.7,0.0,72.5,159.1,0.0,76.9,170.0,0.0,44.5,48.2,0.0,316.2,372.1,0.0,124.7,90.6,0.0,152.7,145.3,0.0,240.1,315.7,0.0,109.7,86.0,0.0,41.2,48.2,0.0,93.4,80.7,0.0,116.4,246.1,0.0,35.8,31.2,0.0,35.3,51.6,0.0,106.3,108.4,0.0,67.5,63.6,0.0,278.9,361.0,0.0,93.1,229.5,0.0,107.9,85.5,0.0,52.8,50.1,0.0
0132473AR,473.21,102.24,51732.0,1.0,0.67,0.33,101.9,42.1,0.127,126.6,49.3,0.189,163.7,129.9,0.238,155.2,55.4,0.214,50.0,46.5,0.051,30.6,15.8,0.029,86.9,30.8,0.118,58.3,41.2,0.066,31.7,14.9,0.031,85.5,29.3,0.098,69.9,29.2,0.088,169.1,69.1,0.254,27.1,19.4,0.032,116.2,55.5,0.173,49.6,19.1,0.053,54.2,54.8,0.061,53.7,57.7,0.058,34.7,15.3,0.035,206.4,142.1,0.318,83.4,28.2,0.11,89.1,62.0,0.105,145.0,117.8,0.248,67.0,31.6,0.092,32.1,15.8,0.031,67.2,28.3,0.077,68.9,94.5,0.085,27.2,9.4,0.029,27.6,16.6,0.024,65.2,46.1,0.072,52.9,21.2,0.055,182.7,136.8,0.287,47.0,110.9,0.049,74.1,26.8,0.09,41.9,16.0,0.045
0132474AR,374.05,530.87,215.0,0.0,1.0,1.0,147.8,98.1,0.0,194.6,110.3,0.0,252.9,275.0,0.0,238.3,135.6,0.0,64.1,144.1,0.0,39.3,49.9,0.0,130.0,89.2,0.0,74.1,122.8,0.0,40.7,47.5,0.0,120.5,95.0,0.0,102.0,86.3,0.0,268.5,144.0,0.0,34.8,56.7,0.0,200.1,110.4,0.0,63.1,59.2,0.0,72.5,166.5,0.0,76.9,162.1,0.0,44.5,47.9,0.0,316.2,290.9,0.0,124.7,91.1,0.0,152.7,101.4,0.0,240.1,266.0,0.0,109.7,81.4,0.0,41.2,49.3,0.0,93.4,83.9,0.0,116.4,205.7,0.0,35.8,31.2,0.0,35.3,52.8,0.0,106.3,88.1,0.0,67.5,64.3,0.0,278.9,297.9,0.0,93.1,160.9,0.0,107.9,88.4,0.0,52.8,49.8,0.0
0132479AR,883.31,91.28,9.0,1.0,0.67,0.33,138.6,62.3,0.127,183.3,79.1,0.189,234.3,197.0,0.238,220.3,89.7,0.214,52.6,71.4,0.051,31.3,21.3,0.029,118.7,48.8,0.118,62.1,57.7,0.066,33.5,19.4,0.031,107.2,49.1,0.098,87.4,42.6,0.088,248.1,105.7,0.254,28.6,22.4,0.032,193.0,90.4,0.173,52.7,25.9,0.053,61.1,80.8,0.061,72.8,100.1,0.058,36.6,19.8,0.035,295.2,218.2,0.318,113.9,47.8,0.11,149.2,99.7,0.105,223.6,192.7,0.248,104.6,52.2,0.092,33.7,20.8,0.031,80.1,39.8,0.077,108.6,155.8,0.085,28.8,12.2,0.029,27.8,22.7,0.024,102.2,68.9,0.072,56.1,30.7,0.055,259.1,215.7,0.287,93.1,160.9,0.049,96.7,46.0,0.09,43.7,20.3,0.045
0132484AR,851.9,119.69,545143.0,1.0,0.33,0.17,67.1,24.1,0.127,86.7,28.8,0.189,117.9,69.2,0.234,113.4,32.4,0.211,29.5,31.5,0.051,16.6,10.5,0.029,61.2,20.4,0.118,33.0,26.4,0.066,17.5,9.5,0.031,54.6,19.7,0.098,44.6,18.6,0.088,125.1,37.7,0.25,15.2,12.0,0.032,88.2,33.8,0.173,26.1,12.1,0.053,31.3,36.0,0.061,33.8,45.9,0.058,19.2,9.6,0.035,138.7,72.5,0.31,56.9,19.3,0.11,80.1,36.7,0.105,113.5,67.8,0.244,49.6,20.9,0.092,17.6,10.2,0.031,43.4,17.5,0.077,47.5,56.7,0.085,15.7,5.7,0.029,14.6,9.7,0.024,43.9,28.9,0.072,29.8,14.2,0.055,122.2,73.4,0.282,43.4,50.9,0.049,47.4,19.3,0.09,21.8,9.9,0.045
0132493AR,999.77,613.01,7.0,0.0,1.0,0.83,147.8,124.6,0.0,194.6,158.3,0.0,252.9,414.6,0.0,238.3,183.1,0.0,64.1,125.8,0.0,39.3,38.7,0.0,130.0,90.9,0.0,74.1,107.8,0.0,40.7,36.1,0.0,120.5,88.5,0.0,102.0,77.4,0.0,268.5,218.5,0.0,34.8,43.9,0.0,200.1,200.8,0.0,63.1,48.5,0.0,72.5,143.7,0.0,76.9,187.9,0.0,44.5,37.0,0.0,316.2,472.6,0.0,124.7,85.5,0.0,152.7,226.7,0.0,240.1,403.4,0.0,109.7,100.4,0.0,41.2,38.4,0.0,93.4,73.3,0.0,116.4,318.1,0.0,35.8,24.2,0.0,35.3,40.8,0.0,106.3,146.4,0.0,67.5,56.0,0.0,278.9,464.5,0.0,93.1,363.5,0.0,107.9,81.5,0.0,52.8,38.6,0.0
0132494AR,623.28,996.14,10.0,0.0,1.0,0.33,147.8,63.5,0.0,194.6,71.9,0.0,252.9,169.2,0.0,238.3,85.3,0.0,64.1,98.8,0.0,39.3,28.7,0.0,130.0,65.4,0.0,74.1,84.4,0.0,40.7,28.0,0.0,120.5,72.0,0.0,102.0,62.6,0.0,268.5,90.9,0.0,34.8,30.9,0.0,200.1,63.6,0.0,63.1,37.4,0.0,72.5,116.8,0.0,76.9,119.8,0.0,44.5,28.4,0.0,316.2,181.9,0.0,124.7,66.7,0.0,152.7,38.0,0.0,240.1,171.7,0.0,109.7,53.9,0.0,41.2,28.3,0.0,93.4,59.1,0.0,116.4,127.6,0.0,35.8,17.8,0.0,35.3,29.1,0.0,106.3,52.0,0.0,67.5,44.1,0.0,278.9,176.4,0.0,93.1,47.3,0.0,107.9,66.0,0.0,52.8,30.9,0.0
0132496AR,810.94,474.32,194408.0,0.0,1.0,0.83,147.8,146.6,0.0,194.6,179.7,0.0,252.9,460.0,0.0,238.3,210.4,0.0,64.1,165.4,0.0,39.3,49.3,0.0,130.0,116.9,0.0,74.1,137.0,0.0,40.7,43.6,0.0,120.5,113.6,0.0,102.0,100.2,0.0,268.5,247.1,0.0,34.8,50.8,0.0,200.1,210.0,0.0,63.1,61.3,0.0,72.5,187.4,0.0,76.9,229.6,0.0,44.5,45.3,0.0,316.2,515.4,0.0,124.7,110.8,0.0,152.7,228.4,0.0,240.1,447.8,0.0,109.7,120.2,0.0,41.2,48.6,0.0,93.4,94.8,0.0,116.4,348.3,0.0,35.8,26.9,0.0,35.3,52.4,0.0,106.3,160.4,0.0,67.5,71.7,0.0,278.9,504.4,0.0,93.1,363.5,0.0,107.9,105.3,0.0,52.8,47.0,0.0
0132502AR,1098.02,978.91,72.0,0.0,1.0,0.5,147.8,146.3,0.0,194.6,179.4,0.0,252.3,459.3,0.0,237.5,210.0,0.0,64.1,167.0,0.0,39.3,51.3,0.0,130.0,117.2,0.0,74.1,141.0,0.0,40.7,47.5,0.0,120.5,114.5,0.0,102.0,101.6,0.0,267.6,246.7,0.0,34.8,56.7,0.0,200.1,209.6,0.0,63.1,63.7,0.0,72.5,190.7,0.0,76.9,228.9,0.0,44.5,48.5,0.0,315.4,514.6,0.0,124.7,111.2,0.0,152.7,228.1,0.0,239.3,447.0,0.0,109.7,119.8,0.0,41.2,50.6,0.0,93.4,96.1,0.0,116.4,347.5,0.0,35.8,31.2,0.0,35.3,54.3,0.0,106.3,160.0,0.0,67.5,73.8,0.0,278.2,503.7,0.0,93.1,363.5,0.0,107.9,106.4,0.0,52.8,50.4,0.0
0132504AR,393.0,58.0,49885.0,0.0,1.0,0.5,147.8,10.0,0.0,194.6,14.3,0.0,239.6,38.8,0.0,238.3,13.0,0.0,64.1,5.2,0.0,39.3,2.3,0.0,130.0,4.8,0.0,74.1,0.8,0.0,40.7,6.2,0.0,120.5,5.1,0.0,102.0,4.8,0.0,268.5,23.3,0.0,34.8,6.4,0.0,200.1,14.1,0.0,63.1,0.7,0.0,72.5,5.9,0.0,76.9,9.0,0.0,44.5,0.9,0.0,299.3,47.9,0.0,124.7,5.3,0.0,152.7,18.4,0.0,240.1,33.9,0.0,109.7,4.8,0.0,41.2,2.3,0.0,93.4,3.0,0.0,116.4,26.7,0.0,35.8,8.3,0.0,35.3,3.9,0.0,106.3,12.6,0.0,67.5,0.4,0.0,264.2,46.1,0.0,93.1,29.1,0.0,107.9,4.9,0.0,52.8,2.3,0.0
0132505AR,248.96,770.92,151.0,0.0,0.67,0.17,121.1,48.3,0.0,152.6,60.7,0.0,202.9,150.4,0.0,186.7,69.2,0.0,52.3,35.1,0.0,26.5,10.4,0.0,103.0,31.1,0.0,57.2,31.1,0.0,27.3,8.4,0.0,99.1,26.7,0.0,80.9,21.2,0.0,215.3,77.3,0.0,23.3,10.1,0.0,164.8,81.1,0.0,48.7,13.4,0.0,54.8,43.8,0.0,59.8,71.4,0.0,29.9,8.7,0.0,259.2,165.7,0.0,99.4,26.6,0.0,131.7,95.1,0.0,189.1,148.3,0.0,86.1,40.6,0.0,27.7,10.2,0.0,74.0,22.0,0.0,96.1,124.4,0.0,23.9,6.1,0.0,23.9,11.0,0.0,88.5,60.1,0.0,52.1,15.9,0.0,234.3,173.3,0.0,81.8,156.5,0.0,85.6,26.7,0.0,37.0,10.2,0.0
0132506AR,475.35,172.07,53549.0,1.0,0.67,0.33,95.2,37.4,0.127,117.3,40.2,0.189,150.8,107.5,0.238,135.9,48.4,0.214,46.7,40.5,0.051,28.4,12.9,0.029,82.1,26.8,0.118,52.2,38.3,0.066,30.5,13.3,0.031,78.6,25.5,0.098,65.7,26.1,0.088,153.9,57.5,0.254,25.8,16.5,0.032,103.3,48.3,0.173,44.4,16.8,0.053,51.0,50.7,0.061,47.5,51.6,0.058,32.6,13.6,0.035,186.5,125.6,0.318,78.8,24.6,0.11,83.0,51.7,0.105,131.1,95.6,0.248,62.0,27.5,0.092,30.2,12.9,0.031,60.2,23.9,0.077,63.2,81.9,0.085,27.2,9.1,0.029,25.6,13.5,0.024,54.6,37.6,0.072,50.1,19.7,0.055,166.3,120.9,0.287,43.2,85.3,0.049,65.6,25.4,0.09,39.7,13.1,0.045
0132508AR,326.85,512.1,51116.0,0.0,1.0,1.0,147.8,145.6,0.0,194.6,178.6,0.0,252.9,455.5,0.0,238.3,208.3,0.0,64.1,167.0,0.0,39.3,51.3,0.0,130.0,117.5,0.0,74.1,141.0,0.0,40.7,47.5,0.0,120.5,115.2,0.0,102.0,101.6,0.0,268.5,243.6,0.0,34.8,56.7,0.0,200.1,204.7,0.0,63.1,63.7,0.0,72.5,190.7,0.0,76.9,228.9,0.0,44.5,48.5,0.0,316.2,507.1,0.0,124.7,111.5,0.0,152.7,208.1,0.0,240.1,443.5,0.0,109.7,120.2,0.0,41.2,50.6,0.0,93.4,96.1,0.0,116.4,346.1,0.0,35.8,31.2,0.0,35.3,54.3,0.0,106.3,159.4,0.0,67.5,73.8,0.0,278.9,495.5,0.0,93.1,335.4,0.0,107.9,106.7,0.0,52.8,50.4,0.0
0132518AR,459.26,172.0,7.0,1.0,0.5,0.33,47.1,21.6,0.127,66.1,30.8,0.189,85.6,80.9,0.208,87.9,36.3,0.188,23.5,24.0,0.051,17.7,7.5,0.029,55.4,17.9,0.118,28.3,24.6,0.066,21.1,7.4,0.031,49.0,19.8,0.098,43.1,15.3,0.088,101.5,39.6,0.222,18.4,11.2,0.032,72.4,37.2,0.173,23.9,10.3,0.053,26.5,27.3,0.061,24.1,34.7,0.058,23.1,6.3,0.035,108.0,87.6,0.283,53.3,19.0,0.11,48.7,47.4,0.105,94.9,80.9,0.217,42.1,20.5,0.092,18.9,7.4,0.031,39.6,14.2,0.077,46.4,57.3,0.085,17.6,5.1,0.029,15.5,8.2,0.024,40.6,24.5,0.072,25.4,12.6,0.055,94.5,84.4,0.251,24.6,65.3,0.049,45.9,17.4,0.09,24.5,7.6,0.045
0132520AR,64.16,587.91,143.0,0.0,1.0,1.0,147.8,132.4,0.0,194.6,157.2,0.0,252.9,405.9,0.0,238.3,188.0,0.0,64.1,165.4,0.0,39.3,51.3,0.0,130.0,109.8,0.0,74.1,139.6,0.0,40.7,47.5,0.0,120.5,110.9,0.0,102.0,98.1,0.0,268.5,213.6,0.0,34.8,56.7,0.0,200.1,171.7,0.0,63.1,63.7,0.0,72.5,186.1,0.0,76.9,205.8,0.0,44.5,48.5,0.0,316.2,436.5,0.0,124.7,105.0,0.0,152.0,180.1,0.0,240.1,388.0,0.0,109.7,107.8,0.0,41.2,50.6,0.0,93.4,93.8,0.0,116.4,295.5,0.0,35.8,31.2,0.0,35.3,54.3,0.0,106.3,134.7,0.0,67.5,73.1,0.0,278.9,430.3,0.0,93.1,287.6,0.0,107.9,103.1,0.0,52.8,50.4,0.0
0132532AR,976.0,606.0,56.0,0.0,1.0,0.83,147.8,146.6,0.0,194.6,179.7,0.0,252.9,460.0,0.0,238.3,210.4,0.0,64.1,167.0,0.0,39.3,51.3,0.0,130.0,117.5,0.0,74.1,141.0,0.0,40.7,47.5,0.0,120.5,115.2,0.0,102.0,101.6,0.0,268.5,247.1,0.0,34.8,56.7,0.0,200.1,210.0,0.0,63.1,63.7,0.0,72.5,190.7,0.0,76.9,229.6,0.0,44.5,48.5,0.0,316.2,515.4,0.0,124.7,111.5,0.0,152.7,228.4,0.0,240.1,447.8,0.0,109.7,120.2,0.0,41.2,50.6,0.0,93.4,96.1,0.0,116.4,348.3,0.0,35.8,30.7,0.0,35.3,54.3,0.0,106.3,160.4,0.0,67.5,73.8,0.0,278.9,504.4,0.0,93.1,363.5,0.0,107.9,106.7,0.0,52.8,50.4,0.0
0132534AR,429.02,495.63,318.0,0.0,1.0,1.0,147.8,127.6,0.0,194.6,151.4,0.0,252.9,384.2,0.0,238.3,182.4,0.0,64.1,165.4,0.0,39.3,51.3,0.0,130.0,109.1,0.0,74.1,141.0,0.0,40.7,47.5,0.0,120.5,113.6,0.0,102.0,100.2,0.0,268.5,206.9,0.0,34.8,56.7,0.0,200.1,159.8,0.0,63.1,63.7,0.0,72.5,188.0,0.0,76.9,202.0,0.0,44.5,48.5,0.0,316.2,414.4,0.0,124.7,108.5,0.0,152.7,149.9,0.0,240.1,375.8,0.0,109.7,105.4,0.0,41.2,50.6,0.0,93.4,94.8,0.0,116.4,282.8,0.0,35.8,31.2,0.0,35.3,54.3,0.0,106.3,126.1,0.0,67.5,73.8,0.0,278.9,405.9,0.0,93.1,246.1,0.0,107.9,105.3,0.0,52.8,50.4,0.0
0132539AR,916.25,383.2,10.0,0.0,1.0,0.83,147.8,146.6,0.0,194.6,179.7,0.0,252.9,460.0,0.0,238.3,210.4,0.0,64.1,167.0,0.0,39.3,51.3,0.0,130.0,117.5,0.0,74.1,141.0,0.0,40.7,47.5,0.0,120.5,115.2,0.0,102.0,101.6,0.0,268.5,247.1,0.0,34.8,56.7,0.0,200.1,210.0,0.0,63.1,63.7,0.0,72.5,190.7,0.0,76.9,229.6,0.0,44.5,48.5,0.0,316.2,515.4,0.0,124.7,111.5,0.0,152.7,228.4,0.0,240.1,447.8,0.0,109.7,120.2,0.0,41.2,50.6,0.0,93.4,96.1,0.0,116.4,348.3,0.0,35.8,31.2,0.0,35.3,54.3,0.0,106.3,160.4,0.0,67.5,73.8,0.0,278.9,504.4,0.0,93.1,363.5,0.0,107.9,106.7,0.0,52.8,50.4,0.0
0132547AR,1120.31,1065.87,36.0,0.0,0.83,0.33,147.8,110.2,0.0,194.6,121.5,0.0,251.0,299.8,0.0,236.0,143.6,0.0,64.1,151.2,0.0,39.3,45.2,0.0,130.0,96.9,0.0,74.1,123.1,0.0,40.7,38.5,0.0,120.5,94.0,0.0,102.0,87.8,0.0,265.9,161.9,0.0,34.8,45.2,0.0,198.8,113.3,0.0,63.1,54.4,0.0,72.5,171.7,0.0,76.9,169.7,0.0,44.5,39.4,0.0,313.8,335.0,0.0,124.7,92.3,0.0,152.7,83.4,0.0,237.8,281.4,0.0,109.7,83.9,0.0,41.2,44.6,0.0,93.4,86.6,0.0,116.4,228.4,0.0,35.8,22.0,0.0,35.3,46.6,0.0,106.3,98.0,0.0,67.5,65.9,0.0,276.8,324.0,0.0,93.1,138.6,0.0,107.9,89.5,0.0,52.8,42.9,0.0
0132553AR,756.93,904.1,6.0,1.0,0.67,0.67,79.1,21.8,0.127,99.4,28.9,0.189,124.6,64.7,0.227,141.3,34.7,0.204,37.3,22.1,0.051,24.6,11.7,0.029,83.4,20.9,0.118,44.8,23.3,0.066,26.1,9.3,0.031,69.8,19.2,0.098,61.5,14.7,0.088,147.4,37.8,0.242,22.8,9.4,0.032,105.4,34.2,0.173,37.9,12.2,0.053,42.1,34.4,0.061,42.0,42.8,0.058,28.6,7.2,0.035,144.5,84.1,0.306,75.9,18.5,0.11,78.0,37.1,0.105,139.9,69.1,0.237,68.4,20.0,0.092,26.2,11.6,0.031,59.5,17.6,0.077,62.1,55.1,0.085,23.5,7.9,0.029,21.6,12.2,0.024,57.6,24.3,0.072,40.3,12.1,0.055,125.9,81.8,0.273,46.4,60.3,0.049,65.4,17.6,0.09,30.4,9.7,0.045
0132554AR,894.36,68.61,547244.0,1.0,0.5,0.67,59.8,77.5,0.127,78.5,97.0,0.189,100.5,238.3,0.238,99.0,108.5,0.214,25.4,95.0,0.051,16.6,30.8,0.029,55.0,67.0,0.118,30.1,84.0,0.066,17.5,29.4,0.031,51.2,69.1,0.098,42.9,57.2,0.088,109.0,127.2,0.254,15.2,36.1,0.032,81.6,110.3,0.173,25.6,38.3,0.053,28.6,109.3,0.061,29.9,131.5,0.058,19.2,30.1,0.035,126.4,266.8,0.318,52.8,65.4,0.11,59.6,120.2,0.105,99.7,238.9,0.248,45.7,65.3,0.092,17.6,30.2,0.031,39.3,55.5,0.077,46.8,185.6,0.085,15.7,18.5,0.029,14.6,33.3,0.024,40.7,84.5,0.072,27.2,44.1,0.055,110.9,262.6,0.287,34.4,186.5,0.049,45.6,63.9,0.09,22.9,30.8,0.045
0132558AR,329.9,517.54,50428.0,0.0,1.0,1.0,147.8,146.6,0.0,194.6,179.7,0.0,252.9,460.0,0.0,238.3,210.4,0.0,64.1,167.0,0.0,39.3,51.3,0.0,130.0,117.5,0.0,74.1,141.0,0.0,40.7,47.5,0.0,120.5,115.2,0.0,102.0,101.6,0.0,268.5,247.1,0.0,34.8,56.7,0.0,200.1,206.4,0.0,63.1,63.7,0.0,72.5,190.7,0.0,76.9,229.6,0.0,44.5,48.5,0.0,316.2,513.3,0.0,124.7,111.5,0.0,152.7,209.4,0.0,240.1,447.8,0.0,109.7,120.2,0.0,41.2,50.6,0.0,93.4,96.1,0.0,116.4,348.3,0.0,35.8,31.2,0.0,35.3,54.3,0.0,106.3,160.0,0.0,67.5,73.8,0.0,278.9,502.0,0.0,93.1,336.1,0.0,107.9,106.7,0.0,52.8,50.4,0.0
0132561AR,301.32,471.59,52656.0,0.0,1.0,1.0,147.8,146.6,0.0,194.6,179.7,0.0,252.9,460.0,0.0,238.3,210.4,0.0,64.1,167.0,0.0,39.3,51.3,0.0,130.0,117.5,0.0,74.1,141.0,0.0,40.7,47.5,0.0,120.5,115.2,0.0,102.0,101.6,0.0,268.5,246.7,0.0,34.8,56.7,0.0,200.1,202.9,0.0,63.1,63.7,0.0,72.5,190.7,0.0,76.9,229.6,0.0,44.5,48.5,0.0,316.2,511.9,0.0,124.7,111.5,0.0,152.7,200.5,0.0,240.1,447.8,0.0,109.7,120.2,0.0,41.2,50.6,0.0,93.4,96.1,0.0,116.4,348.3,0.0,35.8,31.2,0.0,35.3,54.3,0.0,106.3,159.7,0.0,67.5,73.8,0.0,278.9,502.0,0.0,93.1,336.1,0.0,107.9,106.7,0.0,52.8,50.4,0.0
0132566AR,159.13,604.04,983.0,0.0,1.0,0.5,147.8,146.6,0.0,194.6,176.5,0.0,252.9,445.1,0.0,238.3,207.3,0.0,64.1,159.3,0.0,39.3,43.6,0.0,130.0,115.8,0.0,74.1,130.1,0.0,40.7,37.4,0.0,120.5,109.9,0.0,102.0,99.4,0.0,268.5,240.1,0.0,34.8,44.7,0.0,200.1,191.3,0.0,63.1,55.6,0.0,72.5,178.9,0.0,76.9,229.6,0.0,44.5,39.9,0.0,316.2,498.1,0.0,124.7,107.7,0.0,152.7,188.8,0.0,240.1,433.3,0.0,109.7,120.2,0.0,41.2,43.2,0.0,93.4,91.8,0.0,116.4,333.9,0.0,35.8,24.2,0.0,35.3,46.0,0.0,106.3,153.7,0.0,67.5,68.0,0.0,278.9,488.1,0.0,93.1,305.0,0.0,107.9,104.4,0.0,52.8,41.6,0.0
0132576AR,349.37,59.31,49349.0,0.0,1.0,0.17,147.8,0.0,0.0,194.6,0.0,0.0,238.8,0.0,0.0,233.6,0.0,0.0,64.1,0.0,0.0,39.3,2.4,0.0,130.0,0.0,0.0,74.1,0.0,0.0,40.7,5.0,0.0,120.5,0.0,0.0,102.0,0.0,0.0,253.8,0.0,0.0,34.8,7.8,0.0,196.6,0.0,0.0,63.1,2.5,0.0,72.5,0.0,0.0,76.9,0.0,0.0,44.5,3.0,0.0,295.0,0.0,0.0,124.7,0.0,0.0,149.0,0.0,0.0,231.2,0.0,0.0,109.7,0.0,0.0,41.2,2.4,0.0,93.4,0.0,0.0,116.4,0.0,0.0,35.8,4.7,0.0,35.3,2.4,0.0,106.3,0.0,0.0,67.5,0.0,0.0,259.6,0.0,0.0,93.1,0.0,0.0,107.9,0.0,0.0,52.8,3.6,0.0
0132578AR,501.46,359.63,5.0,0.0,1.0,0.83,147.8,143.1,0.0,194.6,174.4,0.0,252.9,444.3,0.0,238.3,200.8,0.0,64.1,161.8,0.0,39.3,48.5,0.0,130.0,114.8,0.0,74.1,136.2,0.0,40.7,42.1,0.0,120.5,111.9,0.0,102.0,98.6,0.0,268.5,236.6,0.0,34.8,49.5,0.0,200.1,203.3,0.0,63.1,60.6,0.0,72.5,185.5,0.0,76.9,225.4,0.0,44.5,44.7,0.0,316.2,494.6,0.0,124.7,108.3,0.0,152.7,213.2,0.0,240.1,432.5,0.0,109.7,118.0,0.0,41.2,47.9,0.0,93.4,93.6,0.0,116.4,337.5,0.0,35.8,27.7,0.0,35.3,51.3,0.0,106.3,155.4,0.0,67.5,71.2,0.0,278.9,487.3,0.0,93.1,343.7,0.0,107.9,104.8,0.0,52.8,46.5,0.0
0132580AR,799.93,430.87,441.0,0.0,0.67,0.83,118.0,43.7,0.0,161.2,53.7,0.0,190.3,131.6,0.0,193.4,69.2,0.0,54.7,50.3,0.0,36.6,20.8,0.0,112.6,39.9,0.0,64.5,49.4,0.0,36.4,18.7,0.0,94.2,39.5,0.0,87.2,31.7,0.0,214.6,69.1,0.0,30.7,22.6,0.0,161.5,64.8,0.0,51.9,23.4,0.0,63.7,65.0,0.0,66.6,80.1,0.0,39.8,16.3,0.0,224.1,152.3,0.0,103.3,37.5,0.0,125.3,68.7,0.0,200.3,134.4,0.0,98.6,38.8,0.0,36.7,20.6,0.0,84.2,33.3,0.0,96.0,103.4,0.0,31.6,14.3,0.0,32.8,22.6,0.0,85.2,46.2,0.0,58.6,25.5,0.0,197.0,150.0,0.0,75.9,113.7,0.0,92.4,35.2,0.0,44.1,18.8,0.0
0132581AR,184.38,651.64,2806.0,0.0,1.0,0.67,147.8,103.8,0.0,194.6,118.7,0.0,252.9,300.7,0.0,238.3,147.4,0.0,64.1,121.8,0.0,39.3,37.7,0.0,130.0,80.8,0.0,74.1,106.5,0.0,40.7,34.2,0.0,120.5,83.8,0.0,102.0,74.6,0.0,268.5,161.2,0.0,34.8,42.7,0.0,200.1,127.0,0.0,63.1,47.9,0.0,72.5,137.7,0.0,76.9,157.2,0.0,44.5,35.0,0.0,316.2,321.8,0.0,124.7,77.6,0.0,152.7,110.8,0.0,240.1,302.6,0.0,109.7,84.4,0.0,41.2,38.4,0.0,93.4,70.3,0.0,116.4,225.3,0.0,35.8,21.3,0.0,35.3,40.8,0.0,106.3,101.2,0.0,67.5,55.3,0.0,278.9,320.6,0.0,93.1,187.2,0.0,107.9,74.6,0.0,52.8,36.6,0.0
0132584AR,887.89,1043.54,6393.0,1.0,0.17,0.0,95.3,0.0,0.127,120.4,0.0,0.189,154.9,0.0,0.238,132.2,0.0,0.214,33.8,0.0,0.051,12.5,0.0,0.029,65.7,0.0,0.118,38.0,0.0,0.066,12.5,0.0,0.031,57.2,0.0,0.098,44.6,0.0,0.088,153.9,0.0,0.254,9.9,0.0,0.032,110.7,0.0,0.173,33.7,0.0,0.053,35.2,0.0,0.061,52.8,0.0,0.058,13.6,0.0,0.035,188.1,0.0,0.298,62.9,0.0,0.11,98.2,0.0,0.105,131.8,0.0,0.248,62.5,0.0,0.092,13.5,0.0,0.031,38.4,0.0,0.077,67.4,0.0,0.085,7.5,0.0,0.029,11.5,0.0,0.024,65.3,0.0,0.072,35.0,0.0,0.055,170.7,0.0,0.287,66.1,0.0,0.049,47.0,0.0,0.09,23.1,0.0,0.045
0132586AR,85.89,490.64,2196.0,0.0,0.83,0.5,111.0,44.8,0.0,146.4,51.1,0.0,176.4,125.0,0.0,174.1,56.4,0.0,56.2,69.6,0.0,37.5,25.9,0.0,103.9,40.4,0.0,65.7,61.9,0.0,37.3,25.6,0.0,99.5,43.9,0.0,87.4,41.9,0.0,188.0,67.0,0.0,32.8,32.4,0.0,139.5,51.8,0.0,57.3,27.6,0.0,63.8,76.3,0.0,59.5,72.5,0.0,41.4,25.3,0.0,221.3,138.8,0.0,106.0,42.1,0.0,94.8,50.5,0.0,173.0,121.0,0.0,83.5,35.1,0.0,38.2,25.6,0.0,80.6,40.4,0.0,85.3,99.8,0.0,33.7,19.1,0.0,33.7,24.7,0.0,77.1,44.8,0.0,59.6,32.3,0.0,191.6,134.5,0.0,55.6,88.6,0.0,92.6,40.9,0.0,48.6,26.0,0.0
0132588AR,123.07,399.13,3219.0,0.0,0.83,0.33,89.0,36.1,0.0,110.6,37.9,0.0,134.6,96.1,0.0,124.6,44.7,0.0,41.3,52.8,0.0,26.6,19.3,0.0,75.8,29.5,0.0,49.0,44.2,0.0,29.5,20.7,0.0,77.9,33.2,0.0,60.7,29.9,0.0,140.6,51.1,0.0,24.9,26.3,0.0,95.7,38.2,0.0,41.5,21.0,0.0,46.2,60.1,0.0,45.3,55.2,0.0,31.5,18.8,0.0,162.8,111.4,0.0,73.3,33.2,0.0,73.3,34.9,0.0,125.4,91.2,0.0,59.8,26.7,0.0,29.0,19.2,0.0,55.7,30.8,0.0,57.2,76.3,0.0,27.7,15.4,0.0,23.6,18.7,0.0,50.0,32.7,0.0,44.2,22.9,0.0,142.6,107.7,0.0,42.2,53.9,0.0,64.5,31.5,0.0,38.5,19.4,0.0
0132589AR,266.96,400.17,432.0,1.0,0.67,0.0,101.2,32.1,0.127,122.8,37.4,0.189,160.0,103.9,0.238,142.6,42.9,0.214,45.9,31.2,0.051,27.1,5.2,0.029,75.7,19.5,0.118,53.2,21.8,0.066,27.7,4.8,0.031,77.9,18.2,0.098,62.2,16.9,0.088,162.3,55.4,0.254,23.3,7.7,0.032,122.3,46.2,0.173,46.8,9.0,0.053,48.7,25.4,0.061,49.2,38.1,0.058,31.0,6.2,0.035,206.7,114.2,0.302,79.0,17.6,0.11,92.1,53.9,0.105,138.1,95.0,0.248,67.0,23.7,0.092,28.7,5.1,0.031,57.0,12.8,0.077,73.7,75.3,0.085,23.3,3.6,0.029,24.4,5.5,0.024,70.2,36.7,0.072,48.4,10.4,0.055,180.8,111.1,0.287,52.0,87.6,0.049,65.9,16.8,0.09,39.1,6.5,0.045
0132591AR,229.97,794.02,66.0,0.0,1.0,0.33,147.8,34.5,0.0,194.6,35.3,0.0,252.9,84.8,0.0,238.3,43.8,0.0,64.1,57.7,0.0,39.3,20.5,0.0,130.0,31.7,0.0,74.1,49.3,0.0,40.7,18.8,0.0,120.5,34.8,0.0,102.0,31.4,0.0,268.5,48.1,0.0,34.8,21.2,0.0,200.1,31.4,0.0,63.1,24.5,0.0,72.5,66.7,0.0,76.9,54.5,0.0,44.5,18.9,0.0,316.2,87.4,0.0,124.7,34.1,0.0,152.7,26.8,0.0,240.1,82.6,0.0,109.7,26.8,0.0,41.2,20.1,0.0,93.4,33.0,0.0,116.4,61.0,0.0,35.8,11.6,0.0,35.3,21.8,0.0,106.3,27.9,0.0,67.5,26.1,0.0,278.9,95.8,0.0,93.1,42.6,0.0,107.9,34.2,0.0,52.8,19.5,0.0
0132592AR,474.31,131.25,52544.0,1.0,0.67,0.33,97.1,34.7,0.127,117.5,37.6,0.189,152.1,100.7,0.238,136.9,45.4,0.214,44.5,39.9,0.051,26.8,12.6,0.029,80.4,25.4,0.118,53.6,36.6,0.066,28.6,13.3,0.031,78.9,24.5,0.098,63.5,24.8,0.088,154.2,54.0,0.254,23.9,16.5,0.032,108.8,45.4,0.173,43.1,16.0,0.053,49.7,49.2,0.061,47.8,48.8,0.058,31.3,13.6,0.035,188.3,118.0,0.318,76.6,23.6,0.11,83.4,50.4,0.105,132.1,89.2,0.248,61.2,26.8,0.092,28.9,12.6,0.031,58.2,25.5,0.077,63.5,77.4,0.085,26.6,9.1,0.029,24.1,13.2,0.024,55.5,37.9,0.072,48.6,18.8,0.055,167.7,113.6,0.287,48.3,83.0,0.049,63.4,24.5,0.09,38.5,12.8,0.045
0132594AR,971.48,588.78,27.0,0.0,1.0,0.83,147.8,146.6,0.0,194.6,179.7,0.0,252.9,460.0,0.0,238.3,210.4,0.0,64.1,167.0,0.0,39.3,51.3,0.0,130.0,117.5,0.0,74.1,141.0,0.0,40.7,47.5,0.0,120.5,115.2,0.0,102.0,101.6,0.0,268.5,247.1,0.0,34.8,56.7,0.0,200.1,210.0,0.0,63.1,63.7,0.0,72.5,190.7,0.0,76.9,229.6,0.0,44.5,48.5,0.0,316.2,515.4,0.0,124.7,111.5,0.0,152.7,228.4,0.0,240.1,447.8,0.0,109.7,120.2,0.0,41.2,50.6,0.0,93.4,96.1,0.0,116.4,348.3,0.0,35.8,31.2,0.0,35.3,54.3,0.0,106.3,160.4,0.0,67.5,73.8,0.0,278.9,504.4,0.0,93.1,363.5,0.0,107.9,106.7,0.0,52.8,50.4,0.0
0132605AR,893.73,221.99,41.0,1.0,1.0,1.0,147.8,137.2,0.127,194.6,166.9,0.189,252.9,423.5,0.238,238.3,197.1,0.214,64.1,167.0,0.051,39.3,51.3,0.029,130.0,117.2,0.118,74.1,141.0,0.066,40.7,47.5,0.031,120.5,115.2,0.098,102.0,101.6,0.088,268.5,228.6,0.254,34.8,56.7,0.032,200.1,185.6,0.173,63.1,63.7,0.053,72.5,190.7,0.061,76.9,217.6,0.058,44.5,48.5,0.035,316.2,470.5,0.318,124.7,111.5,0.11,152.7,190.8,0.105,240.1,412.1,0.248,109.7,114.4,0.092,41.2,50.6,0.031,93.4,96.1,0.077,116.4,316.7,0.085,35.8,31.2,0.029,35.3,54.3,0.024,106.3,145.7,0.072,67.5,73.8,0.055,278.9,454.7,0.287,93.1,302.7,0.049,107.9,106.7,0.09,52.8,50.4,0.045
0132610AR,846.08,45.12,1137.0,1.0,1.0,1.0,140.7,0.7,0.127,182.0,1.5,0.189,209.4,7.0,0.238,218.5,2.8,0.214,64.1,3.2,0.051,39.3,2.8,0.029,130.0,2.3,0.118,74.1,4.1,0.066,40.7,7.2,0.031,118.2,3.0,0.098,102.0,1.9,0.088,237.6,4.8,0.254,34.8,6.1,0.032,180.2,3.9,0.173,63.1,1.9,0.053,72.5,6.6,0.061,76.9,1.5,0.058,44.5,1.9,0.035,262.9,9.3,0.318,124.7,2.0,0.11,138.9,1.6,0.105,220.1,6.8,0.248,109.7,0.3,0.092,41.2,2.8,0.031,93.4,3.2,0.077,113.5,2.9,0.085,35.8,10.0,0.029,35.3,2.9,0.024,103.6,0.7,0.072,67.5,2.2,0.055,230.8,9.1,0.287,90.4,3.1,0.049,107.9,2.0,0.09,52.8,3.7,0.045
0132616AR,320.49,60.3,48975.0,0.0,1.0,0.0,147.8,11.9,0.0,193.8,15.6,0.0,246.7,40.0,0.0,234.9,15.0,0.0,64.1,0.0,0.0,39.3,0.0,0.0,130.0,2.7,0.0,74.1,0.0,0.0,40.7,0.0,0.0,120.5,0.7,0.0,102.0,0.8,0.0,262.4,22.2,0.0,34.8,0.0,0.0,197.1,21.9,0.0,63.1,0.0,0.0,72.5,0.0,0.0,76.9,12.9,0.0,44.5,0.0,0.0,300.8,54.9,0.0,124.7,0.6,0.0,149.2,31.7,0.0,236.7,35.7,0.0,109.7,8.7,0.0,41.2,0.0,0.0,93.4,0.0,0.0,115.7,39.1,0.0,35.8,0.0,0.0,35.3,0.0,0.0,105.6,18.0,0.0,67.5,0.0,0.0,266.9,49.5,0.0,93.1,59.9,0.0,107.9,0.8,0.0,52.8,0.0,0.0
0132618AR,773.65,330.25,1855.0,0.0,1.0,1.0,144.5,82.7,0.0,184.7,105.2,0.0,231.4,270.6,0.0,228.6,122.9,0.0,64.1,82.2,0.0,39.3,28.4,0.0,130.0,66.2,0.0,74.1,74.0,0.0,40.7,26.9,0.0,118.8,60.0,0.0,102.0,49.2,0.0,251.3,145.4,0.0,34.8,31.2,0.0,189.9,128.4,0.0,63.1,33.0,0.0,72.5,92.1,0.0,76.9,127.0,0.0,44.5,26.8,0.0,286.7,315.6,0.0,124.7,59.2,0.0,139.7,142.3,0.0,230.3,264.0,0.0,108.2,69.8,0.0,41.2,28.2,0.0,93.4,47.0,0.0,114.0,208.2,0.0,35.8,19.4,0.0,35.3,29.5,0.0,104.1,93.3,0.0,67.5,38.0,0.0,252.9,294.5,0.0,87.9,233.1,0.0,107.9,53.8,0.0,52.8,28.7,0.0
0132628AR,412.69,371.84,3277.0,0.0,1.0,0.17,147.8,73.2,0.0,194.6,88.3,0.0,252.9,217.1,0.0,238.3,101.3,0.0,64.1,86.5,0.0,39.3,25.0,0.0,130.0,61.3,0.0,74.1,74.5,0.0,40.7,23.7,0.0,120.5,58.8,0.0,102.0,52.6,0.0,268.5,116.0,0.0,34.8,27.9,0.0,200.1,102.9,0.0,63.1,31.9,0.0,72.5,97.8,0.0,76.9,120.4,0.0,44.5,24.3,0.0,316.2,237.1,0.0,124.7,56.8,0.0,152.7,113.2,0.0,240.1,216.6,0.0,109.7,61.7,0.0,41.2,24.5,0.0,93.4,48.6,0.0,116.4,174.9,0.0,35.8,12.3,0.0,35.3,26.6,0.0,106.3,81.7,0.0,67.5,39.3,0.0,278.9,235.6,0.0,93.1,189.6,0.0,107.9,54.0,0.0,52.8,24.2,0.0
0132630AR,922.29,325.76,13.0,0.0,1.0,0.83,147.8,129.2,0.0,194.6,163.7,0.0,252.9,422.8,0.0,238.3,189.2,0.0,64.1,131.0,0.0,39.3,38.7,0.0,130.0,96.1,0.0,74.1,107.8,0.0,40.7,36.1,0.0,120.5,91.5,0.0,102.0,80.4,0.0,268.5,223.4,0.0,34.8,43.9,0.0,200.1,200.1,0.0,63.1,48.5,0.0,72.5,143.7,0.0,76.9,197.8,0.0,44.5,37.0,0.0,316.2,468.4,0.0,124.7,91.3,0.0,152.7,222.0,0.0,240.1,411.4,0.0,109.7,107.2,0.0,41.2,38.4,0.0,93.4,73.3,0.0,116.4,315.3,0.0,35.8,24.2,0.0,35.3,40.8,0.0,106.3,148.4,0.0,67.5,56.0,0.0,278.9,462.9,0.0,93.1,359.7,0.0,107.9,84.7,0.0,52.8,38.6,0.0
0132641AR,968.0,577.0,58.0,0.0,1.0,0.83,147.8,146.6,0.0,194.6,179.7,0.0,252.9,460.0,0.0,238.3,210.4,0.0,64.1,167.0,0.0,39.3,51.3,0.0,130.0,117.5,0.0,74.1,141.0,0.0,40.7,47.5,0.0,120.5,115.2,0.0,102.0,101.6,0.0,268.5,247.1,0.0,34.8,56.7,0.0,200.1,210.0,0.0,63.1,63.7,0.0,72.5,190.7,0.0,76.9,229.6,0.0,44.5,48.5,0.0,316.2,515.4,0.0,124.7,111.5,0.0,152.7,228.4,0.0,240.1,447.8,0.0,109.7,120.2,0.0,41.2,50.6,0.0,93.4,96.1,0.0,116.4,348.3,0.0,35.8,31.2,0.0,35.3,54.3,0.0,106.3,160.4,0.0,67.5,73.8,0.0,278.9,504.4,0.0,93.1,363.5,0.0,107.9,106.7,0.0,52.8,50.4,0.0
0132642AR,794.88,412.08,630.0,0.0,0.67,0.83,115.1,45.5,0.0,147.3,54.7,0.0,174.8,133.1,0.0,192.7,69.2,0.0,52.5,50.5,0.0,35.7,18.0,0.0,111.9,39.1,0.0,61.3,49.0,0.0,34.0,17.1,0.0,93.0,40.1,0.0,85.7,31.7,0.0,200.4,70.5,0.0,30.0,20.3,0.0,160.0,65.2,0.0,49.1,22.6,0.0,60.8,60.8,0.0,65.2,75.5,0.0,39.3,16.0,0.0,220.1,153.7,0.0,101.9,38.0,0.0,120.9,69.1,0.0,186.8,136.8,0.0,96.9,40.4,0.0,36.2,17.9,0.0,81.7,31.2,0.0,94.5,104.1,0.0,30.9,12.1,0.0,32.0,21.4,0.0,84.5,46.5,0.0,55.6,24.9,0.0,192.7,149.2,0.0,75.9,112.8,0.0,90.8,35.0,0.0,40.1,18.1,0.0
0132644AR,879.89,114.37,30.0,1.0,1.0,0.5,147.8,64.0,0.127,194.6,78.3,0.189,252.9,199.9,0.238,238.3,99.5,0.214,64.1,84.0,0.051,39.3,29.1,0.029,130.0,56.0,0.118,74.1,79.0,0.066,40.7,22.8,0.031,120.5,57.3,0.098,102.0,50.8,0.088,268.5,117.5,0.254,34.8,26.0,0.032,200.1,100.1,0.173,63.1,34.9,0.053,72.5,99.6,0.061,76.9,108.4,0.058,44.5,23.3,0.035,316.2,244.5,0.318,124.7,54.6,0.11,152.7,125.4,0.105,240.1,207.6,0.248,109.7,55.9,0.092,41.2,28.6,0.031,93.4,47.5,0.077,116.4,161.9,0.085,35.8,15.1,0.029,35.3,30.5,0.024,106.3,74.6,0.072,67.5,41.6,0.055,278.9,233.4,0.287,93.1,205.2,0.049,107.9,51.5,0.09,52.8,25.3,0.045
0132645AR,963.92,559.44,24.0,0.0,1.0,1.0,147.8,146.6,0.0,194.6,179.7,0.0,252.9,460.0,0.0,238.3,210.4,0.0,64.1,167.0,0.0,39.3,51.3,0.0,130.0,117.5,0.0,74.1,141.0,0.0,40.7,47.5,0.0,120.5,115.2,0.0,102.0,101.6,0.0,268.5,247.1,0.0,34.8,56.7,0.0,200.1,210.0,0.0,63.1,63.7,0.0,72.5,190.7,0.0,76.9,229.6,0.0,44.5,48.5,0.0,316.2,515.4,0.0,124.7,111.5,0.0,152.7,228.4,0.0,240.1,447.8,0.0,109.7,120.2,0.0,41.2,50.6,0.0,93.4,96.1,0.0,116.4,348.3,0.0,35.8,31.2,0.0,35.3,54.3,0.0,106.3,160.4,0.0,67.5,73.8,0.0,278.9,504.4,0.0,93.1,363.5,0.0,107.9,106.7,0.0,52.8,50.4,0.0
0132646AR,182.34,625.18,259.0,0.0,1.0,0.33,147.8,82.7,0.0,194.6,101.0,0.0,252.9,271.8,0.0,238.3,118.3,0.0,64.1,78.2,0.0,39.3,20.2,0.0,130.0,59.4,0.0,74.1,59.8,0.0,40.7,17.7,0.0,120.5,52.8,0.0,102.0,48.2,0.0,268.5,143.4,0.0,34.8,18.8,0.0,200.1,137.4,0.0,63.1,25.1,0.0,72.5,86.3,0.0,76.9,119.6,0.0,44.5,19.3,0.0,316.2,316.0,0.0,124.7,51.0,0.0,152.7,167.5,0.0,240.1,260.0,0.0,109.7,67.0,0.0,41.2,20.1,0.0,93.4,44.1,0.0,116.4,207.2,0.0,35.8,11.0,0.0,35.3,20.3,0.0,106.3,98.2,0.0,67.5,31.1,0.0,278.9,306.3,0.0,93.1,266.1,0.0,107.9,50.5,0.0,52.8,20.2,0.0
0132650AR,961.14,547.73,30.0,0.0,1.0,1.0,147.8,146.6,0.0,194.6,179.7,0.0,252.9,460.0,0.0,238.3,210.4,0.0,64.1,167.0,0.0,39.3,51.3,0.0,130.0,117.5,0.0,74.1,141.0,0.0,40.7,47.5,0.0,120.5,115.2,0.0,102.0,101.6,0.0,268.5,247.1,0.0,34.8,56.7,0.0,200.1,210.0,0.0,63.1,63.7,0.0,72.5,190.7,0.0,76.9,229.6,0.0,44.5,48.5,0.0,316.2,515.4,0.0,124.7,111.5,0.0,152.7,228.4,0.0,240.1,447.8,0.0,109.7,120.2,0.0,41.2,50.6,0.0,93.4,96.1,0.0,116.4,348.3,0.0,35.8,31.2,0.0,35.3,54.3,0.0,106.3,160.4,0.0,67.5,73.8,0.0,278.9,504.4,0.0,93.1,363.5,0.0,107.9,106.7,0.0,52.8,50.4,0.0
0132655AR,216.75,800.43,155.0,0.0,1.0,0.17,147.8,32.5,0.0,194.6,33.0,0.0,252.9,79.3,0.0,238.3,42.5,0.0,64.1,56.7,0.0,39.3,13.3,0.0,130.0,33.9,0.0,74.1,45.6,0.0,40.7,11.7,0.0,120.5,33.7,0.0,102.0,32.2,0.0,268.5,42.1,0.0,34.8,14.4,0.0,200.1,28.4,0.0,63.1,18.0,0.0,72.5,59.6,0.0,76.9,56.6,0.0,44.5,11.9,0.0,316.2,79.6,0.0,124.7,33.0,0.0,152.7,19.4,0.0,240.1,79.1,0.0,109.7,30.4,0.0,41.2,12.9,0.0,93.4,32.2,0.0,116.4,61.1,0.0,35.8,7.0,0.0,35.3,15.6,0.0,106.3,24.4,0.0,67.5,24.2,0.0,278.9,78.7,0.0,93.1,30.8,0.0,107.9,31.1,0.0,52.8,12.4,0.0
0132662AR,780.77,914.76,2273.0,0.97,1.0,1.0,140.3,121.2,0.124,185.2,145.0,0.158,242.3,371.1,0.208,227.7,173.7,0.188,60.0,165.1,0.051,37.5,51.3,0.029,123.8,107.5,0.115,69.8,141.0,0.064,40.7,47.5,0.031,115.0,110.0,0.095,96.7,99.1,0.084,256.9,200.4,0.222,34.8,56.7,0.032,190.1,156.0,0.145,61.6,63.7,0.053,68.9,188.5,0.061,72.0,190.2,0.058,43.5,48.5,0.035,304.6,414.2,0.239,118.8,106.5,0.107,143.5,160.6,0.102,229.4,360.8,0.217,103.1,100.3,0.088,40.2,50.6,0.031,88.6,93.7,0.074,109.1,268.5,0.082,35.8,31.2,0.029,33.7,54.3,0.024,99.4,121.4,0.072,63.5,73.8,0.055,267.1,394.2,0.251,87.1,260.1,0.049,102.4,100.9,0.087,51.6,50.4,0.045
0132674AR,93.44,645.35,7.0,0.0,0.83,0.33,19.6,0.0,0.0,20.4,0.7,0.0,34.3,2.2,0.0,37.7,1.0,0.0,6.6,0.0,0.0,2.1,0.0,0.0,18.8,0.0,0.0,7.6,0.0,0.0,2.2,0.0,0.0,18.3,0.0,0.0,16.0,0.0,0.0,33.9,1.0,0.0,1.9,0.0,0.0,24.5,1.8,0.0,6.5,0.0,0.0,7.4,0.0,0.0,8.1,0.0,0.0,2.4,0.0,0.0,43.1,2.8,0.0,19.6,0.0,0.0,13.2,3.4,0.0,31.4,2.2,0.0,14.5,0.0,0.0,2.3,0.0,0.0,12.8,0.0,0.0,11.3,2.2,0.0,5.9,0.0,0.0,1.9,0.0,0.0,8.3,1.3,0.0,6.9,0.0,0.0,37.9,3.3,0.0,8.5,2.3,0.0,16.9,0.0,0.0,3.3,0.0,0.0
0132678AR,858.86,44.78,1321.0,1.0,1.0,1.0,143.0,0.0,0.127,189.1,0.0,0.189,224.0,0.0,0.238,229.1,0.0,0.214,64.1,0.0,0.051,39.3,1.2,0.029,130.0,0.0,0.118,74.1,0.0,0.066,40.7,3.0,0.031,120.5,0.0,0.098,102.0,0.0,0.088,247.7,0.0,0.254,34.8,2.5,0.032,182.9,0.0,0.173,63.1,0.0,0.053,72.5,0.0,0.061,76.9,0.0,0.058,44.5,2.1,0.035,280.0,0.0,0.318,124.7,0.0,0.11,136.8,0.0,0.105,230.8,0.0,0.248,109.7,0.0,0.092,41.2,1.4,0.031,93.4,0.0,0.077,116.4,0.0,0.085,35.8,11.9,0.029,35.3,2.1,0.024,106.3,0.0,0.072,67.5,0.0,0.055,246.9,0.0,0.287,89.2,0.0,0.049,107.9,0.0,0.09,52.8,1.2,0.045
0132685AR,41.93,599.02,285.0,0.0,1.0,0.67,146.5,92.9,0.0,192.8,116.3,0.0,246.3,301.7,0.0,235.1,135.3,0.0,64.1,93.0,0.0,39.3,29.1,0.0,130.0,71.9,0.0,74.1,83.7,0.0,40.7,27.6,0.0,119.3,67.7,0.0,102.0,59.4,0.0,261.5,158.5,0.0,34.8,33.6,0.0,193.2,137.6,0.0,63.1,37.8,0.0,72.5,104.1,0.0,76.9,142.6,0.0,44.5,27.6,0.0,299.7,325.8,0.0,124.7,64.7,0.0,149.1,145.3,0.0,236.8,292.0,0.0,109.7,78.4,0.0,41.2,28.7,0.0,93.4,52.7,0.0,114.8,217.8,0.0,35.8,20.7,0.0,35.3,30.7,0.0,104.8,103.6,0.0,67.5,43.7,0.0,264.3,319.9,0.0,92.5,224.8,0.0,107.9,61.3,0.0,52.8,28.8,0.0
0132686AR,816.19,985.71,295.0,0.0,1.0,0.5,141.0,53.9,0.0,183.7,60.4,0.0,240.2,157.3,0.0,226.3,74.0,0.0,62.5,65.6,0.0,39.3,22.1,0.0,123.8,43.5,0.0,72.4,55.1,0.0,40.7,21.3,0.0,115.7,43.0,0.0,96.0,38.4,0.0,254.6,83.5,0.0,34.8,26.0,0.0,188.6,70.0,0.0,61.6,26.3,0.0,68.9,71.0,0.0,72.2,78.3,0.0,44.5,21.2,0.0,301.7,177.1,0.0,117.9,38.5,0.0,142.1,80.3,0.0,227.2,152.2,0.0,103.0,44.6,0.0,41.2,21.9,0.0,88.6,36.4,0.0,108.4,119.4,0.0,35.8,14.3,0.0,35.3,21.8,0.0,98.7,55.2,0.0,65.9,28.9,0.0,264.8,171.4,0.0,85.4,128.3,0.0,101.7,41.0,0.0,52.8,22.1,0.0
0132690AR,150.77,795.15,14534.0,0.0,0.67,0.33,102.8,26.9,0.0,137.5,32.8,0.0,175.3,75.0,0.0,168.0,37.2,0.0,44.1,40.7,0.0,26.6,13.6,0.0,88.2,25.5,0.0,50.5,34.4,0.0,27.4,13.5,0.0,81.6,26.6,0.0,69.3,24.4,0.0,187.2,41.5,0.0,23.3,16.3,0.0,139.6,33.1,0.0,43.1,15.5,0.0,49.9,46.5,0.0,53.1,48.0,0.0,30.0,14.3,0.0,214.0,83.5,0.0,84.5,25.7,0.0,102.5,32.0,0.0,167.3,75.4,0.0,77.5,23.2,0.0,27.8,13.5,0.0,63.4,23.5,0.0,82.8,60.8,0.0,24.0,8.7,0.0,24.1,14.4,0.0,77.5,28.4,0.0,46.2,17.9,0.0,193.2,81.8,0.0,66.3,53.4,0.0,73.3,24.6,0.0,36.0,13.5,0.0
0132692AR,610.0,262.0,11.0,0.0,0.5,0.5,73.0,48.6,0.0,92.2,56.4,0.0,112.0,135.0,0.0,126.7,72.2,0.0,35.0,61.8,0.0,21.2,22.9,0.0,72.2,43.9,0.0,41.9,60.7,0.0,23.2,21.4,0.0,67.6,44.1,0.0,59.6,35.4,0.0,132.4,72.2,0.0,20.3,25.6,0.0,97.9,65.2,0.0,36.2,26.0,0.0,39.5,73.4,0.0,37.6,87.5,0.0,25.4,20.1,0.0,134.5,157.7,0.0,69.4,41.9,0.0,71.1,63.7,0.0,123.5,139.4,0.0,59.8,42.2,0.0,22.6,22.7,0.0,54.7,37.5,0.0,55.8,104.8,0.0,20.9,14.5,0.0,20.5,24.3,0.0,47.9,48.6,0.0,37.7,31.4,0.0,117.7,152.9,0.0,40.1,102.7,0.0,63.5,39.5,0.0,28.9,21.5,0.0
0132702AR,816.0,181.0,18.0,1.0,1.0,0.33,147.8,110.1,0.127,194.6,139.6,0.189,252.9,361.3,0.238,238.3,158.4,0.214,64.1,113.4,0.051,39.3,33.0,0.029,130.0,85.3,0.118,74.1,93.7,0.066,40.7,29.0,0.031,120.5,79.1,0.098,102.0,69.6,0.088,268.5,193.7,0.254,34.8,34.7,0.032,200.1,177.5,0.173,63.1,42.1,0.053,72.5,129.5,0.061,76.9,174.3,0.058,44.5,31.3,0.035,316.2,413.6,0.318,124.7,77.6,0.11,152.7,211.1,0.105,240.1,351.9,0.248,109.7,91.2,0.092,41.2,32.4,0.031,93.4,65.0,0.077,116.4,277.6,0.085,35.8,16.8,0.029,35.3,34.9,0.024,106.3,133.3,0.072,67.5,49.2,0.055,278.9,405.1,0.287,93.1,338.2,0.049,107.9,73.7,0.09,52.8,32.2,0.045
0132704AR,185.47,630.18,35.0,0.0,1.0,0.33,147.8,83.9,0.0,194.6,104.0,0.0,252.9,275.0,0.0,238.3,121.2,0.0,64.1,83.9,0.0,39.3,21.5,0.0,130.0,60.3,0.0,74.1,65.3,0.0,40.7,18.9,0.0,120.5,56.2,0.0,102.0,51.7,0.0,268.5,144.8,0.0,34.8,20.6,0.0,200.1,137.1,0.0,63.1,27.2,0.0,72.5,92.7,0.0,76.9,122.8,0.0,44.5,20.6,0.0,316.2,318.9,0.0,124.7,54.2,0.0,152.7,165.1,0.0,240.1,263.8,0.0,109.7,69.7,0.0,41.2,21.3,0.0,93.4,47.5,0.0,116.4,213.1,0.0,35.8,11.8,0.0,35.3,21.4,0.0,106.3,100.2,0.0,67.5,33.9,0.0,278.9,302.8,0.0,93.1,257.8,0.0,107.9,53.5,0.0,52.8,21.5,0.0
0132707AR,261.52,391.9,83.0,1.0,0.67,0.17,102.9,36.6,0.127,131.4,42.8,0.189,173.9,127.0,0.238,149.6,50.3,0.214,45.9,28.7,0.051,27.1,6.3,0.029,89.9,22.4,0.118,54.9,23.9,0.066,28.9,5.8,0.031,81.0,15.5,0.098,64.8,14.3,0.088,178.4,65.3,0.254,24.6,9.1,0.032,124.9,69.3,0.173,46.8,8.7,0.053,51.7,27.0,0.061,50.9,46.8,0.058,31.5,5.6,0.035,213.2,149.0,0.306,82.2,15.1,0.11,97.6,96.9,0.105,152.2,120.3,0.248,66.5,28.7,0.092,28.7,6.1,0.031,61.6,13.4,0.077,73.7,104.2,0.085,25.3,4.6,0.029,24.4,6.3,0.024,71.0,54.7,0.072,50.0,12.2,0.055,197.1,141.2,0.287,54.6,162.7,0.049,68.7,14.9,0.09,39.2,5.7,0.045
0132713AR,1050.17,799.11,101.0,1.0,1.0,0.83,147.8,130.9,0.127,194.6,168.3,0.189,252.9,436.2,0.238,238.3,195.0,0.214,64.1,131.0,0.051,39.3,38.7,0.029,130.0,98.1,0.118,74.1,108.5,0.066,40.7,36.1,0.031,120.5,92.1,0.098,102.0,80.4,0.088,268.5,231.4,0.254,34.8,43.9,0.032,200.1,205.7,0.173,63.1,48.8,0.053,72.5,147.3,0.061,76.9,197.8,0.058,44.5,37.0,0.035,316.2,487.8,0.318,124.7,90.3,0.11,152.7,227.4,0.105,240.1,424.5,0.248,109.7,108.7,0.092,41.2,38.4,0.031,93.4,76.5,0.077,116.4,328.9,0.085,35.8,24.2,0.029,35.3,40.8,0.024,106.3,153.1,0.072,67.5,56.4,0.055,278.9,478.4,0.287,93.1,362.7,0.049,107.9,84.7,0.09,52.8,38.6,0.045
0132717AR,492.4,382.44,26587.0,0.0,1.0,0.83,147.8,146.6,0.0,194.6,177.1,0.0,252.9,453.8,0.0,238.3,209.7,0.0,64.1,167.0,0.0,39.3,51.3,0.0,130.0,117.5,0.0,74.1,141.0,0.0,40.7,47.5,0.0,120.5,115.2,0.0,102.0,101.6,0.0,268.5,241.9,0.0,34.8,56.7,0.0,200.1,203.9,0.0,63.1,63.7,0.0,72.5,190.7,0.0,76.9,229.6,0.0,44.5,48.5,0.0,316.2,504.0,0.0,124.7,111.5,0.0,152.7,213.9,0.0,240.1,441.8,0.0,109.7,120.2,0.0,41.2,50.6,0.0,93.4,96.1,0.0,116.4,342.4,0.0,35.8,31.2,0.0,35.3,54.3,0.0,106.3,157.7,0.0,67.5,73.8,0.0,278.9,493.2,0.0,93.1,343.7,0.0,107.9,106.7,0.0,52.8,50.4,0.0
0132725AR,979.06,536.63,12.0,0.0,1.0,1.0,147.8,146.6,0.0,194.6,179.7,0.0,252.9,460.0,0.0,238.3,210.4,0.0,64.1,167.0,0.0,39.3,51.3,0.0,130.0,117.5,0.0,74.1,141.0,0.0,40.7,47.5,0.0,120.5,115.2,0.0,102.0,101.6,0.0,268.5,247.1,0.0,34.8,56.7,0.0,200.1,210.0,0.0,63.1,63.7,0.0,72.5,190.7,0.0,76.9,229.6,0.0,44.5,48.5,0.0,316.2,515.4,0.0,124.7,111.5,0.0,152.7,228.4,0.0,240.1,447.8,0.0,109.7,120.2,0.0,41.2,50.6,0.0,93.4,96.1,0.0,116.4,348.3,0.0,35.8,31.2,0.0,35.3,54.3,0.0,106.3,160.4,0.0,67.5,73.8,0.0,278.9,504.4,0.0,93.1,363.5,0.0,107.9,106.7,0.0,52.8,50.4,0.0
0132728AR,994.95,595.19,8.0,0.0,1.0,0.83,147.8,141.7,0.0,194.6,173.3,0.0,252.9,442.1,0.0,238.3,200.1,0.0,64.1,156.7,0.0,39.3,43.3,0.0,130.0,112.4,0.0,74.1,127.4,0.0,40.7,37.4,0.0,120.5,105.3,0.0,102.0,95.6,0.0,268.5,233.8,0.0,34.8,43.9,0.0,200.1,206.8,0.0,63.1,55.0,0.0,72.5,177.4,0.0,76.9,222.5,0.0,44.5,40.5,0.0,316.2,494.7,0.0,124.7,104.5,0.0,152.7,228.4,0.0,240.1,430.3,0.0,109.7,117.7,0.0,41.2,42.8,0.0,93.4,89.7,0.0,116.4,339.7,0.0,35.8,24.2,0.0,35.3,45.6,0.0,106.3,156.4,0.0,67.5,66.5,0.0,278.9,491.4,0.0,93.1,363.5,0.0,107.9,102.8,0.0,52.8,42.2,0.0
0132730AR,809.55,1022.41,14.0,0.0,0.5,0.33,87.3,61.5,0.0,118.2,71.7,0.0,149.9,161.9,0.0,143.9,86.7,0.0,32.6,87.6,0.0,19.9,25.7,0.0,78.3,61.0,0.0,39.0,82.8,0.0,21.1,19.7,0.0,65.5,62.0,0.0,54.5,53.1,0.0,161.8,87.8,0.0,18.4,27.2,0.0,123.4,59.9,0.0,33.0,35.5,0.0,36.8,95.0,0.0,44.0,108.8,0.0,23.1,21.4,0.0,192.8,170.1,0.0,67.3,59.2,0.0,97.5,44.8,0.0,148.1,169.9,0.0,66.4,53.9,0.0,21.2,25.3,0.0,50.0,48.9,0.0,69.2,116.7,0.0,18.3,10.9,0.0,17.5,27.5,0.0,62.2,50.2,0.0,35.1,43.3,0.0,166.9,160.3,0.0,56.4,63.7,0.0,58.0,57.5,0.0,27.8,22.9,0.0
0132733AR,1021.18,694.17,8.0,0.58,1.0,1.0,147.8,130.2,0.074,194.6,152.6,0.119,252.9,390.0,0.13,238.3,182.7,0.117,64.1,165.7,0.032,39.3,51.3,0.026,130.0,110.7,0.069,74.1,141.0,0.048,40.7,47.5,0.019,120.5,114.5,0.057,102.0,100.9,0.063,268.5,212.2,0.139,34.8,56.7,0.028,200.1,168.7,0.11,63.1,63.7,0.033,72.5,190.7,0.038,76.9,207.0,0.036,44.5,48.5,0.022,316.2,445.6,0.192,124.7,108.6,0.064,152.7,173.4,0.061,240.1,379.3,0.136,109.7,104.4,0.066,41.2,50.6,0.027,93.4,95.7,0.055,116.4,293.7,0.062,35.8,31.2,0.026,35.3,54.3,0.021,106.3,131.5,0.045,67.5,73.8,0.035,278.9,427.8,0.157,93.1,277.6,0.044,107.9,105.9,0.052,52.8,50.4,0.028
0132737AR,1036.74,1065.3,65.0,0.0,1.0,1.0,147.8,0.0,0.0,194.6,0.0,0.0,252.9,0.0,0.0,238.3,0.4,0.0,64.1,5.0,0.0,39.3,16.2,0.0,130.0,1.7,0.0,74.1,15.4,0.0,40.7,24.6,0.0,120.5,10.3,0.0,102.0,3.6,0.0,268.5,0.0,0.0,34.8,29.7,0.0,200.1,0.0,0.0,63.1,14.5,0.0,72.5,21.7,0.0,76.9,0.0,0.0,44.5,16.4,0.0,316.2,0.0,0.0,124.7,9.9,0.0,152.7,0.0,0.0,240.1,0.0,0.0,109.7,0.0,0.0,41.2,16.0,0.0,93.4,11.4,0.0,116.4,0.0,0.0,35.8,25.3,0.0,35.3,14.1,0.0,106.3,0.0,0.0,67.5,7.9,0.0,278.9,0.0,0.0,93.1,0.0,0.0,107.9,7.3,0.0,52.8,19.1,0.0
0132742AR,116.1,751.41,335.0,0.0,0.83,0.33,137.5,30.1,0.0,181.0,34.1,0.0,224.7,78.3,0.0,216.4,39.8,0.0,60.1,40.7,0.0,35.6,12.2,0.0,121.3,25.5,0.0,69.4,34.4,0.0,35.4,13.5,0.0,110.9,26.9,0.0,91.7,24.8,0.0,242.0,43.3,0.0,30.3,16.3,0.0,182.4,34.7,0.0,59.1,15.5,0.0,67.9,46.5,0.0,75.2,51.4,0.0,40.4,12.1,0.0,279.5,91.1,0.0,112.1,24.7,0.0,141.0,37.1,0.0,218.1,78.6,0.0,104.5,25.0,0.0,37.3,12.0,0.0,84.0,23.5,0.0,110.8,67.6,0.0,30.5,8.1,0.0,32.0,12.8,0.0,101.9,30.4,0.0,63.3,17.9,0.0,247.8,89.1,0.0,88.4,62.8,0.0,97.1,24.9,0.0,49.5,11.4,0.0
0132747AR,1022.8,700.42,5.0,0.97,1.0,0.83,147.8,135.1,0.124,194.6,163.7,0.177,252.9,416.8,0.215,238.3,191.9,0.194,64.1,161.8,0.051,39.3,47.8,0.029,130.0,112.8,0.115,74.1,134.2,0.066,40.7,45.0,0.031,120.5,111.9,0.095,102.0,98.6,0.088,268.5,223.0,0.23,34.8,55.9,0.032,200.1,183.9,0.163,63.1,61.2,0.053,72.5,186.3,0.061,76.9,213.3,0.058,44.5,46.6,0.035,316.2,464.3,0.283,124.7,107.7,0.107,152.7,192.9,0.102,240.1,405.6,0.225,109.7,111.9,0.092,41.2,48.6,0.031,93.4,93.2,0.077,116.4,311.0,0.085,35.8,28.6,0.029,35.3,52.0,0.024,106.3,144.4,0.072,67.5,70.2,0.055,278.9,449.8,0.26,93.1,304.2,0.049,107.9,105.1,0.087,52.8,47.2,0.045
0132752AR,1068.73,868.73,2694.0,1.0,1.0,0.83,147.8,111.7,0.127,194.6,136.6,0.189,252.9,352.8,0.238,238.3,161.2,0.214,64.1,125.8,0.051,39.3,38.7,0.029,130.0,89.9,0.118,74.1,107.8,0.066,40.7,36.1,0.031,120.5,88.5,0.098,102.0,77.4,0.088,268.5,188.1,0.254,34.8,43.9,0.032,200.1,159.2,0.173,63.1,48.5,0.053,72.5,143.7,0.061,76.9,172.4,0.058,44.5,37.0,0.035,316.2,398.7,0.318,124.7,85.5,0.11,152.7,171.2,0.105,240.1,342.9,0.248,109.7,91.1,0.092,41.2,38.4,0.031,93.4,73.3,0.077,116.4,261.4,0.085,35.8,24.2,0.029,35.3,40.8,0.024,106.3,120.2,0.072,67.5,56.0,0.055,278.9,387.0,0.287,93.1,271.5,0.049,107.9,81.5,0.09,52.8,38.6,0.045
0132755AR,522.62,295.03,519.0,0.0,0.67,0.17,118.8,32.6,0.0,161.0,39.2,0.0,207.8,106.8,0.0,183.4,43.8,0.0,51.0,34.2,0.0,28.6,9.0,0.0,97.7,25.0,0.0,58.8,26.2,0.0,28.1,8.0,0.0,93.3,23.5,0.0,76.4,22.0,0.0,217.0,55.9,0.0,24.0,9.5,0.0,151.7,48.8,0.0,48.8,11.8,0.0,57.6,39.0,0.0,59.9,46.8,0.0,30.7,8.6,0.0,249.2,121.0,0.0,93.6,22.7,0.0,121.9,54.7,0.0,188.7,97.9,0.0,85.3,24.5,0.0,29.9,8.8,0.0,69.9,19.7,0.0,90.7,82.7,0.0,24.6,5.2,0.0,25.8,9.5,0.0,85.3,37.7,0.0,53.6,13.7,0.0,224.3,118.1,0.0,72.2,89.3,0.0,80.8,21.8,0.0,39.2,8.8,0.0
0132761AR,296.8,60.88,48679.0,0.0,1.0,0.17,147.8,0.0,0.0,194.6,0.0,0.0,243.0,0.0,0.0,238.3,0.0,0.0,64.1,0.0,0.0,39.3,0.0,0.0,130.0,0.0,0.0,74.1,0.0,0.0,40.7,1.0,0.0,120.5,0.0,0.0,102.0,0.0,0.0,257.9,0.0,0.0,34.8,0.0,0.0,200.1,0.0,0.0,63.1,0.0,0.0,72.5,0.0,0.0,76.9,0.0,0.0,44.5,0.0,0.0,290.9,0.0,0.0,124.7,0.0,0.0,144.7,0.0,0.0,240.1,0.0,0.0,109.7,0.0,0.0,41.2,0.0,0.0,93.4,0.0,0.0,116.4,0.0,0.0,35.8,2.6,0.0,35.3,0.0,0.0,106.3,0.0,0.0,67.5,0.0,0.0,262.3,0.0,0.0,93.1,0.0,0.0,107.9,0.0,0.0,52.8,0.0,0.0
0132767AR,433.14,57.08,50397.0,0.0,1.0,0.0,142.4,0.0,0.0,182.5,0.0,0.0,211.5,0.0,0.0,225.1,0.0,0.0,64.1,0.0,0.0,39.3,0.0,0.0,130.0,0.0,0.0,74.1,0.0,0.0,40.7,0.0,0.0,117.7,0.0,0.0,102.0,0.0,0.0,238.7,0.0,0.0,34.8,0.0,0.0,181.7,0.0,0.0,63.1,0.0,0.0,72.5,0.0,0.0,76.9,0.0,0.0,44.5,0.0,0.0,264.8,0.0,0.0,124.7,0.0,0.0,142.5,0.0,0.0,222.1,0.0,0.0,109.7,0.0,0.0,41.2,0.0,0.0,93.4,0.0,0.0,116.4,0.0,0.0,35.8,0.0,0.0,35.3,0.0,0.0,106.3,0.0,0.0,67.5,0.0,0.0,233.2,0.0,0.0,92.5,0.0,0.0,107.9,0.0,0.0,52.8,0.0,0.0
0132778AR,446.32,57.11,50581.0,0.0,1.0,0.33,134.6,0.0,0.0,168.2,0.0,0.0,195.1,0.0,0.0,204.2,0.0,0.0,64.1,0.0,0.0,39.3,0.0,0.0,130.0,0.0,0.0,74.1,0.0,0.0,40.7,0.3,0.0,115.4,0.0,0.0,102.0,0.0,0.0,220.8,0.0,0.0,34.8,0.0,0.0,166.9,0.0,0.0,63.1,0.0,0.0,72.5,0.0,0.0,76.9,0.0,0.0,44.5,0.0,0.0,245.7,0.0,0.0,124.7,0.0,0.0,137.4,0.0,0.0,206.6,0.0,0.0,109.7,0.0,0.0,41.2,0.0,0.0,93.4,0.0,0.0,112.8,0.0,0.0,35.8,1.6,0.0,35.3,0.0,0.0,103.6,0.0,0.0,67.5,0.0,0.0,215.1,0.0,0.0,89.8,0.0,0.0,107.9,0.0,0.0,52.8,0.0,0.0
0132781AR,304.18,476.14,52472.0,0.0,1.0,1.0,147.8,137.0,0.0,194.6,163.9,0.0,252.9,412.6,0.0,238.3,192.5,0.0,64.1,164.4,0.0,39.3,51.3,0.0,130.0,113.8,0.0,74.1,141.0,0.0,40.7,47.5,0.0,120.5,113.5,0.0,102.0,100.1,0.0,268.5,222.4,0.0,34.8,56.7,0.0,200.1,176.0,0.0,63.1,63.7,0.0,72.5,189.9,0.0,76.9,219.7,0.0,44.5,48.5,0.0,316.2,454.0,0.0,124.7,108.6,0.0,152.7,168.1,0.0,240.1,401.5,0.0,109.7,112.5,0.0,41.2,50.6,0.0,93.4,95.7,0.0,116.4,308.0,0.0,35.8,31.2,0.0,35.3,54.3,0.0,106.3,141.7,0.0,67.5,73.8,0.0,278.9,453.5,0.0,93.1,268.3,0.0,107.9,105.1,0.0,52.8,50.4,0.0
0132782AR,179.65,818.65,9.0,0.0,1.0,0.0,147.8,16.3,0.0,194.6,18.6,0.0,252.9,50.5,0.0,238.3,24.6,0.0,64.1,11.8,0.0,39.3,0.0,0.0,130.0,10.3,0.0,74.1,4.9,0.0,40.7,0.0,0.0,120.5,9.2,0.0,102.0,7.3,0.0,268.5,25.9,0.0,34.8,0.0,0.0,200.1,25.1,0.0,63.1,2.2,0.0,72.5,13.4,0.0,76.9,27.3,0.0,44.5,0.0,0.0,316.2,56.4,0.0,124.7,9.8,0.0,152.7,17.2,0.0,240.1,53.9,0.0,109.7,14.5,0.0,41.2,0.0,0.0,93.4,6.9,0.0,116.4,38.5,0.0,35.8,0.0,0.0,35.3,0.0,0.0,106.3,16.9,0.0,67.5,2.5,0.0,278.9,54.4,0.0,93.1,24.8,0.0,107.9,6.3,0.0,52.8,0.0,0.0
0132797AR,765.63,299.37,2219.0,0.0,1.0,0.83,141.8,52.8,0.0,178.4,65.4,0.0,224.9,162.2,0.0,225.4,79.7,0.0,64.1,67.3,0.0,39.3,24.7,0.0,130.0,48.3,0.0,74.1,63.8,0.0,40.7,22.6,0.0,117.1,50.5,0.0,102.0,41.0,0.0,245.5,82.8,0.0,34.8,28.5,0.0,187.0,71.4,0.0,63.1,29.0,0.0,72.5,78.3,0.0,76.9,89.6,0.0,44.5,22.7,0.0,281.0,171.7,0.0,124.7,48.8,0.0,136.6,74.9,0.0,224.6,161.6,0.0,107.5,45.7,0.0,41.2,24.5,0.0,93.4,39.7,0.0,111.6,114.4,0.0,35.8,16.0,0.0,35.3,26.2,0.0,101.9,52.9,0.0,67.5,33.1,0.0,247.9,168.2,0.0,85.1,115.2,0.0,107.9,45.5,0.0,52.8,25.0,0.0
0132807AR,542.83,53.86,932.0,0.0,1.0,0.17,142.3,1.0,0.0,188.2,0.4,0.0,221.1,0.7,0.0,224.7,1.0,0.0,64.1,9.0,0.0,39.3,3.2,0.0,130.0,3.4,0.0,74.1,9.5,0.0,40.7,2.8,0.0,116.5,4.6,0.0,102.0,3.8,0.0,245.2,1.0,0.0,34.8,1.6,0.0,179.1,0.0,0.0,63.1,4.3,0.0,72.5,10.3,0.0,76.9,2.1,0.0,44.5,2.9,0.0,270.8,2.1,0.0,124.7,4.5,0.0,134.6,0.0,0.0,227.2,0.7,0.0,109.7,0.4,0.0,41.2,3.1,0.0,93.4,5.0,0.0,116.4,0.7,0.0,35.8,1.8,0.0,35.3,3.7,0.0,102.2,0.0,0.0,67.5,5.1,0.0,238.2,0.8,0.0,89.1,0.0,0.0,107.9,3.9,0.0,52.8,3.0,0.0
0132808AR,497.34,379.32,26779.0,0.0,1.0,0.67,147.8,143.5,0.0,193.8,173.0,0.0,250.1,439.4,0.0,235.6,205.1,0.0,64.1,167.0,0.0,39.3,51.0,0.0,130.0,117.5,0.0,74.1,141.0,0.0,40.7,47.5,0.0,120.5,114.8,0.0,102.0,101.6,0.0,265.3,236.0,0.0,34.8,56.7,0.0,198.5,193.6,0.0,63.1,63.7,0.0,72.5,190.7,0.0,76.9,226.4,0.0,44.5,48.2,0.0,312.0,486.6,0.0,124.7,111.2,0.0,149.9,200.5,0.0,237.4,428.9,0.0,109.7,117.7,0.0,41.2,50.3,0.0,93.4,96.1,0.0,116.4,330.0,0.0,35.8,31.2,0.0,35.3,54.3,0.0,105.6,152.0,0.0,67.5,73.8,0.0,275.7,480.4,0.0,93.1,316.0,0.0,107.9,106.4,0.0,52.8,50.1,0.0
0132809AR,804.23,999.77,9.0,0.0,0.67,0.5,79.1,33.1,0.0,113.3,42.8,0.0,142.0,106.7,0.0,144.4,48.6,0.0,38.1,41.5,0.0,25.3,18.6,0.0,82.5,30.6,0.0,45.7,47.6,0.0,26.9,19.1,0.0,79.1,36.5,0.0,71.1,28.7,0.0,161.9,59.7,0.0,23.4,24.9,0.0,120.0,50.3,0.0,39.9,19.9,0.0,43.0,51.7,0.0,40.5,60.2,0.0,29.4,18.0,0.0,182.8,122.2,0.0,86.0,35.2,0.0,82.7,49.5,0.0,154.3,105.4,0.0,68.4,27.3,0.0,27.0,18.4,0.0,62.1,24.8,0.0,74.2,79.7,0.0,23.5,16.1,0.0,22.3,21.0,0.0,66.3,35.6,0.0,41.0,22.3,0.0,156.6,118.9,0.0,47.8,73.0,0.0,75.6,29.4,0.0,33.6,18.5,0.0
0132820AR,456.46,94.11,70.0,1.0,0.5,0.5,43.9,15.2,0.127,58.4,22.7,0.189,78.5,59.1,0.208,83.2,29.3,0.188,22.3,19.4,0.051,18.5,8.9,0.029,47.1,16.5,0.118,26.9,20.5,0.066,19.6,7.8,0.031,41.3,16.7,0.098,39.9,11.7,0.088,90.0,28.2,0.222,17.1,11.7,0.032,67.4,22.7,0.173,22.7,9.5,0.053,25.2,22.1,0.061,21.3,26.8,0.058,21.5,7.6,0.035,99.0,59.4,0.283,45.3,16.1,0.11,42.7,23.2,0.105,83.8,60.8,0.217,39.4,14.7,0.092,19.7,8.9,0.031,36.6,11.5,0.077,38.9,31.8,0.085,17.6,5.7,0.029,16.3,9.7,0.024,33.2,13.6,0.072,24.1,10.5,0.055,86.6,57.1,0.251,20.2,28.5,0.049,39.0,14.5,0.09,23.5,9.0,0.045
0132826AR,101.24,452.49,2646.0,0.0,0.83,0.33,146.5,40.9,0.0,192.8,49.3,0.0,246.3,129.5,0.0,234.3,57.4,0.0,64.1,44.1,0.0,39.3,13.1,0.0,129.2,32.2,0.0,74.1,41.3,0.0,40.7,11.7,0.0,119.3,30.9,0.0,100.6,26.8,0.0,261.5,69.2,0.0,34.8,15.6,0.0,193.9,64.6,0.0,63.1,17.4,0.0,72.5,49.4,0.0,76.9,61.9,0.0,44.5,11.3,0.0,307.9,151.4,0.0,123.0,28.4,0.0,148.4,75.1,0.0,236.0,125.4,0.0,109.7,32.1,0.0,41.2,13.0,0.0,92.1,25.4,0.0,116.4,101.6,0.0,34.4,7.2,0.0,35.3,14.5,0.0,106.3,49.8,0.0,67.5,21.4,0.0,271.6,146.1,0.0,91.8,130.4,0.0,106.5,27.3,0.0,52.8,11.8,0.0
0132830AR,483.02,55.91,145.0,0.0,1.0,0.17,145.1,0.0,0.0,188.4,0.0,0.0,227.5,2.1,0.0,232.2,0.0,0.0,64.1,0.0,0.0,39.3,0.0,0.0,130.0,0.0,0.0,74.1,0.0,0.0,40.7,1.3,0.0,117.7,0.0,0.0,102.0,0.0,0.0,250.2,1.1,0.0,34.8,0.0,0.0,190.8,1.4,0.0,63.1,0.0,0.0,72.5,0.0,0.0,76.9,0.0,0.0,44.5,0.0,0.0,266.5,2.2,0.0,124.7,0.0,0.0,142.5,5.8,0.0,232.3,0.8,0.0,109.7,0.0,0.0,41.2,0.0,0.0,93.4,0.0,0.0,115.7,0.0,0.0,35.8,2.2,0.0,35.3,0.0,0.0,105.6,0.0,0.0,67.5,0.0,0.0,238.8,2.2,0.0,92.4,3.8,0.0,107.9,0.0,0.0,52.8,0.0,0.0
0132837AR,790.52,393.69,18.0,0.0,0.83,0.83,115.5,48.6,0.0,154.9,66.9,0.0,186.4,160.6,0.0,193.2,75.4,0.0,52.8,65.5,0.0,33.4,25.0,0.0,109.0,47.1,0.0,58.4,63.7,0.0,32.0,22.0,0.0,99.0,51.9,0.0,90.4,43.2,0.0,209.4,84.6,0.0,28.0,26.7,0.0,168.1,73.4,0.0,47.6,28.6,0.0,59.9,77.4,0.0,64.6,87.3,0.0,35.0,23.7,0.0,241.1,174.7,0.0,107.9,49.1,0.0,127.6,72.0,0.0,194.6,164.6,0.0,96.0,44.6,0.0,33.6,24.8,0.0,80.0,39.2,0.0,101.2,117.4,0.0,28.2,15.3,0.0,29.8,26.6,0.0,91.6,52.9,0.0,52.8,33.0,0.0,205.5,169.4,0.0,79.7,118.9,0.0,95.7,46.8,0.0,40.4,25.8,0.0
0132847AR,307.8,481.63,52185.0,0.0,1.0,1.0,147.8,111.4,0.0,194.6,133.8,0.0,252.9,339.2,0.0,238.3,159.9,0.0,64.1,142.6,0.0,39.3,50.6,0.0,130.0,95.1,0.0,74.1,130.1,0.0,40.7,47.5,0.0,120.5,98.1,0.0,102.0,87.2,0.0,268.5,185.8,0.0,34.8,56.7,0.0,200.1,141.4,0.0,63.1,60.3,0.0,72.5,162.8,0.0,76.9,174.3,0.0,44.5,47.9,0.0,316.2,384.6,0.0,124.7,94.8,0.0,152.7,142.4,0.0,240.1,329.7,0.0,109.7,90.3,0.0,41.2,48.9,0.0,93.4,82.5,0.0,116.4,251.1,0.0,35.8,31.2,0.0,35.3,52.4,0.0,106.3,113.8,0.0,67.5,68.0,0.0,278.9,370.3,0.0,93.1,226.4,0.0,107.9,87.0,0.0,52.8,49.8,0.0
0132860AR,89.73,710.37,2665.0,0.0,0.83,0.17,141.0,36.6,0.0,182.8,43.0,0.0,226.8,107.3,0.0,221.4,50.2,0.0,62.1,43.3,0.0,37.8,13.0,0.0,120.6,29.5,0.0,71.8,33.5,0.0,39.2,12.7,0.0,112.3,28.3,0.0,94.6,26.5,0.0,244.5,56.3,0.0,33.5,14.8,0.0,185.9,50.3,0.0,61.1,14.4,0.0,70.2,48.7,0.0,74.4,56.6,0.0,42.8,13.0,0.0,283.4,118.1,0.0,115.6,27.4,0.0,140.4,51.2,0.0,223.1,107.6,0.0,104.5,30.8,0.0,39.6,12.9,0.0,86.6,24.7,0.0,112.4,88.0,0.0,32.5,7.5,0.0,34.0,13.8,0.0,102.6,39.8,0.0,65.4,17.5,0.0,250.0,115.2,0.0,87.9,90.1,0.0,100.1,26.2,0.0,51.2,12.3,0.0
0132861AR,999.94,694.12,16.0,0.0,1.0,1.0,146.5,29.0,0.0,189.5,35.9,0.0,238.9,86.2,0.0,233.6,44.6,0.0,64.1,34.3,0.0,39.3,17.1,0.0,130.0,26.9,0.0,74.1,30.9,0.0,40.7,17.9,0.0,120.5,27.1,0.0,102.0,20.8,0.0,261.2,47.9,0.0,34.8,18.7,0.0,195.1,43.5,0.0,63.1,16.6,0.0,72.5,43.7,0.0,76.9,54.7,0.0,44.5,12.7,0.0,299.3,105.7,0.0,124.7,26.2,0.0,152.7,45.3,0.0,235.4,88.0,0.0,109.7,24.6,0.0,41.2,16.9,0.0,93.4,22.1,0.0,116.4,69.3,0.0,35.8,17.5,0.0,35.3,18.7,0.0,106.3,30.2,0.0,67.5,16.1,0.0,264.1,103.1,0.0,93.1,71.5,0.0,107.9,23.3,0.0,52.8,15.2,0.0
0132866AR,936.46,459.05,94.0,0.0,1.0,1.0,147.8,146.6,0.0,194.6,179.7,0.0,252.9,460.0,0.0,238.3,210.4,0.0,64.1,167.0,0.0,39.3,51.3,0.0,130.0,117.5,0.0,74.1,141.0,0.0,40.7,47.5,0.0,120.5,115.2,0.0,102.0,101.6,0.0,268.5,247.1,0.0,34.8,56.7,0.0,200.1,210.0,0.0,63.1,63.7,0.0,72.5,190.7,0.0,76.9,229.6,0.0,44.5,48.5,0.0,316.2,515.4,0.0,124.7,111.5,0.0,152.7,228.4,0.0,240.1,447.8,0.0,109.7,120.2,0.0,41.2,50.6,0.0,93.4,96.1,0.0,116.4,348.3,0.0,35.8,31.2,0.0,35.3,54.3,0.0,106.3,160.4,0.0,67.5,73.8,0.0,278.9,504.4,0.0,93.1,363.5,0.0,107.9,106.7,0.0,52.8,50.4,0.0
0132869AR,451.97,390.66,22.0,0.0,1.0,0.17,147.8,114.7,0.0,194.6,141.4,0.0,252.9,365.7,0.0,238.3,164.1,0.0,64.1,122.3,0.0,39.3,27.6,0.0,130.0,87.4,0.0,74.1,93.7,0.0,40.7,25.7,0.0,120.5,81.0,0.0,102.0,72.9,0.0,268.5,193.1,0.0,34.8,28.7,0.0,200.1,171.8,0.0,63.1,41.4,0.0,72.5,132.8,0.0,76.9,177.1,0.0,44.5,27.8,0.0,312.0,415.1,0.0,124.7,81.8,0.0,152.7,185.4,0.0,240.1,355.3,0.0,109.7,92.1,0.0,41.2,27.3,0.0,93.4,67.5,0.0,116.4,282.9,0.0,35.8,12.4,0.0,35.3,28.1,0.0,106.3,131.1,0.0,67.5,48.5,0.0,278.9,408.1,0.0,93.1,304.9,0.0,107.9,75.7,0.0,52.8,26.6,0.0
0132870AR,891.19,722.33,6.0,1.0,1.0,0.5,147.8,119.4,0.127,194.6,149.2,0.189,252.9,382.1,0.238,238.3,171.9,0.214,64.1,125.5,0.051,39.3,34.6,0.029,130.0,93.2,0.118,74.1,98.2,0.066,40.7,28.7,0.031,120.5,87.6,0.098,102.0,77.9,0.088,268.5,208.1,0.254,34.8,34.4,0.032,200.1,178.0,0.173,63.1,43.0,0.053,72.5,141.5,0.061,76.9,183.6,0.058,44.5,31.1,0.035,316.2,432.4,0.318,124.7,86.5,0.11,152.7,199.9,0.105,240.1,371.8,0.248,109.7,97.7,0.092,41.2,33.6,0.031,93.4,70.4,0.077,116.4,290.0,0.085,35.8,18.3,0.029,35.3,35.7,0.024,106.3,133.8,0.072,67.5,51.1,0.055,278.9,426.8,0.287,93.1,315.4,0.049,107.9,81.9,0.09,52.8,32.4,0.045
0132871AR,1091.8,955.67,100.0,0.17,1.0,0.5,147.8,131.9,0.021,194.6,164.0,0.039,252.3,425.1,0.052,238.3,188.4,0.047,64.1,122.1,0.003,39.3,32.1,0.0,130.0,98.9,0.02,74.1,93.4,0.008,40.7,31.3,0.002,120.5,89.4,0.016,102.0,75.9,0.011,267.8,223.5,0.056,34.8,37.9,0.0,200.1,197.8,0.035,63.1,41.4,0.003,72.5,141.4,0.004,76.9,206.0,0.004,44.5,32.1,0.002,315.3,478.0,0.09,124.7,86.5,0.018,152.7,219.4,0.017,240.1,412.9,0.054,109.7,107.9,0.011,41.2,32.9,0.0,93.4,71.8,0.009,116.4,322.6,0.01,35.8,23.8,0.0,35.3,34.9,0.0,106.3,148.9,0.004,67.5,48.5,0.003,278.1,470.6,0.063,93.1,344.4,0.0,107.9,85.2,0.015,52.8,33.5,0.003
0132886AR,298.07,746.03,674.0,0.0,0.5,0.33,62.7,54.4,0.0,82.2,62.0,0.0,108.4,150.1,0.0,107.9,75.2,0.0,26.4,59.3,0.0,18.4,15.5,0.0,62.2,43.2,0.0,31.5,52.2,0.0,20.4,12.2,0.0,55.8,44.2,0.0,47.2,41.0,0.0,120.6,78.0,0.0,17.7,14.6,0.0,86.8,64.4,0.0,25.4,21.7,0.0,29.8,68.9,0.0,32.0,93.1,0.0,23.0,12.9,0.0,139.7,151.0,0.0,58.3,38.9,0.0,69.8,60.8,0.0,108.6,152.4,0.0,51.4,48.3,0.0,19.6,15.3,0.0,43.4,33.7,0.0,51.3,113.6,0.0,18.3,8.9,0.0,16.2,16.4,0.0,47.1,52.8,0.0,28.4,27.4,0.0,121.8,152.3,0.0,37.7,105.4,0.0,50.3,40.8,0.0,24.0,13.6,0.0
0132892AR,223.22,797.27,85.0,0.0,1.0,0.17,147.8,33.3,0.0,194.6,35.2,0.0,252.9,86.3,0.0,238.3,44.1,0.0,64.1,59.0,0.0,39.3,20.3,0.0,130.0,34.5,0.0,74.1,52.0,0.0,40.7,17.8,0.0,120.5,37.9,0.0,102.0,33.6,0.0,268.5,46.5,0.0,34.8,20.9,0.0,200.1,29.7,0.0,63.1,24.7,0.0,72.5,68.9,0.0,76.9,61.9,0.0,44.5,18.2,0.0,316.2,82.1,0.0,124.7,36.2,0.0,152.7,23.2,0.0,240.1,82.0,0.0,109.7,30.4,0.0,41.2,20.0,0.0,93.4,34.2,0.0,116.4,60.4,0.0,35.8,11.4,0.0,35.3,21.3,0.0,106.3,29.3,0.0,67.5,27.4,0.0,278.9,88.3,0.0,93.1,36.6,0.0,107.9,36.2,0.0,52.8,20.0,0.0
0132902AR,862.63,121.11,8.0,1.0,0.83,0.33,147.8,47.9,0.127,194.6,58.0,0.189,251.5,146.5,0.238,237.0,64.7,0.214,64.1,56.7,0.051,39.3,19.9,0.029,128.7,37.2,0.118,73.2,50.3,0.066,39.7,18.1,0.031,119.2,37.2,0.098,102.0,34.2,0.088,266.9,79.8,0.254,34.1,21.8,0.032,200.1,69.9,0.173,62.4,22.9,0.053,72.5,65.7,0.061,76.9,79.9,0.058,44.0,18.5,0.035,315.5,162.8,0.318,123.4,35.3,0.11,152.7,98.6,0.105,238.7,142.6,0.248,109.7,38.9,0.092,40.7,19.4,0.031,93.4,32.3,0.077,116.4,115.5,0.085,35.1,11.9,0.029,35.3,21.2,0.024,106.3,55.7,0.072,66.7,26.8,0.055,278.9,165.6,0.287,93.1,152.1,0.049,107.9,35.7,0.09,52.2,19.0,0.045
0132905AR,61.72,550.7,1398.0,0.0,0.83,0.5,102.3,52.7,0.0,134.0,60.3,0.0,166.1,151.5,0.0,157.2,67.1,0.0,51.6,61.8,0.0,34.1,16.7,0.0,96.7,39.1,0.0,64.1,52.4,0.0,38.0,14.9,0.0,91.1,39.8,0.0,76.1,36.9,0.0,169.6,79.0,0.0,32.8,19.9,0.0,124.1,71.7,0.0,54.5,22.1,0.0,58.7,65.7,0.0,53.8,76.7,0.0,39.5,15.9,0.0,201.2,171.6,0.0,95.3,38.1,0.0,79.2,83.1,0.0,159.1,144.7,0.0,74.3,42.2,0.0,36.4,16.6,0.0,71.0,33.7,0.0,76.1,121.5,0.0,34.4,9.6,0.0,30.5,16.1,0.0,70.3,57.8,0.0,55.6,27.5,0.0,176.8,166.5,0.0,48.7,140.8,0.0,80.8,38.0,0.0,46.3,16.8,0.0
0132920AR,842.48,541.04,4620.0,0.0,1.0,1.0,147.8,137.6,0.0,194.6,167.6,0.0,252.9,422.8,0.0,238.3,195.8,0.0,64.1,149.0,0.0,39.3,45.0,0.0,130.0,104.9,0.0,74.1,124.7,0.0,40.7,45.0,0.0,120.5,104.3,0.0,102.0,92.2,0.0,268.5,225.6,0.0,34.8,55.1,0.0,200.1,183.1,0.0,63.1,56.9,0.0,72.5,170.1,0.0,76.9,217.5,0.0,44.5,43.7,0.0,316.2,470.4,0.0,124.7,100.9,0.0,152.7,177.3,0.0,240.1,412.2,0.0,109.7,112.6,0.0,41.2,44.5,0.0,93.4,86.1,0.0,116.4,320.8,0.0,35.8,31.2,0.0,35.3,47.5,0.0,106.3,143.3,0.0,67.5,65.1,0.0,278.9,463.4,0.0,93.1,279.6,0.0,107.9,96.9,0.0,52.8,45.5,0.0
0132927AR,613.56,276.02,75.0,0.0,0.67,0.5,73.5,21.1,0.0,93.8,26.1,0.0,117.7,70.0,0.0,128.2,39.6,0.0,33.0,36.5,0.0,22.6,21.6,0.0,78.2,24.4,0.0,39.6,41.7,0.0,24.7,19.7,0.0,65.7,30.1,0.0,57.6,22.0,0.0,136.0,39.0,0.0,21.5,22.7,0.0,103.6,28.2,0.0,35.5,20.4,0.0,37.3,46.3,0.0,38.2,34.2,0.0,27.0,20.5,0.0,148.3,76.5,0.0,71.1,27.1,0.0,69.6,26.5,0.0,126.7,73.9,0.0,61.0,19.2,0.0,24.1,21.5,0.0,52.9,23.9,0.0,60.2,40.3,0.0,22.2,13.0,0.0,19.9,22.7,0.0,53.8,18.8,0.0,35.6,19.9,0.0,129.8,74.0,0.0,39.5,36.5,0.0,61.3,25.8,0.0,30.5,21.8,0.0
0132928AR,1010.49,653.85,6.0,0.58,1.0,0.83,147.8,129.8,0.074,194.6,157.6,0.116,252.9,409.4,0.13,238.3,188.5,0.117,64.1,135.5,0.032,39.3,38.7,0.023,130.0,99.8,0.069,74.1,113.9,0.045,40.7,36.1,0.019,120.5,96.1,0.057,102.0,85.0,0.06,268.5,218.1,0.139,34.8,43.9,0.025,200.1,195.2,0.106,63.1,49.4,0.033,72.5,154.7,0.038,76.9,200.6,0.036,44.5,37.0,0.022,316.2,467.0,0.181,124.7,92.9,0.064,152.7,221.6,0.061,240.1,398.3,0.136,109.7,103.7,0.062,41.2,38.4,0.024,93.4,78.6,0.052,116.4,311.7,0.058,35.8,24.2,0.023,35.3,40.8,0.018,106.3,146.1,0.045,67.5,59.3,0.035,278.9,458.8,0.157,93.1,355.1,0.038,107.9,89.4,0.052,52.8,38.6,0.028
0132931AR,920.48,320.26,17.0,0.0,1.0,0.83,147.8,136.1,0.0,194.6,167.9,0.0,252.9,433.2,0.0,238.3,198.4,0.0,64.1,138.1,0.0,39.3,39.4,0.0,130.0,102.9,0.0,74.1,115.9,0.0,40.7,36.1,0.0,120.5,99.1,0.0,102.0,87.6,0.0,268.5,229.3,0.0,34.8,43.9,0.0,200.1,205.7,0.0,63.1,50.7,0.0,72.5,159.1,0.0,76.9,211.2,0.0,44.5,37.0,0.0,316.2,488.5,0.0,124.7,95.1,0.0,152.7,228.4,0.0,240.1,421.6,0.0,109.7,110.5,0.0,41.2,39.1,0.0,93.4,80.7,0.0,116.4,332.5,0.0,35.8,24.2,0.0,35.3,41.5,0.0,106.3,156.7,0.0,67.5,60.4,0.0,278.9,484.9,0.0,93.1,363.5,0.0,107.9,92.2,0.0,52.8,38.6,0.0
0132935AR,959.41,542.01,36.0,0.0,1.0,1.0,147.8,146.6,0.0,194.6,179.7,0.0,252.9,460.0,0.0,238.3,210.4,0.0,64.1,167.0,0.0,39.3,51.3,0.0,130.0,117.5,0.0,74.1,141.0,0.0,40.7,47.5,0.0,120.5,115.2,0.0,102.0,101.6,0.0,268.5,247.1,0.0,34.8,56.7,0.0,200.1,210.0,0.0,63.1,63.7,0.0,72.5,190.7,0.0,76.9,229.6,0.0,44.5,48.5,0.0,316.2,515.4,0.0,124.7,111.5,0.0,152.7,228.4,0.0,240.1,447.8,0.0,109.7,120.2,0.0,41.2,50.6,0.0,93.4,96.1,0.0,116.4,348.3,0.0,35.8,31.2,0.0,35.3,54.3,0.0,106.3,160.4,0.0,67.5,73.8,0.0,278.9,504.4,0.0,93.1,363.5,0.0,107.9,106.7,0.0,52.8,50.4,0.0
0132936AR,926.89,343.24,10.0,0.0,1.0,0.83,147.8,112.7,0.0,194.6,142.7,0.0,252.9,378.8,0.0,238.3,167.4,0.0,64.1,125.8,0.0,39.3,38.7,0.0,130.0,89.9,0.0,74.1,107.8,0.0,40.7,36.1,0.0,120.5,88.5,0.0,102.0,77.4,0.0,268.5,201.0,0.0,34.8,43.9,0.0,200.1,184.2,0.0,63.1,48.5,0.0,72.5,143.7,0.0,76.9,172.4,0.0,44.5,37.0,0.0,316.2,437.3,0.0,124.7,85.5,0.0,152.7,214.5,0.0,240.1,368.4,0.0,109.7,91.4,0.0,41.2,38.4,0.0,93.4,73.3,0.0,116.4,285.1,0.0,35.8,24.2,0.0,35.3,40.8,0.0,106.3,131.1,0.0,67.5,56.0,0.0,278.9,430.3,0.0,93.1,343.7,0.0,107.9,81.5,0.0,52.8,38.6,0.0
0132937AR,512.38,277.11,805.0,0.0,0.67,0.33,116.4,43.7,0.0,151.3,47.9,0.0,194.7,126.5,0.0,175.3,59.8,0.0,50.2,45.9,0.0,27.3,13.9,0.0,96.3,31.6,0.0,55.0,41.7,0.0,27.4,14.0,0.0,90.3,30.4,0.0,74.8,28.5,0.0,202.6,68.7,0.0,23.3,16.9,0.0,145.9,57.1,0.0,46.9,18.1,0.0,53.4,56.9,0.0,58.2,62.5,0.0,30.7,14.7,0.0,237.7,147.2,0.0,92.3,29.4,0.0,111.7,60.9,0.0,176.6,119.3,0.0,81.8,32.9,0.0,28.5,13.7,0.0,69.9,26.6,0.0,87.5,98.4,0.0,24.0,9.9,0.0,24.7,14.7,0.0,81.1,45.6,0.0,50.2,21.7,0.0,214.7,143.3,0.0,68.3,101.5,0.0,79.2,28.1,0.0,39.2,13.8,0.0
0132938AR,945.67,412.57,21.0,0.0,1.0,0.83,147.8,138.2,0.0,194.6,171.1,0.0,252.9,442.1,0.0,238.3,197.1,0.0,64.1,133.6,0.0,39.3,38.7,0.0,130.0,101.8,0.0,74.1,108.5,0.0,40.7,36.1,0.0,120.5,95.4,0.0,102.0,85.0,0.0,268.5,233.1,0.0,34.8,43.9,0.0,200.1,207.9,0.0,63.1,48.8,0.0,72.5,150.3,0.0,76.9,212.6,0.0,44.5,37.0,0.0,316.2,498.8,0.0,124.7,93.2,0.0,152.7,228.4,0.0,240.1,430.3,0.0,109.7,111.6,0.0,41.2,38.4,0.0,93.4,77.5,0.0,116.4,338.2,0.0,35.8,24.2,0.0,35.3,40.8,0.0,106.3,156.7,0.0,67.5,57.1,0.0,278.9,493.0,0.0,93.1,363.5,0.0,107.9,90.6,0.0,52.8,38.6,0.0
0132939AR,48.75,582.11,443.0,0.0,0.83,0.83,144.9,92.9,0.0,188.4,117.7,0.0,238.2,290.3,0.0,230.4,140.7,0.0,62.5,117.0,0.0,37.5,37.4,0.0,124.7,80.4,0.0,69.8,101.5,0.0,36.9,38.0,0.0,114.5,82.2,0.0,98.9,70.3,0.0,254.1,160.9,0.0,31.4,44.0,0.0,195.2,130.4,0.0,59.4,45.4,0.0,70.1,132.8,0.0,76.9,149.7,0.0,41.9,36.9,0.0,296.5,336.2,0.0,119.6,80.7,0.0,145.5,149.2,0.0,230.8,285.9,0.0,109.7,78.7,0.0,38.7,37.0,0.0,90.6,70.0,0.0,114.8,220.4,0.0,32.3,26.7,0.0,33.7,39.4,0.0,104.8,103.6,0.0,65.9,52.8,0.0,262.6,318.2,0.0,90.5,233.3,0.0,104.7,74.1,0.0,49.8,38.4,0.0
0132944AR,159.55,806.36,13933.0,0.0,0.67,0.17,114.7,22.4,0.0,152.0,27.3,0.0,190.5,65.0,0.0,179.1,29.4,0.0,52.5,27.5,0.0,31.9,8.7,0.0,101.6,18.6,0.0,60.0,23.7,0.0,31.4,8.0,0.0,90.6,19.4,0.0,78.6,17.2,0.0,199.9,33.8,0.0,27.9,9.5,0.0,157.1,28.4,0.0,51.2,10.7,0.0,59.3,32.3,0.0,63.1,38.2,0.0,34.3,8.2,0.0,237.6,68.7,0.0,95.7,18.8,0.0,118.8,28.8,0.0,182.2,63.3,0.0,85.3,18.4,0.0,33.3,8.6,0.0,71.9,15.9,0.0,93.3,51.8,0.0,25.3,5.2,0.0,29.0,9.2,0.0,87.4,24.2,0.0,54.9,12.5,0.0,210.1,68.8,0.0,77.2,51.9,0.0,83.0,18.0,0.0,42.5,8.5,0.0
0132945AR,788.65,387.18,900.0,0.0,0.83,0.83,126.3,51.3,0.0,161.1,66.4,0.0,191.4,159.4,0.0,200.0,78.7,0.0,59.4,65.6,0.0,39.3,23.6,0.0,120.4,45.9,0.0,66.1,60.1,0.0,37.3,22.0,0.0,106.8,50.0,0.0,96.5,40.8,0.0,217.3,83.9,0.0,33.5,24.3,0.0,170.2,72.6,0.0,58.9,28.0,0.0,67.1,73.8,0.0,68.3,89.9,0.0,42.9,21.6,0.0,244.7,175.0,0.0,115.5,48.2,0.0,127.4,72.8,0.0,201.5,162.9,0.0,97.3,46.7,0.0,39.7,23.5,0.0,88.4,37.8,0.0,103.3,119.5,0.0,34.4,13.7,0.0,35.3,24.8,0.0,92.2,54.9,0.0,60.1,31.2,0.0,215.7,169.9,0.0,77.6,119.7,0.0,102.2,44.8,0.0,48.8,23.7,0.0
0132954AR,863.56,105.16,545591.0,1.0,0.33,0.17,53.6,18.9,0.127,72.8,26.8,0.189,96.4,66.4,0.238,91.6,30.4,0.214,24.1,30.2,0.051,15.3,9.5,0.029,47.4,18.4,0.118,28.6,22.3,0.066,16.1,9.2,0.031,44.2,16.1,0.098,38.3,14.8,0.088,102.7,38.0,0.254,14.0,12.0,0.032,80.3,30.3,0.173,24.9,10.8,0.053,27.2,30.1,0.061,27.2,31.2,0.058,17.6,9.0,0.035,121.3,74.2,0.314,47.1,18.0,0.11,56.9,35.0,0.105,92.2,65.0,0.248,41.9,18.0,0.092,16.2,9.2,0.031,35.1,14.6,0.077,42.7,52.4,0.085,13.1,6.5,0.029,13.5,10.1,0.024,41.4,19.9,0.072,25.8,12.0,0.055,106.3,73.8,0.287,32.6,53.2,0.049,40.7,15.3,0.09,20.5,9.2,0.045
0132955AR,170.46,819.91,13305.0,0.0,1.0,0.17,143.0,19.7,0.0,188.3,21.0,0.0,237.3,51.1,0.0,232.7,23.7,0.0,64.1,26.7,0.0,39.3,8.0,0.0,130.0,16.1,0.0,74.1,22.4,0.0,40.7,7.7,0.0,118.8,15.4,0.0,102.0,13.7,0.0,256.4,24.8,0.0,34.8,9.5,0.0,194.0,22.7,0.0,63.1,9.6,0.0,72.5,27.0,0.0,76.0,31.8,0.0,44.5,7.5,0.0,294.1,51.5,0.0,124.7,14.9,0.0,141.1,21.8,0.0,234.4,49.8,0.0,108.9,16.2,0.0,41.2,7.9,0.0,93.4,13.6,0.0,115.6,40.8,0.0,35.8,5.2,0.0,35.3,8.5,0.0,105.5,19.2,0.0,67.5,11.8,0.0,259.5,50.5,0.0,89.2,40.4,0.0,107.9,14.3,0.0,52.8,7.8,0.0
0132961AR,457.55,128.14,35.0,0.94,0.5,0.33,33.9,7.5,0.12,45.3,13.6,0.181,65.1,39.2,0.197,69.8,18.3,0.177,16.6,8.7,0.051,15.7,4.6,0.029,39.4,8.7,0.112,20.1,9.4,0.066,16.7,4.1,0.031,36.1,9.3,0.093,31.3,5.0,0.088,76.1,19.2,0.211,13.9,7.0,0.032,56.2,18.5,0.166,17.0,4.9,0.053,18.7,9.9,0.061,13.8,13.0,0.058,18.2,3.4,0.035,82.1,42.3,0.271,38.7,9.0,0.104,32.8,19.0,0.099,70.2,38.8,0.206,29.5,7.0,0.092,16.7,4.6,0.031,28.7,5.1,0.077,29.5,17.2,0.085,14.3,3.4,0.029,13.8,5.2,0.024,24.6,7.9,0.072,18.0,4.8,0.055,71.8,40.6,0.237,14.6,23.2,0.049,33.3,6.8,0.085,18.2,4.7,0.045
0132965AR,878.26,138.76,28.0,1.0,1.0,0.83,147.8,146.6,0.127,194.6,179.7,0.189,252.9,460.0,0.238,238.3,210.4,0.214,64.1,167.0,0.051,39.3,50.3,0.029,130.0,117.5,0.118,74.1,139.6,0.066,40.7,44.9,0.031,120.5,115.2,0.098,102.0,100.9,0.088,268.5,247.1,0.254,34.8,55.6,0.032,200.1,210.0,0.173,63.1,63.1,0.053,72.5,189.4,0.061,76.9,229.6,0.058,44.5,45.9,0.035,316.2,515.4,0.318,124.7,111.5,0.11,152.7,228.4,0.105,240.1,447.8,0.248,109.7,120.2,0.092,41.2,49.6,0.031,93.4,95.4,0.077,116.4,348.3,0.085,35.8,27.2,0.029,35.3,53.2,0.024,106.3,160.4,0.072,67.5,73.8,0.055,278.9,504.4,0.287,93.1,363.5,0.049,107.9,106.7,0.09,52.8,49.4,0.045
0132968AR,571.17,53.26,1283.0,0.0,1.0,0.5,141.1,0.0,0.0,186.0,0.0,0.0,215.4,0.0,0.0,223.6,0.0,0.0,64.1,0.0,0.0,39.3,0.0,0.0,129.4,0.0,0.0,74.1,0.0,0.0,40.7,2.0,0.0,118.2,0.0,0.0,102.0,0.0,0.0,243.4,0.0,0.0,34.8,1.9,0.0,185.2,0.0,0.0,63.1,0.0,0.0,72.5,0.0,0.0,76.9,0.0,0.0,44.5,0.0,0.0,256.5,0.0,0.0,124.7,0.0,0.0,142.3,0.0,0.0,225.2,0.0,0.0,109.7,0.0,0.0,41.2,0.0,0.0,93.4,0.0,0.0,115.6,0.0,0.0,35.8,3.2,0.0,35.3,0.6,0.0,105.5,0.0,0.0,67.5,0.0,0.0,225.8,0.0,0.0,91.7,0.0,0.0,107.9,0.0,0.0,52.8,1.5,0.0
0132971AR,879.89,162.86,33.0,1.0,1.0,1.0,147.8,146.6,0.127,194.6,179.7,0.189,252.9,460.0,0.238,238.3,210.4,0.214,64.1,167.0,0.051,39.3,51.3,0.029,130.0,117.5,0.118,74.1,141.0,0.066,40.7,47.5,0.031,120.5,115.2,0.098,102.0,101.6,0.088,268.5,247.1,0.254,34.8,56.7,0.032,200.1,210.0,0.173,63.1,63.7,0.053,72.5,190.7,0.061,76.9,229.6,0.058,44.5,48.5,0.035,316.2,515.4,0.318,124.7,111.5,0.11,152.7,228.4,0.105,240.1,447.8,0.248,109.7,120.2,0.092,41.2,50.6,0.031,93.4,96.1,0.077,116.4,348.3,0.085,35.8,31.2,0.029,35.3,54.3,0.024,106.3,160.4,0.072,67.5,73.8,0.055,278.9,504.4,0.287,93.1,363.5,0.049,107.9,106.7,0.09,52.8,50.4,0.045
0132972AR,1070.43,874.77,71.0,1.0,1.0,0.83,147.8,111.7,0.127,194.6,136.6,0.189,252.9,352.8,0.238,238.3,161.2,0.214,64.1,125.8,0.051,39.3,38.7,0.029,130.0,89.9,0.118,74.1,107.8,0.066,40.7,36.1,0.031,120.5,88.5,0.098,102.0,77.4,0.088,268.5,188.1,0.254,34.8,43.9,0.032,200.1,159.2,0.173,63.1,48.5,0.053,72.5,143.7,0.061,76.9,172.4,0.058,44.5,37.0,0.035,316.2,398.7,0.318,124.7,85.5,0.11,152.7,172.9,0.105,240.1,342.9,0.248,109.7,91.1,0.092,41.2,38.4,0.031,93.4,73.3,0.077,116.4,261.4,0.085,35.8,24.2,0.029,35.3,40.8,0.024,106.3,120.2,0.072,67.5,56.0,0.055,278.9,387.0,0.287,93.1,273.8,0.049,107.9,81.5,0.09,52.8,38.6,0.045
0132978AR,803.05,390.75,206144.0,0.0,1.0,1.0,147.8,115.2,0.0,194.6,136.6,0.0,252.9,345.0,0.0,238.3,163.2,0.0,64.1,146.4,0.0,39.3,51.3,0.0,130.0,98.1,0.0,74.1,133.5,0.0,40.7,47.5,0.0,120.5,103.0,0.0,102.0,89.5,0.0,268.5,187.1,0.0,34.8,56.7,0.0,200.1,149.3,0.0,63.1,62.8,0.0,72.5,173.0,0.0,76.9,179.4,0.0,44.5,48.5,0.0,316.2,389.3,0.0,124.7,96.7,0.0,152.7,155.5,0.0,240.1,335.3,0.0,109.7,92.1,0.0,41.2,50.6,0.0,93.4,84.7,0.0,116.4,258.5,0.0,35.8,31.2,0.0,35.3,54.3,0.0,106.3,118.8,0.0,67.5,69.8,0.0,278.9,377.4,0.0,93.1,250.1,0.0,107.9,93.3,0.0,52.8,50.4,0.0
0132981AR,985.58,559.83,7.0,0.0,1.0,0.83,147.8,134.0,0.0,194.6,167.9,0.0,252.9,433.2,0.0,238.3,192.3,0.0,64.1,130.3,0.0,39.3,38.7,0.0,130.0,96.4,0.0,74.1,109.8,0.0,40.7,36.1,0.0,120.5,92.5,0.0,102.0,81.9,0.0,268.5,227.2,0.0,34.8,43.9,0.0,200.1,207.5,0.0,63.1,49.1,0.0,72.5,148.8,0.0,76.9,204.9,0.0,44.5,37.0,0.0,316.2,485.0,0.0,124.7,89.4,0.0,152.7,228.4,0.0,240.1,421.6,0.0,109.7,110.1,0.0,41.2,38.4,0.0,93.4,75.8,0.0,116.4,332.5,0.0,35.8,24.2,0.0,35.3,40.8,0.0,106.3,157.0,0.0,67.5,57.1,0.0,278.9,484.9,0.0,93.1,363.5,0.0,107.9,86.3,0.0,52.8,38.6,0.0
0132983AR,870.89,215.73,1697.0,1.0,1.0,1.0,140.9,141.6,0.127,185.5,170.4,0.189,243.7,417.5,0.238,230.2,192.4,0.214,62.8,143.4,0.051,39.3,33.7,0.029,124.8,107.8,0.118,72.5,114.0,0.066,40.7,25.6,0.031,116.0,99.9,0.098,100.0,85.8,0.088,258.7,220.3,0.254,34.8,30.3,0.032,191.9,187.7,0.173,61.8,50.9,0.053,70.9,162.2,0.061,72.0,222.0,0.058,44.5,28.9,0.035,304.6,455.2,0.318,122.2,98.8,0.11,143.3,178.8,0.105,230.3,414.8,0.248,105.3,117.2,0.092,41.2,33.2,0.031,92.1,81.1,0.077,110.0,326.3,0.085,35.8,15.0,0.029,35.3,37.6,0.024,100.4,146.1,0.072,66.1,63.2,0.055,268.7,448.2,0.287,86.6,290.9,0.049,105.8,93.0,0.09,51.7,32.1,0.045
0132992AR,1082.6,920.89,203.0,1.0,1.0,0.83,147.8,111.7,0.127,194.6,136.6,0.189,252.9,352.8,0.238,238.3,161.2,0.214,64.1,125.8,0.051,39.3,38.7,0.029,130.0,89.9,0.118,74.1,107.8,0.066,40.7,36.1,0.031,120.5,88.5,0.098,102.0,77.4,0.088,268.5,188.1,0.254,34.8,43.9,0.032,200.1,159.6,0.173,63.1,48.5,0.053,72.5,143.7,0.061,76.9,172.4,0.058,44.5,37.0,0.035,316.2,398.7,0.318,124.7,85.5,0.11,152.7,180.4,0.105,240.1,342.9,0.248,109.7,91.1,0.092,41.2,38.4,0.031,93.4,73.3,0.077,116.4,261.4,0.085,35.8,24.2,0.029,35.3,40.8,0.024,106.3,120.2,0.072,67.5,56.0,0.055,278.9,387.0,0.287,93.1,283.7,0.049,107.9,81.5,0.09,52.8,38.6,0.045
0132996AR,191.04,640.3,11.0,0.0,1.0,0.33,147.8,80.6,0.0,194.6,100.7,0.0,252.9,271.8,0.0,238.3,117.2,0.0,64.1,80.6,0.0,39.3,23.1,0.0,130.0,60.4,0.0,74.1,65.3,0.0,40.7,21.3,0.0,120.5,57.8,0.0,102.0,52.1,0.0,268.5,146.5,0.0,34.8,26.0,0.0,200.1,133.4,0.0,63.1,28.6,0.0,72.5,89.7,0.0,76.9,117.7,0.0,44.5,21.8,0.0,316.2,317.6,0.0,124.7,55.8,0.0,152.7,157.9,0.0,240.1,266.3,0.0,109.7,65.4,0.0,41.2,22.9,0.0,93.4,45.9,0.0,116.4,205.7,0.0,35.8,14.3,0.0,35.3,23.7,0.0,106.3,94.5,0.0,67.5,33.8,0.0,278.9,305.7,0.0,93.1,255.3,0.0,107.9,53.5,0.0,52.8,22.8,0.0
0132999AR,192.54,849.03,41.0,0.0,0.67,0.0,127.1,9.3,0.0,166.5,10.4,0.0,206.8,31.6,0.0,194.6,14.7,0.0,56.1,10.1,0.0,32.0,0.9,0.0,110.1,8.7,0.0,64.8,6.2,0.0,31.7,1.1,0.0,100.5,4.4,0.0,83.8,4.6,0.0,222.1,15.3,0.0,27.1,1.7,0.0,161.8,15.7,0.0,53.9,2.7,0.0,63.4,9.8,0.0,69.0,10.9,0.0,34.7,1.2,0.0,249.0,31.9,0.0,102.4,4.2,0.0,124.6,22.1,0.0,198.5,31.3,0.0,94.2,8.4,0.0,33.5,0.9,0.0,76.7,5.0,0.0,100.1,19.9,0.0,27.8,0.3,0.0,28.8,1.0,0.0,91.8,9.5,0.0,59.1,3.3,0.0,224.8,31.2,0.0,78.3,38.3,0.0,88.6,4.0,0.0,42.9,0.9,0.0
0133005AR,1085.33,1065.41,15.0,0.28,1.0,0.83,147.8,71.2,0.035,194.6,75.5,0.058,252.9,180.5,0.078,238.3,102.5,0.07,64.1,133.5,0.01,39.3,48.5,0.003,130.0,84.0,0.033,74.1,124.0,0.016,40.7,47.5,0.006,120.5,96.4,0.027,102.0,82.5,0.021,268.5,98.5,0.083,34.8,56.7,0.004,200.1,57.4,0.053,63.1,58.4,0.01,72.5,163.5,0.011,76.9,131.9,0.011,44.5,48.2,0.007,316.2,184.5,0.11,124.7,87.0,0.031,152.7,32.7,0.029,240.1,184.0,0.081,109.7,61.3,0.022,41.2,47.9,0.003,93.4,78.4,0.018,116.4,117.7,0.021,35.8,31.2,0.003,35.3,51.3,0.003,106.3,48.5,0.013,67.5,64.7,0.01,278.9,178.9,0.094,93.1,36.8,0.005,107.9,86.8,0.025,52.8,47.8,0.008
0133007AR,518.0,366.25,9.0,0.0,1.0,0.83,147.8,128.0,0.0,194.6,152.0,0.0,252.9,384.8,0.0,238.3,181.3,0.0,64.1,160.6,0.0,39.3,51.3,0.0,130.0,108.4,0.0,74.1,138.9,0.0,40.7,45.0,0.0,120.5,109.9,0.0,102.0,97.9,0.0,268.5,205.5,0.0,34.8,55.1,0.0,200.1,166.3,0.0,63.1,63.1,0.0,72.5,184.8,0.0,76.9,202.7,0.0,44.5,47.3,0.0,316.2,416.2,0.0,124.7,105.7,0.0,152.7,164.6,0.0,240.1,378.1,0.0,109.7,105.2,0.0,41.2,50.6,0.0,93.4,92.9,0.0,116.4,278.5,0.0,35.8,28.6,0.0,35.3,54.3,0.0,106.3,128.3,0.0,67.5,72.7,0.0,278.9,412.8,0.0,93.1,249.6,0.0,107.9,102.8,0.0,52.8,49.1,0.0
0133010AR,618.45,971.06,832.0,0.0,0.5,0.0,123.9,0.0,0.0,173.4,0.0,0.0,212.8,0.0,0.0,180.3,0.0,0.0,55.2,0.0,0.0,28.0,0.0,0.0,101.2,0.0,0.0,63.5,0.0,0.0,23.9,0.0,0.0,96.0,0.0,0.0,77.6,0.0,0.0,221.6,0.0,0.0,20.2,0.0,0.0,168.7,0.0,0.0,54.1,0.0,0.0,62.4,0.0,0.0,68.5,0.0,0.0,26.8,0.0,0.0,262.2,0.0,0.0,97.0,0.0,0.0,138.3,1.0,0.0,192.7,0.0,0.0,89.2,0.0,0.0,29.2,0.0,0.0,71.0,0.0,0.0,100.1,0.0,0.0,20.7,0.0,0.0,25.3,0.0,0.0,95.6,0.0,0.0,58.0,0.0,0.0,234.6,0.0,0.0,87.6,0.0,0.0,84.1,0.0,0.0,41.5,0.0,0.0
0133013AR,524.59,54.39,693.0,0.0,1.0,0.17,147.8,15.5,0.0,186.4,19.1,0.0,220.9,49.2,0.0,230.6,25.7,0.0,64.1,16.1,0.0,39.3,4.5,0.0,130.0,14.1,0.0,74.1,13.9,0.0,40.7,5.3,0.0,120.5,18.0,0.0,102.0,12.0,0.0,248.5,24.7,0.0,34.8,8.6,0.0,193.2,19.5,0.0,63.1,5.6,0.0,72.5,21.3,0.0,76.9,29.2,0.0,44.5,4.0,0.0,277.3,49.8,0.0,124.7,15.8,0.0,147.6,19.4,0.0,229.8,49.2,0.0,109.7,13.4,0.0,41.2,4.5,0.0,93.4,9.1,0.0,116.4,27.5,0.0,35.8,7.5,0.0,35.3,4.8,0.0,106.3,12.6,0.0,67.5,7.3,0.0,244.3,48.1,0.0,93.1,23.9,0.0,107.9,14.5,0.0,52.8,8.1,0.0
0133014AR,908.08,273.84,22.0,0.0,1.0,1.0,147.8,146.6,0.0,194.6,179.7,0.0,252.9,460.0,0.0,238.3,210.4,0.0,64.1,167.0,0.0,39.3,51.3,0.0,130.0,117.5,0.0,74.1,141.0,0.0,40.7,47.5,0.0,120.5,115.2,0.0,102.0,101.6,0.0,268.5,247.1,0.0,34.8,56.7,0.0,200.1,210.0,0.0,63.1,63.7,0.0,72.5,190.7,0.0,76.9,229.6,0.0,44.5,48.5,0.0,316.2,515.4,0.0,124.7,111.5,0.0,152.7,228.4,0.0,240.1,447.8,0.0,109.7,120.2,0.0,41.2,50.6,0.0,93.4,96.1,0.0,116.4,348.3,0.0,35.8,31.2,0.0,35.3,54.3,0.0,106.3,160.4,0.0,67.5,73.8,0.0,278.9,504.4,0.0,93.1,363.5,0.0,107.9,106.7,0.0,52.8,50.4,0.0
0133016AR,817.85,447.33,205576.0,0.0,1.0,1.0,147.8,122.9,0.0,194.6,150.5,0.0,252.9,383.8,0.0,238.3,179.0,0.0,64.1,148.3,0.0,39.3,51.3,0.0,130.0,101.5,0.0,74.1,132.2,0.0,40.7,47.5,0.0,120.5,101.7,0.0,102.0,90.7,0.0,268.5,207.7,0.0,34.8,56.7,0.0,200.1,170.8,0.0,63.1,60.3,0.0,72.5,168.6,0.0,76.9,186.5,0.0,44.5,48.5,0.0,316.2,434.4,0.0,124.7,98.7,0.0,152.7,184.1,0.0,240.1,373.3,0.0,109.7,100.1,0.0,41.2,50.6,0.0,93.4,85.4,0.0,116.4,288.0,0.0,35.8,31.2,0.0,35.3,53.1,0.0,106.3,132.5,0.0,67.5,69.1,0.0,278.9,420.4,0.0,93.1,292.0,0.0,107.9,92.2,0.0,52.8,50.4,0.0
0133025AR,190.07,235.73,258.0,0.0,0.83,0.17,95.7,43.9,0.0,119.6,48.8,0.0,152.0,118.2,0.0,142.1,55.0,0.0,47.9,52.4,0.0,31.5,16.9,0.0,83.9,35.7,0.0,56.3,47.2,0.0,32.2,14.6,0.0,88.4,33.9,0.0,72.8,32.1,0.0,160.5,60.3,0.0,27.6,18.2,0.0,104.4,51.6,0.0,47.8,19.4,0.0,53.5,59.1,0.0,47.8,67.9,0.0,36.1,16.6,0.0,184.5,134.5,0.0,86.8,34.3,0.0,76.5,45.2,0.0,143.1,115.3,0.0,67.6,34.9,0.0,33.3,16.8,0.0,66.7,30.4,0.0,63.7,97.0,0.0,30.5,8.8,0.0,28.1,16.6,0.0,58.2,43.5,0.0,51.0,23.4,0.0,161.7,130.0,0.0,43.8,77.6,0.0,77.2,32.9,0.0,42.6,17.0,0.0
0133027AR,840.47,45.36,1136.0,1.0,1.0,1.0,143.5,16.2,0.127,182.6,16.9,0.189,215.0,44.1,0.238,227.0,20.2,0.214,64.1,24.8,0.051,39.3,8.5,0.029,128.7,11.6,0.118,74.1,22.2,0.066,40.7,16.9,0.031,118.7,16.7,0.098,102.0,13.9,0.088,240.1,26.1,0.254,34.8,26.3,0.032,188.6,17.4,0.173,63.1,13.2,0.053,72.5,29.8,0.061,76.9,21.6,0.058,44.5,11.4,0.035,269.7,52.1,0.318,123.4,14.0,0.11,143.8,16.4,0.105,222.1,37.5,0.248,109.7,9.3,0.092,41.2,8.4,0.031,93.4,15.4,0.077,113.4,29.7,0.085,35.8,18.6,0.029,35.3,9.1,0.024,103.5,13.7,0.072,67.5,11.6,0.055,237.1,53.8,0.287,92.4,26.3,0.049,107.9,14.4,0.09,52.8,13.9,0.045
0133037AR,194.51,224.37,400.0,0.0,0.67,0.33,97.4,35.3,0.0,123.6,39.1,0.0,149.3,99.4,0.0,146.3,45.9,0.0,47.6,46.3,0.0,29.8,12.3,0.0,93.5,27.6,0.0,57.8,37.6,0.0,30.3,14.6,0.0,86.3,28.4,0.0,71.8,27.4,0.0,159.0,50.1,0.0,27.6,17.6,0.0,113.4,40.1,0.0,51.1,17.8,0.0,55.1,50.0,0.0,51.6,51.8,0.0,33.2,13.6,0.0,184.5,104.8,0.0,88.2,26.6,0.0,81.1,41.1,0.0,142.3,93.7,0.0,70.3,27.9,0.0,30.5,12.2,0.0,67.2,26.7,0.0,67.3,73.5,0.0,27.6,9.5,0.0,26.6,11.5,0.0,60.4,34.4,0.0,52.4,19.5,0.0,164.7,101.4,0.0,48.6,71.8,0.0,76.2,27.1,0.0,40.7,13.4,0.0
0133044AR,383.84,524.78,18.0,0.0,1.0,1.0,147.8,97.6,0.0,194.6,111.8,0.0,252.9,278.3,0.0,238.3,131.3,0.0,64.1,139.8,0.0,39.3,49.9,0.0,130.0,88.3,0.0,74.1,128.3,0.0,40.7,47.2,0.0,120.5,94.9,0.0,102.0,86.2,0.0,268.5,142.6,0.0,34.8,56.7,0.0,200.1,108.0,0.0,63.1,58.0,0.0,72.5,162.4,0.0,76.9,158.3,0.0,44.5,48.2,0.0,316.2,290.6,0.0,124.7,89.9,0.0,152.7,88.0,0.0,240.1,262.2,0.0,109.7,79.0,0.0,41.2,49.3,0.0,93.4,81.5,0.0,116.4,205.9,0.0,35.8,31.2,0.0,35.3,51.7,0.0,106.3,89.1,0.0,67.5,64.2,0.0,278.9,288.0,0.0,93.1,149.6,0.0,107.9,86.2,0.0,52.8,49.1,0.0
0133045AR,981.29,623.84,134.0,0.0,1.0,0.83,147.8,146.6,0.0,194.6,179.7,0.0,252.9,460.0,0.0,238.3,210.4,0.0,64.1,167.0,0.0,39.3,51.3,0.0,130.0,117.5,0.0,74.1,141.0,0.0,40.7,47.5,0.0,120.5,115.2,0.0,102.0,101.6,0.0,268.5,247.1,0.0,34.8,56.7,0.0,200.1,210.0,0.0,63.1,63.7,0.0,72.5,190.7,0.0,76.9,229.6,0.0,44.5,48.5,0.0,316.2,515.4,0.0,124.7,111.5,0.0,152.7,228.4,0.0,240.1,447.8,0.0,109.7,120.2,0.0,41.2,50.6,0.0,93.4,96.1,0.0,116.4,348.3,0.0,35.8,31.2,0.0,35.3,54.3,0.0,106.3,160.4,0.0,67.5,73.8,0.0,278.9,504.4,0.0,93.1,363.5,0.0,107.9,106.7,0.0,52.8,50.4,0.0
0133049AR,483.09,388.15,24082.0,0.0,1.0,1.0,147.8,146.6,0.0,194.6,179.7,0.0,252.9,458.6,0.0,238.3,210.4,0.0,64.1,167.0,0.0,39.3,51.3,0.0,130.0,117.5,0.0,74.1,141.0,0.0,40.7,47.5,0.0,120.5,115.2,0.0,102.0,101.6,0.0,268.5,246.0,0.0,34.8,56.7,0.0,200.1,207.4,0.0,63.1,63.7,0.0,72.5,190.7,0.0,76.9,229.6,0.0,44.5,48.5,0.0,316.2,510.1,0.0,124.7,111.5,0.0,152.7,211.3,0.0,240.1,447.8,0.0,109.7,120.2,0.0,41.2,50.6,0.0,93.4,96.1,0.0,116.4,347.5,0.0,35.8,31.2,0.0,35.3,54.3,0.0,106.3,159.7,0.0,67.5,73.8,0.0,278.9,498.6,0.0,93.1,342.8,0.0,107.9,106.7,0.0,52.8,50.4,0.0
0133051AR,330.45,422.87,183.0,0.0,1.0,0.0,147.8,71.6,0.0,194.6,97.3,0.0,252.9,245.5,0.0,238.3,102.0,0.0,64.1,50.9,0.0,39.3,10.8,0.0,130.0,47.9,0.0,74.1,40.2,0.0,40.7,9.5,0.0,120.5,39.8,0.0,102.0,35.1,0.0,268.5,132.8,0.0,34.8,11.8,0.0,200.1,128.4,0.0,63.1,16.4,0.0,72.5,59.6,0.0,76.9,109.7,0.0,44.5,11.0,0.0,316.2,278.2,0.0,124.7,39.6,0.0,152.7,163.7,0.0,240.1,244.2,0.0,109.7,61.3,0.0,41.2,10.5,0.0,93.4,29.3,0.0,116.4,200.7,0.0,35.8,5.7,0.0,35.3,13.5,0.0,106.3,97.8,0.0,67.5,23.2,0.0,278.9,269.1,0.0,93.1,266.7,0.0,107.9,38.6,0.0,52.8,11.2,0.0
0133055AR,895.68,58.08,547437.0,1.0,0.5,1.0,47.3,64.3,0.127,53.1,87.8,0.189,77.3,213.6,0.227,85.5,101.8,0.204,19.0,74.6,0.051,17.7,26.3,0.029,56.1,56.5,0.118,23.0,72.2,0.066,20.3,26.1,0.031,51.3,58.3,0.098,40.4,48.0,0.088,90.9,117.0,0.242,17.7,31.1,0.032,66.5,99.5,0.173,22.1,33.7,0.053,21.4,89.9,0.061,21.3,111.2,0.058,20.6,24.3,0.035,97.4,245.6,0.306,54.0,56.4,0.11,42.0,106.5,0.105,82.9,215.9,0.237,38.5,60.2,0.092,18.9,26.1,0.031,37.1,45.7,0.077,35.8,163.5,0.085,19.6,17.2,0.029,15.6,28.0,0.024,28.4,74.8,0.072,20.6,36.1,0.055,85.2,231.6,0.273,16.8,165.5,0.049,46.5,52.1,0.09,20.8,26.6,0.045
0133058AR,1025.96,712.17,5.0,1.0,1.0,0.83,147.8,142.4,0.127,194.6,175.4,0.189,252.9,450.3,0.238,238.3,201.5,0.214,64.1,143.8,0.051,39.3,38.7,0.029,130.0,107.0,0.118,74.1,112.5,0.066,40.7,36.1,0.031,120.5,98.4,0.098,102.0,88.0,0.088,268.5,237.3,0.254,34.8,43.9,0.032,200.1,209.6,0.173,63.1,49.4,0.053,72.5,162.8,0.061,76.9,215.5,0.058,44.5,37.0,0.035,316.2,505.0,0.318,124.7,98.7,0.11,152.7,227.4,0.105,240.1,438.4,0.248,109.7,116.6,0.092,41.2,38.4,0.031,93.4,82.5,0.077,116.4,346.8,0.085,35.8,24.2,0.029,35.3,40.8,0.024,106.3,159.7,0.072,67.5,58.5,0.055,278.9,502.8,0.287,93.1,363.5,0.049,107.9,95.7,0.09,52.8,38.6,0.045
0133060AR,914.23,297.1,21.0,0.0,1.0,1.0,147.8,146.6,0.0,194.6,179.7,0.0,252.9,460.0,0.0,238.3,210.4,0.0,64.1,167.0,0.0,39.3,51.3,0.0,130.0,117.5,0.0,74.1,141.0,0.0,40.7,47.5,0.0,120.5,115.2,0.0,102.0,101.6,0.0,268.5,247.1,0.0,34.8,56.7,0.0,200.1,210.0,0.0,63.1,63.7,0.0,72.5,190.7,0.0,76.9,229.6,0.0,44.5,48.5,0.0,316.2,515.4,0.0,124.7,111.5,0.0,152.7,228.4,0.0,240.1,447.8,0.0,109.7,120.2,0.0,41.2,50.6,0.0,93.4,96.1,0.0,116.4,348.3,0.0,35.8,31.2,0.0,35.3,54.3,0.0,106.3,160.4,0.0,67.5,73.8,0.0,278.9,504.4,0.0,93.1,363.5,0.0,107.9,106.7,0.0,52.8,50.4,0.0
0133064AR,808.21,409.29,9.0,0.0,1.0,1.0,147.8,114.5,0.0,194.6,137.3,0.0,252.9,349.6,0.0,238.3,163.2,0.0,64.1,145.8,0.0,39.3,51.3,0.0,130.0,97.4,0.0,74.1,132.8,0.0,40.7,47.5,0.0,120.5,103.3,0.0,102.0,89.1,0.0,268.5,189.5,0.0,34.8,56.7,0.0,200.1,152.1,0.0,63.1,62.8,0.0,72.5,173.8,0.0,76.9,179.4,0.0,44.5,48.5,0.0,316.2,392.0,0.0,124.7,96.4,0.0,152.7,155.8,0.0,240.1,339.8,0.0,109.7,91.8,0.0,41.2,50.6,0.0,93.4,87.9,0.0,116.4,257.8,0.0,35.8,31.2,0.0,35.3,54.3,0.0,106.3,118.1,0.0,67.5,69.4,0.0,278.9,378.0,0.0,93.1,248.6,0.0,107.9,93.7,0.0,52.8,50.4,0.0
0133074AR,812.52,481.58,193918.0,0.0,1.0,0.83,147.8,146.6,0.0,194.6,179.7,0.0,252.9,460.0,0.0,238.3,210.4,0.0,64.1,167.0,0.0,39.3,51.3,0.0,130.0,117.5,0.0,74.1,141.0,0.0,40.7,47.5,0.0,120.5,115.2,0.0,102.0,101.6,0.0,268.5,247.1,0.0,34.8,56.7,0.0,200.1,210.0,0.0,63.1,63.7,0.0,72.5,190.7,0.0,76.9,229.6,0.0,44.5,48.5,0.0,316.2,515.4,0.0,124.7,111.5,0.0,152.7,228.4,0.0,240.1,447.8,0.0,109.7,120.2,0.0,41.2,50.6,0.0,93.4,96.1,0.0,116.4,348.3,0.0,35.8,31.2,0.0,35.3,54.3,0.0,106.3,160.4,0.0,67.5,73.8,0.0,278.9,504.4,0.0,93.1,363.5,0.0,107.9,106.7,0.0,52.8,50.4,0.0
0133078AR,957.87,536.19,29.0,0.0,1.0,1.0,147.8,146.6,0.0,194.6,179.7,0.0,252.9,460.0,0.0,238.3,210.4,0.0,64.1,167.0,0.0,39.3,51.3,0.0,130.0,117.5,0.0,74.1,141.0,0.0,40.7,47.5,0.0,120.5,115.2,0.0,102.0,101.6,0.0,268.5,247.1,0.0,34.8,56.7,0.0,200.1,210.0,0.0,63.1,63.7,0.0,72.5,190.7,0.0,76.9,229.6,0.0,44.5,48.5,0.0,316.2,515.4,0.0,124.7,111.5,0.0,152.7,228.4,0.0,240.1,447.8,0.0,109.7,120.2,0.0,41.2,50.6,0.0,93.4,96.1,0.0,116.4,348.3,0.0,35.8,31.2,0.0,35.3,54.3,0.0,106.3,160.4,0.0,67.5,73.8,0.0,278.9,504.4,0.0,93.1,363.5,0.0,107.9,106.7,0.0,52.8,50.4,0.0
0133080AR,878.51,144.65,98.0,1.0,1.0,0.83,147.8,146.6,0.127,194.6,179.7,0.189,252.9,460.0,0.238,238.3,210.4,0.214,64.1,167.0,0.051,39.3,51.3,0.029,130.0,117.5,0.118,74.1,141.0,0.066,40.7,47.5,0.031,120.5,115.2,0.098,102.0,101.6,0.088,268.5,247.1,0.254,34.8,56.7,0.032,200.1,210.0,0.173,63.1,63.7,0.053,72.5,190.7,0.061,76.9,229.6,0.058,44.5,48.5,0.035,316.2,515.4,0.318,124.7,111.5,0.11,152.7,228.4,0.105,240.1,447.8,0.248,109.7,120.2,0.092,41.2,50.6,0.031,93.4,96.1,0.077,116.4,348.3,0.085,35.8,30.2,0.029,35.3,54.3,0.024,106.3,160.4,0.072,67.5,73.8,0.055,278.9,504.4,0.287,93.1,363.5,0.049,107.9,106.7,0.09,52.8,50.4,0.045
0133081AR,487.57,385.37,24131.0,0.0,1.0,1.0,147.8,146.6,0.0,194.6,179.7,0.0,252.9,460.0,0.0,238.3,210.4,0.0,64.1,167.0,0.0,39.3,51.3,0.0,130.0,117.5,0.0,74.1,141.0,0.0,40.7,47.5,0.0,120.5,115.2,0.0,102.0,101.6,0.0,268.5,247.1,0.0,34.8,56.7,0.0,200.1,209.6,0.0,63.1,63.7,0.0,72.5,190.7,0.0,76.9,229.6,0.0,44.5,48.5,0.0,316.2,514.0,0.0,124.7,111.5,0.0,152.7,222.8,0.0,240.1,447.8,0.0,109.7,120.2,0.0,41.2,50.6,0.0,93.4,96.1,0.0,116.4,348.3,0.0,35.8,31.2,0.0,35.3,54.3,0.0,106.3,160.4,0.0,67.5,73.8,0.0,278.9,503.7,0.0,93.1,361.2,0.0,107.9,106.7,0.0,52.8,50.4,0.0
0133084AR,935.05,452.79,102.0,0.0,1.0,1.0,147.8,146.6,0.0,194.6,179.7,0.0,252.9,460.0,0.0,238.3,210.4,0.0,64.1,167.0,0.0,39.3,51.3,0.0,130.0,117.5,0.0,74.1,141.0,0.0,40.7,47.5,0.0,120.5,115.2,0.0,102.0,101.6,0.0,268.5,247.1,0.0,34.8,56.7,0.0,200.1,210.0,0.0,63.1,63.7,0.0,72.5,190.7,0.0,76.9,229.6,0.0,44.5,48.5,0.0,316.2,515.4,0.0,124.7,111.5,0.0,152.7,228.4,0.0,240.1,447.8,0.0,109.7,120.2,0.0,41.2,50.6,0.0,93.4,96.1,0.0,116.4,348.3,0.0,35.8,31.2,0.0,35.3,54.3,0.0,106.3,160.4,0.0,67.5,73.8,0.0,278.9,504.4,0.0,93.1,363.5,0.0,107.9,106.7,0.0,52.8,50.4,0.0
0133086AR,783.25,207.79,38.0,1.0,1.0,1.0,147.8,146.6,0.127,194.6,179.7,0.189,252.9,460.0,0.238,238.3,210.4,0.214,64.1,167.0,0.051,39.3,51.3,0.029,130.0,117.5,0.118,74.1,141.0,0.066,40.7,47.5,0.031,120.5,115.2,0.098,102.0,101.6,0.088,268.5,247.1,0.254,34.8,56.7,0.032,200.1,210.0,0.173,63.1,63.7,0.053,72.5,190.7,0.061,76.9,229.6,0.058,44.5,48.5,0.035,316.2,515.4,0.318,124.7,111.5,0.11,152.7,228.4,0.105,240.1,447.8,0.248,109.7,120.2,0.092,41.2,50.6,0.031,93.4,96.1,0.077,116.4,348.3,0.085,35.8,31.2,0.029,35.3,54.3,0.024,106.3,160.4,0.072,67.5,73.8,0.055,278.9,504.4,0.287,93.1,363.5,0.049,107.9,106.7,0.09,52.8,50.4,0.045
0133099AR,725.48,48.66,3193.0,0.0,1.0,1.0,144.3,0.0,0.0,190.2,0.0,0.0,234.0,0.0,0.0,229.5,0.0,0.0,64.1,0.0,0.0,39.3,2.3,0.0,129.4,0.0,0.0,74.1,0.0,0.0,40.7,6.8,0.0,119.3,0.0,0.0,102.0,0.0,0.0,248.8,0.0,0.0,34.8,6.4,0.0,195.8,0.0,0.0,63.1,0.0,0.0,72.5,0.0,0.0,76.0,0.0,0.0,44.5,3.6,0.0,293.9,0.0,0.0,124.0,0.0,0.0,145.5,0.0,0.0,231.2,0.0,0.0,108.9,0.0,0.0,41.2,2.3,0.0,93.4,0.0,0.0,114.8,0.0,0.0,35.8,16.6,0.0,35.3,3.9,0.0,104.9,0.0,0.0,67.5,0.0,0.0,258.0,0.0,0.0,92.4,0.0,0.0,107.9,0.0,0.0,52.8,6.1,0.0
0133101AR,727.09,305.87,11329.0,0.0,1.0,0.5,147.8,121.0,0.0,194.6,148.5,0.0,252.9,380.7,0.0,238.3,171.2,0.0,64.1,128.9,0.0,39.3,36.3,0.0,130.0,94.9,0.0,74.1,107.4,0.0,40.7,32.7,0.0,120.5,89.6,0.0,102.0,78.4,0.0,268.5,204.3,0.0,34.8,38.8,0.0,200.1,174.5,0.0,63.1,46.7,0.0,72.5,147.2,0.0,76.9,189.5,0.0,44.5,34.7,0.0,316.2,428.8,0.0,124.7,86.8,0.0,152.7,189.9,0.0,240.1,370.0,0.0,109.7,99.1,0.0,41.2,35.7,0.0,93.4,74.1,0.0,116.4,289.9,0.0,35.8,19.3,0.0,35.3,38.4,0.0,106.3,133.5,0.0,67.5,56.3,0.0,278.9,417.3,0.0,93.1,302.5,0.0,107.9,83.1,0.0,52.8,35.5,0.0
0133102AR,932.88,366.28,13.0,0.0,1.0,0.83,147.8,116.9,0.0,194.6,146.2,0.0,252.9,383.3,0.0,238.3,171.1,0.0,64.1,125.8,0.0,39.3,38.7,0.0,130.0,89.9,0.0,74.1,107.8,0.0,40.7,36.1,0.0,120.5,88.5,0.0,102.0,77.4,0.0,268.5,203.5,0.0,34.8,43.9,0.0,200.1,181.8,0.0,63.1,48.5,0.0,72.5,143.7,0.0,76.9,172.4,0.0,44.5,37.0,0.0,316.2,438.0,0.0,124.7,85.5,0.0,152.7,207.1,0.0,240.1,372.8,0.0,109.7,92.9,0.0,41.2,38.4,0.0,93.4,73.3,0.0,116.4,288.7,0.0,35.8,24.2,0.0,35.3,40.8,0.0,106.3,132.8,0.0,67.5,56.0,0.0,278.9,430.3,0.0,93.1,330.1,0.0,107.9,81.5,0.0,52.8,38.6,0.0
0133115AR,87.97,485.2,2251.0,0.0,0.83,0.33,145.1,47.3,0.0,191.0,54.2,0.0,236.9,132.3,0.0,229.4,61.0,0.0,64.1,72.3,0.0,39.3,27.3,0.0,129.2,42.0,0.0,74.1,63.2,0.0,40.2,25.4,0.0,116.4,48.1,0.0,101.2,43.7,0.0,254.8,72.2,0.0,34.8,30.0,0.0,191.2,54.3,0.0,62.4,31.7,0.0,71.9,78.4,0.0,76.9,77.1,0.0,44.0,24.9,0.0,292.2,148.0,0.0,121.9,43.8,0.0,146.2,53.1,0.0,232.4,128.6,0.0,108.9,36.8,0.0,40.7,26.7,0.0,92.7,39.9,0.0,114.8,104.2,0.0,35.1,15.8,0.0,35.3,27.8,0.0,104.8,47.5,0.0,67.5,33.0,0.0,255.4,142.3,0.0,91.8,96.9,0.0,106.4,41.8,0.0,52.2,26.0,0.0
0133119AR,914.21,1047.49,6658.0,1.0,0.0,0.0,86.8,0.0,0.127,110.0,0.0,0.189,142.3,0.0,0.238,121.5,0.0,0.214,27.3,0.0,0.051,7.2,0.0,0.029,59.7,0.0,0.118,31.2,0.0,0.066,8.4,0.0,0.031,48.8,0.0,0.098,35.0,0.0,0.088,142.5,0.0,0.254,5.8,0.0,0.032,101.8,0.0,0.173,26.6,0.0,0.053,28.7,0.0,0.061,45.7,0.0,0.058,10.0,0.0,0.035,174.7,0.0,0.302,48.4,0.0,0.11,95.3,0.0,0.105,121.6,0.0,0.248,55.3,0.0,0.092,9.3,0.0,0.031,32.0,0.0,0.077,60.6,0.0,0.085,5.3,0.0,0.029,6.5,0.0,0.024,58.8,0.0,0.072,28.6,0.0,0.055,156.9,0.0,0.287,62.0,0.0,0.049,37.0,0.0,0.09,20.1,0.0,0.045
0133120AR,334.92,419.82,186.0,0.0,1.0,0.0,147.8,62.8,0.0,194.6,84.7,0.0,252.9,217.8,0.0,238.3,92.6,0.0,64.1,47.0,0.0,39.3,11.2,0.0,130.0,40.9,0.0,74.1,37.1,0.0,40.7,9.5,0.0,120.5,33.5,0.0,102.0,32.3,0.0,268.5,115.8,0.0,34.8,11.8,0.0,200.1,122.8,0.0,63.1,15.7,0.0,72.5,54.5,0.0,76.9,94.5,0.0,44.5,10.3,0.0,316.2,256.3,0.0,124.7,32.9,0.0,152.7,158.6,0.0,240.1,209.8,0.0,109.7,54.0,0.0,41.2,10.9,0.0,93.4,26.4,0.0,116.4,181.0,0.0,35.8,4.3,0.0,35.3,13.5,0.0,106.3,88.2,0.0,67.5,19.8,0.0,278.9,244.6,0.0,93.1,255.5,0.0,107.9,32.4,0.0,52.8,10.6,0.0
0133123AR,83.68,699.94,2951.0,0.0,0.83,0.17,129.6,38.2,0.0,168.2,44.9,0.0,208.9,112.0,0.0,200.9,51.3,0.0,58.7,44.6,0.0,32.6,12.2,0.0,113.8,31.3,0.0,67.1,35.2,0.0,33.9,11.8,0.0,106.5,29.7,0.0,89.0,28.1,0.0,226.7,58.4,0.0,29.0,14.2,0.0,165.2,52.5,0.0,54.5,14.8,0.0,65.7,50.9,0.0,67.6,59.9,0.0,37.0,13.0,0.0,252.9,123.4,0.0,109.1,28.7,0.0,122.8,53.1,0.0,204.4,111.6,0.0,96.7,31.5,0.0,34.3,12.0,0.0,81.5,25.8,0.0,102.5,90.3,0.0,29.8,7.0,0.0,29.3,12.8,0.0,93.4,41.2,0.0,61.8,18.4,0.0,228.0,120.4,0.0,75.8,93.3,0.0,94.2,27.4,0.0,45.6,12.0,0.0
0133125AR,665.44,50.3,2434.0,0.0,1.0,1.0,139.2,0.0,0.0,177.6,0.7,0.0,203.8,1.5,0.0,219.3,0.4,0.0,64.1,0.0,0.0,39.3,0.0,0.0,126.7,0.0,0.0,74.1,0.0,0.0,40.7,6.1,0.0,118.8,0.0,0.0,102.0,0.0,0.0,231.0,3.1,0.0,34.8,5.8,0.0,178.8,0.7,0.0,63.1,0.0,0.0,72.5,0.0,0.0,76.9,0.0,0.0,44.5,0.0,0.0,250.4,4.3,0.0,121.5,0.0,0.0,135.9,2.2,0.0,215.2,1.5,0.0,109.7,0.0,0.0,41.2,0.0,0.0,93.4,0.0,0.0,108.9,0.7,0.0,35.8,11.2,0.0,35.3,1.1,0.0,99.3,0.3,0.0,67.5,0.0,0.0,218.9,6.3,0.0,89.7,0.8,0.0,107.9,0.0,0.0,52.8,2.0,0.0
0133129AR,146.31,789.77,14722.0,0.0,0.67,0.33,111.9,33.7,0.0,147.4,41.5,0.0,187.1,96.2,0.0,175.7,45.6,0.0,49.0,48.5,0.0,26.6,15.6,0.0,95.7,30.4,0.0,56.5,42.7,0.0,27.4,14.5,0.0,88.6,32.7,0.0,75.2,28.7,0.0,198.2,52.5,0.0,23.3,17.9,0.0,148.4,42.7,0.0,44.4,19.5,0.0,55.4,50.5,0.0,58.8,59.1,0.0,30.0,14.2,0.0,231.5,106.3,0.0,91.8,31.3,0.0,118.8,37.4,0.0,177.1,98.4,0.0,80.9,28.9,0.0,27.8,15.4,0.0,68.8,25.6,0.0,86.2,78.3,0.0,24.0,9.9,0.0,24.1,16.4,0.0,81.3,34.3,0.0,51.5,21.7,0.0,206.2,103.8,0.0,74.4,66.7,0.0,79.5,29.5,0.0,37.1,15.5,0.0
0133136AR,162.59,302.14,4285.0,0.0,0.83,0.33,86.3,38.2,0.0,110.9,41.2,0.0,136.7,106.5,0.0,126.8,49.2,0.0,43.6,57.8,0.0,29.1,20.8,0.0,84.4,30.6,0.0,54.9,47.3,0.0,32.4,22.7,0.0,78.4,34.5,0.0,63.1,33.1,0.0,143.6,56.7,0.0,28.3,28.8,0.0,99.6,40.4,0.0,46.7,26.1,0.0,51.7,63.4,0.0,44.2,58.6,0.0,35.5,21.6,0.0,165.2,115.8,0.0,79.4,33.3,0.0,72.7,40.6,0.0,127.7,100.7,0.0,59.5,29.8,0.0,30.8,20.7,0.0,57.8,32.6,0.0,60.0,77.8,0.0,29.8,18.1,0.0,26.0,19.8,0.0,55.1,34.4,0.0,49.8,24.5,0.0,144.4,112.0,0.0,43.2,70.2,0.0,67.0,32.5,0.0,40.3,21.0,0.0
0133137AR,1019.22,1062.49,629.0,0.0,1.0,1.0,147.8,0.0,0.0,194.6,0.0,0.0,252.9,0.0,0.0,238.3,0.4,0.0,64.1,5.4,0.0,39.3,14.0,0.0,130.0,4.3,0.0,74.1,22.2,0.0,40.7,24.2,0.0,120.5,14.1,0.0,102.0,5.9,0.0,268.5,0.3,0.0,34.8,29.3,0.0,200.1,0.0,0.0,63.1,11.4,0.0,72.5,24.2,0.0,76.9,0.0,0.0,44.5,20.2,0.0,316.2,0.0,0.0,124.7,6.7,0.0,152.7,0.0,0.0,240.1,0.0,0.0,109.7,0.0,0.0,41.2,13.9,0.0,93.4,7.8,0.0,116.4,0.0,0.0,35.8,24.6,0.0,35.3,15.9,0.0,106.3,0.0,0.0,67.5,11.5,0.0,278.9,0.0,0.0,93.1,0.0,0.0,107.9,10.8,0.0,52.8,22.4,0.0
0133142AR,1116.04,1048.12,90.0,0.0,0.83,0.5,146.5,144.7,0.0,193.7,176.8,0.0,248.4,447.5,0.0,232.8,203.8,0.0,64.1,166.3,0.0,39.3,49.4,0.0,128.4,116.5,0.0,74.1,140.1,0.0,37.8,44.6,0.0,117.8,113.1,0.0,99.4,100.9,0.0,262.9,241.9,0.0,32.3,55.0,0.0,198.8,205.0,0.0,63.1,62.0,0.0,72.5,188.6,0.0,76.9,227.0,0.0,44.5,47.6,0.0,312.9,503.7,0.0,123.1,109.9,0.0,152.7,225.3,0.0,234.5,436.3,0.0,109.0,118.1,0.0,41.2,48.7,0.0,90.9,95.0,0.0,115.7,342.3,0.0,33.1,27.4,0.0,35.3,52.0,0.0,106.3,157.6,0.0,67.5,73.4,0.0,273.9,493.4,0.0,93.1,360.4,0.0,105.1,105.7,0.0,52.8,48.6,0.0
0133145AR,188.13,635.31,49.0,0.0,1.0,0.33,147.8,84.3,0.0,194.6,101.3,0.0,252.9,274.1,0.0,238.3,121.2,0.0,64.1,82.6,0.0,39.3,23.2,0.0,130.0,62.4,0.0,74.1,66.2,0.0,40.7,20.5,0.0,120.5,56.5,0.0,102.0,51.3,0.0,268.5,148.2,0.0,34.8,24.2,0.0,200.1,135.2,0.0,63.1,28.3,0.0,72.5,92.8,0.0,76.9,123.5,0.0,44.5,22.3,0.0,316.2,327.7,0.0,124.7,56.9,0.0,152.7,165.7,0.0,240.1,262.2,0.0,109.7,68.3,0.0,41.2,23.1,0.0,93.4,47.5,0.0,116.4,215.3,0.0,35.8,13.5,0.0,35.3,23.2,0.0,106.3,98.9,0.0,67.5,34.3,0.0,278.9,315.6,0.0,93.1,261.5,0.0,107.9,52.8,0.0,52.8,22.9,0.0
0133146AR,199.17,795.76,176.0,0.0,0.83,0.17,115.2,25.1,0.0,151.2,31.0,0.0,198.2,83.7,0.0,189.6,36.5,0.0,48.9,28.3,0.0,31.3,8.7,0.0,104.3,19.8,0.0,58.1,23.7,0.0,33.0,8.0,0.0,95.8,19.4,0.0,80.7,17.2,0.0,208.7,41.8,0.0,28.6,9.5,0.0,159.3,31.6,0.0,49.2,10.7,0.0,55.2,32.3,0.0,58.4,38.9,0.0,36.1,8.2,0.0,255.4,82.4,0.0,101.0,18.8,0.0,121.2,29.1,0.0,190.9,75.5,0.0,86.8,20.3,0.0,33.2,8.6,0.0,74.0,16.2,0.0,91.0,57.6,0.0,28.8,5.2,0.0,27.8,9.2,0.0,82.1,26.6,0.0,52.4,12.5,0.0,223.7,80.8,0.0,69.5,43.6,0.0,87.2,18.0,0.0,41.4,8.5,0.0
0133153AR,690.51,49.52,2734.0,0.0,1.0,1.0,147.8,0.7,0.0,194.6,1.9,0.0,241.7,7.7,0.0,238.3,5.6,0.0,64.1,5.8,0.0,39.3,5.0,0.0,130.0,2.6,0.0,74.1,6.8,0.0,40.7,13.4,0.0,120.5,5.0,0.0,102.0,3.8,0.0,257.2,5.5,0.0,34.8,14.5,0.0,200.1,3.2,0.0,63.1,4.8,0.0,72.5,10.3,0.0,76.9,0.7,0.0,44.5,9.4,0.0,302.1,7.1,0.0,124.7,2.9,0.0,152.7,3.5,0.0,240.1,7.5,0.0,109.7,1.6,0.0,41.2,4.9,0.0,93.4,3.5,0.0,116.4,1.5,0.0,35.8,17.3,0.0,35.3,6.7,0.0,106.3,2.0,0.0,67.5,3.6,0.0,266.5,6.3,0.0,93.1,3.1,0.0,107.9,3.9,0.0,52.8,11.0,0.0
0133162AR,1107.22,1013.81,90.0,0.0,0.67,0.33,147.2,146.0,0.0,193.7,179.1,0.0,249.1,454.7,0.0,233.6,207.5,0.0,64.1,166.3,0.0,38.6,51.1,0.0,129.2,116.2,0.0,74.1,139.4,0.0,40.0,46.7,0.0,119.7,112.5,0.0,100.7,101.2,0.0,263.5,244.7,0.0,34.2,56.2,0.0,197.5,207.5,0.0,63.1,63.4,0.0,72.5,189.9,0.0,76.9,227.7,0.0,43.7,48.5,0.0,311.3,509.4,0.0,123.9,109.6,0.0,152.7,226.3,0.0,235.4,442.4,0.0,109.0,119.5,0.0,40.5,50.3,0.0,92.2,95.7,0.0,115.7,346.8,0.0,35.1,29.4,0.0,34.8,53.4,0.0,106.3,159.7,0.0,67.5,73.0,0.0,274.6,499.5,0.0,93.1,361.1,0.0,107.3,105.8,0.0,52.3,50.2,0.0
0133167AR,648.97,50.68,2230.0,0.0,1.0,1.0,136.5,0.0,0.0,182.0,0.0,0.0,207.9,0.0,0.0,216.5,0.0,0.0,61.0,0.0,0.0,37.6,0.0,0.0,127.2,0.0,0.0,70.7,0.0,0.0,37.5,0.0,0.0,116.3,0.0,0.0,99.0,0.0,0.0,236.5,0.0,0.0,33.5,0.0,0.0,183.8,0.0,0.0,58.7,0.0,0.0,69.9,0.0,0.0,75.4,0.0,0.0,41.0,0.0,0.0,261.3,0.0,0.0,120.0,0.0,0.0,138.3,0.0,0.0,220.2,0.0,0.0,108.1,0.0,0.0,37.9,0.0,0.0,90.7,0.0,0.0,114.8,0.0,0.0,35.1,1.3,0.0,33.8,0.0,0.0,104.9,0.0,0.0,64.4,0.0,0.0,229.2,0.0,0.0,92.4,0.0,0.0,104.8,0.0,0.0,49.2,0.0,0.0
0133168AR,785.33,374.88,1015.0,0.0,0.83,0.83,120.4,45.5,0.0,164.0,63.7,0.0,198.2,153.9,0.0,201.1,70.2,0.0,53.1,58.6,0.0,34.8,21.5,0.0,116.3,41.4,0.0,62.0,57.2,0.0,35.4,20.5,0.0,103.9,45.0,0.0,90.5,37.2,0.0,221.2,80.5,0.0,31.4,23.6,0.0,174.2,70.7,0.0,53.9,24.6,0.0,62.3,65.6,0.0,67.3,83.6,0.0,38.7,21.2,0.0,246.6,167.9,0.0,111.5,45.4,0.0,125.3,76.2,0.0,204.2,156.9,0.0,99.5,40.7,0.0,35.7,21.4,0.0,83.5,33.6,0.0,101.2,112.9,0.0,30.2,12.7,0.0,31.1,22.7,0.0,94.6,50.9,0.0,56.2,29.6,0.0,217.1,165.8,0.0,75.9,126.5,0.0,99.1,43.0,0.0,45.0,21.6,0.0
0133169AR,796.46,418.1,552.0,0.0,0.83,0.83,113.3,42.7,0.0,152.9,60.5,0.0,184.2,146.4,0.0,190.6,68.4,0.0,53.0,51.6,0.0,37.5,20.5,0.0,111.5,41.2,0.0,61.9,50.3,0.0,35.4,17.6,0.0,97.8,44.5,0.0,93.5,35.4,0.0,207.2,77.4,0.0,31.4,20.8,0.0,165.9,66.4,0.0,50.6,24.6,0.0,61.6,63.7,0.0,63.5,78.2,0.0,38.7,18.5,0.0,232.7,160.5,0.0,107.0,42.4,0.0,124.2,69.6,0.0,192.1,149.9,0.0,94.4,40.1,0.0,37.7,20.4,0.0,82.2,32.6,0.0,96.2,107.8,0.0,29.5,11.2,0.0,33.7,22.0,0.0,89.9,48.2,0.0,56.2,26.0,0.0,203.0,155.7,0.0,75.5,115.1,0.0,96.3,39.3,0.0,43.4,20.6,0.0
0133172AR,803.14,443.81,318.0,0.0,0.67,0.83,106.6,44.9,0.0,148.5,56.4,0.0,177.5,136.5,0.0,186.7,68.3,0.0,48.9,53.6,0.0,33.4,20.4,0.0,104.3,40.1,0.0,57.2,53.9,0.0,34.9,18.9,0.0,90.1,41.6,0.0,85.6,34.3,0.0,200.7,76.3,0.0,31.4,22.6,0.0,159.3,64.0,0.0,49.2,23.4,0.0,57.6,63.4,0.0,60.0,82.4,0.0,36.6,17.2,0.0,233.6,159.7,0.0,100.4,41.5,0.0,118.3,67.7,0.0,188.1,139.8,0.0,93.3,39.7,0.0,33.7,20.3,0.0,78.4,32.5,0.0,96.9,110.0,0.0,31.6,11.5,0.0,29.8,21.9,0.0,82.2,49.5,0.0,51.9,27.9,0.0,200.1,157.2,0.0,72.4,112.7,0.0,90.7,37.0,0.0,41.1,20.5,0.0
0133173AR,492.85,243.33,138673.0,0.0,1.0,0.33,147.8,43.4,0.0,194.6,53.6,0.0,252.9,143.6,0.0,238.3,61.6,0.0,64.1,48.5,0.0,39.3,15.1,0.0,130.0,32.6,0.0,74.1,38.4,0.0,40.7,14.8,0.0,120.5,31.4,0.0,102.0,29.7,0.0,268.5,78.2,0.0,34.8,17.4,0.0,200.1,65.1,0.0,63.1,17.0,0.0,72.5,53.9,0.0,76.9,60.6,0.0,44.5,15.2,0.0,316.2,171.7,0.0,124.7,30.4,0.0,152.7,71.7,0.0,240.1,135.7,0.0,109.7,33.2,0.0,41.2,14.9,0.0,93.4,27.3,0.0,116.4,112.5,0.0,35.8,9.3,0.0,35.3,14.4,0.0,106.3,51.7,0.0,67.5,20.0,0.0,278.9,164.9,0.0,93.1,116.2,0.0,107.9,29.0,0.0,52.8,14.3,0.0
0133176AR,814.79,488.63,193684.0,0.0,1.0,1.0,147.8,146.6,0.0,194.6,179.7,0.0,252.9,460.0,0.0,238.3,210.4,0.0,64.1,167.0,0.0,39.3,51.3,0.0,130.0,117.5,0.0,74.1,141.0,0.0,40.7,47.5,0.0,120.5,115.2,0.0,102.0,101.6,0.0,268.5,247.1,0.0,34.8,56.7,0.0,200.1,210.0,0.0,63.1,63.7,0.0,72.5,190.7,0.0,76.9,229.6,0.0,44.5,48.5,0.0,316.2,515.4,0.0,124.7,111.5,0.0,152.7,228.4,0.0,240.1,447.8,0.0,109.7,120.2,0.0,41.2,50.6,0.0,93.4,96.1,0.0,116.4,348.3,0.0,35.8,31.2,0.0,35.3,54.3,0.0,106.3,160.4,0.0,67.5,73.8,0.0,278.9,504.4,0.0,93.1,363.5,0.0,107.9,106.7,0.0,52.8,50.4,0.0
0133179AR,72.56,523.38,1758.0,0.0,0.67,0.33,132.6,47.8,0.0,176.7,52.9,0.0,220.8,130.4,0.0,209.7,61.3,0.0,58.2,57.8,0.0,33.5,14.8,0.0,116.2,37.8,0.0,67.2,48.9,0.0,34.2,15.5,0.0,106.8,38.1,0.0,88.5,35.0,0.0,234.2,67.2,0.0,29.7,18.8,0.0,171.6,53.2,0.0,56.6,22.2,0.0,65.7,62.4,0.0,71.3,74.9,0.0,37.4,14.9,0.0,269.7,141.4,0.0,108.2,36.4,0.0,127.6,53.7,0.0,210.4,124.9,0.0,97.9,39.1,0.0,35.1,14.8,0.0,81.0,31.9,0.0,103.7,99.0,0.0,27.8,10.1,0.0,30.2,15.5,0.0,95.7,45.4,0.0,61.2,25.3,0.0,238.7,136.3,0.0,78.1,91.8,0.0,93.7,35.0,0.0,47.3,15.7,0.0
0133194AR,824.25,472.04,12.0,0.0,1.0,1.0,147.8,146.6,0.0,194.6,179.7,0.0,252.9,460.0,0.0,238.3,210.4,0.0,64.1,167.0,0.0,39.3,51.3,0.0,130.0,117.5,0.0,74.1,141.0,0.0,40.7,47.5,0.0,120.5,115.2,0.0,102.0,101.6,0.0,268.5,247.1,0.0,34.8,56.7,0.0,200.1,210.0,0.0,63.1,63.7,0.0,72.5,190.7,0.0,76.9,229.6,0.0,44.5,48.5,0.0,316.2,515.4,0.0,124.7,111.5,0.0,152.7,228.4,0.0,240.1,447.8,0.0,109.7,120.2,0.0,41.2,50.6,0.0,93.4,96.1,0.0,116.4,348.3,0.0,35.8,31.2,0.0,35.3,54.3,0.0,106.3,160.4,0.0,67.5,73.8,0.0,278.9,504.4,0.0,93.1,363.5,0.0,107.9,106.7,0.0,52.8,50.4,0.0
0133203AR,470.78,379.11,10.0,0.0,0.83,0.0,144.4,137.0,0.0,188.2,168.7,0.0,237.9,418.1,0.0,229.4,192.9,0.0,64.1,144.1,0.0,39.3,25.8,0.0,128.3,106.1,0.0,74.1,112.2,0.0,39.7,16.1,0.0,118.2,92.8,0.0,100.6,88.6,0.0,254.8,220.6,0.0,34.8,17.0,0.0,194.0,194.0,0.0,63.1,41.2,0.0,72.5,143.5,0.0,76.9,216.6,0.0,44.5,23.9,0.0,297.3,462.9,0.0,123.0,94.3,0.0,149.1,212.7,0.0,227.9,412.2,0.0,108.2,116.0,0.0,41.2,24.7,0.0,92.1,74.4,0.0,113.2,326.6,0.0,35.8,5.8,0.0,35.3,25.9,0.0,103.4,151.0,0.0,67.5,58.7,0.0,262.3,447.9,0.0,91.2,345.3,0.0,106.5,89.8,0.0,52.3,23.6,0.0
0133204AR,143.89,601.43,1078.0,0.0,1.0,0.5,147.8,140.0,0.0,194.6,169.7,0.0,252.9,428.6,0.0,238.3,195.7,0.0,64.1,145.8,0.0,39.3,39.4,0.0,130.0,109.0,0.0,74.1,114.6,0.0,40.7,36.1,0.0,120.5,101.7,0.0,102.0,89.1,0.0,268.5,226.5,0.0,34.8,43.9,0.0,200.1,190.5,0.0,63.1,50.1,0.0,72.5,160.6,0.0,76.9,216.9,0.0,44.5,37.0,0.0,316.2,473.1,0.0,124.7,100.9,0.0,152.7,194.9,0.0,240.1,417.1,0.0,109.7,115.5,0.0,41.2,39.1,0.0,93.4,84.3,0.0,116.4,326.7,0.0,35.8,24.2,0.0,35.3,41.1,0.0,106.3,148.7,0.0,67.5,59.6,0.0,278.9,467.0,0.0,93.1,317.1,0.0,107.9,95.3,0.0,52.8,39.3,0.0
0133215AR,536.85,54.03,800.0,0.0,1.0,0.33,146.4,2.9,0.0,185.7,3.4,0.0,223.4,7.9,0.0,225.5,3.6,0.0,64.1,4.1,0.0,39.3,5.5,0.0,130.0,0.6,0.0,74.1,6.7,0.0,40.7,6.2,0.0,119.3,2.1,0.0,102.0,2.2,0.0,245.9,7.4,0.0,34.8,6.5,0.0,189.8,3.5,0.0,63.1,3.4,0.0,72.5,4.9,0.0,76.9,0.8,0.0,44.5,4.2,0.0,280.8,16.1,0.0,124.7,2.1,0.0,142.6,9.2,0.0,223.4,7.7,0.0,109.7,0.3,0.0,41.2,5.3,0.0,93.4,2.4,0.0,112.8,6.5,0.0,35.8,5.7,0.0,35.3,4.0,0.0,102.9,3.0,0.0,67.5,3.6,0.0,246.4,15.5,0.0,91.1,14.4,0.0,107.9,0.7,0.0,52.8,4.9,0.0
0133218AR,261.58,765.04,130.0,0.0,0.5,0.5,98.9,70.4,0.0,133.1,93.7,0.0,178.8,240.9,0.0,164.1,110.5,0.0,39.0,72.4,0.0,21.9,22.7,0.0,84.4,57.1,0.0,46.6,62.3,0.0,21.8,20.7,0.0,78.7,55.3,0.0,63.8,48.0,0.0,188.4,130.1,0.0,19.0,24.8,0.0,136.4,115.1,0.0,36.8,28.5,0.0,44.1,85.6,0.0,48.1,106.4,0.0,23.9,21.9,0.0,230.1,275.7,0.0,78.7,53.3,0.0,110.1,128.5,0.0,166.8,238.7,0.0,70.8,60.3,0.0,23.3,22.6,0.0,58.5,44.1,0.0,74.3,176.7,0.0,19.6,13.8,0.0,19.3,23.8,0.0,66.8,86.1,0.0,41.9,32.1,0.0,199.5,266.6,0.0,61.5,206.5,0.0,67.9,50.7,0.0,29.4,23.0,0.0
0133221AR,923.62,331.62,16.0,0.0,1.0,0.83,147.8,124.3,0.0,194.6,154.4,0.0,252.9,401.9,0.0,238.3,180.0,0.0,64.1,125.8,0.0,39.3,38.7,0.0,130.0,92.0,0.0,74.1,107.8,0.0,40.7,36.1,0.0,120.5,88.5,0.0,102.0,77.4,0.0,268.5,213.2,0.0,34.8,43.9,0.0,200.1,189.9,0.0,63.1,48.5,0.0,72.5,143.7,0.0,76.9,188.6,0.0,44.5,37.0,0.0,316.2,456.7,0.0,124.7,85.5,0.0,152.7,215.9,0.0,240.1,391.0,0.0,109.7,99.3,0.0,41.2,38.4,0.0,93.4,73.3,0.0,116.4,304.5,0.0,35.8,24.2,0.0,35.3,40.8,0.0,106.3,143.4,0.0,67.5,56.0,0.0,278.9,449.8,0.0,93.1,348.3,0.0,107.9,81.5,0.0,52.8,38.6,0.0
0133224AR,164.9,297.22,4337.0,0.0,0.83,0.33,77.0,35.5,0.0,97.7,41.9,0.0,121.7,107.6,0.0,116.1,44.6,0.0,40.1,47.6,0.0,25.2,16.2,0.0,72.4,29.7,0.0,47.6,37.8,0.0,32.8,17.5,0.0,77.0,32.4,0.0,62.3,28.7,0.0,126.6,57.4,0.0,27.6,21.8,0.0,91.8,41.8,0.0,43.3,19.0,0.0,45.1,53.6,0.0,40.0,53.2,0.0,33.7,17.7,0.0,159.9,119.4,0.0,78.8,31.3,0.0,64.3,40.8,0.0,112.0,99.7,0.0,53.6,26.6,0.0,28.0,15.5,0.0,54.6,29.7,0.0,57.8,80.0,0.0,27.0,12.1,0.0,22.3,15.7,0.0,52.3,36.1,0.0,42.9,19.6,0.0,139.9,115.5,0.0,39.5,74.7,0.0,66.2,30.6,0.0,39.2,16.8,0.0
0133227AR,576.55,52.92,1356.0,0.0,1.0,0.67,144.4,0.0,0.0,190.0,0.0,0.0,231.1,0.0,0.0,231.5,0.0,0.0,64.1,0.0,0.0,39.3,2.0,0.0,130.0,0.0,0.0,74.1,0.0,0.0,40.7,3.2,0.0,118.8,0.0,0.0,102.0,0.0,0.0,251.2,0.0,0.0,34.8,3.1,0.0,192.7,0.0,0.0,63.1,0.0,0.0,72.5,0.0,0.0,76.9,0.0,0.0,44.5,0.0,0.0,269.8,0.0,0.0,124.7,0.0,0.0,137.5,0.0,0.0,233.2,0.0,0.0,109.7,0.0,0.0,41.2,2.0,0.0,93.4,0.0,0.0,113.5,0.0,0.0,35.8,6.4,0.0,35.3,2.1,0.0,103.6,0.0,0.0,67.5,0.0,0.0,237.2,0.0,0.0,89.8,0.0,0.0,107.9,0.0,0.0,52.8,2.0,0.0
0133230AR,1118.96,1059.88,82.0,0.0,0.83,0.5,147.8,142.7,0.0,194.6,166.0,0.0,250.3,412.5,0.0,235.1,193.6,0.0,64.1,166.3,0.0,39.3,45.2,0.0,130.0,116.9,0.0,74.1,135.5,0.0,40.7,38.9,0.0,120.5,112.9,0.0,100.6,101.6,0.0,265.5,222.7,0.0,34.8,47.5,0.0,200.1,174.1,0.0,63.1,58.4,0.0,72.5,189.3,0.0,76.9,227.5,0.0,44.5,43.4,0.0,316.2,463.7,0.0,124.7,110.9,0.0,152.7,165.8,0.0,236.9,399.5,0.0,109.7,116.8,0.0,41.2,44.6,0.0,91.5,95.4,0.0,116.4,317.8,0.0,34.4,20.5,0.0,35.3,47.4,0.0,106.3,141.6,0.0,67.5,71.6,0.0,278.2,451.5,0.0,93.1,269.6,0.0,107.9,106.4,0.0,52.8,44.6,0.0
0133231AR,771.69,271.01,12.0,1.0,1.0,0.83,147.8,131.8,0.127,194.6,164.7,0.189,252.9,415.2,0.238,238.3,191.2,0.214,64.1,145.0,0.051,39.3,43.0,0.029,130.0,104.8,0.118,74.1,118.5,0.066,40.7,40.1,0.031,120.5,102.9,0.098,102.0,90.8,0.088,268.5,224.9,0.254,34.8,47.2,0.032,200.1,187.7,0.173,63.1,53.6,0.053,72.5,165.0,0.061,76.9,210.8,0.058,44.5,40.7,0.035,316.2,462.8,0.318,124.7,99.6,0.11,152.7,204.3,0.105,240.1,404.1,0.248,109.7,111.3,0.092,41.2,42.4,0.031,93.4,83.2,0.077,116.4,312.2,0.085,35.8,25.9,0.029,35.3,45.4,0.024,106.3,147.0,0.072,67.5,62.0,0.055,278.9,456.0,0.287,93.1,329.3,0.049,107.9,95.3,0.09,52.8,42.3,0.045
0133237AR,218.04,891.86,451.0,0.0,0.5,0.17,92.7,42.0,0.0,119.3,47.9,0.0,147.9,120.7,0.0,138.7,57.2,0.0,39.4,54.1,0.0,22.0,14.7,0.0,78.9,35.6,0.0,46.3,45.5,0.0,21.6,14.7,0.0,73.9,35.7,0.0,63.8,33.2,0.0,153.8,62.6,0.0,19.2,16.7,0.0,116.0,55.0,0.0,39.3,19.4,0.0,46.3,61.7,0.0,48.0,69.3,0.0,24.5,14.6,0.0,183.9,126.6,0.0,76.4,34.5,0.0,88.4,50.3,0.0,137.6,121.0,0.0,67.4,35.9,0.0,22.5,14.6,0.0,58.4,31.4,0.0,67.1,94.0,0.0,19.7,7.3,0.0,19.6,14.6,0.0,62.7,43.3,0.0,41.9,23.7,0.0,163.8,124.1,0.0,57.3,87.2,0.0,67.6,34.0,0.0,31.4,14.6,0.0
0133240AR,989.07,653.03,50.0,0.0,1.0,1.0,147.8,146.6,0.0,194.6,179.7,0.0,252.9,460.0,0.0,238.3,210.4,0.0,64.1,167.0,0.0,39.3,51.3,0.0,130.0,117.5,0.0,74.1,141.0,0.0,40.7,47.5,0.0,120.5,115.2,0.0,102.0,101.6,0.0,268.5,247.1,0.0,34.8,56.7,0.0,200.1,210.0,0.0,63.1,63.7,0.0,72.5,190.7,0.0,76.9,229.6,0.0,44.5,48.5,0.0,316.2,515.4,0.0,124.7,111.5,0.0,152.7,228.1,0.0,240.1,447.8,0.0,109.7,120.2,0.0,41.2,50.6,0.0,93.4,96.1,0.0,116.4,348.3,0.0,35.8,31.2,0.0,35.3,54.3,0.0,106.3,160.4,0.0,67.5,73.8,0.0,278.9,504.4,0.0,93.1,363.5,0.0,107.9,106.7,0.0,52.8,50.4,0.0
0133245AR,947.4,418.58,16.0,0.0,1.0,0.83,147.8,138.2,0.0,194.6,170.4,0.0,252.9,439.9,0.0,238.3,200.1,0.0,64.1,138.7,0.0,39.3,38.7,0.0,130.0,102.2,0.0,74.1,109.8,0.0,40.7,36.1,0.0,120.5,96.4,0.0,102.0,85.0,0.0,268.5,236.3,0.0,34.8,43.9,0.0,200.1,209.6,0.0,63.1,48.8,0.0,72.5,151.0,0.0,76.9,214.1,0.0,44.5,37.0,0.0,316.2,495.4,0.0,124.7,93.2,0.0,152.7,228.4,0.0,240.1,436.9,0.0,109.7,115.5,0.0,41.2,38.4,0.0,93.4,77.9,0.0,116.4,340.4,0.0,35.8,24.2,0.0,35.3,40.8,0.0,106.3,159.7,0.0,67.5,57.1,0.0,278.9,494.7,0.0,93.1,363.5,0.0,107.9,90.2,0.0,52.8,38.6,0.0
0133253AR,845.26,551.47,4546.0,0.0,1.0,1.0,147.8,133.8,0.0,194.6,165.0,0.0,252.9,414.4,0.0,238.3,190.8,0.0,64.1,144.8,0.0,39.3,42.6,0.0,130.0,104.8,0.0,74.1,115.3,0.0,40.7,42.8,0.0,120.5,100.9,0.0,102.0,88.8,0.0,268.5,222.8,0.0,34.8,55.1,0.0,200.1,183.1,0.0,63.1,52.5,0.0,72.5,159.2,0.0,76.9,208.9,0.0,44.5,43.1,0.0,316.2,467.6,0.0,124.7,100.1,0.0,152.7,190.9,0.0,240.1,403.3,0.0,109.7,110.5,0.0,41.2,42.1,0.0,93.4,82.6,0.0,116.4,317.1,0.0,35.8,31.2,0.0,35.3,44.9,0.0,106.3,143.0,0.0,67.5,60.0,0.0,278.9,457.5,0.0,93.1,303.4,0.0,107.9,93.4,0.0,52.8,42.2,0.0
0133254AR,271.63,407.66,415.0,1.0,0.67,0.17,95.3,28.0,0.127,125.7,30.6,0.189,162.8,88.9,0.238,138.1,35.5,0.214,43.8,28.5,0.051,25.7,8.3,0.029,76.7,20.6,0.118,51.1,22.4,0.066,27.0,7.4,0.031,75.6,16.8,0.098,58.6,15.3,0.088,164.3,45.1,0.254,22.7,9.5,0.032,111.6,40.8,0.173,43.6,10.1,0.053,44.7,32.0,0.061,48.0,38.8,0.058,29.5,7.5,0.035,193.2,101.3,0.302,75.2,18.1,0.11,91.4,51.0,0.105,139.1,79.5,0.248,61.4,20.9,0.092,27.3,8.2,0.031,52.5,16.1,0.077,64.0,66.3,0.085,23.3,5.2,0.029,23.3,8.8,0.024,62.8,29.6,0.072,46.7,11.8,0.055,173.2,98.8,0.287,50.2,79.8,0.049,62.1,16.7,0.09,36.6,7.8,0.045
0133256AR,781.96,362.23,1186.0,0.0,0.83,1.0,120.1,49.5,0.0,164.0,59.1,0.0,191.8,142.2,0.0,198.8,74.5,0.0,58.1,59.9,0.0,35.7,24.3,0.0,116.9,45.2,0.0,67.6,61.2,0.0,36.9,23.0,0.0,100.9,47.0,0.0,96.2,37.8,0.0,219.6,75.6,0.0,32.1,28.5,0.0,163.6,66.9,0.0,54.5,29.1,0.0,67.0,78.7,0.0,68.9,86.8,0.0,40.3,21.7,0.0,225.4,161.7,0.0,110.8,45.4,0.0,127.1,69.0,0.0,205.1,146.0,0.0,101.5,42.9,0.0,37.2,24.1,0.0,88.1,40.2,0.0,97.4,107.7,0.0,30.9,18.0,0.0,32.0,26.2,0.0,87.8,48.5,0.0,61.4,33.4,0.0,204.2,159.1,0.0,78.8,113.6,0.0,98.2,42.3,0.0,45.7,23.9,0.0
0133257AR,776.37,946.89,32.0,0.0,0.67,0.83,81.0,28.9,0.0,110.8,41.6,0.0,136.8,102.7,0.0,144.4,46.3,0.0,37.4,42.9,0.0,24.6,17.3,0.0,85.1,29.4,0.0,45.6,41.6,0.0,26.1,16.9,0.0,74.0,36.3,0.0,66.3,27.1,0.0,158.1,53.5,0.0,22.8,20.9,0.0,119.6,43.5,0.0,38.6,20.4,0.0,44.5,47.7,0.0,41.2,57.0,0.0,28.6,16.1,0.0,167.3,108.6,0.0,81.8,33.8,0.0,84.2,42.6,0.0,150.3,101.6,0.0,67.6,25.3,0.0,26.2,17.2,0.0,62.7,26.7,0.0,71.2,69.5,0.0,23.5,12.5,0.0,21.6,19.1,0.0,63.3,29.3,0.0,41.0,21.6,0.0,150.9,110.0,0.0,50.0,64.0,0.0,70.5,31.7,0.0,34.2,18.8,0.0
0133258AR,166.88,292.08,4395.0,0.0,0.83,0.5,86.1,33.7,0.0,111.1,39.8,0.0,134.2,100.0,0.0,129.2,42.6,0.0,42.8,50.3,0.0,31.8,16.0,0.0,77.3,28.9,0.0,50.3,40.4,0.0,33.7,15.6,0.0,80.6,32.3,0.0,66.1,28.9,0.0,143.2,53.9,0.0,29.7,19.1,0.0,98.9,40.3,0.0,46.3,19.2,0.0,46.8,55.6,0.0,44.8,51.9,0.0,35.0,16.9,0.0,168.3,111.6,0.0,82.2,30.3,0.0,70.8,41.8,0.0,128.3,94.8,0.0,62.0,25.5,0.0,32.3,15.9,0.0,58.7,28.4,0.0,65.1,76.2,0.0,28.5,9.3,0.0,28.6,15.9,0.0,61.6,34.0,0.0,45.5,20.2,0.0,148.0,108.2,0.0,41.7,73.1,0.0,70.2,29.2,0.0,41.6,16.3,0.0
0133259AR,313.9,491.73,51780.0,0.0,1.0,1.0,147.8,107.8,0.0,194.6,128.7,0.0,252.9,323.5,0.0,238.3,151.6,0.0,64.1,136.1,0.0,39.3,50.3,0.0,130.0,91.4,0.0,74.1,126.7,0.0,40.7,47.5,0.0,120.5,93.8,0.0,102.0,83.5,0.0,268.5,175.4,0.0,34.8,56.7,0.0,200.1,137.9,0.0,63.1,60.6,0.0,72.5,155.4,0.0,76.9,170.0,0.0,44.5,47.6,0.0,316.2,366.4,0.0,124.7,90.6,0.0,152.7,137.0,0.0,240.1,315.0,0.0,109.7,86.6,0.0,41.2,49.6,0.0,93.4,79.0,0.0,116.4,241.7,0.0,35.8,31.2,0.0,35.3,51.6,0.0,106.3,111.1,0.0,67.5,66.2,0.0,278.9,355.4,0.0,93.1,220.3,0.0,107.9,84.3,0.0,52.8,49.5,0.0
0133266AR,205.34,792.61,180.0,0.0,0.83,0.0,127.6,8.1,0.0,171.3,6.4,0.0,215.4,24.8,0.0,201.3,12.8,0.0,49.1,8.6,0.0,29.3,1.0,0.0,107.2,7.4,0.0,58.2,5.3,0.0,30.8,1.3,0.0,99.6,4.3,0.0,82.6,3.9,0.0,226.2,11.0,0.0,26.7,1.2,0.0,178.3,12.1,0.0,49.3,4.2,0.0,57.9,7.3,0.0,68.1,7.2,0.0,33.8,0.3,0.0,275.4,27.9,0.0,102.9,3.4,0.0,141.8,10.9,0.0,202.8,24.1,0.0,95.3,6.7,0.0,31.0,1.0,0.0,73.3,3.6,0.0,96.7,16.0,0.0,28.8,1.3,0.0,26.0,1.1,0.0,91.8,7.4,0.0,52.5,2.8,0.0,237.5,27.4,0.0,88.4,15.3,0.0,90.9,2.2,0.0,41.5,0.3,0.0
0133267AR,838.43,130.96,515852.0,1.0,0.83,0.33,133.9,45.3,0.127,178.7,68.9,0.189,229.9,171.8,0.238,216.5,70.1,0.214,51.0,45.4,0.051,31.3,15.2,0.029,114.1,35.3,0.118,60.4,38.2,0.066,33.0,16.1,0.031,105.9,37.5,0.098,90.5,30.9,0.088,243.2,99.0,0.254,28.6,18.6,0.032,189.0,85.9,0.173,51.2,19.0,0.053,60.5,60.3,0.061,70.2,71.7,0.058,36.1,16.1,0.035,291.1,202.4,0.318,109.5,36.3,0.11,147.8,109.2,0.105,218.1,166.3,0.248,101.1,38.1,0.092,33.2,16.1,0.031,79.4,30.7,0.077,103.7,126.6,0.085,29.5,10.2,0.029,27.8,16.0,0.024,98.2,58.2,0.072,54.5,21.2,0.055,253.4,196.3,0.287,93.1,174.7,0.049,95.9,34.9,0.09,43.1,16.8,0.045
0133268AR,564.8,53.2,1194.0,0.0,1.0,0.33,146.3,0.0,0.0,192.3,0.0,0.0,222.5,0.0,0.0,231.4,0.0,0.0,64.1,0.0,0.0,39.3,1.4,0.0,129.4,0.0,0.0,74.1,0.0,0.0,40.7,3.3,0.0,120.5,0.0,0.0,102.0,0.0,0.0,252.1,0.0,0.0,34.8,2.1,0.0,188.7,0.0,0.0,63.1,0.0,0.0,72.5,0.0,0.0,76.9,0.0,0.0,44.5,0.0,0.0,272.7,0.0,0.0,124.7,0.0,0.0,143.3,0.0,0.0,232.4,0.0,0.0,109.7,0.0,0.0,41.2,0.0,0.0,93.4,0.0,0.0,114.2,0.0,0.0,35.8,4.6,0.0,35.3,0.3,0.0,104.3,0.0,0.0,67.5,0.0,0.0,245.3,0.0,0.0,92.4,0.0,0.0,107.9,0.0,0.0,52.8,1.5,0.0
0133269AR,1025.1,1063.59,85.0,0.0,1.0,1.0,147.8,0.0,0.0,194.6,0.0,0.0,252.9,0.0,0.0,238.3,0.0,0.0,64.1,4.0,0.0,39.3,12.8,0.0,130.0,2.7,0.0,74.1,20.7,0.0,40.7,18.3,0.0,120.5,12.7,0.0,102.0,5.2,0.0,268.5,0.0,0.0,34.8,28.2,0.0,200.1,0.0,0.0,63.1,10.7,0.0,72.5,13.8,0.0,76.9,0.0,0.0,44.5,18.8,0.0,316.2,0.0,0.0,124.7,5.6,0.0,152.7,0.0,0.0,240.1,0.0,0.0,109.7,0.0,0.0,41.2,12.7,0.0,93.4,7.1,0.0,116.4,0.0,0.0,35.8,24.3,0.0,35.3,14.9,0.0,106.3,0.0,0.0,67.5,10.7,0.0,278.9,0.0,0.0,93.1,0.0,0.0,107.9,9.4,0.0,52.8,18.0,0.0
0133277AR,1108.19,1068.73,33.0,0.0,1.0,1.0,147.8,75.2,0.0,194.6,82.8,0.0,252.9,196.7,0.0,238.3,100.6,0.0,64.1,137.8,0.0,39.3,49.2,0.0,130.0,82.6,0.0,74.1,126.1,0.0,40.7,47.5,0.0,120.5,92.9,0.0,102.0,84.6,0.0,268.5,107.5,0.0,34.8,56.7,0.0,200.1,66.0,0.0,63.1,59.4,0.0,72.5,158.5,0.0,76.9,133.9,0.0,44.5,46.6,0.0,316.2,202.2,0.0,124.7,89.4,0.0,152.7,32.2,0.0,240.1,201.1,0.0,109.7,59.6,0.0,41.2,48.6,0.0,93.4,80.4,0.0,116.4,132.4,0.0,35.8,31.2,0.0,35.3,52.0,0.0,106.3,55.3,0.0,67.5,65.1,0.0,278.9,197.5,0.0,93.1,46.8,0.0,107.9,83.3,0.0,52.8,48.5,0.0
0133283AR,991.96,664.65,15.0,0.0,1.0,1.0,147.8,138.9,0.0,194.6,166.9,0.0,252.9,421.3,0.0,238.3,197.4,0.0,64.1,167.0,0.0,39.3,51.3,0.0,130.0,117.5,0.0,74.1,141.0,0.0,40.7,47.5,0.0,120.5,115.2,0.0,102.0,101.6,0.0,268.5,227.9,0.0,34.8,56.7,0.0,200.1,176.8,0.0,63.1,63.7,0.0,72.5,190.7,0.0,76.9,223.9,0.0,44.5,48.5,0.0,316.2,467.0,0.0,124.7,111.5,0.0,152.7,170.7,0.0,240.1,409.9,0.0,109.7,116.6,0.0,41.2,50.6,0.0,93.4,96.1,0.0,116.4,313.1,0.0,35.8,31.2,0.0,35.3,54.3,0.0,106.3,140.4,0.0,67.5,73.8,0.0,278.9,450.6,0.0,93.1,279.1,0.0,107.9,106.7,0.0,52.8,50.4,0.0
0133291AR,474.51,445.23,6.0,0.0,0.83,0.33,147.1,52.3,0.0,193.7,63.0,0.0,248.3,159.4,0.0,232.6,70.1,0.0,64.1,52.3,0.0,37.8,14.2,0.0,126.6,38.7,0.0,74.1,40.0,0.0,37.7,14.0,0.0,118.2,35.7,0.0,99.3,32.0,0.0,263.6,85.0,0.0,32.2,16.9,0.0,197.3,76.2,0.0,63.1,18.4,0.0,72.5,58.2,0.0,76.9,78.9,0.0,42.8,14.7,0.0,309.9,187.4,0.0,121.3,34.5,0.0,152.0,94.0,0.0,234.4,152.9,0.0,108.9,41.3,0.0,39.6,14.6,0.0,90.9,29.6,0.0,116.4,129.9,0.0,33.1,9.6,0.0,34.0,15.6,0.0,106.3,59.7,0.0,67.5,20.9,0.0,275.2,178.5,0.0,93.1,148.6,0.0,105.1,33.9,0.0,51.7,14.1,0.0
0133299AR,878.72,150.77,21.0,1.0,1.0,0.83,147.8,146.6,0.127,194.6,179.7,0.189,252.9,460.0,0.238,238.3,210.4,0.214,64.1,167.0,0.051,39.3,51.3,0.029,130.0,117.5,0.118,74.1,141.0,0.066,40.7,47.5,0.031,120.5,115.2,0.098,102.0,101.6,0.088,268.5,247.1,0.254,34.8,56.7,0.032,200.1,210.0,0.173,63.1,63.7,0.053,72.5,190.7,0.061,76.9,229.6,0.058,44.5,48.5,0.035,316.2,515.4,0.318,124.7,111.5,0.11,152.7,228.4,0.105,240.1,447.8,0.248,109.7,120.2,0.092,41.2,50.6,0.031,93.4,96.1,0.077,116.4,348.3,0.085,35.8,31.2,0.029,35.3,54.3,0.024,106.3,160.4,0.072,67.5,73.8,0.055,278.9,504.4,0.287,93.1,363.5,0.049,107.9,106.7,0.09,52.8,50.4,0.045
0133300AR,1005.69,636.07,6.0,0.0,1.0,0.83,147.8,144.2,0.0,194.6,179.3,0.0,252.9,459.2,0.0,238.3,207.3,0.0,64.1,145.1,0.0,39.3,40.8,0.0,130.0,108.7,0.0,74.1,121.3,0.0,40.7,36.8,0.0,120.5,102.7,0.0,102.0,91.8,0.0,268.5,244.0,0.0,34.8,43.9,0.0,200.1,210.0,0.0,63.1,52.9,0.0,72.5,165.7,0.0,76.9,224.7,0.0,44.5,38.3,0.0,316.2,514.7,0.0,124.7,99.3,0.0,152.7,228.4,0.0,240.1,447.1,0.0,109.7,119.8,0.0,41.2,40.4,0.0,93.4,84.0,0.0,116.4,348.3,0.0,35.8,24.2,0.0,35.3,43.0,0.0,106.3,160.4,0.0,67.5,63.3,0.0,278.9,504.4,0.0,93.1,363.5,0.0,107.9,96.5,0.0,52.8,39.9,0.0
0133310AR,794.53,944.5,1437.0,0.0,1.0,1.0,137.9,120.4,0.0,182.2,144.0,0.0,238.8,368.3,0.0,224.0,174.8,0.0,61.7,163.8,0.0,37.5,51.3,0.0,123.0,108.3,0.0,73.2,141.0,0.0,40.7,47.5,0.0,114.5,111.5,0.0,94.5,97.5,0.0,253.1,201.1,0.0,34.8,56.7,0.0,185.6,156.4,0.0,62.4,63.7,0.0,69.5,188.5,0.0,70.2,189.9,0.0,44.5,48.5,0.0,300.2,411.6,0.0,117.9,107.0,0.0,140.0,162.2,0.0,225.7,358.1,0.0,99.7,100.1,0.0,40.2,50.6,0.0,88.6,94.3,0.0,106.3,267.9,0.0,35.8,31.2,0.0,33.7,54.3,0.0,96.7,120.1,0.0,66.7,73.8,0.0,263.3,392.7,0.0,82.9,260.8,0.0,100.1,102.4,0.0,52.8,50.4,0.0
0133311AR,1102.52,1067.72,85.0,0.0,1.0,1.0,147.8,77.0,0.0,194.6,84.6,0.0,252.9,201.7,0.0,238.3,103.8,0.0,64.1,139.2,0.0,39.3,49.6,0.0,130.0,83.2,0.0,74.1,126.1,0.0,40.7,47.5,0.0,120.5,93.3,0.0,102.0,85.0,0.0,268.5,110.3,0.0,34.8,56.7,0.0,200.1,68.2,0.0,63.1,59.7,0.0,72.5,159.8,0.0,76.9,137.5,0.0,44.5,47.3,0.0,316.2,208.1,0.0,124.7,90.1,0.0,152.7,34.5,0.0,240.1,204.9,0.0,109.7,61.2,0.0,41.2,48.9,0.0,93.4,80.8,0.0,116.4,137.6,0.0,35.8,31.2,0.0,35.3,52.4,0.0,106.3,57.3,0.0,67.5,65.8,0.0,278.9,201.8,0.0,93.1,50.7,0.0,107.9,83.7,0.0,52.8,49.1,0.0
0133317AR,169.76,661.08,1535.0,0.0,0.83,0.83,144.7,103.3,0.0,193.1,116.0,0.0,248.6,285.6,0.0,230.8,138.7,0.0,64.1,150.6,0.0,39.3,51.3,0.0,127.4,98.2,0.0,74.1,134.4,0.0,38.3,47.5,0.0,118.0,102.9,0.0,102.0,91.7,0.0,263.8,151.0,0.0,34.1,56.7,0.0,198.5,115.2,0.0,61.6,62.2,0.0,72.5,180.7,0.0,76.9,174.1,0.0,43.5,48.5,0.0,312.0,299.3,0.0,122.1,99.6,0.0,152.0,99.2,0.0,236.0,282.3,0.0,109.7,88.5,0.0,40.2,50.6,0.0,93.4,89.7,0.0,114.9,214.0,0.0,35.1,31.2,0.0,35.3,54.3,0.0,104.9,92.6,0.0,67.5,70.3,0.0,274.1,297.4,0.0,93.1,161.8,0.0,107.9,95.7,0.0,51.6,50.4,0.0
0133318AR,260.84,778.94,201.0,0.0,1.0,0.33,147.8,49.0,0.0,194.6,50.0,0.0,252.9,123.7,0.0,238.3,66.0,0.0,64.1,85.5,0.0,39.3,22.8,0.0,130.0,50.1,0.0,74.1,76.5,0.0,40.7,18.0,0.0,120.5,56.3,0.0,102.0,49.0,0.0,268.5,65.7,0.0,34.8,20.8,0.0,200.1,47.0,0.0,63.1,35.3,0.0,72.5,94.0,0.0,76.9,84.0,0.0,44.5,20.6,0.0,316.2,129.8,0.0,124.7,52.5,0.0,152.7,34.5,0.0,240.1,121.8,0.0,109.7,40.2,0.0,41.2,24.6,0.0,93.4,47.6,0.0,116.4,90.5,0.0,35.8,10.6,0.0,35.3,26.3,0.0,106.3,36.4,0.0,67.5,41.7,0.0,278.9,131.3,0.0,93.1,43.5,0.0,107.9,53.4,0.0,52.8,22.7,0.0
0133323AR,744.07,48.01,3394.0,0.0,1.0,1.0,146.4,13.4,0.0,186.9,17.7,0.0,221.4,38.3,0.0,233.0,21.0,0.0,64.1,10.9,0.0,39.3,7.7,0.0,130.0,11.2,0.0,74.1,9.4,0.0,40.7,9.2,0.0,118.8,10.0,0.0,102.0,7.0,0.0,248.5,24.0,0.0,34.8,7.3,0.0,194.4,21.3,0.0,63.1,4.1,0.0,72.5,16.6,0.0,76.9,26.6,0.0,44.5,3.1,0.0,279.0,55.8,0.0,124.7,9.6,0.0,147.6,23.7,0.0,227.4,39.3,0.0,109.7,10.4,0.0,41.2,7.6,0.0,93.4,8.3,0.0,115.7,33.7,0.0,35.8,12.0,0.0,35.3,9.0,0.0,105.6,16.6,0.0,67.5,4.9,0.0,244.9,54.5,0.0,92.4,33.7,0.0,107.9,9.2,0.0,52.8,5.9,0.0
0133326AR,221.07,897.28,748.0,0.0,0.5,0.17,94.8,37.5,0.0,126.3,42.4,0.0,154.5,105.6,0.0,143.3,49.5,0.0,38.4,48.5,0.0,22.0,13.6,0.0,75.3,30.2,0.0,45.8,38.4,0.0,22.6,14.4,0.0,71.7,31.4,0.0,57.9,29.3,0.0,160.8,53.9,0.0,19.7,17.4,0.0,124.1,47.0,0.0,38.8,17.0,0.0,43.3,54.6,0.0,49.6,58.5,0.0,25.5,13.9,0.0,194.4,107.9,0.0,71.4,30.3,0.0,95.3,43.2,0.0,145.9,106.2,0.0,67.4,31.2,0.0,23.4,13.5,0.0,53.1,27.7,0.0,70.4,81.4,0.0,18.3,9.0,0.0,19.4,14.4,0.0,68.0,36.8,0.0,41.2,20.0,0.0,170.4,102.5,0.0,57.8,77.0,0.0,61.6,28.7,0.0,32.7,12.9,0.0
0133328AR,416.86,57.36,50149.0,0.0,1.0,0.0,147.8,0.0,0.0,190.0,0.0,0.0,223.0,0.0,0.0,237.6,0.0,0.0,64.1,0.0,0.0,39.3,0.0,0.0,130.0,0.0,0.0,74.1,0.0,0.0,40.7,0.0,0.0,120.5,0.0,0.0,102.0,0.0,0.0,252.2,0.0,0.0,34.8,0.0,0.0,196.7,0.0,0.0,63.1,0.0,0.0,72.5,0.0,0.0,76.9,0.0,0.0,44.5,0.0,0.0,278.1,0.0,0.0,124.7,0.0,0.0,150.6,0.0,0.0,234.5,0.0,0.0,109.7,0.0,0.0,41.2,0.0,0.0,93.4,0.0,0.0,116.4,0.0,0.0,35.8,0.0,0.0,35.3,0.0,0.0,106.3,0.0,0.0,67.5,0.0,0.0,245.9,0.0,0.0,93.1,0.0,0.0,107.9,0.0,0.0,52.8,0.0,0.0
0133329AR,684.41,49.82,2632.0,0.0,1.0,1.0,147.8,24.9,0.0,194.6,26.3,0.0,245.6,65.2,0.0,238.3,29.3,0.0,64.1,37.3,0.0,39.3,16.0,0.0,130.0,17.8,0.0,74.1,27.3,0.0,40.7,21.7,0.0,120.5,22.3,0.0,102.0,20.1,0.0,260.7,37.8,0.0,34.8,28.6,0.0,200.1,26.4,0.0,63.1,15.2,0.0,72.5,43.0,0.0,76.9,36.4,0.0,44.5,14.5,0.0,302.3,73.3,0.0,124.7,21.6,0.0,147.6,24.8,0.0,240.1,60.7,0.0,109.7,16.0,0.0,41.2,15.7,0.0,93.4,21.7,0.0,116.4,46.6,0.0,35.8,24.6,0.0,35.3,19.1,0.0,106.3,20.4,0.0,67.5,14.3,0.0,266.6,73.1,0.0,93.1,42.2,0.0,107.9,19.9,0.0,52.8,15.4,0.0
0133331AR,830.34,162.56,67.0,1.0,1.0,0.67,147.8,91.1,0.127,194.6,112.9,0.189,252.9,291.5,0.238,238.3,132.5,0.214,64.1,104.1,0.051,39.3,32.0,0.029,130.0,73.7,0.118,74.1,89.0,0.066,40.7,29.4,0.031,120.5,72.1,0.098,102.0,63.0,0.088,268.5,156.1,0.254,34.8,36.1,0.032,200.1,136.6,0.173,63.1,40.3,0.053,72.5,118.9,0.061,76.9,145.6,0.058,44.5,30.1,0.035,316.2,325.7,0.318,124.7,69.9,0.11,152.7,158.8,0.105,240.1,283.0,0.248,109.7,76.2,0.092,41.2,31.4,0.031,93.4,59.5,0.077,116.4,221.9,0.085,35.8,19.1,0.029,35.3,34.6,0.024,106.3,102.6,0.072,67.5,46.8,0.055,278.9,320.2,0.287,93.1,248.9,0.049,107.9,66.0,0.09,52.8,31.1,0.045
0133334AR,1081.05,914.66,50.0,1.0,1.0,0.83,147.8,111.7,0.127,194.6,138.0,0.189,252.9,360.2,0.238,238.3,162.9,0.214,64.1,125.8,0.051,39.3,38.7,0.029,130.0,89.9,0.118,74.1,107.8,0.066,40.7,36.1,0.031,120.5,88.5,0.098,102.0,77.4,0.088,268.5,192.3,0.254,34.8,43.9,0.032,200.1,165.2,0.173,63.1,48.5,0.053,72.5,143.7,0.061,76.9,172.4,0.058,44.5,37.0,0.035,316.2,410.4,0.318,124.7,85.5,0.11,152.7,188.5,0.105,240.1,350.2,0.248,109.7,91.1,0.092,41.2,38.4,0.031,93.4,73.3,0.077,116.4,267.2,0.085,35.8,24.2,0.029,35.3,40.8,0.024,106.3,122.5,0.072,67.5,56.0,0.055,278.9,393.6,0.287,93.1,294.3,0.049,107.9,81.5,0.09,52.8,38.6,0.045
0133335AR,588.07,52.69,1469.0,0.0,1.0,0.83,142.3,0.0,0.0,187.3,0.0,0.0,216.6,0.0,0.0,224.7,0.0,0.0,64.1,0.0,0.0,39.3,0.6,0.0,130.0,0.0,0.0,74.1,0.0,0.0,40.7,1.5,0.0,120.5,0.0,0.0,102.0,0.0,0.0,243.1,0.0,0.0,34.8,1.0,0.0,188.1,0.0,0.0,63.1,0.0,0.0,72.5,0.0,0.0,76.9,0.0,0.0,44.5,0.7,0.0,271.5,0.7,0.0,124.7,0.0,0.0,142.7,0.6,0.0,226.4,0.0,0.0,109.7,0.0,0.0,41.2,0.6,0.0,93.4,0.0,0.0,116.4,0.0,0.0,35.8,9.6,0.0,35.3,0.6,0.0,106.3,0.0,0.0,67.5,0.0,0.0,238.8,0.7,0.0,93.1,0.0,0.0,107.9,0.0,0.0,52.8,0.6,0.0
0133339AR,778.01,296.23,207100.0,0.0,1.0,1.0,147.8,112.6,0.0,194.6,134.3,0.0,252.9,338.7,0.0,238.3,162.5,0.0,64.1,147.1,0.0,39.3,51.3,0.0,130.0,98.1,0.0,74.1,134.9,0.0,40.7,47.5,0.0,120.5,104.0,0.0,102.0,89.9,0.0,268.5,185.1,0.0,34.8,56.7,0.0,200.1,146.4,0.0,63.1,63.4,0.0,72.5,176.0,0.0,76.9,181.6,0.0,44.5,48.5,0.0,316.2,385.0,0.0,124.7,96.7,0.0,152.7,153.6,0.0,240.1,329.2,0.0,109.7,91.6,0.0,41.2,50.6,0.0,93.4,86.1,0.0,116.4,252.7,0.0,35.8,31.2,0.0,35.3,54.3,0.0,106.3,116.1,0.0,67.5,70.5,0.0,278.9,372.5,0.0,93.1,243.3,0.0,107.9,94.5,0.0,52.8,50.4,0.0
0133340AR,1062.56,845.3,113.0,1.0,1.0,0.83,147.8,108.7,0.127,194.6,137.9,0.189,252.9,359.3,0.238,238.3,161.0,0.214,64.1,111.7,0.051,39.3,38.7,0.029,130.0,79.8,0.118,74.1,101.8,0.066,40.7,37.1,0.031,120.5,81.0,0.098,102.0,70.7,0.088,268.5,190.7,0.254,34.8,43.9,0.032,200.1,174.0,0.173,63.1,46.7,0.053,72.5,137.7,0.061,76.9,160.7,0.058,44.5,37.0,0.035,316.2,409.2,0.318,124.7,77.8,0.11,152.7,196.4,0.105,240.1,353.5,0.248,109.7,87.6,0.092,41.2,38.4,0.031,93.4,69.3,0.077,116.4,272.7,0.085,35.8,24.6,0.029,35.3,40.8,0.024,106.3,129.8,0.072,67.5,52.9,0.055,278.9,408.1,0.287,93.1,315.9,0.049,107.9,74.6,0.09,52.8,38.6,0.045
0133343AR,804.93,396.04,206070.0,0.0,1.0,1.0,147.8,114.1,0.0,194.6,137.6,0.0,252.9,349.5,0.0,238.3,166.0,0.0,64.1,150.3,0.0,39.3,51.3,0.0,130.0,99.8,0.0,74.1,135.5,0.0,40.7,47.5,0.0,120.5,105.0,0.0,102.0,90.7,0.0,268.5,190.6,0.0,34.8,56.7,0.0,200.1,151.8,0.0,63.1,63.4,0.0,72.5,171.6,0.0,76.9,183.7,0.0,44.5,48.5,0.0,316.2,395.7,0.0,124.7,98.7,0.0,152.7,157.8,0.0,240.1,339.7,0.0,109.7,92.9,0.0,41.2,50.6,0.0,93.4,86.8,0.0,116.4,260.0,0.0,35.8,31.2,0.0,35.3,54.3,0.0,106.3,119.1,0.0,67.5,70.9,0.0,278.9,381.5,0.0,93.1,251.7,0.0,107.9,92.2,0.0,52.8,50.4,0.0
0133354AR,461.77,424.88,13736.0,0.0,0.83,0.83,145.1,70.0,0.0,192.2,82.0,0.0,246.9,209.0,0.0,228.6,102.2,0.0,64.1,93.4,0.0,36.3,33.9,0.0,126.6,63.5,0.0,71.0,83.6,0.0,37.7,32.6,0.0,118.2,65.5,0.0,99.3,57.2,0.0,262.0,107.9,0.0,32.2,40.3,0.0,195.2,90.8,0.0,60.5,39.6,0.0,71.7,107.8,0.0,76.9,116.4,0.0,41.2,32.4,0.0,304.8,222.4,0.0,121.3,62.9,0.0,149.9,93.9,0.0,233.8,209.5,0.0,106.7,59.3,0.0,38.1,33.6,0.0,89.6,55.2,0.0,115.6,149.1,0.0,31.1,22.9,0.0,32.7,35.6,0.0,105.5,66.8,0.0,64.7,43.3,0.0,272.2,222.3,0.0,93.1,144.0,0.0,105.1,60.2,0.0,50.6,33.8,0.0
0133359AR,787.99,970.89,5.0,0.0,0.67,0.83,73.8,28.6,0.0,95.1,35.4,0.0,120.0,84.5,0.0,135.8,44.4,0.0,33.5,33.9,0.0,25.3,15.9,0.0,79.1,26.9,0.0,42.6,32.4,0.0,26.1,13.9,0.0,69.1,27.4,0.0,61.6,21.3,0.0,142.2,44.8,0.0,22.8,17.5,0.0,104.1,39.6,0.0,36.1,16.6,0.0,40.1,41.6,0.0,37.4,55.4,0.0,29.4,12.3,0.0,139.5,97.8,0.0,71.9,25.2,0.0,69.9,39.2,0.0,135.1,83.6,0.0,65.6,24.5,0.0,27.0,15.7,0.0,57.8,21.2,0.0,59.9,64.2,0.0,23.5,12.4,0.0,22.3,18.3,0.0,51.5,30.3,0.0,38.3,18.9,0.0,126.6,99.7,0.0,40.0,60.7,0.0,65.5,22.9,0.0,30.9,14.1,0.0
0133366AR,831.89,1013.57,834.0,0.0,1.0,0.17,145.5,79.5,0.0,188.5,98.6,0.0,243.2,256.3,0.0,228.9,111.8,0.0,64.1,73.2,0.0,39.3,18.5,0.0,128.0,55.5,0.0,74.1,58.6,0.0,40.7,15.3,0.0,119.1,48.6,0.0,99.9,43.2,0.0,257.2,134.2,0.0,34.8,16.9,0.0,190.4,122.1,0.0,63.1,25.3,0.0,71.9,81.8,0.0,74.9,120.3,0.0,44.5,17.3,0.0,299.6,287.8,0.0,124.0,50.7,0.0,149.9,140.7,0.0,229.9,246.0,0.0,107.1,64.9,0.0,41.2,17.6,0.0,90.9,39.4,0.0,114.2,186.5,0.0,35.8,8.7,0.0,35.3,17.5,0.0,104.3,88.8,0.0,67.5,30.5,0.0,268.2,279.2,0.0,92.2,226.0,0.0,106.5,46.8,0.0,52.8,18.6,0.0
0133367AR,255.23,767.68,154.0,0.0,0.5,0.33,96.0,59.0,0.0,131.6,78.2,0.0,177.1,206.2,0.0,158.1,94.4,0.0,37.1,64.3,0.0,19.9,18.6,0.0,82.2,49.6,0.0,41.3,57.8,0.0,22.0,16.5,0.0,76.3,47.3,0.0,59.8,38.3,0.0,186.1,108.7,0.0,18.4,23.0,0.0,133.0,105.0,0.0,35.0,24.2,0.0,38.8,69.5,0.0,43.3,94.6,0.0,24.1,16.9,0.0,220.8,233.0,0.0,77.3,45.0,0.0,109.9,124.3,0.0,165.7,205.7,0.0,64.3,50.4,0.0,22.2,18.5,0.0,54.3,35.5,0.0,75.1,151.1,0.0,18.3,11.3,0.0,17.5,20.0,0.0,67.7,70.4,0.0,37.2,30.0,0.0,195.3,226.9,0.0,63.1,185.8,0.0,63.6,42.8,0.0,30.1,17.7,0.0
0133370AR,798.04,371.44,27.0,0.0,1.0,1.0,147.8,115.2,0.0,194.6,136.2,0.0,252.9,344.2,0.0,238.3,163.9,0.0,64.1,146.4,0.0,39.3,51.3,0.0,130.0,98.1,0.0,74.1,133.5,0.0,40.7,47.5,0.0,120.5,103.7,0.0,102.0,89.5,0.0,268.5,187.5,0.0,34.8,56.7,0.0,200.1,148.6,0.0,63.1,62.8,0.0,72.5,174.5,0.0,76.9,179.4,0.0,44.5,48.5,0.0,316.2,388.6,0.0,124.7,96.7,0.0,152.7,155.8,0.0,240.1,334.5,0.0,109.7,92.1,0.0,41.2,50.6,0.0,93.4,84.7,0.0,116.4,257.1,0.0,35.8,31.2,0.0,35.3,54.3,0.0,106.3,118.1,0.0,67.5,69.8,0.0,278.9,376.7,0.0,93.1,248.6,0.0,107.9,94.1,0.0,52.8,50.4,0.0
0133377AR,1103.89,1002.05,50.0,0.0,1.0,0.5,147.2,145.6,0.0,194.6,178.4,0.0,252.3,454.1,0.0,236.0,207.8,0.0,64.1,166.3,0.0,39.3,51.1,0.0,129.2,116.8,0.0,74.1,140.1,0.0,40.7,47.5,0.0,119.7,114.5,0.0,101.4,100.8,0.0,267.6,244.3,0.0,34.8,56.7,0.0,199.4,207.8,0.0,63.1,63.3,0.0,72.5,189.9,0.0,76.9,227.6,0.0,44.5,48.5,0.0,315.4,510.2,0.0,123.9,110.9,0.0,152.7,227.1,0.0,239.3,441.5,0.0,109.0,119.1,0.0,41.2,50.3,0.0,92.8,95.7,0.0,116.4,346.0,0.0,35.1,30.8,0.0,35.3,54.0,0.0,106.3,159.3,0.0,67.5,73.4,0.0,278.2,499.4,0.0,93.1,361.9,0.0,107.3,106.1,0.0,52.8,50.2,0.0
0133379AR,767.05,305.8,2146.0,0.0,0.83,0.83,128.3,45.9,0.0,168.9,57.8,0.0,207.0,140.1,0.0,213.5,69.2,0.0,61.4,55.8,0.0,39.3,20.1,0.0,121.3,40.5,0.0,71.0,54.4,0.0,40.7,18.6,0.0,113.2,42.3,0.0,99.3,32.8,0.0,235.9,74.2,0.0,34.8,25.0,0.0,171.0,65.7,0.0,60.5,24.3,0.0,69.4,65.3,0.0,70.3,79.4,0.0,44.5,18.6,0.0,264.1,153.1,0.0,116.3,38.5,0.0,129.4,67.1,0.0,215.1,143.2,0.0,102.3,39.7,0.0,41.2,19.9,0.0,90.9,32.5,0.0,108.4,101.6,0.0,35.8,16.7,0.0,35.3,22.3,0.0,95.3,49.5,0.0,64.7,27.8,0.0,228.2,148.8,0.0,79.5,105.0,0.0,104.3,35.5,0.0,50.6,19.7,0.0
0133382AR,112.24,746.37,52.0,0.0,0.83,0.33,139.6,34.4,0.0,182.0,41.3,0.0,227.4,95.7,0.0,221.3,45.5,0.0,62.1,46.6,0.0,37.1,15.6,0.0,125.7,30.3,0.0,71.8,43.3,0.0,36.2,14.8,0.0,113.2,31.0,0.0,95.9,28.9,0.0,245.7,51.0,0.0,31.0,17.9,0.0,185.8,42.3,0.0,61.1,19.5,0.0,70.2,55.4,0.0,76.0,59.3,0.0,39.5,15.2,0.0,284.2,103.2,0.0,117.2,30.0,0.0,139.4,41.3,0.0,223.0,95.2,0.0,106.0,28.8,0.0,38.9,15.5,0.0,87.7,28.1,0.0,111.6,76.8,0.0,31.8,9.9,0.0,33.3,16.5,0.0,101.9,35.3,0.0,65.4,22.6,0.0,250.7,104.3,0.0,87.6,70.6,0.0,101.4,28.7,0.0,51.2,15.2,0.0
0133383AR,770.37,934.82,12.0,0.0,0.67,0.83,78.3,27.4,0.0,108.1,40.3,0.0,132.2,99.4,0.0,140.4,44.6,0.0,37.5,35.7,0.0,24.6,14.6,0.0,83.4,26.9,0.0,43.3,35.9,0.0,26.1,13.5,0.0,73.3,32.3,0.0,65.7,24.1,0.0,154.4,53.8,0.0,22.8,16.7,0.0,115.2,42.5,0.0,37.3,17.8,0.0,42.3,40.1,0.0,39.5,53.5,0.0,28.6,14.0,0.0,164.8,105.9,0.0,80.2,30.2,0.0,82.9,42.5,0.0,147.1,102.5,0.0,66.9,24.4,0.0,26.2,14.5,0.0,61.5,22.8,0.0,71.8,67.3,0.0,23.5,10.3,0.0,21.6,16.1,0.0,63.2,29.6,0.0,38.9,18.6,0.0,143.7,107.2,0.0,49.5,67.0,0.0,69.1,27.8,0.0,33.1,16.1,0.0
0133389AR,293.01,761.33,3527.0,0.0,1.0,0.33,95.4,20.3,0.0,125.6,25.9,0.0,151.8,66.0,0.0,159.4,29.6,0.0,49.7,19.6,0.0,31.4,8.4,0.0,94.1,15.4,0.0,58.9,17.5,0.0,34.0,10.1,0.0,88.4,13.8,0.0,76.0,12.4,0.0,165.9,35.5,0.0,29.3,12.1,0.0,126.1,30.0,0.0,50.7,8.3,0.0,58.8,27.2,0.0,54.9,30.1,0.0,36.3,9.7,0.0,199.4,68.1,0.0,94.8,13.9,0.0,96.1,29.8,0.0,151.3,64.6,0.0,76.2,16.5,0.0,33.4,6.5,0.0,73.2,14.5,0.0,76.6,50.4,0.0,30.9,7.8,0.0,27.9,7.1,0.0,68.0,23.3,0.0,53.2,9.4,0.0,170.3,62.8,0.0,57.2,50.2,0.0,80.8,12.9,0.0,42.6,10.3,0.0
0133395AR,604.0,972.0,86.0,0.0,0.83,0.0,125.4,25.3,0.0,173.4,37.0,0.0,221.4,110.3,0.0,207.6,39.0,0.0,51.0,18.9,0.0,31.3,2.8,0.0,110.7,16.8,0.0,60.4,15.8,0.0,33.0,3.2,0.0,99.9,14.1,0.0,85.9,12.3,0.0,233.9,53.8,0.0,28.6,5.4,0.0,178.0,54.1,0.0,51.2,7.5,0.0,59.9,17.1,0.0,64.8,31.6,0.0,36.1,3.9,0.0,283.8,117.2,0.0,104.4,13.3,0.0,138.0,75.4,0.0,211.9,97.7,0.0,94.3,22.1,0.0,33.2,2.7,0.0,78.7,8.6,0.0,98.0,75.3,0.0,29.5,1.3,0.0,27.8,2.9,0.0,88.8,36.6,0.0,54.5,8.3,0.0,244.1,114.1,0.0,82.7,122.6,0.0,91.1,13.1,0.0,43.1,4.1,0.0
0133397AR,246.72,94.61,576.0,0.0,0.5,0.83,95.2,44.3,0.0,127.6,48.3,0.0,150.1,120.6,0.0,146.7,56.4,0.0,44.8,61.1,0.0,25.4,22.1,0.0,88.7,37.8,0.0,50.3,56.3,0.0,26.9,21.7,0.0,79.7,42.5,0.0,69.1,38.2,0.0,160.7,62.9,0.0,23.4,28.8,0.0,123.1,48.3,0.0,42.6,26.0,0.0,50.6,70.8,0.0,50.2,65.5,0.0,29.5,23.9,0.0,189.0,131.1,0.0,85.2,38.3,0.0,87.0,44.8,0.0,150.2,115.9,0.0,70.6,33.7,0.0,27.0,21.9,0.0,64.6,36.3,0.0,75.1,91.1,0.0,22.1,17.8,0.0,22.4,22.5,0.0,67.5,40.1,0.0,48.1,29.2,0.0,165.5,126.9,0.0,52.4,79.4,0.0,73.5,39.9,0.0,34.2,23.6,0.0
0133398AR,792.1,400.13,763.0,0.0,0.67,0.83,108.8,44.9,0.0,150.6,57.2,0.0,181.1,137.6,0.0,189.3,69.2,0.0,47.7,55.8,0.0,31.4,22.9,0.0,106.6,41.2,0.0,56.2,56.4,0.0,32.0,21.1,0.0,90.0,44.0,0.0,83.8,35.6,0.0,204.7,73.3,0.0,28.0,26.5,0.0,165.7,64.1,0.0,47.7,25.9,0.0,56.3,69.3,0.0,60.4,82.9,0.0,35.8,19.1,0.0,235.7,160.7,0.0,102.6,41.5,0.0,123.2,67.6,0.0,190.7,142.6,0.0,94.4,39.4,0.0,32.9,22.7,0.0,76.8,35.5,0.0,98.5,108.6,0.0,28.1,15.9,0.0,27.9,24.2,0.0,84.6,47.9,0.0,50.8,29.2,0.0,205.5,148.5,0.0,76.7,109.0,0.0,88.9,39.4,0.0,38.7,23.0,0.0
0133401AR,355.93,59.2,49450.0,0.0,1.0,0.33,146.3,0.0,0.0,191.6,0.0,0.0,222.3,0.0,0.0,230.0,0.0,0.0,64.1,0.0,0.0,39.3,1.0,0.0,128.7,0.0,0.0,74.1,0.0,0.0,40.7,3.1,0.0,120.5,0.0,0.0,102.0,0.0,0.0,249.8,0.0,0.0,34.8,4.1,0.0,187.9,0.0,0.0,63.1,0.7,0.0,72.5,0.0,0.0,76.9,0.0,0.0,44.5,0.9,0.0,273.9,0.0,0.0,124.7,0.0,0.0,141.9,0.0,0.0,231.0,0.0,0.0,109.7,0.0,0.0,41.2,1.0,0.0,93.4,0.0,0.0,114.2,0.0,0.0,35.8,5.5,0.0,35.3,1.7,0.0,103.5,0.0,0.0,67.5,0.0,0.0,245.8,0.0,0.0,92.4,0.0,0.0,107.9,0.0,0.0,52.8,0.7,0.0
0133409AR,971.25,507.44,9.0,0.0,1.0,1.0,147.8,146.6,0.0,194.6,179.7,0.0,252.9,460.0,0.0,238.3,210.4,0.0,64.1,167.0,0.0,39.3,51.3,0.0,130.0,117.5,0.0,74.1,141.0,0.0,40.7,47.5,0.0,120.5,115.2,0.0,102.0,101.6,0.0,268.5,247.1,0.0,34.8,56.7,0.0,200.1,210.0,0.0,63.1,63.7,0.0,72.5,190.7,0.0,76.9,229.6,0.0,44.5,48.5,0.0,316.2,515.4,0.0,124.7,111.5,0.0,152.7,228.4,0.0,240.1,447.8,0.0,109.7,120.2,0.0,41.2,50.6,0.0,93.4,96.1,0.0,116.4,348.3,0.0,35.8,31.2,0.0,35.3,54.3,0.0,106.3,160.4,0.0,67.5,73.8,0.0,278.9,504.4,0.0,93.1,363.5,0.0,107.9,106.7,0.0,52.8,50.4,0.0
0133415AR,875.06,90.27,546156.0,1.0,0.33,0.17,59.5,25.6,0.127,82.3,27.4,0.189,105.3,68.4,0.234,103.3,33.4,0.211,26.0,29.0,0.051,17.2,10.2,0.029,50.7,18.7,0.118,30.9,24.3,0.066,18.2,8.8,0.031,48.4,20.4,0.098,41.5,18.3,0.088,117.9,39.7,0.25,15.9,10.4,0.032,88.2,31.1,0.173,26.2,12.0,0.053,29.3,34.7,0.061,30.3,37.5,0.058,20.0,8.0,0.035,140.8,81.7,0.306,48.7,17.0,0.11,67.9,34.9,0.105,107.3,66.9,0.244,48.8,18.6,0.092,18.3,9.9,0.031,38.1,14.1,0.077,52.7,56.9,0.085,14.4,6.5,0.029,15.2,11.2,0.024,46.0,26.3,0.072,27.8,13.0,0.055,123.4,86.3,0.282,39.0,51.8,0.049,44.1,19.0,0.09,23.3,8.2,0.045
0133416AR,838.58,118.32,788.0,1.0,0.5,0.17,91.2,42.0,0.127,123.5,50.4,0.177,157.0,118.2,0.227,127.4,53.7,0.204,32.6,36.5,0.051,18.0,10.2,0.029,67.3,27.0,0.118,36.9,24.8,0.066,19.0,10.0,0.031,60.5,25.1,0.098,49.4,25.5,0.088,157.6,62.5,0.242,16.5,11.1,0.032,115.1,60.2,0.163,31.2,12.2,0.053,36.2,42.1,0.061,46.9,59.0,0.058,20.8,10.7,0.035,197.3,138.7,0.279,60.6,24.9,0.11,92.9,64.5,0.105,135.7,121.0,0.237,60.5,31.0,0.092,19.1,10.2,0.031,43.9,22.1,0.077,66.8,104.4,0.085,16.4,6.3,0.029,15.9,9.8,0.024,64.7,48.6,0.072,33.2,12.8,0.055,174.8,129.9,0.273,54.0,116.4,0.049,52.4,24.6,0.09,25.9,10.1,0.045
0133417AR,912.46,291.03,11.0,0.0,1.0,1.0,147.8,146.6,0.0,194.6,179.7,0.0,252.9,460.0,0.0,238.3,210.4,0.0,64.1,167.0,0.0,39.3,51.3,0.0,130.0,117.5,0.0,74.1,141.0,0.0,40.7,47.5,0.0,120.5,115.2,0.0,102.0,101.6,0.0,268.5,247.1,0.0,34.8,56.7,0.0,200.1,210.0,0.0,63.1,63.7,0.0,72.5,190.7,0.0,76.9,229.6,0.0,44.5,48.5,0.0,316.2,515.4,0.0,124.7,111.5,0.0,152.7,228.4,0.0,240.1,447.8,0.0,109.7,120.2,0.0,41.2,50.6,0.0,93.4,96.1,0.0,116.4,348.3,0.0,35.8,31.2,0.0,35.3,54.3,0.0,106.3,160.4,0.0,67.5,73.8,0.0,278.9,504.4,0.0,93.1,363.5,0.0,107.9,106.7,0.0,52.8,50.4,0.0
0133421AR,474.18,467.01,41.0,0.0,1.0,0.33,147.8,92.9,0.0,194.6,103.4,0.0,252.9,266.6,0.0,238.3,131.0,0.0,64.1,99.9,0.0,39.3,30.0,0.0,130.0,75.4,0.0,74.1,86.0,0.0,40.7,28.1,0.0,120.5,71.1,0.0,102.0,62.0,0.0,268.5,136.6,0.0,34.8,34.4,0.0,200.1,114.0,0.0,63.1,37.8,0.0,72.5,113.3,0.0,76.9,140.6,0.0,44.5,28.8,0.0,316.2,286.7,0.0,124.7,67.5,0.0,152.7,117.2,0.0,240.1,264.8,0.0,109.7,75.2,0.0,41.2,29.8,0.0,93.4,58.0,0.0,116.4,193.8,0.0,35.8,18.7,0.0,35.3,31.6,0.0,106.3,87.4,0.0,67.5,44.6,0.0,278.9,276.3,0.0,93.1,180.7,0.0,107.9,65.4,0.0,52.8,30.1,0.0
0133423AR,852.3,44.81,68.0,1.0,1.0,1.0,143.0,0.0,0.127,187.3,0.0,0.189,221.8,0.0,0.238,227.0,0.3,0.214,64.1,0.0,0.051,39.3,0.9,0.029,130.0,0.0,0.118,74.1,0.0,0.066,40.7,2.8,0.031,118.8,0.0,0.098,102.0,0.0,0.088,245.3,0.3,0.254,34.8,3.4,0.032,182.2,0.0,0.173,63.1,0.0,0.053,72.5,0.0,0.061,76.9,0.0,0.058,44.5,1.2,0.035,272.2,0.7,0.318,124.7,0.0,0.11,134.5,0.0,0.105,227.9,0.0,0.248,109.7,0.0,0.092,41.2,0.9,0.031,93.4,0.0,0.077,116.4,0.0,0.085,35.8,11.8,0.029,35.3,1.8,0.024,106.3,0.0,0.072,67.5,0.0,0.055,239.0,0.0,0.287,87.8,0.0,0.049,107.9,0.0,0.09,52.8,0.9,0.045
0133429AR,979.94,618.34,243.0,0.0,1.0,1.0,147.8,146.6,0.0,194.6,179.7,0.0,252.9,460.0,0.0,238.3,210.4,0.0,64.1,167.0,0.0,39.3,51.3,0.0,130.0,117.5,0.0,74.1,141.0,0.0,40.7,47.5,0.0,120.5,115.2,0.0,102.0,101.6,0.0,268.5,247.1,0.0,34.8,56.7,0.0,200.1,210.0,0.0,63.1,63.7,0.0,72.5,190.7,0.0,76.9,229.6,0.0,44.5,48.5,0.0,316.2,515.4,0.0,124.7,111.5,0.0,152.7,228.4,0.0,240.1,447.8,0.0,109.7,120.2,0.0,41.2,50.6,0.0,93.4,96.1,0.0,116.4,348.3,0.0,35.8,31.2,0.0,35.3,54.3,0.0,106.3,160.4,0.0,67.5,73.8,0.0,278.9,504.4,0.0,93.1,363.5,0.0,107.9,106.7,0.0,52.8,50.4,0.0
0133431AR,325.07,743.58,4291.0,0.0,1.0,0.5,141.3,26.7,0.0,182.5,33.1,0.0,227.6,82.7,0.0,219.5,36.7,0.0,64.1,29.3,0.0,39.3,9.0,0.0,127.4,19.8,0.0,74.1,20.8,0.0,40.7,9.8,0.0,119.2,18.9,0.0,102.0,17.4,0.0,243.9,43.2,0.0,34.8,10.0,0.0,180.2,37.6,0.0,63.1,9.2,0.0,72.5,31.0,0.0,76.2,40.1,0.0,44.5,8.8,0.0,281.2,81.6,0.0,123.4,18.7,0.0,129.0,28.5,0.0,221.1,79.1,0.0,108.1,23.3,0.0,41.2,8.9,0.0,93.4,16.7,0.0,109.8,65.9,0.0,35.8,9.0,0.0,35.3,9.4,0.0,100.1,27.1,0.0,67.5,11.1,0.0,248.0,82.5,0.0,81.5,47.3,0.0,107.9,17.6,0.0,52.8,8.8,0.0
0133433AR,977.57,530.79,7.0,0.0,1.0,1.0,147.8,146.6,0.0,194.6,179.7,0.0,252.9,460.0,0.0,238.3,210.4,0.0,64.1,167.0,0.0,39.3,51.3,0.0,130.0,117.5,0.0,74.1,141.0,0.0,40.7,47.5,0.0,120.5,115.2,0.0,102.0,101.6,0.0,268.5,247.1,0.0,34.8,56.7,0.0,200.1,210.0,0.0,63.1,63.7,0.0,72.5,190.7,0.0,76.9,229.6,0.0,44.5,48.5,0.0,316.2,515.4,0.0,124.7,111.5,0.0,152.7,228.4,0.0,240.1,447.8,0.0,109.7,120.2,0.0,41.2,50.6,0.0,93.4,96.1,0.0,116.4,348.3,0.0,35.8,31.2,0.0,35.3,54.3,0.0,106.3,160.4,0.0,67.5,73.8,0.0,278.9,504.4,0.0,93.1,363.5,0.0,107.9,106.7,0.0,52.8,50.4,0.0
0133434AR,878.37,126.85,29.0,1.0,1.0,0.5,147.8,118.2,0.127,194.6,153.3,0.189,252.9,387.6,0.238,238.3,172.2,0.214,64.1,118.9,0.051,39.3,35.5,0.029,130.0,87.0,0.118,74.1,97.0,0.066,40.7,32.6,0.031,120.5,81.0,0.098,102.0,72.9,0.088,268.5,215.2,0.254,34.8,38.6,0.032,200.1,189.8,0.173,63.1,44.2,0.053,72.5,136.5,0.061,76.9,178.3,0.058,44.5,33.7,0.035,316.2,449.1,0.318,124.7,80.4,0.11,152.7,220.5,0.105,240.1,378.1,0.248,109.7,97.4,0.092,41.2,34.9,0.031,93.4,68.9,0.077,116.4,302.5,0.085,35.8,18.9,0.029,35.3,37.6,0.024,106.3,145.0,0.072,67.5,51.0,0.055,278.9,439.1,0.287,93.1,352.1,0.049,107.9,76.5,0.09,52.8,34.7,0.045
0133457AR,354.31,763.57,18.0,0.0,0.67,1.0,93.9,13.7,0.0,129.5,18.6,0.0,162.2,45.6,0.0,162.9,24.5,0.0,46.2,34.2,0.0,28.3,21.1,0.0,98.2,19.8,0.0,51.8,51.0,0.0,29.9,24.2,0.0,85.5,30.1,0.0,77.3,24.2,0.0,177.6,26.6,0.0,26.0,29.6,0.0,138.8,11.8,0.0,43.9,22.9,0.0,49.0,49.7,0.0,47.8,26.1,0.0,32.8,23.2,0.0,208.7,46.0,0.0,94.4,25.0,0.0,102.0,12.2,0.0,169.7,45.5,0.0,76.5,10.6,0.0,30.1,21.0,0.0,70.9,25.5,0.0,82.3,21.2,0.0,25.5,14.4,0.0,25.0,22.1,0.0,74.4,8.7,0.0,46.7,26.4,0.0,178.9,44.8,0.0,61.6,15.3,0.0,81.4,27.6,0.0,37.5,23.2,0.0
0133464AR,767.21,253.25,8.0,1.0,1.0,0.83,147.8,128.5,0.127,194.6,162.8,0.189,252.9,412.0,0.238,238.3,186.6,0.214,64.1,143.4,0.051,39.3,45.8,0.029,130.0,103.3,0.118,74.1,123.1,0.066,40.7,41.4,0.031,120.5,101.7,0.098,102.0,89.7,0.088,268.5,224.7,0.254,34.8,47.8,0.032,200.1,188.7,0.173,63.1,54.7,0.053,72.5,170.9,0.061,76.9,204.2,0.058,44.5,43.3,0.035,316.2,468.9,0.318,124.7,101.2,0.11,152.7,210.1,0.105,240.1,401.1,0.248,109.7,105.3,0.092,41.2,45.2,0.031,93.4,86.2,0.077,116.4,312.5,0.085,35.8,25.9,0.029,35.3,47.3,0.024,106.3,143.9,0.072,67.5,64.4,0.055,278.9,458.8,0.287,93.1,333.8,0.049,107.9,94.2,0.09,52.8,45.0,0.045
0133484AR,1059.35,833.71,152.0,1.0,1.0,1.0,147.8,123.8,0.127,194.6,156.0,0.189,252.9,401.9,0.238,238.3,180.4,0.214,64.1,138.4,0.051,39.3,46.1,0.029,130.0,96.7,0.118,74.1,117.9,0.066,40.7,42.4,0.031,120.5,94.8,0.098,102.0,85.0,0.088,268.5,212.9,0.254,34.8,51.1,0.032,200.1,187.6,0.173,63.1,55.3,0.053,72.5,154.1,0.061,76.9,192.7,0.058,44.5,43.4,0.035,316.2,445.3,0.318,124.7,93.6,0.11,152.7,206.0,0.105,240.1,393.2,0.248,109.7,103.2,0.092,41.2,45.5,0.031,93.4,78.3,0.077,116.4,299.9,0.085,35.8,28.6,0.029,35.3,48.6,0.024,106.3,140.6,0.072,67.5,61.4,0.055,278.9,441.6,0.287,93.1,329.7,0.049,107.9,87.9,0.09,52.8,45.5,0.045
0133485AR,160.31,308.32,4217.0,0.0,0.83,0.67,98.3,35.4,0.0,117.3,36.2,0.0,148.4,94.6,0.0,143.2,44.9,0.0,49.3,44.0,0.0,31.3,17.4,0.0,88.3,29.4,0.0,59.0,38.1,0.0,32.0,17.9,0.0,83.5,28.0,0.0,71.7,26.3,0.0,155.9,51.2,0.0,27.8,21.7,0.0,108.3,38.4,0.0,48.3,19.8,0.0,55.0,57.3,0.0,49.7,51.5,0.0,34.9,15.9,0.0,184.9,100.4,0.0,84.7,25.5,0.0,80.2,35.1,0.0,137.6,89.2,0.0,66.3,25.9,0.0,32.3,16.3,0.0,66.4,28.8,0.0,63.8,67.6,0.0,29.1,15.3,0.0,28.2,16.2,0.0,56.5,33.8,0.0,53.6,21.8,0.0,163.7,101.3,0.0,44.8,60.3,0.0,72.1,26.5,0.0,41.8,16.4,0.0
0133493AR,615.11,282.93,8.0,0.0,0.5,0.5,60.3,12.4,0.0,75.7,16.1,0.0,95.2,45.2,0.0,110.0,24.2,0.0,29.2,11.7,0.0,24.6,4.6,0.0,64.6,13.0,0.0,38.2,13.7,0.0,24.0,2.1,0.0,59.5,11.5,0.0,53.6,7.2,0.0,113.8,24.4,0.0,20.9,2.6,0.0,84.3,22.9,0.0,32.3,6.5,0.0,32.9,13.3,0.0,32.4,22.0,0.0,28.6,3.5,0.0,116.1,59.2,0.0,66.3,13.1,0.0,57.3,21.6,0.0,107.6,47.4,0.0,53.3,11.7,0.0,26.2,4.6,0.0,49.2,6.9,0.0,49.0,32.3,0.0,21.5,2.3,0.0,21.6,6.3,0.0,41.4,14.1,0.0,34.4,7.1,0.0,101.6,49.8,0.0,29.4,27.1,0.0,57.1,8.5,0.0,30.4,4.7,0.0
0133494AR,338.24,59.71,49202.0,0.0,1.0,0.0,142.3,0.0,0.0,188.2,0.0,0.0,223.3,0.0,0.0,228.2,0.0,0.0,64.1,0.0,0.0,39.3,0.0,0.0,130.0,0.0,0.0,74.1,0.0,0.0,40.7,0.0,0.0,120.5,0.0,0.0,102.0,0.0,0.0,247.0,0.0,0.0,34.8,0.0,0.0,188.6,0.0,0.0,63.1,0.0,0.0,72.5,0.0,0.0,76.9,0.0,0.0,44.5,0.0,0.0,279.8,0.0,0.0,124.7,0.0,0.0,143.3,0.0,0.0,230.8,0.0,0.0,109.7,0.0,0.0,41.2,0.0,0.0,93.4,0.0,0.0,116.4,0.0,0.0,35.8,0.0,0.0,35.3,0.0,0.0,106.3,0.0,0.0,67.5,0.0,0.0,246.2,0.0,0.0,93.1,0.0,0.0,107.9,0.0,0.0,52.8,0.0,0.0
0133502AR,1083.9,1072.09,19.0,0.0,1.0,1.0,147.8,0.0,0.0,194.6,0.0,0.0,252.9,0.0,0.004,238.3,0.4,0.003,64.1,10.9,0.0,39.3,19.4,0.0,130.0,4.0,0.0,74.1,16.2,0.0,40.7,24.6,0.0,120.5,12.6,0.0,102.0,5.9,0.0,268.5,0.0,0.004,34.8,29.7,0.0,200.1,0.0,0.0,63.1,14.5,0.0,72.5,23.7,0.0,76.9,0.0,0.0,44.5,16.4,0.0,316.2,0.0,0.012,124.7,9.9,0.0,152.7,0.0,0.0,240.1,0.0,0.004,109.7,0.0,0.0,41.2,19.6,0.0,93.4,11.7,0.0,116.4,0.0,0.0,35.8,25.3,0.0,35.3,21.4,0.0,106.3,0.0,0.0,67.5,8.4,0.0,278.9,0.0,0.004,93.1,0.0,0.0,107.9,7.3,0.0,52.8,19.1,0.0
0133503AR,829.27,45.69,927.0,1.0,1.0,1.0,142.3,22.1,0.127,188.2,27.9,0.189,228.1,70.3,0.238,230.3,33.1,0.214,64.1,34.2,0.051,39.3,13.7,0.029,130.0,23.2,0.118,74.1,36.2,0.066,40.7,11.9,0.031,120.5,27.2,0.098,102.0,22.5,0.088,252.2,36.5,0.254,34.8,14.0,0.032,191.2,29.3,0.173,63.1,14.5,0.053,72.5,38.0,0.061,76.9,41.2,0.058,44.5,12.7,0.035,284.6,73.7,0.318,124.7,25.6,0.11,147.0,24.7,0.105,232.9,72.7,0.248,109.7,19.8,0.092,41.2,13.5,0.031,93.4,19.0,0.077,116.4,47.5,0.085,35.8,13.5,0.029,35.3,15.5,0.024,106.3,21.1,0.072,67.5,18.8,0.055,251.5,71.2,0.287,93.1,42.4,0.049,107.9,23.3,0.09,52.8,14.2,0.045
0133516AR,495.11,398.75,1768.0,0.0,1.0,1.0,147.8,88.0,0.0,193.8,108.6,0.0,252.2,272.7,0.0,237.6,128.3,0.0,64.1,119.4,0.0,39.3,40.5,0.0,130.0,77.9,0.0,74.1,105.2,0.0,40.7,40.9,0.0,120.5,83.7,0.0,102.0,74.6,0.0,267.7,142.1,0.0,34.8,47.9,0.0,195.3,111.3,0.0,63.1,49.5,0.0,72.5,137.7,0.0,76.9,141.0,0.0,44.5,38.6,0.0,312.0,287.9,0.0,124.7,78.5,0.0,145.7,99.8,0.0,239.4,266.6,0.0,109.7,72.2,0.0,41.2,40.1,0.0,93.4,70.6,0.0,116.4,187.8,0.0,35.8,31.2,0.0,35.3,42.6,0.0,106.3,83.8,0.0,67.5,53.6,0.0,278.1,275.0,0.0,89.3,162.5,0.0,107.9,76.8,0.0,52.8,40.2,0.0
0133517AR,885.84,192.78,34.0,1.0,1.0,1.0,147.8,146.6,0.127,194.6,179.7,0.189,252.9,460.0,0.238,238.3,210.4,0.214,64.1,167.0,0.051,39.3,51.3,0.029,130.0,117.5,0.118,74.1,141.0,0.066,40.7,47.5,0.031,120.5,115.2,0.098,102.0,101.6,0.088,268.5,247.1,0.254,34.8,56.7,0.032,200.1,206.1,0.173,63.1,63.7,0.053,72.5,190.7,0.061,76.9,229.6,0.058,44.5,48.5,0.035,316.2,515.4,0.318,124.7,111.5,0.11,152.7,216.6,0.105,240.1,447.8,0.248,109.7,120.2,0.092,41.2,50.6,0.031,93.4,96.1,0.077,116.4,348.3,0.085,35.8,31.2,0.029,35.3,54.3,0.024,106.3,160.4,0.072,67.5,73.8,0.055,278.9,504.4,0.287,93.1,343.7,0.049,107.9,106.7,0.09,52.8,50.4,0.045
0133519AR,248.3,784.96,192.0,0.0,1.0,0.33,147.8,47.2,0.0,194.6,46.7,0.0,252.9,109.5,0.0,238.3,59.5,0.0,64.1,76.2,0.0,39.3,19.3,0.0,130.0,44.4,0.0,74.1,60.8,0.0,40.7,17.7,0.0,120.5,47.5,0.0,102.0,44.9,0.0,268.5,62.0,0.0,34.8,20.1,0.0,200.1,41.9,0.0,63.1,28.1,0.0,72.5,84.1,0.0,76.9,84.5,0.0,44.5,19.7,0.0,316.2,125.2,0.0,124.7,47.7,0.0,152.7,29.5,0.0,240.1,110.9,0.0,109.7,38.2,0.0,41.2,21.1,0.0,93.4,41.9,0.0,116.4,90.1,0.0,35.8,9.9,0.0,35.3,22.7,0.0,106.3,36.2,0.0,67.5,33.4,0.0,278.9,122.5,0.0,93.1,38.1,0.0,107.9,46.4,0.0,52.8,18.9,0.0
0133520AR,977.88,612.39,37.0,0.0,1.0,1.0,147.8,146.6,0.0,194.6,179.7,0.0,252.9,460.0,0.0,238.3,210.4,0.0,64.1,167.0,0.0,39.3,51.3,0.0,130.0,117.5,0.0,74.1,141.0,0.0,40.7,47.5,0.0,120.5,115.2,0.0,102.0,101.6,0.0,268.5,247.1,0.0,34.8,56.7,0.0,200.1,210.0,0.0,63.1,63.7,0.0,72.5,190.7,0.0,76.9,229.6,0.0,44.5,48.5,0.0,316.2,515.4,0.0,124.7,111.5,0.0,152.7,228.4,0.0,240.1,447.8,0.0,109.7,120.2,0.0,41.2,50.6,0.0,93.4,96.1,0.0,116.4,348.3,0.0,35.8,31.2,0.0,35.3,54.3,0.0,106.3,160.4,0.0,67.5,73.8,0.0,278.9,504.4,0.0,93.1,363.5,0.0,107.9,106.7,0.0,52.8,50.4,0.0
0133526AR,933.53,447.06,58.0,0.0,1.0,0.83,147.8,146.6,0.0,194.6,179.7,0.0,252.9,460.0,0.0,238.3,210.4,0.0,64.1,167.0,0.0,39.3,51.3,0.0,130.0,117.5,0.0,74.1,141.0,0.0,40.7,47.5,0.0,120.5,115.2,0.0,102.0,101.6,0.0,268.5,247.1,0.0,34.8,56.7,0.0,200.1,210.0,0.0,63.1,63.7,0.0,72.5,190.7,0.0,76.9,229.6,0.0,44.5,48.5,0.0,316.2,515.4,0.0,124.7,111.5,0.0,152.7,228.4,0.0,240.1,447.8,0.0,109.7,120.2,0.0,41.2,50.6,0.0,93.4,96.1,0.0,116.4,348.3,0.0,35.8,31.2,0.0,35.3,54.3,0.0,106.3,160.4,0.0,67.5,73.8,0.0,278.9,504.4,0.0,93.1,363.5,0.0,107.9,106.7,0.0,52.8,50.4,0.0
0133527AR,847.8,124.92,544480.0,1.0,0.83,0.17,134.7,31.5,0.127,172.1,38.9,0.189,215.6,105.7,0.238,197.9,45.8,0.214,60.5,38.1,0.051,34.6,12.6,0.029,116.7,26.1,0.118,70.4,36.4,0.066,35.7,10.7,0.031,108.3,24.3,0.098,91.7,24.4,0.088,224.8,55.0,0.254,30.4,13.4,0.032,176.5,45.6,0.173,60.0,15.7,0.053,68.4,45.5,0.061,72.7,47.4,0.058,39.0,11.6,0.035,278.3,96.6,0.318,111.8,23.7,0.11,142.2,48.2,0.105,200.3,100.0,0.248,96.6,28.0,0.092,36.2,11.2,0.031,83.9,20.5,0.077,109.3,64.8,0.085,31.2,7.3,0.029,32.5,13.5,0.024,102.9,34.0,0.072,64.2,20.5,0.055,250.2,102.7,0.287,92.4,75.4,0.049,96.9,23.4,0.09,46.4,11.9,0.045
0133531AR,59.42,599.47,42.0,0.0,1.0,1.0,147.8,123.1,0.0,194.6,146.4,0.0,252.9,371.9,0.0,238.3,175.3,0.0,64.1,147.3,0.0,39.3,47.2,0.0,130.0,101.4,0.0,74.1,127.1,0.0,40.7,43.6,0.0,120.5,102.5,0.0,102.0,90.4,0.0,268.5,200.7,0.0,34.8,50.2,0.0,200.1,167.5,0.0,63.1,57.4,0.0,72.5,173.5,0.0,76.9,194.6,0.0,44.5,45.3,0.0,316.2,414.8,0.0,124.7,97.3,0.0,152.7,167.7,0.0,240.1,362.2,0.0,109.7,101.5,0.0,41.2,46.5,0.0,93.4,85.5,0.0,116.4,283.9,0.0,35.8,26.8,0.0,35.3,49.8,0.0,106.3,130.0,0.0,67.5,66.5,0.0,278.9,407.9,0.0,93.1,274.5,0.0,107.9,95.0,0.0,52.8,47.0,0.0
0133539AR,911.72,365.73,38.0,0.0,1.0,0.83,147.8,146.6,0.0,194.6,179.7,0.0,252.9,460.0,0.0,238.3,210.4,0.0,64.1,167.0,0.0,39.3,51.3,0.0,130.0,116.8,0.0,74.1,141.0,0.0,40.7,47.5,0.0,120.5,115.2,0.0,102.0,101.6,0.0,268.5,246.7,0.0,34.8,56.7,0.0,200.1,210.0,0.0,63.1,63.7,0.0,72.5,190.7,0.0,76.9,229.6,0.0,44.5,48.5,0.0,316.2,515.4,0.0,124.7,111.5,0.0,152.7,228.4,0.0,240.1,447.8,0.0,109.7,120.2,0.0,41.2,50.6,0.0,93.4,96.1,0.0,116.4,348.3,0.0,35.8,31.2,0.0,35.3,54.3,0.0,106.3,160.4,0.0,67.5,73.8,0.0,278.9,504.4,0.0,93.1,363.5,0.0,107.9,106.7,0.0,52.8,50.4,0.0
0133545AR,1073.45,1063.49,14.0,0.92,1.0,1.0,147.8,71.3,0.117,194.6,78.9,0.177,252.9,187.8,0.201,238.3,104.1,0.181,64.1,134.9,0.051,39.3,48.9,0.029,130.0,86.0,0.109,74.1,124.7,0.066,40.7,47.5,0.031,120.5,97.1,0.09,102.0,83.2,0.088,268.5,103.0,0.215,34.8,56.7,0.032,200.1,61.0,0.163,63.1,58.7,0.053,72.5,161.6,0.061,76.9,137.4,0.058,44.5,48.5,0.035,316.2,192.7,0.279,124.7,88.4,0.101,152.7,35.3,0.096,240.1,191.8,0.21,109.7,64.3,0.092,41.2,48.2,0.031,93.4,79.1,0.077,116.4,124.3,0.085,35.8,31.2,0.029,35.3,51.6,0.024,106.3,51.5,0.072,67.5,65.1,0.055,278.9,188.2,0.242,93.1,42.2,0.049,107.9,87.5,0.082,52.8,48.5,0.045
0133547AR,1117.3,1053.53,125.0,0.0,0.83,0.33,147.8,143.1,0.0,194.6,176.5,0.0,250.4,449.4,0.0,235.2,204.9,0.0,64.1,161.2,0.0,39.3,50.5,0.0,130.0,113.1,0.0,74.1,133.8,0.0,40.7,44.8,0.0,120.5,109.8,0.0,102.0,98.1,0.0,265.0,242.3,0.0,34.8,55.6,0.0,197.5,207.5,0.0,63.1,60.8,0.0,72.5,184.1,0.0,76.9,222.7,0.0,44.5,46.1,0.0,312.9,506.5,0.0,124.7,106.7,0.0,152.7,216.6,0.0,237.0,436.9,0.0,109.7,117.1,0.0,41.2,49.8,0.0,93.4,92.7,0.0,116.4,344.6,0.0,35.8,28.3,0.0,35.3,52.5,0.0,106.3,159.4,0.0,67.5,70.1,0.0,276.1,495.9,0.0,93.1,350.6,0.0,107.9,102.6,0.0,52.8,48.1,0.0
0133549AR,867.53,100.2,545850.0,1.0,0.33,0.17,54.8,20.8,0.127,71.9,28.3,0.189,95.7,69.6,0.238,91.5,31.9,0.214,24.7,30.2,0.051,15.9,9.1,0.029,49.1,19.4,0.118,29.4,22.3,0.066,16.8,8.8,0.031,45.7,16.8,0.098,39.6,15.5,0.088,102.1,40.1,0.254,14.6,11.2,0.032,79.6,31.8,0.173,24.9,10.5,0.053,27.9,31.4,0.061,29.3,34.2,0.058,18.4,8.7,0.035,124.6,77.8,0.314,48.7,18.7,0.11,56.4,35.8,0.105,92.1,68.1,0.248,43.3,19.3,0.092,16.9,8.8,0.031,36.3,14.6,0.077,46.4,54.6,0.085,13.7,6.5,0.029,14.1,9.7,0.024,42.4,21.0,0.072,26.5,12.0,0.055,105.5,77.0,0.287,32.0,53.2,0.049,42.1,16.1,0.09,21.4,8.9,0.045
0133556AR,1079.17,1064.37,11.0,1.0,1.0,0.83,147.8,75.2,0.127,194.6,81.6,0.185,252.9,194.7,0.227,238.3,104.0,0.204,64.1,134.3,0.051,39.3,48.5,0.029,130.0,84.3,0.118,74.1,124.0,0.066,40.7,47.5,0.031,120.5,96.8,0.098,102.0,82.8,0.088,268.5,99.5,0.242,34.8,56.7,0.032,200.1,59.2,0.17,63.1,58.4,0.053,72.5,163.5,0.061,76.9,134.6,0.058,44.5,47.9,0.035,316.2,187.5,0.294,124.7,87.7,0.11,152.7,33.4,0.105,240.1,185.5,0.237,109.7,62.7,0.092,41.2,47.9,0.031,93.4,81.2,0.077,116.4,119.9,0.085,35.8,31.2,0.029,35.3,51.3,0.024,106.3,55.1,0.072,67.5,64.7,0.055,278.9,190.2,0.273,93.1,38.3,0.049,107.9,87.2,0.09,52.8,49.8,0.045
0133560AR,75.02,517.56,1909.0,0.0,0.67,0.33,93.1,41.4,0.0,116.7,49.6,0.0,149.5,121.9,0.0,138.9,52.8,0.0,44.3,50.7,0.0,26.3,16.4,0.0,75.8,33.4,0.0,51.9,46.5,0.0,29.6,16.2,0.0,79.3,34.2,0.0,62.2,33.3,0.0,155.7,64.4,0.0,21.7,20.0,0.0,105.6,52.1,0.0,44.1,19.7,0.0,48.2,56.8,0.0,45.6,62.9,0.0,30.7,17.2,0.0,179.3,136.8,0.0,78.6,32.7,0.0,87.4,55.9,0.0,137.1,117.0,0.0,61.0,32.9,0.0,29.3,16.3,0.0,57.0,29.2,0.0,62.3,96.6,0.0,24.4,10.4,0.0,23.4,17.2,0.0,57.6,43.6,0.0,47.1,24.0,0.0,164.9,131.9,0.0,47.5,97.8,0.0,65.9,33.5,0.0,37.6,17.2,0.0
0133568AR,120.98,627.9,71.0,0.0,1.0,0.33,24.7,0.0,0.0,29.1,0.0,0.0,50.6,0.7,0.0,52.9,0.3,0.0,5.8,0.0,0.0,9.1,0.0,0.0,21.3,0.3,0.0,9.9,0.0,0.0,9.6,0.0,0.0,18.3,0.0,0.0,14.6,0.0,0.0,52.2,0.7,0.0,8.3,0.0,0.0,34.1,0.0,0.0,8.5,0.0,0.0,9.6,0.0,0.0,9.4,0.0,0.0,10.5,0.0,0.0,57.0,1.4,0.0,21.1,0.3,0.0,16.9,0.0,0.0,47.2,0.7,0.0,17.8,0.0,0.0,9.6,0.0,0.0,14.6,0.0,0.0,16.2,0.7,0.0,5.9,0.0,0.0,8.1,0.0,0.0,14.3,0.0,0.0,9.0,0.0,0.0,53.0,0.8,0.0,9.4,0.0,0.0,17.7,0.0,0.0,11.6,0.0,0.0
0133585AR,109.87,431.96,2870.0,0.0,0.67,0.17,76.9,26.0,0.0,102.7,31.8,0.0,124.1,78.8,0.0,116.4,31.9,0.0,37.2,30.7,0.0,24.2,6.6,0.0,66.4,17.9,0.0,43.6,20.3,0.0,27.3,7.0,0.0,68.6,19.0,0.0,56.1,16.3,0.0,132.2,43.2,0.0,24.2,8.5,0.0,89.5,33.2,0.0,39.6,10.5,0.0,39.5,34.4,0.0,39.6,36.2,0.0,29.4,7.4,0.0,152.0,89.9,0.0,69.3,18.6,0.0,60.3,36.0,0.0,118.6,75.0,0.0,54.4,18.4,0.0,25.5,6.6,0.0,48.4,17.6,0.0,55.0,60.9,0.0,23.6,4.1,0.0,21.4,6.9,0.0,52.5,27.3,0.0,39.3,10.5,0.0,132.6,87.0,0.0,35.8,63.1,0.0,59.7,18.0,0.0,35.5,6.6,0.0
0133586AR,524.87,345.89,11.0,0.0,1.0,0.67,147.8,105.5,0.0,194.6,131.4,0.0,252.9,342.0,0.0,238.3,153.1,0.0,64.1,110.9,0.0,39.3,33.5,0.0,130.0,82.2,0.0,74.1,95.2,0.0,40.7,30.7,0.0,120.5,79.4,0.0,102.0,66.9,0.0,268.5,180.2,0.0,34.8,37.3,0.0,200.1,156.4,0.0,63.1,43.7,0.0,72.5,125.8,0.0,76.9,159.6,0.0,44.5,32.1,0.0,316.2,383.6,0.0,124.7,76.7,0.0,152.7,173.3,0.0,240.1,332.3,0.0,109.7,86.6,0.0,41.2,33.3,0.0,93.4,64.3,0.0,116.4,251.2,0.0,35.8,20.9,0.0,35.3,35.2,0.0,106.3,116.1,0.0,67.5,49.4,0.0,278.9,371.0,0.0,93.1,273.0,0.0,107.9,73.1,0.0,52.8,33.5,0.0
0133591AR,886.08,79.01,546457.0,1.0,0.33,0.33,55.5,45.9,0.127,77.9,58.4,0.189,105.4,140.4,0.238,94.6,65.6,0.214,22.4,55.4,0.051,12.7,19.9,0.029,48.5,36.4,0.118,25.0,48.9,0.066,13.3,18.4,0.031,44.8,39.3,0.098,37.1,36.0,0.088,110.3,75.9,0.254,11.5,21.8,0.032,77.8,60.3,0.173,21.2,23.5,0.053,25.3,66.9,0.061,26.5,77.9,0.058,14.5,18.1,0.035,135.8,145.8,0.318,46.5,34.0,0.11,65.3,67.8,0.105,98.9,137.8,0.248,40.4,40.0,0.092,13.4,19.4,0.031,34.1,31.1,0.077,44.5,106.3,0.085,11.8,11.9,0.029,11.3,21.2,0.024,38.8,50.8,0.072,22.6,26.0,0.055,117.8,148.1,0.287,35.7,108.3,0.049,39.4,37.3,0.09,17.3,18.7,0.045
0133593AR,127.69,388.33,3336.0,0.0,0.67,0.33,80.7,29.2,0.0,98.6,31.7,0.0,114.6,80.9,0.0,120.9,35.8,0.0,41.5,30.3,0.0,26.1,7.6,0.0,73.5,18.4,0.0,49.5,20.5,0.0,29.9,9.2,0.0,66.2,18.5,0.0,60.5,17.2,0.0,120.5,43.2,0.0,26.0,11.6,0.0,96.4,33.2,0.0,40.0,9.8,0.0,46.8,31.4,0.0,43.1,41.8,0.0,30.3,8.5,0.0,144.4,88.8,0.0,71.4,18.7,0.0,63.6,36.4,0.0,114.3,76.2,0.0,58.7,20.9,0.0,27.8,6.9,0.0,55.5,16.1,0.0,56.6,61.6,0.0,25.5,7.2,0.0,23.0,7.6,0.0,53.6,28.3,0.0,44.6,10.6,0.0,126.4,86.8,0.0,42.3,63.4,0.0,61.6,17.3,0.0,34.2,8.6,0.0
0133594AR,767.05,247.66,229101.0,1.0,1.0,0.83,147.8,138.9,0.127,194.6,170.3,0.189,252.9,428.2,0.238,238.3,195.9,0.214,64.1,155.2,0.051,39.3,47.2,0.029,130.0,109.8,0.118,74.1,131.1,0.066,40.7,42.0,0.031,120.5,108.1,0.098,102.0,95.3,0.088,268.5,232.3,0.254,34.8,48.4,0.032,200.1,195.1,0.173,63.1,57.4,0.053,72.5,178.8,0.061,76.9,222.4,0.058,44.5,43.0,0.035,316.2,488.9,0.318,124.7,104.2,0.11,152.7,217.8,0.105,240.1,416.9,0.248,109.7,113.8,0.092,41.2,46.5,0.031,93.4,90.1,0.077,116.4,333.0,0.085,35.8,26.3,0.029,35.3,49.8,0.024,106.3,153.3,0.072,67.5,68.6,0.055,278.9,478.5,0.287,93.1,349.8,0.049,107.9,99.7,0.09,52.8,44.7,0.045
0133597AR,881.72,96.75,8.0,1.0,0.83,0.33,140.9,61.7,0.127,185.5,78.8,0.189,239.2,198.0,0.238,225.4,89.9,0.214,58.4,70.1,0.051,34.0,21.6,0.029,120.1,49.8,0.118,64.7,56.9,0.066,34.0,19.4,0.031,111.4,47.8,0.098,95.1,41.8,0.088,259.0,107.4,0.254,29.3,22.4,0.032,195.3,93.3,0.173,54.9,26.7,0.053,67.1,80.1,0.061,74.2,103.4,0.058,38.7,19.8,0.035,305.7,218.5,0.318,115.2,47.1,0.11,152.0,102.6,0.105,227.0,194.0,0.248,106.3,50.8,0.092,35.7,21.1,0.031,87.1,39.4,0.077,113.5,152.0,0.085,29.5,12.2,0.029,30.3,23.0,0.024,103.6,70.9,0.072,61.8,30.3,0.055,269.3,217.0,0.287,93.1,159.3,0.049,100.7,44.8,0.09,46.1,20.6,0.045
0133601AR,323.74,507.16,51225.0,0.0,1.0,1.0,147.8,131.6,0.0,194.6,162.6,0.0,252.9,416.1,0.0,238.3,191.9,0.0,64.1,162.5,0.0,39.3,51.3,0.0,130.0,111.0,0.0,74.1,139.6,0.0,40.7,47.5,0.0,120.5,108.9,0.0,102.0,96.0,0.0,268.5,224.1,0.0,34.8,56.7,0.0,200.1,186.0,0.0,63.1,62.8,0.0,72.5,183.3,0.0,76.9,206.3,0.0,44.5,48.5,0.0,316.2,465.7,0.0,124.7,106.7,0.0,152.7,193.3,0.0,240.1,404.8,0.0,109.7,109.8,0.0,41.2,50.6,0.0,93.4,92.5,0.0,116.4,311.7,0.0,35.8,31.2,0.0,35.3,54.3,0.0,106.3,143.4,0.0,67.5,73.1,0.0,278.9,453.1,0.0,93.1,310.3,0.0,107.9,100.8,0.0,52.8,50.4,0.0
0133605AR,477.84,450.23,22.0,0.0,0.83,0.17,146.5,54.5,0.0,194.6,68.5,0.0,251.0,175.6,0.0,232.6,76.8,0.0,64.1,55.5,0.0,38.5,14.5,0.0,128.3,40.8,0.0,73.3,42.5,0.0,39.2,14.0,0.0,119.3,37.8,0.0,100.6,34.0,0.0,266.4,96.5,0.0,33.5,16.9,0.0,198.7,81.2,0.0,62.4,18.1,0.0,71.7,61.8,0.0,76.9,79.5,0.0,43.7,15.2,0.0,310.9,212.8,0.0,123.0,36.5,0.0,151.3,103.6,0.0,237.7,166.3,0.0,108.2,42.3,0.0,40.4,15.2,0.0,90.3,31.4,0.0,116.4,141.8,0.0,32.4,8.7,0.0,34.7,15.3,0.0,106.3,65.1,0.0,66.8,22.1,0.0,276.7,202.9,0.0,93.1,169.5,0.0,106.5,35.9,0.0,52.3,14.3,0.0
0133609AR,787.07,381.06,966.0,0.0,0.67,0.83,127.3,50.0,0.0,167.0,63.2,0.0,200.7,152.3,0.0,212.1,74.8,0.0,60.1,59.3,0.0,39.3,21.8,0.0,119.8,44.3,0.0,69.5,57.6,0.0,38.8,19.0,0.0,104.2,43.3,0.0,97.9,36.6,0.0,226.9,79.9,0.0,34.8,23.2,0.0,169.2,72.3,0.0,59.2,24.7,0.0,68.0,69.8,0.0,68.8,89.5,0.0,42.4,18.0,0.0,257.1,166.7,0.0,115.3,41.4,0.0,126.9,76.0,0.0,211.3,156.9,0.0,101.6,44.6,0.0,39.2,21.7,0.0,89.7,35.7,0.0,107.0,115.0,0.0,33.7,13.4,0.0,35.3,23.6,0.0,93.4,54.7,0.0,63.3,29.4,0.0,226.4,161.8,0.0,77.3,121.2,0.0,103.6,38.7,0.0,48.2,20.2,0.0
0133614AR,829.02,1008.41,367.0,0.0,0.83,0.17,132.5,72.9,0.0,167.4,89.9,0.0,219.6,235.3,0.0,204.0,98.1,0.0,61.9,77.7,0.0,38.6,18.8,0.0,114.1,51.1,0.0,71.6,58.5,0.0,40.0,18.7,0.0,108.3,48.5,0.0,89.4,46.4,0.0,230.8,123.1,0.0,34.2,20.4,0.0,153.4,110.6,0.0,60.3,25.3,0.0,67.6,79.4,0.0,69.5,107.0,0.0,43.7,18.8,0.0,265.2,265.8,0.0,111.3,49.5,0.0,123.8,132.7,0.0,204.8,223.3,0.0,94.5,58.6,0.0,40.5,18.6,0.0,81.9,42.8,0.0,98.2,179.7,0.0,32.5,10.9,0.0,34.8,19.6,0.0,90.4,83.0,0.0,65.2,30.4,0.0,242.2,254.0,0.0,69.3,213.7,0.0,94.7,46.9,0.0,52.3,18.1,0.0
0133615AR,811.0,1012.0,9.0,0.0,0.67,0.67,81.8,75.7,0.0,103.0,95.0,0.0,133.0,231.6,0.0,146.9,113.5,0.0,37.3,87.4,0.0,25.3,31.0,0.0,84.2,63.2,0.0,44.8,84.5,0.0,26.1,28.0,0.0,74.2,62.9,0.0,65.6,53.1,0.0,152.7,122.0,0.0,22.8,33.1,0.0,116.6,111.9,0.0,39.3,37.6,0.0,42.1,104.4,0.0,42.0,131.2,0.0,29.4,28.4,0.0,163.6,260.3,0.0,76.8,59.1,0.0,82.5,116.5,0.0,144.0,234.9,0.0,69.8,68.0,0.0,27.0,30.7,0.0,60.2,51.4,0.0,66.3,184.2,0.0,23.5,19.6,0.0,22.3,32.6,0.0,59.3,88.2,0.0,40.3,43.8,0.0,140.8,256.7,0.0,47.8,193.1,0.0,69.8,56.8,0.0,32.6,29.9,0.0
0133616AR,609.84,993.98,4.0,0.0,0.83,0.5,147.8,66.3,0.0,194.6,67.9,0.0,252.9,162.5,0.0,238.3,92.3,0.0,64.1,92.8,0.0,39.3,29.0,0.0,130.0,64.4,0.0,74.1,76.8,0.0,40.7,27.8,0.0,120.5,65.6,0.0,102.0,57.1,0.0,268.5,86.9,0.0,34.8,33.8,0.0,200.1,59.4,0.0,63.1,35.4,0.0,72.5,107.4,0.0,76.9,114.7,0.0,44.5,27.8,0.0,316.2,175.9,0.0,124.7,63.3,0.0,152.7,34.0,0.0,240.1,167.3,0.0,109.7,56.9,0.0,41.2,28.8,0.0,93.4,55.1,0.0,116.4,116.0,0.0,35.8,18.7,0.0,35.3,31.2,0.0,106.3,47.0,0.0,67.5,39.7,0.0,278.9,164.8,0.0,93.1,37.4,0.0,107.9,60.2,0.0,52.8,29.1,0.0
0133619AR,765.55,878.56,3262.0,0.89,1.0,0.67,147.8,106.3,0.113,194.6,127.8,0.139,252.9,322.2,0.189,238.3,153.1,0.171,64.1,144.1,0.051,39.3,44.5,0.029,130.0,95.8,0.105,74.1,121.5,0.056,40.7,40.4,0.031,120.5,97.7,0.087,102.0,86.2,0.074,268.5,176.7,0.203,34.8,48.7,0.032,200.1,135.0,0.127,63.1,55.0,0.053,72.5,165.3,0.061,76.9,170.4,0.058,44.5,41.9,0.035,316.2,357.1,0.22,124.7,94.1,0.098,152.7,138.1,0.093,240.1,313.5,0.198,109.7,89.2,0.077,41.2,43.8,0.031,93.4,82.5,0.065,116.4,235.7,0.072,35.8,24.1,0.029,35.3,47.1,0.024,106.3,103.8,0.072,67.5,63.8,0.055,278.9,339.5,0.228,93.1,222.0,0.049,107.9,89.6,0.08,52.8,43.5,0.045
0133622AR,791.07,213.72,48.0,1.0,1.0,1.0,147.8,146.6,0.127,194.6,179.7,0.189,252.9,460.0,0.238,238.3,210.4,0.214,64.1,167.0,0.051,39.3,51.3,0.029,130.0,117.5,0.118,74.1,141.0,0.066,40.7,47.5,0.031,120.5,115.2,0.098,102.0,101.6,0.088,268.5,247.1,0.254,34.8,56.7,0.032,200.1,210.0,0.173,63.1,63.7,0.053,72.5,190.7,0.061,76.9,229.6,0.058,44.5,48.5,0.035,316.2,515.4,0.318,124.7,111.5,0.11,152.7,228.4,0.105,240.1,447.8,0.248,109.7,120.2,0.092,41.2,50.6,0.031,93.4,96.1,0.077,116.4,348.3,0.085,35.8,31.2,0.029,35.3,54.3,0.024,106.3,160.4,0.072,67.5,73.8,0.055,278.9,504.4,0.287,93.1,363.5,0.049,107.9,106.7,0.09,52.8,50.4,0.045
0133624AR,974.83,600.63,58.0,0.0,1.0,0.83,147.8,146.6,0.0,194.6,179.7,0.0,252.9,460.0,0.0,238.3,210.4,0.0,64.1,167.0,0.0,39.3,51.3,0.0,130.0,117.5,0.0,74.1,141.0,0.0,40.7,47.5,0.0,120.5,115.2,0.0,102.0,101.6,0.0,268.5,247.1,0.0,34.8,56.7,0.0,200.1,210.0,0.0,63.1,63.7,0.0,72.5,190.7,0.0,76.9,229.6,0.0,44.5,48.5,0.0,316.2,515.4,0.0,124.7,111.5,0.0,152.7,228.4,0.0,240.1,447.8,0.0,109.7,120.2,0.0,41.2,50.6,0.0,93.4,96.1,0.0,116.4,348.3,0.0,35.8,30.7,0.0,35.3,54.3,0.0,106.3,160.4,0.0,67.5,73.8,0.0,278.9,504.4,0.0,93.1,363.5,0.0,107.9,106.7,0.0,52.8,50.4,0.0
0133632AR,398.72,515.12,564.0,0.0,1.0,1.0,147.8,140.9,0.0,194.6,161.4,0.0,252.9,404.1,0.0,238.3,191.0,0.0,64.1,167.0,0.0,39.3,51.3,0.0,130.0,117.2,0.0,74.1,141.0,0.0,40.7,47.5,0.0,120.5,115.2,0.0,102.0,101.6,0.0,268.5,211.0,0.0,34.8,56.7,0.0,200.1,173.4,0.0,63.1,63.7,0.0,72.5,190.7,0.0,76.9,227.1,0.0,44.5,48.5,0.0,316.2,428.6,0.0,124.7,111.5,0.0,152.7,160.1,0.0,240.1,400.6,0.0,109.7,114.2,0.0,41.2,50.6,0.0,93.4,96.1,0.0,116.4,304.1,0.0,35.8,31.2,0.0,35.3,54.3,0.0,106.3,135.4,0.0,67.5,73.8,0.0,278.9,426.4,0.0,93.1,261.1,0.0,107.9,106.7,0.0,52.8,50.4,0.0
0133634AR,1015.11,671.22,6.0,0.42,1.0,0.83,147.8,146.6,0.053,194.6,179.7,0.096,252.9,460.0,0.1,238.3,210.4,0.09,64.1,165.1,0.022,39.3,45.4,0.02,130.0,117.2,0.049,74.1,134.9,0.037,40.7,37.7,0.014,120.5,112.2,0.041,102.0,100.5,0.049,268.5,247.1,0.107,34.8,43.9,0.021,200.1,210.0,0.088,63.1,58.1,0.023,72.5,184.1,0.027,76.9,229.6,0.025,44.5,41.2,0.015,316.2,515.4,0.161,124.7,110.6,0.046,152.7,217.2,0.044,240.1,447.8,0.105,109.7,120.2,0.051,41.2,44.8,0.021,93.4,93.6,0.043,116.4,348.3,0.048,35.8,24.2,0.019,35.3,47.9,0.016,106.3,160.4,0.031,67.5,70.5,0.024,278.9,504.4,0.121,93.1,360.5,0.033,107.9,105.5,0.037,52.8,42.9,0.02
0133635AR,1064.1,851.0,57.0,1.0,1.0,0.83,147.8,102.1,0.127,194.6,132.5,0.189,252.9,348.6,0.238,238.3,157.5,0.214,64.1,118.8,0.051,39.3,38.7,0.029,130.0,82.2,0.118,74.1,99.2,0.066,40.7,36.1,0.031,120.5,83.4,0.098,102.0,73.3,0.088,268.5,185.1,0.254,34.8,43.9,0.032,200.1,163.3,0.173,63.1,47.0,0.053,72.5,135.2,0.061,76.9,155.5,0.058,44.5,37.0,0.035,316.2,394.3,0.318,124.7,78.5,0.11,152.7,187.9,0.105,240.1,341.5,0.248,109.7,85.9,0.092,41.2,38.4,0.031,93.4,70.1,0.077,116.4,251.4,0.085,35.8,24.6,0.029,35.3,40.8,0.024,106.3,117.0,0.072,67.5,51.5,0.055,278.9,381.5,0.287,93.1,289.3,0.049,107.9,77.3,0.09,52.8,38.6,0.045
0133642AR,768.88,311.89,2066.0,0.0,0.83,1.0,114.4,51.7,0.0,142.8,64.0,0.0,185.2,160.5,0.0,196.1,80.3,0.0,51.8,58.2,0.0,37.6,23.9,0.0,111.2,43.0,0.0,63.2,58.9,0.0,36.6,21.7,0.0,96.0,43.9,0.0,86.2,35.4,0.0,207.5,84.2,0.0,32.8,27.5,0.0,157.5,79.5,0.0,51.0,28.4,0.0,62.7,67.6,0.0,62.9,85.8,0.0,41.1,20.4,0.0,229.7,182.9,0.0,103.1,42.1,0.0,118.6,80.2,0.0,188.4,161.1,0.0,95.8,45.5,0.0,37.9,23.7,0.0,83.3,34.5,0.0,92.5,117.9,0.0,34.4,17.1,0.0,33.8,26.2,0.0,81.2,53.8,0.0,57.5,30.5,0.0,204.1,178.3,0.0,73.8,126.3,0.0,91.2,39.5,0.0,44.3,23.0,0.0
0133647AR,907.71,1046.47,6603.0,1.0,0.17,0.0,98.6,0.0,0.127,126.7,0.0,0.189,156.8,0.0,0.238,134.8,0.0,0.214,37.8,0.0,0.051,15.8,0.0,0.029,68.4,0.0,0.118,43.9,0.0,0.066,18.2,0.0,0.031,55.5,0.0,0.098,42.2,0.0,0.088,157.2,0.0,0.254,14.4,0.0,0.032,112.1,0.0,0.173,37.5,0.0,0.053,39.5,0.0,0.061,52.3,0.0,0.058,18.8,0.0,0.035,189.5,0.0,0.302,57.5,0.0,0.11,97.8,0.0,0.105,135.9,0.0,0.248,62.2,0.0,0.092,17.5,0.0,0.031,39.8,0.0,0.077,68.5,0.0,0.085,11.4,0.0,0.029,14.4,0.0,0.024,67.6,0.0,0.072,41.0,0.0,0.055,171.3,0.0,0.287,61.9,0.0,0.049,44.6,0.0,0.09,25.6,0.0,0.045
0133650AR,617.29,977.57,19.0,0.0,1.0,0.0,147.8,4.0,0.0,194.6,9.3,0.0,252.9,31.4,0.0,238.3,8.4,0.0,64.1,0.0,0.0,39.3,0.0,0.0,130.0,0.3,0.0,74.1,0.0,0.0,40.7,0.0,0.0,120.5,0.0,0.0,102.0,0.0,0.0,268.5,18.4,0.0,34.8,0.0,0.0,200.1,21.9,0.0,63.1,0.0,0.0,72.5,0.0,0.0,76.9,1.3,0.0,44.5,0.0,0.0,316.2,48.2,0.0,124.7,0.0,0.0,152.7,42.2,0.0,240.1,25.8,0.0,109.7,2.0,0.0,41.2,0.0,0.0,93.4,0.0,0.0,116.4,25.0,0.0,35.8,0.0,0.0,35.3,0.0,0.0,106.3,14.6,0.0,67.5,0.0,0.0,278.9,46.5,0.0,93.1,68.9,0.0,107.9,0.0,0.0,52.8,0.0,0.0
0133655AR,760.76,280.73,225.0,0.14,1.0,0.67,147.8,94.7,0.018,194.6,116.7,0.046,252.9,296.0,0.045,238.3,134.1,0.04,64.1,117.9,0.0,39.3,42.3,0.0,130.0,80.6,0.016,74.1,107.2,0.013,40.7,38.5,0.0,120.5,81.5,0.014,102.0,73.8,0.018,268.5,156.3,0.048,34.8,47.2,0.0,200.1,133.4,0.042,63.1,49.3,0.0,72.5,137.5,0.0,76.9,152.7,0.0,44.5,39.4,0.0,316.2,320.6,0.086,124.7,77.5,0.015,152.7,139.1,0.015,240.1,291.7,0.047,109.7,79.2,0.018,41.2,41.7,0.0,93.4,69.5,0.015,116.4,213.9,0.017,35.8,25.9,0.0,35.3,44.7,0.0,106.3,95.7,0.0,67.5,53.5,0.0,278.9,317.0,0.054,93.1,224.0,0.0,107.9,76.3,0.012,52.8,41.0,0.0
0133659AR,469.45,470.0,23.0,0.0,1.0,0.5,147.8,100.7,0.0,194.6,116.7,0.0,252.9,302.2,0.0,238.3,147.1,0.0,64.1,123.5,0.0,39.3,34.2,0.0,130.0,84.6,0.0,74.1,104.5,0.0,40.7,30.7,0.0,120.5,85.8,0.0,102.0,74.9,0.0,268.5,158.8,0.0,34.8,38.5,0.0,200.1,136.9,0.0,63.1,46.4,0.0,72.5,139.0,0.0,76.9,156.1,0.0,44.5,32.7,0.0,316.2,338.6,0.0,124.7,82.8,0.0,152.7,135.2,0.0,240.1,298.7,0.0,109.7,78.6,0.0,41.2,33.9,0.0,93.4,70.9,0.0,116.4,226.7,0.0,35.8,19.3,0.0,35.3,36.0,0.0,106.3,102.6,0.0,67.5,54.3,0.0,278.9,328.4,0.0,93.1,220.1,0.0,107.9,79.0,0.0,52.8,34.2,0.0
0133660AR,80.52,694.81,46.0,0.0,0.67,0.17,130.6,37.2,0.0,168.4,43.6,0.0,211.3,110.0,0.0,200.3,49.8,0.0,55.4,42.7,0.0,31.3,11.3,0.0,113.6,29.9,0.0,64.0,32.7,0.0,32.4,10.6,0.0,103.5,28.6,0.0,83.8,26.1,0.0,225.7,57.0,0.0,27.8,12.7,0.0,165.2,52.1,0.0,53.9,15.1,0.0,62.6,48.7,0.0,70.5,59.9,0.0,35.5,11.7,0.0,249.8,121.8,0.0,105.7,27.7,0.0,123.9,52.8,0.0,201.8,109.2,0.0,97.1,30.4,0.0,32.8,11.2,0.0,76.7,24.7,0.0,101.8,88.8,0.0,28.5,6.7,0.0,28.2,11.9,0.0,94.0,41.2,0.0,58.3,17.1,0.0,232.2,118.1,0.0,78.3,90.9,0.0,91.5,26.5,0.0,43.5,11.1,0.0
0133662AR,759.55,909.71,17.0,1.0,0.67,0.67,81.1,23.6,0.127,106.4,35.1,0.189,131.5,79.0,0.23,144.5,37.7,0.208,37.4,23.3,0.051,24.6,10.3,0.029,83.4,21.3,0.118,45.6,25.3,0.066,26.1,8.8,0.031,75.1,24.2,0.098,67.0,19.6,0.088,152.8,45.1,0.246,22.8,10.5,0.032,116.2,39.1,0.173,37.3,10.6,0.053,42.2,31.8,0.061,41.3,39.5,0.058,28.6,8.7,0.035,168.4,93.9,0.31,82.7,22.1,0.11,81.2,41.1,0.105,145.4,83.7,0.241,69.2,20.7,0.092,26.2,10.2,0.031,61.5,16.3,0.077,70.4,61.2,0.085,23.5,7.0,0.029,21.6,10.8,0.024,62.4,29.8,0.072,41.0,12.4,0.055,145.1,91.3,0.278,50.6,68.1,0.049,71.3,22.3,0.09,33.1,10.3,0.045
0133663AR,247.71,89.07,22281.0,0.0,0.83,0.83,109.0,54.7,0.0,140.3,61.2,0.0,168.5,152.4,0.0,169.4,70.4,0.0,48.9,79.2,0.0,30.6,28.6,0.0,101.7,47.9,0.0,56.5,68.5,0.0,32.2,28.3,0.0,89.1,51.5,0.0,79.3,46.3,0.0,180.8,79.6,0.0,28.0,35.0,0.0,138.7,60.5,0.0,47.9,31.5,0.0,55.2,89.2,0.0,60.1,83.4,0.0,35.3,28.2,0.0,212.0,164.7,0.0,97.7,48.7,0.0,97.0,57.6,0.0,169.7,146.7,0.0,84.6,43.1,0.0,32.4,28.4,0.0,72.8,45.7,0.0,85.4,113.9,0.0,27.5,22.3,0.0,27.1,30.1,0.0,76.9,50.0,0.0,52.4,35.1,0.0,185.8,159.3,0.0,57.6,99.8,0.0,84.3,48.6,0.0,39.8,28.7,0.0
0133664AR,1089.51,1073.06,16.0,0.0,1.0,1.0,147.8,0.0,0.0,194.6,0.0,0.0,252.9,0.0,0.0,238.3,0.4,0.0,64.1,13.5,0.0,39.3,18.4,0.0,130.0,3.0,0.0,74.1,18.4,0.0,40.7,23.2,0.0,120.5,11.5,0.0,102.0,5.2,0.0,268.5,0.0,0.0,34.8,27.9,0.0,200.1,0.0,0.0,63.1,13.4,0.0,72.5,19.5,0.0,76.9,0.0,0.0,44.5,15.6,0.0,316.2,0.0,0.0,124.7,8.9,0.0,152.7,0.0,0.0,240.1,0.0,0.0,109.7,0.0,0.0,41.2,18.3,0.0,93.4,10.0,0.0,116.4,0.0,0.0,35.8,24.1,0.0,35.3,20.1,0.0,106.3,0.0,0.0,67.5,7.5,0.0,278.9,0.0,0.0,93.1,0.0,0.0,107.9,8.7,0.0,52.8,18.4,0.0
0133684AR,798.42,46.43,537.0,1.0,1.0,1.0,145.1,0.0,0.127,185.5,0.0,0.189,215.9,0.0,0.238,223.1,0.0,0.214,64.1,0.0,0.051,39.3,1.4,0.029,130.0,0.0,0.118,74.1,0.0,0.066,40.7,6.5,0.031,120.5,0.0,0.098,102.0,0.0,0.088,241.7,0.0,0.254,34.8,4.6,0.032,191.0,0.0,0.173,63.1,0.7,0.053,72.5,0.0,0.061,76.9,0.0,0.058,44.5,1.7,0.035,270.0,0.0,0.318,124.7,0.0,0.11,143.3,0.0,0.105,224.7,0.0,0.248,109.7,0.0,0.092,41.2,1.4,0.031,93.4,0.0,0.077,116.4,0.0,0.085,35.8,11.4,0.029,35.3,1.2,0.024,106.3,0.0,0.072,67.5,0.0,0.055,238.0,0.0,0.287,93.1,0.0,0.049,107.9,0.0,0.09,52.8,4.4,0.045
0133685AR,822.83,465.77,12.0,0.0,1.0,1.0,147.8,146.6,0.0,194.6,179.7,0.0,252.9,460.0,0.0,238.3,210.4,0.0,64.1,167.0,0.0,39.3,51.3,0.0,130.0,117.5,0.0,74.1,141.0,0.0,40.7,47.5,0.0,120.5,115.2,0.0,102.0,101.6,0.0,268.5,247.1,0.0,34.8,56.7,0.0,200.1,210.0,0.0,63.1,63.7,0.0,72.5,190.7,0.0,76.9,229.6,0.0,44.5,48.5,0.0,316.2,515.4,0.0,124.7,111.5,0.0,152.7,228.4,0.0,240.1,447.8,0.0,109.7,120.2,0.0,41.2,50.6,0.0,93.4,96.1,0.0,116.4,348.3,0.0,35.8,31.2,0.0,35.3,54.3,0.0,106.3,160.4,0.0,67.5,73.8,0.0,278.9,504.4,0.0,93.1,363.5,0.0,107.9,106.7,0.0,52.8,50.4,0.0
0133698AR,942.41,401.2,7.0,0.0,1.0,0.83,147.8,122.2,0.0,194.6,156.9,0.0,252.9,412.3,0.0,238.3,184.8,0.0,64.1,126.5,0.0,39.3,38.7,0.0,130.0,92.6,0.0,74.1,107.8,0.0,40.7,36.1,0.0,120.5,88.9,0.0,102.0,77.8,0.0,268.5,220.9,0.0,34.8,43.9,0.0,200.1,202.2,0.0,63.1,48.5,0.0,72.5,143.7,0.0,76.9,184.4,0.0,44.5,37.0,0.0,316.2,470.5,0.0,124.7,86.5,0.0,152.7,225.3,0.0,240.1,401.2,0.0,109.7,101.9,0.0,41.2,38.4,0.0,93.4,73.3,0.0,116.4,316.7,0.0,35.8,24.2,0.0,35.3,40.8,0.0,106.3,148.7,0.0,67.5,56.0,0.0,278.9,468.6,0.0,93.1,360.5,0.0,107.9,81.9,0.0,52.8,38.6,0.0
0133700AR,804.59,449.6,251.0,0.0,0.67,0.83,108.0,43.0,0.0,142.7,59.6,0.0,170.3,146.0,0.0,179.8,67.8,0.0,52.0,52.5,0.0,35.9,18.7,0.0,103.6,37.6,0.0,57.2,48.8,0.0,34.2,15.9,0.0,93.9,42.9,0.0,87.2,33.8,0.0,193.4,77.8,0.0,30.1,20.3,0.0,159.4,69.5,0.0,48.5,21.9,0.0,56.9,58.7,0.0,62.2,76.3,0.0,36.9,18.0,0.0,220.8,163.1,0.0,103.4,39.2,0.0,120.1,75.7,0.0,181.1,148.5,0.0,90.0,37.8,0.0,35.9,18.6,0.0,80.5,30.1,0.0,95.2,106.4,0.0,28.8,10.6,0.0,32.1,20.2,0.0,85.1,51.9,0.0,51.8,25.2,0.0,194.1,158.1,0.0,71.8,121.2,0.0,92.4,38.3,0.0,40.7,19.6,0.0
0133701AR,125.26,394.61,3274.0,0.0,0.67,0.33,67.5,33.6,0.0,80.5,34.3,0.0,99.4,86.2,0.0,98.7,40.6,0.0,29.4,42.8,0.0,16.0,12.9,0.0,53.3,26.0,0.0,37.2,36.4,0.0,18.6,10.3,0.0,54.7,26.1,0.0,41.4,24.1,0.0,103.4,46.6,0.0,15.1,12.3,0.0,75.0,36.5,0.0,31.4,15.5,0.0,34.6,47.6,0.0,34.3,49.5,0.0,20.4,12.3,0.0,125.5,95.5,0.0,51.3,23.4,0.0,57.5,33.6,0.0,90.5,80.8,0.0,46.8,24.6,0.0,18.7,12.8,0.0,42.3,24.3,0.0,43.2,64.5,0.0,18.9,7.5,0.0,14.0,13.4,0.0,40.5,31.4,0.0,33.3,18.9,0.0,109.7,92.5,0.0,34.4,58.8,0.0,44.1,24.2,0.0,26.2,11.3,0.0
0133703AR,169.17,605.2,115.0,0.0,1.0,0.5,147.8,125.7,0.0,194.6,160.1,0.0,252.9,413.1,0.0,238.3,185.5,0.0,64.1,127.1,0.0,39.3,38.7,0.0,130.0,95.4,0.0,74.1,107.8,0.0,40.7,36.1,0.0,120.5,89.2,0.0,102.0,78.1,0.0,268.5,217.4,0.0,34.8,43.9,0.0,200.1,194.1,0.0,63.1,48.5,0.0,72.5,143.7,0.0,76.9,190.7,0.0,44.5,37.0,0.0,316.2,457.4,0.0,124.7,87.4,0.0,152.7,211.5,0.0,240.1,401.9,0.0,109.7,104.4,0.0,41.2,38.4,0.0,93.4,74.0,0.0,116.4,307.4,0.0,35.8,24.2,0.0,35.3,40.8,0.0,106.3,145.1,0.0,67.5,56.0,0.0,278.9,450.7,0.0,93.1,339.2,0.0,107.9,82.3,0.0,52.8,38.6,0.0
0133705AR,885.53,267.92,480.0,0.0,1.0,1.0,147.8,141.7,0.0,194.6,174.7,0.0,252.9,447.3,0.0,238.3,204.6,0.0,64.1,165.7,0.0,39.3,51.3,0.0,130.0,113.4,0.0,74.1,141.0,0.0,40.7,47.5,0.0,120.5,112.5,0.0,102.0,98.6,0.0,268.5,239.8,0.0,34.8,56.7,0.0,200.1,204.0,0.0,63.1,63.7,0.0,72.5,189.2,0.0,76.9,220.4,0.0,44.5,48.5,0.0,316.2,498.8,0.0,124.7,109.0,0.0,152.7,226.0,0.0,240.1,435.4,0.0,109.7,115.9,0.0,41.2,50.6,0.0,93.4,95.4,0.0,116.4,337.5,0.0,35.8,31.2,0.0,35.3,54.3,0.0,106.3,155.1,0.0,67.5,73.8,0.0,278.9,489.0,0.0,93.1,363.5,0.0,107.9,103.6,0.0,52.8,50.4,0.0
0133707AR,1048.85,793.18,78.0,1.0,1.0,0.83,147.8,137.9,0.127,194.6,168.7,0.189,252.9,435.4,0.238,238.3,195.4,0.214,64.1,147.1,0.051,39.3,42.2,0.029,130.0,106.3,0.118,74.1,121.3,0.066,40.7,39.9,0.031,120.5,104.6,0.098,102.0,89.9,0.088,268.5,230.7,0.254,34.8,48.7,0.032,200.1,205.0,0.173,63.1,56.0,0.053,72.5,170.8,0.061,76.9,215.5,0.058,44.5,41.8,0.035,316.2,491.2,0.318,124.7,99.6,0.11,152.7,226.7,0.105,240.1,423.8,0.248,109.7,111.6,0.092,41.2,41.8,0.031,93.4,86.5,0.077,116.4,333.2,0.085,35.8,26.0,0.029,35.3,46.4,0.024,106.3,153.4,0.072,67.5,63.3,0.055,278.9,486.5,0.287,93.1,363.5,0.049,107.9,97.7,0.09,52.8,43.5,0.045
0133714AR,620.29,51.62,1886.0,0.0,1.0,1.0,139.5,0.0,0.0,183.6,0.0,0.0,210.7,0.0,0.0,221.4,0.0,0.0,64.1,0.0,0.0,39.3,0.0,0.0,130.0,0.0,0.0,74.1,0.0,0.0,40.7,0.0,0.0,120.5,0.0,0.0,102.0,0.0,0.0,239.6,0.0,0.0,34.8,0.0,0.0,185.3,0.0,0.0,63.1,0.0,0.0,72.5,0.0,0.0,76.9,0.0,0.0,44.5,0.0,0.0,264.2,0.0,0.0,124.7,0.0,0.0,139.0,0.0,0.0,223.1,0.0,0.0,109.7,0.0,0.0,41.2,0.0,0.0,93.4,0.0,0.0,116.4,0.0,0.0,35.8,9.5,0.0,35.3,0.0,0.0,106.3,0.0,0.0,67.5,0.0,0.0,232.3,0.0,0.0,93.1,0.0,0.0,107.9,0.0,0.0,52.8,0.0,0.0
0133718AR,773.1,897.83,2755.0,0.94,1.0,0.5,147.8,103.7,0.12,194.6,118.1,0.15,252.9,308.3,0.201,238.3,146.7,0.181,64.1,140.9,0.051,39.3,44.5,0.029,130.0,91.4,0.112,74.1,121.5,0.061,40.7,41.0,0.031,120.5,96.0,0.093,102.0,84.4,0.081,268.5,168.9,0.215,34.8,48.7,0.032,200.1,130.0,0.138,63.1,55.0,0.053,72.5,163.2,0.061,76.9,165.2,0.058,44.5,41.9,0.035,316.2,344.8,0.232,124.7,90.8,0.104,152.7,134.0,0.099,240.1,299.9,0.21,109.7,82.2,0.084,41.2,43.8,0.031,93.4,80.4,0.071,116.4,219.8,0.079,35.8,26.3,0.029,35.3,47.1,0.024,106.3,100.1,0.072,67.5,63.8,0.055,278.9,335.4,0.242,93.1,211.4,0.049,107.9,88.5,0.085,52.8,43.5,0.045
0133726AR,365.91,400.9,1121.0,0.0,1.0,0.0,147.8,65.9,0.0,194.6,83.3,0.0,252.9,207.8,0.0,238.3,94.8,0.0,64.1,62.1,0.0,39.3,14.1,0.0,130.0,49.7,0.0,74.1,54.1,0.0,40.7,9.8,0.0,120.5,44.5,0.0,102.0,40.7,0.0,268.5,112.0,0.0,34.8,11.4,0.0,200.1,104.0,0.0,63.1,23.3,0.0,72.5,73.1,0.0,76.9,109.0,0.0,44.5,12.5,0.0,316.2,231.4,0.0,124.7,43.3,0.0,152.7,132.9,0.0,240.1,202.6,0.0,109.7,56.7,0.0,41.2,13.8,0.0,93.4,33.9,0.0,116.4,163.3,0.0,35.8,6.0,0.0,35.3,15.7,0.0,106.3,79.3,0.0,67.5,30.8,0.0,278.9,226.0,0.0,93.1,216.3,0.0,107.9,43.4,0.0,52.8,13.6,0.0
0133727AR,807.89,1006.0,6.0,0.0,0.67,0.5,87.2,46.3,0.0,105.7,55.2,0.0,130.1,133.8,0.0,154.1,69.3,0.0,38.7,51.7,0.0,27.6,19.0,0.0,89.5,37.5,0.0,46.4,48.7,0.0,26.9,17.6,0.0,73.9,39.1,0.0,66.3,30.5,0.0,146.7,71.8,0.0,23.4,23.7,0.0,119.3,68.4,0.0,41.3,22.9,0.0,43.6,61.8,0.0,45.2,78.2,0.0,29.4,15.6,0.0,160.8,159.3,0.0,81.8,37.4,0.0,83.8,70.2,0.0,140.6,135.6,0.0,74.2,39.8,0.0,29.3,19.2,0.0,63.3,30.3,0.0,68.4,103.2,0.0,24.1,14.7,0.0,24.4,21.7,0.0,59.6,46.4,0.0,41.7,25.3,0.0,137.6,154.7,0.0,50.1,107.2,0.0,70.5,34.4,0.0,33.6,18.1,0.0
0133728AR,632.08,991.89,136.0,0.0,0.83,0.17,123.6,61.5,0.0,155.2,75.8,0.0,197.0,195.8,0.0,185.0,78.9,0.0,57.5,45.9,0.0,37.8,9.1,0.0,109.3,37.8,0.0,68.3,33.2,0.0,36.9,7.4,0.0,104.8,30.4,0.0,87.5,25.2,0.0,209.0,106.1,0.0,31.6,7.7,0.0,139.6,96.8,0.0,58.2,10.9,0.0,64.2,45.3,0.0,66.0,82.2,0.0,42.8,7.8,0.0,235.8,226.5,0.0,104.5,32.6,0.0,103.5,86.9,0.0,186.3,190.7,0.0,85.2,46.9,0.0,39.6,8.9,0.0,80.1,24.2,0.0,86.7,161.0,0.0,32.4,4.2,0.0,34.0,8.8,0.0,80.6,75.4,0.0,62.1,16.4,0.0,211.4,208.7,0.0,60.2,160.5,0.0,92.7,27.6,0.0,51.2,8.1,0.0
0133740AR,369.09,533.92,135.0,0.0,1.0,1.0,147.8,100.5,0.0,194.6,113.2,0.0,252.9,285.1,0.0,238.3,140.9,0.0,64.1,145.5,0.0,39.3,49.9,0.0,130.0,90.6,0.0,74.1,124.3,0.0,40.7,47.5,0.0,120.5,96.1,0.0,102.0,87.1,0.0,268.5,151.7,0.0,34.8,56.7,0.0,200.1,117.1,0.0,63.1,59.5,0.0,72.5,167.9,0.0,76.9,161.6,0.0,44.5,47.9,0.0,316.2,301.4,0.0,124.7,92.4,0.0,152.7,105.9,0.0,240.1,280.3,0.0,109.7,83.8,0.0,41.2,49.3,0.0,93.4,84.6,0.0,116.4,211.5,0.0,35.8,31.2,0.0,35.3,52.8,0.0,106.3,93.2,0.0,67.5,65.1,0.0,278.9,306.7,0.0,93.1,167.0,0.0,107.9,89.4,0.0,52.8,49.8,0.0
0133742AR,930.35,435.37,104.0,0.0,1.0,0.83,147.8,146.6,0.0,194.6,179.7,0.0,252.9,460.0,0.0,238.3,210.4,0.0,64.1,167.0,0.0,39.3,51.3,0.0,130.0,117.5,0.0,74.1,141.0,0.0,40.7,47.5,0.0,120.5,115.2,0.0,102.0,101.6,0.0,268.5,247.1,0.0,34.8,56.7,0.0,200.1,210.0,0.0,63.1,63.7,0.0,72.5,190.7,0.0,76.9,229.6,0.0,44.5,48.5,0.0,316.2,515.4,0.0,124.7,111.5,0.0,152.7,228.4,0.0,240.1,447.8,0.0,109.7,120.2,0.0,41.2,50.6,0.0,93.4,96.1,0.0,116.4,348.3,0.0,35.8,31.2,0.0,35.3,54.3,0.0,106.3,160.4,0.0,67.5,73.8,0.0,278.9,504.4,0.0,93.1,363.5,0.0,107.9,106.7,0.0,52.8,50.4,0.0
0133746AR,871.24,94.95,545999.0,1.0,0.33,0.17,53.7,20.1,0.127,77.2,27.3,0.189,97.0,67.6,0.238,87.0,30.6,0.214,26.6,20.6,0.051,17.2,7.7,0.029,50.7,14.8,0.118,31.6,17.6,0.066,16.1,7.3,0.031,48.1,17.7,0.098,41.5,16.2,0.088,104.2,39.3,0.254,14.0,8.8,0.032,79.4,29.3,0.173,26.1,10.5,0.053,30.0,30.7,0.061,29.6,32.7,0.058,17.6,7.4,0.035,130.1,72.3,0.314,51.2,14.4,0.11,60.4,35.5,0.105,95.4,66.1,0.248,42.1,17.0,0.092,18.3,8.8,0.031,38.1,14.9,0.077,49.7,50.3,0.085,14.4,5.7,0.029,15.2,9.7,0.024,45.4,23.6,0.072,28.5,11.6,0.055,114.0,71.2,0.287,35.4,53.2,0.049,44.2,16.8,0.09,20.0,7.6,0.045
0133752AR,805.39,179.18,748.0,1.0,1.0,0.17,147.8,49.9,0.127,194.6,66.6,0.189,252.9,170.3,0.238,238.3,72.5,0.214,64.1,51.6,0.051,39.3,14.0,0.029,130.0,38.3,0.118,74.1,41.7,0.066,40.7,12.0,0.031,120.5,33.6,0.098,102.0,30.5,0.088,268.5,90.0,0.254,34.8,12.8,0.032,200.1,85.6,0.173,63.1,17.6,0.053,72.5,54.0,0.061,76.9,84.9,0.058,44.5,12.9,0.035,316.2,190.7,0.318,124.7,33.7,0.11,152.7,119.2,0.105,240.1,161.4,0.248,109.7,42.8,0.092,41.2,12.6,0.031,93.4,26.4,0.077,116.4,126.9,0.085,35.8,7.0,0.029,35.3,13.9,0.024,106.3,62.6,0.072,67.5,22.3,0.055,278.9,191.3,0.287,93.1,179.6,0.049,107.9,32.3,0.09,52.8,13.2,0.045
0133753AR,302.31,60.88,48754.0,0.0,1.0,0.0,147.8,0.0,0.0,194.6,0.0,0.0,242.3,0.0,0.0,238.3,0.0,0.0,64.1,0.0,0.0,39.3,0.0,0.0,130.0,0.0,0.0,74.1,0.0,0.0,40.7,0.0,0.0,120.5,0.0,0.0,102.0,0.0,0.0,257.2,0.0,0.0,34.8,0.0,0.0,200.1,0.0,0.0,63.1,0.0,0.0,72.5,0.0,0.0,76.9,0.0,0.0,44.5,0.0,0.0,290.1,0.0,0.0,124.7,0.0,0.0,143.9,0.0,0.0,240.1,0.0,0.0,109.7,0.0,0.0,41.2,0.0,0.0,93.4,0.0,0.0,116.4,0.0,0.0,35.8,0.0,0.0,35.3,0.0,0.0,106.3,0.0,0.0,67.5,0.0,0.0,261.6,0.0,0.0,93.1,0.0,0.0,107.9,0.0,0.0,52.8,0.0,0.0
0133756AR,207.22,192.74,711.0,0.0,0.67,0.33,95.1,31.4,0.0,113.7,32.9,0.0,141.3,85.9,0.0,143.4,40.4,0.0,48.6,41.0,0.0,30.0,15.2,0.0,86.1,27.0,0.0,57.1,40.4,0.0,28.8,14.1,0.0,82.3,26.5,0.0,67.8,24.7,0.0,148.6,46.2,0.0,26.3,17.3,0.0,104.1,38.0,0.0,48.5,16.7,0.0,53.1,48.5,0.0,51.9,46.0,0.0,31.5,14.4,0.0,175.8,97.1,0.0,81.8,24.3,0.0,77.4,35.7,0.0,133.1,81.8,0.0,68.1,23.1,0.0,29.8,15.2,0.0,65.3,23.4,0.0,64.2,63.1,0.0,24.9,10.4,0.0,26.9,15.0,0.0,59.5,30.7,0.0,51.7,19.4,0.0,155.8,94.0,0.0,44.5,64.8,0.0,72.0,24.7,0.0,39.6,14.4,0.0
0133763AR,50.91,576.84,482.0,0.0,0.67,0.67,135.6,109.1,0.0,182.2,132.6,0.0,231.9,332.2,0.0,217.5,157.4,0.0,55.9,134.8,0.0,32.2,44.3,0.0,120.7,91.3,0.0,65.5,116.6,0.0,34.4,42.1,0.0,106.6,92.9,0.0,91.2,83.9,0.0,245.6,182.4,0.0,28.6,51.1,0.0,187.5,145.7,0.0,53.5,54.7,0.0,64.1,153.3,0.0,70.8,177.0,0.0,37.7,42.1,0.0,280.8,381.1,0.0,112.0,89.8,0.0,146.3,160.2,0.0,223.9,322.9,0.0,102.0,89.8,0.0,34.7,43.8,0.0,83.6,77.9,0.0,108.4,252.6,0.0,29.5,30.3,0.0,28.6,45.3,0.0,100.8,117.1,0.0,59.4,60.7,0.0,247.7,365.5,0.0,91.5,254.7,0.0,96.7,84.0,0.0,44.4,43.9,0.0
0133766AR,513.62,369.1,4.0,0.0,1.0,0.83,147.8,114.3,0.0,194.6,134.7,0.0,252.9,346.5,0.0,238.3,165.3,0.0,64.1,152.2,0.0,39.3,50.6,0.0,130.0,97.7,0.0,74.1,134.9,0.0,40.7,46.5,0.0,120.5,102.6,0.0,102.0,90.2,0.0,268.5,183.2,0.0,34.8,56.7,0.0,200.1,147.7,0.0,63.1,61.9,0.0,72.5,175.0,0.0,76.9,187.9,0.0,44.5,47.6,0.0,316.2,373.3,0.0,124.7,98.1,0.0,152.7,148.0,0.0,240.1,340.6,0.0,109.7,99.1,0.0,41.2,49.9,0.0,93.4,88.2,0.0,116.4,252.0,0.0,35.8,31.2,0.0,35.3,53.5,0.0,106.3,111.9,0.0,67.5,70.6,0.0,278.9,367.6,0.0,93.1,231.2,0.0,107.9,93.7,0.0,52.8,49.5,0.0
0133767AR,475.18,158.81,53202.0,1.0,0.67,0.33,103.9,32.0,0.127,128.7,37.3,0.189,169.6,100.0,0.238,150.6,42.0,0.214,48.2,39.9,0.051,27.9,12.9,0.029,87.0,22.6,0.118,56.0,34.2,0.066,28.9,13.3,0.031,84.9,24.5,0.098,71.4,24.8,0.088,170.1,53.6,0.254,24.6,16.5,0.032,112.9,40.2,0.173,47.0,15.7,0.053,52.2,45.5,0.061,54.0,41.6,0.058,31.5,13.6,0.035,198.2,115.0,0.318,81.0,21.9,0.11,87.9,47.2,0.105,145.8,88.4,0.248,66.5,22.3,0.092,29.2,12.9,0.031,65.4,23.6,0.077,67.7,73.6,0.085,25.3,9.1,0.029,25.2,13.5,0.024,64.7,33.7,0.072,50.9,17.6,0.055,176.3,104.0,0.287,47.5,75.9,0.049,72.0,22.3,0.09,39.7,13.1,0.045
0133768AR,100.07,640.89,14.0,0.0,0.83,0.33,22.1,0.0,0.0,26.5,0.0,0.0,48.0,0.0,0.0,47.6,0.0,0.0,5.8,0.0,0.0,8.4,0.0,0.0,19.7,0.0,0.0,9.9,0.0,0.0,6.6,0.0,0.0,18.3,0.0,0.0,14.6,0.0,0.0,48.9,0.0,0.0,5.7,0.0,0.0,31.1,0.0,0.0,8.5,0.0,0.0,9.6,0.0,0.0,8.7,0.0,0.0,9.7,0.0,0.0,48.0,0.0,0.0,18.6,0.0,0.0,15.3,0.7,0.0,44.1,0.0,0.0,16.4,0.0,0.0,8.9,0.0,0.0,14.6,0.0,0.0,12.4,0.0,0.0,5.9,0.0,0.0,7.5,0.0,0.0,12.6,0.0,0.0,9.0,0.0,0.0,51.5,0.0,0.0,8.8,0.0,0.0,15.5,0.0,0.0,11.1,0.0,0.0
0133770AR,468.06,435.17,10.0,0.0,0.83,0.5,147.1,54.0,0.0,193.7,63.9,0.0,248.3,161.8,0.0,232.6,76.0,0.0,64.1,66.0,0.0,39.3,21.1,0.0,129.2,44.8,0.0,74.1,55.8,0.0,38.4,19.7,0.0,118.2,44.8,0.0,99.3,40.6,0.0,263.6,84.8,0.0,32.9,23.3,0.0,198.6,72.3,0.0,63.1,25.1,0.0,72.5,75.3,0.0,76.9,84.6,0.0,43.7,20.1,0.0,308.3,177.8,0.0,123.8,43.2,0.0,150.6,72.9,0.0,234.4,159.4,0.0,108.9,44.7,0.0,41.2,20.9,0.0,90.9,38.5,0.0,115.6,122.7,0.0,33.8,13.2,0.0,35.3,21.1,0.0,106.3,56.1,0.0,67.5,29.0,0.0,273.8,172.8,0.0,93.1,120.7,0.0,105.1,42.4,0.0,52.3,21.0,0.0
0133771AR,68.77,674.22,4388.0,0.0,0.67,0.17,124.7,46.3,0.0,165.6,53.5,0.0,202.0,132.3,0.0,191.3,64.2,0.0,56.5,62.9,0.0,31.1,20.6,0.0,102.9,41.4,0.0,62.3,55.0,0.0,30.3,20.0,0.0,99.2,41.4,0.0,85.0,38.7,0.0,217.7,68.5,0.0,27.0,24.4,0.0,165.7,59.3,0.0,51.6,24.3,0.0,64.5,71.0,0.0,69.6,75.8,0.0,34.2,20.5,0.0,247.8,142.0,0.0,101.2,40.0,0.0,125.4,56.1,0.0,195.2,133.6,0.0,95.6,39.6,0.0,31.5,21.0,0.0,77.8,36.2,0.0,103.3,100.7,0.0,27.1,12.0,0.0,27.9,21.0,0.0,94.8,46.0,0.0,56.7,28.6,0.0,222.7,138.3,0.0,80.6,97.1,0.0,89.9,38.3,0.0,43.2,20.6,0.0
0133773AR,813.17,980.15,462.0,0.0,1.0,0.5,141.7,65.4,0.0,186.9,76.7,0.0,245.1,207.2,0.0,230.7,91.5,0.0,62.5,74.7,0.0,38.4,22.8,0.0,124.5,53.2,0.0,72.4,63.6,0.0,40.2,21.3,0.0,116.3,52.7,0.0,98.2,45.6,0.0,259.9,105.3,0.0,34.1,26.0,0.0,192.4,86.9,0.0,61.6,28.6,0.0,69.5,85.2,0.0,72.8,95.3,0.0,44.0,21.8,0.0,306.9,230.0,0.0,119.4,51.3,0.0,146.4,91.9,0.0,232.4,189.4,0.0,103.8,51.5,0.0,40.7,22.6,0.0,89.9,43.6,0.0,109.9,144.6,0.0,35.8,14.3,0.0,34.5,24.0,0.0,100.1,66.7,0.0,65.9,33.0,0.0,269.5,215.2,0.0,88.0,139.6,0.0,103.2,48.4,0.0,52.2,22.8,0.0
0133778AR,202.51,864.94,340.0,0.0,0.83,0.0,135.4,28.9,0.0,173.9,33.2,0.0,215.8,84.6,0.0,209.3,37.5,0.0,61.4,32.2,0.0,33.4,9.0,0.0,119.6,23.0,0.0,68.7,24.6,0.0,34.6,8.0,0.0,109.9,20.9,0.0,92.5,19.3,0.0,234.9,42.9,0.0,29.7,9.5,0.0,171.8,39.7,0.0,58.5,11.5,0.0,69.4,35.5,0.0,73.7,45.2,0.0,37.9,8.6,0.0,261.3,89.6,0.0,113.0,20.3,0.0,127.0,43.5,0.0,212.2,82.2,0.0,102.2,23.1,0.0,35.0,8.8,0.0,84.7,17.8,0.0,107.1,67.6,0.0,30.5,4.6,0.0,30.0,9.5,0.0,97.7,32.2,0.0,64.7,12.9,0.0,238.8,87.7,0.0,80.0,74.5,0.0,97.9,19.4,0.0,46.7,8.8,0.0
0133781AR,1073.23,885.95,75.0,1.0,1.0,0.83,147.8,111.7,0.127,194.6,136.6,0.189,252.9,352.8,0.238,238.3,161.2,0.214,64.1,125.8,0.051,39.3,38.7,0.029,130.0,89.9,0.118,74.1,107.8,0.066,40.7,36.1,0.031,120.5,88.5,0.098,102.0,77.4,0.088,268.5,188.1,0.254,34.8,43.9,0.032,200.1,159.2,0.173,63.1,48.5,0.053,72.5,143.7,0.061,76.9,172.4,0.058,44.5,37.0,0.035,316.2,398.7,0.318,124.7,85.5,0.11,152.7,171.2,0.105,240.1,342.9,0.248,109.7,91.1,0.092,41.2,38.4,0.031,93.4,73.3,0.077,116.4,261.4,0.085,35.8,24.2,0.029,35.3,40.8,0.024,106.3,120.2,0.072,67.5,56.0,0.055,278.9,387.0,0.287,93.1,271.5,0.049,107.9,81.5,0.09,52.8,38.6,0.045
0133784AR,216.33,171.52,923.0,1.0,0.67,0.33,78.8,38.0,0.127,92.9,40.1,0.181,119.3,100.0,0.223,112.8,46.7,0.201,38.7,46.0,0.051,26.9,12.7,0.029,68.7,32.3,0.118,49.1,36.5,0.066,28.3,10.8,0.031,70.6,28.4,0.098,58.8,26.7,0.088,123.5,52.8,0.238,24.3,13.2,0.032,86.7,44.0,0.166,40.4,16.8,0.053,46.6,52.3,0.061,39.9,60.7,0.058,30.9,11.4,0.035,149.9,109.2,0.279,67.6,26.8,0.11,61.9,39.4,0.105,107.8,96.2,0.233,50.8,28.8,0.092,28.5,12.6,0.031,54.0,26.0,0.077,48.8,77.7,0.085,27.7,7.4,0.029,24.0,12.6,0.024,44.9,34.3,0.072,44.3,21.0,0.055,131.6,105.9,0.269,38.0,68.7,0.049,58.0,26.8,0.09,35.9,12.2,0.045
0133786AR,793.59,406.33,711.0,0.0,0.83,0.83,118.1,43.9,0.0,154.6,59.6,0.0,185.4,144.6,0.0,193.8,67.4,0.0,56.9,53.1,0.0,37.5,20.2,0.0,111.9,39.4,0.0,62.7,50.9,0.0,35.4,17.7,0.0,100.8,42.9,0.0,92.7,33.6,0.0,208.3,76.4,0.0,31.4,20.7,0.0,169.4,66.2,0.0,53.9,23.9,0.0,62.3,62.5,0.0,67.6,77.8,0.0,38.7,18.7,0.0,239.1,155.7,0.0,109.8,40.6,0.0,125.6,69.2,0.0,193.6,148.6,0.0,96.5,38.9,0.0,37.7,19.4,0.0,86.3,31.4,0.0,101.1,103.5,0.0,30.2,11.7,0.0,33.7,20.8,0.0,90.9,50.6,0.0,56.9,26.3,0.0,210.7,154.5,0.0,77.6,113.7,0.0,98.2,38.2,0.0,45.2,20.6,0.0
0133787AR,168.82,286.84,4451.0,0.0,1.0,0.5,94.3,33.4,0.0,127.6,38.4,0.0,155.8,96.5,0.0,155.3,46.1,0.0,49.1,45.6,0.0,34.2,16.0,0.0,92.2,28.0,0.0,56.2,35.9,0.0,37.3,16.2,0.0,84.4,29.5,0.0,72.8,28.3,0.0,168.0,51.5,0.0,32.2,21.2,0.0,112.8,39.3,0.0,52.0,17.7,0.0,54.1,49.0,0.0,49.5,52.9,0.0,39.2,16.8,0.0,197.9,106.4,0.0,88.5,27.5,0.0,74.8,40.2,0.0,152.2,92.5,0.0,70.2,28.3,0.0,36.1,15.9,0.0,68.6,25.1,0.0,72.0,74.8,0.0,32.4,12.0,0.0,29.9,16.0,0.0,63.3,33.4,0.0,50.9,20.7,0.0,170.4,106.0,0.0,42.1,71.0,0.0,75.1,27.5,0.0,45.2,16.1,0.0
0133788AR,131.8,378.41,3460.0,0.0,1.0,0.33,128.4,25.4,0.0,164.2,27.7,0.0,202.9,72.2,0.0,205.0,37.4,0.0,59.5,39.1,0.0,39.3,15.3,0.0,117.6,23.5,0.0,69.1,36.4,0.0,40.2,13.9,0.0,107.7,26.5,0.0,94.8,22.9,0.0,217.7,38.6,0.0,34.8,17.1,0.0,166.6,25.7,0.0,61.0,17.7,0.0,67.9,45.5,0.0,70.3,41.0,0.0,44.0,15.6,0.0,257.0,76.5,0.0,113.6,25.6,0.0,118.1,27.4,0.0,199.1,68.6,0.0,99.5,21.4,0.0,40.7,15.2,0.0,86.8,21.9,0.0,97.9,50.6,0.0,35.8,9.1,0.0,35.3,14.0,0.0,89.0,22.2,0.0,62.8,18.8,0.0,223.8,74.0,0.0,75.4,44.2,0.0,100.4,24.5,0.0,52.2,16.3,0.0
0133791AR,149.76,609.76,41.0,0.0,1.0,0.67,147.8,113.4,0.0,194.6,137.3,0.0,252.9,348.7,0.0,238.3,162.5,0.0,64.1,150.9,0.0,39.3,51.3,0.0,130.0,98.8,0.0,74.1,137.6,0.0,40.7,47.5,0.0,120.5,102.3,0.0,102.0,92.2,0.0,268.5,188.2,0.0,34.8,56.7,0.0,200.1,148.2,0.0,63.1,62.8,0.0,72.5,172.3,0.0,76.9,175.2,0.0,44.5,48.5,0.0,316.2,393.4,0.0,124.7,99.0,0.0,152.7,150.7,0.0,240.1,338.9,0.0,109.7,92.2,0.0,41.2,50.6,0.0,93.4,87.2,0.0,116.4,257.1,0.0,35.8,31.2,0.0,35.3,54.3,0.0,106.3,117.8,0.0,67.5,72.0,0.0,278.9,376.7,0.0,93.1,244.0,0.0,107.9,91.4,0.0,52.8,50.4,0.0
0133793AR,394.54,689.8,9431.0,0.0,0.5,0.5,122.3,74.8,0.0,159.4,99.4,0.0,200.5,248.3,0.0,192.7,111.9,0.0,47.8,73.0,0.0,24.1,23.6,0.0,105.9,56.8,0.0,55.3,69.7,0.0,27.4,22.1,0.0,92.9,55.3,0.0,75.3,46.9,0.0,215.3,135.2,0.0,22.2,28.6,0.0,171.5,133.1,0.0,43.8,29.1,0.0,52.8,83.6,0.0,63.8,119.1,0.0,30.0,21.5,0.0,255.0,288.9,0.0,99.2,53.4,0.0,139.9,166.2,0.0,194.1,257.4,0.0,90.2,63.3,0.0,27.6,23.5,0.0,68.3,42.7,0.0,97.5,198.3,0.0,22.2,14.1,0.0,21.2,25.2,0.0,88.6,97.9,0.0,50.0,35.7,0.0,223.5,287.8,0.0,86.8,265.5,0.0,79.9,50.4,0.0,36.8,23.6,0.0
0133796AR,956.45,453.45,19.0,0.0,1.0,0.83,147.8,143.1,0.0,194.6,175.1,0.0,252.9,448.8,0.0,238.3,205.9,0.0,64.1,163.1,0.0,39.3,45.4,0.0,130.0,114.1,0.0,74.1,134.2,0.0,40.7,40.2,0.0,120.5,110.9,0.0,102.0,99.4,0.0,268.5,239.1,0.0,34.8,47.1,0.0,200.1,207.9,0.0,63.1,58.4,0.0,72.5,182.6,0.0,76.9,225.4,0.0,44.5,42.1,0.0,316.2,503.0,0.0,124.7,106.7,0.0,152.7,228.1,0.0,240.1,436.9,0.0,109.7,118.0,0.0,41.2,44.8,0.0,93.4,91.8,0.0,116.4,341.8,0.0,35.8,25.1,0.0,35.3,47.9,0.0,106.3,158.7,0.0,67.5,70.2,0.0,278.9,495.5,0.0,93.1,363.5,0.0,107.9,104.4,0.0,52.8,42.9,0.0
0133799AR,844.07,129.65,515907.0,1.0,0.83,0.17,147.8,59.8,0.127,194.6,66.6,0.189,252.9,169.9,0.238,238.3,74.8,0.214,64.1,74.0,0.051,39.3,22.6,0.029,130.0,43.7,0.118,74.1,61.0,0.066,40.7,21.4,0.031,120.5,48.5,0.098,102.0,43.9,0.088,268.5,94.3,0.254,34.8,25.2,0.032,200.1,81.9,0.173,63.1,25.9,0.053,72.5,87.9,0.061,76.9,94.8,0.058,44.5,20.2,0.035,316.2,195.9,0.318,124.7,45.5,0.11,152.7,105.7,0.105,240.1,159.7,0.248,109.7,45.5,0.092,41.2,22.1,0.031,93.4,41.5,0.077,116.4,137.4,0.085,35.8,11.6,0.029,35.3,24.0,0.024,106.3,64.6,0.072,67.5,32.3,0.055,278.9,202.2,0.287,93.1,162.9,0.049,107.9,45.8,0.09,52.8,20.0,0.045
0133801AR,761.0,865.0,3622.0,1.0,1.0,0.67,147.8,108.4,0.127,194.6,128.9,0.189,252.9,325.2,0.238,238.3,154.1,0.214,64.1,144.8,0.051,39.3,44.5,0.029,130.0,97.2,0.118,74.1,121.5,0.066,40.7,39.7,0.031,120.5,99.0,0.098,102.0,87.7,0.088,268.5,178.1,0.254,34.8,48.7,0.032,200.1,136.8,0.173,63.1,55.0,0.053,72.5,165.3,0.061,76.9,180.3,0.058,44.5,41.9,0.035,316.2,359.8,0.318,124.7,95.0,0.11,152.7,139.7,0.105,240.1,316.5,0.248,109.7,89.9,0.092,41.2,43.8,0.031,93.4,82.9,0.077,116.4,238.6,0.085,35.8,23.6,0.029,35.3,47.1,0.024,106.3,109.8,0.072,67.5,63.8,0.055,278.9,356.6,0.287,93.1,223.6,0.049,107.9,92.0,0.09,52.8,43.5,0.045
0133809AR,859.62,110.23,545443.0,1.0,0.33,0.17,64.3,19.2,0.127,79.8,27.4,0.189,104.1,67.8,0.234,99.5,30.7,0.211,26.0,28.9,0.051,15.9,9.1,0.029,54.1,18.4,0.118,30.9,21.0,0.066,16.8,9.2,0.031,48.2,15.8,0.098,41.6,14.4,0.088,110.0,37.7,0.25,14.6,12.0,0.032,86.9,32.1,0.173,26.2,10.2,0.053,29.3,28.7,0.061,34.0,31.8,0.058,18.4,9.0,0.035,139.0,74.7,0.31,51.2,17.7,0.11,63.6,36.1,0.105,100.2,66.4,0.244,46.9,19.1,0.092,16.9,8.8,0.031,38.1,13.9,0.077,49.3,56.0,0.085,13.7,6.5,0.029,14.1,9.7,0.024,45.0,21.9,0.072,27.8,11.3,0.055,119.2,76.1,0.282,36.2,57.8,0.049,44.2,15.0,0.09,22.0,9.2,0.045
0133814AR,342.64,744.11,7.0,0.0,1.0,0.67,127.4,34.3,0.0,163.9,45.5,0.0,198.2,110.2,0.0,203.1,54.6,0.0,61.0,35.8,0.0,39.3,14.7,0.0,122.5,27.3,0.0,69.9,33.4,0.0,38.8,13.8,0.0,108.2,28.3,0.0,99.0,21.0,0.0,219.3,56.6,0.0,34.8,18.0,0.0,169.0,51.0,0.0,60.1,16.9,0.0,69.9,36.3,0.0,71.4,56.4,0.0,42.4,12.8,0.0,253.4,114.4,0.0,117.5,26.1,0.0,123.8,47.8,0.0,204.6,113.9,0.0,100.1,33.5,0.0,39.2,14.7,0.0,90.7,18.7,0.0,102.6,79.0,0.0,35.8,10.3,0.0,35.3,16.0,0.0,93.0,38.7,0.0,63.6,17.2,0.0,220.2,111.2,0.0,80.7,74.6,0.0,104.8,22.8,0.0,50.4,14.9,0.0
0133820AR,826.82,151.78,27.0,1.0,0.5,0.17,77.6,51.6,0.127,100.5,59.9,0.189,128.6,151.3,0.234,125.5,76.4,0.211,30.8,64.5,0.051,17.9,23.1,0.029,67.6,44.2,0.118,36.8,58.7,0.066,18.9,19.8,0.031,60.1,42.1,0.098,50.6,37.9,0.088,137.9,85.3,0.25,16.5,24.5,0.032,113.4,74.1,0.173,28.0,26.1,0.053,34.7,73.3,0.061,37.8,87.1,0.058,20.7,20.0,0.035,162.4,170.5,0.31,64.9,41.5,0.11,95.0,81.4,0.105,123.5,156.2,0.244,56.8,42.8,0.092,19.0,22.6,0.031,46.4,36.3,0.077,58.5,117.4,0.085,17.0,13.9,0.029,15.8,23.1,0.024,52.8,57.5,0.072,33.1,29.3,0.055,141.9,168.2,0.282,54.4,124.8,0.049,53.8,40.2,0.09,24.8,22.2,0.045
0133824AR,236.29,777.26,263.0,0.0,0.83,0.0,120.0,49.5,0.0,157.6,54.8,0.0,206.8,138.2,0.0,195.4,64.4,0.0,51.0,55.9,0.0,31.3,18.5,0.0,106.1,39.9,0.0,60.4,47.4,0.0,33.0,15.9,0.0,98.6,36.7,0.0,82.8,33.1,0.0,217.9,72.8,0.0,28.6,21.6,0.0,162.1,58.7,0.0,51.2,21.9,0.0,57.5,63.3,0.0,60.1,75.6,0.0,36.1,17.5,0.0,261.8,153.1,0.0,101.9,34.6,0.0,120.5,58.7,0.0,196.7,135.0,0.0,88.3,39.1,0.0,33.2,18.1,0.0,75.9,31.2,0.0,91.0,115.0,0.0,29.5,10.9,0.0,27.8,19.7,0.0,82.1,50.1,0.0,54.5,25.2,0.0,228.1,152.3,0.0,69.5,96.7,0.0,87.9,34.5,0.0,43.1,16.4,0.0
0133825AR,996.52,1058.67,367.0,1.0,1.0,1.0,147.8,0.0,0.127,194.6,0.0,0.189,252.9,0.8,0.238,238.3,2.2,0.214,64.1,14.8,0.051,39.3,19.1,0.029,130.0,7.5,0.118,74.1,31.4,0.066,40.7,23.9,0.031,120.5,20.2,0.098,102.0,12.0,0.088,268.5,2.1,0.254,34.8,28.5,0.032,200.1,0.0,0.173,63.1,13.7,0.053,72.5,25.9,0.061,76.9,0.0,0.058,44.5,21.3,0.035,316.2,0.0,0.318,124.7,12.1,0.11,152.7,0.0,0.105,240.1,0.8,0.248,109.7,0.0,0.092,41.2,18.9,0.031,93.4,10.7,0.077,116.4,0.0,0.085,35.8,26.7,0.029,35.3,20.8,0.024,106.3,0.0,0.072,67.5,16.2,0.055,278.9,0.0,0.287,93.1,0.0,0.049,107.9,14.2,0.09,52.8,24.2,0.045
0133826AR,965.0,565.0,20.0,0.0,1.0,1.0,147.8,146.6,0.0,194.6,179.7,0.0,252.9,460.0,0.0,238.3,210.4,0.0,64.1,167.0,0.0,39.3,51.3,0.0,130.0,117.5,0.0,74.1,141.0,0.0,40.7,47.5,0.0,120.5,115.2,0.0,102.0,101.6,0.0,268.5,247.1,0.0,34.8,56.7,0.0,200.1,210.0,0.0,63.1,63.7,0.0,72.5,190.7,0.0,76.9,229.6,0.0,44.5,48.5,0.0,316.2,515.4,0.0,124.7,111.5,0.0,152.7,228.4,0.0,240.1,447.8,0.0,109.7,120.2,0.0,41.2,50.6,0.0,93.4,96.1,0.0,116.4,348.3,0.0,35.8,31.2,0.0,35.3,54.3,0.0,106.3,160.4,0.0,67.5,73.8,0.0,278.9,504.4,0.0,93.1,363.5,0.0,107.9,106.7,0.0,52.8,50.4,0.0
0133829AR,791.72,46.87,480.0,1.0,1.0,1.0,143.7,0.0,0.127,190.0,0.0,0.189,225.7,0.0,0.238,227.8,0.0,0.214,64.1,0.0,0.051,39.3,1.2,0.029,130.0,0.0,0.118,74.1,0.0,0.066,40.7,4.4,0.031,117.1,0.0,0.098,102.0,0.0,0.088,247.4,0.0,0.254,34.8,3.0,0.032,183.5,0.0,0.173,63.1,0.0,0.053,72.5,0.0,0.061,76.9,0.0,0.058,44.5,0.0,0.035,276.4,0.0,0.318,124.7,0.0,0.11,136.8,0.0,0.105,230.3,0.0,0.248,109.7,0.0,0.092,41.2,1.2,0.031,93.4,0.0,0.077,116.4,0.0,0.085,35.8,12.2,0.029,35.3,1.8,0.024,102.9,0.0,0.072,67.5,0.0,0.055,243.3,0.0,0.287,91.1,0.0,0.049,107.9,0.0,0.09,52.8,1.2,0.045
0133833AR,167.29,815.74,13521.0,0.0,1.0,0.17,143.0,21.3,0.0,188.3,22.5,0.0,239.8,55.7,0.0,232.7,25.9,0.0,64.1,28.3,0.0,39.3,8.3,0.0,130.0,17.3,0.0,74.1,23.1,0.0,40.7,8.0,0.0,119.9,18.2,0.0,102.0,15.8,0.0,257.1,26.9,0.0,34.8,9.5,0.0,191.3,24.8,0.0,63.1,10.7,0.0,72.5,29.7,0.0,76.0,34.2,0.0,44.5,7.5,0.0,299.8,57.2,0.0,124.7,16.5,0.0,141.0,23.7,0.0,234.4,54.3,0.0,108.9,17.1,0.0,41.2,8.2,0.0,93.4,14.9,0.0,115.6,44.5,0.0,35.8,5.2,0.0,35.3,8.8,0.0,105.5,20.5,0.0,67.5,12.5,0.0,264.4,56.1,0.0,88.4,44.2,0.0,107.9,16.9,0.0,52.8,8.2,0.0
0133850AR,439.3,489.42,189.0,0.0,1.0,1.0,147.8,127.7,0.0,194.6,146.2,0.0,252.9,368.5,0.0,238.3,183.1,0.0,64.1,165.4,0.0,39.3,51.3,0.0,130.0,111.9,0.0,74.1,141.0,0.0,40.7,47.5,0.0,120.5,113.6,0.0,102.0,100.2,0.0,268.5,197.8,0.0,34.8,56.7,0.0,200.1,154.5,0.0,63.1,63.7,0.0,72.5,190.0,0.0,76.9,205.4,0.0,44.5,48.5,0.0,316.2,396.6,0.0,124.7,107.7,0.0,152.7,142.1,0.0,240.1,362.6,0.0,109.7,105.7,0.0,41.2,50.6,0.0,93.4,94.8,0.0,116.4,276.1,0.0,35.8,31.2,0.0,35.3,54.3,0.0,106.3,123.7,0.0,67.5,73.8,0.0,278.9,389.8,0.0,93.1,230.1,0.0,107.9,105.3,0.0,52.8,50.4,0.0
0133859AR,791.23,346.28,206562.0,0.0,1.0,1.0,147.8,114.5,0.0,194.6,137.0,0.0,252.9,348.1,0.0,238.3,162.5,0.0,64.1,145.1,0.0,39.3,51.3,0.0,130.0,97.1,0.0,74.1,132.2,0.0,40.7,47.5,0.0,120.5,103.0,0.0,102.0,88.8,0.0,268.5,188.8,0.0,34.8,56.7,0.0,200.1,151.0,0.0,63.1,62.5,0.0,72.5,173.0,0.0,76.9,179.4,0.0,44.5,48.5,0.0,316.2,389.9,0.0,124.7,96.1,0.0,152.7,154.9,0.0,240.1,338.3,0.0,109.7,91.8,0.0,41.2,50.6,0.0,93.4,87.5,0.0,116.4,256.3,0.0,35.8,31.2,0.0,35.3,54.3,0.0,106.3,117.5,0.0,67.5,69.1,0.0,278.9,375.9,0.0,93.1,246.3,0.0,107.9,93.3,0.0,52.8,50.4,0.0
0133860AR,298.35,758.5,14.0,0.0,1.0,0.33,123.3,7.7,0.0,166.5,13.5,0.0,199.6,35.7,0.0,201.0,17.5,0.0,60.7,11.9,0.0,37.0,3.9,0.0,122.0,7.0,0.0,68.6,10.1,0.0,37.9,4.4,0.0,111.3,9.5,0.0,98.6,7.5,0.0,222.2,21.6,0.0,32.9,4.6,0.0,176.1,16.9,0.0,58.5,5.2,0.0,67.1,15.9,0.0,71.2,10.6,0.0,41.5,4.2,0.0,250.7,35.4,0.0,117.8,7.8,0.0,134.9,18.2,0.0,205.8,35.1,0.0,101.6,7.9,0.0,38.4,3.7,0.0,90.2,5.2,0.0,108.0,20.1,0.0,35.8,0.9,0.0,33.3,4.1,0.0,99.8,9.3,0.0,62.5,5.4,0.0,220.1,33.6,0.0,83.5,24.3,0.0,103.6,7.8,0.0,48.3,4.0,0.0
0133870AR,776.63,290.43,207137.0,0.0,1.0,1.0,147.8,114.8,0.0,194.6,138.3,0.0,252.9,350.2,0.0,238.3,165.5,0.0,64.1,154.8,0.0,39.3,51.3,0.0,130.0,102.2,0.0,74.1,136.2,0.0,40.7,47.5,0.0,120.5,105.6,0.0,102.0,91.4,0.0,268.5,192.0,0.0,34.8,56.7,0.0,200.1,149.6,0.0,63.1,63.1,0.0,72.5,178.9,0.0,76.9,178.7,0.0,44.5,48.5,0.0,316.2,394.1,0.0,124.7,101.2,0.0,152.7,155.5,0.0,240.1,340.4,0.0,109.7,93.3,0.0,41.2,50.6,0.0,93.4,89.3,0.0,116.4,258.5,0.0,35.8,31.2,0.0,35.3,54.3,0.0,106.3,116.1,0.0,67.5,71.2,0.0,278.9,377.3,0.0,93.1,248.6,0.0,107.9,96.1,0.0,52.8,50.4,0.0
0133873AR,473.46,110.22,51980.0,1.0,0.83,0.33,122.9,46.1,0.127,153.4,48.9,0.189,196.2,125.2,0.238,180.8,55.0,0.214,56.7,51.6,0.051,32.6,14.1,0.029,106.4,34.3,0.118,65.6,42.3,0.066,33.9,13.3,0.031,100.9,33.6,0.098,80.1,32.1,0.088,207.1,66.6,0.254,29.0,16.5,0.032,141.7,53.3,0.173,55.8,19.0,0.053,61.1,58.2,0.061,61.1,67.6,0.058,37.0,13.6,0.035,241.3,139.8,0.318,102.0,32.4,0.11,106.4,54.0,0.105,182.1,117.0,0.248,83.6,32.6,0.092,34.3,14.1,0.031,76.8,30.1,0.077,88.5,93.0,0.085,29.8,9.1,0.029,29.3,14.8,0.024,76.2,42.6,0.072,59.7,21.8,0.055,215.6,134.6,0.287,56.9,86.5,0.049,86.9,30.8,0.09,44.5,14.3,0.045
0133874AR,172.63,609.76,33.0,0.0,1.0,0.67,147.8,105.2,0.0,194.6,130.2,0.0,252.9,340.8,0.0,238.3,153.2,0.0,64.1,120.3,0.0,39.3,35.6,0.0,130.0,81.9,0.0,74.1,101.8,0.0,40.7,34.2,0.0,120.5,81.8,0.0,102.0,72.8,0.0,268.5,179.2,0.0,34.8,40.3,0.0,200.1,155.9,0.0,63.1,45.8,0.0,72.5,130.5,0.0,76.9,159.5,0.0,44.5,35.0,0.0,316.2,381.3,0.0,124.7,79.0,0.0,152.7,178.3,0.0,240.1,330.9,0.0,109.7,85.8,0.0,41.2,35.3,0.0,93.4,66.6,0.0,116.4,251.0,0.0,35.8,23.2,0.0,35.3,37.5,0.0,106.3,120.1,0.0,67.5,51.5,0.0,278.9,371.1,0.0,93.1,277.5,0.0,107.9,75.3,0.0,52.8,35.5,0.0
0133879AR,929.6,355.33,17.0,0.0,1.0,0.83,147.8,120.4,0.0,194.6,150.9,0.0,252.9,395.2,0.0,238.3,176.2,0.0,64.1,125.8,0.0,39.3,38.7,0.0,130.0,90.3,0.0,74.1,107.8,0.0,40.7,36.1,0.0,120.5,88.5,0.0,102.0,77.4,0.0,268.5,209.8,0.0,34.8,43.9,0.0,200.1,188.8,0.0,63.1,48.5,0.0,72.5,143.7,0.0,76.9,181.6,0.0,44.5,37.0,0.0,316.2,451.2,0.0,124.7,85.5,0.0,152.7,217.9,0.0,240.1,384.4,0.0,109.7,95.4,0.0,41.2,38.4,0.0,93.4,73.3,0.0,116.4,298.8,0.0,35.8,24.2,0.0,35.3,40.8,0.0,106.3,141.1,0.0,67.5,56.0,0.0,278.9,444.1,0.0,93.1,352.1,0.0,107.9,81.5,0.0,52.8,38.6,0.0
0133880AR,142.76,351.46,3728.0,0.0,0.83,0.33,93.5,31.6,0.0,116.3,38.0,0.0,140.1,94.7,0.0,135.9,44.2,0.0,47.3,43.8,0.0,29.1,14.7,0.0,87.4,26.8,0.0,52.5,39.7,0.0,32.9,14.5,0.0,84.0,29.0,0.0,68.7,27.1,0.0,149.1,51.8,0.0,28.3,18.2,0.0,104.9,40.4,0.0,47.5,17.4,0.0,52.2,52.1,0.0,45.7,47.5,0.0,34.4,15.4,0.0,176.0,109.6,0.0,86.3,27.2,0.0,71.6,46.5,0.0,133.6,90.9,0.0,63.9,26.4,0.0,31.8,13.8,0.0,62.9,25.4,0.0,66.3,74.9,0.0,29.1,9.4,0.0,26.0,13.8,0.0,60.8,34.0,0.0,47.5,20.6,0.0,154.5,105.8,0.0,43.8,79.9,0.0,72.9,27.3,0.0,41.0,15.9,0.0
0133881AR,998.08,607.05,9.0,0.0,1.0,0.83,147.8,123.2,0.0,194.6,158.0,0.0,252.9,412.3,0.0,238.3,183.7,0.0,64.1,126.5,0.0,39.3,38.7,0.0,130.0,94.4,0.0,74.1,107.8,0.0,40.7,36.1,0.0,120.5,88.9,0.0,102.0,77.4,0.0,268.5,218.5,0.0,34.8,43.9,0.0,200.1,197.6,0.0,63.1,48.5,0.0,72.5,143.7,0.0,76.9,186.5,0.0,44.5,37.0,0.0,316.2,469.1,0.0,124.7,87.4,0.0,152.7,225.0,0.0,240.1,401.2,0.0,109.7,101.5,0.0,41.2,38.4,0.0,93.4,73.6,0.0,116.4,313.8,0.0,35.8,24.2,0.0,35.3,40.8,0.0,106.3,144.4,0.0,67.5,56.0,0.0,278.9,452.3,0.0,93.1,361.2,0.0,107.9,81.5,0.0,52.8,38.6,0.0
0133882AR,361.0,59.0,49473.0,0.0,1.0,0.33,144.4,0.0,0.0,179.5,0.0,0.0,207.2,0.0,0.0,227.1,0.0,0.0,64.1,0.0,0.0,39.3,0.6,0.0,130.0,0.0,0.0,74.1,0.0,0.0,40.7,2.5,0.0,117.7,0.0,0.0,102.0,0.0,0.0,232.4,0.0,0.0,34.8,1.0,0.0,184.3,0.0,0.0,63.1,0.0,0.0,72.5,0.0,0.0,76.9,0.0,0.0,44.5,0.0,0.0,262.0,0.0,0.0,124.7,0.0,0.0,136.7,0.0,0.0,216.2,0.0,0.0,109.7,0.0,0.0,41.2,0.6,0.0,93.4,0.0,0.0,112.1,0.0,0.0,35.8,5.2,0.0,35.3,0.6,0.0,102.2,0.0,0.0,67.5,0.0,0.0,229.2,0.0,0.0,89.7,0.0,0.0,107.9,0.0,0.0,52.8,0.6,0.0
0133884AR,844.54,144.45,41.0,1.0,0.83,0.33,147.1,143.5,0.127,193.1,179.7,0.189,249.3,452.2,0.238,234.9,203.3,0.214,64.1,154.9,0.051,38.4,44.6,0.029,128.0,111.9,0.118,73.2,129.5,0.066,37.3,36.1,0.031,118.6,109.6,0.098,101.2,97.7,0.088,264.6,243.3,0.254,32.8,39.2,0.032,200.1,210.0,0.173,60.9,57.5,0.053,70.7,173.9,0.061,76.9,229.6,0.058,40.8,40.6,0.035,314.1,507.5,0.318,122.8,106.8,0.11,152.7,228.4,0.105,236.7,440.3,0.248,109.7,117.7,0.092,39.7,44.8,0.031,91.3,89.3,0.077,116.4,348.3,0.085,31.6,19.4,0.029,34.5,47.0,0.024,106.3,160.4,0.072,66.7,67.8,0.055,277.3,496.7,0.287,93.1,363.5,0.049,107.1,102.4,0.09,48.6,41.5,0.045
0133888AR,86.52,705.35,2849.0,0.0,0.67,0.17,130.0,38.2,0.0,167.6,43.9,0.0,208.7,109.3,0.0,197.9,51.3,0.0,55.5,46.6,0.0,31.3,13.6,0.0,110.2,31.3,0.0,64.1,36.0,0.0,32.4,13.1,0.0,101.4,30.0,0.0,83.8,28.5,0.0,224.1,57.0,0.0,27.8,14.8,0.0,163.8,50.7,0.0,54.6,17.0,0.0,62.7,51.7,0.0,69.6,61.9,0.0,35.5,13.4,0.0,253.0,119.6,0.0,102.4,29.0,0.0,125.3,51.5,0.0,201.9,109.2,0.0,96.4,31.5,0.0,32.8,13.5,0.0,76.7,26.2,0.0,101.8,88.8,0.0,27.2,8.4,0.0,28.2,14.4,0.0,94.0,40.8,0.0,58.4,18.8,0.0,230.1,116.7,0.0,78.3,89.3,0.0,88.7,27.7,0.0,44.0,12.6,0.0
0133892AR,805.64,194.94,9.0,1.0,1.0,0.5,147.8,146.6,0.127,194.6,179.7,0.189,252.9,460.0,0.238,238.3,210.4,0.214,64.1,167.0,0.051,39.3,50.2,0.029,130.0,117.5,0.118,74.1,141.0,0.066,40.7,46.2,0.031,120.5,115.2,0.098,102.0,101.6,0.088,268.5,247.1,0.254,34.8,55.2,0.032,200.1,210.0,0.173,63.1,63.7,0.053,72.5,190.7,0.061,76.9,229.6,0.058,44.5,48.5,0.035,316.2,515.4,0.318,124.7,111.5,0.11,152.7,228.4,0.105,240.1,447.8,0.248,109.7,120.2,0.092,41.2,49.5,0.031,93.4,96.1,0.077,116.4,348.3,0.085,35.8,29.1,0.029,35.3,53.0,0.024,106.3,160.4,0.072,67.5,73.8,0.055,278.9,504.4,0.287,93.1,363.5,0.049,107.9,106.7,0.09,52.8,49.3,0.045
0133893AR,83.66,651.29,54.0,0.0,1.0,0.17,16.9,5.2,0.0,20.4,7.5,0.0,38.2,20.1,0.0,40.0,9.6,0.0,6.6,3.9,0.0,2.1,1.1,0.0,19.6,3.4,0.0,7.6,2.0,0.0,4.5,0.0,0.0,18.8,4.3,0.0,16.0,3.8,0.0,38.6,12.2,0.0,3.9,0.0,0.0,25.7,6.0,0.0,4.5,1.2,0.0,7.4,5.9,0.0,6.4,10.6,0.0,2.4,0.6,0.0,46.3,21.4,0.0,18.8,3.2,0.0,15.9,1.7,0.0,34.5,19.7,0.0,14.5,3.6,0.0,2.3,1.0,0.0,14.6,2.9,0.0,11.3,14.4,0.0,7.2,0.0,0.0,1.9,1.1,0.0,8.3,6.6,0.0,6.9,1.8,0.0,40.7,18.8,0.0,9.3,1.5,0.0,16.9,3.9,0.0,3.3,0.7,0.0
0133898AR,987.93,647.28,30.0,0.0,1.0,0.83,147.8,146.6,0.0,194.6,179.7,0.0,252.9,460.0,0.0,238.3,210.4,0.0,64.1,167.0,0.0,39.3,51.3,0.0,130.0,117.5,0.0,74.1,141.0,0.0,40.7,47.5,0.0,120.5,115.2,0.0,102.0,101.6,0.0,268.5,247.1,0.0,34.8,56.7,0.0,200.1,210.0,0.0,63.1,63.7,0.0,72.5,190.7,0.0,76.9,229.6,0.0,44.5,48.5,0.0,316.2,515.4,0.0,124.7,111.5,0.0,152.7,228.4,0.0,240.1,447.8,0.0,109.7,120.2,0.0,41.2,50.6,0.0,93.4,96.1,0.0,116.4,348.3,0.0,35.8,31.2,0.0,35.3,54.3,0.0,106.3,160.4,0.0,67.5,73.8,0.0,278.9,504.4,0.0,93.1,363.5,0.0,107.9,106.7,0.0,52.8,50.4,0.0
0133907AR,455.23,414.92,13936.0,0.0,1.0,1.0,147.8,69.3,0.0,194.6,84.0,0.0,252.3,212.7,0.0,238.3,104.8,0.0,64.1,94.7,0.0,39.3,34.6,0.0,130.0,62.1,0.0,74.1,84.4,0.0,40.7,34.8,0.0,119.9,67.8,0.0,102.0,59.4,0.0,267.8,111.8,0.0,34.8,41.5,0.0,200.1,96.5,0.0,63.1,40.4,0.0,72.5,112.0,0.0,76.9,112.6,0.0,44.5,34.7,0.0,315.3,229.9,0.0,124.7,65.1,0.0,152.0,104.1,0.0,240.1,215.0,0.0,109.7,59.6,0.0,41.2,34.3,0.0,93.4,57.3,0.0,116.4,152.0,0.0,35.8,24.6,0.0,35.3,36.3,0.0,106.3,66.4,0.0,67.5,43.7,0.0,278.1,224.5,0.0,93.1,156.8,0.0,107.9,62.3,0.0,52.8,36.2,0.0
0133911AR,786.16,926.92,1940.0,0.08,1.0,1.0,135.0,124.9,0.011,178.8,144.4,0.019,234.0,369.1,0.026,218.7,174.1,0.023,60.9,164.4,0.0,38.4,51.3,0.0,117.9,108.4,0.01,70.7,141.0,0.003,40.2,47.5,0.0,111.5,112.8,0.008,92.9,99.0,0.004,247.5,199.7,0.028,34.1,56.7,0.0,180.6,157.1,0.018,60.1,63.7,0.0,65.9,188.0,0.0,68.8,197.6,0.0,44.0,48.5,0.0,294.0,419.8,0.043,113.1,106.5,0.009,139.2,160.0,0.009,220.4,356.6,0.027,96.5,99.7,0.004,40.7,50.6,0.0,85.1,93.7,0.003,103.1,275.0,0.003,35.8,31.2,0.0,34.5,54.3,0.0,93.8,122.5,0.0,64.3,73.8,0.0,257.3,399.7,0.031,83.1,256.3,0.0,96.2,104.0,0.007,52.2,50.4,0.0
0133913AR,980.55,542.55,13.0,0.0,1.0,0.83,147.8,146.6,0.0,194.6,179.7,0.0,252.9,460.0,0.0,238.3,210.4,0.0,64.1,167.0,0.0,39.3,51.3,0.0,130.0,117.5,0.0,74.1,141.0,0.0,40.7,46.2,0.0,120.5,115.2,0.0,102.0,101.6,0.0,268.5,247.1,0.0,34.8,55.9,0.0,200.1,210.0,0.0,63.1,63.7,0.0,72.5,190.7,0.0,76.9,229.6,0.0,44.5,48.2,0.0,316.2,515.4,0.0,124.7,111.5,0.0,152.7,228.4,0.0,240.1,447.8,0.0,109.7,120.2,0.0,41.2,50.6,0.0,93.4,96.1,0.0,116.4,348.3,0.0,35.8,28.6,0.0,35.3,54.3,0.0,106.3,160.4,0.0,67.5,73.8,0.0,278.9,504.4,0.0,93.1,363.5,0.0,107.9,106.7,0.0,52.8,50.1,0.0
0133914AR,875.61,44.28,1593.0,1.0,1.0,1.0,141.9,0.0,0.127,181.9,0.0,0.189,208.4,0.0,0.238,224.8,0.0,0.214,64.1,0.0,0.051,39.3,0.0,0.029,127.4,0.0,0.118,74.1,0.0,0.066,40.7,6.8,0.031,119.9,0.0,0.098,102.0,0.0,0.088,236.6,0.0,0.254,34.8,6.4,0.032,180.6,0.0,0.173,63.1,0.0,0.053,72.5,0.0,0.061,76.9,0.0,0.058,44.5,0.0,0.035,250.4,0.0,0.318,122.1,0.0,0.11,132.6,0.0,0.105,220.7,0.0,0.248,109.7,0.0,0.092,41.2,0.0,0.031,93.4,0.0,0.077,110.5,0.0,0.085,35.8,11.5,0.029,35.3,1.4,0.024,100.7,0.0,0.072,67.5,0.0,0.055,221.6,0.0,0.287,89.2,0.0,0.049,107.9,0.0,0.09,52.8,2.6,0.045
0133921AR,236.37,121.8,322.0,0.0,0.67,0.33,77.6,26.3,0.0,97.0,26.8,0.0,122.6,68.7,0.0,117.1,33.4,0.0,41.0,40.9,0.0,27.0,13.9,0.0,69.9,24.4,0.0,48.6,30.8,0.0,28.8,12.8,0.0,69.9,25.0,0.0,54.6,23.9,0.0,127.2,35.0,0.0,24.3,15.1,0.0,83.5,30.5,0.0,42.5,15.5,0.0,45.5,45.7,0.0,39.9,45.1,0.0,31.5,12.7,0.0,150.3,69.6,0.0,67.1,22.2,0.0,58.7,25.6,0.0,112.2,65.5,0.0,52.8,21.0,0.0,29.1,13.8,0.0,53.6,22.7,0.0,50.2,49.8,0.0,27.8,10.0,0.0,21.6,14.3,0.0,46.5,22.2,0.0,44.0,16.0,0.0,135.2,71.3,0.0,36.0,44.2,0.0,57.3,22.5,0.0,37.6,10.7,0.0
0133922AR,459.41,476.37,90.0,0.0,1.0,0.83,147.8,130.7,0.0,194.6,151.1,0.0,252.9,383.6,0.0,238.3,184.9,0.0,64.1,161.7,0.0,39.3,44.3,0.0,130.0,110.9,0.0,74.1,130.1,0.0,40.7,37.1,0.0,120.5,106.9,0.0,102.0,97.9,0.0,268.5,202.7,0.0,34.8,43.9,0.0,200.1,159.5,0.0,63.1,56.0,0.0,72.5,177.5,0.0,76.9,208.1,0.0,44.5,40.2,0.0,316.2,409.8,0.0,124.7,103.3,0.0,152.7,149.8,0.0,240.1,369.6,0.0,109.7,107.0,0.0,41.2,43.8,0.0,93.4,89.0,0.0,116.4,282.1,0.0,35.8,24.2,0.0,35.3,46.8,0.0,106.3,129.9,0.0,67.5,68.0,0.0,278.9,408.5,0.0,93.1,243.9,0.0,107.9,101.8,0.0,52.8,41.9,0.0
0133924AR,775.56,337.15,1603.0,0.0,1.0,0.83,134.2,117.2,0.0,174.9,138.3,0.0,222.9,338.8,0.0,219.0,164.4,0.0,62.1,154.8,0.0,39.3,49.0,0.0,127.4,102.5,0.0,71.8,134.2,0.0,40.7,42.6,0.0,114.9,104.6,0.0,100.0,91.4,0.0,242.2,181.3,0.0,34.8,53.6,0.0,182.5,134.1,0.0,63.1,60.9,0.0,70.2,174.7,0.0,71.1,185.1,0.0,44.5,46.3,0.0,278.5,367.1,0.0,122.2,101.2,0.0,135.3,123.7,0.0,220.6,335.7,0.0,103.8,96.1,0.0,41.2,48.3,0.0,91.5,88.3,0.0,110.0,253.8,0.0,35.8,26.0,0.0,35.3,52.0,0.0,99.7,110.0,0.0,65.4,70.2,0.0,245.8,353.6,0.0,84.0,199.5,0.0,105.8,96.1,0.0,52.8,47.8,0.0
0133927AR,874.12,226.82,753.0,1.0,1.0,1.0,146.5,58.4,0.127,192.8,85.0,0.189,245.7,228.4,0.238,236.7,96.0,0.214,64.1,48.9,0.051,39.3,17.6,0.029,130.0,42.8,0.118,74.1,45.3,0.066,40.7,16.8,0.031,119.3,37.3,0.098,102.0,29.1,0.088,260.8,120.6,0.254,34.8,19.9,0.032,198.7,126.7,0.173,63.1,20.3,0.053,72.5,54.3,0.061,76.9,90.4,0.058,44.5,15.9,0.035,308.7,272.3,0.318,124.7,39.3,0.11,147.7,156.0,0.105,238.5,221.6,0.248,109.7,52.0,0.092,41.2,17.4,0.031,93.4,28.3,0.077,116.4,182.1,0.085,35.8,18.8,0.029,35.3,20.0,0.024,106.3,85.6,0.072,67.5,23.6,0.055,272.3,260.7,0.287,91.8,244.7,0.049,107.9,32.0,0.09,52.8,17.5,0.045
0133928AR,987.07,565.95,13.0,0.0,1.0,0.83,147.8,132.3,0.0,194.6,167.9,0.0,252.9,433.2,0.0,238.3,193.6,0.0,64.1,136.1,0.0,39.3,38.7,0.0,130.0,101.8,0.0,74.1,109.1,0.0,40.7,36.1,0.0,120.5,94.1,0.0,102.0,83.5,0.0,268.5,228.6,0.0,34.8,43.9,0.0,200.1,204.0,0.0,63.1,48.5,0.0,72.5,149.5,0.0,76.9,203.5,0.0,44.5,37.0,0.0,316.2,487.8,0.0,124.7,93.9,0.0,152.7,225.3,0.0,240.1,421.6,0.0,109.7,110.5,0.0,41.2,38.4,0.0,93.4,79.0,0.0,116.4,332.5,0.0,35.8,24.2,0.0,35.3,40.8,0.0,106.3,152.7,0.0,67.5,57.1,0.0,278.9,475.1,0.0,93.1,361.2,0.0,107.9,87.8,0.0,52.8,38.6,0.0
0133931AR,881.0,168.71,41.0,1.0,1.0,1.0,147.8,146.6,0.127,194.6,179.7,0.189,252.9,460.0,0.238,238.3,210.4,0.214,64.1,167.0,0.051,39.3,51.3,0.029,130.0,117.5,0.118,74.1,141.0,0.066,40.7,47.5,0.031,120.5,115.2,0.098,102.0,101.6,0.088,268.5,247.1,0.254,34.8,56.7,0.032,200.1,210.0,0.173,63.1,63.7,0.053,72.5,190.7,0.061,76.9,229.6,0.058,44.5,48.5,0.035,316.2,515.4,0.318,124.7,111.5,0.11,152.7,228.4,0.105,240.1,447.8,0.248,109.7,120.2,0.092,41.2,50.6,0.031,93.4,96.1,0.077,116.4,348.3,0.085,35.8,31.2,0.029,35.3,54.3,0.024,106.3,160.4,0.072,67.5,73.8,0.055,278.9,504.4,0.287,93.1,363.5,0.049,107.9,106.7,0.09,52.8,50.4,0.045
0133935AR,881.09,1042.43,6306.0,1.0,0.33,0.0,95.9,0.0,0.127,125.2,0.0,0.189,156.8,0.0,0.238,134.9,0.0,0.214,36.4,0.0,0.051,13.3,0.0,0.029,69.1,0.0,0.118,41.0,0.0,0.066,15.0,0.0,0.031,58.4,0.0,0.098,44.1,0.0,0.088,158.2,0.0,0.254,11.9,0.0,0.032,112.8,0.0,0.173,32.9,0.0,0.053,38.8,0.0,0.061,48.7,0.0,0.058,15.5,0.0,0.035,188.3,0.0,0.298,52.9,0.0,0.11,103.9,0.0,0.105,136.0,0.0,0.248,63.6,0.0,0.092,14.5,0.0,0.031,40.3,0.0,0.077,68.9,0.0,0.085,8.9,0.0,0.029,12.9,0.0,0.024,68.4,0.0,0.072,37.7,0.0,0.055,170.7,0.0,0.287,67.3,0.0,0.049,46.5,0.0,0.09,25.8,0.0,0.045
0133938AR,455.96,73.01,5.0,0.19,0.5,0.33,49.9,30.9,0.025,63.6,38.4,0.035,86.4,94.5,0.056,94.4,51.3,0.05,24.2,30.5,0.003,18.3,12.7,0.0,54.4,28.6,0.023,29.1,36.0,0.005,20.2,8.7,0.002,49.4,25.9,0.019,45.7,19.0,0.007,101.3,49.2,0.06,17.7,12.8,0.0,69.7,47.2,0.032,24.6,16.1,0.003,27.3,39.3,0.004,24.9,55.1,0.004,22.2,8.5,0.002,95.8,109.8,0.067,52.3,25.0,0.021,50.4,45.0,0.02,94.2,97.9,0.058,44.9,28.9,0.007,19.6,12.6,0.0,42.0,20.3,0.006,35.7,67.0,0.007,20.2,7.4,0.0,16.1,13.6,0.0,31.0,29.7,0.004,26.1,18.5,0.003,89.4,106.0,0.067,25.7,60.0,0.0,45.1,23.0,0.017,21.8,12.8,0.003
0133945AR,189.55,648.28,3291.0,0.0,1.0,0.5,147.8,86.0,0.0,194.6,102.1,0.0,252.9,266.7,0.0,238.3,125.5,0.0,64.1,106.2,0.0,39.3,29.5,0.0,130.0,75.0,0.0,74.1,86.7,0.0,40.7,27.7,0.0,120.5,70.8,0.0,102.0,62.3,0.0,268.5,139.7,0.0,34.8,33.8,0.0,200.1,112.6,0.0,63.1,38.7,0.0,72.5,112.7,0.0,76.9,132.1,0.0,44.5,28.8,0.0,316.2,279.9,0.0,124.7,68.4,0.0,152.7,107.9,0.0,240.1,263.7,0.0,109.7,69.7,0.0,41.2,29.3,0.0,93.4,59.0,0.0,116.4,185.1,0.0,35.8,18.1,0.0,35.3,31.0,0.0,106.3,89.8,0.0,67.5,44.9,0.0,278.9,290.3,0.0,93.1,172.1,0.0,107.9,65.1,0.0,52.8,28.9,0.0
0133953AR,488.65,399.2,402.0,0.0,1.0,1.0,147.8,61.8,0.0,194.6,72.1,0.0,252.9,185.7,0.0,238.3,92.9,0.0,64.1,83.5,0.0,39.3,37.5,0.0,130.0,58.3,0.0,74.1,81.5,0.0,40.7,38.2,0.0,120.5,65.4,0.0,102.0,53.6,0.0,268.5,99.6,0.0,34.8,45.6,0.0,200.1,76.7,0.0,63.1,42.2,0.0,72.5,110.5,0.0,76.9,103.3,0.0,44.5,36.3,0.0,316.2,199.6,0.0,124.7,60.7,0.0,152.7,72.8,0.0,240.1,187.1,0.0,109.7,50.6,0.0,41.2,36.5,0.0,93.4,56.1,0.0,116.4,127.2,0.0,35.8,28.7,0.0,35.3,38.9,0.0,106.3,58.6,0.0,67.5,43.8,0.0,278.9,191.8,0.0,93.1,113.6,0.0,107.9,58.1,0.0,52.8,38.2,0.0
0133955AR,380.07,58.61,49732.0,0.0,1.0,0.5,145.1,23.2,0.0,191.0,27.5,0.0,239.9,69.6,0.0,235.1,35.6,0.0,64.1,28.8,0.0,39.3,12.4,0.0,130.0,23.3,0.0,74.1,32.6,0.0,40.7,10.8,0.0,120.5,25.5,0.0,102.0,18.7,0.0,259.4,35.8,0.0,34.8,14.1,0.0,196.5,33.3,0.0,63.1,13.9,0.0,72.5,35.5,0.0,76.9,42.6,0.0,44.5,12.7,0.0,300.6,73.6,0.0,124.7,22.5,0.0,149.8,27.2,0.0,236.8,71.9,0.0,109.7,21.1,0.0,41.2,12.3,0.0,93.4,18.1,0.0,116.4,46.7,0.0,35.8,14.2,0.0,35.3,15.2,0.0,106.3,23.5,0.0,67.5,16.9,0.0,265.2,71.1,0.0,93.1,40.7,0.0,107.9,21.4,0.0,52.8,13.3,0.0
0133967AR,859.29,125.48,10.0,1.0,1.0,0.33,124.8,54.4,0.127,161.4,73.1,0.189,215.2,192.8,0.238,199.2,79.1,0.214,56.5,59.9,0.051,38.5,18.9,0.029,112.0,36.9,0.118,67.4,49.6,0.066,39.0,17.8,0.031,106.6,37.6,0.098,90.4,34.6,0.088,224.2,104.3,0.254,34.2,21.2,0.032,167.6,103.4,0.173,57.3,22.3,0.053,66.1,65.0,0.061,68.2,81.0,0.058,42.6,17.8,0.035,271.5,221.5,0.318,109.0,37.2,0.11,126.1,133.0,0.105,197.4,183.2,0.248,93.5,43.7,0.092,39.4,18.4,0.031,83.5,31.2,0.077,92.9,155.5,0.085,35.8,11.9,0.029,34.7,20.1,0.024,86.2,76.6,0.072,61.2,25.3,0.055,237.2,220.0,0.287,78.6,221.2,0.049,95.0,36.0,0.09,49.9,18.3,0.045
0133970AR,856.72,163.18,11.0,1.0,1.0,1.0,147.8,146.6,0.127,194.6,179.7,0.189,252.9,460.0,0.238,238.3,210.4,0.214,64.1,167.0,0.051,39.3,51.3,0.029,130.0,117.5,0.118,74.1,141.0,0.066,40.7,47.5,0.031,120.5,115.2,0.098,102.0,101.6,0.088,268.5,247.1,0.254,34.8,56.7,0.032,200.1,210.0,0.173,63.1,63.7,0.053,72.5,190.7,0.061,76.9,229.6,0.058,44.5,48.5,0.035,316.2,515.4,0.318,124.7,111.5,0.11,152.7,228.4,0.105,240.1,447.8,0.248,109.7,120.2,0.092,41.2,50.6,0.031,93.4,96.1,0.077,116.4,348.3,0.085,35.8,31.2,0.029,35.3,54.3,0.024,106.3,160.4,0.072,67.5,73.8,0.055,278.9,504.4,0.287,93.1,363.5,0.049,107.9,106.7,0.09,52.8,50.4,0.045
0133971AR,373.38,58.92,49664.0,0.0,1.0,0.67,144.4,0.0,0.0,188.3,0.0,0.0,224.7,0.0,0.0,230.8,0.0,0.0,64.1,0.0,0.0,39.3,1.4,0.0,130.0,0.0,0.0,74.1,0.0,0.0,40.7,3.9,0.0,118.2,0.0,0.0,102.0,0.0,0.0,247.1,1.7,0.0,34.8,3.9,0.0,188.7,0.7,0.0,63.1,0.0,0.0,72.5,0.0,0.0,76.9,0.0,0.0,44.5,0.0,0.0,262.6,3.6,0.0,124.7,0.0,0.0,138.1,2.2,0.0,230.2,0.0,0.0,109.7,0.0,0.0,41.2,1.4,0.0,93.4,0.0,0.0,113.5,0.0,0.0,35.8,8.3,0.0,35.3,2.4,0.0,104.3,0.0,0.0,67.5,0.0,0.0,230.1,3.5,0.0,90.4,0.8,0.0,107.9,0.0,0.0,52.8,1.5,0.0
0133972AR,411.77,57.58,50108.0,0.0,1.0,0.0,144.4,0.0,0.0,190.0,0.0,0.0,234.3,0.0,0.0,229.3,0.0,0.0,64.1,0.0,0.0,39.3,0.0,0.0,130.0,0.0,0.0,74.1,0.0,0.0,40.7,0.0,0.0,120.5,0.0,0.0,102.0,0.0,0.0,254.6,0.0,0.0,34.8,0.0,0.0,196.6,0.0,0.0,63.1,0.0,0.0,72.5,0.0,0.0,76.9,0.0,0.0,44.5,0.0,0.0,293.9,0.0,0.0,124.7,0.0,0.0,146.9,0.0,0.0,232.5,0.0,0.0,109.7,0.0,0.0,41.2,0.0,0.0,93.4,0.0,0.0,116.4,0.0,0.0,35.8,0.0,0.0,35.3,0.0,0.0,106.3,0.0,0.0,67.5,0.0,0.0,258.3,0.0,0.0,93.1,0.0,0.0,107.9,0.0,0.0,52.8,0.0,0.0
0133973AR,801.95,183.67,18.0,1.0,1.0,0.17,147.8,79.6,0.127,194.6,100.9,0.189,252.9,263.3,0.238,238.3,113.7,0.214,64.1,75.2,0.051,39.3,18.2,0.029,130.0,52.2,0.118,74.1,53.0,0.066,40.7,15.2,0.031,120.5,49.3,0.098,102.0,42.7,0.088,268.5,139.9,0.254,34.8,18.2,0.032,200.1,135.5,0.173,63.1,25.9,0.053,72.5,82.4,0.061,76.9,120.9,0.058,44.5,15.0,0.035,316.2,307.6,0.318,124.7,47.6,0.11,152.7,176.6,0.105,240.1,246.6,0.248,109.7,62.8,0.092,41.2,17.7,0.031,93.4,40.7,0.077,116.4,213.8,0.085,35.8,8.3,0.029,35.3,19.4,0.024,106.3,105.2,0.072,67.5,28.5,0.055,278.9,304.4,0.287,93.1,279.9,0.049,107.9,48.0,0.09,52.8,14.9,0.045
0133975AR,1055.66,1061.2,11.0,0.0,1.0,1.0,147.8,68.2,0.0,194.6,74.4,0.0,252.9,178.3,0.0,238.3,96.0,0.0,64.1,129.3,0.0,39.3,47.5,0.0,130.0,78.8,0.0,74.1,122.7,0.0,40.7,47.5,0.0,120.5,93.3,0.0,102.0,79.5,0.0,268.5,97.6,0.0,34.8,56.7,0.0,200.1,54.1,0.0,63.1,57.5,0.0,72.5,159.8,0.0,76.9,122.0,0.0,44.5,47.3,0.0,316.2,192.2,0.0,124.7,87.3,0.0,152.7,26.0,0.0,240.1,182.2,0.0,109.7,57.0,0.0,41.2,46.9,0.0,93.4,81.1,0.0,116.4,124.7,0.0,35.8,31.2,0.0,35.3,50.1,0.0,106.3,48.6,0.0,67.5,63.3,0.0,278.9,186.4,0.0,93.1,30.5,0.0,107.9,83.7,0.0,52.8,49.1,0.0
0133979AR,39.57,604.92,222.0,0.0,1.0,0.83,144.4,106.7,0.0,190.0,125.0,0.0,242.4,324.8,0.0,232.6,149.2,0.0,64.1,131.0,0.0,39.3,38.8,0.0,130.0,87.4,0.0,74.1,111.7,0.0,40.7,34.8,0.0,119.9,88.5,0.0,102.0,77.0,0.0,258.7,176.2,0.0,34.8,43.5,0.0,195.3,139.5,0.0,63.1,50.2,0.0,72.5,149.4,0.0,76.9,168.4,0.0,44.5,36.7,0.0,303.8,376.2,0.0,124.7,86.3,0.0,146.9,138.0,0.0,234.4,311.4,0.0,108.9,82.6,0.0,41.2,38.2,0.0,93.4,75.2,0.0,115.6,246.9,0.0,35.8,24.0,0.0,35.3,42.3,0.0,105.5,106.5,0.0,67.5,58.5,0.0,268.0,350.7,0.0,91.2,213.1,0.0,107.9,81.5,0.0,52.8,38.1,0.0
0133983AR,282.03,754.97,423.0,0.0,0.17,0.0,43.0,2.1,0.0,61.3,4.6,0.0,97.5,14.9,0.0,66.8,7.2,0.0,16.8,0.6,0.0,2.4,0.0,0.0,27.7,1.6,0.0,16.6,0.0,0.0,5.1,0.0,0.0,34.3,2.4,0.0,22.8,1.5,0.0,97.9,9.4,0.0,3.3,0.0,0.0,60.2,5.6,0.0,11.5,0.3,0.0,17.9,2.2,0.0,15.4,4.2,0.0,4.8,0.0,0.0,126.9,12.4,0.0,29.5,1.3,0.0,52.9,7.1,0.0,80.8,14.6,0.0,20.0,2.2,0.0,4.5,0.0,0.0,20.9,0.4,0.0,33.2,8.6,0.0,4.0,0.0,0.0,2.2,0.0,0.0,30.3,4.0,0.0,17.4,0.4,0.0,118.7,14.7,0.0,26.5,7.6,0.0,24.1,1.5,0.0,8.6,0.0,0.0
0133984AR,822.61,997.04,10.0,0.0,0.67,0.33,118.3,57.1,0.0,162.4,67.9,0.0,204.2,176.4,0.0,176.7,73.0,0.0,58.7,54.0,0.0,32.4,14.1,0.0,101.2,41.0,0.0,70.9,39.7,0.0,32.1,12.5,0.0,97.6,35.1,0.0,77.3,33.3,0.0,212.2,92.1,0.0,27.1,16.1,0.0,149.7,81.5,0.0,58.3,18.8,0.0,65.6,61.8,0.0,62.4,77.6,0.0,35.3,14.7,0.0,243.8,198.1,0.0,98.7,35.2,0.0,119.6,95.0,0.0,185.1,167.8,0.0,84.1,45.4,0.0,34.8,14.0,0.0,70.8,31.3,0.0,92.2,138.7,0.0,28.5,8.1,0.0,29.1,14.3,0.0,84.8,62.1,0.0,64.5,22.0,0.0,218.8,189.6,0.0,68.3,152.6,0.0,81.9,33.3,0.0,46.2,13.9,0.0
0133985AR,616.25,982.7,14.0,0.0,1.0,0.0,147.8,43.1,0.0,194.6,54.0,0.0,252.9,145.9,0.0,238.3,61.6,0.0,64.1,22.5,0.0,39.3,0.3,0.0,130.0,22.8,0.0,74.1,7.0,0.0,40.7,0.3,0.0,120.5,14.7,0.0,102.0,12.9,0.0,268.5,76.0,0.0,34.8,0.6,0.0,200.1,80.2,0.0,63.1,4.3,0.0,72.5,18.8,0.0,76.9,53.4,0.0,44.5,0.0,0.0,316.2,177.6,0.0,124.7,13.7,0.0,152.7,101.7,0.0,240.1,134.5,0.0,109.7,35.8,0.0,41.2,0.3,0.0,93.4,11.8,0.0,116.4,121.7,0.0,35.8,0.3,0.0,35.3,0.4,0.0,106.3,61.8,0.0,67.5,5.0,0.0,278.9,171.8,0.0,93.1,161.7,0.0,107.9,15.2,0.0,52.8,0.3,0.0
0133986AR,456.17,66.59,24.0,0.0,0.67,0.5,58.2,35.2,0.0,76.3,46.9,0.0,103.6,117.4,0.0,111.6,55.5,0.0,27.2,38.1,0.0,21.0,12.1,0.0,60.3,30.6,0.0,32.8,37.4,0.0,24.7,12.4,0.0,57.5,29.3,0.0,51.6,23.7,0.0,121.2,62.2,0.0,19.6,13.8,0.0,96.4,60.5,0.0,27.7,16.8,0.0,30.7,43.5,0.0,26.9,60.6,0.0,24.5,11.0,0.0,146.4,136.5,0.0,62.2,29.2,0.0,61.5,65.4,0.0,112.3,123.3,0.0,47.6,32.7,0.0,22.5,12.0,0.0,48.0,22.5,0.0,52.9,85.1,0.0,20.2,8.7,0.0,18.5,12.6,0.0,46.4,38.7,0.0,29.4,19.3,0.0,125.8,138.9,0.0,33.3,103.0,0.0,53.6,26.4,0.0,25.5,12.3,0.0
0133992AR,242.61,774.04,266.0,0.0,0.67,0.0,128.1,44.4,0.0,176.4,52.7,0.0,219.3,136.5,0.0,198.8,59.0,0.0,54.7,36.9,0.0,31.7,8.4,0.0,106.4,34.0,0.0,60.2,33.6,0.0,27.5,4.4,0.0,99.4,27.4,0.0,87.4,26.8,0.0,230.1,73.3,0.0,24.3,3.0,0.0,182.7,61.1,0.0,51.2,11.4,0.0,60.5,49.9,0.0,69.8,64.4,0.0,31.6,6.1,0.0,285.3,146.8,0.0,102.8,26.7,0.0,142.8,67.9,0.0,205.8,133.4,0.0,95.6,36.2,0.0,31.4,8.2,0.0,80.0,24.4,0.0,105.2,105.3,0.0,23.6,1.2,0.0,28.4,9.0,0.0,95.9,44.7,0.0,54.6,17.9,0.0,248.2,143.0,0.0,89.8,109.6,0.0,92.5,27.9,0.0,40.8,6.3,0.0
0133998AR,940.64,395.24,39.0,0.0,1.0,0.83,147.8,114.8,0.0,194.6,144.8,0.0,252.9,383.3,0.0,238.3,169.1,0.0,64.1,125.8,0.0,39.3,38.7,0.0,130.0,89.9,0.0,74.1,107.8,0.0,40.7,36.1,0.0,120.5,88.5,0.0,102.0,77.4,0.0,268.5,202.4,0.0,34.8,43.9,0.0,200.1,187.4,0.0,63.1,48.5,0.0,72.5,143.7,0.0,76.9,173.1,0.0,44.5,37.0,0.0,316.2,443.6,0.0,124.7,85.5,0.0,152.7,217.2,0.0,240.1,372.8,0.0,109.7,91.8,0.0,41.2,38.4,0.0,93.4,73.3,0.0,116.4,290.2,0.0,35.8,24.2,0.0,35.3,40.8,0.0,106.3,136.4,0.0,67.5,56.0,0.0,278.9,438.4,0.0,93.1,348.3,0.0,107.9,81.5,0.0,52.8,38.6,0.0
0134005AR,767.72,884.78,3109.0,0.92,1.0,0.67,147.8,104.2,0.117,194.6,125.3,0.146,252.9,317.0,0.197,238.3,149.0,0.177,64.1,143.5,0.051,39.3,44.5,0.029,130.0,94.1,0.109,74.1,121.5,0.058,40.7,41.0,0.031,120.5,96.1,0.09,102.0,84.3,0.077,268.5,172.1,0.211,34.8,48.7,0.032,200.1,131.9,0.134,63.1,55.0,0.053,72.5,163.8,0.061,76.9,166.2,0.058,44.5,41.9,0.035,316.2,351.5,0.228,124.7,93.1,0.101,152.7,135.5,0.096,240.1,304.1,0.206,109.7,87.1,0.081,41.2,43.8,0.031,93.4,82.2,0.068,116.4,230.7,0.075,35.8,24.9,0.029,35.3,47.1,0.024,106.3,104.8,0.072,67.5,63.8,0.055,278.9,333.8,0.237,93.1,220.5,0.049,107.9,88.5,0.082,52.8,43.5,0.045
0134013AR,245.0,100.0,540.0,0.0,0.5,0.67,95.3,37.4,0.0,123.3,42.2,0.0,149.0,107.3,0.0,142.8,47.8,0.0,42.8,52.1,0.0,26.9,19.0,0.0,84.3,31.6,0.0,51.1,44.6,0.0,27.7,20.0,0.0,78.5,33.7,0.0,65.0,31.0,0.0,156.9,56.7,0.0,24.1,25.7,0.0,112.5,41.8,0.0,43.9,20.6,0.0,48.3,57.7,0.0,50.2,57.7,0.0,31.1,18.5,0.0,188.4,115.3,0.0,84.4,33.1,0.0,85.3,40.5,0.0,139.8,101.9,0.0,69.9,28.9,0.0,28.6,18.8,0.0,59.6,29.5,0.0,72.9,79.9,0.0,22.8,15.3,0.0,23.7,19.5,0.0,62.5,35.1,0.0,46.0,23.1,0.0,165.1,111.7,0.0,48.3,71.7,0.0,69.1,31.3,0.0,37.0,19.0,0.0
0134016AR,324.34,731.08,10.0,0.0,0.33,0.0,134.5,22.9,0.0,184.8,23.8,0.0,223.2,68.9,0.0,201.9,34.8,0.0,63.5,31.4,0.0,37.2,6.5,0.0,118.3,18.1,0.0,73.3,24.4,0.0,34.5,4.5,0.0,108.6,18.9,0.0,92.9,17.6,0.0,236.4,39.4,0.0,29.8,5.4,0.0,186.1,28.3,0.0,61.9,9.4,0.0,71.8,31.8,0.0,75.3,33.3,0.0,41.6,6.3,0.0,277.4,84.5,0.0,113.4,16.0,0.0,147.2,31.3,0.0,212.1,62.2,0.0,99.8,17.4,0.0,38.5,6.4,0.0,85.0,16.1,0.0,110.4,55.1,0.0,29.2,1.6,0.0,32.8,6.9,0.0,102.6,23.4,0.0,66.9,12.8,0.0,246.0,78.7,0.0,91.8,39.7,0.0,98.2,15.3,0.0,49.5,6.4,0.0
0134018AR,489.41,55.6,252.0,0.0,1.0,0.0,145.8,0.0,0.0,191.9,0.0,0.0,233.1,0.0,0.0,233.8,0.0,0.0,64.1,0.0,0.0,39.3,0.0,0.0,130.0,0.0,0.0,74.1,0.0,0.0,40.7,0.0,0.0,120.5,0.0,0.0,102.0,0.0,0.0,252.0,0.0,0.0,34.8,0.0,0.0,198.0,0.0,0.0,63.1,0.0,0.0,72.5,0.0,0.0,76.9,0.0,0.0,44.5,0.0,0.0,291.2,0.0,0.0,124.7,0.0,0.0,147.0,0.0,0.0,235.6,0.0,0.0,109.7,0.0,0.0,41.2,0.0,0.0,93.4,0.0,0.0,116.4,0.0,0.0,35.8,0.0,0.0,35.3,0.0,0.0,106.3,0.0,0.0,67.5,0.0,0.0,257.0,0.0,0.0,93.1,0.0,0.0,107.9,0.0,0.0,52.8,0.0,0.0
0134022AR,348.2,753.51,10.0,0.0,0.67,0.83,96.7,32.4,0.0,134.6,41.7,0.0,169.0,99.7,0.0,169.8,50.0,0.0,44.8,46.7,0.0,29.8,22.8,0.0,99.1,34.6,0.0,53.4,57.0,0.0,31.5,23.8,0.0,89.1,41.0,0.0,79.3,29.4,0.0,185.8,54.0,0.0,27.3,29.1,0.0,143.0,41.0,0.0,45.2,26.2,0.0,50.6,63.4,0.0,50.2,63.5,0.0,34.5,21.8,0.0,218.2,110.6,0.0,97.7,37.4,0.0,103.6,38.9,0.0,175.9,100.8,0.0,79.4,27.5,0.0,31.7,22.6,0.0,70.2,29.7,0.0,83.8,71.6,0.0,28.1,17.9,0.0,26.4,24.6,0.0,75.4,31.9,0.0,48.1,29.6,0.0,187.8,107.6,0.0,63.0,56.2,0.0,84.3,35.8,0.0,38.1,24.6,0.0
0134024AR,917.69,389.01,6.0,0.0,1.0,0.83,147.8,146.6,0.0,194.6,179.7,0.0,252.9,460.0,0.0,238.3,210.4,0.0,64.1,167.0,0.0,39.3,51.3,0.0,130.0,117.5,0.0,74.1,141.0,0.0,40.7,47.5,0.0,120.5,115.2,0.0,102.0,101.6,0.0,268.5,247.1,0.0,34.8,56.7,0.0,200.1,210.0,0.0,63.1,63.7,0.0,72.5,190.7,0.0,76.9,229.6,0.0,44.5,48.5,0.0,316.2,515.4,0.0,124.7,111.5,0.0,152.7,228.4,0.0,240.1,447.8,0.0,109.7,120.2,0.0,41.2,50.6,0.0,93.4,96.1,0.0,116.4,348.3,0.0,35.8,30.3,0.0,35.3,54.3,0.0,106.3,160.4,0.0,67.5,73.8,0.0,278.9,504.4,0.0,93.1,363.5,0.0,107.9,106.7,0.0,52.8,50.4,0.0
0134027AR,911.03,285.48,18.0,0.0,1.0,1.0,147.8,146.6,0.0,194.6,179.7,0.0,252.9,460.0,0.0,238.3,210.4,0.0,64.1,167.0,0.0,39.3,51.3,0.0,130.0,117.5,0.0,74.1,141.0,0.0,40.7,47.5,0.0,120.5,115.2,0.0,102.0,101.6,0.0,268.5,247.1,0.0,34.8,56.7,0.0,200.1,210.0,0.0,63.1,63.7,0.0,72.5,190.7,0.0,76.9,229.6,0.0,44.5,48.5,0.0,316.2,515.4,0.0,124.7,111.5,0.0,152.7,228.4,0.0,240.1,447.8,0.0,109.7,120.2,0.0,41.2,50.6,0.0,93.4,96.1,0.0,116.4,348.3,0.0,35.8,31.2,0.0,35.3,54.3,0.0,106.3,160.4,0.0,67.5,73.8,0.0,278.9,504.4,0.0,93.1,363.5,0.0,107.9,106.7,0.0,52.8,50.4,0.0
0134036AR,232.03,132.64,206.0,0.0,0.67,0.17,70.7,20.8,0.0,90.4,25.5,0.0,114.9,65.1,0.0,105.0,26.2,0.0,35.0,21.9,0.0,22.6,6.3,0.0,62.4,17.0,0.0,42.7,20.3,0.0,25.2,6.6,0.0,63.6,16.7,0.0,51.4,16.0,0.0,119.5,33.7,0.0,22.3,8.5,0.0,81.9,28.0,0.0,36.1,7.6,0.0,41.0,24.4,0.0,36.4,30.7,0.0,25.8,7.6,0.0,138.3,72.5,0.0,66.4,16.6,0.0,53.6,31.9,0.0,105.0,62.1,0.0,48.5,16.5,0.0,23.7,6.3,0.0,49.5,12.5,0.0,48.5,51.0,0.0,23.7,4.4,0.0,19.9,6.6,0.0,46.8,22.4,0.0,38.4,10.5,0.0,126.7,70.2,0.0,34.4,56.7,0.0,54.6,14.5,0.0,31.0,7.0,0.0
0134039AR,473.12,95.19,51582.0,1.0,0.83,0.5,107.3,42.4,0.127,133.0,48.6,0.189,175.5,129.6,0.238,160.1,55.3,0.214,50.0,48.9,0.051,32.6,16.2,0.029,91.2,32.0,0.118,58.3,41.9,0.066,31.7,16.5,0.031,91.6,32.5,0.098,75.3,30.2,0.088,184.6,68.6,0.254,27.8,20.6,0.032,117.5,54.6,0.173,49.6,19.1,0.053,54.2,55.5,0.061,54.5,59.0,0.058,34.7,15.9,0.035,208.7,147.9,0.318,89.6,31.0,0.11,92.8,60.5,0.105,161.2,118.2,0.248,69.2,31.8,0.092,34.3,16.1,0.031,69.0,28.7,0.077,68.9,95.9,0.085,28.5,13.0,0.029,29.3,17.0,0.024,68.8,44.0,0.072,52.9,21.6,0.055,187.6,142.3,0.287,50.4,96.0,0.049,79.8,29.8,0.09,44.5,16.3,0.045
0134056AR,631.77,51.35,2021.0,0.0,1.0,1.0,141.9,0.0,0.0,175.7,0.0,0.0,201.8,0.0,0.0,224.0,0.0,0.0,64.1,0.0,0.0,39.3,0.0,0.0,127.4,0.0,0.0,74.1,0.0,0.0,40.7,3.9,0.0,116.9,0.0,0.0,102.0,0.0,0.0,229.3,0.0,0.0,34.8,6.4,0.0,180.8,0.0,0.0,63.1,0.0,0.0,72.5,0.0,0.0,76.9,0.0,0.0,44.5,0.0,0.0,253.7,0.0,0.0,122.1,0.0,0.0,135.0,0.0,0.0,213.4,0.0,0.0,109.7,0.0,0.0,41.2,0.0,0.0,93.4,0.0,0.0,110.5,0.0,0.0,35.8,8.5,0.0,35.3,1.4,0.0,100.7,0.0,0.0,67.5,0.0,0.0,222.4,0.0,0.0,91.1,0.0,0.0,107.9,0.0,0.0,52.8,2.3,0.0
0134067AR,774.78,283.09,207216.0,0.0,1.0,0.83,147.8,119.7,0.0,194.6,143.4,0.012,252.9,365.4,0.011,238.3,172.5,0.01,64.1,158.6,0.0,39.3,51.3,0.0,130.0,106.3,0.0,74.1,141.0,0.0,40.7,47.2,0.0,120.5,107.9,0.0,102.0,96.7,0.0,268.5,198.9,0.012,34.8,56.7,0.0,200.1,155.6,0.011,63.1,63.7,0.0,72.5,182.6,0.0,76.9,188.6,0.0,44.5,48.5,0.0,316.2,410.4,0.043,124.7,104.5,0.0,152.7,159.4,0.0,240.1,355.2,0.012,109.7,97.9,0.0,41.2,50.6,0.0,93.4,92.2,0.0,116.4,268.6,0.0,35.8,29.9,0.0,35.3,54.3,0.0,106.3,123.5,0.0,67.5,73.8,0.0,278.9,395.4,0.013,93.1,255.5,0.0,107.9,98.5,0.0,52.8,50.4,0.0
0134070AR,919.28,395.56,28.0,0.0,1.0,0.83,147.8,146.6,0.0,194.6,179.7,0.0,252.9,460.0,0.0,238.3,210.4,0.0,64.1,167.0,0.0,39.3,51.3,0.0,130.0,117.5,0.0,74.1,141.0,0.0,40.7,47.5,0.0,120.5,115.2,0.0,102.0,101.6,0.0,268.5,247.1,0.0,34.8,56.7,0.0,200.1,210.0,0.0,63.1,63.7,0.0,72.5,190.7,0.0,76.9,229.6,0.0,44.5,48.5,0.0,316.2,515.4,0.0,124.7,111.5,0.0,152.7,226.7,0.0,240.1,447.8,0.0,109.7,120.2,0.0,41.2,50.6,0.0,93.4,96.1,0.0,116.4,348.3,0.0,35.8,31.2,0.0,35.3,54.3,0.0,106.3,160.4,0.0,67.5,73.8,0.0,278.9,504.4,0.0,93.1,362.0,0.0,107.9,106.7,0.0,52.8,50.4,0.0
0134073AR,376.88,394.32,1389.0,0.0,1.0,0.0,147.8,86.5,0.0,194.6,111.0,0.0,252.9,280.2,0.0,238.3,124.9,0.0,64.1,80.9,0.0,39.3,18.5,0.0,130.0,61.3,0.0,74.1,61.9,0.0,40.7,11.3,0.0,120.5,50.6,0.0,102.0,50.1,0.0,268.5,147.3,0.0,34.8,9.7,0.0,200.1,144.0,0.0,63.1,23.3,0.0,72.5,81.0,0.0,76.9,135.4,0.0,44.5,13.1,0.0,316.2,323.1,0.0,124.7,54.2,0.0,152.7,165.9,0.0,240.1,273.6,0.0,109.7,73.4,0.0,41.2,19.5,0.0,93.4,42.6,0.0,116.4,224.9,0.0,35.8,5.7,0.0,35.3,19.3,0.0,106.3,103.6,0.0,67.5,32.5,0.0,278.9,313.8,0.0,93.1,268.0,0.0,107.9,51.2,0.0,52.8,15.1,0.0
0134074AR,968.04,495.5,19.0,0.0,1.0,0.83,147.8,131.6,0.0,194.6,160.8,0.0,252.9,414.6,0.0,238.3,186.8,0.0,64.1,131.6,0.0,39.3,38.7,0.0,130.0,99.1,0.0,74.1,107.8,0.0,40.7,36.1,0.0,120.5,91.8,0.0,102.0,80.8,0.0,268.5,219.9,0.0,34.8,43.9,0.0,200.1,193.8,0.0,63.1,48.5,0.0,72.5,143.7,0.0,76.9,203.5,0.0,44.5,37.0,0.0,316.2,468.4,0.0,124.7,91.6,0.0,152.7,219.6,0.0,240.1,403.4,0.0,109.7,106.2,0.0,41.2,38.4,0.0,93.4,76.5,0.0,116.4,315.3,0.0,35.8,24.2,0.0,35.3,40.8,0.0,106.3,148.7,0.0,67.5,56.0,0.0,278.9,464.5,0.0,93.1,350.6,0.0,107.9,85.1,0.0,52.8,38.6,0.0
0134077AR,1096.52,1066.94,11.0,0.0,1.0,1.0,147.8,75.8,0.0,194.6,75.8,0.0,252.9,182.8,0.0,238.3,104.3,0.0,64.1,139.8,0.0,39.3,49.6,0.0,130.0,82.9,0.0,74.1,126.7,0.0,40.7,47.5,0.0,120.5,93.6,0.0,102.0,79.9,0.0,268.5,99.7,0.0,34.8,56.7,0.0,200.1,62.9,0.0,63.1,57.5,0.0,72.5,160.6,0.0,76.9,135.2,0.0,44.5,47.3,0.0,316.2,196.6,0.0,124.7,90.5,0.0,152.7,31.1,0.0,240.1,186.9,0.0,109.7,62.6,0.0,41.2,46.9,0.0,93.4,81.1,0.0,116.4,127.7,0.0,35.8,31.2,0.0,35.3,50.1,0.0,106.3,49.6,0.0,67.5,63.6,0.0,278.9,190.7,0.0,93.1,33.5,0.0,107.9,84.1,0.0,52.8,49.1,0.0
0134097AR,501.04,55.11,355.0,0.0,1.0,0.0,147.8,0.0,0.0,194.6,0.0,0.0,234.9,0.0,0.0,236.3,0.0,0.0,64.1,0.0,0.0,39.3,0.0,0.0,130.0,0.0,0.0,74.1,0.0,0.0,40.7,0.0,0.0,120.5,0.0,0.0,102.0,0.0,0.0,265.4,0.0,0.0,34.8,0.0,0.0,199.4,0.0,0.0,63.1,0.0,0.0,72.5,0.0,0.0,76.9,0.0,0.0,44.5,0.0,0.0,293.3,0.0,0.0,124.7,0.0,0.0,152.0,0.0,0.0,238.1,0.0,0.0,109.7,0.0,0.0,41.2,0.0,0.0,93.4,0.0,0.0,116.4,0.0,0.0,35.8,0.0,0.0,35.3,0.0,0.0,106.3,0.0,0.0,67.5,0.0,0.0,259.0,0.0,0.0,93.1,0.0,0.0,107.9,0.0,0.0,52.8,0.0,0.0
0134098AR,1105.52,1007.78,101.0,0.0,1.0,0.5,147.8,145.3,0.0,194.6,178.4,0.0,252.9,453.2,0.0,238.3,207.5,0.0,64.1,165.0,0.0,39.3,49.9,0.0,130.0,115.8,0.0,74.1,138.5,0.0,40.7,47.1,0.0,120.5,112.1,0.0,102.0,100.4,0.0,268.5,244.3,0.0,34.8,56.2,0.0,200.1,208.2,0.0,63.1,62.6,0.0,72.5,187.7,0.0,76.9,227.1,0.0,44.5,48.1,0.0,316.2,509.4,0.0,124.7,108.9,0.0,152.7,227.7,0.0,240.1,441.6,0.0,109.7,119.2,0.0,41.2,49.2,0.0,93.4,94.9,0.0,116.4,346.8,0.0,35.8,29.6,0.0,35.3,52.2,0.0,106.3,159.7,0.0,67.5,72.1,0.0,278.9,498.7,0.0,93.1,362.7,0.0,107.9,105.5,0.0,52.8,49.0,0.0
0134104AR,812.84,185.18,64.0,1.0,1.0,0.33,147.8,117.3,0.127,194.6,149.5,0.189,252.9,387.7,0.238,238.3,172.3,0.214,64.1,117.3,0.051,39.3,33.7,0.029,130.0,87.2,0.118,74.1,96.1,0.066,40.7,29.8,0.031,120.5,81.5,0.098,102.0,71.2,0.088,268.5,206.9,0.254,34.8,36.1,0.032,200.1,190.7,0.173,63.1,42.4,0.053,72.5,129.5,0.061,76.9,182.4,0.058,44.5,31.7,0.035,316.2,439.3,0.318,124.7,78.9,0.11,152.7,220.7,0.105,240.1,376.5,0.248,109.7,98.5,0.092,41.2,33.1,0.031,93.4,65.0,0.077,116.4,298.4,0.085,35.8,18.5,0.029,35.3,35.5,0.024,106.3,140.8,0.072,67.5,50.4,0.055,278.9,428.0,0.287,93.1,352.1,0.049,107.9,75.9,0.09,52.8,32.9,0.045
0134108AR,948.26,501.09,3.0,0.0,1.0,0.83,147.8,146.6,0.0,194.6,179.7,0.0,252.9,460.0,0.0,238.3,210.4,0.0,64.1,167.0,0.0,39.3,51.3,0.0,130.0,117.5,0.0,74.1,141.0,0.0,40.7,47.2,0.0,120.5,115.2,0.0,102.0,101.6,0.0,268.5,247.1,0.0,34.8,56.7,0.0,200.1,210.0,0.0,63.1,63.7,0.0,72.5,190.7,0.0,76.9,229.6,0.0,44.5,48.2,0.0,316.2,515.4,0.0,124.7,111.5,0.0,152.7,228.4,0.0,240.1,447.8,0.0,109.7,120.2,0.0,41.2,50.6,0.0,93.4,96.1,0.0,116.4,348.3,0.0,35.8,31.2,0.0,35.3,54.3,0.0,106.3,160.4,0.0,67.5,73.8,0.0,278.9,504.4,0.0,93.1,363.5,0.0,107.9,106.7,0.0,52.8,50.4,0.0
0134111AR,1067.4,1062.67,12.0,0.56,1.0,1.0,147.8,72.8,0.071,194.6,80.7,0.123,252.9,192.2,0.119,238.3,98.4,0.107,64.1,136.3,0.032,39.3,49.2,0.026,130.0,82.0,0.066,74.1,125.4,0.05,40.7,47.5,0.019,120.5,92.1,0.054,102.0,83.9,0.067,268.5,105.1,0.127,34.8,56.7,0.028,200.1,63.1,0.113,63.1,59.1,0.033,72.5,157.1,0.038,76.9,131.2,0.036,44.5,46.6,0.022,316.2,197.1,0.188,124.7,89.1,0.061,152.7,30.6,0.058,240.1,196.4,0.124,109.7,63.0,0.07,41.2,48.6,0.027,93.4,79.8,0.058,116.4,128.8,0.065,35.8,31.2,0.026,35.3,52.0,0.021,106.3,53.6,0.045,67.5,65.4,0.035,278.9,191.1,0.143,93.1,44.5,0.044,107.9,82.6,0.05,52.8,48.5,0.028
0134113AR,1101.69,1074.65,4492.0,0.0,1.0,1.0,147.8,0.0,0.0,194.6,0.0,0.0,252.9,0.0,0.0,238.3,1.1,0.0,64.1,10.2,0.0,39.3,16.7,0.0,130.0,5.1,0.0,74.1,26.0,0.0,40.7,22.0,0.0,120.5,16.9,0.0,102.0,8.6,0.0,268.5,1.0,0.0,34.8,29.2,0.0,200.1,0.0,0.0,63.1,12.0,0.0,72.5,19.5,0.0,76.9,0.0,0.0,44.5,19.1,0.0,316.2,2.1,0.0,124.7,9.0,0.0,152.7,1.6,0.0,240.1,0.0,0.0,109.7,0.0,0.0,41.2,16.6,0.0,93.4,10.0,0.0,116.4,0.0,0.0,35.8,25.9,0.0,35.3,18.5,0.0,106.3,0.0,0.0,67.5,13.5,0.0,278.9,2.1,0.0,93.1,0.0,0.0,107.9,11.0,0.0,52.8,21.9,0.0
0134116AR,803.75,962.75,977.0,0.0,1.0,1.0,142.4,117.3,0.0,187.0,141.9,0.0,244.3,363.2,0.0,230.0,167.0,0.0,63.3,154.1,0.0,39.3,50.3,0.0,127.4,101.8,0.0,74.1,134.9,0.0,40.7,45.9,0.0,118.0,103.7,0.0,98.9,93.7,0.0,259.1,193.7,0.0,34.8,56.7,0.0,190.8,156.0,0.0,63.1,61.8,0.0,70.1,176.0,0.0,72.2,183.7,0.0,44.5,46.9,0.0,307.0,406.1,0.0,122.1,100.3,0.0,145.7,160.6,0.0,231.7,353.0,0.0,103.7,96.8,0.0,41.2,49.6,0.0,90.6,88.9,0.0,110.7,266.5,0.0,35.8,30.7,0.0,35.3,53.1,0.0,100.9,121.5,0.0,66.7,70.5,0.0,269.4,390.1,0.0,85.8,261.6,0.0,104.7,95.3,0.0,52.8,48.8,0.0
0134118AR,654.71,50.81,2306.0,0.0,1.0,1.0,138.8,0.0,0.0,182.7,0.0,0.0,210.1,0.0,0.0,220.6,0.0,0.0,63.5,0.0,0.0,39.3,0.0,0.0,129.2,0.0,0.0,74.1,0.0,0.0,40.7,0.0,0.0,116.5,0.0,0.0,101.3,0.0,0.0,238.9,0.0,0.0,34.8,0.0,0.0,170.1,0.0,0.0,63.1,0.0,0.0,71.7,0.0,0.0,76.0,0.0,0.0,44.5,0.0,0.0,257.0,0.0,0.0,123.8,0.0,0.0,129.5,0.0,0.0,222.3,0.0,0.0,108.9,0.0,0.0,41.2,0.0,0.0,92.8,0.0,0.0,115.6,0.0,0.0,35.8,8.5,0.0,35.3,0.0,0.0,105.5,0.0,0.0,66.8,0.0,0.0,226.0,0.0,0.0,85.8,0.0,0.0,107.2,0.0,0.0,52.8,0.0,0.0
0134119AR,939.43,389.86,10.0,0.0,1.0,0.83,147.8,112.7,0.0,194.6,140.9,0.0,252.9,371.4,0.0,238.3,168.4,0.0,64.1,125.8,0.0,39.3,38.7,0.0,130.0,89.9,0.0,74.1,107.8,0.0,40.7,36.1,0.0,120.5,88.5,0.0,102.0,77.4,0.0,268.5,196.8,0.0,34.8,43.9,0.0,200.1,180.0,0.0,63.1,48.5,0.0,72.5,143.7,0.0,76.9,172.4,0.0,44.5,37.0,0.0,316.2,423.5,0.0,124.7,85.5,0.0,152.7,210.5,0.0,240.1,361.1,0.0,109.7,91.1,0.0,41.2,38.4,0.0,93.4,73.3,0.0,116.4,276.5,0.0,35.8,24.2,0.0,35.3,40.8,0.0,106.3,132.1,0.0,67.5,56.0,0.0,278.9,416.4,0.0,93.1,338.4,0.0,107.9,81.5,0.0,52.8,38.6,0.0
0134126AR,175.79,615.0,88.0,0.0,1.0,0.5,147.8,80.6,0.0,194.6,104.6,0.0,252.9,282.5,0.0,238.3,122.0,0.0,64.1,87.8,0.0,39.3,26.3,0.0,130.0,62.1,0.0,74.1,74.2,0.0,40.7,25.6,0.0,120.5,60.9,0.0,102.0,54.2,0.0,268.5,149.3,0.0,34.8,31.2,0.0,200.1,132.7,0.0,63.1,32.3,0.0,72.5,100.2,0.0,76.9,118.3,0.0,44.5,25.7,0.0,316.2,319.7,0.0,124.7,58.8,0.0,152.7,162.3,0.0,240.1,270.8,0.0,109.7,67.1,0.0,41.2,26.1,0.0,93.4,51.3,0.0,116.4,205.6,0.0,35.8,16.4,0.0,35.3,27.6,0.0,106.3,95.1,0.0,67.5,38.5,0.0,278.9,309.9,0.0,93.1,257.7,0.0,107.9,56.0,0.0,52.8,26.3,0.0
0134127AR,637.7,51.17,2089.0,0.0,1.0,1.0,127.9,0.0,0.0,170.1,0.0,0.0,197.5,0.0,0.0,206.0,0.0,0.0,64.1,0.0,0.0,39.3,0.6,0.0,130.0,0.0,0.0,74.1,0.0,0.0,40.7,1.9,0.0,116.0,0.0,0.0,102.0,0.0,0.0,222.7,0.0,0.0,34.8,1.9,0.0,165.9,0.0,0.0,63.1,0.0,0.0,72.5,0.0,0.0,76.9,0.0,0.0,44.5,0.0,0.0,246.4,0.0,0.0,124.7,0.0,0.0,131.0,0.0,0.0,207.5,0.0,0.0,109.7,0.0,0.0,41.2,0.6,0.0,93.4,0.0,0.0,112.1,0.0,0.0,35.8,6.9,0.0,35.3,0.3,0.0,97.0,0.0,0.0,67.5,0.0,0.0,216.9,0.0,0.0,87.5,0.0,0.0,107.9,0.0,0.0,52.8,0.6,0.0
0134130AR,783.2,315.09,206882.0,0.0,1.0,1.0,147.8,121.5,0.0,194.6,142.0,0.0,252.9,363.2,0.0,238.3,170.8,0.0,64.1,156.7,0.0,39.3,51.3,0.0,130.0,104.9,0.0,74.1,141.0,0.0,40.7,47.5,0.0,120.5,109.3,0.0,102.0,95.6,0.0,268.5,197.5,0.0,34.8,56.7,0.0,200.1,158.1,0.0,63.1,63.7,0.0,72.5,185.5,0.0,76.9,191.4,0.0,44.5,48.5,0.0,316.2,413.8,0.0,124.7,102.8,0.0,152.7,161.6,0.0,240.1,353.1,0.0,109.7,96.5,0.0,41.2,50.6,0.0,93.4,93.6,0.0,116.4,270.1,0.0,35.8,31.2,0.0,35.3,54.3,0.0,106.3,122.1,0.0,67.5,73.8,0.0,278.9,397.9,0.0,93.1,259.3,0.0,107.9,100.4,0.0,52.8,50.4,0.0
0134131AR,809.8,415.21,205908.0,0.0,1.0,1.0,147.8,113.8,0.0,194.6,137.3,0.0,252.9,348.0,0.0,238.3,165.6,0.0,64.1,147.7,0.0,39.3,51.3,0.0,130.0,98.8,0.0,74.1,134.2,0.0,40.7,47.5,0.0,120.5,101.4,0.0,102.0,90.3,0.0,268.5,189.9,0.0,34.8,56.7,0.0,200.1,150.3,0.0,63.1,61.2,0.0,72.5,170.1,0.0,76.9,176.6,0.0,44.5,48.5,0.0,316.2,394.3,0.0,124.7,97.4,0.0,152.7,157.4,0.0,240.1,338.3,0.0,109.7,92.5,0.0,41.2,50.3,0.0,93.4,86.1,0.0,116.4,260.0,0.0,35.8,31.2,0.0,35.3,53.9,0.0,106.3,119.1,0.0,67.5,70.2,0.0,278.9,380.0,0.0,93.1,251.7,0.0,107.9,91.8,0.0,52.8,50.4,0.0
0134134AR,880.61,250.34,27.0,0.47,1.0,1.0,147.8,128.7,0.06,194.6,154.6,0.116,251.6,390.3,0.137,238.3,183.3,0.124,64.1,163.8,0.016,39.3,51.3,0.013,130.0,110.4,0.056,74.1,141.0,0.034,40.7,47.2,0.01,120.5,113.2,0.046,102.0,100.1,0.046,267.1,211.9,0.147,34.8,56.7,0.014,200.1,165.5,0.106,63.1,63.7,0.017,72.5,190.7,0.019,76.9,211.2,0.018,44.5,48.2,0.011,314.5,435.5,0.212,124.7,107.0,0.052,151.3,164.8,0.049,240.1,379.7,0.144,109.7,106.3,0.048,41.2,50.6,0.014,93.4,96.1,0.04,116.4,289.3,0.044,35.8,31.2,0.013,35.3,54.3,0.011,106.3,133.1,0.022,67.5,73.8,0.017,277.4,423.0,0.166,93.1,257.0,0.022,107.9,105.1,0.042,52.8,50.1,0.014
0134136AR,157.68,314.26,4145.0,0.0,0.83,0.5,105.9,36.1,0.0,141.0,39.2,0.0,169.5,100.1,0.0,163.6,46.8,0.0,53.6,51.0,0.0,33.1,17.1,0.0,101.8,29.5,0.0,66.1,41.2,0.0,37.7,17.8,0.0,95.7,32.3,0.0,80.4,30.0,0.0,181.4,53.6,0.0,32.2,21.8,0.0,126.1,36.5,0.0,53.6,19.7,0.0,59.3,57.6,0.0,54.4,52.1,0.0,38.0,17.6,0.0,202.6,105.1,0.0,98.9,31.2,0.0,91.5,34.2,0.0,164.8,95.6,0.0,78.6,27.3,0.0,35.1,17.0,0.0,73.7,29.6,0.0,76.3,70.6,0.0,31.1,12.7,0.0,29.7,16.2,0.0,68.7,32.8,0.0,60.1,21.3,0.0,177.6,105.7,0.0,53.5,61.8,0.0,84.6,30.6,0.0,45.5,18.1,0.0
0134137AR,1054.59,1067.79,83322.0,0.0,1.0,1.0,147.8,0.0,0.0,194.6,0.0,0.0,252.9,0.0,0.0,238.3,1.1,0.0,64.1,10.2,0.0,39.3,16.7,0.0,130.0,2.0,0.0,74.1,22.0,0.0,40.7,21.7,0.0,120.5,14.2,0.0,102.0,8.6,0.0,268.5,0.7,0.0,34.8,26.2,0.0,200.1,0.0,0.0,63.1,11.7,0.0,72.5,19.5,0.0,76.9,0.0,0.0,44.5,19.1,0.0,316.2,0.0,0.0,124.7,6.8,0.0,152.7,0.0,0.0,240.1,0.0,0.0,109.7,0.0,0.0,41.2,16.6,0.0,93.4,7.8,0.0,116.4,0.0,0.0,35.8,24.2,0.0,35.3,18.5,0.0,106.3,0.0,0.0,67.5,7.2,0.0,278.9,0.0,0.0,93.1,0.0,0.0,107.9,6.6,0.0,52.8,16.7,0.0
0134139AR,1001.77,699.5,25.0,0.28,1.0,1.0,86.8,26.2,0.035,111.5,36.6,0.05,151.7,90.0,0.063,158.2,45.8,0.057,42.2,30.4,0.016,30.8,9.0,0.01,90.2,25.3,0.033,47.5,30.0,0.019,31.3,10.1,0.01,85.7,27.1,0.027,78.0,20.2,0.025,171.9,49.3,0.068,27.2,12.1,0.011,132.6,41.0,0.046,39.8,14.2,0.017,46.6,35.4,0.019,45.9,50.0,0.018,34.8,9.3,0.011,190.0,98.8,0.082,90.5,24.0,0.031,97.8,45.4,0.029,158.2,91.9,0.066,72.1,25.4,0.026,32.2,8.9,0.01,71.3,19.5,0.022,76.1,62.8,0.024,31.2,7.0,0.01,27.8,11.3,0.008,63.9,30.9,0.022,43.5,15.6,0.017,167.2,96.2,0.076,57.7,72.4,0.016,80.4,22.9,0.025,35.6,10.7,0.014
0134144AR,901.05,1045.45,6521.0,1.0,0.17,0.0,99.5,0.0,0.127,129.4,0.0,0.189,162.8,0.0,0.238,141.1,0.0,0.214,37.9,0.0,0.051,15.8,0.0,0.029,73.9,0.0,0.118,42.6,0.0,0.066,16.9,0.0,0.031,60.7,0.0,0.098,47.7,0.0,0.088,163.8,0.0,0.254,13.8,0.0,0.032,116.0,0.0,0.173,35.0,0.0,0.053,41.0,0.0,0.061,55.9,0.0,0.058,19.3,0.0,0.035,196.2,0.0,0.302,64.2,0.0,0.11,104.3,0.0,0.105,142.2,0.0,0.248,69.2,0.0,0.092,16.6,0.0,0.031,43.5,0.0,0.077,74.2,0.0,0.085,9.0,0.0,0.029,14.6,0.0,0.024,71.7,0.0,0.072,39.2,0.0,0.055,179.5,0.0,0.287,69.7,0.0,0.049,50.2,0.0,0.09,28.7,0.0,0.045
0134146AR,917.22,308.36,25.0,0.0,1.0,0.83,147.8,146.6,0.0,194.6,179.7,0.0,252.9,460.0,0.0,238.3,210.4,0.0,64.1,167.0,0.0,39.3,51.3,0.0,130.0,117.5,0.0,74.1,141.0,0.0,40.7,47.5,0.0,120.5,115.2,0.0,102.0,101.6,0.0,268.5,247.1,0.0,34.8,56.7,0.0,200.1,210.0,0.0,63.1,63.7,0.0,72.5,190.7,0.0,76.9,229.6,0.0,44.5,48.5,0.0,316.2,515.4,0.0,124.7,111.5,0.0,152.7,228.4,0.0,240.1,447.8,0.0,109.7,120.2,0.0,41.2,50.6,0.0,93.4,96.1,0.0,116.4,348.3,0.0,35.8,29.9,0.0,35.3,54.3,0.0,106.3,160.4,0.0,67.5,73.8,0.0,278.9,504.4,0.0,93.1,363.5,0.0,107.9,106.7,0.0,52.8,50.4,0.0
0134147AR,773.05,47.32,200.0,1.0,1.0,1.0,146.3,5.6,0.127,184.3,11.8,0.189,211.2,34.5,0.238,230.0,14.7,0.214,64.1,6.4,0.051,39.3,1.1,0.029,128.7,5.4,0.118,74.1,4.1,0.066,40.7,9.8,0.031,119.9,4.9,0.098,102.0,3.8,0.088,240.0,20.2,0.254,34.8,7.7,0.032,188.0,13.8,0.173,63.1,1.9,0.053,72.5,7.3,0.061,76.9,10.6,0.058,44.5,1.9,0.035,264.6,38.9,0.318,124.0,4.8,0.11,141.9,9.3,0.105,224.3,33.7,0.248,109.7,5.7,0.092,41.2,1.0,0.031,93.4,5.3,0.077,113.4,23.0,0.085,35.8,9.9,0.029,35.3,2.6,0.024,103.5,10.6,0.072,67.5,2.2,0.055,232.9,32.3,0.287,92.4,12.2,0.049,107.9,3.9,0.09,52.8,4.9,0.045
0134149AR,841.12,149.15,37.0,1.0,0.83,0.5,147.1,134.3,0.127,193.8,166.2,0.189,250.8,421.3,0.238,236.3,192.7,0.214,63.3,143.4,0.051,38.4,42.6,0.029,128.0,105.2,0.118,73.2,121.2,0.066,39.3,39.5,0.031,116.8,101.3,0.098,99.7,89.4,0.088,266.1,228.1,0.254,34.1,47.2,0.032,200.1,195.8,0.173,62.4,53.0,0.053,70.7,167.6,0.061,76.9,212.9,0.058,42.9,40.4,0.035,312.0,483.9,0.318,120.9,98.1,0.11,152.7,219.7,0.105,238.1,410.1,0.248,109.7,110.0,0.092,39.7,42.1,0.031,91.3,84.5,0.077,116.4,328.6,0.085,33.7,25.9,0.029,34.5,45.1,0.024,106.3,151.3,0.072,66.7,63.4,0.055,276.5,473.6,0.287,93.1,354.4,0.049,105.5,93.9,0.09,51.0,42.0,0.045
0134150AR,827.4,484.48,263.0,0.0,1.0,1.0,147.8,146.6,0.0,194.6,179.7,0.0,252.9,460.0,0.0,238.3,210.4,0.0,64.1,167.0,0.0,39.3,51.3,0.0,130.0,117.5,0.0,74.1,141.0,0.0,40.7,47.5,0.0,120.5,115.2,0.0,102.0,101.6,0.0,268.5,247.1,0.0,34.8,56.7,0.0,200.1,210.0,0.0,63.1,63.7,0.0,72.5,190.7,0.0,76.9,229.6,0.0,44.5,48.5,0.0,316.2,515.4,0.0,124.7,111.5,0.0,152.7,228.4,0.0,240.1,447.8,0.0,109.7,120.2,0.0,41.2,50.6,0.0,93.4,96.1,0.0,116.4,348.3,0.0,35.8,31.2,0.0,35.3,54.3,0.0,106.3,160.4,0.0,67.5,73.8,0.0,278.9,504.4,0.0,93.1,363.5,0.0,107.9,106.7,0.0,52.8,50.4,0.0
0134153AR,314.15,736.78,1041.0,0.0,1.0,0.0,147.1,83.4,0.0,193.1,97.5,0.0,242.9,261.4,0.0,227.7,120.7,0.0,64.1,89.7,0.0,39.3,21.9,0.0,129.4,65.8,0.0,74.1,70.5,0.0,40.7,15.8,0.0,117.0,60.5,0.0,98.5,54.7,0.0,256.6,136.6,0.0,34.8,20.8,0.0,198.0,122.0,0.0,63.1,31.7,0.0,71.9,101.1,0.0,76.9,123.1,0.0,44.5,20.5,0.0,302.5,297.8,0.0,124.0,62.0,0.0,152.7,129.8,0.0,229.4,258.1,0.0,109.7,67.4,0.0,41.2,21.7,0.0,90.2,51.8,0.0,116.4,193.3,0.0,34.4,4.4,0.0,35.3,22.7,0.0,106.3,88.4,0.0,67.5,38.5,0.0,268.6,287.2,0.0,93.1,199.3,0.0,105.0,57.2,0.0,52.8,21.9,0.0
0134156AR,901.98,250.59,56.0,0.0,1.0,1.0,147.8,146.6,0.0,194.6,179.7,0.012,252.9,460.0,0.011,238.3,210.4,0.01,64.1,167.0,0.0,39.3,51.3,0.0,130.0,117.5,0.0,74.1,141.0,0.0,40.7,47.5,0.0,120.5,115.2,0.0,102.0,101.6,0.0,268.5,247.1,0.012,34.8,56.7,0.0,200.1,210.0,0.011,63.1,63.7,0.0,72.5,190.7,0.0,76.9,229.6,0.0,44.5,48.5,0.0,316.2,515.4,0.035,124.7,111.5,0.0,152.7,228.4,0.0,240.1,447.8,0.012,109.7,120.2,0.0,41.2,50.6,0.0,93.4,96.1,0.0,116.4,348.3,0.0,35.8,31.2,0.0,35.3,54.3,0.0,106.3,160.4,0.0,67.5,73.8,0.0,278.9,504.4,0.013,93.1,363.5,0.0,107.9,106.7,0.0,52.8,50.4,0.0
0134157AR,1047.23,787.61,147.0,1.0,1.0,0.83,147.8,143.8,0.127,194.6,177.6,0.189,252.9,454.0,0.238,238.3,203.5,0.214,64.1,150.3,0.051,39.3,41.2,0.029,130.0,109.7,0.118,74.1,121.3,0.066,40.7,37.1,0.031,120.5,104.0,0.098,102.0,91.8,0.088,268.5,238.7,0.254,34.8,43.9,0.032,200.1,209.3,0.173,63.1,53.2,0.053,72.5,169.4,0.061,76.9,226.1,0.058,44.5,39.2,0.035,316.2,505.0,0.318,124.7,101.6,0.11,152.7,228.4,0.105,240.1,442.0,0.248,109.7,118.0,0.092,41.2,40.8,0.031,93.4,85.7,0.077,116.4,346.8,0.085,35.8,24.2,0.029,35.3,43.4,0.024,106.3,160.0,0.072,67.5,63.3,0.055,278.9,501.2,0.287,93.1,363.5,0.049,107.9,98.9,0.09,52.8,40.9,0.045
0134160AR,731.38,48.36,3275.0,0.0,1.0,1.0,147.8,0.0,0.0,190.0,0.0,0.0,226.1,0.0,0.0,237.0,0.0,0.0,64.1,0.0,0.0,39.3,0.3,0.0,130.0,0.0,0.0,74.1,0.0,0.0,40.7,5.1,0.0,120.5,0.0,0.0,102.0,0.0,0.0,250.7,0.0,0.0,34.8,8.1,0.0,196.0,0.0,0.0,63.1,0.4,0.0,72.5,0.0,0.0,76.9,0.0,0.0,44.5,1.0,0.0,282.9,0.0,0.0,124.7,0.0,0.0,150.5,0.0,0.0,233.8,0.0,0.0,109.7,0.0,0.0,41.2,0.3,0.0,93.4,0.0,0.0,116.4,0.0,0.0,35.8,10.9,0.0,35.3,0.3,0.0,106.3,0.0,0.0,67.5,0.0,0.0,249.3,0.0,0.0,93.1,0.0,0.0,107.9,0.0,0.0,52.8,3.7,0.0
0134164AR,944.14,406.93,28.0,0.0,1.0,0.83,147.8,134.4,0.0,194.6,172.9,0.0,252.9,445.1,0.0,238.3,197.4,0.0,64.1,132.9,0.0,39.3,38.7,0.0,130.0,100.5,0.0,74.1,108.5,0.0,40.7,36.1,0.0,120.5,93.1,0.0,102.0,82.7,0.0,268.5,233.1,0.0,34.8,43.9,0.0,200.1,208.9,0.0,63.1,48.5,0.0,72.5,147.3,0.0,76.9,206.3,0.0,44.5,37.0,0.0,316.2,487.8,0.0,124.7,91.9,0.0,152.7,228.4,0.0,240.1,433.3,0.0,109.7,113.4,0.0,41.2,38.4,0.0,93.4,77.2,0.0,116.4,339.7,0.0,35.8,24.2,0.0,35.3,40.8,0.0,106.3,157.0,0.0,67.5,56.4,0.0,278.9,488.1,0.0,93.1,363.5,0.0,107.9,87.0,0.0,52.8,38.6,0.0
0134166AR,993.62,670.58,8.0,0.0,1.0,1.0,147.8,115.1,0.0,194.6,136.0,0.0,252.9,339.1,0.0,238.3,165.7,0.0,64.1,155.4,0.0,39.3,51.3,0.0,130.0,103.0,0.0,74.1,140.3,0.0,40.7,47.5,0.0,120.5,105.3,0.0,102.0,94.4,0.0,268.5,187.5,0.0,34.8,56.7,0.0,200.1,136.8,0.0,63.1,63.7,0.0,72.5,183.3,0.0,76.9,184.8,0.0,44.5,48.5,0.0,316.2,379.0,0.0,124.7,101.9,0.0,152.7,135.0,0.0,240.1,333.1,0.0,109.7,94.5,0.0,41.2,50.6,0.0,93.4,89.7,0.0,116.4,245.2,0.0,35.8,31.2,0.0,35.3,54.3,0.0,106.3,107.3,0.0,67.5,73.4,0.0,278.9,359.1,0.0,93.1,210.8,0.0,107.9,96.1,0.0,52.8,50.4,0.0
0134167AR,95.58,720.74,1854.0,0.0,0.83,0.17,130.9,38.1,0.0,175.0,45.9,0.0,217.3,115.8,0.0,213.8,53.5,0.0,57.6,42.0,0.0,34.0,12.2,0.0,117.4,30.2,0.0,63.8,31.1,0.0,33.0,11.8,0.0,107.8,28.0,0.0,93.6,25.7,0.0,234.6,59.7,0.0,28.6,14.2,0.0,186.5,54.9,0.0,54.2,15.9,0.0,62.9,48.0,0.0,71.2,59.8,0.0,36.1,12.5,0.0,282.1,126.2,0.0,112.6,28.0,0.0,138.2,55.0,0.0,215.4,116.1,0.0,103.1,31.4,0.0,35.2,12.0,0.0,85.7,24.3,0.0,109.8,90.8,0.0,29.5,8.1,0.0,30.3,12.8,0.0,100.1,40.8,0.0,57.8,17.5,0.0,246.0,123.0,0.0,87.2,93.8,0.0,99.1,25.9,0.0,45.5,12.0,0.0
0134168AR,379.22,527.62,22.0,0.0,1.0,1.0,147.8,97.5,0.0,194.6,109.2,0.0,252.9,272.3,0.0,238.3,134.0,0.0,64.1,142.7,0.0,39.3,49.6,0.0,130.0,90.0,0.0,74.1,127.8,0.0,40.7,47.2,0.0,120.5,97.0,0.0,102.0,87.7,0.0,268.5,145.3,0.0,34.8,56.7,0.0,200.1,107.4,0.0,63.1,58.9,0.0,72.5,165.2,0.0,76.9,157.7,0.0,44.5,47.9,0.0,316.2,280.9,0.0,124.7,87.9,0.0,152.7,96.0,0.0,240.1,268.0,0.0,109.7,80.0,0.0,41.2,48.9,0.0,93.4,83.2,0.0,116.4,199.3,0.0,35.8,31.2,0.0,35.3,52.4,0.0,106.3,88.4,0.0,67.5,66.9,0.0,278.9,277.6,0.0,93.1,155.1,0.0,107.9,90.4,0.0,52.8,49.8,0.0
0134178AR,196.89,219.58,440.0,0.0,0.83,0.33,98.9,30.2,0.0,132.4,35.7,0.0,163.4,90.9,0.0,157.9,39.2,0.0,50.3,39.4,0.0,32.6,14.6,0.0,91.5,25.7,0.0,59.2,38.1,0.0,37.1,13.8,0.0,92.7,29.0,0.0,78.0,24.4,0.0,174.6,49.4,0.0,33.5,18.2,0.0,127.4,36.5,0.0,53.3,18.2,0.0,56.3,43.4,0.0,49.8,43.1,0.0,40.5,15.8,0.0,209.6,101.0,0.0,95.2,25.8,0.0,84.7,38.8,0.0,158.9,87.4,0.0,69.7,22.1,0.0,35.4,14.5,0.0,69.6,23.8,0.0,74.2,68.3,0.0,33.7,9.1,0.0,29.1,14.4,0.0,66.8,30.3,0.0,53.6,19.7,0.0,180.9,97.7,0.0,48.0,66.4,0.0,80.7,27.3,0.0,47.0,16.3,0.0
0134179AR,719.63,48.79,3117.0,0.0,1.0,1.0,147.8,0.0,0.0,194.6,0.0,0.0,243.7,0.0,0.0,238.3,0.0,0.0,64.1,0.0,0.0,39.3,2.9,0.0,130.0,0.0,0.0,74.1,0.0,0.0,40.7,8.2,0.0,120.5,0.0,0.0,102.0,0.0,0.0,258.6,0.0,0.0,34.8,6.9,0.0,198.5,0.0,0.0,63.1,0.0,0.0,72.5,0.0,0.0,76.9,0.0,0.0,44.5,4.9,0.0,296.1,0.0,0.0,124.7,0.0,0.0,143.3,0.0,0.0,240.1,0.0,0.0,109.7,0.0,0.0,41.2,2.9,0.0,93.4,0.0,0.0,116.4,0.0,0.0,35.8,15.5,0.0,35.3,4.5,0.0,106.3,0.0,0.0,67.5,0.0,0.0,267.0,0.0,0.0,92.2,0.0,0.0,107.9,0.0,0.0,52.8,2.9,0.0
0134184AR,311.09,487.13,51951.0,0.0,1.0,1.0,147.8,107.4,0.0,194.6,127.6,0.0,252.9,321.8,0.0,238.3,153.1,0.0,64.1,134.8,0.0,39.3,49.9,0.0,130.0,91.0,0.0,74.1,124.7,0.0,40.7,47.5,0.0,120.5,97.1,0.0,102.0,82.7,0.0,268.5,174.3,0.0,34.8,56.7,0.0,200.1,139.0,0.0,63.1,59.7,0.0,72.5,162.8,0.0,76.9,171.5,0.0,44.5,47.9,0.0,316.2,367.8,0.0,124.7,90.0,0.0,152.7,138.9,0.0,240.1,312.7,0.0,109.7,87.3,0.0,41.2,49.3,0.0,93.4,79.7,0.0,116.4,243.9,0.0,35.8,31.2,0.0,35.3,52.8,0.0,106.3,110.1,0.0,67.5,65.1,0.0,278.9,356.8,0.0,93.1,219.5,0.0,107.9,87.0,0.0,52.8,49.8,0.0
0134188AR,513.08,54.73,541.0,0.0,1.0,0.17,147.8,0.0,0.0,194.6,0.0,0.0,241.4,0.0,0.0,234.8,0.0,0.0,64.1,0.0,0.0,39.3,1.4,0.0,130.0,0.0,0.0,74.1,0.0,0.0,40.7,3.3,0.0,120.5,0.0,0.0,102.0,0.0,0.0,256.1,0.0,0.0,34.8,2.1,0.0,198.7,0.0,0.0,63.1,0.0,0.0,72.5,0.0,0.0,76.9,0.0,0.0,44.5,1.6,0.0,301.1,0.0,0.0,124.7,0.0,0.0,146.3,0.0,0.0,236.5,0.0,0.0,109.7,0.0,0.0,41.2,1.4,0.0,93.4,0.0,0.0,116.4,0.0,0.0,35.8,6.1,0.0,35.3,1.8,0.0,106.3,0.0,0.0,67.5,0.0,0.0,265.4,0.0,0.0,93.1,0.0,0.0,107.9,0.0,0.0,52.8,1.5,0.0
0134198AR,409.48,508.52,9.0,0.0,1.0,1.0,147.8,123.2,0.0,194.6,140.2,0.0,252.9,352.0,0.0,238.3,173.0,0.0,64.1,165.4,0.0,39.3,51.3,0.0,130.0,110.7,0.0,74.1,141.0,0.0,40.7,47.5,0.0,120.5,112.8,0.0,102.0,99.5,0.0,268.5,189.5,0.0,34.8,56.7,0.0,200.1,145.6,0.0,63.1,63.7,0.0,72.5,188.0,0.0,76.9,201.2,0.0,44.5,48.5,0.0,316.2,381.9,0.0,124.7,106.2,0.0,152.7,137.8,0.0,240.1,344.6,0.0,109.7,101.3,0.0,41.2,50.6,0.0,93.4,94.8,0.0,116.4,262.3,0.0,35.8,31.2,0.0,35.3,54.3,0.0,106.3,117.0,0.0,67.5,73.8,0.0,278.9,375.5,0.0,93.1,222.4,0.0,107.9,104.5,0.0,52.8,50.4,0.0
0134200AR,962.18,553.73,42.0,0.0,1.0,1.0,147.8,146.6,0.0,194.6,179.7,0.0,252.9,460.0,0.0,238.3,210.4,0.0,64.1,167.0,0.0,39.3,51.3,0.0,130.0,117.5,0.0,74.1,141.0,0.0,40.7,47.5,0.0,120.5,115.2,0.0,102.0,101.6,0.0,268.5,247.1,0.0,34.8,56.7,0.0,200.1,210.0,0.0,63.1,63.7,0.0,72.5,190.7,0.0,76.9,229.6,0.0,44.5,48.5,0.0,316.2,515.4,0.0,124.7,111.5,0.0,152.7,228.4,0.0,240.1,447.8,0.0,109.7,120.2,0.0,41.2,50.6,0.0,93.4,96.1,0.0,116.4,348.3,0.0,35.8,31.2,0.0,35.3,54.3,0.0,106.3,160.4,0.0,67.5,73.8,0.0,278.9,504.4,0.0,93.1,363.5,0.0,107.9,106.7,0.0,52.8,50.4,0.0
0134207AR,745.27,875.93,7.0,1.0,0.67,0.5,73.0,23.0,0.127,103.8,33.6,0.189,129.0,75.8,0.234,134.0,33.9,0.211,34.8,26.7,0.051,23.9,11.5,0.029,81.7,21.1,0.118,41.8,26.9,0.066,26.1,9.7,0.031,71.0,22.5,0.098,63.6,20.1,0.088,150.4,43.7,0.25,22.8,9.6,0.032,108.1,35.9,0.173,35.4,11.9,0.053,37.7,35.4,0.061,37.3,43.6,0.058,28.6,11.0,0.035,156.8,89.5,0.314,78.5,24.4,0.11,74.0,37.4,0.105,143.1,79.9,0.244,64.0,19.6,0.092,25.5,11.4,0.031,55.8,18.0,0.077,68.2,58.9,0.085,23.5,4.7,0.029,21.0,11.9,0.024,60.1,25.4,0.072,37.5,13.9,0.055,137.4,87.0,0.282,43.5,58.9,0.049,67.7,20.9,0.09,33.1,11.5,0.045
0134208AR,809.88,974.29,663.0,0.0,1.0,0.67,146.3,81.3,0.0,193.1,101.0,0.0,250.8,264.7,0.0,236.3,116.6,0.0,64.1,95.6,0.0,39.3,28.9,0.0,128.7,65.9,0.0,74.1,79.1,0.0,40.7,28.1,0.0,119.9,65.7,0.0,102.0,59.0,0.0,266.1,140.3,0.0,34.8,34.4,0.0,198.5,115.2,0.0,63.1,36.3,0.0,72.5,109.8,0.0,76.2,123.4,0.0,44.5,28.8,0.0,313.4,289.4,0.0,123.4,63.4,0.0,151.3,117.1,0.0,238.1,256.7,0.0,108.8,65.2,0.0,41.2,28.7,0.0,93.4,56.3,0.0,114.9,191.0,0.0,35.8,18.7,0.0,35.3,30.3,0.0,104.9,87.7,0.0,67.5,41.0,0.0,276.5,283.7,0.0,92.2,186.5,0.0,107.9,60.4,0.0,52.8,29.2,0.0
0134210AR,903.46,256.6,30.0,0.0,1.0,1.0,147.8,146.6,0.0,194.6,179.7,0.012,252.9,460.0,0.011,238.3,210.4,0.01,64.1,167.0,0.0,39.3,51.3,0.0,130.0,117.5,0.0,74.1,141.0,0.0,40.7,47.5,0.0,120.5,115.2,0.0,102.0,101.6,0.0,268.5,247.1,0.012,34.8,56.7,0.0,200.1,210.0,0.011,63.1,63.7,0.0,72.5,190.7,0.0,76.9,229.6,0.0,44.5,48.5,0.0,316.2,515.4,0.043,124.7,111.5,0.0,152.7,228.4,0.0,240.1,447.8,0.012,109.7,120.2,0.0,41.2,50.6,0.0,93.4,96.1,0.0,116.4,348.3,0.0,35.8,31.2,0.0,35.3,54.3,0.0,106.3,160.4,0.0,67.5,73.8,0.0,278.9,504.4,0.013,93.1,363.5,0.0,107.9,106.7,0.0,52.8,50.4,0.0
0134212AR,954.69,447.52,24.0,0.0,1.0,0.83,147.8,146.6,0.0,194.6,179.7,0.0,252.9,460.0,0.0,238.3,210.4,0.0,64.1,167.0,0.0,39.3,51.3,0.0,130.0,117.5,0.0,74.1,141.0,0.0,40.7,47.2,0.0,120.5,115.2,0.0,102.0,101.6,0.0,268.5,247.1,0.0,34.8,56.7,0.0,200.1,210.0,0.0,63.1,63.7,0.0,72.5,190.7,0.0,76.9,229.6,0.0,44.5,48.5,0.0,316.2,515.4,0.0,124.7,111.5,0.0,152.7,228.4,0.0,240.1,447.8,0.0,109.7,120.2,0.0,41.2,50.6,0.0,93.4,96.1,0.0,116.4,348.3,0.0,35.8,27.7,0.0,35.3,54.3,0.0,106.3,160.4,0.0,67.5,73.8,0.0,278.9,504.4,0.0,93.1,363.5,0.0,107.9,106.7,0.0,52.8,50.4,0.0
0134213AR,763.74,292.63,2304.0,0.0,1.0,0.83,143.7,53.9,0.0,183.7,67.9,0.0,233.3,172.5,0.0,233.5,83.0,0.0,64.1,65.9,0.0,39.3,22.7,0.0,130.0,50.8,0.0,74.1,61.7,0.0,40.7,22.5,0.0,118.8,50.4,0.0,102.0,40.9,0.0,252.2,89.8,0.0,34.8,24.6,0.0,191.9,81.0,0.0,63.1,29.5,0.0,72.5,75.1,0.0,76.0,93.8,0.0,44.5,21.4,0.0,291.6,189.8,0.0,124.7,48.1,0.0,140.4,91.1,0.0,230.3,174.7,0.0,108.9,47.4,0.0,41.2,22.6,0.0,93.4,40.5,0.0,114.0,125.3,0.0,35.8,16.0,0.0,35.3,23.8,0.0,104.1,55.2,0.0,67.5,31.9,0.0,257.2,183.6,0.0,87.9,144.1,0.0,107.9,45.2,0.0,52.8,22.9,0.0
0134220AR,874.81,1041.15,8.0,1.0,0.5,0.0,97.5,0.0,0.127,134.9,0.0,0.169,172.9,0.0,0.219,144.3,0.0,0.198,40.4,0.0,0.051,20.5,0.0,0.029,67.3,0.0,0.118,47.6,0.0,0.066,20.3,0.0,0.031,65.9,0.0,0.098,51.1,0.0,0.088,171.7,0.0,0.234,17.1,0.0,0.032,131.3,0.0,0.156,41.3,0.0,0.053,42.8,0.0,0.061,50.3,0.0,0.058,23.2,0.0,0.035,210.4,0.0,0.271,64.4,0.0,0.11,101.0,0.0,0.105,146.5,0.0,0.229,66.7,0.0,0.092,21.6,0.0,0.031,46.7,0.0,0.077,74.2,0.0,0.085,16.2,0.3,0.029,18.0,0.0,0.024,76.3,0.0,0.072,42.2,0.0,0.055,190.6,0.0,0.264,67.8,0.0,0.049,54.0,0.0,0.09,29.4,0.0,0.045
0134225AR,982.53,548.75,7.0,0.0,1.0,0.83,147.8,143.1,0.0,194.6,174.4,0.0,252.9,445.1,0.0,238.3,200.8,0.0,64.1,160.6,0.0,39.3,49.2,0.0,130.0,114.5,0.0,74.1,136.2,0.0,40.7,42.1,0.0,120.5,110.9,0.0,102.0,100.1,0.0,268.5,235.6,0.0,34.8,51.9,0.0,200.1,204.3,0.0,63.1,60.9,0.0,72.5,183.3,0.0,76.9,225.4,0.0,44.5,44.7,0.0,316.2,498.1,0.0,124.7,107.3,0.0,152.7,227.0,0.0,240.1,433.3,0.0,109.7,118.0,0.0,41.2,48.6,0.0,93.4,92.5,0.0,116.4,338.2,0.0,35.8,25.1,0.0,35.3,52.0,0.0,106.3,156.4,0.0,67.5,71.2,0.0,278.9,489.8,0.0,93.1,363.5,0.0,107.9,104.4,0.0,52.8,46.5,0.0
0134233AR,386.96,388.03,2054.0,0.0,1.0,0.33,147.8,69.4,0.0,194.6,92.3,0.0,252.9,243.1,0.0,238.3,101.2,0.0,64.1,64.3,0.0,39.3,18.2,0.0,130.0,49.2,0.0,74.1,59.0,0.0,40.7,16.2,0.0,120.5,46.7,0.0,102.0,42.2,0.0,268.5,127.4,0.0,34.8,21.8,0.0,200.1,124.2,0.0,63.1,25.6,0.0,72.5,71.0,0.0,76.9,100.8,0.0,44.5,17.8,0.0,316.2,269.4,0.0,124.7,41.5,0.0,152.7,163.5,0.0,240.1,230.0,0.0,109.7,59.4,0.0,41.2,17.7,0.0,93.4,35.0,0.0,116.4,184.2,0.0,35.8,11.5,0.0,35.3,19.4,0.0,106.3,91.6,0.0,67.5,29.6,0.0,278.9,262.9,0.0,93.1,267.4,0.0,107.9,42.9,0.0,52.8,18.3,0.0
0134239AR,474.71,145.11,52896.0,1.0,0.67,0.33,101.6,37.3,0.127,136.8,42.7,0.189,175.9,113.4,0.238,159.4,48.0,0.214,47.6,42.5,0.051,30.6,13.5,0.029,90.4,27.5,0.118,58.7,35.0,0.066,31.7,13.3,0.031,86.3,26.5,0.098,70.0,27.3,0.088,184.6,60.7,0.254,27.1,16.5,0.032,124.1,47.6,0.173,50.0,15.7,0.053,51.5,48.5,0.061,52.2,51.5,0.058,34.7,13.6,0.035,211.5,131.7,0.318,86.7,25.6,0.11,92.4,54.9,0.105,160.5,102.1,0.248,69.7,27.5,0.092,32.1,13.5,0.031,64.2,25.1,0.077,73.1,86.5,0.085,27.8,9.1,0.029,27.6,14.2,0.024,69.0,39.7,0.072,53.5,18.0,0.055,187.6,126.8,0.287,51.6,90.8,0.049,74.2,26.4,0.09,41.9,13.7,0.045
0134240AR,806.42,456.09,15.0,0.0,0.83,0.83,111.4,64.9,0.0,151.1,95.1,0.0,182.3,232.5,0.0,188.2,100.5,0.0,49.2,68.1,0.0,37.5,22.5,0.0,108.8,56.0,0.0,58.0,63.4,0.0,35.4,19.1,0.0,96.3,57.0,0.0,88.3,45.8,0.0,204.7,122.6,0.0,31.4,21.3,0.0,163.9,104.5,0.0,49.3,27.8,0.0,60.1,81.7,0.0,62.7,113.2,0.0,38.7,20.9,0.0,230.2,256.1,0.0,104.3,55.1,0.0,122.6,117.1,0.0,189.6,235.1,0.0,93.8,56.7,0.0,37.7,21.0,0.0,80.3,41.9,0.0,94.6,172.7,0.0,29.5,11.5,0.0,33.7,21.6,0.0,88.2,78.4,0.0,54.8,32.8,0.0,201.0,248.8,0.0,74.1,185.5,0.0,93.4,51.7,0.0,42.3,22.7,0.0
0134243AR,98.68,725.68,1472.0,0.0,0.67,0.17,140.9,48.0,0.0,184.8,57.7,0.0,226.3,146.1,0.0,221.2,71.2,0.0,64.1,59.0,0.0,37.8,19.9,0.0,123.9,42.7,0.0,72.4,50.2,0.0,36.3,18.8,0.0,113.6,42.7,0.0,98.6,36.3,0.0,244.6,73.8,0.0,32.9,19.9,0.0,189.2,63.6,0.0,59.6,24.4,0.0,72.5,66.6,0.0,76.9,80.6,0.0,41.8,18.8,0.0,286.9,151.6,0.0,118.0,40.9,0.0,141.8,57.3,0.0,222.9,148.2,0.0,108.2,41.2,0.0,38.6,19.7,0.0,90.3,34.3,0.0,114.8,104.1,0.0,32.4,10.4,0.0,34.0,20.9,0.0,104.8,46.8,0.0,65.9,26.1,0.0,252.7,147.5,0.0,89.2,94.6,0.0,104.3,38.9,0.0,49.9,18.8,0.0
0134247AR,422.32,57.43,50205.0,0.0,1.0,0.0,147.1,0.0,0.0,190.2,0.0,0.0,218.1,0.0,0.0,230.3,0.0,0.0,64.1,0.0,0.0,39.3,0.0,0.0,130.0,0.0,0.0,74.1,0.0,0.0,40.7,0.0,0.0,120.5,0.0,0.0,102.0,0.0,0.0,247.4,0.0,0.0,34.8,0.0,0.0,195.0,0.0,0.0,63.1,0.0,0.0,72.5,0.0,0.0,76.9,0.0,0.0,44.5,0.0,0.0,272.5,0.0,0.0,124.7,0.0,0.0,146.2,0.0,0.0,231.2,0.0,0.0,109.7,0.0,0.0,41.2,0.0,0.0,93.4,0.0,0.0,116.4,0.0,0.0,35.8,0.0,0.0,35.3,0.0,0.0,105.6,0.0,0.0,67.5,0.0,0.0,240.4,0.0,0.0,93.1,0.0,0.0,107.9,0.0,0.0,52.8,0.0,0.0
0134255AR,986.1,641.27,95.0,0.0,1.0,1.0,147.8,146.6,0.0,194.6,179.7,0.0,252.9,460.0,0.0,238.3,210.4,0.0,64.1,167.0,0.0,39.3,51.3,0.0,130.0,117.5,0.0,74.1,141.0,0.0,40.7,47.5,0.0,120.5,115.2,0.0,102.0,101.6,0.0,268.5,247.1,0.0,34.8,56.7,0.0,200.1,210.0,0.0,63.1,63.7,0.0,72.5,190.7,0.0,76.9,229.6,0.0,44.5,48.5,0.0,316.2,515.4,0.0,124.7,111.5,0.0,152.7,228.4,0.0,240.1,447.8,0.0,109.7,120.2,0.0,41.2,50.6,0.0,93.4,96.1,0.0,116.4,348.3,0.0,35.8,31.2,0.0,35.3,54.3,0.0,106.3,160.4,0.0,67.5,73.8,0.0,278.9,504.4,0.0,93.1,363.5,0.0,107.9,106.7,0.0,52.8,50.4,0.0
0134266AR,325.29,425.99,67.0,0.0,1.0,0.0,147.8,73.5,0.0,194.6,99.1,0.0,252.9,252.2,0.0,238.3,103.1,0.0,64.1,61.7,0.0,39.3,14.7,0.0,130.0,51.1,0.0,74.1,52.4,0.0,40.7,9.2,0.0,120.5,45.7,0.0,102.0,42.3,0.0,268.5,133.8,0.0,34.8,13.0,0.0,200.1,130.3,0.0,63.1,20.7,0.0,72.5,70.8,0.0,76.9,116.2,0.0,44.5,12.9,0.0,316.2,291.3,0.0,124.7,44.0,0.0,152.7,171.5,0.0,240.1,243.0,0.0,109.7,62.6,0.0,41.2,14.3,0.0,93.4,34.9,0.0,116.4,207.4,0.0,35.8,3.5,0.0,35.3,15.7,0.0,106.3,97.5,0.0,67.5,26.8,0.0,278.9,285.0,0.0,93.1,275.3,0.0,107.9,43.2,0.0,52.8,12.6,0.0
0134271AR,108.72,741.3,610.0,0.0,0.83,0.33,141.1,38.7,0.0,180.2,47.0,0.0,228.1,108.4,0.0,224.6,54.1,0.0,63.5,49.2,0.0,37.8,16.8,0.0,127.4,33.7,0.0,72.5,44.9,0.0,38.4,16.0,0.0,116.5,34.8,0.0,100.0,29.7,0.0,247.6,58.8,0.0,32.9,17.9,0.0,187.9,47.1,0.0,61.8,20.6,0.0,71.7,57.6,0.0,76.0,66.5,0.0,42.8,16.0,0.0,285.1,115.4,0.0,122.2,33.6,0.0,139.7,45.4,0.0,225.5,112.0,0.0,107.5,33.3,0.0,39.6,16.6,0.0,91.5,29.2,0.0,112.4,82.1,0.0,31.8,11.0,0.0,34.0,17.7,0.0,102.6,38.8,0.0,66.8,23.4,0.0,251.5,116.1,0.0,87.9,75.4,0.0,105.8,31.8,0.0,51.7,16.7,0.0
0134273AR,133.3,773.34,15550.0,0.0,0.83,0.5,123.8,22.4,0.0,159.7,27.0,0.0,206.0,65.0,0.0,198.9,29.8,0.0,53.3,28.3,0.0,32.6,8.7,0.0,108.3,18.9,0.0,61.7,23.7,0.0,33.9,9.0,0.0,100.9,19.4,0.0,84.9,17.2,0.0,223.0,33.1,0.0,29.0,9.5,0.0,165.4,28.4,0.0,52.5,10.7,0.0,60.2,32.3,0.0,64.6,38.2,0.0,37.0,8.5,0.0,255.3,68.0,0.0,103.8,18.8,0.0,123.7,30.2,0.0,198.7,63.4,0.0,92.0,18.4,0.0,34.3,8.6,0.0,77.7,16.2,0.0,97.3,51.8,0.0,29.8,6.2,0.0,29.3,9.2,0.0,88.1,23.9,0.0,56.2,12.5,0.0,227.1,67.4,0.0,76.5,52.7,0.0,89.9,18.0,0.0,44.0,8.8,0.0
0134275AR,791.77,977.17,17.0,0.0,0.67,1.0,81.3,31.1,0.0,96.8,41.1,0.0,122.7,99.3,0.0,141.6,51.2,0.0,34.6,43.0,0.0,25.3,18.8,0.0,83.4,31.0,0.0,43.4,43.2,0.0,26.9,18.3,0.0,72.6,34.8,0.0,64.9,27.6,0.0,143.4,53.8,0.0,23.4,23.8,0.0,111.4,42.4,0.0,36.7,22.9,0.0,37.7,51.6,0.0,43.7,60.9,0.0,29.4,16.4,0.0,157.1,109.0,0.0,80.1,33.6,0.0,77.1,41.1,0.0,137.5,102.1,0.0,69.4,29.4,0.0,27.0,18.6,0.0,59.6,28.6,0.0,66.8,71.6,0.0,24.1,14.6,0.0,21.6,19.5,0.0,53.5,33.6,0.0,39.0,22.4,0.0,135.4,106.1,0.0,44.4,66.1,0.0,69.1,29.9,0.0,32.0,18.8,0.0
0134287AR,806.72,968.42,816.0,0.0,1.0,0.83,146.3,102.8,0.0,191.6,126.1,0.0,250.1,325.7,0.0,235.6,147.4,0.0,64.1,117.6,0.0,39.3,35.9,0.0,128.7,83.1,0.0,74.1,102.5,0.0,40.7,33.9,0.0,119.2,85.6,0.0,100.5,74.0,0.0,265.3,171.6,0.0,34.8,42.1,0.0,196.9,142.5,0.0,63.1,46.4,0.0,71.3,138.2,0.0,75.5,158.0,0.0,44.5,35.3,0.0,312.7,358.6,0.0,123.4,79.9,0.0,149.9,147.2,0.0,237.4,316.5,0.0,108.0,83.8,0.0,41.2,35.7,0.0,92.0,67.4,0.0,114.2,237.4,0.0,35.8,22.9,0.0,35.3,37.8,0.0,104.3,111.4,0.0,67.5,54.0,0.0,275.7,347.7,0.0,90.3,237.2,0.0,106.3,78.0,0.0,52.8,36.9,0.0
0134289AR,1012.24,659.29,5.0,0.83,1.0,0.83,147.8,125.0,0.106,194.6,160.1,0.166,252.9,419.0,0.178,238.3,186.5,0.161,64.1,125.8,0.048,39.3,38.7,0.029,130.0,90.6,0.099,74.1,107.8,0.064,40.7,36.1,0.029,120.5,88.5,0.082,102.0,77.4,0.084,268.5,222.7,0.191,34.8,43.9,0.032,200.1,198.7,0.152,63.1,48.5,0.05,72.5,143.7,0.057,76.9,181.6,0.054,44.5,37.0,0.033,316.2,472.6,0.251,124.7,85.8,0.092,152.7,218.6,0.087,240.1,407.7,0.186,109.7,100.4,0.088,41.2,38.4,0.031,93.4,73.3,0.074,116.4,313.8,0.082,35.8,24.2,0.029,35.3,40.8,0.024,106.3,146.4,0.067,67.5,56.0,0.052,278.9,465.3,0.215,93.1,353.6,0.049,107.9,81.5,0.075,52.8,38.6,0.042
0134291AR,531.19,309.33,309.0,0.0,1.0,0.17,147.8,51.4,0.0,194.6,67.1,0.0,252.9,179.9,0.0,238.3,73.7,0.0,64.1,43.2,0.0,39.3,10.3,0.0,130.0,31.6,0.0,74.1,30.2,0.0,40.7,9.7,0.0,120.5,29.4,0.0,102.0,27.2,0.0,268.5,91.7,0.0,34.8,10.1,0.0,200.1,88.6,0.0,63.1,13.9,0.0,72.5,45.5,0.0,76.9,70.6,0.0,44.5,10.9,0.0,316.2,193.1,0.0,124.7,29.6,0.0,152.7,105.5,0.0,240.1,169.4,0.0,109.7,41.0,0.0,41.2,10.8,0.0,93.4,24.2,0.0,116.4,137.9,0.0,35.8,5.9,0.0,35.3,11.7,0.0,106.3,63.9,0.0,67.5,15.8,0.0,278.9,192.4,0.0,93.1,179.2,0.0,107.9,25.8,0.0,52.8,11.2,0.0
0134293AR,783.67,368.71,1104.0,0.0,0.83,1.0,126.0,44.6,0.0,160.4,59.9,0.0,189.1,144.6,0.0,198.8,71.2,0.0,58.4,56.0,0.0,38.4,21.2,0.0,117.7,40.6,0.0,64.3,53.3,0.0,35.9,20.5,0.0,105.0,44.6,0.0,94.9,35.7,0.0,215.3,76.3,0.0,32.1,24.4,0.0,171.6,66.9,0.0,57.3,25.8,0.0,66.1,62.9,0.0,69.0,79.4,0.0,41.4,20.5,0.0,243.4,158.4,0.0,113.8,42.0,0.0,125.8,68.9,0.0,200.3,148.3,0.0,98.0,40.9,0.0,38.2,21.0,0.0,86.9,31.5,0.0,104.0,105.6,0.0,32.3,15.6,0.0,34.5,22.7,0.0,93.9,50.5,0.0,58.4,26.9,0.0,214.0,153.6,0.0,77.5,114.4,0.0,100.5,39.6,0.0,47.0,21.7,0.0
0134296AR,953.7,1053.46,7179.0,1.0,0.33,0.0,98.8,0.0,0.127,130.4,0.0,0.189,163.4,0.0,0.238,142.1,0.0,0.214,41.2,0.0,0.051,16.9,0.0,0.029,75.3,0.0,0.118,46.5,0.0,0.066,17.8,0.0,0.031,60.9,0.0,0.098,48.9,0.0,0.088,164.1,0.0,0.254,14.4,0.0,0.032,119.5,0.0,0.173,36.1,0.0,0.053,43.6,0.0,0.061,54.7,0.0,0.058,19.4,0.0,0.035,198.1,0.0,0.318,64.1,0.0,0.11,105.7,0.0,0.105,143.2,0.0,0.248,68.4,0.0,0.092,18.1,0.0,0.031,45.9,0.0,0.077,73.9,0.0,0.085,10.8,0.0,0.029,15.5,0.0,0.024,70.0,0.0,0.072,42.7,0.0,0.055,179.4,0.0,0.287,69.8,0.0,0.049,51.5,0.0,0.09,28.6,0.0,0.045
0134298AR,238.53,116.58,371.0,0.0,0.67,0.33,72.0,31.5,0.0,94.6,33.1,0.0,118.4,84.8,0.0,108.6,39.5,0.0,36.3,42.3,0.0,23.4,11.8,0.0,71.2,24.6,0.0,46.9,36.0,0.0,27.3,14.0,0.0,65.6,26.9,0.0,53.2,24.7,0.0,123.5,45.5,0.0,23.6,19.2,0.0,88.9,32.8,0.0,42.4,16.9,0.0,43.6,43.9,0.0,36.6,45.6,0.0,29.9,14.3,0.0,144.9,92.5,0.0,64.4,24.2,0.0,59.5,32.6,0.0,109.4,80.8,0.0,49.1,23.6,0.0,26.5,11.7,0.0,52.2,24.5,0.0,49.5,62.3,0.0,25.7,10.9,0.0,20.6,11.9,0.0,47.4,28.3,0.0,42.3,18.7,0.0,127.4,89.7,0.0,36.6,56.5,0.0,53.8,24.8,0.0,35.8,13.4,0.0
0134302AR,618.37,995.39,7.0,0.0,1.0,0.5,147.8,63.4,0.0,194.6,70.0,0.0,252.9,168.4,0.0,238.3,87.1,0.0,64.1,91.3,0.0,39.3,29.1,0.0,130.0,64.5,0.0,74.1,75.5,0.0,40.7,29.5,0.0,120.5,64.1,0.0,102.0,56.5,0.0,268.5,85.7,0.0,34.8,36.4,0.0,200.1,58.8,0.0,63.1,35.3,0.0,72.5,102.1,0.0,76.9,111.6,0.0,44.5,29.8,0.0,316.2,165.8,0.0,124.7,61.3,0.0,152.7,36.6,0.0,240.1,164.9,0.0,109.7,54.2,0.0,41.2,28.7,0.0,93.4,54.6,0.0,116.4,113.3,0.0,35.8,20.0,0.0,35.3,30.7,0.0,106.3,50.0,0.0,67.5,39.3,0.0,278.9,160.5,0.0,93.1,44.5,0.0,107.9,58.1,0.0,52.8,28.7,0.0
0134306AR,70.44,528.39,1704.0,0.0,0.83,0.33,139.9,45.7,0.0,183.2,51.2,0.0,227.4,125.0,0.0,219.7,60.7,0.0,60.9,57.8,0.0,38.4,15.7,0.0,125.4,38.3,0.0,69.8,48.9,0.0,36.4,15.2,0.0,115.1,38.8,0.0,101.2,35.0,0.0,242.2,64.1,0.0,32.1,18.8,0.0,182.7,50.2,0.0,59.4,22.2,0.0,68.9,65.1,0.0,74.7,69.9,0.0,39.8,14.9,0.0,281.9,130.5,0.0,120.2,36.7,0.0,128.6,41.3,0.0,220.5,122.8,0.0,107.2,37.1,0.0,38.7,15.6,0.0,89.2,33.2,0.0,112.7,94.0,0.0,30.9,9.8,0.0,34.5,18.2,0.0,100.2,41.7,0.0,63.5,25.3,0.0,250.7,125.8,0.0,79.5,70.8,0.0,107.1,35.9,0.0,47.3,16.2,0.0
0134310AR,434.12,492.75,34.0,0.0,1.0,1.0,147.8,128.0,0.0,194.6,150.4,0.0,252.9,378.7,0.0,238.3,178.8,0.0,64.1,166.2,0.0,39.3,51.3,0.0,130.0,109.8,0.0,74.1,141.0,0.0,40.7,47.5,0.0,120.5,112.4,0.0,102.0,100.6,0.0,268.5,201.7,0.0,34.8,56.7,0.0,200.1,157.3,0.0,63.1,63.7,0.0,72.5,188.7,0.0,76.9,203.4,0.0,44.5,48.5,0.0,316.2,404.5,0.0,124.7,108.8,0.0,152.7,138.5,0.0,240.1,373.4,0.0,109.7,103.5,0.0,41.2,50.6,0.0,93.4,95.1,0.0,116.4,277.6,0.0,35.8,31.2,0.0,35.3,54.3,0.0,106.3,124.7,0.0,67.5,73.4,0.0,278.9,396.4,0.0,93.1,236.2,0.0,107.9,104.2,0.0,52.8,50.4,0.0
0134313AR,430.33,375.8,8226.0,0.0,1.0,0.5,147.8,50.8,0.0,194.6,65.8,0.0,251.0,161.7,0.0,238.3,77.2,0.0,64.1,72.1,0.0,39.3,29.1,0.0,130.0,47.3,0.0,74.1,68.1,0.0,40.7,29.4,0.0,120.5,54.9,0.0,102.0,48.2,0.0,266.4,85.5,0.0,34.8,32.6,0.0,200.1,69.2,0.0,63.1,31.3,0.0,72.5,89.7,0.0,76.9,91.5,0.0,44.5,31.7,0.0,313.7,173.4,0.0,124.7,53.4,0.0,150.6,75.6,0.0,240.1,163.9,0.0,109.7,43.8,0.0,41.2,28.9,0.0,93.4,45.7,0.0,116.4,112.5,0.0,35.8,20.8,0.0,35.3,30.5,0.0,106.3,51.6,0.0,67.5,34.5,0.0,276.7,171.5,0.0,93.1,111.3,0.0,107.9,51.3,0.0,52.8,30.8,0.0
0134315AR,72.8,658.18,6.0,0.0,1.0,0.0,30.8,1.4,0.0,50.1,2.5,0.0,70.4,8.8,0.0,54.9,2.2,0.0,14.8,3.2,0.0,4.3,4.9,0.0,28.1,1.0,0.0,15.1,6.8,0.0,6.7,6.6,0.0,25.3,3.3,0.0,21.9,1.9,0.0,65.3,4.8,0.0,5.8,8.0,0.0,44.5,5.4,0.0,12.8,5.3,0.0,13.6,7.3,0.0,15.4,0.8,0.0,6.5,6.4,0.0,88.5,10.4,0.0,27.0,1.6,0.0,33.6,7.9,0.0,60.2,6.9,0.0,23.5,1.0,0.0,4.5,5.4,0.0,20.1,3.6,0.0,27.5,6.7,0.0,4.6,4.3,0.0,3.8,6.0,0.0,23.7,3.7,0.0,13.6,3.6,0.0,77.6,11.5,0.0,22.8,14.5,0.0,23.3,2.0,0.0,10.3,6.6,0.0
0134322AR,775.92,903.53,2610.0,0.89,1.0,0.67,146.3,107.3,0.113,193.1,129.7,0.139,250.8,334.8,0.189,236.3,158.8,0.171,62.5,148.0,0.051,38.4,46.2,0.029,128.7,97.2,0.105,72.4,129.3,0.056,39.7,42.3,0.031,119.2,101.0,0.087,100.5,89.1,0.074,266.1,182.5,0.203,34.1,51.4,0.032,198.5,142.0,0.127,61.6,58.5,0.053,71.3,169.0,0.061,75.5,177.1,0.058,43.5,43.2,0.035,314.1,370.3,0.216,123.4,96.9,0.098,152.0,147.7,0.093,238.1,325.7,0.198,108.0,90.4,0.077,40.2,45.5,0.031,92.0,84.2,0.065,114.9,239.9,0.072,35.1,27.8,0.029,34.5,50.0,0.024,104.9,109.0,0.072,65.9,67.8,0.055,276.5,352.4,0.228,93.1,235.1,0.049,106.3,90.3,0.08,51.6,44.9,0.045
0134326AR,90.53,635.44,290.0,0.0,0.67,0.0,112.7,15.3,0.0,146.5,14.9,0.0,180.9,45.2,0.0,180.0,20.8,0.0,46.9,27.8,0.0,29.1,13.4,0.0,99.7,14.8,0.0,55.7,26.6,0.0,30.7,17.3,0.0,88.6,17.5,0.0,78.0,15.7,0.0,194.6,23.2,0.0,26.7,20.4,0.0,155.2,20.0,0.0,44.6,13.1,0.0,52.9,38.7,0.0,58.0,23.5,0.0,33.6,15.5,0.0,239.2,46.8,0.0,95.8,16.5,0.0,121.5,23.2,0.0,181.2,43.9,0.0,86.4,12.6,0.0,30.9,13.8,0.0,70.9,17.0,0.0,89.7,27.2,0.0,26.8,12.9,0.0,25.7,13.7,0.0,81.0,14.5,0.0,50.2,13.7,0.0,204.2,46.9,0.0,75.1,43.5,0.0,82.9,17.0,0.0,38.1,16.1,0.0
0134333AR,794.65,359.21,206436.0,0.0,1.0,1.0,147.8,113.8,0.0,194.6,136.9,0.0,252.9,346.5,0.0,238.3,163.1,0.0,64.1,147.7,0.0,39.3,51.0,0.0,130.0,98.8,0.0,74.1,134.9,0.0,40.7,47.5,0.0,120.5,101.7,0.0,102.0,87.2,0.0,268.5,189.2,0.0,34.8,56.7,0.0,200.1,149.3,0.0,63.1,61.5,0.0,72.5,170.8,0.0,76.9,176.6,0.0,44.5,48.5,0.0,316.2,392.8,0.0,124.7,97.4,0.0,152.7,156.5,0.0,240.1,336.8,0.0,109.7,92.5,0.0,41.2,50.3,0.0,93.4,86.5,0.0,116.4,259.3,0.0,35.8,31.2,0.0,35.3,53.9,0.0,106.3,116.1,0.0,67.5,68.0,0.0,278.9,378.6,0.0,93.1,249.4,0.0,107.9,91.8,0.0,52.8,50.4,0.0
0134334AR,381.77,391.2,690.0,0.0,1.0,0.5,147.8,87.8,0.0,194.6,117.5,0.0,252.9,291.1,0.0,238.3,126.9,0.0,64.1,81.5,0.0,39.3,19.4,0.0,130.0,60.9,0.0,74.1,56.1,0.0,40.7,19.3,0.0,120.5,50.9,0.0,102.0,49.2,0.0,268.5,158.2,0.0,34.8,22.8,0.0,200.1,148.7,0.0,63.1,22.7,0.0,72.5,80.7,0.0,76.9,134.9,0.0,44.5,19.6,0.0,316.2,341.2,0.0,124.7,51.7,0.0,152.7,183.7,0.0,240.1,278.6,0.0,109.7,76.4,0.0,41.2,19.0,0.0,93.4,42.5,0.0,116.4,246.8,0.0,35.8,12.5,0.0,35.3,21.2,0.0,106.3,120.1,0.0,67.5,29.7,0.0,278.9,338.3,0.0,93.1,304.0,0.0,107.9,48.7,0.0,52.8,18.7,0.0
0134336AR,607.55,254.56,11.0,0.0,1.0,0.17,102.1,48.4,0.0,137.4,62.0,0.0,169.3,149.5,0.0,178.5,71.9,0.0,52.1,61.3,0.0,36.6,22.5,0.0,108.7,43.2,0.0,60.2,61.2,0.0,37.8,20.9,0.0,96.6,47.6,0.0,88.8,39.9,0.0,191.6,79.0,0.0,34.1,28.6,0.0,152.8,67.5,0.0,49.8,27.5,0.0,59.8,72.1,0.0,57.1,82.3,0.0,41.4,22.7,0.0,217.1,162.6,0.0,105.1,44.9,0.0,106.1,68.3,0.0,179.8,152.7,0.0,88.0,42.6,0.0,36.7,22.3,0.0,80.7,36.9,0.0,90.1,109.2,0.0,34.4,15.1,0.0,32.8,24.3,0.0,81.1,51.2,0.0,54.5,31.7,0.0,188.2,157.8,0.0,70.3,111.3,0.0,94.1,42.9,0.0,46.4,23.2,0.0
0134337AR,894.91,1044.48,6473.0,1.0,0.17,0.0,100.5,0.0,0.127,128.0,0.0,0.189,160.1,0.0,0.238,138.4,0.0,0.214,36.0,0.0,0.051,12.9,0.0,0.029,70.6,0.0,0.118,40.8,0.0,0.066,14.3,0.0,0.031,60.0,0.0,0.098,45.2,0.0,0.088,162.1,0.0,0.254,11.8,0.0,0.032,120.9,0.0,0.173,34.9,0.0,0.053,37.7,0.0,0.061,53.6,0.0,0.058,15.6,0.0,0.035,197.7,0.0,0.298,60.3,0.0,0.11,111.3,0.0,0.105,138.7,0.0,0.248,66.5,0.0,0.092,14.5,0.0,0.031,40.1,0.0,0.077,75.1,0.0,0.085,9.4,0.0,0.029,11.7,0.0,0.024,73.9,0.0,0.072,37.5,0.0,0.055,179.3,0.0,0.287,75.1,0.0,0.049,47.7,0.0,0.09,26.4,0.0,0.045
0134342AR,53.82,648.22,5443.0,0.0,0.83,0.5,136.9,48.8,0.0,170.4,57.3,0.0,213.9,141.1,0.0,212.0,69.4,0.0,62.1,66.0,0.0,36.3,23.2,0.0,120.5,43.1,0.0,71.0,60.5,0.0,35.4,22.6,0.0,111.1,44.4,0.0,94.6,40.6,0.0,232.4,73.7,0.0,30.3,27.6,0.0,174.2,64.1,0.0,60.5,28.3,0.0,69.4,76.0,0.0,74.4,80.8,0.0,38.7,21.8,0.0,262.5,150.9,0.0,115.5,42.9,0.0,128.4,59.4,0.0,210.9,143.0,0.0,102.4,42.0,0.0,38.1,22.5,0.0,86.6,38.8,0.0,109.3,103.5,0.0,30.5,15.8,0.0,32.7,24.0,0.0,99.8,47.6,0.0,64.7,31.4,0.0,235.8,148.3,0.0,81.5,98.6,0.0,100.1,41.7,0.0,50.6,23.2,0.0
0134343AR,740.16,862.32,17.0,1.0,0.67,0.67,73.7,35.6,0.127,92.1,42.3,0.189,118.5,95.6,0.238,137.3,49.6,0.214,35.4,46.6,0.051,24.6,19.4,0.029,79.1,33.9,0.118,42.6,47.4,0.066,25.4,17.4,0.031,72.7,34.1,0.098,62.2,29.7,0.088,139.6,56.7,0.254,21.5,19.4,0.032,112.2,48.0,0.173,36.0,20.7,0.053,40.0,59.3,0.061,36.6,66.8,0.058,28.6,17.6,0.035,166.5,117.8,0.318,80.2,35.3,0.11,81.6,46.1,0.105,131.6,107.1,0.248,64.1,31.3,0.092,26.2,19.3,0.031,57.1,29.3,0.077,67.8,83.1,0.085,22.8,10.8,0.029,21.6,18.8,0.024,60.7,38.2,0.072,38.2,24.6,0.055,142.2,120.9,0.287,47.1,75.6,0.049,69.1,32.0,0.09,30.4,19.4,0.045
0134344AR,973.38,594.42,22.0,0.0,1.0,0.83,147.8,146.6,0.0,194.6,179.7,0.0,252.9,460.0,0.0,238.3,210.4,0.0,64.1,167.0,0.0,39.3,51.3,0.0,130.0,117.5,0.0,74.1,141.0,0.0,40.7,47.5,0.0,120.5,115.2,0.0,102.0,101.6,0.0,268.5,247.1,0.0,34.8,56.7,0.0,200.1,210.0,0.0,63.1,63.7,0.0,72.5,190.7,0.0,76.9,229.6,0.0,44.5,48.5,0.0,316.2,515.4,0.0,124.7,111.5,0.0,152.7,228.4,0.0,240.1,447.8,0.0,109.7,120.2,0.0,41.2,50.6,0.0,93.4,96.1,0.0,116.4,348.3,0.0,35.8,31.2,0.0,35.3,54.3,0.0,106.3,160.4,0.0,67.5,73.8,0.0,278.9,504.4,0.0,93.1,363.5,0.0,107.9,106.7,0.0,52.8,50.4,0.0
0134350AR,532.54,357.29,4.0,0.0,1.0,0.5,147.8,142.6,0.0,194.6,173.2,0.0,252.9,440.5,0.0,238.3,200.0,0.0,64.1,154.8,0.0,39.3,43.0,0.0,130.0,109.9,0.0,74.1,127.7,0.0,40.7,36.3,0.0,120.5,103.4,0.0,102.0,92.7,0.0,268.5,233.5,0.0,34.8,44.2,0.0,200.1,198.7,0.0,63.1,54.6,0.0,72.5,170.2,0.0,76.9,220.0,0.0,44.5,39.4,0.0,316.2,489.0,0.0,124.7,102.3,0.0,152.7,209.4,0.0,240.1,428.7,0.0,109.7,117.2,0.0,41.2,42.4,0.0,93.4,84.3,0.0,116.4,336.8,0.0,35.8,22.0,0.0,35.3,47.2,0.0,106.3,153.7,0.0,67.5,66.8,0.0,278.9,475.5,0.0,93.1,327.8,0.0,107.9,97.4,0.0,52.8,41.1,0.0
0134352AR,130.86,621.51,24.0,0.0,1.0,0.83,47.1,1.9,0.0,75.8,4.1,0.0,105.3,9.2,0.0,95.8,6.3,0.0,23.4,0.0,0.0,16.8,0.0,0.0,52.9,1.9,0.0,24.3,0.0,0.0,12.4,0.3,0.0,48.6,2.9,0.0,50.3,1.4,0.0,114.2,9.7,0.0,11.7,0.0,0.0,94.8,3.5,0.0,19.1,0.3,0.0,26.2,4.1,0.0,24.6,1.6,0.0,15.2,0.3,0.0,133.2,21.4,0.0,49.4,1.1,0.0,63.1,9.6,0.0,105.8,9.0,0.0,42.1,1.6,0.0,15.6,0.0,0.0,44.1,1.3,0.0,48.5,9.5,0.0,13.4,0.0,0.0,15.3,0.0,0.0,42.1,4.4,0.0,22.2,0.0,0.0,116.0,12.7,0.0,42.2,11.4,0.0,49.7,1.9,0.0,17.6,0.0,0.0
0134362AR,1099.43,984.56,183.0,0.0,1.0,0.5,147.8,145.7,0.0,194.6,178.9,0.0,251.7,457.6,0.0,236.8,209.3,0.0,64.1,166.3,0.0,39.3,51.1,0.0,130.0,115.8,0.0,74.1,140.1,0.0,40.7,47.1,0.0,120.5,113.5,0.0,102.0,101.2,0.0,266.8,246.1,0.0,34.8,56.2,0.0,198.8,209.6,0.0,63.1,63.3,0.0,72.5,189.9,0.0,76.9,227.8,0.0,44.5,48.1,0.0,314.6,513.9,0.0,124.7,109.9,0.0,152.7,228.4,0.0,238.5,445.5,0.0,109.7,119.5,0.0,41.2,50.3,0.0,92.2,95.7,0.0,116.4,347.6,0.0,35.8,31.2,0.0,35.3,54.0,0.0,106.3,160.0,0.0,67.5,73.4,0.0,277.5,503.0,0.0,93.1,363.5,0.0,107.9,106.4,0.0,52.8,50.2,0.0
0134364AR,320.8,502.22,51369.0,0.0,1.0,1.0,147.8,113.3,0.0,194.6,137.9,0.0,252.9,350.0,0.0,238.3,165.5,0.0,64.1,141.9,0.0,39.3,49.9,0.0,130.0,96.7,0.0,74.1,126.7,0.0,40.7,47.5,0.0,120.5,98.4,0.0,102.0,86.9,0.0,268.5,190.6,0.0,34.8,56.7,0.0,200.1,152.1,0.0,63.1,58.1,0.0,72.5,162.0,0.0,76.9,176.6,0.0,44.5,47.9,0.0,316.2,399.6,0.0,124.7,94.8,0.0,152.7,163.2,0.0,240.1,340.2,0.0,109.7,93.0,0.0,41.2,47.9,0.0,93.4,82.2,0.0,116.4,260.6,0.0,35.8,31.2,0.0,35.3,51.3,0.0,106.3,119.5,0.0,67.5,66.2,0.0,278.9,382.8,0.0,93.1,257.0,0.0,107.9,88.2,0.0,52.8,49.8,0.0
0134366AR,330.51,740.36,4550.0,0.0,1.0,0.33,142.0,14.4,0.0,184.4,20.2,0.0,228.7,53.4,0.0,224.5,23.9,0.0,64.1,17.7,0.0,39.3,8.1,0.0,128.0,10.9,0.0,74.1,19.6,0.0,40.7,9.4,0.0,118.1,12.8,0.0,102.0,11.4,0.0,245.5,28.9,0.0,34.8,12.1,0.0,188.8,25.1,0.0,63.1,10.8,0.0,72.5,25.2,0.0,76.9,21.2,0.0,44.5,8.6,0.0,286.7,59.1,0.0,122.8,9.7,0.0,142.2,24.6,0.0,222.0,52.2,0.0,109.7,11.6,0.0,41.2,7.9,0.0,93.4,11.6,0.0,111.9,40.3,0.0,35.8,7.6,0.0,35.3,8.5,0.0,102.1,22.3,0.0,67.5,10.3,0.0,252.1,63.4,0.0,91.1,44.1,0.0,107.9,12.6,0.0,52.8,9.2,0.0
0134368AR,877.08,238.55,660.0,1.0,1.0,0.83,138.2,89.8,0.127,181.9,118.4,0.189,236.5,315.1,0.238,224.5,139.0,0.214,59.4,92.5,0.051,36.3,33.2,0.029,119.6,68.9,0.118,68.7,84.4,0.066,40.0,32.6,0.031,113.2,67.1,0.098,96.5,59.0,0.088,252.3,165.2,0.254,34.2,39.7,0.032,184.3,157.3,0.173,58.5,39.1,0.053,67.1,109.2,0.061,71.1,138.4,0.058,41.2,32.1,0.035,296.4,353.9,0.318,118.0,63.4,0.11,139.7,190.7,0.105,226.2,308.2,0.248,102.3,75.7,0.092,38.1,33.0,0.031,88.4,56.2,0.077,108.4,232.2,0.085,35.1,20.3,0.029,32.7,34.9,0.024,96.1,109.3,0.072,62.6,43.7,0.055,261.4,345.2,0.287,84.0,299.0,0.049,102.2,61.1,0.09,48.9,33.2,0.045
0134376AR,614.6,51.89,1794.0,0.0,1.0,1.0,139.5,0.8,0.0,178.6,1.5,0.0,205.7,7.6,0.0,221.4,4.3,0.0,64.1,2.7,0.0,39.3,2.1,0.0,130.0,0.7,0.0,74.1,4.7,0.0,40.7,0.9,0.0,113.7,1.4,0.0,102.0,0.7,0.0,233.6,4.5,0.0,34.8,0.0,0.0,170.8,3.2,0.0,63.1,1.9,0.0,72.5,2.2,0.0,76.9,0.0,0.0,44.5,1.0,0.0,238.7,8.6,0.0,124.7,1.3,0.0,130.2,1.0,0.0,217.6,6.8,0.0,109.7,1.3,0.0,41.2,2.0,0.0,93.4,1.1,0.0,112.1,2.9,0.0,35.8,9.5,0.0,35.3,1.1,0.0,102.2,2.0,0.0,67.5,1.1,0.0,226.8,9.2,0.0,86.5,0.8,0.0,107.9,0.8,0.0,52.8,1.0,0.0
0134387AR,779.2,952.74,14.0,0.0,0.67,0.83,80.4,31.1,0.0,110.9,41.7,0.0,136.8,101.5,0.0,144.5,46.7,0.0,38.1,35.3,0.0,25.3,15.8,0.0,82.5,29.7,0.0,47.1,41.1,0.0,26.9,16.2,0.0,78.5,32.6,0.0,70.4,23.6,0.0,158.5,54.7,0.0,23.4,20.2,0.0,119.1,48.2,0.0,39.9,16.7,0.0,43.0,46.0,0.0,40.5,57.8,0.0,29.4,16.0,0.0,180.8,116.8,0.0,86.8,32.5,0.0,85.2,47.0,0.0,151.2,103.5,0.0,68.4,26.6,0.0,27.0,15.7,0.0,61.5,22.4,0.0,74.2,77.7,0.0,23.5,13.1,0.0,22.3,18.1,0.0,66.3,34.7,0.0,41.0,19.0,0.0,156.5,113.5,0.0,50.4,70.7,0.0,74.9,28.0,0.0,33.6,17.1,0.0
0134408AR,183.14,254.12,83.0,0.0,1.0,0.5,78.5,54.1,0.0,96.3,60.9,0.0,125.3,166.6,0.0,114.1,72.1,0.0,36.3,62.4,0.0,26.2,15.6,0.0,69.9,41.3,0.0,43.1,48.7,0.0,30.4,15.3,0.0,71.3,38.1,0.0,57.1,37.3,0.0,128.1,83.1,0.0,25.6,19.6,0.0,80.2,71.4,0.0,36.5,21.2,0.0,41.2,68.2,0.0,37.9,74.1,0.0,29.3,16.4,0.0,146.8,179.6,0.0,68.4,34.1,0.0,55.3,75.4,0.0,114.9,155.6,0.0,50.4,41.8,0.0,28.5,15.5,0.0,52.4,35.0,0.0,44.6,119.4,0.0,28.4,11.7,0.0,23.3,14.7,0.0,44.3,55.8,0.0,38.9,25.3,0.0,132.3,173.8,0.0,34.2,125.2,0.0,57.0,36.5,0.0,34.6,15.7,0.0
0134422AR,390.7,691.83,27.0,0.0,0.67,0.17,122.5,49.8,0.0,157.8,68.5,0.0,195.2,178.7,0.0,183.7,79.6,0.0,53.6,38.5,0.0,29.0,11.1,0.0,106.4,36.0,0.0,61.4,27.1,0.0,28.4,9.5,0.0,99.5,31.4,0.0,80.2,25.4,0.0,207.0,93.5,0.0,25.8,11.6,0.0,170.7,93.8,0.0,49.7,12.8,0.0,58.3,43.4,0.0,67.1,79.5,0.0,32.2,9.8,0.0,249.0,204.1,0.0,102.0,30.4,0.0,142.0,130.0,0.0,185.1,174.1,0.0,90.5,45.3,0.0,29.7,11.0,0.0,71.6,21.8,0.0,98.2,135.0,0.0,25.1,6.6,0.0,26.1,11.7,0.0,92.5,66.2,0.0,55.8,14.2,0.0,221.8,197.1,0.0,88.7,193.5,0.0,88.6,28.4,0.0,40.1,11.0,0.0
0134426AR,537.71,321.27,190.0,0.0,0.83,0.5,115.3,74.8,0.0,150.8,95.6,0.0,201.5,252.1,0.0,182.0,104.6,0.0,49.6,73.5,0.0,30.0,22.1,0.0,97.8,53.3,0.0,57.2,60.8,0.0,31.0,20.1,0.0,91.0,51.9,0.0,74.7,47.7,0.0,212.0,132.3,0.0,26.5,25.0,0.0,145.7,127.1,0.0,48.8,27.2,0.0,53.7,83.4,0.0,59.0,109.3,0.0,33.9,21.6,0.0,242.6,293.2,0.0,93.7,50.2,0.0,110.9,152.8,0.0,183.4,239.2,0.0,81.4,58.0,0.0,31.4,21.9,0.0,68.4,42.3,0.0,86.2,204.6,0.0,28.5,13.8,0.0,27.0,22.3,0.0,80.8,96.1,0.0,52.2,31.7,0.0,218.9,282.9,0.0,64.3,259.5,0.0,79.1,47.4,0.0,40.8,21.6,0.0
0134429AR,660.47,50.65,2381.0,0.0,1.0,1.0,138.8,0.0,0.0,182.1,0.0,0.0,209.3,0.0,0.0,220.1,0.0,0.0,64.1,0.0,0.0,39.3,0.0,0.0,130.0,0.0,0.0,74.1,0.0,0.0,40.7,0.0,0.0,120.5,0.0,0.0,102.0,0.0,0.0,238.0,0.0,0.0,34.8,0.0,0.0,182.9,0.0,0.0,63.1,0.0,0.0,72.5,0.0,0.0,76.9,0.0,0.0,44.5,0.0,0.0,262.1,0.0,0.0,124.7,0.0,0.0,136.2,0.0,0.0,221.7,0.0,0.0,109.7,0.0,0.0,41.2,0.0,0.0,93.4,0.0,0.0,114.9,0.0,0.0,35.8,9.5,0.0,35.3,0.0,0.0,104.9,0.0,0.0,67.5,0.0,0.0,230.7,0.0,0.0,90.3,0.0,0.0,107.9,0.0,0.0,52.8,0.0,0.0
0134431AR,336.18,527.16,49915.0,0.0,1.0,1.0,147.8,146.6,0.0,194.6,179.7,0.0,252.9,460.0,0.0,238.3,210.4,0.0,64.1,167.0,0.0,39.3,51.3,0.0,130.0,117.5,0.0,74.1,141.0,0.0,40.7,47.5,0.0,120.5,115.2,0.0,102.0,101.6,0.0,268.5,247.1,0.0,34.8,56.7,0.0,200.1,206.4,0.0,63.1,63.7,0.0,72.5,190.7,0.0,76.9,229.6,0.0,44.5,48.5,0.0,316.2,514.7,0.0,124.7,111.5,0.0,152.7,208.8,0.0,240.1,447.8,0.0,109.7,120.2,0.0,41.2,50.6,0.0,93.4,96.1,0.0,116.4,348.3,0.0,35.8,31.2,0.0,35.3,54.3,0.0,106.3,160.4,0.0,67.5,73.8,0.0,278.9,503.6,0.0,93.1,342.2,0.0,107.9,106.7,0.0,52.8,50.4,0.0
0134440AR,427.46,57.26,50339.0,0.0,1.0,0.0,142.6,0.0,0.0,188.1,0.0,0.0,218.4,0.0,0.0,225.4,0.0,0.0,64.1,0.0,0.0,39.3,0.0,0.0,127.4,0.0,0.0,74.1,0.0,0.0,40.7,0.0,0.0,119.9,0.0,0.0,102.0,0.0,0.0,247.3,0.0,0.0,34.8,0.0,0.0,187.2,0.0,0.0,63.1,0.0,0.0,72.5,0.0,0.0,76.9,0.0,0.0,44.5,0.0,0.0,261.6,0.0,0.0,124.7,0.0,0.0,143.3,0.0,0.0,227.1,0.0,0.0,109.7,0.0,0.0,41.2,0.0,0.0,93.4,0.0,0.0,111.2,0.0,0.0,35.8,0.0,0.0,35.3,0.0,0.0,101.4,0.0,0.0,67.5,0.0,0.0,229.1,0.0,0.0,91.1,0.0,0.0,107.9,0.0,0.0,52.8,0.0,0.0
0134444AR,333.26,522.33,49974.0,0.0,1.0,1.0,147.8,146.6,0.0,194.6,179.7,0.0,252.9,460.0,0.0,238.3,210.4,0.0,64.1,167.0,0.0,39.3,51.3,0.0,130.0,117.5,0.0,74.1,141.0,0.0,40.7,47.5,0.0,120.5,115.2,0.0,102.0,101.6,0.0,268.5,247.1,0.0,34.8,56.7,0.0,200.1,206.4,0.0,63.1,63.7,0.0,72.5,190.7,0.0,76.9,229.6,0.0,44.5,48.5,0.0,316.2,514.7,0.0,124.7,111.5,0.0,152.7,213.5,0.0,240.1,447.8,0.0,109.7,120.2,0.0,41.2,50.6,0.0,93.4,96.1,0.0,116.4,348.3,0.0,35.8,31.2,0.0,35.3,54.3,0.0,106.3,160.4,0.0,67.5,73.8,0.0,278.9,503.6,0.0,93.1,343.0,0.0,107.9,106.7,0.0,52.8,50.4,0.0
0134453AR,893.97,733.93,258.0,1.0,1.0,0.83,142.4,123.3,0.127,179.5,151.1,0.189,237.2,395.5,0.238,225.8,177.7,0.214,64.1,141.2,0.051,39.3,42.6,0.029,125.4,100.0,0.118,74.1,121.8,0.066,40.7,39.5,0.031,118.6,95.5,0.098,99.7,85.1,0.088,251.3,209.4,0.254,34.8,47.2,0.032,184.7,182.3,0.173,63.1,53.5,0.053,70.7,160.3,0.061,72.2,187.4,0.058,44.5,40.7,0.035,300.6,440.0,0.318,122.8,93.8,0.11,140.8,198.5,0.105,224.7,384.9,0.248,103.7,101.8,0.092,41.2,41.7,0.031,91.3,80.8,0.077,110.0,293.0,0.085,35.8,25.9,0.029,35.3,44.7,0.024,98.7,134.9,0.072,67.5,62.0,0.055,264.7,433.7,0.287,80.2,311.6,0.049,105.5,90.2,0.09,52.8,42.3,0.045
0134455AR,955.04,524.43,168.0,0.0,1.0,1.0,147.8,146.6,0.0,194.6,179.7,0.0,252.9,460.0,0.0,238.3,210.4,0.0,64.1,167.0,0.0,39.3,51.3,0.0,130.0,117.5,0.0,74.1,141.0,0.0,40.7,47.5,0.0,120.5,115.2,0.0,102.0,101.6,0.0,268.5,247.1,0.0,34.8,56.7,0.0,200.1,210.0,0.0,63.1,63.7,0.0,72.5,190.7,0.0,76.9,229.6,0.0,44.5,48.5,0.0,316.2,515.4,0.0,124.7,111.5,0.0,152.7,228.4,0.0,240.1,447.8,0.0,109.7,120.2,0.0,41.2,50.6,0.0,93.4,96.1,0.0,116.4,348.3,0.0,35.8,31.2,0.0,35.3,54.3,0.0,106.3,160.4,0.0,67.5,73.8,0.0,278.9,504.4,0.0,93.1,363.5,0.0,107.9,106.7,0.0,52.8,50.4,0.0
0134467AR,267.22,775.66,233.0,0.0,1.0,0.33,147.8,43.5,0.0,194.6,47.8,0.0,252.9,123.6,0.0,238.3,60.7,0.0,64.1,71.5,0.0,39.3,24.3,0.0,130.0,46.6,0.0,74.1,70.9,0.0,40.7,20.5,0.0,120.5,49.4,0.0,102.0,45.1,0.0,268.5,66.7,0.0,34.8,23.1,0.0,200.1,44.3,0.0,63.1,30.4,0.0,72.5,89.8,0.0,76.9,72.1,0.0,44.5,25.2,0.0,316.2,130.0,0.0,124.7,44.9,0.0,152.7,37.6,0.0,240.1,120.1,0.0,109.7,35.8,0.0,41.2,24.1,0.0,93.4,45.5,0.0,116.4,82.6,0.0,35.8,10.7,0.0,35.3,25.5,0.0,106.3,36.0,0.0,67.5,36.9,0.0,278.9,130.2,0.0,93.1,59.6,0.0,107.9,46.6,0.0,52.8,24.9,0.0
0134468AR,751.39,891.46,9.0,1.0,0.67,0.67,71.6,19.5,0.127,95.8,32.6,0.189,123.1,73.0,0.23,134.9,32.1,0.208,34.8,21.3,0.051,24.6,7.9,0.029,78.3,19.8,0.118,41.8,21.4,0.066,26.1,8.0,0.031,70.8,23.2,0.098,63.0,15.6,0.088,144.1,42.0,0.246,22.8,9.4,0.032,110.8,34.5,0.173,35.4,9.6,0.053,40.0,28.7,0.061,36.6,37.9,0.058,28.6,8.5,0.035,155.1,85.2,0.31,77.7,21.7,0.11,75.5,37.7,0.105,135.8,76.7,0.241,64.1,17.9,0.092,26.2,7.8,0.031,57.8,14.8,0.077,64.9,56.0,0.085,23.5,6.7,0.029,21.6,8.3,0.024,57.5,24.7,0.072,37.5,11.1,0.055,135.8,82.8,0.278,44.8,60.5,0.049,67.0,21.4,0.09,32.0,10.6,0.045
0134478AR,983.65,554.12,6.0,0.0,1.0,0.83,147.8,133.3,0.0,194.6,166.2,0.0,252.9,431.0,0.0,238.3,193.0,0.0,64.1,139.3,0.0,39.3,41.9,0.0,130.0,102.5,0.0,74.1,115.9,0.0,40.7,37.1,0.0,120.5,99.4,0.0,102.0,88.0,0.0,268.5,228.6,0.0,34.8,43.9,0.0,200.1,202.2,0.0,63.1,53.2,0.0,72.5,162.0,0.0,76.9,204.2,0.0,44.5,38.9,0.0,316.2,488.5,0.0,124.7,94.5,0.0,152.7,225.7,0.0,240.1,419.4,0.0,109.7,106.9,0.0,41.2,41.5,0.0,93.4,82.2,0.0,116.4,327.5,0.0,35.8,24.2,0.0,35.3,44.1,0.0,106.3,152.7,0.0,67.5,62.5,0.0,278.9,480.0,0.0,93.1,361.2,0.0,107.9,92.6,0.0,52.8,40.6,0.0
0134481AR,772.08,324.54,32.0,0.0,0.83,0.83,140.9,63.3,0.0,185.5,77.6,0.0,231.3,194.8,0.0,228.6,94.6,0.0,64.1,79.7,0.0,39.3,30.9,0.0,127.4,55.8,0.0,74.1,77.0,0.0,39.7,31.1,0.0,115.9,58.2,0.0,102.0,50.6,0.0,251.6,101.0,0.0,34.8,36.9,0.0,183.2,87.4,0.0,63.1,34.7,0.0,72.5,95.1,0.0,75.2,102.4,0.0,43.5,29.9,0.0,290.8,215.8,0.0,123.4,53.7,0.0,141.1,100.0,0.0,230.3,197.2,0.0,107.5,53.2,0.0,40.2,30.7,0.0,93.4,48.7,0.0,114.0,134.4,0.0,34.4,22.3,0.0,35.3,32.5,0.0,100.4,61.4,0.0,67.5,39.9,0.0,256.5,202.8,0.0,87.9,148.8,0.0,107.9,52.9,0.0,51.6,31.3,0.0
0134483AR,900.52,245.0,73.0,0.22,1.0,1.0,147.8,146.6,0.028,194.6,179.7,0.069,252.9,460.0,0.071,238.3,210.4,0.064,64.1,167.0,0.003,39.3,51.3,0.003,130.0,117.5,0.026,74.1,141.0,0.019,40.7,47.5,0.002,120.5,115.2,0.022,102.0,101.6,0.025,268.5,247.1,0.075,34.8,56.7,0.004,200.1,210.0,0.064,63.1,63.7,0.003,72.5,190.7,0.004,76.9,229.6,0.004,44.5,48.5,0.002,316.2,515.4,0.133,124.7,111.5,0.024,152.7,227.4,0.023,240.1,447.8,0.074,109.7,120.2,0.026,41.2,50.6,0.003,93.4,96.1,0.022,116.4,348.3,0.024,35.8,31.2,0.003,35.3,54.3,0.003,106.3,160.4,0.004,67.5,73.8,0.003,278.9,504.4,0.085,93.1,363.5,0.005,107.9,106.7,0.02,52.8,50.4,0.003
0134488AR,1095.7,1073.77,4685.0,0.0,1.0,1.0,147.8,0.0,0.0,194.6,0.0,0.0,252.9,0.0,0.0,238.3,1.5,0.0,64.1,12.9,0.0,39.3,17.8,0.0,130.0,2.7,0.0,74.1,29.1,0.0,40.7,23.5,0.0,120.5,15.6,0.0,102.0,10.1,0.0,268.5,1.0,0.0,34.8,27.9,0.0,200.1,0.0,0.0,63.1,13.4,0.0,72.5,22.4,0.0,76.9,0.0,0.0,44.5,20.3,0.0,316.2,0.0,0.0,124.7,10.4,0.0,152.7,0.0,0.0,240.1,0.0,0.0,109.7,0.0,0.0,41.2,17.7,0.0,93.4,9.3,0.0,116.4,0.0,0.0,35.8,24.5,0.0,35.3,19.4,0.0,106.3,0.0,0.0,67.5,8.8,0.0,278.9,0.0,0.0,93.1,0.0,0.0,107.9,8.0,0.0,52.8,17.8,0.0
0134489AR,696.42,49.26,2815.0,0.0,1.0,1.0,147.8,0.0,0.0,194.6,0.4,0.0,242.0,0.7,0.0,237.0,1.0,0.0,64.1,0.0,0.0,39.3,3.0,0.0,130.0,0.0,0.0,74.1,0.0,0.0,40.7,11.5,0.0,120.5,0.0,0.0,102.0,0.0,0.0,266.9,1.0,0.0,34.8,10.8,0.0,200.1,0.0,0.0,63.1,1.8,0.0,72.5,0.0,0.0,76.9,0.0,0.0,44.5,3.4,0.0,288.8,0.7,0.0,124.7,0.0,0.0,152.7,0.0,0.0,238.7,0.7,0.0,109.7,0.0,0.0,41.2,3.3,0.0,93.4,0.0,0.0,116.4,0.0,0.0,35.8,16.3,0.0,35.3,2.9,0.0,106.3,0.0,0.0,67.5,0.0,0.0,255.1,0.0,0.0,93.1,0.0,0.0,107.9,0.0,0.0,52.8,5.9,0.0
0134491AR,991.66,583.38,12.0,0.0,1.0,0.83,147.8,113.1,0.0,194.6,140.5,0.0,252.9,372.1,0.0,238.3,165.7,0.0,64.1,125.8,0.0,39.3,38.7,0.0,130.0,89.9,0.0,74.1,107.8,0.0,40.7,36.1,0.0,120.5,88.5,0.0,102.0,77.4,0.0,268.5,198.2,0.0,34.8,43.9,0.0,200.1,177.2,0.0,63.1,48.5,0.0,72.5,143.7,0.0,76.9,173.8,0.0,44.5,37.0,0.0,316.2,429.1,0.0,124.7,85.5,0.0,152.7,205.4,0.0,240.1,361.8,0.0,109.7,91.8,0.0,41.2,38.4,0.0,93.4,73.3,0.0,116.4,278.0,0.0,35.8,24.2,0.0,35.3,40.8,0.0,106.3,127.8,0.0,67.5,56.0,0.0,278.9,418.8,0.0,93.1,323.2,0.0,107.9,81.5,0.0,52.8,38.6,0.0
0134494AR,518.48,54.51,582.0,0.0,1.0,0.17,143.7,0.0,0.0,189.1,0.0,0.0,223.6,0.0,0.0,226.3,0.0,0.0,64.1,0.0,0.0,39.3,1.2,0.0,130.0,0.0,0.0,74.1,0.0,0.0,40.7,7.3,0.0,120.5,0.0,0.0,102.0,0.0,0.0,245.2,1.4,0.0,34.8,8.1,0.0,194.6,0.0,0.0,63.1,0.7,0.0,72.5,0.0,0.0,76.9,0.0,0.0,44.5,4.2,0.0,281.1,1.4,0.0,124.7,0.0,0.0,148.3,1.0,0.0,228.0,0.0,0.0,109.7,0.0,0.0,41.2,1.2,0.0,93.4,0.0,0.0,116.4,0.0,0.0,35.8,9.6,0.0,35.3,1.8,0.0,106.3,0.0,0.0,67.5,0.0,0.0,246.5,1.4,0.0,93.1,0.0,0.0,107.9,0.0,0.0,52.8,5.8,0.0
0134495AR,504.31,374.86,27640.0,0.0,1.0,0.83,147.8,119.9,0.0,194.6,147.1,0.0,252.9,380.0,0.0,238.3,171.8,0.0,64.1,122.5,0.0,39.3,42.6,0.0,130.0,90.8,0.0,74.1,102.1,0.0,40.7,43.9,0.0,120.5,85.2,0.0,102.0,76.0,0.0,268.5,205.7,0.0,34.8,52.1,0.0,200.1,182.4,0.0,63.1,48.5,0.0,72.5,143.9,0.0,76.9,180.2,0.0,44.5,40.9,0.0,316.2,434.1,0.0,124.7,81.4,0.0,152.7,202.7,0.0,240.1,365.8,0.0,109.7,97.7,0.0,41.2,42.0,0.0,93.4,72.3,0.0,116.4,301.2,0.0,35.8,31.2,0.0,35.3,44.9,0.0,106.3,142.4,0.0,67.5,53.6,0.0,278.9,419.5,0.0,93.1,326.6,0.0,107.9,79.5,0.0,52.8,41.8,0.0
0134500AR,478.22,390.86,23996.0,0.0,1.0,1.0,147.8,142.0,0.0,194.6,172.0,0.0,252.9,429.4,0.0,238.3,200.0,0.0,64.1,167.0,0.0,39.3,51.3,0.0,130.0,116.0,0.0,74.1,141.0,0.0,40.7,47.5,0.0,120.5,115.2,0.0,102.0,101.6,0.0,268.5,228.0,0.0,34.8,56.7,0.0,200.1,186.5,0.0,63.1,63.7,0.0,72.5,190.7,0.0,76.9,226.6,0.0,44.5,48.5,0.0,316.2,465.8,0.0,124.7,111.5,0.0,152.7,180.5,0.0,240.1,422.4,0.0,109.7,116.0,0.0,41.2,50.6,0.0,93.4,96.1,0.0,116.4,322.2,0.0,35.8,31.2,0.0,35.3,54.3,0.0,106.3,145.1,0.0,67.5,73.8,0.0,278.9,465.9,0.0,93.1,296.5,0.0,107.9,106.7,0.0,52.8,50.4,0.0
0134501AR,1087.0,938.0,285.0,1.0,1.0,0.67,147.8,111.7,0.127,194.6,137.7,0.189,252.9,357.3,0.238,238.3,162.2,0.214,64.1,125.8,0.051,39.3,38.7,0.029,130.0,89.9,0.118,74.1,107.8,0.066,40.7,36.1,0.031,120.5,88.5,0.098,102.0,77.4,0.088,268.5,190.6,0.254,34.8,43.9,0.032,200.1,161.0,0.173,63.1,48.5,0.053,72.5,143.7,0.061,76.9,172.4,0.058,44.5,37.0,0.035,316.2,405.6,0.318,124.7,85.5,0.11,152.7,176.3,0.105,240.1,347.3,0.248,109.7,91.1,0.092,41.2,38.4,0.031,93.4,73.3,0.077,116.4,263.6,0.085,35.8,24.2,0.029,35.3,40.8,0.024,106.3,121.2,0.072,67.5,56.0,0.055,278.9,391.9,0.287,93.1,277.6,0.049,107.9,81.5,0.09,52.8,38.6,0.045
0134508AR,1077.96,1071.2,21.0,0.14,1.0,1.0,147.8,0.0,0.018,194.6,0.0,0.046,252.9,0.0,0.045,238.3,0.7,0.04,64.1,5.7,0.003,39.3,20.6,0.003,130.0,2.7,0.016,74.1,18.5,0.013,40.7,26.1,0.002,120.5,11.3,0.014,102.0,6.3,0.018,268.5,0.0,0.048,34.8,31.9,0.004,200.1,0.0,0.042,63.1,16.1,0.003,72.5,25.9,0.004,76.9,0.0,0.004,44.5,17.9,0.002,316.2,0.0,0.082,124.7,10.9,0.015,152.7,0.0,0.015,240.1,0.0,0.047,109.7,0.0,0.018,41.2,19.0,0.003,93.4,13.2,0.015,116.4,0.0,0.017,35.8,25.6,0.003,35.3,19.4,0.003,106.3,0.0,0.004,67.5,9.6,0.003,278.9,0.0,0.054,93.1,0.0,0.005,107.9,8.0,0.012,52.8,20.6,0.003
0134511AR,772.85,237.13,500202.0,1.0,1.0,1.0,147.8,146.6,0.127,194.6,179.7,0.189,252.9,460.0,0.238,238.3,210.4,0.214,64.1,167.0,0.051,39.3,51.3,0.029,130.0,117.5,0.118,74.1,141.0,0.066,40.7,47.5,0.031,120.5,115.2,0.098,102.0,101.6,0.088,268.5,247.1,0.254,34.8,56.7,0.032,200.1,210.0,0.173,63.1,63.7,0.053,72.5,190.7,0.061,76.9,229.6,0.058,44.5,48.5,0.035,316.2,515.4,0.318,124.7,111.5,0.11,152.7,228.4,0.105,240.1,447.8,0.248,109.7,120.2,0.092,41.2,50.6,0.031,93.4,96.1,0.077,116.4,348.3,0.085,35.8,31.2,0.029,35.3,54.3,0.024,106.3,160.4,0.072,67.5,73.8,0.055,278.9,504.4,0.287,93.1,363.5,0.049,107.9,106.7,0.09,52.8,50.4,0.045
0134512AR,192.87,799.04,13.0,0.0,0.67,0.33,97.8,34.0,0.0,129.8,40.2,0.0,174.5,97.3,0.0,162.3,43.7,0.0,40.0,40.7,0.0,24.6,10.9,0.0,85.0,27.7,0.0,47.9,28.6,0.0,26.1,12.4,0.0,79.5,27.2,0.0,65.5,25.7,0.0,185.6,54.2,0.0,22.8,14.7,0.0,136.6,42.0,0.0,40.6,13.0,0.0,45.1,47.6,0.0,46.8,53.4,0.0,28.6,13.2,0.0,220.0,123.9,0.0,80.9,26.3,0.0,103.5,42.5,0.0,164.8,90.9,0.0,70.4,26.4,0.0,26.2,10.8,0.0,60.1,24.2,0.0,72.3,90.8,0.0,23.5,7.8,0.0,21.6,12.2,0.0,64.8,39.0,0.0,43.1,14.9,0.0,192.5,114.9,0.0,57.4,75.4,0.0,69.7,25.1,0.0,34.2,12.2,0.0
0134516AR,526.22,300.99,24.0,0.0,0.67,0.17,119.9,32.6,0.0,160.2,39.4,0.0,210.4,108.7,0.0,180.0,44.1,0.0,50.3,33.5,0.0,27.3,8.7,0.0,98.5,22.9,0.0,58.0,25.4,0.0,27.4,8.0,0.0,95.2,21.4,0.0,77.8,21.6,0.0,219.4,56.6,0.0,23.3,9.5,0.0,161.4,46.6,0.0,48.8,11.1,0.0,56.8,38.3,0.0,59.7,46.8,0.0,30.0,8.2,0.0,260.1,117.8,0.0,94.4,20.8,0.0,132.3,53.5,0.0,188.8,99.5,0.0,82.1,24.5,0.0,28.5,8.6,0.0,71.2,19.3,0.0,90.5,78.9,0.0,24.0,5.2,0.0,24.7,9.2,0.0,85.7,36.3,0.0,52.9,13.3,0.0,232.6,113.1,0.0,81.9,94.0,0.0,82.3,19.9,0.0,38.1,8.5,0.0
0134518AR,890.18,73.76,547125.0,1.0,0.33,0.33,55.3,55.9,0.127,72.6,67.8,0.189,91.7,171.4,0.238,88.9,81.8,0.214,23.0,70.4,0.051,12.7,22.9,0.029,49.2,44.7,0.118,27.2,58.4,0.066,13.3,21.6,0.031,45.2,49.5,0.098,38.4,42.0,0.088,98.0,95.0,0.254,11.5,25.5,0.032,74.6,79.4,0.173,21.8,27.8,0.053,26.0,82.8,0.061,27.2,95.3,0.058,14.5,20.7,0.035,115.2,184.2,0.318,47.3,44.5,0.11,57.7,84.3,0.105,89.5,169.3,0.248,41.0,46.4,0.092,13.4,22.4,0.031,35.2,39.6,0.077,42.3,128.0,0.085,11.8,13.3,0.029,11.3,24.4,0.024,39.8,59.1,0.072,24.6,32.5,0.055,101.1,190.1,0.287,33.7,140.1,0.049,40.8,47.0,0.09,17.3,22.0,0.045
0134521AR,825.95,478.94,335.0,0.0,1.0,1.0,147.8,146.6,0.0,194.6,179.7,0.0,252.9,460.0,0.0,238.3,210.4,0.0,64.1,167.0,0.0,39.3,51.3,0.0,130.0,117.5,0.0,74.1,141.0,0.0,40.7,47.5,0.0,120.5,115.2,0.0,102.0,101.6,0.0,268.5,247.1,0.0,34.8,56.7,0.0,200.1,210.0,0.0,63.1,63.7,0.0,72.5,190.7,0.0,76.9,229.6,0.0,44.5,48.5,0.0,316.2,515.4,0.0,124.7,111.5,0.0,152.7,228.4,0.0,240.1,447.8,0.0,109.7,120.2,0.0,41.2,50.6,0.0,93.4,96.1,0.0,116.4,348.3,0.0,35.8,31.2,0.0,35.3,54.3,0.0,106.3,160.4,0.0,67.5,73.8,0.0,278.9,504.4,0.0,93.1,363.5,0.0,107.9,106.7,0.0,52.8,50.4,0.0
0134522AR,480.0,373.11,13.0,0.0,0.5,0.0,135.6,123.9,0.0,182.2,157.3,0.0,226.0,400.6,0.0,214.0,179.7,0.0,62.6,110.4,0.0,36.9,15.0,0.0,121.2,89.0,0.0,72.5,82.6,0.0,36.0,5.9,0.0,110.0,72.5,0.0,94.3,67.7,0.0,241.4,211.9,0.0,30.9,6.4,0.0,187.0,194.7,0.0,61.0,27.5,0.0,69.9,108.8,0.0,76.0,195.2,0.0,41.8,13.0,0.0,278.2,453.6,0.0,113.2,73.2,0.0,148.2,223.0,0.0,217.0,389.9,0.0,105.3,105.0,0.0,38.6,14.8,0.0,86.4,54.9,0.0,110.0,316.2,0.0,31.7,1.4,0.0,33.2,14.9,0.0,101.2,148.9,0.0,66.0,43.1,0.0,245.5,444.5,0.0,91.2,358.9,0.0,99.8,71.7,0.0,48.3,12.9,0.0
0134528AR,931.39,360.72,13.0,0.0,1.0,0.83,147.8,116.9,0.0,194.6,146.9,0.0,252.9,386.3,0.0,238.3,175.6,0.0,64.1,125.8,0.0,39.3,38.7,0.0,130.0,89.9,0.0,74.1,107.8,0.0,40.7,36.1,0.0,120.5,88.5,0.0,102.0,77.4,0.0,268.5,209.1,0.0,34.8,43.9,0.0,200.1,189.9,0.0,63.1,48.5,0.0,72.5,143.7,0.0,76.9,176.6,0.0,44.5,37.0,0.0,316.2,442.2,0.0,124.7,85.5,0.0,152.7,212.5,0.0,240.1,384.4,0.0,109.7,95.4,0.0,41.2,38.4,0.0,93.4,73.3,0.0,116.4,292.3,0.0,35.8,24.2,0.0,35.3,40.8,0.0,106.3,138.8,0.0,67.5,56.0,0.0,278.9,436.0,0.0,93.1,342.2,0.0,107.9,81.5,0.0,52.8,38.6,0.0
0134543AR,841.07,535.54,4651.0,0.0,1.0,1.0,147.8,145.8,0.0,194.6,176.4,0.0,252.9,446.4,0.0,238.3,207.3,0.0,64.1,161.8,0.0,39.3,51.0,0.0,130.0,115.5,0.0,74.1,137.6,0.0,40.7,47.5,0.0,120.5,111.6,0.0,102.0,98.6,0.0,268.5,240.8,0.0,34.8,56.7,0.0,200.1,195.5,0.0,63.1,62.8,0.0,72.5,184.8,0.0,76.9,228.8,0.0,44.5,48.5,0.0,316.2,493.6,0.0,124.7,108.3,0.0,152.7,197.3,0.0,240.1,434.5,0.0,109.7,119.6,0.0,41.2,50.3,0.0,93.4,93.2,0.0,116.4,335.3,0.0,35.8,31.2,0.0,35.3,53.9,0.0,106.3,153.0,0.0,67.5,72.0,0.0,278.9,484.4,0.0,93.1,310.2,0.0,107.9,102.8,0.0,52.8,50.1,0.0
0134545AR,496.68,362.64,7.0,0.0,1.0,1.0,147.8,137.7,0.0,194.6,166.4,0.0,250.3,418.1,0.0,238.3,192.4,0.0,64.1,159.8,0.0,39.3,49.2,0.0,130.0,111.8,0.0,74.1,136.9,0.0,40.7,46.2,0.0,120.5,109.5,0.0,102.0,95.3,0.0,265.7,222.7,0.0,34.8,56.7,0.0,200.1,190.5,0.0,63.1,60.6,0.0,72.5,183.3,0.0,76.9,218.2,0.0,44.5,47.6,0.0,312.9,466.4,0.0,124.7,106.3,0.0,149.8,199.6,0.0,240.1,408.8,0.0,109.7,113.5,0.0,41.2,48.6,0.0,93.4,92.5,0.0,116.4,322.4,0.0,35.8,30.7,0.0,35.3,52.0,0.0,106.3,148.7,0.0,67.5,70.2,0.0,276.0,457.1,0.0,93.1,319.3,0.0,107.9,102.4,0.0,52.8,49.5,0.0
0134547AR,138.5,361.88,3613.0,0.0,0.83,0.33,111.4,58.1,0.0,144.0,68.3,0.0,183.0,167.3,0.0,172.7,75.4,0.0,49.9,62.6,0.0,31.6,14.7,0.0,101.8,45.3,0.0,63.1,51.3,0.0,34.6,13.9,0.0,92.8,43.7,0.0,75.2,37.7,0.0,194.9,88.0,0.0,29.7,17.1,0.0,137.4,77.1,0.0,53.7,20.8,0.0,59.2,67.3,0.0,56.3,90.0,0.0,37.9,13.9,0.0,219.8,191.5,0.0,97.7,42.1,0.0,102.3,79.0,0.0,173.9,164.2,0.0,77.6,48.9,0.0,34.0,14.7,0.0,72.9,36.1,0.0,84.6,139.7,0.0,30.5,9.4,0.0,28.3,15.4,0.0,77.9,63.8,0.0,57.4,26.5,0.0,201.7,182.4,0.0,59.0,142.3,0.0,79.7,40.1,0.0,45.6,14.9,0.0
0134553AR,900.09,755.55,43.0,1.0,1.0,0.67,147.8,128.6,0.127,194.6,163.1,0.189,252.9,425.4,0.238,238.3,186.6,0.214,64.1,125.1,0.051,39.3,35.9,0.029,130.0,94.5,0.118,74.1,105.8,0.066,40.7,30.4,0.031,120.5,84.6,0.098,102.0,73.9,0.088,268.5,220.3,0.254,34.8,38.5,0.032,200.1,202.9,0.173,63.1,46.7,0.053,72.5,137.1,0.061,76.9,194.5,0.058,44.5,33.7,0.035,316.2,471.9,0.318,124.7,86.0,0.11,152.7,219.1,0.105,240.1,414.0,0.248,109.7,106.0,0.092,41.2,35.7,0.031,93.4,69.9,0.077,116.4,323.7,0.085,35.8,19.6,0.029,35.3,37.8,0.024,106.3,151.0,0.072,67.5,55.0,0.055,278.9,461.7,0.287,93.1,352.1,0.049,107.9,79.0,0.09,52.8,35.2,0.045
0134557AR,103.71,627.02,526.0,0.0,0.17,0.0,41.8,0.0,0.0,71.2,0.4,0.0,107.9,1.5,0.0,78.6,0.7,0.0,16.6,0.0,0.0,6.9,0.0,0.0,35.5,0.0,0.0,21.7,0.0,0.0,6.4,0.0,0.0,37.1,0.0,0.0,24.8,0.0,0.0,107.8,0.7,0.0,3.8,0.0,0.0,71.2,1.1,0.0,15.1,0.0,0.0,17.8,0.0,0.0,15.1,0.0,0.0,7.8,0.0,0.0,129.7,2.1,0.0,34.1,0.0,0.0,57.5,1.0,0.0,90.2,1.5,0.0,28.5,0.0,0.0,9.4,0.0,0.0,22.8,0.0,0.0,34.8,1.4,0.0,5.3,0.0,0.0,6.2,0.0,0.0,32.1,0.7,0.0,18.3,0.0,0.0,117.4,1.6,0.0,28.6,2.3,0.0,26.3,0.0,0.0,10.4,0.0,0.0
0134559AR,402.32,378.52,3004.0,0.0,1.0,0.17,147.8,60.4,0.0,194.6,78.8,0.0,252.9,199.8,0.0,238.3,85.0,0.0,64.1,61.6,0.0,39.3,19.2,0.0,130.0,42.3,0.0,74.1,51.6,0.0,40.7,17.5,0.0,120.5,40.2,0.0,102.0,36.5,0.0,268.5,109.0,0.0,34.8,20.0,0.0,200.1,100.6,0.0,63.1,23.6,0.0,72.5,70.1,0.0,76.9,90.2,0.0,44.5,18.5,0.0,316.2,230.3,0.0,124.7,42.0,0.0,152.7,133.8,0.0,240.1,193.7,0.0,109.7,49.0,0.0,41.2,18.7,0.0,93.4,34.4,0.0,116.4,162.2,0.0,35.8,11.5,0.0,35.3,20.5,0.0,106.3,78.0,0.0,67.5,25.4,0.0,278.9,229.1,0.0,93.1,218.6,0.0,107.9,38.0,0.0,52.8,19.0,0.0
0134562AR,809.66,173.75,503093.0,1.0,0.67,0.17,136.8,42.8,0.127,176.1,54.4,0.189,218.4,137.3,0.238,206.6,62.8,0.214,63.5,43.3,0.051,35.8,13.6,0.029,120.2,33.6,0.118,70.3,36.4,0.066,37.1,12.0,0.031,106.3,29.9,0.098,89.5,24.7,0.088,231.6,78.4,0.254,31.7,14.0,0.032,181.3,73.5,0.173,58.7,16.1,0.053,68.7,54.6,0.061,74.2,68.6,0.058,40.5,12.2,0.035,269.4,161.0,0.318,111.0,29.8,0.11,150.6,94.4,0.105,208.2,132.9,0.248,101.5,38.4,0.092,37.5,13.3,0.031,81.9,26.7,0.077,108.8,113.7,0.085,30.4,7.0,0.029,32.3,14.6,0.024,101.1,53.3,0.072,66.8,20.2,0.055,241.5,162.0,0.287,93.1,142.7,0.049,94.7,28.7,0.09,48.1,13.2,0.045
0134566AR,357.0,768.0,17.0,0.0,0.67,1.0,106.2,5.4,0.0,137.2,6.6,0.0,159.5,13.6,0.0,180.3,9.0,0.0,44.8,5.4,0.0,30.6,6.8,0.0,101.7,4.4,0.0,53.4,5.6,0.0,30.7,9.6,0.0,87.4,5.3,0.0,76.6,3.5,0.0,179.6,11.1,0.0,26.7,8.9,0.0,144.6,6.4,0.0,47.2,3.3,0.0,50.6,10.6,0.0,55.9,11.0,0.0,35.3,4.1,0.0,200.1,28.7,0.0,94.3,4.5,0.0,105.4,10.3,0.0,174.4,13.7,0.0,84.6,3.2,0.0,32.4,6.7,0.0,70.2,5.3,0.0,83.0,16.8,0.0,27.5,12.3,0.0,27.1,7.9,0.0,77.0,5.7,0.0,48.1,2.9,0.0,170.8,28.1,0.0,65.6,13.7,0.0,81.4,4.3,0.0,39.8,5.4,0.0
0134570AR,758.46,274.07,3901.0,0.92,1.0,0.67,147.8,117.9,0.117,194.6,146.0,0.177,252.9,369.2,0.215,238.3,171.3,0.194,64.1,130.2,0.048,39.3,36.9,0.029,130.0,94.3,0.109,74.1,106.6,0.064,40.7,33.5,0.029,120.5,91.3,0.09,102.0,80.4,0.084,268.5,197.0,0.23,34.8,39.9,0.032,200.1,169.8,0.163,63.1,46.7,0.05,72.5,148.7,0.057,76.9,186.1,0.054,44.5,34.3,0.033,316.2,413.2,0.294,124.7,88.4,0.101,152.7,181.2,0.096,240.1,362.3,0.225,109.7,98.5,0.088,41.2,36.3,0.031,93.4,74.9,0.074,116.4,286.2,0.082,35.8,21.3,0.029,35.3,39.0,0.024,106.3,130.4,0.067,67.5,58.0,0.052,278.9,402.3,0.26,93.1,284.7,0.049,107.9,84.6,0.082,52.8,36.1,0.042
0134585AR,811.11,421.49,205832.0,0.0,1.0,1.0,147.8,114.1,0.0,194.6,137.0,0.0,252.9,348.9,0.0,238.3,162.5,0.0,64.1,145.1,0.0,39.3,51.3,0.0,130.0,96.7,0.0,74.1,132.2,0.0,40.7,47.5,0.0,120.5,103.0,0.0,102.0,88.8,0.0,268.5,185.7,0.0,34.8,56.7,0.0,200.1,148.2,0.0,63.1,62.5,0.0,72.5,173.0,0.0,76.9,177.3,0.0,44.5,48.5,0.0,316.2,386.5,0.0,124.7,95.8,0.0,152.7,155.2,0.0,240.1,332.3,0.0,109.7,91.8,0.0,41.2,50.6,0.0,93.4,84.0,0.0,116.4,256.3,0.0,35.8,31.2,0.0,35.3,54.3,0.0,106.3,117.8,0.0,67.5,69.1,0.0,278.9,374.5,0.0,93.1,247.1,0.0,107.9,93.3,0.0,52.8,50.4,0.0
0134595AR,849.0,139.0,20.0,1.0,1.0,0.33,147.8,128.3,0.127,194.6,162.0,0.189,252.9,416.4,0.238,238.3,180.0,0.214,64.1,129.5,0.051,39.3,34.2,0.029,130.0,93.6,0.118,74.1,104.0,0.066,40.7,31.4,0.031,120.5,88.7,0.098,102.0,80.8,0.088,268.5,222.1,0.254,34.8,37.5,0.032,200.1,200.3,0.173,63.1,45.6,0.053,72.5,146.1,0.061,76.9,199.0,0.058,44.5,32.6,0.035,316.2,467.7,0.318,124.7,86.3,0.11,152.7,225.4,0.105,240.1,403.3,0.248,109.7,106.1,0.092,41.2,33.6,0.031,93.4,73.2,0.077,116.4,324.1,0.085,35.8,19.0,0.029,35.3,36.6,0.024,106.3,152.9,0.072,67.5,54.7,0.055,278.9,458.2,0.287,93.1,362.7,0.049,107.9,82.3,0.09,52.8,33.2,0.045
0134597AR,897.0,233.0,8.0,0.92,1.0,1.0,147.8,146.6,0.117,194.6,179.7,0.158,252.9,458.5,0.204,238.3,210.4,0.184,64.1,167.0,0.051,39.3,51.3,0.029,130.0,117.5,0.109,74.1,141.0,0.061,40.7,47.5,0.031,120.5,115.2,0.09,102.0,101.6,0.081,268.5,246.4,0.219,34.8,56.7,0.032,200.1,204.7,0.145,63.1,63.7,0.053,72.5,190.7,0.061,76.9,229.6,0.058,44.5,48.5,0.035,316.2,509.2,0.267,124.7,111.5,0.101,152.7,217.6,0.096,240.1,446.4,0.213,109.7,120.2,0.084,41.2,50.6,0.031,93.4,96.1,0.071,116.4,346.8,0.079,35.8,31.2,0.029,35.3,54.3,0.024,106.3,159.7,0.072,67.5,73.8,0.055,278.9,502.8,0.246,93.1,349.1,0.049,107.9,106.7,0.082,52.8,50.4,0.045
0134600AR,1096.4,972.99,35.0,0.0,1.0,0.5,147.8,145.6,0.0,194.6,179.3,0.0,252.9,458.4,0.0,238.3,209.0,0.0,64.1,163.1,0.0,39.3,51.3,0.0,130.0,115.5,0.0,74.1,141.0,0.0,40.7,47.5,0.0,120.5,113.2,0.0,102.0,100.1,0.0,268.5,245.7,0.0,34.8,56.7,0.0,200.1,209.2,0.0,63.1,63.7,0.0,72.5,189.2,0.0,76.9,227.5,0.0,44.5,48.5,0.0,316.2,513.2,0.0,124.7,109.6,0.0,152.7,227.7,0.0,240.1,446.3,0.0,109.7,119.8,0.0,41.2,50.6,0.0,93.4,95.4,0.0,116.4,348.3,0.0,35.8,31.2,0.0,35.3,54.3,0.0,106.3,160.4,0.0,67.5,73.8,0.0,278.9,502.2,0.0,93.1,362.7,0.0,107.9,105.1,0.0,52.8,50.4,0.0
0134602AR,976.35,525.37,10.0,0.0,1.0,1.0,147.8,146.6,0.0,194.6,179.7,0.0,252.9,460.0,0.0,238.3,210.4,0.0,64.1,167.0,0.0,39.3,51.3,0.0,130.0,117.5,0.0,74.1,141.0,0.0,40.7,47.5,0.0,120.5,115.2,0.0,102.0,101.6,0.0,268.5,247.1,0.0,34.8,56.7,0.0,200.1,210.0,0.0,63.1,63.7,0.0,72.5,190.7,0.0,76.9,229.6,0.0,44.5,48.5,0.0,316.2,515.4,0.0,124.7,111.5,0.0,152.7,228.4,0.0,240.1,447.8,0.0,109.7,120.2,0.0,41.2,50.6,0.0,93.4,96.1,0.0,116.4,348.3,0.0,35.8,31.2,0.0,35.3,54.3,0.0,106.3,160.4,0.0,67.5,73.8,0.0,278.9,504.4,0.0,93.1,363.5,0.0,107.9,106.7,0.0,52.8,50.4,0.0
0134606AR,309.56,435.54,252.0,0.0,1.0,0.17,147.8,124.6,0.0,194.6,155.6,0.0,252.9,391.5,0.0,238.3,167.7,0.0,64.1,116.5,0.0,39.3,29.6,0.0,130.0,86.3,0.0,74.1,82.8,0.0,40.7,21.3,0.0,120.5,73.5,0.0,102.0,68.4,0.0,268.5,206.9,0.0,34.8,23.3,0.0,200.1,192.7,0.0,63.1,38.7,0.0,72.5,129.0,0.0,76.9,193.5,0.0,44.5,22.7,0.0,316.2,446.1,0.0,124.7,79.5,0.0,152.7,221.6,0.0,240.1,378.7,0.0,109.7,101.6,0.0,41.2,29.0,0.0,93.4,65.5,0.0,116.4,318.0,0.0,35.8,10.6,0.0,35.3,31.5,0.0,106.3,148.9,0.0,67.5,43.7,0.0,278.9,439.1,0.0,93.1,360.4,0.0,107.9,70.4,0.0,52.8,27.2,0.0
0134613AR,209.76,187.25,777.0,0.0,0.67,0.17,89.1,33.1,0.0,117.8,38.4,0.0,141.8,96.6,0.0,132.7,45.5,0.0,44.2,44.4,0.0,28.9,15.9,0.0,82.6,27.9,0.0,49.9,41.2,0.0,31.1,15.4,0.0,78.6,30.3,0.0,65.6,28.5,0.0,149.3,51.5,0.0,28.2,19.4,0.0,104.2,37.5,0.0,42.3,19.7,0.0,49.8,54.7,0.0,44.5,49.5,0.0,31.6,16.1,0.0,175.3,101.0,0.008,79.4,29.2,0.0,73.3,35.4,0.0,134.7,93.7,0.0,62.4,27.9,0.0,29.0,15.8,0.0,60.2,28.1,0.0,63.1,68.4,0.0,26.9,11.1,0.0,25.8,14.4,0.0,59.0,31.4,0.0,45.0,21.3,0.0,152.7,102.6,0.0,44.7,62.5,0.0,69.7,28.5,0.0,37.2,16.2,0.0
0134617AR,754.0,897.0,17.0,1.0,0.67,0.67,81.8,24.4,0.127,102.2,29.6,0.189,127.2,65.4,0.23,146.1,38.0,0.208,38.0,28.0,0.051,25.3,12.1,0.029,84.2,22.2,0.118,45.6,28.0,0.066,26.1,8.8,0.031,73.7,21.1,0.098,65.6,16.5,0.088,149.7,38.5,0.246,22.8,8.9,0.032,114.4,34.2,0.173,39.3,12.8,0.053,42.9,36.4,0.061,42.8,45.8,0.058,29.4,8.4,0.035,156.3,85.6,0.31,76.8,20.4,0.11,82.5,36.1,0.105,142.4,69.9,0.241,69.8,21.0,0.092,27.0,12.0,0.031,60.2,18.6,0.077,65.6,56.6,0.085,23.5,7.3,0.029,22.3,12.7,0.024,59.3,27.5,0.072,41.0,14.5,0.055,134.4,83.3,0.278,48.5,57.3,0.049,69.8,19.4,0.09,32.6,10.4,0.045
0134619AR,895.59,227.43,18.0,1.0,1.0,1.0,147.8,145.9,0.127,194.6,177.6,0.189,252.9,448.1,0.238,238.3,207.3,0.214,64.1,167.0,0.051,39.3,51.3,0.029,130.0,117.5,0.118,74.1,141.0,0.066,40.7,47.5,0.031,120.5,115.2,0.098,102.0,101.6,0.088,268.5,240.1,0.254,34.8,56.7,0.032,200.1,197.3,0.173,63.1,63.7,0.053,72.5,190.7,0.061,76.9,229.6,0.058,44.5,48.5,0.035,316.2,494.7,0.314,124.7,111.5,0.11,152.7,204.4,0.105,240.1,436.2,0.248,109.7,120.2,0.092,41.2,50.6,0.031,93.4,96.1,0.077,116.4,339.0,0.085,35.8,31.2,0.029,35.3,54.3,0.024,106.3,153.1,0.072,67.5,73.8,0.055,278.9,483.2,0.287,93.1,324.0,0.049,107.9,106.7,0.09,52.8,50.4,0.045
0134624AR,52.75,616.2,33.0,0.0,1.0,0.67,147.8,102.1,0.0,194.6,114.4,0.0,252.9,294.7,0.0,238.3,141.0,0.0,64.1,145.2,0.0,39.3,39.8,0.0,130.0,92.7,0.0,74.1,124.9,0.0,40.7,33.8,0.0,120.5,97.5,0.0,102.0,85.3,0.0,268.5,159.8,0.0,34.8,39.2,0.0,200.1,115.3,0.0,63.1,54.9,0.0,72.5,165.8,0.0,76.9,158.7,0.0,44.5,36.2,0.0,315.5,327.3,0.0,124.7,93.1,0.0,152.7,108.8,0.0,240.1,286.0,0.0,109.7,79.7,0.0,41.2,39.4,0.0,93.4,82.8,0.0,116.4,212.9,0.0,35.8,21.6,0.0,35.3,42.0,0.0,106.3,93.4,0.0,67.5,65.3,0.0,278.9,311.9,0.0,93.1,173.3,0.0,107.9,89.6,0.0,52.8,37.7,0.0
0134625AR,192.18,230.46,326.0,0.0,0.67,0.33,103.8,36.3,0.0,128.8,39.2,0.0,154.6,98.8,0.0,145.6,45.6,0.0,50.6,44.8,0.0,32.2,14.6,0.0,91.9,30.0,0.0,59.4,40.6,0.0,32.2,14.2,0.0,89.0,27.6,0.0,74.6,26.3,0.0,157.3,52.8,0.0,27.6,17.7,0.0,109.7,46.2,0.0,51.2,17.1,0.0,56.0,51.4,0.0,55.3,56.8,0.0,36.9,13.4,0.0,180.9,121.2,0.0,84.9,27.9,0.0,79.9,45.7,0.0,140.8,95.2,0.0,70.0,28.5,0.0,34.1,13.7,0.0,68.4,25.7,0.0,66.6,83.9,0.0,29.1,9.4,0.0,28.8,13.7,0.0,60.4,37.8,0.0,53.8,21.0,0.0,159.0,109.9,0.0,47.6,80.8,0.0,75.6,26.1,0.0,44.8,15.5,0.0
0134630AR,809.64,467.99,10176.0,0.0,1.0,0.83,147.8,140.9,0.0,194.6,176.7,0.0,252.9,446.4,0.0,237.6,204.0,0.0,64.1,159.1,0.0,39.3,47.5,0.0,130.0,110.7,0.0,74.1,130.4,0.0,40.7,44.6,0.0,120.5,110.0,0.0,102.0,97.1,0.0,268.5,238.8,0.0,34.8,49.6,0.0,200.1,206.8,0.0,63.1,59.2,0.0,72.5,178.8,0.0,76.9,223.2,0.0,44.5,44.9,0.0,316.2,498.2,0.0,124.7,106.5,0.0,152.7,226.4,0.0,240.1,436.6,0.0,109.7,118.0,0.0,41.2,46.9,0.0,93.4,90.1,0.0,116.4,342.5,0.0,35.8,27.9,0.0,35.3,50.2,0.0,106.3,158.7,0.0,67.5,68.2,0.0,278.9,486.8,0.0,93.1,363.5,0.0,107.9,102.0,0.0,52.8,46.7,0.0
0134643AR,778.0,909.0,2473.0,0.92,1.0,1.0,143.2,115.7,0.117,189.3,138.3,0.15,247.2,353.3,0.201,233.6,166.2,0.181,61.7,154.8,0.051,37.5,48.9,0.029,126.0,102.7,0.109,71.5,135.7,0.058,39.7,45.9,0.031,117.4,107.1,0.09,98.9,93.3,0.077,262.2,191.6,0.215,33.5,56.7,0.032,194.6,150.7,0.138,61.6,61.7,0.053,70.1,178.2,0.061,74.2,190.1,0.058,43.5,46.9,0.035,310.6,389.7,0.235,121.5,101.4,0.101,147.8,156.4,0.096,234.6,343.5,0.21,106.3,95.7,0.081,40.2,48.2,0.031,90.6,88.2,0.068,111.4,254.2,0.075,35.8,30.0,0.029,33.7,52.1,0.024,101.6,117.8,0.072,65.1,71.1,0.055,272.5,382.1,0.242,89.3,250.3,0.049,104.7,98.0,0.082,51.6,48.7,0.045
0134644AR,797.97,950.9,1274.0,0.0,1.0,1.0,141.0,120.0,0.0,185.4,143.0,0.0,242.2,365.4,0.0,227.8,172.8,0.0,63.3,163.1,0.0,39.3,51.3,0.0,123.8,107.3,0.0,73.2,141.0,0.0,40.7,47.5,0.0,117.4,111.8,0.0,98.2,97.9,0.0,256.8,199.3,0.0,34.8,56.7,0.0,189.3,157.1,0.0,63.1,63.7,0.0,69.5,184.9,0.0,72.2,195.6,0.0,44.5,48.5,0.0,304.8,413.1,0.0,121.5,106.0,0.0,144.3,162.6,0.0,229.5,355.2,0.0,103.0,97.9,0.0,41.2,50.6,0.0,89.9,93.3,0.0,108.5,267.9,0.0,35.8,31.2,0.0,35.3,54.3,0.0,98.1,122.5,0.0,66.7,73.8,0.0,267.9,394.0,0.0,84.9,261.6,0.0,103.9,100.1,0.0,52.8,50.4,0.0
0134648AR,775.78,217.6,93.0,1.0,1.0,1.0,147.8,146.6,0.127,194.6,179.7,0.189,252.9,460.0,0.238,238.3,210.4,0.214,64.1,167.0,0.051,39.3,51.3,0.029,130.0,117.5,0.118,74.1,141.0,0.066,40.7,47.5,0.031,120.5,115.2,0.098,102.0,101.6,0.088,268.5,247.1,0.254,34.8,56.7,0.032,200.1,206.8,0.173,63.1,63.7,0.053,72.5,190.7,0.061,76.9,229.6,0.058,44.5,48.5,0.035,316.2,513.3,0.318,124.7,111.5,0.11,152.7,219.3,0.105,240.1,447.8,0.248,109.7,120.2,0.092,41.2,50.6,0.031,93.4,96.1,0.077,116.4,348.3,0.085,35.8,31.2,0.029,35.3,54.3,0.024,106.3,160.4,0.072,67.5,73.8,0.055,278.9,502.0,0.287,93.1,349.8,0.049,107.9,106.7,0.09,52.8,50.4,0.045
0134655AR,534.34,315.28,263.0,0.0,1.0,0.17,146.3,79.5,0.0,188.4,101.4,0.0,243.9,264.8,0.0,232.7,116.8,0.0,64.1,70.3,0.0,39.3,19.7,0.0,130.0,51.5,0.0,74.1,55.7,0.0,40.7,17.3,0.0,119.9,48.7,0.0,102.0,42.8,0.0,258.7,135.2,0.0,34.8,20.6,0.0,187.8,132.0,0.0,63.1,24.4,0.0,72.5,78.1,0.0,75.5,119.4,0.0,44.5,18.6,0.0,301.5,292.1,0.0,124.7,49.0,0.0,139.4,155.8,0.0,232.8,253.9,0.0,108.0,67.3,0.0,41.2,19.4,0.0,93.4,39.4,0.0,114.9,205.1,0.0,35.8,11.0,0.0,35.3,20.8,0.0,101.6,98.2,0.0,67.5,29.1,0.0,268.9,286.7,0.0,82.7,258.2,0.0,107.9,44.9,0.0,52.8,19.9,0.0
0134658AR,319.59,746.43,3851.0,0.0,1.0,0.5,143.4,46.9,0.0,184.8,54.2,0.0,232.4,142.5,0.0,223.0,65.4,0.0,64.1,66.4,0.0,39.3,20.7,0.0,128.7,40.1,0.0,74.1,52.1,0.0,40.7,19.9,0.0,119.2,39.6,0.0,102.0,38.0,0.0,248.7,76.1,0.0,34.8,26.1,0.0,186.7,52.9,0.0,63.1,24.1,0.0,72.5,71.8,0.0,76.2,74.1,0.0,44.5,20.4,0.0,286.9,152.2,0.0,123.4,39.7,0.0,137.6,56.8,0.0,224.6,130.5,0.0,108.1,41.3,0.0,41.2,20.3,0.0,93.4,36.0,0.0,110.6,98.9,0.0,35.8,12.9,0.0,35.3,21.0,0.0,100.8,44.0,0.0,67.5,27.5,0.0,253.1,143.0,0.0,87.1,96.6,0.0,107.9,39.6,0.0,52.8,19.4,0.0
0134662AR,475.43,375.99,8.0,0.0,1.0,0.0,141.7,129.8,0.0,188.2,171.0,0.0,237.2,431.7,0.0,220.8,183.2,0.0,64.1,104.3,0.0,39.3,21.1,0.0,127.5,92.9,0.0,74.1,85.8,0.0,40.7,11.0,0.0,117.4,79.1,0.0,100.0,73.8,0.0,254.1,224.8,0.0,34.8,11.9,0.0,189.9,204.0,0.0,61.8,31.3,0.0,72.5,119.4,0.0,76.0,208.5,0.0,44.5,18.3,0.0,296.6,477.0,0.0,122.2,78.5,0.0,149.1,220.3,0.0,227.9,422.1,0.0,106.0,114.1,0.0,41.2,20.7,0.0,92.1,60.1,0.0,113.2,336.7,0.0,35.8,1.3,0.0,35.3,18.7,0.0,103.4,155.1,0.0,67.5,45.0,0.0,262.2,466.0,0.0,91.2,355.9,0.0,105.8,74.9,0.0,52.3,19.5,0.0
0134667AR,702.41,49.05,2868.0,0.0,1.0,1.0,147.8,0.0,0.0,194.6,0.0,0.0,227.9,0.0,0.0,232.9,0.0,0.0,64.1,0.0,0.0,39.3,2.9,0.0,130.0,0.0,0.0,74.1,0.0,0.0,40.7,8.2,0.0,120.5,0.0,0.0,102.0,0.0,0.0,257.9,0.0,0.0,34.8,6.9,0.0,200.1,0.0,0.0,63.1,0.0,0.0,72.5,0.0,0.0,76.9,0.0,0.0,44.5,0.0,0.0,285.7,0.0,0.0,124.7,0.0,0.0,148.3,0.0,0.0,234.6,0.0,0.0,109.7,0.0,0.0,41.2,2.9,0.0,93.4,0.0,0.0,116.4,0.0,0.0,35.8,14.1,0.0,35.3,4.8,0.0,106.3,0.0,0.0,67.5,0.0,0.0,251.3,0.0,0.0,93.1,0.0,0.0,107.9,0.0,0.0,52.8,2.9,0.0
0134668AR,1048.74,1066.98,83320.0,0.0,1.0,1.0,147.8,0.0,0.0,194.6,0.0,0.0,252.9,0.0,0.0,238.3,1.5,0.0,64.1,12.9,0.0,39.3,17.8,0.0,130.0,2.7,0.0,74.1,17.0,0.0,40.7,23.5,0.0,120.5,10.8,0.0,102.0,4.4,0.0,268.5,0.0,0.0,34.8,27.9,0.0,200.1,0.0,0.0,63.1,13.4,0.0,72.5,18.1,0.0,76.9,0.0,0.0,44.5,15.3,0.0,316.2,0.0,0.0,124.7,8.2,0.0,152.7,0.0,0.0,240.1,0.0,0.0,109.7,0.0,0.0,41.2,17.7,0.0,93.4,9.6,0.0,116.4,0.0,0.0,35.8,24.2,0.0,35.3,19.4,0.0,106.3,0.0,0.0,67.5,8.8,0.0,278.9,0.0,0.0,93.1,0.0,0.0,107.9,8.0,0.0,52.8,17.8,0.0
0134671AR,1094.87,967.35,216.0,0.0,1.0,0.5,147.8,141.7,0.0,194.6,174.7,0.0,252.9,449.6,0.0,238.3,203.9,0.0,64.1,154.1,0.0,39.3,48.5,0.0,130.0,110.4,0.0,74.1,128.8,0.0,40.7,45.0,0.0,120.5,107.3,0.0,102.0,94.1,0.0,268.5,240.5,0.0,34.8,55.1,0.0,200.1,207.1,0.0,63.1,56.9,0.0,72.5,173.8,0.0,76.9,217.6,0.0,44.5,45.0,0.0,316.2,505.7,0.0,124.7,104.5,0.0,152.7,227.7,0.0,240.1,437.6,0.0,109.7,115.2,0.0,41.2,47.9,0.0,93.4,87.9,0.0,116.4,340.4,0.0,35.8,31.2,0.0,35.3,49.0,0.0,106.3,156.7,0.0,67.5,67.3,0.0,278.9,494.1,0.0,93.1,363.5,0.0,107.9,98.9,0.0,52.8,46.8,0.0
0134675AR,458.35,419.87,29.0,0.0,1.0,1.0,147.8,68.7,0.0,194.6,83.9,0.0,252.3,213.9,0.0,238.3,103.7,0.0,64.1,93.2,0.0,39.3,34.2,0.0,130.0,61.8,0.0,74.1,86.4,0.0,40.7,34.5,0.0,120.5,67.1,0.0,102.0,58.7,0.0,267.8,111.1,0.0,34.8,40.9,0.0,200.1,95.4,0.0,63.1,40.1,0.0,72.5,110.6,0.0,76.9,113.8,0.0,44.5,34.4,0.0,315.3,227.6,0.0,124.7,64.4,0.0,150.6,105.1,0.0,240.1,215.0,0.0,109.7,59.6,0.0,41.2,33.9,0.0,93.4,56.6,0.0,116.4,150.5,0.0,35.8,25.5,0.0,35.3,36.0,0.0,106.3,67.9,0.0,67.5,44.8,0.0,278.1,227.5,0.0,93.1,161.5,0.0,107.9,61.7,0.0,52.8,35.9,0.0
0134676AR,228.97,911.88,27.0,0.0,0.5,0.17,89.7,25.9,0.0,120.9,27.2,0.0,154.1,67.0,0.0,136.7,30.1,0.0,37.1,32.9,0.0,21.3,8.7,0.0,74.7,21.3,0.0,44.3,24.6,0.0,22.6,8.0,0.0,71.4,22.1,0.0,57.9,19.6,0.0,161.6,30.8,0.0,19.7,9.5,0.0,122.9,22.2,0.0,37.5,10.7,0.0,41.8,36.2,0.0,43.5,41.0,0.0,24.7,8.6,0.0,194.1,57.3,0.0,72.0,21.4,0.0,101.9,10.2,0.0,140.4,60.3,0.0,60.9,19.3,0.0,22.7,8.6,0.0,52.5,18.2,0.0,70.7,44.2,0.0,18.3,5.2,0.0,18.8,9.2,0.0,68.4,17.6,0.0,39.9,12.9,0.0,168.5,56.0,0.0,61.1,20.0,0.0,61.6,20.4,0.0,31.1,8.5,0.0
0134679AR,870.62,111.1,90.0,1.0,0.83,0.33,146.3,52.9,0.127,191.6,60.6,0.189,247.2,145.7,0.238,232.9,68.2,0.214,62.5,67.5,0.051,37.5,21.3,0.029,124.7,46.1,0.118,69.8,56.9,0.066,36.4,19.4,0.031,115.6,45.0,0.098,98.9,41.0,0.088,262.2,78.9,0.254,31.4,22.4,0.032,198.5,66.4,0.173,59.4,25.9,0.053,67.7,78.6,0.061,76.2,94.1,0.058,41.9,19.8,0.035,311.3,160.2,0.318,119.6,43.8,0.11,152.7,71.3,0.105,234.6,142.4,0.248,108.8,43.5,0.092,38.7,20.8,0.031,90.6,38.7,0.077,115.7,120.6,0.085,30.9,12.2,0.029,33.7,22.7,0.024,105.6,55.4,0.072,63.5,30.3,0.055,275.7,164.2,0.287,93.1,114.1,0.049,104.7,42.8,0.09,49.8,20.3,0.045
0134689AR,1016.76,676.76,4.0,0.44,1.0,0.83,147.8,145.9,0.057,194.6,177.2,0.1,252.9,448.1,0.104,238.3,205.3,0.094,64.1,167.0,0.022,39.3,51.3,0.02,130.0,117.5,0.053,74.1,141.0,0.037,40.7,47.5,0.014,120.5,115.2,0.044,102.0,101.6,0.049,268.5,238.4,0.111,34.8,56.7,0.021,200.1,192.0,0.092,63.1,63.7,0.023,72.5,190.7,0.027,76.9,229.6,0.025,44.5,48.5,0.015,316.2,496.7,0.165,124.7,111.5,0.049,152.7,196.3,0.046,240.1,436.2,0.109,109.7,120.2,0.051,41.2,50.6,0.021,93.4,96.1,0.043,116.4,336.8,0.048,35.8,30.7,0.019,35.3,54.3,0.016,106.3,152.1,0.031,67.5,73.8,0.024,278.9,482.4,0.125,93.1,311.8,0.033,107.9,106.7,0.04,52.8,50.4,0.02
0134692AR,781.2,308.35,206952.0,0.0,1.0,1.0,147.8,119.7,0.0,194.6,141.2,0.0,252.9,360.1,0.0,238.3,169.4,0.0,64.1,149.6,0.0,39.3,51.3,0.0,130.0,100.8,0.0,74.1,135.5,0.0,40.7,47.5,0.0,120.5,105.6,0.0,102.0,91.4,0.0,268.5,196.9,0.0,34.8,56.7,0.0,200.1,154.6,0.0,63.1,63.4,0.0,72.5,177.4,0.0,76.9,187.9,0.0,44.5,48.5,0.0,316.2,406.6,0.0,124.7,99.0,0.0,152.7,159.4,0.0,240.1,350.1,0.0,109.7,95.4,0.0,41.2,50.6,0.0,93.4,89.7,0.0,116.4,267.2,0.0,35.8,31.2,0.0,35.3,54.3,0.0,106.3,119.8,0.0,67.5,70.9,0.0,278.9,386.9,0.0,93.1,255.5,0.0,107.9,96.1,0.0,52.8,50.4,0.0
0134693AR,509.21,271.33,30.0,0.0,0.67,0.33,120.7,57.8,0.0,154.6,66.5,0.0,197.6,177.3,0.0,178.4,79.3,0.0,52.1,63.6,0.0,29.3,19.4,0.0,101.2,43.4,0.0,60.2,51.9,0.0,30.3,18.1,0.0,94.2,40.7,0.0,78.4,39.1,0.0,206.3,94.8,0.0,25.9,20.6,0.0,146.9,77.0,0.0,51.3,23.4,0.0,58.2,73.3,0.0,64.1,83.4,0.0,33.1,18.5,0.0,241.8,195.7,0.0,94.5,39.3,0.0,115.7,81.0,0.0,179.7,165.7,0.0,84.2,44.4,0.0,30.7,19.2,0.0,71.1,37.4,0.0,91.2,130.0,0.0,25.3,12.1,0.0,26.4,19.7,0.0,86.2,62.5,0.0,54.8,27.0,0.0,217.9,190.0,0.0,65.6,138.9,0.0,83.0,38.6,0.0,41.3,19.0,0.0
0134696AR,819.39,161.15,514038.0,1.0,0.5,0.33,85.5,37.5,0.127,124.9,51.4,0.189,154.3,125.1,0.234,151.3,51.9,0.211,35.8,47.2,0.051,21.2,16.4,0.029,74.3,32.1,0.118,41.2,40.9,0.066,21.1,14.9,0.031,68.5,30.8,0.098,57.9,28.4,0.088,167.4,64.3,0.25,18.4,17.6,0.032,134.9,55.1,0.173,34.9,18.1,0.053,40.4,51.8,0.061,44.0,65.5,0.058,24.7,15.5,0.035,196.3,130.2,0.306,71.4,31.9,0.11,109.1,64.0,0.105,152.3,115.2,0.244,72.2,31.7,0.092,22.6,14.3,0.031,53.2,25.4,0.077,74.5,95.2,0.085,18.3,9.6,0.029,18.7,15.7,0.024,69.1,43.0,0.072,37.1,21.8,0.055,170.2,124.4,0.282,64.2,102.8,0.049,61.6,29.6,0.09,29.4,16.0,0.045
0134702AR,214.0,176.0,879.0,1.0,0.67,0.17,94.1,37.3,0.127,115.7,42.5,0.189,143.1,104.1,0.238,138.3,46.8,0.214,44.4,54.8,0.051,29.8,19.9,0.029,81.9,33.2,0.118,52.4,51.1,0.066,29.8,17.8,0.031,79.2,35.0,0.098,65.1,31.9,0.088,149.0,55.0,0.254,26.9,23.0,0.032,105.0,42.5,0.173,46.4,22.8,0.053,48.8,58.9,0.061,48.9,60.0,0.058,32.6,19.1,0.035,180.7,113.2,0.306,83.5,34.7,0.11,77.1,43.4,0.105,132.6,100.4,0.248,66.9,29.6,0.092,30.0,19.8,0.031,59.7,30.1,0.077,66.9,81.5,0.085,26.3,10.8,0.029,26.6,20.2,0.024,59.4,36.4,0.072,47.4,26.5,0.055,158.6,109.7,0.287,44.4,77.0,0.049,69.1,32.7,0.09,39.5,20.0,0.045
0134703AR,198.23,809.19,48.0,0.0,1.0,0.17,147.8,17.0,0.0,194.6,21.0,0.0,252.9,50.1,0.0,238.3,22.7,0.0,64.1,32.3,0.0,39.3,15.3,0.0,130.0,16.4,0.0,74.1,32.8,0.0,40.7,15.7,0.0,120.5,22.8,0.0,102.0,20.3,0.0,268.5,25.7,0.0,34.8,17.8,0.0,200.1,17.0,0.0,63.1,16.2,0.0,72.5,46.7,0.0,76.9,29.8,0.0,44.5,17.6,0.0,316.2,48.4,0.0,124.7,22.0,0.0,152.7,12.6,0.0,240.1,48.3,0.0,109.7,13.3,0.0,41.2,15.1,0.0,93.4,23.6,0.0,116.4,36.3,0.0,35.8,10.4,0.0,35.3,17.1,0.0,106.3,15.8,0.0,67.5,17.1,0.0,278.9,50.4,0.0,93.1,24.4,0.0,107.9,20.8,0.0,52.8,16.8,0.0
0134708AR,56.8,653.27,5316.0,0.0,0.83,0.33,139.6,43.1,0.0,180.2,50.1,0.0,226.1,123.7,0.0,222.1,59.9,0.0,61.4,55.5,0.0,34.8,18.9,0.0,123.1,37.1,0.0,69.4,48.8,0.0,34.6,18.1,0.0,113.7,37.5,0.0,96.5,32.9,0.0,244.2,65.8,0.0,29.7,20.6,0.0,185.1,56.2,0.0,59.1,22.7,0.0,67.9,64.1,0.0,73.6,69.7,0.0,39.5,18.1,0.0,278.9,133.9,0.0,118.0,36.2,0.0,138.2,54.4,0.0,222.1,125.1,0.0,103.8,36.3,0.0,36.6,18.8,0.0,88.4,32.6,0.0,110.0,96.4,0.0,30.5,12.1,0.0,31.3,19.4,0.0,100.4,44.3,0.0,63.3,25.4,0.0,248.5,132.6,0.0,85.9,95.6,0.0,102.2,34.1,0.0,49.5,18.9,0.0
0134711AR,77.65,689.77,3391.0,0.0,0.83,0.17,132.6,35.6,0.0,171.4,42.3,0.0,213.1,106.6,0.0,206.2,47.9,0.0,59.4,40.7,0.0,32.6,11.6,0.0,117.0,28.5,0.0,68.7,30.3,0.0,33.9,11.0,0.0,108.3,26.6,0.0,90.5,24.8,0.0,229.7,55.6,0.0,29.0,13.2,0.0,166.6,49.9,0.0,55.8,13.7,0.0,67.1,46.5,0.0,71.4,55.3,0.0,37.0,12.1,0.0,255.4,117.2,0.0,112.2,26.4,0.0,125.6,51.5,0.0,207.7,105.2,0.0,100.6,29.0,0.0,34.3,11.4,0.0,82.8,23.5,0.0,104.2,85.7,0.0,29.8,6.7,0.0,29.3,12.2,0.0,94.9,38.8,0.0,62.6,16.7,0.0,230.2,114.5,0.0,78.4,89.4,0.0,95.7,25.2,0.0,46.7,11.4,0.0
0134713AR,137.64,778.78,15121.0,0.0,0.67,0.17,121.1,28.7,0.0,159.4,34.8,0.0,199.8,89.9,0.0,190.6,40.8,0.0,52.7,34.5,0.0,31.3,10.8,0.0,103.3,23.3,0.0,60.9,32.4,0.0,32.4,9.7,0.0,95.6,24.9,0.0,81.0,19.6,0.0,214.8,43.1,0.0,27.8,11.1,0.0,160.7,38.2,0.0,51.3,14.6,0.0,59.5,38.7,0.0,63.8,49.3,0.0,35.5,9.9,0.0,249.7,90.5,0.0,99.0,23.4,0.0,125.7,37.0,0.0,192.0,85.4,0.0,89.9,23.8,0.0,32.8,10.7,0.0,74.2,19.6,0.0,95.1,61.4,0.0,28.5,5.8,0.0,28.2,11.8,0.0,88.0,28.6,0.0,55.5,16.1,0.0,220.3,88.3,0.0,76.8,63.7,0.0,85.7,21.2,0.0,42.9,10.7,0.0
0134715AR,634.85,973.91,1358.0,0.0,0.5,0.0,108.5,9.8,0.0,137.2,17.5,0.0,166.0,44.9,0.0,148.3,21.3,0.0,53.1,7.1,0.0,21.6,1.1,0.0,89.3,6.8,0.0,56.0,4.1,0.0,21.9,0.9,0.0,85.4,5.6,0.0,71.9,6.8,0.0,168.3,25.8,0.0,18.4,0.0,0.0,136.8,20.1,0.0,47.8,1.9,0.0,57.7,8.1,0.0,63.3,14.1,0.0,23.9,1.0,0.0,213.9,45.9,0.0,86.8,5.5,0.0,113.2,25.1,0.0,148.3,43.9,0.0,76.8,10.7,0.0,22.3,1.0,0.0,67.0,3.9,0.0,86.8,29.5,0.0,20.2,0.0,0.0,19.8,1.1,0.0,85.1,17.3,0.0,51.2,3.6,0.0,190.3,45.7,0.0,78.8,35.8,0.0,75.9,4.7,0.0,32.4,1.0,0.0
0134716AR,148.7,598.61,1182.0,0.0,1.0,0.5,147.8,131.9,0.0,194.6,163.0,0.0,252.9,419.8,0.0,238.3,189.9,0.0,64.1,136.8,0.0,39.3,38.4,0.0,130.0,100.5,0.0,74.1,113.2,0.0,40.7,33.2,0.0,120.5,97.4,0.0,102.0,82.7,0.0,268.5,223.4,0.0,34.8,41.5,0.0,200.1,190.6,0.0,63.1,49.8,0.0,72.5,156.1,0.0,76.9,202.0,0.0,44.5,36.3,0.0,316.2,469.8,0.0,124.7,94.2,0.0,152.7,203.1,0.0,240.1,408.5,0.0,109.7,106.2,0.0,41.2,38.0,0.0,93.4,79.3,0.0,116.4,317.4,0.0,35.8,20.9,0.0,35.3,40.4,0.0,106.3,145.7,0.0,67.5,57.8,0.0,278.9,461.2,0.0,93.1,334.6,0.0,107.9,90.2,0.0,52.8,37.9,0.0
0134717AR,801.61,199.61,30.0,1.0,1.0,0.67,147.8,146.6,0.127,194.6,179.7,0.189,252.9,460.0,0.238,238.3,210.4,0.214,64.1,167.0,0.051,39.3,49.9,0.029,130.0,117.5,0.118,74.1,140.3,0.066,40.7,45.2,0.031,120.5,114.8,0.098,102.0,101.3,0.088,268.5,247.1,0.254,34.8,52.0,0.032,200.1,210.0,0.173,63.1,63.4,0.053,72.5,190.0,0.061,76.9,229.6,0.058,44.5,46.2,0.035,316.2,515.4,0.318,124.7,111.5,0.11,152.7,228.4,0.105,240.1,447.8,0.248,109.7,120.2,0.092,41.2,49.3,0.031,93.4,95.8,0.077,116.4,348.3,0.085,35.8,27.6,0.029,35.3,52.8,0.024,106.3,160.4,0.072,67.5,73.4,0.055,278.9,504.4,0.287,93.1,363.5,0.049,107.9,106.4,0.09,52.8,48.1,0.045
0134718AR,507.35,54.96,414.0,0.0,1.0,0.0,147.8,0.0,0.0,194.6,0.0,0.0,239.5,0.0,0.0,238.3,0.0,0.0,64.1,0.0,0.0,39.3,0.0,0.0,130.0,0.0,0.0,74.1,0.0,0.0,40.7,1.6,0.0,120.5,0.0,0.0,102.0,0.0,0.0,259.4,0.0,0.0,34.8,0.0,0.0,200.1,0.0,0.0,63.1,0.0,0.0,72.5,0.0,0.0,76.9,0.0,0.0,44.5,0.0,0.0,287.2,0.0,0.0,124.7,0.0,0.0,149.0,0.0,0.0,235.3,0.0,0.0,109.7,0.0,0.0,41.2,0.0,0.0,93.4,0.0,0.0,116.4,0.0,0.0,35.8,2.6,0.0,35.3,0.0,0.0,106.3,0.0,0.0,67.5,0.0,0.0,252.8,0.0,0.0,93.1,0.0,0.0,107.9,0.0,0.0,52.8,0.3,0.0
0134721AR,120.79,404.73,3163.0,0.0,0.83,0.33,94.8,27.7,0.0,123.2,31.8,0.0,146.5,80.6,0.0,144.2,37.9,0.0,47.6,44.0,0.0,29.1,15.1,0.0,89.6,24.9,0.0,53.0,41.6,0.0,31.0,15.5,0.0,85.2,28.6,0.0,71.4,27.6,0.0,156.6,43.8,0.0,27.6,18.7,0.0,111.0,30.0,0.0,47.2,17.2,0.0,51.4,51.1,0.0,49.4,41.6,0.0,32.8,16.6,0.0,183.5,89.2,0.0,87.7,26.3,0.0,79.4,27.8,0.0,142.5,77.3,0.0,69.0,21.8,0.0,30.3,15.1,0.0,65.4,25.1,0.0,71.6,59.5,0.0,29.1,13.1,0.0,26.0,15.6,0.0,64.4,25.9,0.0,47.9,20.4,0.0,161.5,86.3,0.0,45.7,48.9,0.0,75.7,26.9,0.0,41.3,16.1,0.0
0134724AR,358.97,541.11,23.0,0.0,1.0,1.0,147.8,97.2,0.0,194.6,115.1,0.0,252.9,293.9,0.0,238.3,135.8,0.0,64.1,138.1,0.0,39.3,49.6,0.0,130.0,85.9,0.0,74.1,124.8,0.0,40.7,47.2,0.0,120.5,94.0,0.0,102.0,83.2,0.0,268.5,159.7,0.0,34.8,56.7,0.0,200.1,124.7,0.0,63.1,58.9,0.0,72.5,163.7,0.0,76.9,155.2,0.0,44.5,47.6,0.0,316.2,321.9,0.0,124.7,90.0,0.0,152.7,132.7,0.0,240.1,286.3,0.0,109.7,79.6,0.0,41.2,48.9,0.0,93.4,82.5,0.0,116.4,217.4,0.0,35.8,31.2,0.0,35.3,52.4,0.0,106.3,97.2,0.0,67.5,63.9,0.0,278.9,316.6,0.0,93.1,214.2,0.0,107.9,86.5,0.0,52.8,49.4,0.0
0134725AR,816.14,165.38,503324.0,1.0,0.5,0.17,85.5,39.8,0.127,120.6,48.4,0.185,153.2,118.9,0.227,145.6,52.1,0.204,33.9,46.5,0.051,20.5,15.4,0.029,76.0,30.2,0.118,40.5,37.0,0.066,20.4,12.7,0.031,68.2,30.8,0.098,57.2,28.5,0.088,165.7,66.1,0.242,17.7,15.0,0.032,133.4,57.3,0.17,34.3,17.8,0.053,38.3,52.2,0.061,45.0,63.3,0.058,23.9,13.9,0.035,207.8,135.7,0.298,73.1,31.5,0.11,113.1,69.0,0.105,150.7,116.6,0.237,65.9,32.0,0.092,21.9,15.0,0.031,52.5,26.9,0.077,78.0,93.8,0.085,17.6,8.8,0.029,18.1,16.4,0.024,69.3,43.4,0.072,36.5,19.8,0.055,174.8,137.2,0.273,64.7,114.1,0.049,63.0,29.7,0.09,29.4,12.6,0.045
0134726AR,195.81,854.22,10.0,0.0,0.67,0.0,132.1,16.3,0.0,169.5,19.9,0.0,210.6,54.1,0.0,203.2,22.1,0.0,59.5,8.4,0.0,33.4,0.7,0.0,112.8,8.5,0.0,66.4,6.6,0.0,33.9,0.0,0.0,105.9,4.2,0.0,88.5,4.0,0.0,227.9,26.3,0.0,29.0,0.0,0.0,170.9,29.9,0.0,56.5,2.1,0.0,64.9,7.3,0.0,72.0,21.7,0.0,37.1,0.7,0.0,259.2,51.9,0.0,108.1,4.1,0.0,128.2,33.3,0.0,205.2,52.3,0.0,96.6,13.2,0.0,35.1,0.7,0.0,81.0,2.4,0.0,107.0,36.7,0.0,28.5,0.0,0.0,30.1,0.7,0.0,98.3,19.9,0.0,60.5,3.5,0.0,232.9,54.3,0.0,82.2,62.8,0.0,93.6,3.9,0.0,47.3,0.7,0.0
0134727AR,1083.89,926.7,132.0,1.0,1.0,0.67,147.8,111.7,0.127,194.6,136.6,0.189,252.9,352.8,0.238,238.3,161.2,0.214,64.1,125.8,0.051,39.3,38.7,0.029,130.0,89.9,0.118,74.1,107.8,0.066,40.7,36.1,0.031,120.5,88.5,0.098,102.0,77.4,0.088,268.5,188.1,0.254,34.8,43.9,0.032,200.1,159.2,0.173,63.1,48.5,0.053,72.5,143.7,0.061,76.9,172.4,0.058,44.5,37.0,0.035,316.2,398.7,0.318,124.7,85.5,0.11,152.7,177.3,0.105,240.1,342.9,0.248,109.7,91.1,0.092,41.2,38.4,0.031,93.4,73.3,0.077,116.4,261.4,0.085,35.8,24.2,0.029,35.3,40.8,0.024,106.3,120.2,0.072,67.5,56.0,0.055,278.9,387.0,0.287,93.1,275.3,0.049,107.9,81.5,0.09,52.8,38.6,0.045
0134728AR,816.59,496.11,193506.0,0.0,1.0,1.0,147.8,146.6,0.0,194.6,179.7,0.0,252.9,460.0,0.0,238.3,210.4,0.0,64.1,167.0,0.0,39.3,51.3,0.0,130.0,117.5,0.0,74.1,141.0,0.0,40.7,47.5,0.0,120.5,115.2,0.0,102.0,101.6,0.0,268.5,247.1,0.0,34.8,56.7,0.0,200.1,210.0,0.0,63.1,63.7,0.0,72.5,190.7,0.0,76.9,229.6,0.0,44.5,48.5,0.0,316.2,515.4,0.0,124.7,111.5,0.0,152.7,227.4,0.0,240.1,447.8,0.0,109.7,120.2,0.0,41.2,50.6,0.0,93.4,96.1,0.0,116.4,348.3,0.0,35.8,31.2,0.0,35.3,54.3,0.0,106.3,160.4,0.0,67.5,73.8,0.0,278.9,504.4,0.0,93.1,363.5,0.0,107.9,106.7,0.0,52.8,50.4,0.0
0134729AR,147.12,340.51,3841.0,0.0,0.67,0.33,77.1,31.8,0.0,97.3,34.2,0.0,123.8,87.0,0.0,113.3,40.0,0.0,40.7,41.3,0.0,26.0,14.9,0.0,69.6,26.9,0.0,48.3,39.3,0.0,27.4,14.7,0.0,72.6,26.4,0.0,58.3,24.5,0.0,128.9,46.9,0.0,23.7,19.5,0.0,82.8,37.9,0.0,40.9,17.1,0.0,45.8,49.7,0.0,41.9,49.3,0.0,27.5,14.8,0.0,148.8,104.8,0.0,66.0,27.2,0.0,61.2,35.4,0.0,114.0,82.6,0.0,51.3,23.8,0.0,27.4,14.9,0.0,53.5,24.4,0.0,48.5,72.0,0.0,25.0,9.8,0.0,23.1,14.9,0.0,47.4,32.4,0.0,43.6,20.3,0.0,130.7,101.3,0.0,38.1,62.4,0.0,61.3,24.7,0.0,36.3,16.9,0.0
0134737AR,79.0,507.0,2033.0,0.0,0.67,0.5,94.8,33.8,0.0,114.3,38.8,0.0,137.4,95.0,0.0,143.4,42.0,0.0,46.0,46.0,0.0,30.7,17.4,0.0,86.6,27.6,0.0,54.1,38.8,0.0,31.3,17.4,0.0,83.3,29.7,0.0,71.3,27.7,0.0,147.7,51.7,0.0,27.6,22.1,0.0,103.4,39.6,0.0,49.3,18.2,0.0,50.5,50.3,0.0,51.5,51.3,0.0,34.2,17.6,0.0,173.0,108.8,0.0,88.6,29.2,0.0,75.4,41.9,0.0,133.0,91.9,0.0,73.0,24.9,0.0,31.5,17.2,0.0,65.4,25.7,0.0,69.4,74.7,0.0,26.3,12.6,0.0,27.5,17.5,0.0,60.5,34.0,0.0,49.0,20.1,0.0,151.5,105.3,0.0,43.4,74.5,0.0,75.7,27.9,0.0,41.4,17.4,0.0
0134744AR,762.09,915.95,9.0,1.0,0.67,0.67,79.7,27.8,0.127,103.6,34.8,0.189,128.9,81.7,0.223,142.8,44.0,0.201,36.1,29.3,0.051,24.6,11.8,0.029,81.7,24.3,0.118,43.3,28.5,0.066,26.1,8.5,0.031,71.8,24.2,0.098,63.6,18.0,0.088,150.5,45.3,0.238,22.8,11.0,0.032,117.0,41.1,0.173,38.0,12.7,0.053,40.7,37.6,0.061,40.5,51.9,0.058,28.6,8.4,0.035,164.1,106.1,0.302,82.7,22.3,0.11,77.8,41.4,0.105,143.0,85.8,0.233,67.6,24.5,0.092,26.2,11.7,0.031,58.3,19.2,0.077,71.4,71.2,0.085,23.5,7.3,0.029,21.6,12.4,0.024,61.0,30.7,0.072,38.9,14.8,0.055,143.1,95.7,0.269,45.0,62.4,0.049,67.6,20.5,0.09,33.1,10.1,0.045
0134745AR,633.89,979.82,66.0,0.0,1.0,0.0,128.5,27.4,0.0,162.2,33.4,0.0,208.3,80.3,0.0,201.5,39.6,0.0,60.9,34.1,0.0,39.3,10.2,0.0,113.5,24.1,0.0,70.7,28.3,0.0,40.7,9.2,0.0,112.7,21.6,0.0,94.4,24.2,0.0,223.4,42.8,0.0,34.8,11.0,0.0,155.2,38.1,0.0,63.1,12.4,0.0,67.1,41.1,0.0,67.5,49.6,0.0,44.5,9.3,0.0,264.6,85.8,0.0,116.9,21.1,0.0,112.1,37.2,0.0,199.9,78.6,0.0,93.3,26.6,0.0,41.2,9.9,0.0,86.5,20.1,0.0,96.1,67.0,0.0,35.8,5.7,0.0,35.3,11.2,0.0,87.1,33.3,0.0,64.3,15.2,0.0,232.6,89.1,0.0,62.1,63.9,0.0,100.0,21.8,0.0,52.8,9.6,0.0
0134747AR,995.0,676.0,13.0,0.0,1.0,0.83,147.8,95.0,0.0,194.6,111.1,0.0,252.9,282.1,0.0,238.3,138.8,0.0,64.1,125.6,0.0,39.3,43.6,0.0,130.0,81.6,0.0,74.1,109.2,0.0,40.7,44.6,0.0,120.5,87.9,0.0,102.0,74.2,0.0,268.5,155.5,0.0,34.8,55.1,0.0,200.1,123.9,0.0,63.1,52.9,0.0,72.5,146.3,0.0,76.9,150.9,0.0,44.5,43.4,0.0,316.2,329.0,0.0,124.7,82.8,0.0,152.7,128.7,0.0,240.1,277.4,0.0,109.7,77.1,0.0,41.2,43.2,0.0,93.4,73.8,0.0,116.4,209.2,0.0,35.8,31.2,0.0,35.3,46.0,0.0,106.3,95.4,0.0,67.5,56.8,0.0,278.9,318.9,0.0,93.1,200.8,0.0,107.9,78.2,0.0,52.8,45.2,0.0
0134749AR,770.48,891.12,2871.0,0.81,1.0,0.5,147.8,105.2,0.102,194.6,124.2,0.127,252.9,314.7,0.175,238.3,145.6,0.157,64.1,143.5,0.048,39.3,44.5,0.026,130.0,95.1,0.095,74.1,121.5,0.048,40.7,40.4,0.029,120.5,96.7,0.079,102.0,85.1,0.063,268.5,173.2,0.187,34.8,48.7,0.028,200.1,132.6,0.117,63.1,55.0,0.05,72.5,164.6,0.057,76.9,168.3,0.054,44.5,41.9,0.033,316.2,348.7,0.2,124.7,92.8,0.089,152.7,132.6,0.084,240.1,306.2,0.182,109.7,86.7,0.066,41.2,43.8,0.027,93.4,82.5,0.055,116.4,229.2,0.062,35.8,23.6,0.026,35.3,47.1,0.021,106.3,102.8,0.067,67.5,63.8,0.052,278.9,335.5,0.21,93.1,217.5,0.044,107.9,89.2,0.072,52.8,43.5,0.042
0134751AR,878.82,120.39,27.0,1.0,1.0,0.5,147.8,87.5,0.127,194.6,109.2,0.189,252.9,272.4,0.238,238.3,124.0,0.214,64.1,91.2,0.051,39.3,30.2,0.029,130.0,65.3,0.118,74.1,83.5,0.066,40.7,26.6,0.031,120.5,59.9,0.098,102.0,55.3,0.088,268.5,150.1,0.254,34.8,30.8,0.032,200.1,142.8,0.173,63.1,36.9,0.053,72.5,96.0,0.061,76.9,134.1,0.058,44.5,26.2,0.035,316.2,328.1,0.318,124.7,59.9,0.11,152.7,178.0,0.105,240.1,272.5,0.248,109.7,72.6,0.092,41.2,29.6,0.031,93.4,52.2,0.077,116.4,227.9,0.085,35.8,17.7,0.029,35.3,30.5,0.024,106.3,106.0,0.072,67.5,42.2,0.055,278.9,320.0,0.287,93.1,288.2,0.049,107.9,55.2,0.09,52.8,28.7,0.045
0134757AR,779.68,302.32,207032.0,0.0,1.0,1.0,147.8,115.2,0.0,194.6,138.7,0.0,252.9,349.3,0.0,238.3,164.4,0.0,64.1,149.0,0.0,39.3,50.6,0.0,130.0,100.1,0.0,74.1,135.5,0.0,40.7,47.5,0.0,120.5,102.3,0.0,102.0,88.0,0.0,268.5,191.7,0.0,34.8,56.7,0.0,200.1,148.9,0.0,63.1,61.5,0.0,72.5,171.6,0.0,76.9,180.1,0.0,44.5,48.5,0.0,316.2,393.4,0.0,124.7,98.4,0.0,152.7,157.1,0.0,240.1,339.6,0.0,109.7,94.7,0.0,41.2,49.9,0.0,93.4,86.8,0.0,116.4,258.5,0.0,35.8,31.2,0.0,35.3,53.5,0.0,106.3,115.8,0.0,67.5,68.3,0.0,278.9,377.4,0.0,93.1,250.1,0.0,107.9,92.6,0.0,52.8,50.4,0.0
0134761AR,495.91,248.56,138566.0,0.0,1.0,0.17,147.8,63.7,0.0,194.6,73.2,0.0,252.9,190.3,0.0,238.3,85.1,0.0,64.1,61.5,0.0,39.3,14.6,0.0,130.0,45.1,0.0,74.1,46.2,0.0,40.7,14.6,0.0,120.5,39.5,0.0,102.0,37.0,0.0,268.5,99.0,0.0,34.8,15.3,0.0,200.1,87.2,0.0,63.1,21.2,0.0,72.5,71.3,0.0,76.9,100.8,0.0,44.5,14.9,0.0,316.2,216.0,0.0,124.7,43.9,0.0,152.7,98.7,0.0,240.1,184.1,0.0,109.7,52.2,0.0,41.2,14.3,0.0,93.4,34.9,0.0,116.4,147.7,0.0,35.8,7.8,0.0,35.3,14.3,0.0,106.3,69.7,0.0,67.5,24.2,0.0,278.9,210.2,0.0,93.1,158.6,0.0,107.9,35.1,0.0,52.8,15.7,0.0
0134780AR,869.42,44.57,1469.0,1.0,1.0,1.0,140.9,0.0,0.127,185.5,0.0,0.189,214.6,0.0,0.238,223.1,0.0,0.214,64.1,0.0,0.051,39.3,0.3,0.029,130.0,0.0,0.118,74.1,0.0,0.066,40.7,2.3,0.031,120.5,0.0,0.098,102.0,0.0,0.088,241.7,0.0,0.254,34.8,3.8,0.032,191.0,0.0,0.173,63.1,0.0,0.053,72.5,0.0,0.061,76.9,0.0,0.058,44.5,0.8,0.035,268.4,0.0,0.318,124.7,0.0,0.11,139.8,0.0,0.105,224.7,0.0,0.248,109.7,0.0,0.092,41.2,0.3,0.031,93.4,0.0,0.077,116.4,0.0,0.085,35.8,11.1,0.029,35.3,0.3,0.024,106.3,0.0,0.072,67.5,0.0,0.055,236.6,0.0,0.287,92.2,0.0,0.049,107.9,0.0,0.09,52.8,0.6,0.045
0134787AR,287.29,751.93,575.0,0.0,0.17,0.0,27.3,7.3,0.0,40.9,11.5,0.0,57.9,31.4,0.0,42.1,13.7,0.0,11.7,3.9,0.0,2.2,0.4,0.0,22.2,5.1,0.0,10.6,2.0,0.0,3.8,0.3,0.0,20.8,4.9,0.0,17.4,3.8,0.0,56.1,19.2,0.0,3.2,0.0,0.0,44.2,13.4,0.0,9.6,1.9,0.0,13.2,7.3,0.0,11.5,10.6,0.0,4.1,1.0,0.0,84.0,35.4,0.0,21.3,3.2,0.0,33.5,19.2,0.0,48.6,30.8,0.0,16.4,5.4,0.0,2.3,1.0,0.0,15.9,3.6,0.0,25.1,20.8,0.0,3.3,0.0,0.0,2.0,1.1,0.0,24.0,10.0,0.0,9.6,2.2,0.0,73.0,33.6,0.0,19.7,25.1,0.0,18.4,3.9,0.0,6.0,0.3,0.0
0134788AR,490.0,367.0,7.0,0.0,0.33,0.17,102.3,90.1,0.0,150.7,126.3,0.0,192.3,327.3,0.0,166.6,141.7,0.0,42.2,66.1,0.0,17.0,23.4,0.0,85.7,61.7,0.0,49.1,63.3,0.0,14.1,16.6,0.0,79.4,55.6,0.0,64.8,46.3,0.0,204.1,174.4,0.0,11.0,18.6,0.0,151.0,168.3,0.0,36.5,28.9,0.0,47.4,88.0,0.0,51.2,140.8,0.0,15.4,17.4,0.0,236.5,381.2,0.0,78.5,49.6,0.0,125.5,209.9,0.0,181.3,317.6,0.0,71.3,78.7,0.0,19.3,23.0,0.0,59.3,41.2,0.0,85.1,260.6,0.0,14.5,11.0,0.0,16.3,25.9,0.0,82.4,125.7,0.0,44.6,33.2,0.0,208.3,370.9,0.0,80.0,350.6,0.0,68.6,50.7,0.0,25.6,20.1,0.0
0134790AR,68.27,533.86,1626.0,0.0,0.83,0.33,140.5,31.6,0.0,181.0,32.7,0.0,227.4,84.8,0.0,219.7,44.0,0.0,63.3,52.0,0.0,38.4,16.1,0.0,126.7,32.4,0.0,73.2,47.8,0.0,38.3,14.6,0.0,113.2,34.4,0.0,98.9,31.4,0.0,242.2,45.6,0.0,34.1,17.7,0.0,174.8,34.1,0.0,62.4,20.4,0.0,70.1,59.0,0.0,74.9,54.3,0.0,41.9,14.3,0.0,279.8,93.4,0.0,121.5,31.3,0.0,127.9,25.5,0.0,220.5,81.8,0.0,106.4,25.5,0.0,38.7,16.1,0.0,90.6,30.4,0.0,112.0,58.7,0.0,33.0,9.8,0.0,34.5,16.9,0.0,102.2,26.7,0.0,66.7,24.6,0.0,250.7,94.5,0.0,78.2,38.8,0.0,104.7,31.5,0.0,49.8,15.3,0.0
0134791AR,1042.91,776.23,33.0,1.0,1.0,0.83,147.8,108.2,0.127,194.6,131.7,0.189,252.9,339.5,0.238,238.3,156.6,0.214,64.1,125.8,0.051,39.3,38.7,0.029,130.0,89.0,0.118,74.1,107.8,0.066,40.7,36.1,0.031,120.5,88.5,0.098,102.0,77.4,0.088,268.5,182.3,0.254,34.8,43.9,0.032,200.1,154.2,0.173,63.1,48.5,0.053,72.5,143.7,0.061,76.9,169.2,0.058,44.5,37.0,0.035,316.2,393.3,0.318,124.7,85.5,0.11,152.7,175.4,0.105,240.1,329.9,0.248,109.7,88.2,0.092,41.2,38.4,0.031,93.4,73.3,0.077,116.4,252.7,0.085,35.8,24.2,0.029,35.3,40.8,0.024,106.3,116.1,0.072,67.5,56.0,0.055,278.9,381.4,0.287,93.1,276.0,0.049,107.9,81.5,0.09,52.8,38.6,0.045
0134794AR,438.71,57.0,50475.0,0.0,1.0,0.17,146.5,0.0,0.0,185.4,0.0,0.0,214.0,0.0,0.0,233.2,0.0,0.0,64.1,0.0,0.0,39.3,0.0,0.0,130.0,0.0,0.0,74.1,0.0,0.0,40.7,0.0,0.0,119.3,0.0,0.0,102.0,0.0,0.0,242.5,0.0,0.0,34.8,0.0,0.0,190.6,0.0,0.0,63.1,0.0,0.0,72.5,0.0,0.0,76.9,0.0,0.0,44.5,0.0,0.0,267.6,0.0,0.0,124.7,0.0,0.0,140.4,0.0,0.0,224.7,0.0,0.0,109.7,0.0,0.0,41.2,0.0,0.0,93.4,0.0,0.0,113.5,0.0,0.0,35.8,0.0,0.0,35.3,0.0,0.0,103.6,0.0,0.0,67.5,0.0,0.0,235.1,0.0,0.0,91.1,0.0,0.0,107.9,0.0,0.0,52.8,0.0,0.0
0134799AR,1040.46,764.79,20.0,1.0,1.0,0.83,147.8,117.6,0.127,194.6,143.7,0.189,252.9,367.7,0.238,238.3,168.0,0.214,64.1,126.5,0.051,39.3,38.7,0.029,130.0,90.9,0.118,74.1,107.8,0.066,40.7,36.1,0.031,120.5,88.9,0.098,102.0,77.4,0.088,268.5,195.1,0.254,34.8,43.9,0.032,200.1,161.3,0.173,63.1,48.5,0.053,72.5,143.7,0.061,76.9,180.1,0.058,44.5,37.0,0.035,316.2,412.5,0.318,124.7,85.8,0.11,152.7,169.3,0.105,240.1,353.8,0.248,109.7,95.0,0.092,41.2,38.4,0.031,93.4,73.3,0.077,116.4,272.2,0.085,35.8,24.2,0.029,35.3,40.8,0.024,106.3,123.5,0.072,67.5,56.0,0.055,278.9,399.3,0.287,93.1,271.5,0.049,107.9,81.5,0.09,52.8,38.6,0.045
0134806AR,320.06,429.2,316.0,0.0,1.0,0.0,147.8,77.0,0.0,194.6,101.7,0.0,252.9,256.3,0.0,238.3,111.2,0.0,64.1,71.8,0.0,39.3,14.3,0.0,130.0,53.0,0.0,74.1,50.7,0.0,40.7,10.8,0.0,120.5,45.4,0.0,102.0,41.9,0.0,268.5,135.5,0.0,34.8,13.8,0.0,200.1,132.0,0.0,63.1,20.8,0.0,72.5,69.9,0.0,76.9,121.3,0.0,44.5,11.9,0.0,316.2,287.8,0.0,124.7,43.3,0.0,152.7,172.2,0.0,240.1,249.7,0.0,109.7,65.3,0.0,41.2,14.8,0.0,93.4,33.5,0.0,116.4,203.4,0.0,35.8,5.7,0.0,35.3,16.2,0.0,106.3,99.1,0.0,67.5,26.9,0.0,278.9,289.3,0.0,93.1,272.8,0.0,107.9,43.3,0.0,52.8,12.5,0.0
0134807AR,603.17,978.66,65.0,0.0,0.67,0.17,115.9,73.8,0.0,158.1,92.3,0.0,204.0,244.4,0.0,195.8,103.8,0.0,48.2,68.2,0.0,31.3,15.4,0.0,106.1,45.7,0.0,57.3,49.3,0.0,33.0,15.2,0.0,95.2,44.9,0.0,79.3,40.5,0.0,215.1,131.9,0.0,28.6,18.3,0.0,173.2,123.8,0.0,48.6,20.5,0.0,54.4,75.6,0.0,60.1,109.8,0.0,36.1,15.5,0.0,267.9,284.6,0.0,101.9,42.6,0.0,134.5,148.5,0.0,197.1,238.6,0.0,88.3,59.0,0.0,33.2,15.2,0.0,72.7,38.3,0.0,91.7,196.2,0.0,27.5,7.7,0.0,27.8,16.3,0.0,82.7,94.4,0.0,51.7,25.8,0.0,230.8,278.7,0.0,79.9,247.3,0.0,87.9,38.9,0.0,40.9,15.8,0.0
0134815AR,1027.88,717.66,4.0,1.0,1.0,0.83,147.8,135.8,0.127,194.6,167.9,0.189,252.9,433.2,0.238,238.3,194.0,0.214,64.1,135.5,0.051,39.3,38.7,0.029,130.0,102.2,0.118,74.1,108.5,0.066,40.7,36.1,0.031,120.5,97.1,0.098,102.0,83.1,0.088,268.5,228.9,0.254,34.8,43.9,0.032,200.1,206.1,0.173,63.1,48.8,0.053,72.5,154.7,0.061,76.9,203.5,0.058,44.5,37.0,0.035,316.2,488.5,0.318,124.7,93.9,0.11,152.7,228.4,0.105,240.1,421.6,0.248,109.7,110.1,0.092,41.2,38.4,0.031,93.4,78.6,0.077,116.4,332.5,0.085,35.8,24.2,0.029,35.3,40.8,0.024,106.3,153.4,0.072,67.5,56.4,0.055,278.9,484.9,0.287,93.1,363.5,0.049,107.9,91.0,0.09,52.8,38.6,0.045
0134816AR,230.26,780.39,172.0,0.0,0.67,0.0,96.4,51.0,0.0,133.8,55.2,0.0,182.9,139.9,0.0,163.3,65.6,0.0,40.0,56.0,0.0,24.6,13.9,0.0,84.2,35.7,0.0,47.9,41.2,0.0,26.1,11.2,0.0,79.5,34.0,0.0,65.5,31.6,0.0,192.5,78.7,0.0,22.8,12.5,0.0,139.9,58.8,0.0,40.6,18.7,0.0,45.1,61.9,0.0,46.8,75.8,0.0,28.6,12.7,0.0,230.4,162.6,0.0,80.9,33.4,0.0,104.3,63.3,0.0,171.8,134.9,0.0,69.7,38.9,0.0,26.2,13.7,0.0,60.1,34.7,0.0,75.6,118.1,0.0,23.5,6.5,0.0,21.6,14.8,0.0,67.9,51.1,0.0,43.1,21.7,0.0,201.7,159.0,0.0,60.1,104.7,0.0,69.7,31.2,0.0,34.2,12.7,0.0
0134819AR,601.17,989.46,69.0,0.0,0.67,0.17,113.8,79.0,0.0,154.8,92.9,0.0,199.2,218.6,0.0,191.3,114.6,0.0,46.9,91.7,0.0,29.8,29.3,0.0,103.4,71.0,0.0,55.7,83.9,0.0,31.5,23.0,0.0,93.6,66.9,0.0,77.3,57.6,0.0,209.9,122.1,0.0,27.3,29.2,0.0,169.6,89.9,0.0,47.2,37.4,0.0,52.9,107.4,0.0,58.4,132.4,0.0,34.5,26.5,0.0,261.8,245.8,0.0,99.4,67.9,0.0,132.4,66.8,0.0,192.6,230.5,0.0,86.8,66.6,0.0,31.7,29.2,0.0,70.9,54.6,0.0,91.0,167.4,0.0,25.5,14.8,0.0,26.4,30.8,0.0,82.1,72.0,0.0,50.2,43.5,0.0,225.5,237.6,0.0,79.0,99.0,0.0,85.7,61.5,0.0,39.8,28.4,0.0
0134829AR,770.38,318.06,1998.0,0.0,1.0,1.0,132.8,61.9,0.0,172.3,80.5,0.0,214.6,195.7,0.0,217.4,89.8,0.0,61.4,74.6,0.0,39.3,23.9,0.0,126.6,56.6,0.0,71.0,68.8,0.0,40.7,22.1,0.0,113.7,56.6,0.0,99.3,47.4,0.0,239.2,101.0,0.0,34.8,24.8,0.0,180.3,88.7,0.0,60.5,30.2,0.0,69.4,81.7,0.0,70.3,105.9,0.0,44.5,23.7,0.0,267.4,213.1,0.0,121.3,54.7,0.0,133.9,90.9,0.0,218.2,200.4,0.0,103.0,55.3,0.0,41.2,22.8,0.0,90.9,44.1,0.0,109.2,146.2,0.0,35.8,13.2,0.0,35.3,24.1,0.0,99.7,66.5,0.0,64.7,35.6,0.0,236.6,206.6,0.0,82.7,143.3,0.0,105.1,51.7,0.0,52.8,25.5,0.0
0134835AR,810.76,46.23,741.0,1.0,1.0,1.0,130.8,0.0,0.127,173.4,0.0,0.189,200.9,0.0,0.238,209.8,0.0,0.214,64.1,0.0,0.051,39.3,0.3,0.029,127.4,0.0,0.118,74.1,0.0,0.066,40.7,2.9,0.031,116.0,0.0,0.098,102.0,0.0,0.088,226.6,0.0,0.254,34.8,1.0,0.032,170.9,0.0,0.173,63.1,0.0,0.053,72.5,0.0,0.061,76.9,0.0,0.058,44.5,0.0,0.035,239.1,0.0,0.318,124.7,0.0,0.11,134.1,0.0,0.105,212.2,0.0,0.248,109.7,0.0,0.092,41.2,0.0,0.031,93.4,0.0,0.077,109.5,0.0,0.085,35.8,7.3,0.029,35.3,0.3,0.024,99.9,0.0,0.072,67.5,0.0,0.055,215.7,0.0,0.287,91.1,0.0,0.049,107.9,0.0,0.09,52.8,0.9,0.045
0134836AR,931.67,441.26,10.0,0.0,1.0,1.0,147.8,146.6,0.0,194.6,179.7,0.0,252.9,460.0,0.0,238.3,210.4,0.0,64.1,167.0,0.0,39.3,51.3,0.0,130.0,117.5,0.0,74.1,141.0,0.0,40.7,47.5,0.0,120.5,115.2,0.0,102.0,101.6,0.0,268.5,247.1,0.0,34.8,56.7,0.0,200.1,210.0,0.0,63.1,63.7,0.0,72.5,190.7,0.0,76.9,229.6,0.0,44.5,48.5,0.0,316.2,515.4,0.0,124.7,111.5,0.0,152.7,228.4,0.0,240.1,447.8,0.0,109.7,120.2,0.0,41.2,50.6,0.0,93.4,96.1,0.0,116.4,348.3,0.0,35.8,31.2,0.0,35.3,54.3,0.0,106.3,160.4,0.0,67.5,73.8,0.0,278.9,504.4,0.0,93.1,363.5,0.0,107.9,106.7,0.0,52.8,50.4,0.0
0134837AR,145.44,612.6,38.0,0.0,1.0,0.83,147.8,94.8,0.0,194.6,117.0,0.0,252.9,293.0,0.0,238.3,140.2,0.0,64.1,123.3,0.0,39.3,42.2,0.0,130.0,81.3,0.0,74.1,109.8,0.0,40.7,44.3,0.0,120.5,87.6,0.0,102.0,76.4,0.0,268.5,160.8,0.0,34.8,55.9,0.0,200.1,123.5,0.0,63.1,51.9,0.0,72.5,141.8,0.0,76.9,156.5,0.0,44.5,42.1,0.0,316.2,327.8,0.0,124.7,83.8,0.0,152.7,121.6,0.0,240.1,289.8,0.0,109.7,78.0,0.0,41.2,41.8,0.0,93.4,72.3,0.0,116.4,211.7,0.0,35.8,31.2,0.0,35.3,44.5,0.0,106.3,96.2,0.0,67.5,57.1,0.0,278.9,323.5,0.0,93.1,193.9,0.0,107.9,80.1,0.0,52.8,43.9,0.0
0134841AR,793.0,352.67,206538.0,0.0,1.0,1.0,147.8,113.1,0.0,194.6,136.9,0.0,252.9,346.5,0.0,238.3,164.6,0.0,64.1,147.7,0.0,39.3,51.3,0.0,130.0,98.8,0.0,74.1,134.2,0.0,40.7,47.5,0.0,120.5,103.7,0.0,102.0,90.3,0.0,268.5,188.9,0.0,34.8,56.7,0.0,200.1,149.3,0.0,63.1,63.1,0.0,72.5,174.5,0.0,76.9,180.1,0.0,44.5,48.5,0.0,316.2,390.7,0.0,124.7,97.4,0.0,152.7,156.5,0.0,240.1,336.8,0.0,109.7,92.5,0.0,41.2,50.6,0.0,93.4,85.4,0.0,116.4,258.5,0.0,35.8,31.2,0.0,35.3,54.3,0.0,106.3,118.8,0.0,67.5,70.2,0.0,278.9,379.0,0.0,93.1,250.1,0.0,107.9,94.1,0.0,52.8,50.4,0.0
0134842AR,495.36,55.34,313.0,0.0,1.0,0.0,147.8,0.0,0.0,193.7,0.0,0.0,222.7,0.0,0.0,233.6,0.0,0.0,64.1,0.0,0.0,39.3,0.0,0.0,130.0,0.0,0.0,74.1,0.0,0.0,40.7,0.0,0.0,120.5,0.0,0.0,102.0,0.0,0.0,251.0,0.0,0.0,34.8,0.0,0.0,199.4,0.0,0.0,63.1,0.0,0.0,72.5,0.0,0.0,76.9,0.0,0.0,44.5,0.0,0.0,279.6,0.0,0.0,124.7,0.0,0.0,152.0,0.0,0.0,234.5,0.0,0.0,109.7,0.0,0.0,41.2,0.0,0.0,93.4,0.0,0.0,116.4,0.0,0.0,35.8,0.0,0.0,35.3,0.0,0.0,106.3,0.0,0.0,67.5,0.0,0.0,245.5,0.0,0.0,93.1,0.0,0.0,107.9,0.0,0.0,52.8,0.0,0.0
0134850AR,881.85,44.06,1663.0,1.0,1.0,1.0,123.1,0.4,0.127,156.6,1.5,0.189,183.6,3.1,0.238,200.2,2.1,0.214,54.5,0.0,0.051,33.4,0.9,0.029,117.0,0.3,0.118,64.0,0.0,0.066,39.7,2.7,0.031,107.0,0.0,0.098,90.6,0.0,0.088,208.1,3.8,0.254,33.5,2.5,0.032,155.1,1.8,0.173,57.3,0.0,0.053,63.2,0.7,0.061,63.8,0.0,0.058,41.4,0.0,0.035,236.0,12.9,0.318,114.8,0.0,0.11,121.2,4.8,0.105,195.3,3.0,0.248,93.7,0.3,0.092,36.6,0.9,0.031,83.0,0.3,0.077,95.7,5.8,0.085,34.4,7.5,0.029,29.8,1.5,0.024,86.6,1.7,0.072,58.0,0.0,0.055,202.5,7.7,0.287,73.6,4.6,0.049,96.1,0.0,0.09,49.2,0.9,0.045
0134852AR,235.78,791.16,71.0,0.0,1.0,0.33,147.8,35.4,0.0,194.6,36.0,0.0,252.9,86.0,0.0,238.3,42.6,0.0,64.1,64.6,0.0,39.3,28.7,0.0,130.0,33.9,0.0,74.1,58.6,0.0,40.7,28.0,0.0,120.5,41.3,0.0,102.0,36.8,0.0,268.5,48.5,0.0,34.8,33.9,0.0,200.1,31.1,0.0,63.1,28.5,0.0,72.5,85.3,0.0,76.9,62.1,0.0,44.5,28.4,0.0,316.2,90.1,0.0,124.7,38.3,0.0,152.7,27.7,0.0,240.1,82.6,0.0,109.7,26.2,0.0,41.2,28.1,0.0,93.4,41.5,0.0,116.4,65.6,0.0,35.8,17.6,0.0,35.3,31.1,0.0,106.3,29.0,0.0,67.5,31.1,0.0,278.9,88.9,0.0,93.1,43.3,0.0,107.9,39.1,0.0,52.8,27.7,0.0
0134853AR,951.72,512.89,62.0,0.0,1.0,0.83,147.8,146.6,0.0,194.6,179.7,0.0,252.9,460.0,0.0,238.3,210.4,0.0,64.1,167.0,0.0,39.3,51.3,0.0,130.0,117.5,0.0,74.1,141.0,0.0,40.7,47.5,0.0,120.5,115.2,0.0,102.0,101.6,0.0,268.5,247.1,0.0,34.8,56.7,0.0,200.1,210.0,0.0,63.1,63.7,0.0,72.5,190.7,0.0,76.9,229.6,0.0,44.5,48.5,0.0,316.2,515.4,0.0,124.7,111.5,0.0,152.7,228.4,0.0,240.1,447.8,0.0,109.7,120.2,0.0,41.2,50.6,0.0,93.4,96.1,0.0,116.4,348.3,0.0,35.8,31.2,0.0,35.3,54.3,0.0,106.3,160.4,0.0,67.5,73.8,0.0,278.9,504.4,0.0,93.1,363.5,0.0,107.9,106.7,0.0,52.8,50.4,0.0
0134854AR,241.91,788.22,102.0,0.0,1.0,0.33,147.8,38.1,0.0,194.6,39.6,0.0,252.9,92.9,0.0,238.3,48.2,0.0,64.1,62.9,0.0,39.3,27.2,0.0,130.0,36.5,0.0,74.1,62.2,0.0,40.7,24.9,0.0,120.5,44.3,0.0,102.0,38.4,0.0,268.5,52.8,0.0,34.8,29.5,0.0,200.1,35.0,0.0,63.1,30.7,0.0,72.5,84.4,0.0,76.9,62.8,0.0,44.5,25.7,0.0,316.2,101.6,0.0,124.7,40.5,0.0,152.7,31.4,0.0,240.1,90.8,0.0,109.7,29.4,0.0,41.2,26.6,0.0,93.4,41.6,0.0,116.4,75.9,0.0,35.8,11.8,0.0,35.3,29.0,0.0,106.3,32.4,0.0,67.5,33.0,0.0,278.9,99.5,0.0,93.1,47.9,0.0,107.9,41.5,0.0,52.8,26.5,0.0
0134856AR,243.24,105.42,474.0,0.0,0.83,0.5,90.9,30.6,0.0,105.0,31.5,0.0,127.1,81.4,0.0,131.2,39.4,0.0,45.5,41.0,0.0,29.1,14.3,0.0,82.8,25.9,0.0,54.2,36.0,0.0,30.0,14.3,0.0,77.3,24.9,0.0,65.1,22.7,0.0,133.4,44.1,0.0,26.0,17.7,0.0,102.5,35.8,0.0,45.9,15.5,0.0,51.4,49.2,0.0,51.9,47.2,0.0,32.8,14.0,0.0,160.1,90.8,0.0,80.3,22.9,0.0,72.5,33.1,0.0,121.6,76.8,0.0,65.1,23.2,0.0,30.9,14.2,0.0,62.3,22.9,0.0,58.9,60.8,0.0,28.1,12.3,0.0,25.7,14.1,0.0,55.7,29.7,0.0,48.8,18.7,0.0,140.2,88.1,0.0,44.6,58.0,0.0,69.2,23.0,0.0,38.1,14.2,0.0
0134860AR,801.6,437.45,378.0,0.0,0.83,0.83,111.4,44.7,0.0,147.6,59.1,0.0,179.6,143.7,0.0,185.8,70.9,0.0,53.3,54.1,0.0,37.5,18.4,0.0,111.0,39.9,0.0,58.7,48.4,0.0,35.4,16.5,0.0,98.3,43.0,0.0,90.7,34.4,0.0,201.9,75.3,0.0,31.4,19.7,0.0,163.7,66.2,0.0,54.0,22.4,0.0,58.9,61.8,0.0,63.7,80.1,0.0,40.8,17.5,0.0,233.3,156.3,0.0,107.3,41.2,0.0,121.7,69.4,0.0,187.2,146.8,0.0,91.5,39.4,0.0,37.7,17.9,0.0,83.0,30.6,0.0,96.6,105.7,0.0,30.2,10.9,0.0,33.7,19.5,0.0,86.8,50.9,0.0,53.2,25.0,0.0,204.4,151.6,0.0,73.3,113.7,0.0,96.0,38.5,0.0,43.6,19.6,0.0
0134874AR,105.01,637.89,22.0,0.0,1.0,0.17,24.0,0.0,0.0,28.2,0.0,0.0,48.0,0.0,0.0,48.3,0.0,0.0,5.8,0.0,0.0,9.1,0.0,0.0,21.3,0.0,0.0,9.9,0.0,0.0,9.6,0.0,0.0,17.7,0.0,0.0,14.6,0.0,0.0,49.0,0.3,0.0,8.3,0.0,0.0,32.1,0.0,0.0,8.5,0.0,0.0,9.6,0.0,0.0,9.4,0.0,0.0,10.5,0.0,0.0,55.3,1.4,0.0,20.4,0.0,0.0,16.2,0.0,0.0,44.0,0.0,0.0,17.8,0.0,0.0,8.9,0.0,0.0,14.0,0.0,0.0,15.4,0.0,0.0,5.9,0.0,0.0,7.5,0.0,0.0,13.6,0.0,0.0,9.0,0.0,0.0,56.6,0.0,0.0,8.8,0.0,0.0,15.5,0.0,0.0,11.6,0.0,0.0
0134879AR,118.82,409.89,3109.0,0.0,0.67,0.33,82.5,23.7,0.0,112.5,27.8,0.0,130.8,71.3,0.0,123.8,33.5,0.0,40.1,35.1,0.0,24.7,11.3,0.0,76.7,19.6,0.0,46.4,24.8,0.0,26.2,12.4,0.0,72.4,22.2,0.0,59.7,21.6,0.0,140.7,39.0,0.0,22.8,15.6,0.0,99.2,28.2,0.0,39.3,12.8,0.0,43.7,39.2,0.0,43.6,35.7,0.0,28.7,11.2,0.0,160.8,81.2,0.0,73.7,20.5,0.0,69.7,29.6,0.0,127.8,67.4,0.0,59.8,19.6,0.0,26.3,11.2,0.0,56.7,20.1,0.0,62.9,54.3,0.0,23.5,9.8,0.0,20.4,11.9,0.0,57.6,23.3,0.0,41.7,14.9,0.0,144.3,80.6,0.0,40.9,49.6,0.0,63.5,20.6,0.0,34.8,11.3,0.0
0134883AR,74.74,684.58,3517.0,0.0,0.67,0.33,136.2,35.9,0.0,177.1,42.0,0.0,218.6,104.6,0.0,210.5,49.0,0.0,60.1,44.6,0.0,33.4,13.9,0.0,117.0,29.9,0.0,66.3,35.2,0.0,34.6,14.0,0.0,110.2,29.0,0.0,90.5,27.3,0.0,231.9,54.5,0.0,29.7,16.9,0.0,172.6,48.8,0.0,56.5,15.9,0.0,67.9,50.9,0.0,73.6,56.6,0.0,37.9,14.3,0.0,261.5,115.0,0.0,112.2,28.4,0.0,131.3,50.5,0.0,210.3,104.4,0.0,101.6,29.7,0.0,35.0,13.7,0.0,82.8,25.8,0.0,108.6,85.0,0.0,29.8,8.4,0.0,30.0,14.7,0.0,99.1,38.4,0.0,60.4,18.4,0.0,237.0,112.3,0.0,84.1,87.8,0.0,97.1,26.8,0.0,47.3,13.8,0.0
0134890AR,834.15,158.0,20.0,1.0,1.0,0.67,147.8,105.1,0.127,194.6,130.9,0.189,252.9,331.7,0.238,238.3,153.8,0.214,64.1,117.1,0.051,39.3,36.9,0.029,130.0,85.6,0.118,74.1,99.3,0.066,40.7,32.7,0.031,120.5,82.1,0.098,102.0,70.7,0.088,268.5,175.1,0.254,34.8,38.8,0.032,200.1,154.6,0.173,63.1,45.3,0.053,72.5,133.8,0.061,76.9,166.4,0.058,44.5,33.4,0.035,316.2,369.0,0.318,124.7,81.8,0.11,152.7,167.6,0.105,240.1,325.9,0.248,109.7,87.0,0.092,41.2,36.3,0.031,93.4,67.2,0.077,116.4,253.4,0.085,35.8,21.3,0.029,35.3,39.0,0.024,106.3,116.7,0.072,67.5,52.1,0.055,278.9,361.9,0.287,93.1,263.2,0.049,107.9,76.2,0.09,52.8,36.1,0.045
0134897AR,1049.78,1060.22,43.0,0.0,1.0,1.0,147.8,70.3,0.0,194.6,75.8,0.0,252.9,182.8,0.0,238.3,98.6,0.0,64.1,130.8,0.0,39.3,47.8,0.0,130.0,80.7,0.0,74.1,122.7,0.0,40.7,47.5,0.0,120.5,93.6,0.0,102.0,80.3,0.0,268.5,99.7,0.0,34.8,56.7,0.0,200.1,55.9,0.0,63.1,57.5,0.0,72.5,160.6,0.0,76.9,125.3,0.0,44.5,47.3,0.0,316.2,196.6,0.0,124.7,87.6,0.0,152.7,28.1,0.0,240.1,186.9,0.0,109.7,58.3,0.0,41.2,46.9,0.0,93.4,81.5,0.0,116.4,121.9,0.0,35.8,31.2,0.0,35.3,50.1,0.0,106.3,50.3,0.0,67.5,64.0,0.0,278.9,190.7,0.0,93.1,33.5,0.0,107.9,84.1,0.0,52.8,49.1,0.0
0134899AR,953.66,519.06,22.0,0.0,1.0,1.0,147.8,146.6,0.0,194.6,179.7,0.0,252.9,460.0,0.0,238.3,210.4,0.0,64.1,167.0,0.0,39.3,51.3,0.0,130.0,117.5,0.0,74.1,141.0,0.0,40.7,47.5,0.0,120.5,115.2,0.0,102.0,101.6,0.0,268.5,247.1,0.0,34.8,56.7,0.0,200.1,210.0,0.0,63.1,63.7,0.0,72.5,190.7,0.0,76.9,229.6,0.0,44.5,48.5,0.0,316.2,515.4,0.0,124.7,111.5,0.0,152.7,228.4,0.0,240.1,447.8,0.0,109.7,120.2,0.0,41.2,50.6,0.0,93.4,96.1,0.0,116.4,348.3,0.0,35.8,31.2,0.0,35.3,54.3,0.0,106.3,160.4,0.0,67.5,73.8,0.0,278.9,504.4,0.0,93.1,363.5,0.0,107.9,106.7,0.0,52.8,50.4,0.0
0134900AR,155.32,800.71,14196.0,0.0,0.67,0.17,99.4,23.5,0.0,127.5,29.2,0.0,160.3,68.8,0.0,150.0,30.2,0.0,43.5,28.9,0.0,26.6,9.0,0.0,85.8,18.6,0.0,49.8,24.6,0.0,27.4,8.0,0.0,79.3,19.3,0.0,67.4,17.6,0.0,168.7,35.8,0.0,23.3,9.5,0.0,127.5,30.5,0.0,42.5,11.1,0.0,49.2,34.5,0.0,51.7,39.6,0.0,30.0,8.6,0.0,195.3,73.7,0.0,82.1,19.1,0.0,99.9,31.7,0.0,150.4,67.2,0.0,71.9,18.4,0.0,27.8,8.8,0.0,61.7,17.4,0.0,77.3,54.7,0.0,24.0,5.5,0.0,24.1,9.5,0.0,70.7,25.2,0.0,45.5,12.9,0.0,176.7,72.3,0.0,63.8,55.7,0.0,71.2,17.9,0.0,35.5,8.8,0.0
0134908AR,838.53,124.96,11.0,1.0,0.67,0.17,131.9,44.9,0.127,176.0,58.9,0.189,224.6,140.1,0.238,210.0,62.9,0.214,53.6,39.6,0.051,27.6,12.4,0.029,109.7,31.3,0.118,59.6,32.1,0.066,29.2,11.7,0.031,103.1,31.9,0.098,87.1,28.8,0.088,237.5,78.8,0.254,25.4,13.8,0.032,183.5,66.6,0.173,49.2,14.4,0.053,59.8,49.8,0.061,70.2,67.4,0.058,32.0,12.0,0.035,290.8,163.9,0.318,105.3,30.8,0.11,147.8,75.0,0.105,211.5,139.9,0.248,98.9,33.7,0.092,29.4,12.4,0.031,76.3,25.7,0.077,105.5,113.2,0.085,26.1,6.8,0.029,24.4,11.9,0.024,96.0,51.0,0.072,53.8,16.5,0.055,254.0,156.7,0.287,93.1,126.5,0.049,92.3,30.1,0.09,40.3,12.6,0.045
0134909AR,819.39,991.01,181.0,0.0,1.0,0.33,123.2,47.2,0.0,156.6,52.0,0.0,204.8,138.0,0.0,189.9,63.3,0.0,58.7,51.6,0.0,39.3,14.0,0.0,111.3,34.4,0.0,69.8,42.6,0.0,40.2,14.5,0.0,103.9,29.4,0.0,84.9,31.4,0.0,214.1,73.0,0.0,34.8,17.3,0.0,150.7,64.2,0.0,59.4,17.9,0.0,63.8,57.8,0.0,62.5,65.3,0.0,44.0,14.2,0.0,258.8,159.2,0.0,106.8,29.4,0.0,111.6,78.1,0.0,189.1,129.9,0.0,83.8,37.5,0.0,40.7,13.9,0.0,80.6,27.6,0.0,89.0,106.0,0.0,35.8,10.7,0.0,32.8,14.4,0.0,77.2,52.4,0.0,63.5,22.5,0.0,225.8,153.5,0.0,61.8,128.0,0.0,90.0,28.1,0.0,52.2,14.0,0.0
0134911AR,248.0,82.0,22323.0,0.0,0.83,0.83,123.6,60.4,0.0,163.5,69.9,0.0,207.0,176.4,0.0,201.3,87.5,0.0,51.8,87.6,0.0,31.3,31.1,0.0,112.7,53.5,0.0,61.3,76.0,0.0,33.0,32.6,0.0,101.7,59.5,0.0,86.6,53.3,0.0,218.5,94.8,0.0,28.6,40.3,0.0,162.9,71.7,0.0,51.2,38.4,0.0,60.5,101.9,0.0,66.8,94.0,0.0,36.1,31.4,0.0,253.9,200.8,0.0,105.0,54.8,0.0,120.2,71.8,0.0,200.6,173.6,0.0,96.9,50.3,0.0,33.2,30.9,0.0,79.4,52.3,0.0,94.1,133.3,0.0,29.5,24.2,0.0,27.8,32.7,0.0,85.1,59.0,0.0,55.3,39.3,0.0,222.4,193.9,0.0,75.7,117.0,0.0,91.9,54.7,0.0,43.1,32.8,0.0
0134918AR,433.18,380.6,8271.0,0.0,1.0,0.83,147.8,52.9,0.0,194.6,68.3,0.0,251.0,171.8,0.0,238.3,81.4,0.0,64.1,70.2,0.0,39.3,28.8,0.0,130.0,48.2,0.0,74.1,70.9,0.0,40.7,29.4,0.0,120.5,56.3,0.0,102.0,47.0,0.0,266.4,90.2,0.0,34.8,35.0,0.0,199.4,78.0,0.0,63.1,30.9,0.0,72.5,87.5,0.0,76.9,91.0,0.0,44.5,31.3,0.0,313.0,186.8,0.0,124.7,50.7,0.0,152.0,89.4,0.0,240.1,175.0,0.0,109.7,45.7,0.0,41.2,28.6,0.0,93.4,44.9,0.0,116.4,119.7,0.0,35.8,20.6,0.0,35.3,30.2,0.0,106.3,53.6,0.0,67.5,36.6,0.0,276.7,186.2,0.0,93.1,125.0,0.0,107.9,51.5,0.0,52.8,30.9,0.0
0134923AR,1074.88,891.67,89.0,1.0,1.0,0.83,147.8,111.7,0.127,194.6,136.6,0.189,252.9,352.8,0.238,238.3,161.2,0.214,64.1,125.8,0.051,39.3,38.7,0.029,130.0,89.9,0.118,74.1,107.8,0.066,40.7,36.1,0.031,120.5,88.5,0.098,102.0,77.4,0.088,268.5,188.1,0.254,34.8,43.9,0.032,200.1,158.1,0.173,63.1,48.5,0.053,72.5,143.7,0.061,76.9,172.4,0.058,44.5,37.0,0.035,316.2,398.7,0.318,124.7,85.5,0.11,152.7,166.1,0.105,240.1,342.9,0.248,109.7,91.1,0.092,41.2,38.4,0.031,93.4,73.3,0.077,116.4,261.4,0.085,35.8,24.2,0.029,35.3,40.8,0.024,106.3,120.2,0.072,67.5,56.0,0.055,278.9,387.0,0.287,93.1,266.2,0.049,107.9,81.5,0.09,52.8,38.6,0.045
0134924AR,953.29,441.99,26.0,0.0,1.0,0.83,147.8,146.6,0.0,194.6,179.7,0.0,252.9,460.0,0.0,238.3,210.4,0.0,64.1,167.0,0.0,39.3,49.9,0.0,130.0,117.5,0.0,74.1,141.0,0.0,40.7,42.1,0.0,120.5,115.2,0.0,102.0,101.6,0.0,268.5,247.1,0.0,34.8,50.3,0.0,200.1,210.0,0.0,63.1,62.1,0.0,72.5,190.7,0.0,76.9,229.6,0.0,44.5,45.0,0.0,316.2,515.4,0.0,124.7,111.5,0.0,152.7,228.4,0.0,240.1,447.8,0.0,109.7,120.2,0.0,41.2,49.3,0.0,93.4,96.1,0.0,116.4,348.3,0.0,35.8,24.2,0.0,35.3,52.8,0.0,106.3,160.4,0.0,67.5,73.8,0.0,278.9,504.4,0.0,93.1,363.5,0.0,107.9,106.7,0.0,52.8,47.2,0.0
0134925AR,896.93,745.06,157.0,1.0,1.0,0.67,147.8,120.6,0.127,194.6,150.3,0.189,252.9,395.0,0.238,238.3,173.3,0.214,64.1,114.9,0.051,39.3,31.4,0.029,130.0,86.6,0.118,74.1,102.5,0.066,40.7,28.4,0.031,120.5,79.0,0.098,102.0,69.0,0.088,268.5,204.0,0.254,34.8,37.9,0.032,200.1,188.4,0.173,63.1,43.4,0.053,72.5,123.2,0.061,76.9,170.0,0.058,44.5,31.7,0.035,316.2,432.4,0.318,124.7,79.1,0.11,152.7,209.1,0.105,240.1,384.3,0.248,109.7,97.8,0.092,41.2,31.2,0.031,93.4,63.0,0.077,116.4,292.5,0.085,35.8,19.3,0.029,35.3,33.0,0.024,106.3,136.3,0.072,67.5,53.2,0.055,278.9,427.5,0.287,93.1,333.8,0.049,107.9,75.4,0.09,52.8,33.2,0.045
0134931AR,969.7,582.9,47.0,0.0,1.0,1.0,147.8,146.6,0.0,194.6,179.7,0.0,252.9,460.0,0.0,238.3,210.4,0.0,64.1,167.0,0.0,39.3,51.3,0.0,130.0,117.5,0.0,74.1,141.0,0.0,40.7,47.5,0.0,120.5,115.2,0.0,102.0,101.6,0.0,268.5,247.1,0.0,34.8,56.7,0.0,200.1,210.0,0.0,63.1,63.7,0.0,72.5,190.7,0.0,76.9,229.6,0.0,44.5,48.5,0.0,316.2,515.4,0.0,124.7,111.5,0.0,152.7,228.4,0.0,240.1,447.8,0.0,109.7,120.2,0.0,41.2,50.6,0.0,93.4,96.1,0.0,116.4,348.3,0.0,35.8,31.2,0.0,35.3,54.3,0.0,106.3,160.4,0.0,67.5,73.8,0.0,278.9,504.4,0.0,93.1,363.5,0.0,107.9,106.7,0.0,52.8,50.4,0.0
0134933AR,403.7,511.93,44.0,0.0,1.0,1.0,147.8,132.8,0.0,194.6,148.9,0.0,252.9,379.6,0.0,238.3,179.4,0.0,64.1,164.6,0.0,39.3,51.3,0.0,130.0,109.8,0.0,74.1,140.3,0.0,40.7,47.5,0.0,120.5,111.2,0.0,102.0,98.1,0.0,268.5,204.1,0.0,34.8,56.7,0.0,200.1,162.1,0.0,63.1,63.7,0.0,72.5,188.7,0.0,76.9,207.2,0.0,44.5,48.5,0.0,316.2,425.2,0.0,124.7,107.7,0.0,152.7,151.6,0.0,240.1,369.8,0.0,109.7,104.1,0.0,41.2,50.6,0.0,93.4,95.1,0.0,116.4,290.3,0.0,35.8,31.2,0.0,35.3,54.3,0.0,106.3,126.6,0.0,67.5,73.4,0.0,278.9,417.6,0.0,93.1,242.1,0.0,107.9,103.1,0.0,52.8,50.4,0.0
0134934AR,839.34,528.79,6.0,0.0,1.0,1.0,147.8,146.6,0.0,194.6,179.7,0.0,252.9,460.0,0.0,238.3,210.4,0.0,64.1,167.0,0.0,39.3,51.3,0.0,130.0,117.5,0.0,74.1,141.0,0.0,40.7,47.5,0.0,120.5,115.2,0.0,102.0,101.6,0.0,268.5,247.1,0.0,34.8,56.7,0.0,200.1,210.0,0.0,63.1,63.7,0.0,72.5,190.7,0.0,76.9,229.6,0.0,44.5,48.5,0.0,316.2,515.4,0.0,124.7,111.5,0.0,152.7,222.3,0.0,240.1,447.8,0.0,109.7,120.2,0.0,41.2,50.6,0.0,93.4,96.1,0.0,116.4,348.3,0.0,35.8,31.2,0.0,35.3,54.3,0.0,106.3,160.4,0.0,67.5,73.8,0.0,278.9,504.4,0.0,93.1,356.7,0.0,107.9,106.7,0.0,52.8,50.4,0.0
0134936AR,852.06,134.85,27431.0,1.0,1.0,0.17,147.8,95.1,0.127,194.6,121.8,0.189,252.9,320.1,0.238,238.3,139.9,0.214,64.1,95.7,0.051,39.3,24.7,0.029,130.0,70.0,0.118,74.1,79.1,0.066,40.7,22.4,0.031,120.5,65.1,0.098,102.0,58.6,0.088,268.5,174.6,0.254,34.8,29.8,0.032,200.1,158.6,0.173,63.1,35.4,0.053,72.5,104.4,0.061,76.9,140.0,0.058,44.5,25.1,0.035,315.5,359.9,0.318,124.7,63.2,0.11,152.0,193.2,0.105,240.1,307.7,0.248,109.7,81.2,0.092,41.2,24.2,0.031,93.4,52.7,0.077,116.4,247.4,0.085,35.8,14.1,0.029,35.3,26.2,0.024,106.3,120.0,0.072,67.5,41.7,0.055,278.9,343.1,0.287,93.1,306.1,0.049,107.9,60.7,0.09,52.8,25.6,0.045
0134938AR,65.74,583.01,146.0,0.0,1.0,0.83,147.8,135.9,0.0,194.6,157.6,0.0,252.9,406.6,0.0,238.3,188.0,0.0,64.1,165.4,0.0,39.3,51.3,0.0,130.0,110.1,0.0,74.1,141.0,0.0,40.7,47.5,0.0,120.5,111.2,0.0,102.0,98.1,0.0,268.5,217.4,0.0,34.8,56.7,0.0,200.1,178.6,0.0,63.1,63.7,0.0,72.5,189.4,0.0,76.9,212.1,0.0,44.5,48.5,0.0,316.2,452.0,0.0,124.7,107.7,0.0,152.7,182.0,0.0,240.1,396.3,0.0,109.7,108.1,0.0,41.2,50.6,0.0,93.4,93.8,0.0,116.4,306.6,0.0,35.8,31.2,0.0,35.3,54.3,0.0,106.3,136.8,0.0,67.5,73.8,0.0,278.9,442.3,0.0,93.1,289.1,0.0,107.9,103.1,0.0,52.8,50.4,0.0
0134939AR,783.86,921.01,2099.0,0.89,1.0,1.0,137.3,123.0,0.113,181.3,146.5,0.139,236.0,373.4,0.182,222.5,176.5,0.164,60.0,165.6,0.051,37.5,51.0,0.029,120.1,109.8,0.105,69.8,141.0,0.058,40.7,46.8,0.031,113.3,111.3,0.087,93.7,99.5,0.077,250.1,204.2,0.195,34.8,56.7,0.032,184.2,158.8,0.127,61.6,63.4,0.053,67.1,186.0,0.061,70.0,195.3,0.058,43.5,48.2,0.035,297.1,416.4,0.212,116.7,107.7,0.098,139.9,161.9,0.093,223.4,363.1,0.19,99.8,101.3,0.081,40.2,50.3,0.031,85.8,93.7,0.068,105.5,270.7,0.075,35.8,31.2,0.029,33.7,53.2,0.024,96.0,124.8,0.072,63.5,73.8,0.055,260.2,401.0,0.219,83.8,260.1,0.049,99.3,102.5,0.08,51.6,50.1,0.045
0134941AR,798.06,204.33,500700.0,1.0,1.0,0.83,147.8,146.6,0.127,194.6,179.7,0.189,252.9,460.0,0.238,238.3,210.4,0.214,64.1,167.0,0.051,39.3,51.3,0.029,130.0,117.5,0.118,74.1,141.0,0.066,40.7,47.5,0.031,120.5,115.2,0.098,102.0,101.6,0.088,268.5,247.1,0.254,34.8,56.7,0.032,200.1,210.0,0.173,63.1,63.7,0.053,72.5,190.7,0.061,76.9,229.6,0.058,44.5,48.5,0.035,316.2,515.4,0.318,124.7,111.5,0.11,152.7,228.4,0.105,240.1,447.8,0.248,109.7,120.2,0.092,41.2,50.6,0.031,93.4,96.1,0.077,116.4,348.3,0.085,35.8,31.2,0.029,35.3,54.3,0.024,106.3,160.4,0.072,67.5,73.8,0.055,278.9,504.4,0.287,93.1,363.5,0.049,107.9,106.7,0.09,52.8,50.4,0.045
0134943AR,768.38,257.97,18.0,1.0,1.0,0.83,147.8,126.9,0.127,194.6,161.3,0.189,252.9,409.7,0.238,238.3,184.5,0.214,64.1,139.5,0.051,39.3,43.3,0.029,130.0,99.9,0.118,74.1,117.9,0.066,40.7,39.8,0.031,120.5,99.8,0.098,102.0,85.9,0.088,268.5,223.0,0.254,34.8,47.2,0.032,200.1,190.1,0.173,63.1,53.8,0.053,72.5,163.0,0.061,76.9,200.2,0.058,44.5,41.0,0.035,316.2,465.3,0.318,124.7,96.6,0.11,152.7,210.8,0.105,240.1,398.8,0.248,109.7,103.7,0.092,41.2,42.8,0.031,93.4,82.2,0.077,116.4,312.5,0.085,35.8,25.9,0.029,35.3,45.8,0.024,106.3,143.6,0.072,67.5,61.7,0.055,278.9,455.3,0.287,93.1,336.0,0.049,107.9,92.4,0.09,52.8,42.6,0.045
0134951AR,151.2,330.34,3969.0,0.0,0.83,0.33,94.3,27.5,0.0,109.0,29.2,0.0,135.6,75.9,0.0,139.4,34.6,0.0,45.6,32.2,0.0,30.9,11.6,0.0,87.1,21.7,0.0,56.4,28.2,0.0,32.0,10.1,0.0,84.2,19.7,0.0,67.7,18.6,0.0,144.4,39.7,0.0,28.3,12.1,0.0,100.5,32.3,0.0,47.9,13.5,0.0,54.0,38.5,0.0,49.8,39.9,0.0,34.9,11.0,0.0,165.4,82.5,0.0,81.1,18.2,0.0,71.0,31.0,0.0,128.8,71.9,0.0,66.6,19.8,0.0,32.3,10.9,0.0,68.0,19.1,0.0,58.2,54.3,0.0,30.5,7.1,0.0,27.6,11.0,0.0,53.6,27.7,0.0,51.1,14.6,0.0,144.6,81.9,0.0,43.0,54.2,0.0,71.9,18.3,0.0,42.6,10.6,0.0
0134952AR,633.17,985.76,205.0,0.0,0.83,0.17,125.6,33.4,0.0,158.0,43.3,0.0,200.9,110.6,0.0,187.4,44.5,0.0,59.5,44.8,0.0,38.5,14.0,0.0,110.2,28.6,0.0,69.1,33.6,0.0,37.7,13.3,0.0,104.2,27.0,0.0,89.5,26.1,0.0,212.5,53.2,0.0,32.2,16.4,0.0,142.6,48.3,0.0,58.8,16.8,0.0,65.0,45.0,0.0,66.0,54.8,0.0,43.7,13.6,0.0,237.3,110.4,0.0,101.6,28.5,0.0,102.0,60.3,0.0,188.7,101.1,0.0,85.9,31.7,0.0,40.4,13.6,0.0,82.0,24.6,0.0,88.2,81.8,0.0,33.1,8.6,0.0,34.7,14.9,0.0,79.7,38.6,0.0,62.9,19.6,0.0,210.1,111.7,0.0,58.8,90.6,0.0,91.2,25.6,0.0,51.7,13.3,0.0
0134953AR,112.28,426.79,2918.0,0.0,0.83,0.33,77.5,20.4,0.0,91.2,21.4,0.0,114.7,55.8,0.0,115.1,25.8,0.0,36.9,23.8,0.0,25.4,7.9,0.0,64.4,16.2,0.0,46.9,21.8,0.0,27.1,7.2,0.0,69.8,14.4,0.0,54.3,14.2,0.0,118.9,29.4,0.0,23.0,8.9,0.0,80.5,26.2,0.0,39.1,8.9,0.0,44.6,26.3,0.0,39.9,31.4,0.0,29.6,7.8,0.0,142.5,63.2,0.0,61.8,12.5,0.0,58.9,24.6,0.0,104.6,52.4,0.0,53.6,15.7,0.0,27.3,7.8,0.0,53.0,13.4,0.0,46.8,41.1,0.0,27.8,6.1,0.0,22.6,8.6,0.0,45.3,21.3,0.0,42.3,10.1,0.0,126.5,61.3,0.0,36.0,42.7,0.0,56.3,12.0,0.0,34.8,6.5,0.0
0134959AR,464.4,399.39,9652.0,0.0,1.0,0.83,147.8,119.5,0.0,194.6,133.9,0.0,252.9,336.5,0.0,238.3,165.6,0.0,64.1,165.4,0.0,39.3,51.3,0.0,130.0,111.3,0.0,74.1,141.0,0.0,40.7,47.5,0.0,120.5,112.8,0.0,102.0,100.2,0.0,268.5,178.9,0.0,34.8,56.7,0.0,200.1,124.0,0.0,63.1,63.7,0.0,72.5,190.0,0.0,76.9,196.7,0.0,44.5,48.5,0.0,316.2,362.1,0.0,124.7,107.3,0.0,152.7,115.7,0.0,240.1,315.5,0.0,109.7,97.7,0.0,41.2,50.6,0.0,93.4,94.8,0.0,116.4,237.0,0.0,35.8,31.2,0.0,35.3,54.3,0.0,106.3,105.4,0.0,67.5,73.8,0.0,278.9,343.6,0.0,93.1,184.5,0.0,107.9,104.5,0.0,52.8,50.4,0.0
0134967AR,602.32,984.73,73.0,0.0,0.67,0.33,116.6,96.2,0.0,163.6,123.1,0.0,208.0,304.4,0.0,194.9,136.2,0.0,51.0,91.6,0.0,31.3,22.2,0.0,106.1,70.4,0.0,57.3,69.0,0.0,33.0,18.3,0.0,94.7,63.5,0.0,82.1,57.0,0.0,219.4,163.0,0.0,28.6,19.1,0.0,172.5,140.4,0.0,48.6,29.2,0.0,54.4,101.4,0.0,60.1,151.6,0.0,36.1,20.3,0.0,265.6,348.9,0.0,101.0,64.3,0.0,134.5,139.0,0.0,202.1,298.9,0.0,88.3,79.5,0.0,33.2,22.0,0.0,75.3,54.0,0.0,91.7,236.6,0.0,27.5,9.2,0.0,27.8,22.5,0.0,86.8,108.4,0.0,51.7,37.9,0.0,229.4,339.0,0.0,79.9,232.6,0.0,87.2,59.9,0.0,40.9,20.2,0.0
0134968AR,1090.97,1066.17,12.0,0.0,1.0,0.83,147.8,72.1,0.0,194.6,77.3,0.0,252.9,185.8,0.0,238.3,100.4,0.0,64.1,132.1,0.0,39.3,48.2,0.0,130.0,81.7,0.0,74.1,123.4,0.0,40.7,47.5,0.0,120.5,95.7,0.0,102.0,81.7,0.0,268.5,101.1,0.0,34.8,56.7,0.0,200.1,57.7,0.0,63.1,58.1,0.0,72.5,162.0,0.0,76.9,134.6,0.0,44.5,47.6,0.0,316.2,200.2,0.004,124.7,88.6,0.0,152.7,29.7,0.0,240.1,189.9,0.0,109.7,60.0,0.0,41.2,47.6,0.0,93.4,82.2,0.0,116.4,131.3,0.0,35.8,31.2,0.0,35.3,50.9,0.0,106.3,52.0,0.0,67.5,64.3,0.0,278.9,194.2,0.0,93.1,36.6,0.0,107.9,85.2,0.0,52.8,49.5,0.0
0134970AR,883.69,262.09,115.0,0.0,1.0,1.0,147.8,130.1,0.0,194.6,161.5,0.0,252.9,412.1,0.0,238.3,188.8,0.0,64.1,153.5,0.0,39.3,47.1,0.0,130.0,105.3,0.0,74.1,131.5,0.0,40.7,46.5,0.0,120.5,104.0,0.0,102.0,91.4,0.0,268.5,219.9,0.0,34.8,56.7,0.0,200.1,186.7,0.0,63.1,58.4,0.0,72.5,171.6,0.0,76.9,204.9,0.0,44.5,46.0,0.0,316.2,461.3,0.0,124.7,100.6,0.0,152.7,208.8,0.0,240.1,401.0,0.0,109.7,109.1,0.0,41.2,46.5,0.0,93.4,86.8,0.0,116.4,310.2,0.0,35.8,31.2,0.0,35.3,49.8,0.0,106.3,142.7,0.0,67.5,67.3,0.0,278.9,442.8,0.0,93.1,336.1,0.0,107.9,96.1,0.0,52.8,47.8,0.0
0134981AR,439.57,390.93,87.0,0.0,1.0,0.83,147.8,71.0,0.0,194.6,95.3,0.0,250.3,254.7,0.0,238.3,116.8,0.0,64.1,86.5,0.0,39.3,33.2,0.0,130.0,63.2,0.0,74.1,78.2,0.0,40.7,31.3,0.0,120.5,63.3,0.0,102.0,55.2,0.0,265.7,133.4,0.0,34.8,36.2,0.0,200.1,124.5,0.0,63.1,36.8,0.0,72.5,103.3,0.0,76.9,114.3,0.0,44.5,31.6,0.0,312.1,275.3,0.0,124.7,60.5,0.0,149.8,151.3,0.0,240.1,251.2,0.0,109.7,63.8,0.0,41.2,33.0,0.0,93.4,52.8,0.0,116.4,173.4,0.0,35.8,21.3,0.0,35.3,34.9,0.0,106.3,83.8,0.0,67.5,40.5,0.0,275.3,269.1,0.0,93.1,239.3,0.0,107.9,58.5,0.0,52.8,33.2,0.0
0134982AR,949.95,507.08,33.0,0.0,1.0,0.83,147.8,146.6,0.0,194.6,179.7,0.0,252.9,460.0,0.0,238.3,210.4,0.0,64.1,167.0,0.0,39.3,50.6,0.0,130.0,117.5,0.0,74.1,141.0,0.0,40.7,44.6,0.0,120.5,115.2,0.0,102.0,101.6,0.0,268.5,247.1,0.0,34.8,53.5,0.0,200.1,210.0,0.0,63.1,63.1,0.0,72.5,190.7,0.0,76.9,229.6,0.0,44.5,47.3,0.0,316.2,515.4,0.0,124.7,111.5,0.0,152.7,228.4,0.0,240.1,447.8,0.0,109.7,120.2,0.0,41.2,49.9,0.0,93.4,96.1,0.0,116.4,348.3,0.0,35.8,25.1,0.0,35.3,53.5,0.0,106.3,160.4,0.0,67.5,73.8,0.0,278.9,504.4,0.0,93.1,363.5,0.0,107.9,106.7,0.0,52.8,49.1,0.0
0134984AR,355.74,407.34,1110.0,0.0,1.0,0.0,147.8,60.5,0.0,194.6,78.2,0.0,252.9,199.3,0.0,238.3,87.5,0.0,64.1,53.8,0.0,39.3,10.5,0.0,130.0,40.4,0.0,74.1,36.3,0.0,40.7,9.5,0.0,120.5,31.1,0.0,102.0,29.8,0.0,268.5,110.7,0.0,34.8,10.4,0.0,200.1,106.7,0.0,63.1,13.2,0.0,72.5,51.3,0.0,76.9,95.0,0.0,44.5,9.4,0.0,316.2,237.8,0.0,124.7,35.2,0.0,152.7,132.9,0.0,240.1,191.9,0.0,109.7,50.3,0.0,41.2,11.6,0.0,93.4,27.1,0.0,116.4,170.9,0.0,35.8,5.9,0.0,35.3,12.7,0.0,106.3,76.8,0.0,67.5,19.4,0.0,278.9,225.4,0.0,93.1,219.0,0.0,107.9,30.7,0.0,52.8,9.6,0.0
0134985AR,809.38,189.83,42.0,1.0,1.0,0.5,147.8,134.5,0.127,194.6,168.3,0.189,252.9,433.4,0.238,238.3,197.5,0.214,64.1,140.0,0.051,39.3,37.2,0.029,130.0,106.5,0.118,74.1,114.9,0.066,40.7,33.0,0.031,120.5,95.8,0.098,102.0,86.0,0.088,268.5,230.9,0.254,34.8,39.8,0.032,200.1,205.7,0.173,63.1,48.6,0.053,72.5,155.3,0.061,76.9,207.8,0.058,44.5,34.7,0.035,316.2,490.9,0.318,124.7,93.7,0.11,152.7,228.1,0.105,240.1,422.8,0.248,109.7,113.1,0.092,41.2,36.7,0.031,93.4,79.3,0.077,116.4,334.4,0.085,35.8,18.9,0.029,35.3,39.1,0.024,106.3,156.3,0.072,67.5,60.2,0.055,278.9,479.0,0.287,93.1,362.7,0.049,107.9,89.7,0.09,52.8,36.4,0.045
0134987AR,882.84,83.29,546357.0,1.0,0.33,0.33,72.5,42.8,0.127,95.0,50.1,0.189,125.4,120.9,0.238,118.0,57.8,0.214,24.9,58.5,0.051,13.3,18.5,0.029,52.6,36.2,0.118,29.5,47.0,0.066,14.0,17.1,0.031,48.9,33.3,0.098,41.1,34.9,0.088,130.6,66.3,0.254,12.1,20.6,0.032,102.8,55.5,0.173,23.1,19.6,0.053,28.1,61.4,0.061,34.3,70.2,0.058,15.3,16.5,0.035,163.9,136.7,0.318,50.6,34.0,0.11,82.4,59.2,0.105,117.8,118.1,0.248,51.5,36.7,0.092,14.1,18.1,0.031,37.7,30.2,0.077,54.5,101.9,0.085,11.8,10.9,0.029,11.9,20.1,0.024,49.1,47.1,0.072,26.6,25.0,0.055,142.7,131.9,0.287,50.2,98.2,0.049,43.6,31.9,0.09,18.9,17.0,0.045
0134990AR,1020.0,689.04,5.0,0.31,1.0,1.0,147.8,128.1,0.039,194.6,153.3,0.081,252.9,390.0,0.089,238.3,183.4,0.08,64.1,167.0,0.01,39.3,51.3,0.01,130.0,112.8,0.036,74.1,141.0,0.024,40.7,47.5,0.006,120.5,115.2,0.03,102.0,101.6,0.032,268.5,212.2,0.095,34.8,56.7,0.011,200.1,165.9,0.074,63.1,63.7,0.01,72.5,190.7,0.011,76.9,209.8,0.011,44.5,48.5,0.007,316.2,434.6,0.149,124.7,110.2,0.034,152.7,170.3,0.032,240.1,379.3,0.093,109.7,105.8,0.033,41.2,50.6,0.01,93.4,96.1,0.028,116.4,285.1,0.031,35.8,31.2,0.01,35.3,54.3,0.008,106.3,131.1,0.013,67.5,73.8,0.01,278.9,427.8,0.107,93.1,271.5,0.016,107.9,106.7,0.027,52.8,50.4,0.008
0134991AR,205.63,869.82,414.0,0.0,0.83,0.17,138.1,30.6,0.0,177.2,35.7,0.0,221.2,92.2,0.0,214.7,40.5,0.0,60.7,32.9,0.0,33.4,9.0,0.0,122.2,24.0,0.0,70.2,25.4,0.0,34.6,8.0,0.0,113.0,22.4,0.0,95.9,18.9,0.0,238.6,46.8,0.0,29.7,9.5,0.0,181.5,45.1,0.0,57.8,11.1,0.0,68.6,36.9,0.0,73.7,46.0,0.0,37.9,8.6,0.0,271.1,102.3,0.0,117.2,21.7,0.0,136.8,48.0,0.0,216.3,90.1,0.0,103.7,24.5,0.0,35.0,8.8,0.0,85.3,18.6,0.0,109.4,75.9,0.0,29.8,5.2,0.0,30.0,9.5,0.0,99.8,34.6,0.0,64.0,13.3,0.0,242.4,97.8,0.0,86.6,83.1,0.0,101.5,20.8,0.0,48.4,8.8,0.0
0135011AR,974.11,519.17,11.0,0.0,1.0,1.0,147.8,146.6,0.0,194.6,179.7,0.0,252.9,460.0,0.0,238.3,210.4,0.0,64.1,167.0,0.0,39.3,51.3,0.0,130.0,117.5,0.0,74.1,141.0,0.0,40.7,47.5,0.0,120.5,115.2,0.0,102.0,101.6,0.0,268.5,247.1,0.0,34.8,56.7,0.0,200.1,210.0,0.0,63.1,63.7,0.0,72.5,190.7,0.0,76.9,229.6,0.0,44.5,48.5,0.0,316.2,515.4,0.0,124.7,111.5,0.0,152.7,228.4,0.0,240.1,447.8,0.0,109.7,120.2,0.0,41.2,50.6,0.0,93.4,96.1,0.0,116.4,348.3,0.0,35.8,31.2,0.0,35.3,54.3,0.0,106.3,160.4,0.0,67.5,73.8,0.0,278.9,504.4,0.0,93.1,363.5,0.0,107.9,106.7,0.0,52.8,50.4,0.0
0135013AR,804.41,46.44,656.0,1.0,1.0,1.0,138.5,0.0,0.127,176.4,0.0,0.189,203.8,0.0,0.238,213.3,0.0,0.214,64.1,0.0,0.051,39.3,0.0,0.029,127.4,0.0,0.118,74.1,0.0,0.066,40.7,4.2,0.031,117.5,0.0,0.098,102.0,0.0,0.088,231.7,0.0,0.254,34.8,2.7,0.032,182.2,0.0,0.173,63.1,0.0,0.053,72.5,0.0,0.061,76.9,0.0,0.058,44.5,0.0,0.035,256.1,0.0,0.318,122.1,0.0,0.11,136.6,0.0,0.105,214.9,0.0,0.248,108.2,0.0,0.092,41.2,0.0,0.031,93.4,0.0,0.077,111.2,0.0,0.085,35.8,10.0,0.029,35.3,0.0,0.024,100.7,0.0,0.072,67.5,0.0,0.055,224.7,0.0,0.287,91.1,0.0,0.049,107.9,0.0,0.09,52.8,2.6,0.045
0135015AR,230.07,137.89,152.0,0.0,0.67,0.17,60.5,23.3,0.0,77.7,25.9,0.0,100.0,65.8,0.0,90.5,29.5,0.0,30.3,23.9,0.0,19.6,7.0,0.0,48.6,18.1,0.0,37.3,20.7,0.0,21.8,7.9,0.0,53.9,16.2,0.0,43.1,13.7,0.0,102.1,35.0,0.0,19.0,10.2,0.0,67.6,31.9,0.0,31.6,8.5,0.0,35.0,26.7,0.0,30.8,34.6,0.0,22.9,7.7,0.0,113.7,80.7,0.0,49.0,18.2,0.0,47.3,37.6,0.0,88.8,61.9,0.0,40.1,17.9,0.0,21.0,7.0,0.0,40.1,13.7,0.0,32.9,56.8,0.0,19.6,4.6,0.0,17.2,7.0,0.0,30.9,26.7,0.0,33.5,10.7,0.0,104.4,79.5,0.0,27.4,60.8,0.0,45.8,14.7,0.0,28.2,7.1,0.0
0135016AR,1037.22,753.48,16.0,1.0,1.0,0.83,147.8,142.1,0.127,194.6,168.7,0.189,252.9,423.5,0.238,238.3,197.1,0.214,64.1,158.6,0.051,39.3,47.1,0.029,130.0,114.5,0.118,74.1,131.5,0.066,40.7,43.1,0.031,120.5,108.3,0.098,102.0,96.7,0.088,268.5,226.5,0.254,34.8,54.3,0.032,200.1,184.2,0.173,63.1,58.7,0.053,72.5,177.4,0.061,76.9,225.4,0.058,44.5,45.7,0.035,316.2,470.5,0.318,124.7,106.7,0.11,152.7,185.8,0.105,240.1,412.1,0.248,109.7,118.8,0.092,41.2,46.5,0.031,93.4,88.6,0.077,116.4,322.4,0.085,35.8,26.8,0.029,35.3,49.8,0.024,106.3,144.8,0.072,67.5,68.7,0.055,278.9,460.4,0.287,93.1,299.6,0.049,107.9,101.6,0.09,52.8,46.5,0.045
0135029AR,340.16,416.58,52.0,0.0,1.0,0.0,147.8,60.2,0.0,194.6,78.9,0.0,252.9,201.1,0.0,238.3,82.8,0.0,64.1,50.9,0.0,39.3,12.2,0.0,130.0,38.2,0.0,74.1,35.7,0.0,40.7,10.4,0.0,120.5,33.9,0.0,102.0,29.7,0.0,268.5,107.1,0.0,34.8,9.6,0.0,200.1,106.3,0.0,63.1,17.2,0.0,72.5,54.8,0.0,76.9,92.3,0.0,44.5,10.6,0.0,316.2,232.5,0.0,124.7,34.7,0.0,152.7,143.7,0.0,240.1,192.0,0.0,109.7,48.4,0.0,41.2,11.9,0.0,93.4,27.9,0.0,116.4,164.9,0.0,35.8,5.7,0.0,35.3,13.1,0.0,106.3,80.2,0.0,67.5,19.0,0.0,278.9,232.6,0.0,93.1,235.8,0.0,107.9,33.1,0.0,52.8,10.2,0.0
0135036AR,153.54,324.51,4028.0,0.0,0.83,0.33,103.7,26.7,0.0,135.5,27.8,0.0,164.1,71.6,0.0,157.2,34.3,0.0,49.3,35.8,0.0,31.8,10.6,0.0,98.3,21.3,0.0,61.3,32.3,0.0,33.4,14.1,0.0,93.6,23.5,0.0,76.1,21.6,0.0,175.0,39.3,0.0,29.0,17.3,0.0,125.3,27.9,0.0,53.4,15.6,0.0,58.1,41.0,0.0,52.7,40.1,0.0,36.5,12.9,0.0,200.1,80.4,0.0,94.3,20.6,0.0,89.9,29.7,0.0,158.3,68.1,0.0,73.4,19.5,0.0,32.8,10.6,0.0,73.2,21.6,0.0,73.9,52.9,0.0,30.5,9.2,0.0,28.5,10.8,0.0,66.5,23.2,0.0,55.6,16.7,0.0,175.4,77.8,0.0,52.2,51.2,0.0,80.8,21.8,0.0,45.0,13.0,0.0
0135037AR,819.53,176.47,4.0,1.0,1.0,0.33,147.8,112.1,0.127,194.6,141.8,0.189,252.9,360.6,0.238,238.3,159.9,0.214,64.1,114.0,0.051,39.3,33.0,0.029,130.0,82.2,0.118,74.1,91.3,0.066,40.7,27.0,0.031,120.5,76.4,0.098,102.0,69.2,0.088,268.5,193.7,0.254,34.8,31.1,0.032,200.1,174.2,0.173,63.1,39.2,0.053,72.5,123.7,0.061,76.9,167.1,0.058,44.5,29.2,0.035,316.2,409.3,0.318,124.7,76.0,0.11,152.7,203.4,0.105,240.1,353.0,0.248,109.7,92.6,0.092,41.2,32.4,0.031,93.4,63.5,0.077,116.4,279.1,0.085,35.8,15.4,0.029,35.3,34.0,0.024,106.3,130.3,0.072,67.5,48.0,0.055,278.9,400.9,0.287,93.1,325.3,0.049,107.9,72.9,0.09,52.8,29.8,0.045
0135040AR,922.59,406.63,22.0,0.0,1.0,0.83,147.8,146.6,0.0,194.6,177.6,0.0,252.9,448.1,0.0,238.3,208.3,0.0,64.1,167.0,0.0,39.3,51.3,0.0,130.0,117.5,0.0,74.1,141.0,0.0,40.7,47.5,0.0,120.5,115.2,0.0,102.0,101.6,0.0,268.5,241.5,0.0,34.8,56.7,0.0,200.1,192.0,0.0,63.1,63.7,0.0,72.5,190.7,0.0,76.9,229.6,0.0,44.5,48.5,0.0,316.2,495.4,0.0,124.7,111.5,0.0,152.7,195.9,0.0,240.1,436.2,0.0,109.7,120.2,0.0,41.2,50.6,0.0,93.4,96.1,0.0,116.4,336.8,0.0,35.8,31.2,0.0,35.3,54.3,0.0,106.3,150.7,0.0,67.5,73.8,0.0,278.9,480.8,0.0,93.1,308.0,0.0,107.9,106.7,0.0,52.8,50.4,0.0
0135041AR,211.45,789.63,75.0,0.0,0.67,0.0,129.7,2.0,0.0,166.5,3.5,0.0,214.4,10.0,0.0,197.6,2.6,0.0,51.2,0.0,0.0,30.1,0.0,0.0,104.3,0.7,0.0,58.9,0.0,0.0,31.1,0.0,0.0,99.4,0.0,0.0,81.9,0.0,0.0,227.0,5.3,0.0,26.5,0.0,0.0,165.5,4.4,0.0,51.6,0.0,0.0,57.9,0.0,0.0,69.2,2.6,0.0,34.0,0.0,0.0,262.7,11.4,0.0,100.0,0.7,0.0,134.0,7.7,0.0,199.1,8.8,0.0,91.7,1.4,0.0,31.5,0.0,0.0,71.9,0.0,0.0,97.4,6.8,0.0,27.9,0.0,0.0,27.2,0.0,0.0,89.0,4.2,0.0,53.8,0.0,0.0,236.4,11.0,0.0,80.7,9.4,0.0,86.6,0.0,0.0,43.1,0.0,0.0
0292953AR,735.73,849.84,51.0,1.0,1.0,0.67,147.8,45.9,0.127,194.6,56.2,0.189,252.9,139.8,0.238,238.3,69.0,0.214,64.1,59.6,0.051,39.3,22.2,0.029,130.0,41.4,0.118,74.1,58.3,0.066,40.7,23.3,0.031,120.5,44.0,0.098,102.0,36.7,0.088,268.5,73.5,0.254,34.8,27.6,0.032,200.1,62.4,0.173,63.1,26.5,0.053,72.5,67.4,0.061,76.9,80.7,0.058,44.5,21.5,0.035,316.2,150.2,0.318,124.7,40.9,0.11,152.7,62.6,0.105,240.1,142.1,0.248,109.7,41.0,0.092,41.2,22.0,0.031,93.4,34.7,0.077,116.4,101.8,0.085,35.8,17.8,0.029,35.3,22.5,0.024,106.3,46.1,0.072,67.5,30.6,0.055,278.9,148.2,0.287,93.1,101.4,0.049,107.9,38.6,0.09,52.8,21.7,0.045
0314475AR,756.98,268.26,112.0,1.0,1.0,0.67,147.8,105.1,0.127,194.6,132.2,0.189,252.9,338.4,0.227,238.3,154.6,0.204,64.1,115.8,0.051,39.3,35.4,0.029,130.0,83.1,0.118,74.1,96.8,0.066,40.7,32.7,0.031,120.5,79.7,0.098,102.0,70.3,0.088,268.5,182.0,0.242,34.8,38.8,0.032,200.1,162.7,0.173,63.1,43.8,0.053,72.5,131.5,0.061,76.9,164.4,0.058,44.5,33.4,0.035,316.2,384.0,0.302,124.7,77.2,0.11,152.7,181.3,0.105,240.1,329.1,0.237,109.7,87.3,0.092,41.2,34.9,0.031,93.4,66.1,0.077,116.4,258.8,0.085,35.8,21.3,0.029,35.3,37.5,0.024,106.3,122.0,0.072,67.5,50.8,0.055,278.9,376.2,0.273,93.1,289.9,0.049,107.9,74.0,0.09,52.8,34.6,0.045
0330769AR,339.38,532.22,49644.0,0.0,1.0,1.0,147.8,146.6,0.0,194.6,179.7,0.0,252.9,460.0,0.0,238.3,210.4,0.0,64.1,167.0,0.0,39.3,51.3,0.0,130.0,117.5,0.0,74.1,141.0,0.0,40.7,47.5,0.0,120.5,115.2,0.0,102.0,101.6,0.0,268.5,247.1,0.0,34.8,56.7,0.0,200.1,206.1,0.0,63.1,63.7,0.0,72.5,190.7,0.0,76.9,229.6,0.0,44.5,48.5,0.0,316.2,514.7,0.0,124.7,111.5,0.0,152.7,212.8,0.0,240.1,447.8,0.0,109.7,120.2,0.0,41.2,50.6,0.0,93.4,96.1,0.0,116.4,348.3,0.0,35.8,31.2,0.0,35.3,54.3,0.0,106.3,160.4,0.0,67.5,73.8,0.0,278.9,503.6,0.0,93.1,341.5,0.0,107.9,106.7,0.0,52.8,50.4,0.0
