tree_id,species,tile,height_m,crown_area_m2,crown_diam_m,crown_base_m,gap_fraction,lai_proxy,n_points,inner,flag
0007387AR,Jacaranda mimosifolia,431586,4.11,6.5,2.88,2.71,0.496,1.4,131,True,ok
0057749AR,Platanus × acerifolia,431586,19.28,77.8,9.95,10.84,0.263,2.67,3597,True,ok
0057886AR,Platanus × acerifolia,431586,18.71,50.0,7.98,10.98,0.229,2.95,2033,False,tile_edge
0057914AR,Platanus × acerifolia,431586,16.51,4.0,2.26,9.22,0.161,3.65,188,False,tile_edge
0057989AR,Platanus × acerifolia,431586,18.51,19.0,4.92,11.96,0.118,4.27,745,True,ok
0058011AR,Platanus × acerifolia,431586,19.58,61.8,8.87,9.62,0.206,3.16,2855,True,ok
0058073AR,Platanus × acerifolia,431586,17.17,16.0,4.51,10.5,0.338,2.17,700,True,ok
0058103AR,Platanus × acerifolia,431586,19.34,23.2,5.44,10.51,0.151,3.78,993,True,ok
0058139AR,Platanus × acerifolia,431586,18.02,29.5,6.13,10.69,0.284,2.51,1298,True,ok
0058147AR,Platanus × acerifolia,431586,19.77,34.5,6.63,10.78,0.174,3.5,1568,True,ok
0058205AR,Platanus × acerifolia,431586,19.9,37.2,6.89,11.09,0.2,3.22,1459,True,ok
0058434AR,Platanus × acerifolia,431586,18.87,58.8,8.65,8.64,0.191,3.31,1979,True,ok
0058437AR,Platanus × acerifolia,431586,17.92,3.0,1.95,10.81,0.192,3.3,131,False,tile_edge
0058444AR,Platanus × acerifolia,431586,17.62,10.0,3.57,11.06,0.206,3.16,293,True,ok
0058487AR,Platanus × acerifolia,431586,20.49,89.8,10.69,10.86,0.227,2.96,4439,True,ok
0058570AR,Platanus × acerifolia,431586,19.32,27.0,5.86,12.4,0.161,3.66,1129,True,ok
0058594AR,Platanus × acerifolia,431586,19.31,51.8,8.12,11.9,0.231,2.93,2284,True,ok
0058607AR,Platanus × acerifolia,431586,19.56,46.2,7.67,11.88,0.248,2.79,2050,True,ok
0058632AR,Platanus × acerifolia,431586,15.86,2.0,1.6,10.22,0.325,2.25,70,False,tile_edge
0128239AR,Styphnolobium japonicum,431586,8.86,12.5,3.99,4.68,0.2,3.22,205,True,ok
0128240AR,Cupressus sempervirens,431586,7.1,0.2,0.56,3.29,0.0,7.82,12,True,no_crown_detected
0128241AR,Melia azedarach,431586,8.22,29.8,6.15,4.4,0.323,2.26,1094,True,ok
0128244AR,Jacaranda mimosifolia,431586,8.18,85.0,10.4,4.56,0.309,2.35,1519,True,ok
0128246AR,Melia azedarach,431586,,0.0,0.0,,,,0,True,no_crown_detected
0128249AR,Populus alba,431586,9.37,3.5,2.11,4.2,0.218,3.04,210,True,ok
0128251AR,Platanus × acerifolia,431586,15.41,109.0,11.78,7.98,0.288,2.49,2821,True,ok
0128253AR,Platanus × acerifolia,431586,21.65,62.8,8.94,10.36,0.159,3.67,1511,True,ok
0128254AR,Robinia pseudoacacia,431586,9.57,6.2,2.82,5.61,0.083,4.97,120,True,ok
0128255AR,Platanus × acerifolia,431586,17.21,56.5,8.48,9.36,0.268,2.63,1329,True,ok
0128256AR,Platanus × acerifolia,431586,16.06,116.8,12.19,7.87,0.246,2.8,3049,True,ok
0128257AR,Grevillea robusta,431586,7.93,17.2,4.69,3.37,0.256,2.73,356,True,ok
0128258AR,Brachychiton populneus,431586,12.12,15.5,4.44,3.7,0.243,2.83,358,True,ok
0128261AR,Jacaranda mimosifolia,431586,5.58,31.5,6.33,3.57,0.437,1.66,591,True,ok
0128262AR,Platanus × acerifolia,431586,15.89,22.5,5.35,9.96,0.259,2.7,544,True,ok
0128266AR,Platanus × acerifolia,431586,17.33,103.8,11.49,8.28,0.244,2.82,2565,True,ok
0128267AR,Grevillea robusta,431586,15.55,19.0,4.92,4.47,0.22,3.03,509,True,ok
0128270AR,Platanus × acerifolia,431586,14.87,88.2,10.6,5.84,0.192,3.3,2377,True,ok
0128274AR,Platanus × acerifolia,431586,20.45,95.8,11.04,10.34,0.146,3.85,2560,True,ok
0128276AR,Prunus cerasifera,431586,6.2,9.5,3.48,3.34,0.217,3.06,226,True,ok
0128277AR,Styphnolobium japonicum,431586,9.35,34.0,6.58,4.7,0.24,2.86,1045,True,ok
0128278AR,Styphnolobium japonicum,431586,12.69,22.8,5.38,6.26,0.071,5.28,407,True,ok
0128281AR,Platanus × acerifolia,431586,10.62,3.8,2.19,6.67,0.4,1.83,70,True,ok
0128284AR,Cupressus sempervirens,431586,9.15,2.2,1.69,2.03,0.082,5.01,99,False,tile_edge
0128285AR,Platanus × acerifolia,431586,8.43,1.2,1.26,5.13,0.333,2.2,24,True,no_crown_detected
0128286AR,Robinia pseudoacacia,431586,19.46,34.0,6.58,5.38,0.398,1.84,1368,True,ok
0128287AR,Platanus × acerifolia,431586,13.44,21.0,5.17,8.37,0.284,2.52,462,True,ok
0128288AR,Styphnolobium japonicum,431586,11.73,48.2,7.84,6.73,0.122,4.21,862,True,ok
0128290AR,Robinia pseudoacacia,431586,9.12,5.5,2.65,7.07,0.288,2.49,80,True,ok
0128291AR,Cercis siliquastrum,431586,11.0,6.5,2.88,5.32,0.31,2.35,200,True,ok
0128292AR,Platanus × acerifolia,431586,16.37,68.0,9.3,8.14,0.152,3.76,1640,True,ok
0128294AR,Celtis australis,431586,21.11,41.8,7.29,6.26,0.328,2.23,768,True,ok
0128295AR,Brachychiton populneus,431586,7.23,4.5,2.39,4.58,0.0,7.82,34,True,few_points
0128298AR,Styphnolobium japonicum,431586,15.51,39.0,7.05,10.74,0.101,4.58,652,True,ok
0128299AR,Jacaranda mimosifolia,431586,11.16,46.5,7.69,6.01,0.212,3.11,978,True,ok
0128303AR,Grevillea robusta,431586,5.81,2.0,1.6,2.03,0.309,2.35,55,True,ok
0128306AR,Ligustrum lucidum,431586,6.92,19.2,4.95,4.72,0.389,1.89,459,True,ok
0128308AR,Jacaranda mimosifolia,431586,10.86,2.0,1.6,7.71,0.091,4.8,50,True,ok
0128310AR,Platanus × acerifolia,431586,16.95,2.2,1.69,11.2,0.15,3.79,60,True,ok
0128313AR,Styphnolobium japonicum,431586,12.1,5.0,2.52,7.84,0.056,5.78,90,True,ok
0128315AR,Platanus × acerifolia,431586,14.85,67.5,9.27,6.4,0.264,2.66,3736,True,ok
0128317AR,Tipuana tipu,431586,8.04,5.5,2.65,3.52,0.269,2.63,108,True,ok
0128319AR,Tipuana tipu,431586,12.36,48.5,7.86,5.95,0.311,2.33,1488,True,ok
0128321AR,Jacaranda mimosifolia,431586,12.91,41.0,7.23,7.17,0.165,3.61,729,True,ok
0128323AR,Platanus × acerifolia,431586,16.11,4.8,2.46,8.79,0.184,3.39,136,True,ok
0128324AR,Styphnolobium japonicum,431586,12.77,19.5,4.98,8.05,0.049,6.05,309,True,ok
0128326AR,Platanus × acerifolia,431586,17.3,61.5,8.85,9.23,0.22,3.03,1513,True,ok
0128328AR,Jacaranda mimosifolia,431586,9.4,28.8,6.05,4.94,0.149,3.8,495,True,ok
0128329AR,Melia azedarach,431586,,0.0,0.0,,,,0,True,no_crown_detected
0128331AR,Robinia pseudoacacia,431586,10.24,8.2,3.24,6.92,0.283,2.52,127,True,ok
0128332AR,Styphnolobium japonicum,431586,19.69,67.5,9.27,5.08,0.095,4.71,2224,True,ok
0128335AR,Platanus × acerifolia,431586,13.13,39.5,7.09,6.88,0.161,3.65,830,True,ok
0128337AR,Prunus cerasifera,431586,4.31,2.5,1.78,2.87,0.441,1.64,85,True,ok
0128342AR,Platanus × acerifolia,431586,16.06,9.8,3.52,7.35,0.189,3.33,336,True,ok
0128343AR,Platanus × acerifolia,431586,18.56,4.2,2.33,11.48,0.192,3.3,186,True,ok
0128345AR,Melia azedarach,431586,12.04,19.0,4.92,8.16,0.308,2.35,383,True,ok
0128347AR,Platanus × acerifolia,431586,13.78,108.0,11.73,5.51,0.218,3.04,2488,True,ok
0128350AR,Platanus × acerifolia,431586,20.25,117.0,12.21,9.27,0.176,3.47,2835,True,ok
0128354AR,Platanus × acerifolia,431586,18.1,51.5,8.1,8.72,0.134,4.02,1233,True,ok
0128358AR,Acer campestre,431586,7.5,3.0,1.95,4.14,0.22,3.03,79,True,ok
0128362AR,Grevillea robusta,431586,6.31,4.5,2.39,3.75,0.387,1.9,106,True,ok
0128364AR,Styphnolobium japonicum,431586,8.37,27.5,5.92,5.1,0.182,3.41,336,True,ok
0128367AR,Prunus cerasifera,431586,4.4,4.5,2.39,1.63,0.385,1.91,123,True,ok
0128368AR,Styphnolobium japonicum,431586,12.95,2.5,1.78,9.37,0.044,6.23,45,True,few_points
0128369AR,Brachychiton populneus,431586,9.34,12.2,3.95,4.91,0.218,3.04,174,True,ok
0128371AR,Acer campestre,431586,6.6,9.8,3.52,4.12,0.357,2.06,352,True,ok
0128372AR,Styphnolobium japonicum,431586,9.72,23.8,5.5,5.97,0.136,3.99,411,True,ok
0128373AR,Tipuana tipu,431586,13.2,84.5,10.37,6.3,0.148,3.83,1985,True,ok
0128375AR,Grevillea robusta,431586,11.63,26.8,5.84,4.51,0.313,2.33,1215,True,ok
0128376AR,Prunus cerasifera,431586,3.82,3.5,2.11,1.9,0.432,1.68,93,True,ok
0128377AR,Platanus × acerifolia,431586,14.77,70.5,9.47,8.27,0.328,2.23,1562,True,ok
0128380AR,Styphnolobium japonicum,431586,14.34,42.8,7.38,8.71,0.044,6.24,657,True,ok
0128382AR,Styphnolobium japonicum,431586,9.64,21.0,5.17,6.15,0.041,6.37,314,True,ok
0128388AR,Melia azedarach,431586,,0.0,0.0,,,,0,True,no_crown_detected
0128390AR,Brachychiton populneus,431586,13.96,21.8,5.26,6.41,0.194,3.28,558,True,ok
0128391AR,Styphnolobium japonicum,431586,16.96,50.2,8.0,11.42,0.08,5.06,965,True,ok
0128392AR,Brachychiton populneus,431586,8.06,29.8,6.15,3.66,0.273,2.6,359,True,ok
0128395AR,Robinia pseudoacacia,431586,12.78,62.0,8.88,7.22,0.167,3.58,1154,True,ok
0128396AR,Melia azedarach,431586,5.12,5.5,2.65,3.28,0.468,1.52,109,True,ok
0128397AR,Grevillea robusta,431586,8.35,13.8,4.18,3.27,0.31,2.34,306,True,ok
0128403AR,Celtis australis,431586,19.64,98.2,11.18,5.64,0.193,3.29,1755,True,ok
0128408AR,Platanus × acerifolia,431586,18.74,129.0,12.82,8.9,0.198,3.24,3340,True,ok
0128411AR,Grevillea robusta,431586,12.31,29.8,6.15,3.6,0.241,2.85,856,True,ok
0128414AR,Jacaranda mimosifolia,431586,12.95,83.2,10.3,6.83,0.09,4.82,1358,True,ok
0128415AR,Grevillea robusta,431586,7.38,7.0,2.99,3.19,0.383,1.92,167,True,ok
0128420AR,Robinia pseudoacacia,431586,20.46,63.8,9.01,6.16,0.145,3.86,2122,True,ok
0128422AR,Styphnolobium japonicum,431586,12.37,29.8,6.15,7.34,0.168,3.56,523,True,ok
0128423AR,Styphnolobium japonicum,431586,14.28,39.5,7.09,9.36,0.123,4.2,742,True,ok
0128424AR,Styphnolobium japonicum,431586,13.86,58.5,8.63,7.28,0.076,5.15,893,True,ok
0128426AR,Robinia pseudoacacia,431586,21.04,62.8,8.94,7.61,0.103,4.55,1818,True,ok
0128427AR,Platanus × acerifolia,431586,16.1,113.2,12.01,8.39,0.277,2.57,2868,True,ok
0128429AR,Melia azedarach,431586,,0.0,0.0,,,,0,True,no_crown_detected
0128432AR,Brachychiton populneus,431586,14.21,20.5,5.11,3.28,0.213,3.09,286,True,ok
0128433AR,Celtis australis,431586,10.5,15.8,4.48,4.65,0.205,3.17,337,True,ok
0128434AR,Jacaranda mimosifolia,431586,12.07,17.2,4.69,6.7,0.071,5.3,354,True,ok
0128436AR,Populus nigra,431586,15.81,60.2,8.76,4.45,0.224,2.99,1353,True,ok
0128437AR,Brachychiton populneus,431586,8.33,9.5,3.48,3.72,0.331,2.21,151,True,ok
0128439AR,Platanus × acerifolia,431586,13.72,31.0,6.28,6.32,0.284,2.52,786,True,ok
0128440AR,Cupressus sempervirens,431586,13.32,6.2,2.82,2.98,0.172,3.52,340,True,ok
0128442AR,Populus alba,431586,12.78,16.0,4.51,4.48,0.226,2.97,934,True,ok
0128445AR,Citrus × aurantium,431586,13.5,10.2,3.61,3.48,0.368,2.0,174,True,ok
0128446AR,Jacaranda mimosifolia,431586,10.76,51.5,8.1,4.83,0.172,3.52,920,True,ok
0128447AR,Platanus × acerifolia,431586,10.13,2.8,1.87,5.8,0.295,2.44,61,True,ok
0128448AR,Styphnolobium japonicum,431586,12.08,24.8,5.61,7.74,0.2,3.22,461,True,ok
0128450AR,Platanus × acerifolia,431586,14.73,42.2,7.33,5.32,0.207,3.15,2289,True,ok
0128451AR,Styphnolobium japonicum,431586,13.76,24.0,5.53,5.95,0.161,3.65,460,True,ok
0128452AR,Platanus × acerifolia,431586,16.25,62.5,8.92,7.8,0.222,3.01,1498,True,ok
0128453AR,Tipuana tipu,431586,11.34,93.5,10.91,4.86,0.155,3.73,1868,True,ok
0128454AR,Styphnolobium japonicum,431586,11.43,59.8,8.72,4.33,0.35,2.1,2071,True,ok
0128456AR,Styphnolobium japonicum,431586,12.39,45.0,7.57,6.75,0.041,6.4,857,True,ok
0128457AR,Platanus × acerifolia,431586,13.44,66.8,9.22,8.74,0.348,2.11,1627,True,ok
0128460AR,Grevillea robusta,431586,15.11,24.5,5.59,2.7,0.178,3.45,691,True,ok
0128461AR,Celtis australis,431586,,0.0,0.0,,,,0,True,no_crown_detected
0128463AR,Brachychiton populneus,431586,6.06,7.2,3.04,3.44,0.361,2.04,83,True,ok
0128468AR,Platanus × acerifolia,431586,10.15,20.2,5.08,5.26,0.327,2.24,447,True,ok
0128469AR,Tipuana tipu,431586,13.36,84.8,10.39,7.15,0.288,2.49,1689,True,ok
0128473AR,Grevillea robusta,431586,6.53,10.0,3.57,3.17,0.303,2.39,198,True,ok
0128477AR,Melia azedarach,431586,10.82,71.2,9.52,5.5,0.216,3.07,1283,True,ok
0128481AR,Platanus × acerifolia,431586,11.89,18.2,4.82,6.55,0.404,1.81,411,True,ok
0128485AR,Brachychiton populneus,431586,8.15,19.0,4.92,4.42,0.363,2.03,682,True,ok
0128488AR,Celtis australis,431586,8.15,77.5,9.93,2.42,0.212,3.1,1690,True,ok
0128490AR,Brachychiton populneus,431586,7.37,7.2,3.04,4.88,0.021,7.7,47,True,few_points
0128499AR,Platanus × acerifolia,431586,16.08,58.2,8.61,8.59,0.317,2.3,1421,True,ok
0128502AR,Robinia pseudoacacia,431586,12.38,19.8,5.01,4.56,0.296,2.44,811,False,tile_edge
0128503AR,Ligustrum lucidum,431586,16.91,26.5,5.81,3.66,0.341,2.15,1270,True,ok
0128504AR,Acer campestre,431586,3.8,2.5,1.78,2.92,0.371,1.98,85,True,ok
0128510AR,Grevillea robusta,431586,10.5,11.0,3.74,3.85,0.311,2.33,289,True,ok
0128513AR,Brachychiton populneus,431586,12.21,26.2,5.78,2.34,0.083,4.97,433,True,ok
0128517AR,Acer campestre,431586,7.95,2.8,1.87,4.23,0.164,3.62,104,False,tile_edge
0128524AR,Styphnolobium japonicum,431586,14.19,26.2,5.78,9.24,0.148,3.82,445,True,ok
0128525AR,Styphnolobium japonicum,431586,8.78,22.0,5.29,5.14,0.214,3.08,425,True,ok
0128529AR,Celtis australis,431586,19.58,32.8,6.46,5.75,0.208,3.14,590,True,ok
0128532AR,Grevillea robusta,431586,8.83,7.8,3.14,2.35,0.179,3.45,112,True,ok
0128533AR,Platanus × acerifolia,431586,13.24,56.2,8.46,5.8,0.217,3.06,2875,True,ok
0128534AR,Celtis australis,431586,9.82,36.0,6.77,5.87,0.285,2.51,1373,True,ok
0128536AR,Jacaranda mimosifolia,431586,10.6,34.5,6.63,6.56,0.305,2.38,692,True,ok
0128541AR,Pyrus calleryana,431586,5.76,2.0,1.6,4.24,0.409,1.79,22,True,few_points
0128543AR,Styphnolobium japonicum,431586,8.97,20.2,5.08,5.38,0.249,2.78,373,True,ok
0128544AR,Platanus × acerifolia,431586,12.6,7.2,3.04,5.82,0.26,2.69,192,True,ok
0128546AR,Styphnolobium japonicum,431586,13.69,12.2,3.95,8.03,0.0,7.82,164,True,ok
0128550AR,Grevillea robusta,431586,12.42,16.2,4.55,4.58,0.219,3.03,392,True,ok
0128553AR,Styphnolobium japonicum,431586,8.77,22.0,5.29,5.37,0.188,3.34,346,True,ok
0128557AR,Styphnolobium japonicum,431586,11.68,43.2,7.42,7.35,0.259,2.7,880,True,ok
0128558AR,Styphnolobium japonicum,431586,,0.0,0.0,,,,0,True,no_crown_detected
0128560AR,Prunus cerasifera,431586,,0.0,0.0,,,,0,True,no_crown_detected
0128562AR,Styphnolobium japonicum,431586,11.29,26.5,5.81,7.45,0.159,3.68,421,True,ok
0128566AR,Grevillea robusta,431586,9.64,14.0,4.22,4.56,0.393,1.87,624,True,ok
0128568AR,Jacaranda mimosifolia,431586,9.21,38.0,6.96,4.47,0.381,1.93,1231,True,ok
0128570AR,Styphnolobium japonicum,431586,9.38,68.0,9.3,3.07,0.173,3.51,1238,True,ok
0128572AR,Platanus × acerifolia,431586,10.19,19.8,5.01,3.89,0.295,2.44,956,True,ok
0128573AR,Juglans regia,431586,6.46,11.2,3.78,3.07,0.483,1.46,319,True,ok
0128574AR,Melia azedarach,431586,10.12,6.5,2.88,5.14,0.254,2.74,118,True,ok
0128575AR,Styphnolobium japonicum,431586,9.47,4.0,2.26,7.56,0.362,2.03,69,True,ok
0128576AR,Ulmus pumila,431586,11.59,56.2,8.46,6.42,0.223,3.0,1204,True,ok
0128582AR,Photinia x fraseri,431586,3.75,5.5,2.65,2.82,0.456,1.57,90,True,ok
0128583AR,Styphnolobium japonicum,431586,15.81,2.2,1.69,10.82,0.038,6.52,52,True,ok
0128584AR,Styphnolobium japonicum,431586,13.18,2.2,1.69,10.43,0.13,4.07,23,True,few_points
0128585AR,Styphnolobium japonicum,431586,11.13,61.0,8.81,7.03,0.091,4.79,944,True,ok
0128587AR,Cercis siliquastrum,431586,6.01,1.8,1.49,4.57,0.435,1.67,51,True,no_crown_detected
0128588AR,Melia azedarach,431586,9.03,40.8,7.2,4.69,0.356,2.07,1516,True,ok
0128594AR,Tipuana tipu,431586,11.09,109.2,11.79,4.54,0.238,2.87,2257,True,ok
0128600AR,Platanus × acerifolia,431586,13.92,31.8,6.36,8.43,0.339,2.16,726,True,ok
0128601AR,Melia azedarach,431586,11.61,121.2,12.42,4.68,0.168,3.57,5349,True,ok
0128602AR,Celtis australis,431586,7.95,28.5,6.02,5.55,0.347,2.12,970,True,ok
0128606AR,Styphnolobium japonicum,431586,6.51,23.8,5.5,4.56,0.421,1.73,449,True,ok
0128611AR,Platanus × acerifolia,431586,19.52,92.2,10.84,9.66,0.181,3.41,2548,True,ok
0128613AR,Styphnolobium japonicum,431586,9.99,25.2,5.67,4.79,0.1,4.6,439,True,ok
0128616AR,Robinia pseudoacacia,431586,14.45,31.2,6.31,7.73,0.188,3.34,590,True,ok
0128618AR,Brachychiton populneus,431586,7.66,12.8,4.03,4.28,0.273,2.6,227,True,ok
0128625AR,Platanus × acerifolia,431586,15.13,70.0,9.44,6.77,0.301,2.4,1740,True,ok
0128628AR,Celtis australis,431586,10.07,40.5,7.18,5.76,0.305,2.38,1571,True,ok
0128630AR,Jacaranda mimosifolia,431586,8.6,29.5,6.13,5.89,0.265,2.66,453,True,ok
0128633AR,Platanus × acerifolia,431586,15.78,82.0,10.22,8.06,0.229,2.95,2072,True,ok
0128635AR,Jacaranda mimosifolia,431586,8.29,51.8,8.12,4.41,0.266,2.65,969,True,ok
0128638AR,Ligustrum lucidum,431586,8.19,23.5,5.47,4.46,0.371,1.98,663,True,ok
0128640AR,Robinia pseudoacacia,431586,10.89,43.8,7.46,6.46,0.216,3.07,811,False,tile_edge
0128642AR,Styphnolobium japonicum,431586,12.52,28.5,6.02,6.91,0.029,7.07,480,True,ok
0128643AR,Platanus × acerifolia,431586,13.89,3.0,1.95,9.67,0.409,1.79,66,True,ok
0128644AR,Jacaranda mimosifolia,431586,8.18,15.8,4.48,3.46,0.3,2.41,313,True,ok
0128645AR,Tipuana tipu,431586,10.84,105.5,11.59,4.54,0.157,3.7,2261,True,ok
0128646AR,Prunus cerasifera,431586,5.01,9.2,3.43,3.14,0.433,1.67,279,True,ok
0128647AR,Celtis australis,431586,10.96,53.5,8.25,5.94,0.263,2.67,974,True,ok
0128650AR,Styphnolobium japonicum,431586,14.54,23.2,5.44,9.21,0.149,3.8,415,True,ok
0128652AR,Platanus × acerifolia,431586,15.87,32.2,6.41,7.87,0.216,3.06,805,True,ok
0128653AR,Platanus × acerifolia,431586,12.81,3.8,2.19,9.44,0.382,1.93,76,True,ok
0128654AR,Platanus × acerifolia,431586,22.28,180.8,15.17,9.69,0.109,4.44,5370,True,ok
0128656AR,Brachychiton populneus,431586,9.37,5.2,2.59,4.09,0.091,4.8,55,True,ok
0128657AR,Brachychiton populneus,431586,9.13,19.2,4.95,4.72,0.367,2.0,422,True,ok
0128658AR,Acer buergerianum,431586,7.33,11.8,3.87,3.71,0.208,3.14,323,True,ok
0128659AR,Cupressus sempervirens,431586,11.41,2.2,1.69,3.13,0.11,4.42,143,True,ok
0128660AR,Melia azedarach,431586,13.49,31.8,6.36,4.6,0.291,2.47,1381,True,ok
0128661AR,Grevillea robusta,431586,5.97,2.5,1.78,2.19,0.333,2.2,39,True,few_points
0128663AR,Acer campestre,431586,6.06,3.2,2.03,2.5,0.311,2.33,104,True,ok
0128670AR,Prunus cerasifera,431586,4.65,5.0,2.52,2.85,0.322,2.27,107,True,ok
0128671AR,Grevillea robusta,431586,13.73,22.5,5.35,4.38,0.241,2.84,1039,True,ok
0128672AR,Platanus × acerifolia,431586,14.44,130.8,12.9,5.65,0.215,3.08,5442,True,ok
0128673AR,Brachychiton acerifolius,431586,4.57,3.2,2.03,2.62,0.425,1.71,40,True,few_points
0128674AR,Styphnolobium japonicum,431586,13.54,17.0,4.65,8.09,0.007,7.82,274,True,ok
0128675AR,Platanus × acerifolia,431586,15.84,78.2,9.98,9.71,0.328,2.23,1930,True,ok
0128678AR,Jacaranda mimosifolia,431586,3.53,3.0,1.95,2.78,0.453,1.58,53,True,ok
0128680AR,Melia azedarach,431586,9.79,94.0,10.94,4.64,0.204,3.18,1803,True,ok
0128682AR,Jacaranda mimosifolia,431586,10.39,59.5,8.7,6.25,0.303,2.39,2170,False,tile_edge
0128685AR,Brachychiton populneus,431586,20.66,18.0,4.79,6.79,0.073,5.25,317,True,ok
0128686AR,Styphnolobium japonicum,431586,,0.0,0.0,,,,0,True,no_crown_detected
0128687AR,Citrus × aurantium,431586,4.81,12.2,3.95,3.71,0.445,1.62,191,True,ok
0128692AR,Styphnolobium japonicum,431586,16.05,8.5,3.29,11.45,0.0,7.82,145,True,ok
0128693AR,Styphnolobium japonicum,431586,20.73,69.5,9.41,4.47,0.193,3.29,2486,True,ok
0128696AR,Styphnolobium japonicum,431586,14.68,46.5,7.69,9.75,0.0,7.82,589,True,ok
0128697AR,Prunus cerasifera,431586,6.87,14.0,4.22,4.08,0.206,3.16,316,True,ok
0128698AR,Styphnolobium japonicum,431586,13.57,17.5,4.72,5.79,0.08,5.05,288,True,ok
0128699AR,Styphnolobium japonicum,431586,12.47,29.2,6.1,6.5,0.083,4.98,447,True,ok
0128700AR,Jacaranda mimosifolia,431586,7.44,29.0,6.08,4.48,0.302,2.39,526,True,ok
0128703AR,Prunus cerasifera,431586,16.31,13.5,4.15,4.31,0.504,1.37,503,True,ok
0128704AR,Robinia pseudoacacia,431586,9.9,33.5,6.53,5.71,0.299,2.42,824,True,ok
0128705AR,Styphnolobium japonicum,431586,12.89,3.0,1.95,5.3,0.0,7.82,31,True,few_points
0128706AR,Tipuana tipu,431586,10.54,147.2,13.69,4.94,0.149,3.81,2790,True,ok
0128709AR,Brachychiton populneus,431586,5.85,4.0,2.26,3.5,0.308,2.36,52,True,ok
0128710AR,Platanus × acerifolia,431586,21.38,97.8,11.16,9.08,0.226,2.98,4688,True,ok
0128713AR,Styphnolobium japonicum,431586,10.34,15.8,4.48,5.8,0.226,2.97,314,True,ok
0128719AR,Celtis australis,431586,4.27,1.8,1.49,2.32,0.52,1.31,51,True,no_crown_detected
0128726AR,Brachychiton populneus,431586,,0.0,0.0,,,,0,True,no_crown_detected
0128728AR,Brachychiton populneus,431586,6.99,9.2,3.43,4.51,0.318,2.29,129,True,ok
0128732AR,Robinia pseudoacacia,431586,8.75,2.0,1.6,4.6,0.235,2.89,34,True,few_points
0128735AR,Styphnolobium japonicum,431586,12.61,19.0,4.92,7.98,0.0,7.82,277,True,ok
0128736AR,Tipuana tipu,431586,12.63,162.2,14.37,5.34,0.323,2.26,4501,True,ok
0128737AR,Robinia pseudoacacia,431586,11.16,25.2,5.67,5.91,0.391,1.88,1292,True,ok
0128738AR,Platanus × acerifolia,431586,18.55,103.8,11.49,9.23,0.185,3.37,2745,True,ok
0128739AR,Jacaranda mimosifolia,431586,8.87,7.5,3.09,5.47,0.01,7.82,102,True,ok
0128742AR,Styphnolobium japonicum,431586,12.57,14.8,4.33,5.73,0.106,4.49,246,True,ok
0128745AR,Jacaranda mimosifolia,431586,10.54,29.8,6.15,5.04,0.224,2.99,691,True,ok
0128746AR,Styphnolobium japonicum,431586,10.11,20.2,5.08,6.5,0.16,3.67,338,True,ok
0128749AR,Platanus × acerifolia,431586,9.59,59.5,8.7,4.82,0.381,1.93,2526,True,ok
0128750AR,Jacaranda mimosifolia,431586,4.81,11.8,3.87,3.8,0.441,1.64,204,True,ok
0128752AR,Platanus × acerifolia,431586,14.74,47.8,7.8,8.29,0.249,2.78,1156,True,ok
0128753AR,Styphnolobium japonicum,431586,8.6,11.2,3.78,4.64,0.35,2.1,454,True,ok
0128755AR,Styphnolobium japonicum,431586,13.24,43.5,7.44,8.24,0.004,7.82,559,True,ok
0128758AR,Platanus × acerifolia,431586,20.27,55.2,8.39,7.52,0.272,2.6,1351,True,ok
0128759AR,Brachychiton populneus,431586,,0.0,0.0,,,,0,True,no_crown_detected
0128760AR,Jacaranda mimosifolia,431586,9.92,92.0,10.82,4.93,0.193,3.29,1669,True,ok
0128761AR,Populus alba,431586,17.48,41.2,7.25,5.28,0.258,2.71,2144,True,ok
0128766AR,Grevillea robusta,431586,14.65,2.2,1.69,9.43,0.35,2.1,136,True,ok
0128769AR,Celtis australis,431586,22.49,113.0,11.99,10.45,0.136,3.99,2401,True,ok
0128771AR,Prunus cerasifera,431586,6.53,10.8,3.7,4.0,0.233,2.91,269,True,ok
0128772AR,Photinia x fraseri,431586,,0.0,0.0,,,,0,True,no_crown_detected
0128774AR,Melia azedarach,431586,7.99,2.0,1.6,4.51,0.34,2.16,50,True,ok
0128779AR,Styphnolobium japonicum,431586,10.53,42.2,7.33,5.89,0.187,3.36,729,True,ok
0128784AR,Styphnolobium japonicum,431586,10.85,28.2,6.0,6.0,0.098,4.65,492,True,ok
0128787AR,Styphnolobium japonicum,431586,13.21,3.5,2.11,3.76,0.214,3.08,70,True,ok
0128790AR,Styphnolobium japonicum,431586,10.65,28.0,5.97,6.52,0.173,3.51,539,True,ok
0128792AR,Styphnolobium japonicum,431586,11.97,41.8,7.29,7.58,0.049,6.04,636,True,ok
0128793AR,Robinia pseudoacacia,431586,17.42,67.2,9.25,6.76,0.165,3.6,1406,True,ok
0128794AR,Platanus × acerifolia,431586,14.98,68.8,9.36,8.67,0.273,2.6,1531,True,ok
0128795AR,Robinia pseudoacacia,431586,13.69,57.8,8.57,7.35,0.183,3.39,1205,True,ok
0128798AR,Celtis australis,431586,9.69,48.2,7.84,5.85,0.294,2.45,1636,True,ok
0128800AR,Parrotia persica,431586,4.89,2.5,1.78,2.66,0.467,1.52,45,True,few_points
0128806AR,Platanus × acerifolia,431586,9.07,2.0,1.6,6.43,0.4,1.83,40,True,few_points
0128807AR,Citrus × aurantium,431586,5.46,9.0,3.39,3.95,0.388,1.89,147,True,ok
0128810AR,Styphnolobium japonicum,431586,12.05,38.8,7.02,7.58,0.18,3.43,760,True,ok
0128811AR,Acer negundo,431586,5.78,4.5,2.39,5.15,0.419,1.74,57,True,ok
0128812AR,Robinia pseudoacacia,431586,11.67,48.8,7.88,6.5,0.164,3.61,858,True,ok
0128813AR,Grevillea robusta,431586,14.14,12.8,4.03,5.54,0.244,2.82,352,True,ok
0128814AR,Styphnolobium japonicum,431586,12.64,6.8,2.93,6.3,0.1,4.61,110,True,ok
0128816AR,Melia azedarach,431586,,0.0,0.0,,,,0,True,no_crown_detected
0128817AR,Styphnolobium japonicum,431586,13.4,60.8,8.79,8.48,0.142,3.9,1084,True,ok
0128818AR,Styphnolobium japonicum,431586,11.42,8.5,3.29,6.42,0.097,4.66,103,True,ok
0128819AR,Brachychiton populneus,431586,9.03,6.0,2.76,3.83,0.302,2.39,96,True,ok
0128820AR,Jacaranda mimosifolia,431586,12.35,89.2,10.66,6.47,0.3,2.41,3755,True,ok
0128821AR,Acer campestre,431586,19.45,25.0,5.64,3.98,0.288,2.49,835,True,ok
0128823AR,Brachychiton populneus,431586,14.79,4.0,2.26,5.01,0.172,3.52,64,True,ok
0128826AR,Jacaranda mimosifolia,431586,11.72,3.8,2.19,8.85,0.232,2.92,106,True,ok
0128828AR,Grevillea robusta,431586,10.65,32.0,6.38,4.07,0.22,3.03,692,True,ok
0128829AR,Pyrus calleryana,431586,,0.0,0.0,,,,0,True,no_crown_detected
0128831AR,Jacaranda mimosifolia,431586,10.24,94.8,10.98,5.53,0.198,3.24,1498,True,ok
0128836AR,Cupressus sempervirens,431586,7.51,3.2,2.03,2.31,0.159,3.68,130,False,tile_edge
0128841AR,Platanus × acerifolia,431586,10.86,31.8,6.36,4.38,0.193,3.29,1597,True,ok
0128842AR,Acer negundo,431586,11.21,29.8,6.15,3.7,0.338,2.17,1054,True,ok
0128844AR,Jacaranda mimosifolia,431586,10.48,63.2,8.97,6.33,0.366,2.01,2561,False,tile_edge
0128846AR,Platanus × acerifolia,431586,16.22,2.5,1.78,5.55,0.093,4.76,54,True,ok
0128849AR,Styphnolobium japonicum,431586,9.11,13.2,4.11,5.19,0.214,3.08,215,True,ok
0128858AR,Jacaranda mimosifolia,431586,8.22,40.2,7.16,4.34,0.242,2.84,736,True,ok
0128861AR,Melia azedarach,431586,12.13,88.0,10.59,3.57,0.229,2.95,2105,True,ok
0128862AR,Jacaranda mimosifolia,431586,7.23,28.2,6.0,3.85,0.33,2.22,476,True,ok
0128863AR,Styphnolobium japonicum,431586,9.1,43.0,7.4,5.49,0.27,2.62,804,True,ok
0128864AR,Platanus × acerifolia,431586,8.81,13.0,4.07,4.28,0.394,1.86,325,True,ok
0128868AR,Platanus × acerifolia,431586,13.0,26.8,5.84,7.94,0.418,1.75,594,True,ok
0128873AR,Styphnolobium japonicum,431586,17.23,66.5,9.2,11.58,0.079,5.08,1089,True,ok
0128874AR,Styphnolobium japonicum,431586,9.9,17.0,4.65,6.29,0.138,3.96,312,True,ok
0128875AR,Cupressus sempervirens,431586,17.12,5.0,2.52,5.48,0.22,3.03,222,True,ok
0128876AR,Styphnolobium japonicum,431586,9.44,18.2,4.82,5.11,0.14,3.93,292,True,ok
0128878AR,Prunus cerasifera,431586,4.18,4.0,2.26,2.95,0.381,1.93,93,True,ok
0128879AR,Tipuana tipu,431586,8.08,30.2,6.21,4.19,0.3,2.41,553,True,ok
0128880AR,Populus alba,431586,7.04,3.8,2.19,3.35,0.381,1.93,171,True,ok
0128881AR,Platanus × acerifolia,431586,16.91,91.5,10.79,2.72,0.209,3.14,2326,True,ok
0128883AR,Jacaranda mimosifolia,431586,8.58,2.5,1.78,7.31,0.133,4.03,62,True,ok
0128885AR,Prunus cerasifera,431586,7.51,14.2,4.26,4.18,0.374,1.97,436,True,ok
0128890AR,Melia azedarach,431586,6.22,9.2,3.43,3.53,0.292,2.46,419,True,ok
0128895AR,Platanus × acerifolia,431586,10.68,2.8,1.87,2.1,0.321,2.27,53,True,ok
0128897AR,Celtis australis,431586,15.09,8.0,3.19,9.31,0.318,2.29,157,True,ok
0128899AR,Tipuana tipu,431586,10.75,140.2,13.36,4.47,0.173,3.51,3070,True,ok
0128900AR,Populus nigra,431586,12.6,13.0,4.07,4.08,0.23,2.94,269,True,ok
0128901AR,Styphnolobium japonicum,431586,10.96,18.2,4.82,7.12,0.032,6.88,312,True,ok
0128902AR,Platanus × acerifolia,431586,19.32,187.8,15.46,8.52,0.203,3.19,9774,True,ok
0128904AR,Platanus × acerifolia,431586,18.21,82.8,10.26,8.56,0.241,2.84,2470,True,ok
0128909AR,Grevillea robusta,431586,4.52,1.2,1.26,2.2,0.3,2.41,20,True,no_crown_detected
0128915AR,Jacaranda mimosifolia,431586,13.3,100.2,11.3,7.02,0.291,2.47,4499,True,ok
0128917AR,Platanus × acerifolia,431586,13.6,53.0,8.21,6.29,0.283,2.53,1290,True,ok
0128921AR,Brachychiton populneus,431586,8.17,6.0,2.76,4.54,0.2,3.22,95,True,ok
0128923AR,Brachychiton acerifolius,431586,,0.0,0.0,,,,0,True,no_crown_detected
0128928AR,Grevillea robusta,431586,15.05,4.5,2.39,4.04,0.321,2.27,150,True,ok
0128929AR,Platanus × acerifolia,431586,18.26,75.0,9.77,9.9,0.29,2.48,1883,True,ok
0128939AR,Styphnolobium japonicum,431586,20.28,36.2,6.79,5.9,0.175,3.49,1461,False,tile_edge
0128941AR,Citrus × aurantium,431586,9.08,9.0,3.39,2.97,0.407,1.8,150,True,ok
0128942AR,Styphnolobium japonicum,431586,,0.0,0.0,,,,0,True,no_crown_detected
0128943AR,Brachychiton acerifolius,431586,,0.0,0.0,,,,0,True,no_crown_detected
0128947AR,Platanus × acerifolia,431586,15.06,105.2,11.58,6.92,0.263,2.67,2536,True,ok
0128948AR,Jacaranda mimosifolia,431586,11.54,2.8,1.87,8.52,0.333,2.2,71,False,tile_edge
0128950AR,Brachychiton populneus,431586,10.06,4.8,2.46,5.56,0.0,7.82,48,True,few_points
0128951AR,Celtis australis,431586,9.1,39.0,7.05,5.31,0.265,2.66,1513,True,ok
0128953AR,Jacaranda mimosifolia,431586,5.03,22.2,5.32,3.35,0.43,1.69,386,True,ok
0128960AR,Platanus × acerifolia,431586,15.33,126.2,12.68,5.31,0.193,3.29,3054,True,ok
0128962AR,Jacaranda mimosifolia,431586,8.3,60.8,8.79,3.31,0.076,5.15,1117,True,ok
0128964AR,Tipuana tipu,431586,13.08,128.2,12.78,6.51,0.218,3.04,3071,True,ok
0128967AR,Platanus × acerifolia,431586,18.42,65.8,9.15,9.66,0.223,3.0,1785,True,ok
0128968AR,Styphnolobium japonicum,431586,,0.0,0.0,,,,0,True,no_crown_detected
0128969AR,Juglans nigra,431586,10.28,41.8,7.29,3.32,0.318,2.29,1786,True,ok
0128972AR,Populus alba,431586,9.95,7.8,3.14,5.16,0.193,3.29,238,True,ok
0128974AR,Tipuana tipu,431586,15.17,90.8,10.75,5.89,0.066,5.44,1820,True,ok
0128976AR,Jacaranda mimosifolia,431586,4.23,8.8,3.34,3.11,0.494,1.41,172,True,ok
0128978AR,Tipuana tipu,431586,11.76,41.0,7.23,5.83,0.377,1.95,1032,True,ok
0128979AR,Styphnolobium japonicum,431586,11.56,93.0,10.88,5.73,0.163,3.63,2754,False,tile_edge
0128980AR,Celtis australis,431586,9.72,39.8,7.11,6.55,0.346,2.12,723,True,ok
0128981AR,Grevillea robusta,431586,13.79,16.8,4.62,4.24,0.331,2.21,468,True,ok
0128982AR,Ligustrum lucidum,431586,4.98,12.5,3.99,3.77,0.271,2.61,155,True,ok
0128984AR,Styphnolobium japonicum,431586,12.73,8.2,3.24,5.63,0.041,6.41,148,True,ok
0128985AR,Styphnolobium japonicum,431586,13.74,42.5,7.36,7.92,0.042,6.32,590,True,ok
0128987AR,Styphnolobium japonicum,431586,9.98,3.8,2.19,6.67,0.058,5.71,52,True,ok
0128988AR,Brachychiton populneus,431586,5.72,3.5,2.11,2.56,0.362,2.03,47,True,few_points
0128989AR,Platanus × acerifolia,431586,14.68,36.2,6.79,8.09,0.262,2.68,915,True,ok
0128990AR,Jacaranda mimosifolia,431586,10.41,14.5,4.3,4.67,0.218,3.04,316,True,ok
0128993AR,Platanus × acerifolia,431586,11.32,40.0,7.14,5.26,0.366,2.01,1779,True,ok
0128994AR,Brachychiton populneus,431586,6.87,8.2,3.24,3.97,0.365,2.02,96,True,ok
0128998AR,Styphnolobium japonicum,431586,20.3,35.2,6.7,8.57,0.031,6.96,618,True,ok
0129000AR,Platanus × acerifolia,431586,17.73,74.0,9.71,9.04,0.233,2.91,1953,True,ok
0129001AR,Populus simonii,431586,10.8,33.2,6.51,5.03,0.266,2.65,702,True,ok
0129004AR,Brachychiton populneus,431586,7.91,4.2,2.33,4.0,0.375,1.96,123,True,ok
0129008AR,Styphnolobium japonicum,431586,14.86,61.0,8.81,8.85,0.057,5.72,1029,True,ok
0129009AR,Grevillea robusta,431586,8.52,0.2,0.56,8.52,0.333,2.2,3,True,no_crown_detected
0129010AR,Jacaranda mimosifolia,431586,5.74,4.0,2.26,2.99,0.333,2.2,60,True,ok
0129011AR,Melia azedarach,431586,,0.0,0.0,,,,0,True,no_crown_detected
0129012AR,Jacaranda mimosifolia,431586,14.54,107.8,11.71,8.42,0.178,3.45,1830,True,ok
0129013AR,Tipuana tipu,431586,11.87,120.8,12.4,6.17,0.271,2.61,2686,True,ok
0129017AR,Platanus × acerifolia,431586,18.15,149.2,13.79,8.11,0.146,3.85,3892,True,ok
0129018AR,Tipuana tipu,431586,11.07,5.5,2.65,7.22,0.177,3.46,96,True,ok
0129020AR,Robinia pseudoacacia,431586,23.04,29.8,6.15,3.97,0.409,1.79,919,True,ok
0129022AR,Celtis australis,431586,9.22,4.2,2.33,5.54,0.202,3.2,94,True,ok
0129024AR,Tipuana tipu,431586,13.58,75.2,9.79,5.31,0.15,3.79,1766,True,ok
0129026AR,Platanus × acerifolia,431586,10.99,2.2,1.69,7.42,0.115,4.32,72,True,ok
0129027AR,Brachychiton populneus,431586,5.3,3.5,2.11,2.49,0.422,1.72,76,True,ok
0129028AR,Melia azedarach,431586,11.49,77.2,9.92,6.49,0.171,3.53,2954,True,ok
0129033AR,Platanus × acerifolia,431586,17.46,114.0,12.05,8.94,0.23,2.94,2936,True,ok
0129034AR,Robinia pseudoacacia,431586,13.04,32.2,6.41,5.38,0.246,2.81,476,True,ok
0129035AR,Grevillea robusta,431586,5.57,2.5,1.78,2.39,0.355,2.07,62,True,ok
0129039AR,Platanus × acerifolia,431586,16.26,83.5,10.31,7.26,0.274,2.59,2140,True,ok
0129041AR,Brachychiton populneus,431586,5.06,0.2,0.56,5.06,0.0,7.82,1,True,no_crown_detected
0129043AR,Grevillea robusta,431586,5.65,12.2,3.95,2.96,0.481,1.46,243,True,ok
0129044AR,Robinia pseudoacacia,431586,13.4,3.8,2.19,7.58,0.069,5.35,58,True,ok
0129045AR,Platanus × acerifolia,431586,17.41,72.5,9.61,9.4,0.251,2.76,1765,True,ok
0129046AR,Platanus × acerifolia,431586,15.46,44.2,7.51,8.61,0.222,3.01,1048,True,ok
0129049AR,Styphnolobium japonicum,431586,21.51,53.8,8.27,5.19,0.235,2.9,1986,True,ok
0129054AR,Brachychiton populneus,431586,5.44,3.0,1.95,3.01,0.481,1.47,146,True,ok
0129055AR,Juglans nigra,431586,7.03,20.5,5.11,3.19,0.384,1.91,722,True,ok
0129058AR,Styphnolobium japonicum,431586,20.4,24.8,5.61,9.47,0.048,6.09,336,True,ok
0129061AR,Platanus × acerifolia,431586,18.58,97.5,11.14,8.4,0.216,3.07,2547,True,ok
0129064AR,Brachychiton populneus,431586,10.51,7.0,2.99,5.49,0.144,3.88,132,True,ok
0129065AR,Melia azedarach,431586,7.19,4.8,2.46,3.0,0.215,3.07,79,True,ok
0129068AR,Brachychiton populneus,431586,6.92,5.2,2.59,4.21,0.329,2.22,79,True,ok
0129070AR,Platanus × acerifolia,431586,14.23,42.0,7.31,7.52,0.358,2.05,1063,True,ok
0129072AR,Brachychiton populneus,431586,14.46,19.5,4.98,5.38,0.231,2.93,919,True,ok
0129073AR,Jacaranda mimosifolia,431586,6.58,7.0,2.99,2.42,0.0,7.82,114,True,ok
0129078AR,Robinia pseudoacacia,431586,7.81,1.0,1.13,7.35,0.353,2.08,17,True,no_crown_detected
0129079AR,Grevillea robusta,431586,6.42,4.0,2.26,2.54,0.369,1.99,111,True,ok
0129082AR,Populus simonii,431586,10.23,28.2,6.0,2.99,0.142,3.91,543,True,ok
0129083AR,Platanus × acerifolia,431586,10.93,0.5,0.8,7.36,0.308,2.36,13,True,no_crown_detected
0129087AR,Platanus × acerifolia,431586,12.9,3.8,2.19,5.1,0.219,3.04,64,True,ok
0129089AR,Tipuana tipu,431586,11.47,39.8,7.11,4.77,0.168,3.57,887,True,ok
0129093AR,Platanus × acerifolia,431586,12.7,42.0,7.31,6.26,0.36,2.04,946,True,ok
0129094AR,Styphnolobium japonicum,431586,9.61,0.5,0.8,9.21,0.0,7.82,6,True,no_crown_detected
0129098AR,Platanus × acerifolia,431586,17.43,18.0,4.79,8.32,0.254,2.74,786,True,ok
0129102AR,Populus alba,431586,14.27,12.5,3.99,4.5,0.171,3.53,936,True,ok
0129104AR,Populus alba,431586,19.22,58.5,8.63,5.33,0.215,3.07,3892,True,ok
0129107AR,Grevillea robusta,431586,7.13,3.5,2.11,3.24,0.315,2.31,89,True,ok
0129108AR,Ligustrum lucidum,431586,4.88,4.0,2.26,3.48,0.261,2.69,46,True,few_points
0129109AR,Melia azedarach,431586,8.29,21.5,5.23,4.28,0.241,2.85,790,True,ok
0129111AR,Platanus × acerifolia,431586,17.83,70.0,9.44,8.29,0.152,3.77,1775,True,ok
0129113AR,Brachychiton populneus,431586,18.56,17.0,4.65,5.66,0.139,3.94,309,True,ok
0129114AR,Brachychiton populneus,431586,7.89,17.2,4.69,4.89,0.276,2.57,239,True,ok
0129116AR,Pyrus calleryana,431586,8.86,3.5,2.11,4.41,0.282,2.53,85,True,ok
0129118AR,Robinia pseudoacacia,431586,9.51,2.0,1.6,8.19,0.522,1.3,23,True,few_points
0129120AR,Styphnolobium japonicum,431586,19.62,36.5,6.82,4.37,0.255,2.74,1096,True,ok
0129121AR,Styphnolobium japonicum,431586,8.91,36.5,6.82,5.17,0.344,2.14,730,True,ok
0129122AR,Platanus × acerifolia,431586,14.42,52.8,8.2,7.82,0.3,2.41,1347,True,ok
0129126AR,Prunus cerasifera,431586,5.68,9.8,3.52,4.09,0.442,1.63,104,True,ok
0129129AR,Brachychiton populneus,431586,14.47,21.5,5.23,4.36,0.251,2.76,566,True,ok
0129130AR,Platanus × acerifolia,431586,12.19,71.2,9.52,5.75,0.213,3.09,1574,True,ok
0129131AR,Melia azedarach,431586,7.42,25.8,5.73,3.61,0.345,2.13,994,True,ok
0129134AR,Acer campestre,431586,16.49,18.5,4.85,3.56,0.306,2.37,562,True,ok
0129136AR,Jacaranda mimosifolia,431586,7.59,6.0,2.76,3.72,0.248,2.79,109,True,ok
0129139AR,Grevillea robusta,431586,18.08,78.2,9.98,6.86,0.195,3.26,3912,True,ok
0129140AR,Melia azedarach,431586,15.45,76.8,9.89,8.01,0.16,3.67,1579,True,ok
0129141AR,Styphnolobium japonicum,431586,10.45,17.0,4.65,5.94,0.067,5.4,297,True,ok
0129142AR,Platanus × acerifolia,431586,13.95,36.5,6.82,8.59,0.243,2.83,847,True,ok
0129144AR,Styphnolobium japonicum,431586,11.72,22.5,5.35,8.35,0.169,3.56,355,True,ok
0129145AR,Melia azedarach,431586,4.42,10.0,3.57,3.23,0.399,1.84,143,True,ok
0129147AR,Tipuana tipu,431586,7.6,37.0,6.86,3.48,0.263,2.67,841,True,ok
0129148AR,Brachychiton populneus,431586,14.67,69.8,9.42,5.79,0.271,2.61,1625,True,ok
0129149AR,Brachychiton populneus,431586,6.4,6.2,2.82,3.63,0.32,2.28,97,True,ok
0129151AR,Grevillea robusta,431586,8.86,12.5,3.99,3.29,0.45,1.6,641,True,ok
0129154AR,Photinia x fraseri,431586,4.77,10.0,3.57,3.21,0.419,1.74,167,True,ok
0129155AR,Cupressus sempervirens,431586,9.36,3.8,2.19,2.39,0.038,6.55,191,False,tile_edge
0129159AR,Styphnolobium japonicum,431586,11.62,23.5,5.47,8.3,0.346,2.12,509,True,ok
0129160AR,Brachychiton populneus,431586,5.25,7.0,2.99,3.76,0.457,1.57,70,True,ok
0129161AR,Prunus cerasifera,431586,3.91,2.5,1.78,2.81,0.452,1.59,66,True,ok
0129162AR,Styphnolobium japonicum,431586,5.95,10.8,3.7,3.45,0.352,2.09,199,True,ok
0129167AR,Acer negundo,431586,8.13,0.8,0.98,5.35,0.273,2.6,24,True,no_crown_detected
0129169AR,Robinia pseudoacacia,431586,8.26,28.2,6.0,5.13,0.235,2.9,371,True,ok
0129171AR,Styphnolobium japonicum,431586,20.87,40.5,7.18,7.39,0.114,4.34,544,True,ok
0129174AR,Melia azedarach,431586,25.49,4.2,2.33,16.92,0.0,7.82,275,True,ok
0129176AR,Jacaranda mimosifolia,431586,8.39,2.2,1.69,5.89,0.167,3.58,48,True,few_points
0129177AR,Platanus × acerifolia,431586,14.04,43.5,7.44,7.5,0.28,2.55,987,True,ok
0129178AR,Melia azedarach,431586,13.58,66.5,9.2,7.04,0.254,2.74,1563,True,ok
0129179AR,Platanus × acerifolia,431586,14.14,51.0,8.06,7.35,0.266,2.65,1366,True,ok
0129181AR,Tipuana tipu,431586,11.79,50.8,8.04,4.78,0.209,3.14,988,True,ok
0129182AR,Casuarina cunninghamiana,431586,20.93,75.0,9.77,6.18,0.149,3.81,3280,True,ok
0129185AR,Brachychiton populneus,431586,14.85,10.8,3.7,5.17,0.254,2.74,177,True,ok
0129188AR,Grevillea robusta,431586,5.63,3.0,1.95,2.92,0.4,1.83,70,True,ok
0129189AR,Styphnolobium japonicum,431586,8.51,16.5,4.58,5.07,0.222,3.01,334,True,ok
0129190AR,Styphnolobium japonicum,431586,12.46,19.0,4.92,5.74,0.02,7.82,250,True,ok
0129192AR,Styphnolobium japonicum,431586,8.49,3.0,1.95,5.63,0.125,4.16,48,True,few_points
0129193AR,Platanus × acerifolia,431586,8.45,6.2,2.82,3.9,0.322,2.26,183,True,ok
0129194AR,Styphnolobium japonicum,431586,9.19,50.5,8.02,5.39,0.228,2.96,938,True,ok
0129196AR,Styphnolobium japonicum,431586,11.63,20.8,5.14,7.3,0.009,7.82,229,True,ok
0129205AR,Platanus × acerifolia,431586,15.8,3.5,2.11,3.72,0.126,4.14,135,True,ok
0129207AR,Brachychiton acerifolius,431586,,0.0,0.0,,,,0,True,no_crown_detected
0129210AR,Jacaranda mimosifolia,431586,7.49,59.0,8.67,4.55,0.226,2.97,840,True,ok
0129211AR,Robinia pseudoacacia,431586,15.45,57.2,8.54,7.81,0.143,3.89,1290,True,ok
0129213AR,Prunus cerasifera,431586,,0.0,0.0,,,,0,True,no_crown_detected
0129216AR,Platanus × acerifolia,431586,12.44,2.2,1.69,7.9,0.283,2.53,46,True,few_points
0129221AR,Grevillea robusta,431586,7.14,11.5,3.83,3.33,0.346,2.12,257,True,ok
0129223AR,Citrus × aurantium,431586,5.66,9.2,3.43,3.76,0.419,1.74,160,True,ok
0129224AR,Platanus × acerifolia,431586,16.36,81.0,10.16,8.44,0.282,2.53,2009,True,ok
0129225AR,Platanus × acerifolia,431586,10.63,31.8,6.36,5.83,0.305,2.38,669,True,ok
0129226AR,Jacaranda mimosifolia,431586,7.79,34.5,6.63,4.22,0.198,3.24,531,True,ok
0129227AR,Ligustrum lucidum,431586,5.11,19.2,4.95,3.36,0.509,1.35,465,True,ok
0129229AR,Cupressus sempervirens,431586,8.78,1.2,1.26,1.7,0.184,3.38,49,True,no_crown_detected
0129230AR,Robinia pseudoacacia,431586,10.83,34.0,6.58,5.92,0.21,3.12,633,True,ok
0129231AR,Prunus cerasifera,431586,5.03,5.5,2.65,3.32,0.397,1.85,129,True,ok
0129232AR,Styphnolobium japonicum,431586,12.71,43.2,7.42,8.26,0.041,6.38,630,True,ok
0129233AR,Acer campestre,431586,7.46,3.8,2.19,4.37,0.0,7.82,93,True,ok
0129234AR,Citrus × aurantium,431586,3.84,3.8,2.19,3.17,0.522,1.3,67,True,ok
0129236AR,Robinia pseudoacacia,431586,11.75,22.2,5.32,5.67,0.284,2.52,793,True,ok
0129238AR,Styphnolobium japonicum,431586,10.31,6.0,2.76,6.16,0.073,5.23,82,True,ok
0129239AR,Acer negundo,431586,5.75,1.5,1.38,3.53,0.294,2.45,39,True,no_crown_detected
0129241AR,Celtis australis,431586,27.24,31.5,6.33,6.78,0.252,2.76,656,True,ok
0129242AR,Robinia pseudoacacia,431586,7.24,18.0,4.79,5.37,0.311,2.33,257,True,ok
0129243AR,Brachychiton populneus,431586,8.05,16.5,4.58,4.71,0.253,2.75,229,True,ok
0129247AR,Melia azedarach,431586,10.25,6.8,2.93,7.54,0.117,4.29,94,True,ok
0129248AR,Tipuana tipu,431586,13.04,68.8,9.36,6.22,0.173,3.51,1305,True,ok
0129249AR,Robinia pseudoacacia,431586,7.42,3.5,2.11,4.8,0.235,2.89,51,True,ok
0129251AR,Platanus × acerifolia,431586,12.11,25.5,5.7,5.22,0.217,3.06,1310,True,ok
0129253AR,Jacaranda mimosifolia,431586,11.14,100.2,11.3,5.58,0.178,3.45,1993,True,ok
0129255AR,Jacaranda mimosifolia,431586,4.69,3.2,2.03,2.84,0.435,1.67,69,True,ok
0129257AR,Styphnolobium japonicum,431586,12.12,20.2,5.08,7.06,0.043,6.3,326,True,ok
0129259AR,Styphnolobium japonicum,431586,11.58,3.0,1.95,8.76,0.127,4.12,55,True,ok
0129260AR,Platanus × acerifolia,431586,17.16,54.5,8.33,9.26,0.225,2.99,1326,True,ok
0129263AR,Styphnolobium japonicum,431586,8.43,0.2,0.56,8.35,0.333,2.2,3,True,no_crown_detected
0129266AR,Melia azedarach,431586,12.03,92.5,10.85,5.07,0.162,3.64,2066,True,ok
0129267AR,Platanus × acerifolia,431586,19.97,108.8,11.77,9.52,0.18,3.43,3214,True,ok
0129269AR,Melia azedarach,431586,14.97,5.2,2.59,10.37,0.258,2.71,219,True,ok
0129270AR,Populus alba,431586,12.52,4.0,2.26,3.9,0.113,4.36,106,True,ok
0129274AR,Brachychiton populneus,431586,5.11,3.5,2.11,2.82,0.466,1.53,73,True,ok
0129278AR,Brachychiton populneus,431586,8.57,9.0,3.39,4.49,0.325,2.25,126,True,ok
0129280AR,Styphnolobium japonicum,431586,8.15,18.8,4.89,4.25,0.175,3.49,383,True,ok
0129282AR,Platanus × acerifolia,431586,13.87,42.8,7.38,8.35,0.322,2.27,990,True,ok
0129284AR,Acer × freemanii AUTUMN,431586,,0.0,0.0,,,,0,True,no_crown_detected
0129285AR,Acer campestre,431586,7.91,9.2,3.43,4.44,0.282,2.53,245,True,ok
0129286AR,Platanus × acerifolia,431586,15.08,48.8,7.88,7.56,0.235,2.9,1184,True,ok
0129291AR,Brachychiton populneus,431586,4.62,5.0,2.52,2.21,0.384,1.92,99,True,ok
0129301AR,Populus alba,431586,10.93,3.8,2.19,5.72,0.16,3.67,50,True,ok
0129302AR,Platanus × acerifolia,431586,11.62,33.8,6.56,7.07,0.375,1.96,763,True,ok
0129303AR,Melia azedarach,431586,8.15,46.2,7.67,3.19,0.194,3.28,1051,True,ok
0129306AR,Jacaranda mimosifolia,431586,7.72,2.8,1.87,4.48,0.326,2.24,85,True,ok
0129307AR,Pyrus calleryana,431586,15.36,8.8,3.34,11.27,0.028,7.14,142,True,ok
0129310AR,Prunus cerasifera,431586,8.22,15.0,4.37,4.15,0.278,2.56,379,True,ok
0129313AR,Acer negundo,431586,7.03,11.5,3.83,4.48,0.419,1.74,270,True,ok
0129316AR,Robinia pseudoacacia,431586,14.09,120.5,12.39,5.51,0.217,3.06,6080,True,ok
0129319AR,Styphnolobium japonicum,431586,14.39,38.2,6.98,8.66,0.084,4.95,655,True,ok
0129322AR,Styphnolobium japonicum,431586,10.69,28.0,5.97,6.31,0.175,3.49,526,True,ok
0129323AR,Platanus × acerifolia,431586,25.89,12.0,3.91,3.69,0.268,2.63,302,True,ok
0129325AR,Melia azedarach,431586,,0.0,0.0,,,,0,True,no_crown_detected
0129329AR,Platanus × acerifolia,431586,14.26,73.0,9.64,7.04,0.321,2.27,3446,True,ok
0129330AR,Melia azedarach,431586,6.61,13.5,4.15,2.45,0.239,2.87,352,True,ok
0129331AR,Styphnolobium japonicum,431586,6.13,0.8,0.98,5.93,0.375,1.96,8,True,no_crown_detected
0129333AR,Grevillea robusta,431586,8.57,11.0,3.74,4.04,0.386,1.9,498,True,ok
0129334AR,Platanus × acerifolia,431586,16.7,69.0,9.37,8.51,0.251,2.76,3425,True,ok
0129335AR,Brachychiton acerifolius,431586,5.35,5.8,2.71,4.09,0.379,1.94,58,True,ok
0129337AR,Melia azedarach,431586,11.2,0.8,0.98,10.41,0.444,1.62,9,True,no_crown_detected
0129338AR,Jacaranda mimosifolia,431586,9.7,36.5,6.82,3.87,0.221,3.02,612,True,ok
0129339AR,Platanus × acerifolia,431586,7.02,1.2,1.26,2.4,0.4,1.83,30,True,no_crown_detected
0129341AR,Melia azedarach,431586,8.49,75.8,9.82,4.23,0.242,2.84,1448,True,ok
0129344AR,Platanus × acerifolia,431586,12.97,34.2,6.6,8.2,0.366,2.01,817,True,ok
0129345AR,Robinia pseudoacacia,431586,22.93,50.2,8.0,6.33,0.292,2.46,1461,True,ok
0129346AR,Styphnolobium japonicum,431586,14.36,24.0,5.53,11.04,0.1,4.61,370,True,ok
0129347AR,Styphnolobium japonicum,431586,10.33,13.8,4.18,4.35,0.109,4.43,192,True,ok
0129349AR,Prunus cerasifera,431586,7.35,2.2,1.69,3.27,0.348,2.11,104,True,ok
0129350AR,Acer negundo,431586,7.51,29.5,6.13,4.17,0.389,1.89,905,True,ok
0129352AR,Styphnolobium japonicum,431586,13.6,33.5,6.53,5.82,0.171,3.53,608,True,ok
0129353AR,Citrus × aurantium,431586,4.92,6.8,2.93,3.77,0.4,1.83,115,True,ok
0129354AR,Robinia pseudoacacia,431586,13.31,1.0,1.13,8.9,0.0,7.82,14,True,no_crown_detected
0129358AR,Styphnolobium japonicum,431586,10.98,6.2,2.82,7.06,0.191,3.31,131,True,ok
0129360AR,Robinia pseudoacacia,431586,9.33,10.2,3.61,2.6,0.194,3.28,211,True,ok
0129363AR,Celtis australis,431586,9.69,1.5,1.38,6.79,0.154,3.74,26,True,no_crown_detected
0129366AR,Platanus × acerifolia,431586,12.24,49.2,7.92,4.19,0.268,2.63,1228,True,ok
0129367AR,Styphnolobium japonicum,431586,12.49,56.5,8.48,8.16,0.113,4.36,885,True,ok
0129368AR,Photinia x fraseri,431586,4.06,7.0,2.99,3.06,0.404,1.81,109,True,ok
0129371AR,Celtis australis,431586,9.65,38.2,6.98,2.41,0.184,3.38,1464,True,ok
0129372AR,Platanus × acerifolia,431586,17.04,56.0,8.44,10.08,0.27,2.62,1267,True,ok
0129373AR,Styphnolobium japonicum,431586,6.7,4.2,2.33,4.46,0.105,4.5,76,True,ok
0129378AR,Populus alba,431586,13.25,2.2,1.69,5.65,0.171,3.54,82,True,ok
0129385AR,Platanus × acerifolia,431586,18.08,86.2,10.48,9.15,0.241,2.85,2497,True,ok
0129386AR,Melia azedarach,431586,10.47,17.8,4.75,5.19,0.221,3.02,779,True,ok
0129390AR,Jacaranda mimosifolia,431586,11.92,3.0,1.95,5.66,0.259,2.7,130,True,ok
0129393AR,Styphnolobium japonicum,431586,14.74,45.0,7.57,9.2,0.135,4.01,763,True,ok
0129394AR,Styphnolobium japonicum,431586,18.67,4.2,2.33,7.7,0.0,7.82,75,True,ok
0129397AR,Platanus × acerifolia,431586,,0.0,0.0,,,,0,True,no_crown_detected
0129398AR,Jacaranda mimosifolia,431586,13.21,134.0,13.06,6.23,0.285,2.51,5646,True,ok
0129403AR,Pyrus calleryana,431586,8.8,3.2,2.03,3.53,0.214,3.08,70,True,ok
0129407AR,Melia azedarach,431586,,0.0,0.0,,,,0,True,no_crown_detected
0129410AR,Platanus × acerifolia,431586,14.38,108.5,11.75,5.77,0.235,2.9,5028,True,ok
0129414AR,Melia azedarach,431586,6.64,41.2,7.25,3.08,0.312,2.33,930,True,ok
0129419AR,Pyrus calleryana,431586,7.79,9.5,3.48,5.68,0.393,1.87,178,True,ok
0129420AR,Celtis australis,431586,10.92,2.8,1.87,4.58,0.161,3.66,56,True,ok
0129421AR,Styphnolobium japonicum,431586,10.02,50.2,8.0,5.03,0.249,2.78,940,True,ok
0129423AR,Cupressus sempervirens,431586,6.8,1.2,1.26,1.77,0.222,3.01,60,True,no_crown_detected
0129426AR,Prunus cerasifera,431586,4.52,6.2,2.82,1.86,0.375,1.96,118,True,ok
0129427AR,Styphnolobium japonicum,431586,9.33,14.8,4.33,3.36,0.236,2.89,292,True,ok
0129428AR,Platanus × acerifolia,431586,19.25,110.8,11.87,10.5,0.203,3.19,2884,True,ok
0129430AR,Melia azedarach,431586,8.84,30.0,6.18,4.24,0.192,3.3,1249,True,ok
0129431AR,Grevillea robusta,431586,10.4,23.2,5.44,3.93,0.159,3.67,627,True,ok
0129433AR,Pyrus calleryana,431586,10.46,36.0,6.77,5.81,0.123,4.19,722,True,ok
0129436AR,Styphnolobium japonicum,431586,21.4,27.5,5.92,7.4,0.164,3.62,568,True,ok
0129437AR,Celtis australis,431586,9.63,18.5,4.85,2.31,0.12,4.25,578,True,ok
0129438AR,Brachychiton populneus,431586,4.25,3.0,1.95,2.46,0.391,1.88,83,False,tile_edge
0129439AR,Styphnolobium japonicum,431586,11.39,18.5,4.85,5.83,0.178,3.45,399,True,ok
0129440AR,Brachychiton populneus,431586,10.9,23.8,5.5,3.83,0.21,3.12,252,True,ok
0129443AR,Styphnolobium japonicum,431586,12.63,41.5,7.27,8.4,0.182,3.4,664,True,ok
0129450AR,Brachychiton acerifolius,431586,,0.0,0.0,,,,0,True,no_crown_detected
0129451AR,Styphnolobium japonicum,431586,11.05,33.2,6.51,6.45,0.126,4.15,588,True,ok
0129453AR,Jacaranda mimosifolia,431586,8.67,27.2,5.89,4.62,0.246,2.81,517,True,ok
0129456AR,Jacaranda mimosifolia,431586,11.03,4.8,2.46,6.04,0.222,3.01,140,True,ok
0129459AR,Brachychiton populneus,431586,9.96,22.0,5.29,4.5,0.215,3.07,297,True,ok
0129461AR,Platanus × acerifolia,431586,21.99,69.8,9.42,10.9,0.137,3.98,2101,True,ok
0129465AR,Styphnolobium japonicum,431586,8.62,14.8,4.33,5.58,0.0,7.82,215,True,ok
0129466AR,Populus alba,431586,12.63,9.8,3.52,4.01,0.248,2.79,658,True,ok
0129467AR,Styphnolobium japonicum,431586,14.02,35.2,6.7,9.52,0.103,4.55,613,True,ok
0129468AR,Platanus × acerifolia,431586,17.97,94.8,10.98,9.1,0.272,2.61,2311,True,ok
0129475AR,Styphnolobium japonicum,431586,13.9,19.5,4.98,8.97,0.0,7.82,306,True,ok
0129476AR,Tipuana tipu,431586,15.05,34.8,6.65,8.63,0.086,4.92,619,True,ok
0129478AR,Platanus × acerifolia,431586,10.39,7.0,2.99,2.3,0.206,3.16,265,True,ok
0129479AR,Platanus × acerifolia,431586,17.14,46.8,7.72,6.19,0.147,3.84,1395,True,ok
0129480AR,Celtis australis,431586,8.98,70.5,9.47,3.84,0.157,3.7,2427,False,tile_edge
0129481AR,Tipuana tipu,431586,8.8,41.2,7.25,4.65,0.217,3.05,860,True,ok
0129484AR,Styphnolobium japonicum,431586,13.91,48.5,7.86,8.44,0.079,5.07,860,True,ok
0129485AR,Grevillea robusta,431586,16.74,6.0,2.76,8.52,0.236,2.89,208,True,ok
0129486AR,Populus nigra,431586,16.38,51.2,8.08,4.46,0.239,2.86,2284,True,ok
0129489AR,Acer campestre,431586,7.51,0.8,0.98,4.01,0.125,4.16,29,True,no_crown_detected
0129490AR,Platanus × acerifolia,431586,18.83,125.0,12.62,9.56,0.229,2.95,3126,True,ok
0129492AR,Grevillea robusta,431586,9.88,16.8,4.62,4.11,0.264,2.66,746,True,ok
0129493AR,Robinia pseudoacacia,431586,8.3,8.8,3.34,5.13,0.391,1.88,110,True,ok
0129494AR,Ligustrum lucidum,431586,6.64,25.2,5.67,3.64,0.313,2.32,779,True,ok
0129502AR,Styphnolobium japonicum,431586,12.48,27.2,5.89,7.76,0.0,7.82,460,True,ok
0129503AR,Casuarina cunninghamiana,431586,,0.0,0.0,,,,0,True,no_crown_detected
0129505AR,Styphnolobium japonicum,431586,20.43,54.0,8.29,8.84,0.06,5.62,764,True,ok
0129506AR,Platanus × acerifolia,431586,17.22,73.8,9.69,10.19,0.272,2.6,1579,True,ok
0129513AR,Styphnolobium japonicum,431586,12.1,44.8,7.55,5.7,0.136,3.99,868,True,ok
0129518AR,Populus alba,431586,16.48,23.2,5.44,5.39,0.243,2.83,1566,True,ok
0129521AR,Styphnolobium japonicum,431586,9.68,0.5,0.8,8.04,0.0,7.82,8,True,no_crown_detected
0129522AR,Celtis australis,431586,10.78,31.5,6.33,6.36,0.179,3.44,1230,True,ok
0129524AR,Styphnolobium japonicum,431586,,0.0,0.0,,,,0,True,no_crown_detected
0129526AR,Grevillea robusta,431586,8.84,28.8,6.05,3.94,0.459,1.56,1296,True,ok
0129528AR,Melia azedarach,431586,9.97,48.8,7.88,2.5,0.236,2.89,1781,True,ok
0129530AR,Styphnolobium japonicum,431586,12.38,40.0,7.14,9.12,0.004,7.82,525,True,ok
0129533AR,Platanus × acerifolia,431586,14.9,74.8,9.76,8.1,0.257,2.72,1799,True,ok
0129534AR,Brachychiton populneus,431586,11.8,30.0,6.18,5.23,0.21,3.12,1289,True,ok
0129537AR,Platanus × acerifolia,431586,16.7,172.5,14.82,6.59,0.228,2.96,8303,True,ok
0129538AR,Acer negundo,431586,7.49,23.8,5.5,4.73,0.411,1.78,684,True,ok
0129540AR,Styphnolobium japonicum,431586,8.5,24.8,5.61,4.99,0.261,2.68,436,True,ok
0129543AR,Styphnolobium japonicum,431586,10.51,14.8,4.33,6.13,0.246,2.8,313,True,ok
0129544AR,Jacaranda mimosifolia,431586,9.23,29.2,6.1,2.13,0.123,4.19,609,True,ok
0129546AR,Jacaranda mimosifolia,431586,9.72,49.0,7.9,4.78,0.189,3.33,850,True,ok
0129548AR,Platanus × acerifolia,431586,20.95,162.8,14.4,11.37,0.089,4.83,3483,True,ok
0129549AR,Platanus × acerifolia,431586,20.37,103.5,11.48,10.06,0.188,3.34,2581,True,ok
0129550AR,Grevillea robusta,431586,11.95,3.5,2.11,2.55,0.215,3.07,93,True,ok
0129551AR,Cupressus sempervirens,431586,10.14,1.0,1.13,5.17,0.333,2.2,28,True,no_crown_detected
0129553AR,Platanus × acerifolia,431586,18.85,83.0,10.28,9.02,0.262,2.68,2037,True,ok
0129554AR,Jacaranda mimosifolia,431586,8.8,44.2,7.51,3.49,0.196,3.26,776,True,ok
0129555AR,Tipuana tipu,431586,9.65,3.0,1.95,6.91,0.197,3.25,71,True,ok
0129556AR,Jacaranda mimosifolia,431586,14.29,122.5,12.49,6.73,0.248,2.79,4861,True,ok
0129558AR,Acer negundo,431586,7.11,20.2,5.08,3.69,0.344,2.14,727,True,ok
0129559AR,Styphnolobium japonicum,431586,7.75,8.2,3.24,5.57,0.301,2.4,146,True,ok
0129560AR,Acer negundo,431586,5.84,11.0,3.74,3.63,0.271,2.61,252,True,ok
0129562AR,Styphnolobium japonicum,431586,9.62,37.0,6.86,5.43,0.212,3.1,674,True,ok
0129564AR,Tipuana tipu,431586,10.78,24.5,5.59,5.28,0.186,3.36,629,True,ok
0129567AR,Styphnolobium japonicum,431586,9.95,108.5,11.75,3.19,0.188,3.34,2484,True,ok
0129568AR,Styphnolobium japonicum,431586,12.05,2.8,1.87,9.15,0.0,7.82,28,True,few_points
0129570AR,Brachychiton acerifolius,431586,,0.0,0.0,,,,0,True,no_crown_detected
0129571AR,Platanus × acerifolia,431586,14.42,3.5,2.11,10.34,0.254,2.74,63,True,ok
0129575AR,Styphnolobium japonicum,431586,12.81,9.5,3.48,8.56,0.0,7.82,104,True,ok
0129576AR,Platanus × acerifolia,431586,21.26,137.0,13.21,11.23,0.187,3.35,3702,True,ok
0129584AR,Jacaranda mimosifolia,431586,12.53,49.2,7.92,7.57,0.244,2.83,965,True,ok
0129585AR,Prunus cerasifera,431586,5.11,3.5,2.11,2.82,0.457,1.57,93,True,ok
0129589AR,Styphnolobium japonicum,431586,15.25,33.5,6.53,9.57,0.061,5.61,610,True,ok
0129591AR,Brachychiton populneus,431586,6.09,6.5,2.88,2.63,0.435,1.66,183,True,ok
0129595AR,Jacaranda mimosifolia,431586,9.9,57.2,8.54,5.86,0.239,2.87,960,True,ok
0129596AR,Brachychiton populneus,431586,10.09,6.0,2.76,4.0,0.33,2.22,88,True,ok
0129597AR,Ligustrum lucidum,431586,6.63,8.5,3.29,3.79,0.396,1.86,134,True,ok
0129598AR,Cupressus sempervirens,431586,8.04,0.5,0.8,2.65,0.364,2.02,22,True,no_crown_detected
0129601AR,Tipuana tipu,431586,10.83,118.0,12.26,5.54,0.328,2.23,2618,True,ok
0129602AR,Grevillea robusta,431586,10.82,15.0,4.37,4.77,0.289,2.48,370,True,ok
0129605AR,Styphnolobium japonicum,431586,9.73,2.8,1.87,5.0,0.255,2.73,47,True,few_points
0129606AR,Robinia pseudoacacia,431586,14.12,64.5,9.06,4.42,0.221,3.02,1662,True,ok
0129608AR,Melia azedarach,431586,,0.0,0.0,,,,0,True,no_crown_detected
0129610AR,Brachychiton populneus,431586,8.71,4.0,2.26,5.28,0.0,7.82,32,True,few_points
0129622AR,Platanus × acerifolia,431586,11.81,56.5,8.48,5.53,0.234,2.9,1318,True,ok
0129624AR,Tipuana tipu,431586,9.92,69.0,9.37,4.93,0.249,2.78,1253,True,ok
0129625AR,Platanus × acerifolia,431586,15.95,92.5,10.85,7.05,0.202,3.19,2574,True,ok
0129626AR,Styphnolobium japonicum,431586,10.27,33.0,6.48,6.15,0.062,5.57,470,True,ok
0129629AR,Styphnolobium japonicum,431586,12.84,3.5,2.11,8.68,0.0,7.82,68,True,ok
0129630AR,Melia azedarach,431586,6.56,26.5,5.81,2.51,0.276,2.57,594,True,ok
0129632AR,Styphnolobium japonicum,431586,21.51,84.8,10.39,5.15,0.202,3.2,1831,False,tile_edge
0129633AR,Melia azedarach,431586,10.16,43.0,7.4,2.74,0.115,4.32,1761,True,ok
0129634AR,Pyrus calleryana,431586,5.47,5.5,2.65,3.87,0.478,1.48,67,True,ok
0129635AR,Styphnolobium japonicum,431586,8.94,4.5,2.39,5.28,0.159,3.68,63,True,ok
0129636AR,Platanus × acerifolia,431586,13.25,33.2,6.51,7.28,0.297,2.43,741,True,ok
0129638AR,Platanus × acerifolia,431586,13.18,33.8,6.56,6.97,0.311,2.33,761,True,ok
0129639AR,Melia azedarach,431586,12.27,2.5,1.78,10.26,0.341,2.15,41,True,few_points
0129640AR,Grevillea robusta,431586,12.34,13.2,4.11,4.2,0.237,2.88,746,True,ok
0129641AR,Styphnolobium japonicum,431586,11.39,36.5,6.82,6.75,0.223,3.0,779,True,ok
0129643AR,Platanus × acerifolia,431586,17.46,51.2,8.08,10.54,0.244,2.82,1227,True,ok
0129644AR,Ligustrum lucidum,431586,5.81,12.0,3.91,3.79,0.381,1.93,545,True,ok
0129645AR,Platanus × acerifolia,431586,18.88,103.8,11.49,9.23,0.187,3.35,2305,True,ok
0129646AR,Styphnolobium japonicum,431586,20.48,64.5,9.06,4.33,0.214,3.09,2398,True,ok
0129647AR,Styphnolobium japonicum,431586,8.91,20.8,5.14,4.31,0.204,3.18,476,True,ok
0129649AR,Platanus × acerifolia,431586,14.68,75.5,9.8,8.26,0.284,2.52,1827,True,ok
0129650AR,Grevillea robusta,431586,16.48,5.2,2.59,6.14,0.33,2.22,308,True,ok
0129652AR,Platanus × acerifolia,431586,15.78,68.0,9.3,9.01,0.263,2.67,1725,True,ok
0129655AR,Brachychiton populneus,431586,8.73,6.0,2.76,3.77,0.348,2.11,126,True,ok
0129656AR,Robinia pseudoacacia,431586,13.32,43.0,7.4,7.11,0.161,3.65,906,True,ok
0129661AR,Acer campestre,431586,7.03,20.2,5.08,3.64,0.375,1.96,571,True,ok
0129662AR,Pyrus calleryana,431586,11.21,10.5,3.66,6.63,0.059,5.66,186,True,ok
0129666AR,Jacaranda mimosifolia,431586,4.97,21.8,5.26,3.22,0.422,1.73,422,True,ok
0129667AR,Populus nigra,431586,13.0,22.0,5.29,5.55,0.334,2.19,1023,True,ok
0129668AR,Styphnolobium japonicum,431586,16.18,45.2,7.59,9.35,0.04,6.42,767,True,ok
0129670AR,Melia azedarach,431586,,0.0,0.0,,,,0,True,no_crown_detected
0129671AR,Styphnolobium japonicum,431586,15.66,8.8,3.34,9.53,0.0,7.82,85,True,ok
0129675AR,Grevillea robusta,431586,5.83,10.0,3.57,2.28,0.311,2.34,235,True,ok
0129676AR,Platanus × acerifolia,431586,15.99,2.2,1.69,8.54,0.256,2.72,39,True,few_points
0129677AR,Melia azedarach,431586,7.53,13.0,4.07,4.9,0.34,2.16,278,True,ok
0129679AR,Styphnolobium japonicum,431586,11.02,16.5,4.58,6.96,0.053,5.87,263,True,ok
0129684AR,Styphnolobium japonicum,431586,9.84,2.2,1.69,5.89,0.156,3.72,45,True,few_points
0129687AR,Prunus cerasifera,431586,5.69,13.2,4.11,3.52,0.39,1.88,317,True,ok
0129688AR,Styphnolobium japonicum,431586,12.63,2.2,1.69,8.31,0.0,7.82,44,True,few_points
0129689AR,Jacaranda mimosifolia,431586,7.13,24.8,5.61,3.93,0.294,2.45,507,True,ok
0129692AR,Styphnolobium japonicum,431586,11.17,3.5,2.11,8.76,0.255,2.73,51,True,ok
0129694AR,Platanus × acerifolia,431586,16.16,104.8,11.55,8.34,0.241,2.85,2282,True,ok
0129695AR,Ligustrum lucidum,431586,11.54,12.5,3.99,4.67,0.181,3.42,177,True,ok
0129696AR,Populus nigra,431586,13.04,18.0,4.79,4.81,0.217,3.05,511,True,ok
0129698AR,Platanus × acerifolia,431586,14.74,23.0,5.41,5.85,0.188,3.34,548,True,ok
0129705AR,Brachychiton populneus,431586,8.33,8.8,3.34,2.79,0.231,2.93,147,True,ok
0129706AR,Styphnolobium japonicum,431586,12.71,17.2,4.69,7.79,0.108,4.45,259,True,ok
0129707AR,Styphnolobium japonicum,431586,9.72,45.5,7.61,4.01,0.246,2.81,1559,True,ok
0129708AR,Brachychiton populneus,431586,9.0,18.5,4.85,4.2,0.149,3.81,343,True,ok
0129711AR,Styphnolobium japonicum,431586,10.7,23.0,5.41,5.48,0.227,2.96,466,True,ok
0129712AR,Styphnolobium japonicum,431586,10.03,28.2,6.0,5.33,0.2,3.22,551,True,ok
0129713AR,Cupressus sempervirens,431586,10.41,4.8,2.46,2.34,0.266,2.65,204,True,ok
0129717AR,Styphnolobium japonicum,431586,,0.0,0.0,,,,0,True,no_crown_detected
0129718AR,Robinia pseudoacacia,431586,10.86,39.0,7.05,5.39,0.221,3.02,779,True,ok
0129720AR,Platanus × acerifolia,431586,17.2,98.5,11.2,9.14,0.277,2.57,2590,True,ok
0129729AR,Melia azedarach,431586,10.55,50.2,8.0,6.19,0.337,2.18,1845,True,ok
0129730AR,Cupressus sempervirens,431586,16.52,3.5,2.11,2.6,0.201,3.2,175,True,ok
0129731AR,Prunus cerasifera,431586,4.96,5.0,2.52,3.27,0.417,1.75,111,True,ok
0129732AR,Brachychiton populneus,431586,5.13,3.0,1.95,3.26,0.509,1.35,99,True,ok
0129733AR,Platanus × acerifolia,431586,20.86,165.8,14.53,8.95,0.123,4.18,4782,True,ok
0129734AR,Jacaranda mimosifolia,431586,7.18,39.8,7.11,4.06,0.225,2.98,714,True,ok
0129736AR,Melia azedarach,431586,,0.0,0.0,,,,0,True,no_crown_detected
0129737AR,Styphnolobium japonicum,431586,11.98,10.5,3.66,6.95,0.0,7.82,138,True,ok
0129738AR,Acer buergerianum,431586,8.4,4.2,2.33,4.18,0.169,3.55,117,True,ok
0129741AR,Melia azedarach,431586,8.04,39.0,7.05,3.79,0.335,2.19,1693,True,ok
0129745AR,Jacaranda mimosifolia,431586,11.16,8.2,3.24,6.23,0.262,2.68,236,True,ok
0129748AR,Platanus × acerifolia,431586,17.47,80.2,10.11,9.11,0.186,3.36,2018,True,ok
0129751AR,Platanus × acerifolia,431586,16.72,75.5,9.8,10.31,0.196,3.26,1844,True,ok
0129752AR,Platanus × acerifolia,431586,12.57,5.0,2.52,9.47,0.273,2.6,99,True,ok
0129754AR,Styphnolobium japonicum,431586,11.77,21.2,5.2,6.92,0.007,7.82,302,True,ok
0129756AR,Jacaranda mimosifolia,431586,11.04,42.2,7.33,5.71,0.198,3.24,979,True,ok
0129757AR,Cupressus sempervirens,431586,10.72,3.0,1.95,2.99,0.12,4.24,133,True,ok
0129758AR,Grevillea robusta,431586,,0.0,0.0,,,,0,True,no_crown_detected
0129761AR,Platanus × acerifolia,431586,18.29,123.0,12.51,7.69,0.24,2.85,3260,True,ok
0129764AR,Melia azedarach,431586,10.53,1.8,1.49,4.91,0.41,1.78,39,True,no_crown_detected
0129765AR,Robinia pseudoacacia,431586,14.3,73.8,9.69,8.59,0.17,3.55,1439,True,ok
0129769AR,Grevillea robusta,431586,16.14,6.2,2.82,9.34,0.238,2.87,252,True,ok
0129773AR,Styphnolobium japonicum,431586,11.42,5.5,2.65,6.6,0.0,7.82,70,True,ok
0129777AR,Grevillea robusta,431586,15.05,33.0,6.48,4.53,0.333,2.2,1708,True,ok
0129778AR,Pyrus calleryana,431586,,0.0,0.0,,,,0,True,no_crown_detected
0129779AR,Brachychiton populneus,431586,8.08,13.8,4.18,3.1,0.261,2.68,222,True,ok
0129780AR,Styphnolobium japonicum,431586,10.17,55.0,8.37,5.4,0.201,3.21,1135,True,ok
0129784AR,Platanus × acerifolia,431586,19.3,68.2,9.32,9.7,0.186,3.37,1674,True,ok
0129785AR,Ligustrum lucidum,431586,8.76,23.0,5.41,3.73,0.296,2.43,806,True,ok
0129786AR,Prunus cerasifera,431586,4.76,5.0,2.52,2.85,0.45,1.6,193,True,ok
0129793AR,Platanus × acerifolia,431586,17.4,102.2,11.41,9.52,0.182,3.41,2358,True,ok
0129797AR,Robinia pseudoacacia,431586,12.61,61.5,8.85,6.07,0.287,2.5,2040,True,ok
0129799AR,Populus nigra,431586,6.65,7.0,2.99,4.21,0.44,1.64,141,True,ok
0129801AR,Styphnolobium japonicum,431586,9.43,10.8,3.7,7.9,0.215,3.07,144,True,ok
0129802AR,Platanus × acerifolia,431586,12.35,78.8,10.01,7.58,0.367,2.01,1885,True,ok
0129805AR,Brachychiton populneus,431586,13.59,20.5,5.11,4.29,0.214,3.08,406,True,ok
0129806AR,Robinia pseudoacacia,431586,12.75,51.5,8.1,4.07,0.253,2.75,1259,True,ok
0129807AR,Styphnolobium japonicum,431586,10.95,2.0,1.6,9.76,0.409,1.79,22,True,few_points
0129808AR,Casuarina cunninghamiana,431586,12.1,27.0,5.86,6.07,0.26,2.7,754,True,ok
0129810AR,Brachychiton populneus,431586,8.58,9.5,3.48,4.22,0.362,2.03,127,True,ok
0129812AR,Styphnolobium japonicum,431586,19.44,94.5,10.97,5.61,0.2,3.22,3497,True,ok
0129814AR,Grevillea robusta,431586,5.71,2.5,1.78,3.0,0.25,2.77,44,True,few_points
0129815AR,Jacaranda mimosifolia,431586,9.08,7.8,3.14,5.75,0.441,1.64,321,False,tile_edge
0129817AR,Styphnolobium japonicum,431586,11.36,38.8,7.02,7.03,0.158,3.69,644,True,ok
0129819AR,Platanus × acerifolia,431586,17.14,107.5,11.7,8.29,0.167,3.58,2610,True,ok
0129824AR,Cupressus sempervirens,431586,7.87,3.2,2.03,2.24,0.139,3.95,144,True,ok
0129825AR,Styphnolobium japonicum,431586,14.19,42.5,7.36,7.68,0.076,5.15,747,True,ok
0129827AR,Celtis australis,431586,10.13,32.2,6.41,6.57,0.267,2.64,544,True,ok
0129831AR,Prunus cerasifera,431586,17.91,3.5,2.11,4.99,0.181,3.42,195,True,ok
0129832AR,Styphnolobium japonicum,431586,12.49,48.8,7.88,7.36,0.122,4.2,711,True,ok
0129833AR,Prunus cerasifera,431586,,0.0,0.0,,,,0,True,no_crown_detected
0129834AR,Jacaranda mimosifolia,431586,8.74,21.0,5.17,5.18,0.34,2.16,714,False,tile_edge
0129835AR,Cupressus sempervirens,431586,9.04,2.8,1.87,1.88,0.097,4.66,124,True,ok
0129838AR,Populus nigra,431586,15.49,24.8,5.61,4.23,0.251,2.77,793,True,ok
0129839AR,Styphnolobium japonicum,431586,12.21,38.0,6.96,7.94,0.109,4.42,612,True,ok
0129840AR,Brachychiton acerifolius,431586,15.07,48.8,7.88,8.57,0.147,3.84,1133,True,ok
0129842AR,Styphnolobium japonicum,431586,9.18,1.0,1.13,6.58,0.0,7.82,6,True,no_crown_detected
0129845AR,Platanus × acerifolia,431586,14.62,80.8,10.14,7.71,0.263,2.67,2136,True,ok
0129849AR,Grevillea robusta,431586,6.37,7.5,3.09,3.32,0.366,2.01,328,True,ok
0129850AR,Brachychiton populneus,431586,8.37,4.8,2.46,3.91,0.252,2.76,115,False,tile_edge
0129851AR,Celtis australis,431586,,0.0,0.0,,,,0,True,no_crown_detected
0129852AR,Jacaranda mimosifolia,431586,11.4,70.8,9.49,4.75,0.266,2.65,1703,True,ok
0129853AR,Melia azedarach,431586,21.65,47.5,7.78,4.11,0.192,3.3,2186,True,ok
0129854AR,Styphnolobium japonicum,431586,12.65,57.8,8.57,7.23,0.078,5.09,918,True,ok
0129855AR,Robinia pseudoacacia,431586,29.52,56.0,8.44,5.98,0.136,3.99,934,False,tile_edge
0129859AR,Platanus × acerifolia,431586,14.43,85.2,10.42,6.43,0.225,2.98,1934,True,ok
0129862AR,Platanus × acerifolia,431586,12.04,2.0,1.6,4.91,0.115,4.32,52,True,ok
0129864AR,Platanus × acerifolia,431586,10.74,51.0,8.06,6.47,0.311,2.33,1018,True,ok
0129866AR,Styphnolobium japonicum,431586,10.6,31.8,6.36,6.82,0.124,4.17,547,True,ok
0129867AR,Styphnolobium japonicum,431586,11.91,52.8,8.2,7.23,0.074,5.2,847,True,ok
0129871AR,Robinia pseudoacacia,431586,9.42,35.5,6.72,4.63,0.293,2.46,879,True,ok
0129874AR,Melia azedarach,431586,15.0,64.8,9.08,7.12,0.185,3.37,1480,True,ok
0129877AR,Styphnolobium japonicum,431586,8.89,10.5,3.66,5.63,0.0,7.82,119,True,ok
0129878AR,Styphnolobium japonicum,431586,11.67,74.2,9.72,6.59,0.217,3.06,1383,True,ok
0129880AR,Jacaranda mimosifolia,431586,8.88,38.0,6.96,4.8,0.27,2.62,721,True,ok
0129881AR,Cupressus sempervirens,431586,9.65,2.2,1.69,2.24,0.049,6.02,116,True,ok
0129883AR,Populus nigra,431586,16.04,31.8,6.36,4.76,0.248,2.79,864,True,ok
0129885AR,Casuarina cunninghamiana,431586,,0.0,0.0,,,,0,True,no_crown_detected
0129886AR,Jacaranda mimosifolia,431586,8.58,38.0,6.96,4.53,0.217,3.06,586,True,ok
0129887AR,Tipuana tipu,431586,6.83,45.5,7.61,3.72,0.354,2.08,1025,True,ok
0129889AR,Populus nigra,431586,15.15,19.0,4.92,5.34,0.233,2.91,1096,True,ok
0129890AR,Styphnolobium japonicum,431586,11.97,26.8,5.84,6.85,0.084,4.95,428,True,ok
0129891AR,Platanus × acerifolia,431586,26.96,71.5,9.54,8.7,0.184,3.38,1629,True,ok
0129893AR,Tipuana tipu,431586,10.51,59.0,8.67,5.54,0.226,2.97,1189,True,ok
0129894AR,Melia azedarach,431586,,0.0,0.0,,,,0,True,no_crown_detected
0129897AR,Styphnolobium japonicum,431586,13.51,34.2,6.6,5.13,0.131,4.06,617,True,ok
0129906AR,Tipuana tipu,431586,11.33,41.2,7.25,4.17,0.352,2.09,1046,True,ok
0129907AR,Populus alba,431586,12.89,24.0,5.53,4.95,0.281,2.54,1141,True,ok
0129915AR,Populus nigra,431586,17.74,34.2,6.6,4.69,0.27,2.62,1815,True,ok
0129916AR,Melia azedarach,431586,10.74,1.8,1.49,6.39,0.346,2.12,26,True,no_crown_detected
0129923AR,Platanus × acerifolia,431586,13.72,1.5,1.38,3.22,0.326,2.24,43,True,no_crown_detected
0129924AR,Styphnolobium japonicum,431586,14.19,10.8,3.7,9.43,0.071,5.29,183,True,ok
0129925AR,Robinia pseudoacacia,431586,14.03,76.0,9.84,6.3,0.205,3.17,1661,True,ok
0129926AR,Robinia pseudoacacia,431586,10.91,14.8,4.33,6.02,0.201,3.21,309,True,ok
0129927AR,Platanus × acerifolia,431586,16.58,91.8,10.81,9.44,0.267,2.64,2120,True,ok
0129928AR,Styphnolobium japonicum,431586,15.76,45.5,7.61,6.98,0.21,3.12,830,True,ok
0129930AR,Brachychiton populneus,431586,7.66,2.5,1.78,5.35,0.0,7.82,20,True,few_points
0129931AR,Populus alba,431586,14.15,16.0,4.51,4.67,0.276,2.58,962,True,ok
0129933AR,Grevillea robusta,431586,8.08,13.2,4.11,4.26,0.264,2.66,529,True,ok
0129935AR,Styphnolobium japonicum,431586,10.02,42.8,7.38,6.21,0.131,4.06,746,True,ok
0129936AR,Melia azedarach,431586,19.83,85.0,10.4,3.95,0.212,3.1,1715,True,ok
0129939AR,Platanus × acerifolia,431586,12.69,3.2,2.03,5.21,0.158,3.69,76,True,ok
0129941AR,Jacaranda mimosifolia,431586,8.19,26.2,5.78,4.67,0.316,2.31,507,True,ok
0129944AR,Styphnolobium japonicum,431586,,0.0,0.0,,,,0,True,no_crown_detected
0129945AR,Brachychiton populneus,431586,5.09,1.2,1.26,3.21,0.389,1.89,27,True,no_crown_detected
0129950AR,Platanus × acerifolia,431586,15.9,81.8,10.2,7.64,0.254,2.74,2055,True,ok
0129953AR,Platanus × acerifolia,431586,15.63,3.5,2.11,8.75,0.23,2.94,74,True,ok
0129959AR,Jacaranda mimosifolia,431586,9.7,64.5,9.06,4.69,0.154,3.74,1213,True,ok
0129960AR,Prunus cerasifera,431586,4.56,2.0,1.6,3.43,0.435,1.67,58,True,ok
0129961AR,Melia azedarach,431586,6.32,3.0,1.95,3.31,0.271,2.61,99,True,ok
0129962AR,Brachychiton populneus,431586,7.41,5.8,2.71,3.69,0.426,1.7,68,True,ok
0129965AR,Cupressus sempervirens,431586,11.5,2.5,1.78,2.74,0.092,4.77,128,True,ok
0129966AR,Platanus × acerifolia,431586,14.12,33.5,6.53,7.99,0.24,2.85,775,True,ok
0129970AR,Platanus × acerifolia,431586,16.64,86.8,10.51,8.68,0.23,2.94,1999,True,ok
0129971AR,Prunus cerasifera,431586,7.07,6.0,2.76,3.92,0.266,2.65,174,True,ok
0129974AR,Platanus × acerifolia,431586,12.83,46.2,7.67,6.5,0.289,2.48,1760,True,ok
0129975AR,Grevillea robusta,431586,7.82,5.8,2.71,3.17,0.275,2.58,138,True,ok
0129979AR,Prunus cerasifera,431586,5.09,8.8,3.34,3.44,0.435,1.67,92,True,ok
0129981AR,Melia azedarach,431586,8.23,76.8,9.89,2.63,0.28,2.55,1751,True,ok
0129983AR,Grevillea robusta,431586,9.05,8.0,3.19,5.68,0.312,2.33,128,True,ok
0129985AR,Brachychiton populneus,431586,3.66,2.0,1.6,2.38,0.346,2.12,66,True,ok
0129987AR,Ulmus pumila,431586,13.96,75.0,9.77,7.48,0.233,2.91,2972,True,ok
0129988AR,Grevillea robusta,431586,9.37,39.8,7.11,4.29,0.34,2.16,1291,True,ok
0129992AR,Platanus × acerifolia,431586,15.4,67.2,9.25,8.78,0.273,2.6,1644,True,ok
0129995AR,Jacaranda mimosifolia,431586,7.85,22.5,5.35,3.91,0.308,2.36,504,True,ok
0129996AR,Platanus × acerifolia,431586,2.52,5.0,2.52,2.35,0.13,4.09,54,True,low_tree
0130001AR,Tipuana tipu,431586,9.8,70.0,9.44,4.67,0.237,2.88,1686,True,ok
0130003AR,Styphnolobium japonicum,431586,20.01,49.2,7.92,8.39,0.091,4.8,915,True,ok
0130004AR,Jacaranda mimosifolia,431586,8.7,12.8,4.03,4.46,0.221,3.02,213,True,ok
0130006AR,Platanus × acerifolia,431586,18.06,87.8,10.57,10.12,0.227,2.97,2059,True,ok
0130007AR,Jacaranda mimosifolia,431586,11.06,10.5,3.66,6.91,0.303,2.39,362,True,ok
0130008AR,Brachychiton acerifolius,431586,7.92,12.8,4.03,4.12,0.139,3.95,180,True,ok
0130010AR,Platanus × acerifolia,431586,22.45,96.5,11.08,10.72,0.117,4.28,2590,True,ok
0130015AR,Melia azedarach,431586,11.36,32.2,6.41,5.58,0.227,2.97,701,True,ok
0130016AR,Melia azedarach,431586,8.77,32.2,6.41,5.33,0.388,1.9,1191,True,ok
0130017AR,Grevillea robusta,431586,13.64,5.8,2.71,6.84,0.128,4.11,212,True,ok
0130018AR,Melia azedarach,431586,7.58,25.8,5.73,4.7,0.445,1.62,1029,True,ok
0130021AR,Robinia pseudoacacia,431586,19.46,47.2,7.76,5.75,0.182,3.41,1973,True,ok
0130025AR,Acer negundo,431586,11.99,71.5,9.54,5.02,0.216,3.06,3132,True,ok
0130027AR,Celtis australis,431586,11.76,18.8,4.89,4.11,0.021,7.69,546,True,ok
0130029AR,Grevillea robusta,431586,11.33,23.5,5.47,4.43,0.305,2.38,587,True,ok
0130031AR,Styphnolobium japonicum,431586,10.37,46.2,7.67,5.49,0.173,3.51,874,True,ok
0130032AR,Styphnolobium japonicum,431586,14.61,17.2,4.69,6.76,0.072,5.26,277,True,ok
0130033AR,Jacaranda mimosifolia,431586,6.44,4.8,2.46,4.73,0.351,2.09,74,True,ok
0130034AR,Juglans nigra,431586,10.1,25.2,5.67,3.26,0.433,1.67,1223,False,tile_edge
0130037AR,Platanus × acerifolia,431586,17.35,94.5,10.97,9.83,0.199,3.23,2026,True,ok
0130038AR,Melia azedarach,431586,5.79,23.0,5.41,3.48,0.364,2.02,407,True,ok
0130040AR,Jacaranda mimosifolia,431586,12.77,32.0,6.38,7.35,0.118,4.27,701,True,ok
0130043AR,Melia azedarach,431586,9.23,28.8,6.05,5.09,0.341,2.15,1266,True,ok
0130044AR,Jacaranda mimosifolia,431586,4.36,5.2,2.59,2.99,0.463,1.54,95,True,ok
0130050AR,Grevillea robusta,431586,9.38,12.2,3.95,4.66,0.343,2.14,324,True,ok
0130051AR,Styphnolobium japonicum,431586,15.07,19.8,5.01,10.03,0.032,6.9,347,True,ok
0130053AR,Platanus × acerifolia,431586,13.4,21.8,5.26,6.91,0.324,2.26,621,True,ok
0130054AR,Styphnolobium japonicum,431586,10.35,32.5,6.43,5.98,0.156,3.72,630,True,ok
0130060AR,Brachychiton populneus,431586,9.57,21.8,5.26,4.15,0.194,3.28,252,True,ok
0130063AR,Styphnolobium japonicum,431586,10.94,32.0,6.38,6.36,0.147,3.83,590,True,ok
0130066AR,Styphnolobium japonicum,431586,11.51,30.5,6.23,6.33,0.122,4.21,590,True,ok
0130067AR,Platanus × acerifolia,431586,16.63,6.8,2.93,6.91,0.094,4.73,160,True,ok
0130072AR,Melia azedarach,431586,13.4,38.8,7.02,8.65,0.378,1.95,821,True,ok
0130073AR,Brachychiton populneus,431586,7.16,2.0,1.6,4.71,0.071,5.28,14,True,few_points
0130074AR,Melia azedarach,431586,9.15,31.5,6.33,4.97,0.258,2.71,542,True,ok
0130076AR,Melia azedarach,431586,,0.0,0.0,,,,0,True,no_crown_detected
0130078AR,Tipuana tipu,431586,9.27,86.5,10.49,5.42,0.263,2.67,1565,True,ok
0130079AR,Jacaranda mimosifolia,431586,5.22,15.2,4.41,3.14,0.453,1.59,285,True,ok
0130080AR,Robinia pseudoacacia,431586,8.27,22.5,5.35,6.83,0.268,2.63,313,True,ok
0130081AR,Casuarina cunninghamiana,431586,9.88,27.0,5.86,4.8,0.266,2.65,1065,True,ok
0130083AR,Acer buergerianum,431586,19.5,14.8,4.33,4.26,0.265,2.66,530,True,ok
0130086AR,Platanus × acerifolia,431586,16.48,26.5,5.81,8.48,0.176,3.48,717,True,ok
0130090AR,Celtis australis,431586,11.09,84.5,10.37,6.56,0.168,3.57,2663,True,ok
0130092AR,Platanus × acerifolia,431586,14.18,46.2,7.67,8.65,0.281,2.54,1140,True,ok
0130093AR,Platanus × acerifolia,431586,17.46,98.5,11.2,9.7,0.22,3.03,2316,True,ok
0130094AR,Grevillea robusta,431586,8.18,16.0,4.51,2.38,0.259,2.7,662,True,ok
0130095AR,Styphnolobium japonicum,431586,12.8,10.8,3.7,5.72,0.06,5.64,201,True,ok
0130096AR,Jacaranda mimosifolia,431586,6.02,23.5,5.47,2.82,0.155,3.73,374,True,ok
0130097AR,Styphnolobium japonicum,431586,8.82,19.0,4.92,5.52,0.292,2.46,305,True,ok
0130101AR,Brachychiton populneus,431586,8.31,5.8,2.71,4.56,0.25,2.77,100,True,ok
0130104AR,Melia azedarach,431586,7.94,35.5,6.72,2.52,0.176,3.48,632,True,ok
0130106AR,Platanus × acerifolia,431586,13.97,31.0,6.28,8.57,0.376,1.96,684,True,ok
0130107AR,Brachychiton populneus,431586,11.44,9.2,3.43,4.41,0.207,3.15,384,False,tile_edge
0130108AR,Styphnolobium japonicum,431586,13.48,78.0,9.97,5.71,0.29,2.48,1669,True,ok
0130109AR,Acer negundo,431586,6.14,14.2,4.26,3.54,0.341,2.15,577,True,ok
0130112AR,Styphnolobium japonicum,431586,13.55,14.5,4.3,8.43,0.008,7.82,244,True,ok
0130113AR,Celtis australis,431586,12.02,41.5,7.27,8.2,0.13,4.07,552,True,ok
0130114AR,Brachychiton populneus,431586,4.88,1.2,1.26,4.14,0.429,1.69,14,True,no_crown_detected
0130115AR,Melia azedarach,431586,,0.0,0.0,,,,0,True,no_crown_detected
0130116AR,Grevillea robusta,431586,7.05,16.0,4.51,2.52,0.275,2.58,382,True,ok
0130117AR,Brachychiton populneus,431586,9.33,12.2,3.95,4.47,0.35,2.1,163,True,ok
0130118AR,Styphnolobium japonicum,431586,12.96,2.2,1.69,9.62,0.037,6.59,27,True,few_points
0130120AR,Robinia pseudoacacia,431586,19.55,61.2,8.83,5.04,0.235,2.9,958,True,ok
0130121AR,Tipuana tipu,431586,12.67,64.2,9.04,5.21,0.171,3.54,1390,True,ok
0130122AR,Acer negundo,431586,5.77,7.8,3.14,3.15,0.253,2.75,265,True,ok
0130126AR,Robinia pseudoacacia,431586,9.76,13.8,4.18,5.62,0.22,3.03,287,True,ok
0130128AR,Platanus × acerifolia,431586,12.72,28.8,6.05,7.17,0.231,2.93,679,True,ok
0130130AR,Platanus × acerifolia,431586,17.33,81.0,10.16,8.67,0.169,3.56,2024,True,ok
0130131AR,Styphnolobium japonicum,431586,9.02,47.0,7.74,4.84,0.269,2.62,976,True,ok
0130132AR,Robinia pseudoacacia,431586,19.17,39.2,7.07,3.95,0.231,2.93,668,True,ok
0130136AR,Jacaranda mimosifolia,431586,12.23,66.0,9.17,5.67,0.355,2.07,2387,True,ok
0130138AR,Ligustrum lucidum,431586,6.36,38.5,7.0,3.73,0.347,2.11,619,True,ok
0130143AR,Cupressus sempervirens,431586,15.88,7.2,3.04,6.68,0.299,2.41,386,True,ok
0130146AR,Cercis siliquastrum,431586,8.86,16.2,4.55,5.48,0.293,2.46,557,True,ok
0130150AR,Grevillea robusta,431586,16.38,13.2,4.11,4.71,0.167,3.58,389,True,ok
0130154AR,Grevillea robusta,431586,13.09,14.0,4.22,5.31,0.283,2.52,434,True,ok
0130155AR,Styphnolobium japonicum,431586,14.08,2.0,1.6,9.92,0.0,7.82,34,True,few_points
0130156AR,Styphnolobium japonicum,431586,9.45,17.0,4.65,6.33,0.227,2.97,260,True,ok
0130157AR,Platanus × acerifolia,431586,12.32,39.2,7.07,8.18,0.368,2.0,764,True,ok
0130158AR,Platanus × acerifolia,431586,16.25,2.2,1.69,6.84,0.211,3.12,76,True,ok
0130162AR,Styphnolobium japonicum,431586,15.11,54.8,8.35,10.63,0.082,5.0,827,True,ok
0130163AR,Brachychiton populneus,431586,10.67,7.2,3.04,1.86,0.22,3.03,225,True,ok
0130164AR,Celtis australis,431586,9.6,39.0,7.05,5.42,0.272,2.61,1468,True,ok
0130168AR,Platanus × acerifolia,431586,16.48,55.5,8.41,8.51,0.274,2.59,1358,True,ok
0130170AR,Styphnolobium japonicum,431586,10.37,2.2,1.69,7.62,0.0,7.82,29,True,few_points
0130171AR,Brachychiton populneus,431586,,0.0,0.0,,,,0,True,no_crown_detected
0130172AR,Styphnolobium japonicum,431586,10.23,20.8,5.14,5.7,0.192,3.3,422,True,ok
0130173AR,Robinia pseudoacacia,431586,8.85,27.0,5.86,5.66,0.324,2.25,503,True,ok
0130177AR,Brachychiton populneus,431586,12.53,15.2,4.41,5.45,0.235,2.9,489,True,ok
0130179AR,Styphnolobium japonicum,431586,11.47,24.0,5.53,6.69,0.127,4.13,466,True,ok
0130183AR,Brachychiton populneus,431586,11.13,14.2,4.26,4.19,0.31,2.35,210,True,ok
0130185AR,Platanus × acerifolia,431586,10.25,51.0,8.06,2.4,0.319,2.28,1093,True,ok
0130188AR,Prunus cerasifera,431586,4.48,3.5,2.11,2.97,0.339,2.16,110,True,ok
0130189AR,Grevillea robusta,431586,16.49,7.8,3.14,7.1,0.213,3.09,359,True,ok
0130190AR,Grevillea robusta,431586,8.73,10.8,3.7,4.25,0.425,1.71,491,True,ok
0130191AR,Brachychiton populneus,431586,6.8,10.8,3.7,3.71,0.325,2.25,126,True,ok
0130192AR,Brachychiton populneus,431586,5.86,5.0,2.52,3.47,0.338,2.17,74,True,ok
0130193AR,Platanus × acerifolia,431586,11.01,20.8,5.14,5.38,0.345,2.13,513,True,ok
0130195AR,Platanus × acerifolia,431586,17.42,97.8,11.16,9.01,0.268,2.63,2355,True,ok
0130196AR,Brachychiton populneus,431586,,0.0,0.0,,,,0,True,no_crown_detected
0130202AR,Brachychiton acerifolius,431586,5.17,5.8,2.71,2.77,0.347,2.12,75,True,ok
0130203AR,Pyrus calleryana,431586,,0.0,0.0,,,,0,True,no_crown_detected
0130204AR,Melia azedarach,431586,,0.0,0.0,,,,0,True,no_crown_detected
0130206AR,Melia azedarach,431586,9.25,5.5,2.65,4.05,0.22,3.03,123,True,ok
0130207AR,Platanus × acerifolia,431586,16.71,58.2,8.61,8.38,0.226,2.97,1453,True,ok
0130209AR,Prunus cerasifera,431586,,0.0,0.0,,,,0,True,no_crown_detected
0130211AR,Melia azedarach,431586,11.7,72.8,9.62,5.04,0.17,3.54,1551,True,ok
0130212AR,Platanus × acerifolia,431586,19.6,145.2,13.6,7.55,0.173,3.51,3272,True,ok
0130213AR,Melia azedarach,431586,10.0,16.2,4.55,3.48,0.243,2.83,346,True,ok
0130215AR,Robinia pseudoacacia,431586,11.44,48.0,7.82,4.61,0.241,2.84,1303,True,ok
0130216AR,Melia azedarach,431586,10.51,64.2,9.04,4.12,0.289,2.48,1312,True,ok
0130217AR,Robinia pseudoacacia,431586,11.73,47.8,7.8,6.53,0.086,4.91,640,False,tile_edge
0130219AR,Populus simonii,431586,10.27,3.2,2.03,5.21,0.303,2.39,89,True,ok
0130220AR,Brachychiton populneus,431586,,0.0,0.0,,,,0,True,no_crown_detected
0130221AR,Melia azedarach,431586,12.63,60.0,8.74,5.91,0.184,3.39,1269,True,ok
0130224AR,Styphnolobium japonicum,431586,8.11,32.8,6.46,4.69,0.13,4.07,797,True,ok
0130227AR,Parrotia persica,431586,5.6,5.0,2.52,2.64,0.437,1.66,87,True,ok
0130228AR,Robinia pseudoacacia,431586,12.14,28.8,6.05,6.66,0.204,3.18,643,True,ok
0130229AR,Jacaranda mimosifolia,431586,8.56,58.0,8.59,4.84,0.258,2.71,1032,True,ok
0130233AR,Populus alba,431586,10.97,7.2,3.04,4.35,0.339,2.16,366,True,ok
0130234AR,Jacaranda mimosifolia,431586,7.74,25.8,5.73,4.66,0.266,2.65,474,True,ok
0130235AR,Platanus × acerifolia,431586,12.29,2.5,1.78,3.83,0.333,2.2,60,True,ok
0130237AR,Acer campestre,431586,5.73,0.2,0.56,3.83,0.2,3.22,16,True,no_crown_detected
0130238AR,Styphnolobium japonicum,431586,7.81,0.8,0.98,7.21,0.2,3.22,5,True,no_crown_detected
0130239AR,Platanus × acerifolia,431586,12.5,37.0,6.86,7.81,0.398,1.84,850,True,ok
0130240AR,Celtis australis,431586,19.29,48.2,7.84,5.68,0.326,2.24,881,True,ok
0130241AR,Platanus × acerifolia,431586,14.82,41.2,7.25,6.43,0.222,3.01,882,True,ok
0130243AR,Styphnolobium japonicum,431586,9.73,25.8,5.73,4.87,0.07,5.31,413,True,ok
0130244AR,Robinia pseudoacacia,431586,14.69,65.5,9.13,6.25,0.263,2.67,3511,True,ok
0130245AR,Styphnolobium japonicum,431586,12.56,19.2,4.95,7.62,0.21,3.12,352,True,ok
0130247AR,Styphnolobium japonicum,431586,9.75,57.2,8.54,5.14,0.183,3.4,1035,True,ok
0130248AR,Platanus × acerifolia,431586,7.34,15.0,4.37,4.39,0.419,1.74,346,True,ok
0130249AR,Brachychiton populneus,431586,6.57,7.0,2.99,4.07,0.35,2.1,100,True,ok
0130250AR,Brachychiton populneus,431586,5.67,2.8,1.87,3.41,0.345,2.13,58,False,tile_edge
0130251AR,Cercis siliquastrum,431586,20.42,49.2,7.92,4.47,0.271,2.61,1820,True,ok
0130254AR,Grevillea robusta,431586,10.62,27.5,5.92,4.61,0.329,2.22,626,True,ok
0130257AR,Platanus × acerifolia,431586,18.77,1.5,1.38,11.75,0.407,1.8,51,True,no_crown_detected
0130258AR,Brachychiton populneus,431586,15.01,17.2,4.69,4.91,0.184,3.39,294,True,ok
0130260AR,Grevillea robusta,431586,19.94,54.0,8.29,4.67,0.261,2.69,1973,True,ok
0130261AR,Brachychiton populneus,431586,,0.0,0.0,,,,0,True,no_crown_detected
0130262AR,Platanus × acerifolia,431586,8.83,2.0,1.6,4.72,0.5,1.39,28,True,few_points
0130264AR,Styphnolobium japonicum,431586,10.89,17.0,4.65,6.12,0.018,7.82,218,True,ok
0130268AR,Brachychiton populneus,431586,,0.0,0.0,,,,0,True,no_crown_detected
0130269AR,Acer negundo,431586,6.61,16.0,4.51,3.8,0.407,1.8,493,True,ok
0130270AR,Jacaranda mimosifolia,431586,10.68,68.0,9.3,5.9,0.215,3.07,1112,True,ok
0130271AR,Prunus cerasifera,431586,9.78,25.0,5.64,5.37,0.296,2.43,860,True,ok
0130273AR,Brachychiton acerifolius,431586,7.29,8.0,3.19,4.22,0.304,2.38,115,True,ok
0130275AR,Melia azedarach,431586,9.92,29.0,6.08,4.67,0.209,3.13,1225,True,ok
0130283AR,Platanus × acerifolia,431586,15.48,76.8,9.89,7.3,0.238,2.87,3926,True,ok
0130284AR,Platanus × acerifolia,431586,17.45,110.8,11.87,8.98,0.272,2.6,2836,True,ok
0130288AR,Styphnolobium japonicum,431586,10.71,50.0,7.98,6.27,0.123,4.19,918,True,ok
0130289AR,Grevillea robusta,431586,13.91,6.8,2.93,4.32,0.219,3.04,160,True,ok
0130290AR,Platanus × acerifolia,431586,16.09,85.8,10.45,8.75,0.274,2.59,1914,True,ok
0130291AR,Grevillea robusta,431586,15.14,15.2,4.41,5.44,0.158,3.7,419,True,ok
0130293AR,Melia azedarach,431586,12.17,45.0,7.57,5.34,0.197,3.25,997,True,ok
0130294AR,Ligustrum lucidum,431586,10.28,4.2,2.33,3.86,0.19,3.32,63,True,ok
0130295AR,Styphnolobium japonicum,431586,12.74,26.8,5.84,4.63,0.19,3.32,541,True,ok
0130296AR,Styphnolobium japonicum,431586,8.99,2.2,1.69,6.48,0.283,2.53,74,False,tile_edge
0130299AR,Grevillea robusta,431586,15.47,37.5,6.91,7.38,0.143,3.89,887,True,ok
0130300AR,Celtis australis,431586,8.41,79.0,10.03,4.68,0.272,2.6,1601,True,ok
0130302AR,Tipuana tipu,431586,13.48,113.2,12.01,6.62,0.18,3.43,2349,True,ok
0130304AR,Populus alba,431586,10.26,15.0,4.37,4.2,0.321,2.27,739,True,ok
0130307AR,Styphnolobium japonicum,431586,13.83,19.0,4.92,8.63,0.161,3.65,341,True,ok
0130308AR,Jacaranda mimosifolia,431586,4.62,9.8,3.52,2.36,0.164,3.62,183,True,ok
0130309AR,Platanus × acerifolia,431586,14.37,29.8,6.15,9.47,0.262,2.68,676,True,ok
0130310AR,Styphnolobium japonicum,431586,9.64,2.2,1.69,5.18,0.017,7.82,58,True,ok
0130311AR,Styphnolobium japonicum,431586,8.54,13.5,4.15,5.16,0.113,4.37,204,True,ok
0130312AR,Populus alba,431586,15.89,33.5,6.53,4.24,0.205,3.17,940,True,ok
0130313AR,Platanus × acerifolia,431586,11.38,44.2,7.51,5.85,0.252,2.76,2076,True,ok
0130315AR,Platanus × acerifolia,431586,15.97,2.8,1.87,6.72,0.371,1.98,62,True,ok
0130317AR,Juglans nigra,431586,8.45,26.5,5.81,3.21,0.451,1.59,1128,False,tile_edge
0130322AR,Styphnolobium japonicum,431586,8.45,26.8,5.84,4.71,0.11,4.41,445,True,ok
0130323AR,Robinia pseudoacacia,431586,12.47,47.2,7.76,6.41,0.253,2.75,1205,True,ok
0130324AR,Grevillea robusta,431586,12.43,15.8,4.48,5.3,0.275,2.58,440,True,ok
0130325AR,Styphnolobium japonicum,431586,11.84,15.0,4.37,7.92,0.071,5.29,197,True,ok
0130327AR,Brachychiton populneus,431586,9.35,9.5,3.48,2.37,0.124,4.17,169,True,ok
0130328AR,Cupressus sempervirens,431586,7.44,2.0,1.6,2.35,0.082,5.01,90,False,tile_edge
0130331AR,Styphnolobium japonicum,431586,9.11,36.2,6.79,5.63,0.271,2.61,665,True,ok
0130332AR,Styphnolobium japonicum,431586,14.46,34.0,6.58,8.55,0.033,6.81,571,True,ok
0130335AR,Parrotia persica,431586,5.42,3.8,2.19,2.78,0.432,1.68,74,True,ok
0130337AR,Styphnolobium japonicum,431586,11.06,41.8,7.29,6.51,0.087,4.88,701,True,ok
0130339AR,Grevillea robusta,431586,17.0,2.2,1.69,4.18,0.143,3.89,139,True,ok
0130341AR,Platanus × acerifolia,431586,9.7,2.2,1.69,6.17,0.362,2.03,58,True,ok
0130342AR,Cupressus sempervirens,431586,8.51,1.2,1.26,2.13,0.049,6.04,61,True,no_crown_detected
0130344AR,Celtis australis,431586,12.62,58.2,8.61,7.98,0.216,3.06,1157,True,ok
0130345AR,Platanus × acerifolia,431586,15.31,73.8,9.69,8.74,0.254,2.74,1613,True,ok
0130346AR,Styphnolobium japonicum,431586,11.06,33.2,6.51,6.61,0.114,4.34,569,True,ok
0130348AR,Acer campestre,431586,7.52,8.2,3.24,3.88,0.302,2.39,252,True,ok
0130349AR,Prunus cerasifera,431586,5.71,8.0,3.19,3.25,0.369,2.0,232,True,ok
0130350AR,Melia azedarach,431586,,0.0,0.0,,,,0,True,no_crown_detected
0130352AR,Brachychiton populneus,431586,9.64,7.8,3.14,4.8,0.273,2.6,121,True,ok
0130353AR,Ulmus pumila,431586,7.58,9.0,3.39,3.84,0.388,1.89,308,True,ok
0130355AR,Styphnolobium japonicum,431586,14.51,26.8,5.84,7.45,0.075,5.19,495,True,ok
0130357AR,Styphnolobium japonicum,431586,14.62,66.8,9.22,7.2,0.11,4.41,1280,True,ok
0130358AR,Styphnolobium japonicum,431586,12.27,46.0,7.65,6.99,0.164,3.61,839,True,ok
0130359AR,Styphnolobium japonicum,431586,6.02,12.0,3.91,4.47,0.446,1.62,222,True,ok
0130361AR,Platanus × acerifolia,431586,13.43,40.0,7.14,7.56,0.315,2.31,913,True,ok
0130362AR,Robinia pseudoacacia,431586,13.36,9.8,3.52,3.51,0.223,3.0,166,True,ok
0130367AR,Brachychiton populneus,431586,5.82,1.2,1.26,3.67,0.476,1.48,30,True,no_crown_detected
0130368AR,Styphnolobium japonicum,431586,13.53,20.2,5.08,10.42,0.152,3.77,323,True,ok
0130371AR,Robinia pseudoacacia,431586,8.5,24.0,5.53,6.04,0.168,3.56,321,True,ok
0130376AR,Styphnolobium japonicum,431586,14.54,63.5,8.99,7.35,0.034,6.79,1043,True,ok
0130379AR,Styphnolobium japonicum,431586,10.49,23.5,5.47,6.21,0.177,3.46,378,True,ok
0130381AR,Platanus × acerifolia,431586,18.48,82.8,10.26,9.85,0.246,2.81,3717,True,ok
0130384AR,Platanus × acerifolia,431586,18.69,82.8,10.26,8.88,0.207,3.15,1983,True,ok
0130385AR,Robinia pseudoacacia,431586,7.26,1.2,1.26,6.29,0.538,1.24,13,True,no_crown_detected
0130386AR,Styphnolobium japonicum,431586,7.35,4.2,2.33,3.98,0.207,3.15,82,True,ok
0130393AR,Tipuana tipu,431586,12.46,122.8,12.5,6.46,0.229,2.95,2921,True,ok
0130394AR,Brachychiton populneus,431586,5.56,2.0,1.6,2.28,0.273,2.6,55,True,ok
0130396AR,Prunus cerasifera,431586,3.73,1.2,1.26,2.61,0.312,2.33,32,True,no_crown_detected
0130397AR,Melia azedarach,431586,17.99,89.0,10.65,4.41,0.298,2.42,4156,True,ok
0130401AR,Styphnolobium japonicum,431586,16.75,39.8,7.11,11.28,0.024,7.5,680,True,ok
0130403AR,Acer × freemanii AUTUMN,431586,,0.0,0.0,,,,0,True,no_crown_detected
0130405AR,Styphnolobium japonicum,431586,11.4,11.8,3.87,6.46,0.22,3.03,232,True,ok
0130406AR,Styphnolobium japonicum,431586,18.59,12.0,3.91,8.88,0.194,3.28,232,True,ok
0130410AR,Styphnolobium japonicum,431586,7.68,15.2,4.41,4.63,0.328,2.23,308,True,ok
0130411AR,Melia azedarach,431586,19.49,33.0,6.48,5.29,0.297,2.43,606,True,ok
0130413AR,Platanus × acerifolia,431586,23.47,186.0,15.39,10.49,0.087,4.88,4267,True,ok
0130415AR,Jacaranda mimosifolia,431586,9.28,12.8,4.03,4.15,0.403,1.82,313,True,ok
0130420AR,Styphnolobium japonicum,431586,14.36,25.8,5.73,6.63,0.0,7.82,455,True,ok
0130421AR,Acer negundo,431586,5.38,13.5,4.15,3.44,0.378,1.95,371,True,ok
0130423AR,Ligustrum lucidum,431586,4.61,11.2,3.78,3.32,0.372,1.98,194,True,ok
0130425AR,Platanus × acerifolia,431586,11.87,3.8,2.19,8.89,0.326,2.24,95,True,ok
0130426AR,Robinia pseudoacacia,431586,15.11,62.5,8.92,7.16,0.114,4.35,2756,True,ok
0130427AR,Platanus × acerifolia,431586,15.99,78.2,9.98,8.91,0.218,3.04,1975,True,ok
0130428AR,Styphnolobium japonicum,431586,11.32,18.2,4.82,8.16,0.0,7.82,223,True,ok
0130433AR,Platanus × acerifolia,431586,17.8,76.0,9.84,9.66,0.3,2.41,2066,True,ok
0130434AR,Styphnolobium japonicum,431586,10.37,16.2,4.55,7.34,0.224,3.0,304,True,ok
0130435AR,Styphnolobium japonicum,431586,20.31,23.0,5.41,8.31,0.024,7.49,424,True,ok
0130437AR,Robinia pseudoacacia,431586,8.54,3.2,2.03,5.79,0.371,1.98,50,True,ok
0130440AR,Styphnolobium japonicum,431586,19.82,7.2,3.04,10.09,0.0,7.82,73,True,ok
0130441AR,Platanus × acerifolia,431586,17.26,96.0,11.06,6.78,0.221,3.02,2293,True,ok
0130443AR,Brachychiton populneus,431586,3.6,5.2,2.59,2.78,0.384,1.92,73,True,ok
0130445AR,Styphnolobium japonicum,431586,10.13,29.5,6.13,5.27,0.178,3.45,589,True,ok
0130446AR,Cercis siliquastrum,431586,10.75,38.5,7.0,5.45,0.16,3.66,1447,True,ok
0130447AR,Styphnolobium japonicum,431586,13.05,7.2,3.04,8.88,0.304,2.38,135,True,ok
0130449AR,Styphnolobium japonicum,431586,10.53,32.2,6.41,5.79,0.198,3.24,605,True,ok
0130454AR,Melia azedarach,431586,5.2,10.5,3.66,2.26,0.138,3.97,357,True,ok
0130455AR,Citrus × aurantium,431586,5.54,11.0,3.74,4.28,0.454,1.58,194,True,ok
0130457AR,Platanus × acerifolia,431586,18.23,116.2,12.17,9.54,0.177,3.46,3207,True,ok
0130458AR,Platanus × acerifolia,431586,14.14,46.5,7.69,8.97,0.3,2.41,1054,True,ok
0130459AR,Platanus × acerifolia,431586,22.6,238.8,17.44,11.14,0.155,3.73,6463,True,ok
0130460AR,Acer negundo,431586,11.79,6.2,2.82,3.98,0.26,2.69,126,True,ok
0130462AR,Celtis australis,431586,,0.0,0.0,,,,0,True,no_crown_detected
0130463AR,Tipuana tipu,431586,13.38,63.2,8.97,5.05,0.163,3.63,1330,True,ok
0130465AR,Brachychiton populneus,431586,7.81,27.0,5.86,2.27,0.256,2.73,305,True,ok
0130468AR,Robinia pseudoacacia,431586,9.25,16.8,4.62,6.94,0.2,3.22,175,False,tile_edge
0130469AR,Grevillea robusta,431586,,0.0,0.0,,,,0,True,no_crown_detected
0130477AR,Grevillea robusta,431586,9.52,16.5,4.58,3.83,0.217,3.06,825,True,ok
0130483AR,Jacaranda mimosifolia,431586,9.71,59.5,8.7,5.26,0.197,3.25,1179,True,ok
0130484AR,Melia azedarach,431586,11.61,72.5,9.61,5.32,0.196,3.26,1559,True,ok
0130488AR,Melia azedarach,431586,19.55,23.0,5.41,2.3,0.182,3.41,919,True,ok
0130492AR,Jacaranda mimosifolia,431586,9.0,26.8,5.84,4.81,0.192,3.3,500,True,ok
0130493AR,Styphnolobium japonicum,431586,9.38,2.0,1.6,3.4,0.227,2.96,44,False,tile_edge
0130494AR,Citrus × aurantium,431586,4.42,7.0,2.99,3.39,0.443,1.63,115,True,ok
0130501AR,Styphnolobium japonicum,431586,14.82,3.8,2.19,12.78,0.042,6.36,48,True,few_points
0130510AR,Jacaranda mimosifolia,431586,9.68,41.5,7.27,5.4,0.235,2.9,851,True,ok
0130511AR,Populus alba,431586,19.86,28.0,5.97,5.89,0.196,3.26,1815,False,tile_edge
0130514AR,Styphnolobium japonicum,431586,19.89,40.0,7.14,7.16,0.064,5.51,503,True,ok
0130517AR,Styphnolobium japonicum,431586,12.66,26.2,5.78,6.72,0.087,4.88,458,True,ok
0130518AR,Robinia pseudoacacia,431586,20.78,60.0,8.74,8.03,0.117,4.28,2537,True,ok
0130519AR,Platanus × acerifolia,431586,13.65,75.8,9.82,7.54,0.249,2.78,1674,True,ok
0130521AR,Platanus × acerifolia,431586,18.13,99.2,11.24,8.9,0.241,2.85,2701,True,ok
0130522AR,Platanus × acerifolia,431586,11.91,3.0,1.95,6.31,0.188,3.34,69,True,ok
0130524AR,Brachychiton populneus,431586,7.28,9.2,3.43,4.47,0.393,1.87,117,True,ok
0130526AR,Platanus × acerifolia,431586,18.81,34.2,6.6,8.08,0.225,2.98,1598,True,ok
0130529AR,Styphnolobium japonicum,431586,13.08,17.0,4.65,8.46,0.004,7.82,263,True,ok
0130530AR,Citrus × aurantium,431586,13.8,23.5,5.47,4.34,0.292,2.46,370,True,ok
0130532AR,Celtis australis,431586,13.05,47.2,7.76,7.27,0.23,2.94,899,True,ok
0130533AR,Grevillea robusta,431586,,0.0,0.0,,,,0,True,no_crown_detected
0130541AR,Juglans regia,431586,5.28,12.2,3.95,3.07,0.456,1.57,480,True,ok
0130542AR,Brachychiton populneus,431586,10.48,12.2,3.95,4.74,0.173,3.51,208,True,ok
0130543AR,Styphnolobium japonicum,431586,8.72,15.5,4.44,5.61,0.0,7.82,196,True,ok
0130546AR,Cupressus sempervirens,431586,8.68,0.8,0.98,1.8,0.125,4.16,35,True,no_crown_detected
0130547AR,Platanus × acerifolia,431586,15.47,62.0,8.88,7.59,0.255,2.74,1611,True,ok
0131648AR,Citrus × aurantium,431586,5.03,10.0,3.57,4.36,0.433,1.68,327,True,ok
0131662AR,Citrus × aurantium,431586,,0.0,0.0,,,,0,True,no_crown_detected
0131663AR,Platanus × acerifolia,431586,6.96,0.8,0.98,5.2,0.438,1.65,27,False,tile_edge
0131668AR,Platanus × acerifolia,431586,15.45,118.0,12.26,9.01,0.256,2.73,2593,True,ok
0131675AR,Platanus × acerifolia,431586,15.93,40.0,7.14,7.21,0.395,1.86,2569,False,tile_edge
0131684AR,Platanus × acerifolia,431586,13.47,52.8,8.2,7.99,0.292,2.46,1402,True,ok
0131685AR,Brachychiton populneus,431586,,0.0,0.0,,,,0,True,no_crown_detected
0131694AR,Citrus × aurantium,431586,14.96,16.0,4.51,3.46,0.324,2.25,581,False,tile_edge
0131696AR,Brachychiton populneus,431586,8.38,7.0,2.99,3.31,0.364,2.02,364,True,ok
0131699AR,Platanus × acerifolia,431586,13.02,73.2,9.66,4.97,0.351,2.1,4139,False,tile_edge
0131701AR,Platanus × acerifolia,431586,15.0,60.5,8.78,8.19,0.256,2.72,1424,True,ok
0131735AR,Citrus × aurantium,431586,5.26,6.0,2.76,4.21,0.443,1.63,213,True,ok
0131737AR,Platanus × acerifolia,431586,14.51,1.2,1.26,9.02,0.417,1.75,42,True,no_crown_detected
0131741AR,Brachychiton populneus,431586,6.24,12.0,3.91,3.44,0.458,1.56,410,True,ok
0131757AR,Tipuana tipu,431586,9.78,17.0,4.65,4.87,0.322,2.27,357,True,ok
0131762AR,Citrus × aurantium,431586,6.04,6.5,2.88,4.34,0.383,1.92,269,True,ok
0131772AR,Citrus × aurantium,431586,,0.0,0.0,,,,0,True,no_crown_detected
0131778AR,Platanus × acerifolia,431586,8.42,14.0,4.22,2.03,0.202,3.2,267,True,ok
0131783AR,Citrus × aurantium,431586,5.75,11.2,3.78,4.01,0.387,1.9,207,True,ok
0131795AR,Platanus × acerifolia,431586,19.18,72.2,9.59,11.52,0.319,2.28,2998,False,tile_edge
0131799AR,Platanus × acerifolia,431586,21.3,69.0,9.37,12.06,0.296,2.43,3486,False,tile_edge
0131804AR,Koelreuteria paniculata,431586,15.56,26.0,5.75,6.88,0.242,2.83,1045,True,ok
0131814AR,Koelreuteria paniculata,431586,8.46,3.0,1.95,4.2,0.386,1.91,111,True,ok
0131820AR,Tipuana tipu,431586,12.32,116.5,12.18,6.12,0.205,3.17,2656,True,ok
0131831AR,Tipuana tipu,431586,9.3,52.5,8.18,3.76,0.29,2.48,2423,False,tile_edge
0131834AR,Celtis australis,431586,7.56,49.5,7.94,4.17,0.437,1.65,1879,False,tile_edge
0131840AR,Platanus × acerifolia,431586,13.98,51.8,8.12,7.84,0.275,2.58,1427,True,ok
0131846AR,Platanus × acerifolia,431586,11.96,19.0,4.92,7.52,0.191,3.32,404,True,ok
0131848AR,Celtis australis,431586,11.25,21.2,5.2,7.34,0.217,3.06,782,True,ok
0131849AR,Platanus × acerifolia,431586,15.04,70.2,9.46,7.41,0.203,3.19,1556,True,ok
0131862AR,Platanus × acerifolia,431586,14.03,10.2,3.61,11.35,0.285,2.51,347,True,ok
0131870AR,Platanus × acerifolia,431586,15.78,22.5,5.35,9.49,0.292,2.46,1165,True,ok
0131879AR,Platanus × acerifolia,431586,11.02,27.5,5.92,6.26,0.322,2.26,1186,True,ok
0131894AR,Platanus × acerifolia,431586,16.19,94.0,10.94,7.32,0.366,2.01,5241,True,ok
0131905AR,Pyrus calleryana,431586,6.96,12.0,3.91,3.84,0.546,1.21,423,True,ok
0131907AR,Brachychiton populneus,431586,6.45,4.0,2.26,2.77,0.191,3.31,196,True,ok
0131912AR,Platanus × acerifolia,431586,14.9,52.5,8.18,9.17,0.274,2.59,2423,True,ok
0131914AR,Brachychiton populneus,431586,6.78,8.2,3.24,3.98,0.35,2.1,123,True,ok
0131922AR,Platanus × acerifolia,431586,19.57,76.5,9.87,12.35,0.152,3.76,1568,True,ok
0131933AR,Platanus × acerifolia,431586,15.49,61.8,8.87,8.36,0.262,2.68,1518,True,ok
0131934AR,Platanus × acerifolia,431586,11.41,2.2,1.69,9.82,0.364,2.02,44,True,few_points
0131948AR,Citrus × aurantium,431586,,0.0,0.0,,,,0,True,no_crown_detected
0131966AR,Platanus × acerifolia,431586,16.21,1.8,1.49,9.64,0.289,2.48,68,True,no_crown_detected
0131971AR,Platanus × acerifolia,431586,17.0,45.0,7.57,9.24,0.289,2.48,2323,True,ok
0131992AR,Platanus × acerifolia,431586,14.61,57.8,8.57,6.09,0.166,3.59,1359,True,ok
0131997AR,Citrus × aurantium,431586,5.22,9.5,3.48,3.95,0.331,2.21,325,True,ok
0131999AR,Platanus × acerifolia,431586,12.39,56.5,8.48,5.79,0.355,2.07,2941,True,ok
0132048AR,Platanus × acerifolia,431586,18.77,100.0,11.28,10.29,0.291,2.47,4676,True,ok
0132049AR,Platanus × acerifolia,431586,13.02,80.8,10.14,7.52,0.256,2.73,1736,True,ok
0132051AR,Grevillea robusta,431586,10.32,2.8,1.87,4.07,0.309,2.35,199,True,ok
0132055AR,Citrus × aurantium,431586,12.15,20.5,5.11,3.93,0.246,2.81,636,True,ok
0132091AR,Celtis australis,431586,6.63,6.5,2.88,4.74,0.479,1.47,238,True,ok
0132093AR,Citrus × aurantium,431586,12.53,6.0,2.76,4.13,0.329,2.23,224,True,ok
0132104AR,Platanus × acerifolia,431586,16.97,78.5,10.0,5.97,0.313,2.32,4650,True,ok
0132123AR,Grevillea robusta,431586,15.17,23.0,5.41,6.58,0.151,3.78,1034,True,ok
0132164AR,Brachychiton populneus,431586,6.94,7.0,2.99,3.12,0.353,2.09,322,True,ok
0132179AR,Platanus × acerifolia,431586,12.18,2.8,1.87,6.6,0.431,1.68,176,True,ok
0132181AR,Citrus × aurantium,431586,5.11,7.5,3.09,4.22,0.451,1.59,214,True,ok
0132182AR,Platanus × acerifolia,431586,14.01,95.5,11.03,6.04,0.361,2.04,5066,True,ok
0132185AR,Pyrus calleryana,431586,6.49,4.2,2.33,3.01,0.429,1.69,164,True,ok
0132189AR,Celtis australis,431586,7.39,13.8,4.18,4.15,0.367,2.0,478,True,ok
0132210AR,Photinia x fraseri,431586,4.95,9.5,3.48,2.96,0.48,1.47,261,True,ok
0132223AR,Tipuana tipu,431586,10.34,38.0,6.96,3.99,0.291,2.47,1509,False,tile_edge
0132269AR,Platanus × acerifolia,431586,17.65,100.0,11.28,3.6,0.116,4.3,2799,True,ok
0132272AR,Celtis australis,431586,12.15,19.5,4.98,7.48,0.258,2.71,828,True,ok
0132278AR,Platanus × acerifolia,431586,15.53,89.0,10.65,4.94,0.351,2.09,5160,False,tile_edge
0132286AR,Celtis australis,431586,14.66,3.0,1.95,4.51,0.384,1.92,112,True,ok
0132295AR,Platanus × acerifolia,431586,17.33,43.8,7.46,7.05,0.281,2.54,2161,True,ok
0132306AR,Platanus × acerifolia,431586,21.16,88.5,10.62,11.69,0.255,2.74,4446,True,ok
0132312AR,Platanus × acerifolia,431586,13.86,108.0,11.73,7.97,0.264,2.66,2599,True,ok
0132313AR,Platanus × acerifolia,431586,12.12,2.2,1.69,10.06,0.293,2.46,41,True,few_points
0132324AR,Eucalyptus camaldulensis,431586,9.59,7.2,3.04,3.18,0.24,2.86,438,True,ok
0132362AR,Platanus × acerifolia,431586,15.43,92.0,10.82,7.8,0.425,1.71,5284,True,ok
0132370AR,Celtis australis,431586,7.94,16.8,4.62,4.46,0.487,1.44,659,True,ok
0132377AR,Platanus × acerifolia,431586,16.24,103.2,11.47,7.34,0.273,2.59,5239,True,ok
0132383AR,Platanus × acerifolia,431586,12.76,35.0,6.68,4.37,0.335,2.19,1882,True,ok
0132384AR,Celtis australis,431586,18.13,6.2,2.82,3.65,0.52,1.31,143,True,ok
0132389AR,Platanus × acerifolia,431586,16.14,36.8,6.84,8.08,0.39,1.88,2081,True,ok
0132391AR,Citrus × aurantium,431586,4.41,4.2,2.33,3.68,0.444,1.62,81,True,ok
0132406AR,Melia azedarach,431586,4.18,1.8,1.49,2.76,0.474,1.49,51,True,no_crown_detected
0132412AR,Platanus × acerifolia,431586,15.81,54.5,8.33,9.3,0.289,2.48,1295,True,ok
0132414AR,Citrus × aurantium,431586,5.51,15.5,4.44,3.74,0.43,1.69,488,True,ok
0132428AR,Platanus × acerifolia,431586,17.76,2.2,1.69,7.38,0.019,7.82,113,True,ok
0132441AR,Grevillea robusta,431586,12.76,5.0,2.52,2.08,0.209,3.13,280,True,ok
0132446AR,Citrus × aurantium,431586,12.82,7.5,3.09,3.59,0.392,1.87,224,True,ok
0132461AR,Platanus × acerifolia,431586,15.52,63.8,9.01,8.73,0.27,2.62,1424,True,ok
0132473AR,Platanus × acerifolia,431586,16.86,72.8,9.62,9.27,0.325,2.25,3358,True,ok
0132479AR,Platanus × acerifolia,431586,17.25,87.5,10.56,8.61,0.358,2.05,4730,True,ok
0132484AR,Platanus × acerifolia,431586,14.92,59.0,8.67,7.76,0.434,1.67,2974,True,ok
0132504AR,Platanus × acerifolia,431586,14.71,136.0,13.16,7.59,0.236,2.88,3063,True,ok
0132506AR,Platanus × acerifolia,431586,19.45,99.5,11.26,9.65,0.271,2.61,5253,True,ok
0132514AR,Citrus × aurantium,431586,,0.0,0.0,,,,0,True,no_crown_detected
0132518AR,Platanus × acerifolia,431586,12.09,2.8,1.87,9.67,0.396,1.85,111,True,ok
0132554AR,Platanus × acerifolia,431586,15.65,85.0,10.4,8.22,0.199,3.23,1720,True,ok
0132576AR,Platanus × acerifolia,431586,15.82,69.0,9.37,8.97,0.291,2.47,1623,True,ok
0132585AR,Citrus × aurantium,431586,5.26,7.5,3.09,3.93,0.395,1.86,147,True,ok
0132592AR,Platanus × acerifolia,431586,17.82,96.5,11.08,9.6,0.299,2.42,4736,True,ok
0132596AR,Celtis australis,431586,13.81,34.5,6.63,6.99,0.182,3.41,1194,True,ok
0132608AR,Citrus × aurantium,431586,11.13,7.5,3.09,3.97,0.311,2.33,313,True,ok
0132610AR,Platanus × acerifolia,431586,13.74,6.5,2.88,5.6,0.235,2.9,98,True,ok
0132615AR,Citrus × aurantium,431586,14.72,9.5,3.48,3.37,0.268,2.63,153,True,ok
0132616AR,Platanus × acerifolia,431586,16.31,61.8,8.87,7.34,0.252,2.76,1417,True,ok
0132617AR,Brachychiton populneus,431586,6.74,5.8,2.71,3.48,0.393,1.87,192,False,tile_edge
0132625AR,Celtis australis,431586,9.12,12.2,3.95,5.38,0.222,3.01,278,True,ok
0132635AR,Citrus × aurantium,431586,4.68,5.8,2.71,2.96,0.519,1.31,128,True,ok
0132644AR,Platanus × acerifolia,431586,17.2,191.2,15.6,7.04,0.327,2.24,11105,True,ok
0132659AR,Citrus × aurantium,431586,5.77,7.8,3.14,4.24,0.464,1.54,214,True,ok
0132678AR,Platanus × acerifolia,431586,19.63,123.5,12.54,10.72,0.149,3.81,3176,True,ok
0132680AR,Pyrus calleryana,431586,13.32,33.2,6.51,4.34,0.256,2.72,1296,True,ok
0132701AR,Celtis australis,431586,13.74,10.2,3.61,4.04,0.369,1.99,500,True,ok
0132702AR,Platanus × acerifolia,431586,15.01,125.8,12.65,5.03,0.345,2.13,6761,True,ok
0132711AR,Populus nigra,431586,19.12,51.2,8.08,6.71,0.154,3.74,1317,True,ok
0132712AR,Citrus × aurantium,431586,4.6,4.0,2.26,3.86,0.427,1.7,82,True,ok
0132748AR,Brachychiton populneus,431586,6.94,16.2,4.55,1.72,0.252,2.76,715,True,ok
0132760AR,Citrus × aurantium,431586,5.86,10.0,3.57,4.05,0.448,1.61,307,True,ok
0132761AR,Platanus × acerifolia,431586,13.17,22.0,5.29,7.43,0.317,2.3,556,True,ok
0132767AR,Platanus × acerifolia,431586,13.19,22.0,5.29,7.46,0.235,2.9,468,True,ok
0132778AR,Platanus × acerifolia,431586,4.98,6.0,2.76,3.76,0.453,1.58,106,True,ok
0132802AR,Celtis australis,431586,6.69,28.0,5.97,4.32,0.48,1.47,1073,False,tile_edge
0132807AR,Platanus × acerifolia,431586,14.55,38.2,6.98,5.52,0.244,2.82,970,True,ok
0132816AR,Celtis australis,431586,12.67,2.2,1.69,7.36,0.03,6.99,61,True,ok
0132820AR,Platanus × acerifolia,431586,13.66,1.0,1.13,2.04,0.0,7.82,32,True,no_crown_detected
0132830AR,Platanus × acerifolia,431586,17.05,141.8,13.43,8.91,0.282,2.53,3519,True,ok
0132840AR,Populus nigra,431586,18.9,57.8,8.57,7.76,0.294,2.45,2987,True,ok
0132843AR,Citrus × aurantium,431586,11.94,8.5,3.29,3.54,0.391,1.88,212,True,ok
0132902AR,Platanus × acerifolia,431586,14.28,68.2,9.32,5.33,0.41,1.78,3413,True,ok
0132910AR,Celtis australis,431586,10.45,1.5,1.38,10.29,0.2,3.22,24,True,no_crown_detected
0132912AR,Citrus × aurantium,431586,4.99,6.0,2.76,4.08,0.315,2.31,198,True,ok
0132954AR,Platanus × acerifolia,431586,14.67,2.2,1.69,6.65,0.273,2.6,76,True,ok
0132958AR,Celtis australis,431586,14.29,16.5,4.58,5.03,0.326,2.24,831,True,ok
0132961AR,Platanus × acerifolia,431586,20.26,4.8,2.46,5.04,0.107,4.47,291,True,ok
0132965AR,Platanus × acerifolia,431586,16.46,111.0,11.89,6.23,0.398,1.84,5658,True,ok
0132968AR,Platanus × acerifolia,431586,16.96,64.5,9.06,10.2,0.162,3.64,1267,True,ok
0132971AR,Platanus × acerifolia,431586,15.76,106.5,11.64,7.08,0.458,1.56,5937,True,ok
0133000AR,Eucalyptus camaldulensis,431586,17.17,57.5,8.56,4.85,0.386,1.9,3154,True,ok
0133013AR,Platanus × acerifolia,431586,15.47,50.5,8.02,7.92,0.261,2.69,1238,True,ok
0133019AR,Citrus × aurantium,431586,,0.0,0.0,,,,0,True,no_crown_detected
0133027AR,Platanus × acerifolia,431586,14.15,2.2,1.69,5.59,0.176,3.47,51,True,ok
0133055AR,Platanus × acerifolia,431586,35.01,72.8,9.62,8.09,0.203,3.19,1205,True,ok
0133075AR,Koelreuteria paniculata,431586,5.05,2.0,1.6,3.21,0.387,1.9,51,True,ok
0133080AR,Platanus × acerifolia,431586,17.11,128.8,12.8,6.59,0.34,2.16,7341,True,ok
0133092AR,Brachychiton populneus,431586,7.56,6.8,2.93,3.77,0.293,2.45,288,True,ok
0133098AR,Populus nigra,431586,11.26,16.8,4.62,3.35,0.199,3.23,877,False,tile_edge
0133099AR,Platanus × acerifolia,431586,14.52,49.8,7.96,7.76,0.226,2.98,1378,True,ok
0133107AR,Pyrus calleryana,431586,6.61,9.8,3.52,3.34,0.559,1.16,330,True,ok
0133125AR,Platanus × acerifolia,431586,14.9,36.5,6.82,9.11,0.238,2.87,827,True,ok
0133131AR,Brachychiton populneus,431586,6.89,17.8,4.75,2.2,0.217,3.06,490,True,ok
0133144AR,Brachychiton populneus,431586,9.01,14.2,4.26,3.0,0.317,2.3,612,True,ok
0133153AR,Platanus × acerifolia,431586,12.81,12.2,3.95,5.83,0.196,3.26,275,True,ok
0133167AR,Platanus × acerifolia,431586,14.42,23.8,5.5,9.04,0.185,3.37,470,True,ok
0133215AR,Platanus × acerifolia,431586,16.3,101.2,11.35,7.12,0.236,2.89,2385,True,ok
0133227AR,Platanus × acerifolia,431586,19.48,54.0,8.29,9.58,0.131,4.07,1278,True,ok
0133234AR,Citrus × aurantium,431586,5.42,6.0,2.76,3.92,0.448,1.6,155,False,tile_edge
0133244AR,Celtis australis,431586,9.82,1.5,1.38,8.7,0.167,3.58,30,True,no_crown_detected
0133267AR,Platanus × acerifolia,431586,15.98,61.8,8.87,8.21,0.353,2.08,3783,True,ok
0133268AR,Platanus × acerifolia,431586,13.92,20.5,5.11,9.49,0.299,2.41,411,True,ok
0133273AR,Celtis australis,431586,12.37,75.8,9.82,6.8,0.27,2.62,3032,True,ok
0133278AR,Citrus × aurantium,431586,5.7,10.2,3.61,1.68,0.299,2.42,338,True,ok
0133293AR,Citrus × aurantium,431586,6.35,20.2,5.08,3.92,0.332,2.21,659,True,ok
0133296AR,Citrus × aurantium,431586,8.16,10.2,3.61,4.04,0.447,1.61,258,True,ok
0133299AR,Platanus × acerifolia,431586,15.13,8.5,3.29,7.42,0.39,1.88,422,True,ok
0133314AR,Grevillea robusta,431586,15.79,58.2,8.61,6.35,0.162,3.64,1623,True,ok
0133323AR,Platanus × acerifolia,431586,16.26,60.0,8.74,8.47,0.245,2.82,1721,True,ok
0133327AR,Citrus × aurantium,431586,4.91,8.5,3.29,3.94,0.221,3.02,275,True,ok
0133328AR,Platanus × acerifolia,431586,16.82,48.8,7.88,9.47,0.199,3.23,1330,True,ok
0133329AR,Platanus × acerifolia,431586,16.3,133.5,13.04,7.73,0.191,3.31,3334,True,ok
0133331AR,Platanus × acerifolia,431586,14.95,67.2,9.25,5.21,0.327,2.24,4091,True,ok
0133335AR,Platanus × acerifolia,431586,18.46,74.8,9.76,8.74,0.177,3.46,1845,True,ok
0133356AR,Citrus × aurantium,431586,4.87,5.2,2.59,1.72,0.014,7.82,172,True,ok
0133397AR,Platanus × acerifolia,431586,16.79,25.8,5.73,9.27,0.304,2.38,1119,True,ok
0133401AR,Platanus × acerifolia,431586,16.9,105.8,11.6,9.42,0.226,2.98,2697,True,ok
0133415AR,Platanus × acerifolia,431586,21.46,115.2,12.11,10.26,0.215,3.07,6091,True,ok
0133416AR,Platanus × acerifolia,431586,19.66,114.5,12.07,10.53,0.222,3.01,5528,True,ok
0133423AR,Platanus × acerifolia,431586,17.79,50.5,8.02,2.74,0.125,4.16,1043,True,ok
0133428AR,Brachychiton populneus,431586,8.4,12.2,3.95,2.64,0.228,2.96,487,True,ok
0133432AR,Brachychiton populneus,431586,7.1,11.2,3.78,2.73,0.321,2.27,168,True,ok
0133434AR,Platanus × acerifolia,431586,12.91,6.8,2.93,7.93,0.462,1.54,347,True,ok
0133452AR,Brachychiton populneus,431586,6.92,9.8,3.52,3.45,0.319,2.29,360,True,ok
0133453AR,Celtis australis,431586,8.99,4.0,2.26,4.01,0.439,1.65,147,False,tile_edge
0133477AR,Pyrus calleryana,431586,8.42,11.5,3.83,4.28,0.465,1.53,445,True,ok
0133494AR,Platanus × acerifolia,431586,16.08,79.0,10.03,8.99,0.197,3.25,1947,True,ok
0133496AR,Tipuana tipu,431586,8.56,23.8,5.5,3.87,0.149,3.81,1002,False,tile_edge
0133503AR,Platanus × acerifolia,431586,15.36,142.0,13.45,8.73,0.203,3.19,3224,True,ok
0133511AR,Grevillea robusta,431586,15.76,59.8,8.72,6.18,0.258,2.71,2845,True,ok
0133517AR,Platanus × acerifolia,431586,17.94,132.2,12.98,7.11,0.392,1.88,7813,False,tile_edge
0133527AR,Platanus × acerifolia,431586,14.02,43.8,7.46,7.36,0.421,1.73,2294,True,ok
0133549AR,Platanus × acerifolia,431586,17.28,10.2,3.61,8.26,0.168,3.57,526,True,ok
0133559AR,Celtis australis,431586,6.95,29.2,6.1,3.99,0.412,1.77,990,True,ok
0133575AR,Citrus × aurantium,431586,5.31,6.2,2.82,4.38,0.514,1.33,112,True,ok
0133580AR,Citrus × aurantium,431586,4.45,4.8,2.46,3.12,0.54,1.23,134,True,ok
0133589AR,Pyrus calleryana,431586,8.77,6.0,2.76,3.39,0.391,1.88,271,True,ok
0133591AR,Platanus × acerifolia,431586,16.31,46.0,7.65,8.39,0.192,3.31,1790,True,ok
0133597AR,Platanus × acerifolia,431586,14.21,3.2,2.03,8.78,0.438,1.65,155,True,ok
0133603AR,Eucalyptus camaldulensis,431586,19.55,122.0,12.46,5.0,0.378,1.95,6355,True,ok
0133611AR,Citrus × aurantium,431586,6.4,9.0,3.39,3.99,0.452,1.59,231,True,ok
0133633AR,Pyrus calleryana,431586,5.81,7.0,2.99,3.37,0.476,1.48,126,True,ok
0133639AR,Citrus × aurantium,431586,8.8,7.5,3.09,3.77,0.34,2.16,235,True,ok
0133649AR,Citrus × aurantium,431586,12.64,9.0,3.39,3.79,0.312,2.33,233,True,ok
0133663AR,Platanus × acerifolia,431586,16.97,43.5,7.44,8.73,0.304,2.38,2100,True,ok
0133667AR,Citrus × aurantium,431586,4.92,7.5,3.09,3.49,0.449,1.6,136,True,ok
0133672AR,Citrus × aurantium,431586,4.93,4.0,2.26,3.87,0.481,1.46,79,True,ok
0133673AR,Celtis australis,431586,9.44,36.8,6.84,4.71,0.363,2.02,1485,True,ok
0133682AR,Brachychiton populneus,431586,6.67,2.0,1.6,3.14,0.217,3.05,107,False,tile_edge
0133684AR,Platanus × acerifolia,431586,16.14,36.0,6.77,8.48,0.218,3.05,864,True,ok
0133695AR,Citrus × aurantium,431586,4.81,8.2,3.24,3.66,0.138,3.96,94,True,ok
0133714AR,Platanus × acerifolia,431586,15.74,7.2,3.04,8.76,0.243,2.83,152,True,ok
0133736AR,Koelreuteria paniculata,431586,5.94,2.5,1.78,3.36,0.519,1.31,95,True,ok
0133738AR,Citrus × aurantium,431586,10.77,11.8,3.87,3.47,0.261,2.69,383,True,ok
0133746AR,Platanus × acerifolia,431586,20.94,70.0,9.44,10.72,0.218,3.05,3637,True,ok
0133752AR,Platanus × acerifolia,431586,15.38,55.8,8.43,7.7,0.339,2.16,3164,True,ok
0133753AR,Platanus × acerifolia,431586,11.34,2.2,1.69,5.47,0.309,2.35,55,True,ok
0133756AR,Platanus × acerifolia,431586,19.76,44.5,7.53,12.09,0.281,2.54,2047,False,tile_edge
0133765AR,Citrus × aurantium,431586,13.37,21.2,5.2,3.83,0.165,3.61,805,True,ok
0133767AR,Platanus × acerifolia,431586,10.18,8.8,3.34,2.3,0.148,3.83,357,True,ok
0133784AR,Platanus × acerifolia,431586,14.96,1.5,1.38,7.16,0.25,2.77,69,True,no_crown_detected
0133799AR,Platanus × acerifolia,431586,11.93,13.0,4.07,7.12,0.384,1.91,633,True,ok
0133809AR,Platanus × acerifolia,431586,17.96,78.5,10.0,9.93,0.356,2.07,4122,True,ok
0133818AR,Citrus × aurantium,431586,5.28,5.2,2.59,4.38,0.464,1.53,113,True,ok
0133820AR,Platanus × acerifolia,431586,18.39,90.8,10.75,9.59,0.385,1.91,5154,True,ok
0133829AR,Platanus × acerifolia,431586,11.58,2.0,1.6,6.42,0.255,2.73,47,True,few_points
0133843AR,Citrus × aurantium,431586,11.66,14.0,4.22,4.22,0.33,2.22,428,True,ok
0133851AR,Brachychiton populneus,431586,5.43,4.0,2.26,1.62,0.383,1.92,148,True,ok
0133853AR,Pyrus calleryana,431586,9.49,19.2,4.95,4.79,0.39,1.88,743,True,ok
0133873AR,Platanus × acerifolia,431586,16.34,63.5,8.99,8.89,0.381,1.93,3441,True,ok
0133882AR,Platanus × acerifolia,431586,13.38,2.2,1.69,1.62,0.164,3.62,55,True,ok
0133884AR,Platanus × acerifolia,431586,12.11,51.8,8.12,6.05,0.358,2.05,2757,True,ok
0133886AR,Brachychiton populneus,431586,9.56,5.8,2.71,3.54,0.275,2.58,304,True,ok
0133892AR,Platanus × acerifolia,431586,8.77,23.2,5.44,4.83,0.455,1.57,1070,False,tile_edge
0133905AR,Citrus × aurantium,431586,5.66,10.2,3.61,3.93,0.33,2.22,353,True,ok
0133909AR,Celtis australis,431586,13.37,9.5,3.48,3.92,0.447,1.61,387,True,ok
0133914AR,Platanus × acerifolia,431586,17.13,43.5,7.44,7.82,0.152,3.77,1161,True,ok
0133921AR,Platanus × acerifolia,431586,17.05,3.2,2.03,12.69,0.286,2.51,107,True,ok
0133931AR,Platanus × acerifolia,431586,13.88,2.2,1.69,3.65,0.439,1.65,166,True,ok
0133932AR,Brachychiton populneus,431586,7.49,17.5,4.72,3.5,0.438,1.65,770,True,ok
0133938AR,Platanus × acerifolia,431586,14.95,1.0,1.13,12.57,0.286,2.51,21,True,no_crown_detected
0133939AR,Citrus × aurantium,431586,5.29,7.5,3.09,3.76,0.19,3.32,273,True,ok
0133955AR,Platanus × acerifolia,431586,16.05,106.8,11.66,8.15,0.207,3.15,2872,True,ok
0133967AR,Platanus × acerifolia,431586,13.79,39.2,7.07,8.23,0.383,1.92,2112,True,ok
0133970AR,Platanus × acerifolia,431586,8.08,16.2,4.55,4.75,0.422,1.73,769,True,ok
0133971AR,Platanus × acerifolia,431586,16.13,57.2,8.54,10.15,0.284,2.51,1452,True,ok
0133972AR,Platanus × acerifolia,431586,13.97,50.5,8.02,7.78,0.284,2.52,1221,True,ok
0133973AR,Platanus × acerifolia,431586,14.15,39.0,7.05,5.88,0.386,1.91,2109,True,ok
0133986AR,Platanus × acerifolia,431586,14.04,12.8,4.03,7.92,0.088,4.85,226,True,ok
0133990AR,Citrus × aurantium,431586,5.28,7.2,3.04,1.74,0.087,4.89,230,True,ok
0134013AR,Platanus × acerifolia,431586,18.32,36.0,6.77,9.89,0.207,3.15,1831,True,ok
0134018AR,Platanus × acerifolia,431586,15.65,28.0,5.97,7.92,0.261,2.69,674,True,ok
0134019AR,Pyrus calleryana,431586,7.9,13.8,4.18,4.45,0.428,1.7,534,True,ok
0134026AR,Brachychiton populneus,431586,5.87,3.8,2.19,2.06,0.411,1.78,179,True,ok
0134028AR,Tipuana tipu,431586,11.09,117.0,12.21,4.66,0.278,2.56,5160,False,tile_edge
0134036AR,Platanus × acerifolia,431586,18.28,2.0,1.6,12.56,0.088,4.86,72,True,ok
0134039AR,Platanus × acerifolia,431586,16.21,52.8,8.2,9.11,0.298,2.42,2432,True,ok
0134056AR,Platanus × acerifolia,431586,14.33,50.5,8.02,7.66,0.26,2.69,1198,True,ok
0134061AR,Celtis australis,431586,6.6,3.8,2.19,4.63,0.432,1.68,80,True,ok
0134071AR,Grevillea robusta,431586,12.27,3.5,2.11,5.94,0.226,2.97,53,True,ok
0134087AR,Grevillea robusta,431586,,0.0,0.0,,,,0,True,no_crown_detected
0134097AR,Platanus × acerifolia,431586,15.37,55.0,8.37,7.46,0.218,3.05,1345,True,ok
0134104AR,Platanus × acerifolia,431586,11.85,5.2,2.59,6.07,0.469,1.52,315,True,ok
0134118AR,Platanus × acerifolia,431586,14.02,35.0,6.68,8.2,0.256,2.73,762,True,ok
0134125AR,Grevillea robusta,431586,10.69,11.2,3.78,6.15,0.175,3.49,498,True,ok
0134127AR,Platanus × acerifolia,431586,13.47,4.0,2.26,10.76,0.412,1.77,68,True,ok
0134147AR,Platanus × acerifolia,431586,15.74,66.5,9.2,8.57,0.2,3.22,1597,True,ok
0134149AR,Platanus × acerifolia,431586,13.8,90.2,10.72,6.18,0.348,2.11,5252,True,ok
0134151AR,Celtis australis,431586,15.38,29.2,6.1,5.3,0.314,2.32,1670,True,ok
0134160AR,Platanus × acerifolia,431586,16.2,51.8,8.12,8.1,0.145,3.86,1480,True,ok
0134179AR,Platanus × acerifolia,431586,14.25,91.0,10.76,7.03,0.275,2.58,2238,True,ok
0134188AR,Platanus × acerifolia,431586,15.26,44.2,7.51,8.02,0.213,3.09,1103,True,ok
0134199AR,Citrus × aurantium,431586,5.51,11.5,3.83,4.08,0.437,1.65,338,True,ok
0134209AR,Citrus × aurantium,431586,13.61,9.8,3.52,4.11,0.313,2.32,274,True,ok
0134214AR,Celtis australis,431586,6.92,15.5,4.44,4.48,0.493,1.41,618,True,ok
0134222AR,Eucalyptus camaldulensis,431586,16.68,18.0,4.79,5.31,0.377,1.95,993,True,ok
0134231AR,Citrus × aurantium,431586,5.24,4.0,2.26,4.23,0.137,3.97,129,True,ok
0134239AR,Platanus × acerifolia,431586,17.43,74.8,9.76,9.01,0.274,2.59,3497,True,ok
0134244AR,Koelreuteria paniculata,431586,6.1,2.5,1.78,2.82,0.281,2.54,62,True,ok
0134247AR,Platanus × acerifolia,431586,17.11,3.5,2.11,8.97,0.124,4.18,89,True,ok
0134288AR,Eucalyptus camaldulensis,431586,11.46,11.5,3.83,5.25,0.386,1.9,598,True,ok
0134298AR,Platanus × acerifolia,431586,17.22,0.8,0.98,16.41,0.562,1.15,23,True,no_crown_detected
0134309AR,Celtis australis,431586,7.37,2.2,1.69,4.75,0.277,2.57,78,True,ok
0134330AR,Celtis australis,431586,6.71,28.5,6.02,4.08,0.467,1.52,1076,True,ok
0134353AR,Celtis australis,431586,6.78,36.8,6.84,3.91,0.482,1.46,1434,True,ok
0134354AR,Prunus cerasifera,431586,,0.0,0.0,,,,0,True,no_crown_detected
0134359AR,Tipuana tipu,431586,9.51,7.5,3.09,5.72,0.316,2.31,358,False,tile_edge
0134376AR,Platanus × acerifolia,431586,19.14,117.5,12.23,8.78,0.204,3.18,3213,True,ok
0134379AR,Citrus × aurantium,431586,4.65,5.0,2.52,3.4,0.211,3.11,164,True,ok
0134393AR,Celtis australis,431586,13.38,17.5,4.72,4.52,0.311,2.34,705,True,ok
0134406AR,Citrus × aurantium,431586,15.05,8.5,3.29,3.96,0.117,4.3,295,True,ok
0134429AR,Platanus × acerifolia,431586,14.18,39.8,7.11,8.34,0.228,2.96,835,True,ok
0134440AR,Platanus × acerifolia,431586,18.35,113.5,12.02,9.18,0.245,2.81,2835,True,ok
0134459AR,Celtis australis,431586,4.72,2.0,1.6,3.82,0.467,1.52,74,False,tile_edge
0134479AR,Eucalyptus camaldulensis,431586,9.99,27.8,5.94,5.18,0.419,1.74,1314,True,ok
0134484AR,Celtis australis,431586,11.05,11.8,3.87,6.1,0.143,3.89,501,True,ok
0134485AR,Citrus × aurantium,431586,13.41,6.2,2.82,3.97,0.368,2.0,148,True,ok
0134489AR,Platanus × acerifolia,431586,12.3,4.5,2.39,9.17,0.125,4.16,96,True,ok
0134494AR,Platanus × acerifolia,431586,14.7,50.0,7.98,7.96,0.199,3.23,1176,True,ok
0134496AR,Celtis australis,431586,14.53,49.8,7.96,8.91,0.186,3.37,1916,True,ok
0134497AR,Citrus × aurantium,431586,10.39,11.0,3.74,3.72,0.298,2.42,374,True,ok
0134510AR,Tipuana tipu,431586,10.22,79.8,10.08,4.24,0.252,2.75,3848,False,tile_edge
0134513AR,Brachychiton populneus,431586,6.96,6.5,2.88,3.08,0.402,1.82,87,True,ok
0134518AR,Platanus × acerifolia,431586,15.66,31.5,6.33,8.07,0.207,3.15,668,True,ok
0134551AR,Citrus × aurantium,431586,11.27,5.0,2.52,3.96,0.419,1.74,125,True,ok
0134554AR,Brachychiton populneus,431586,5.8,6.8,2.93,2.22,0.404,1.81,288,False,tile_edge
0134555AR,Citrus × aurantium,431586,5.12,5.2,2.59,3.81,0.469,1.52,204,True,ok
0134562AR,Platanus × acerifolia,431586,17.11,96.5,11.08,8.04,0.338,2.17,5289,True,ok
0134588AR,Citrus × aurantium,431586,13.37,13.2,4.11,3.91,0.24,2.85,471,True,ok
0134595AR,Platanus × acerifolia,431586,9.83,19.2,4.95,5.58,0.371,1.98,985,True,ok
0134604AR,Brachychiton populneus,431586,5.61,4.8,2.46,2.69,0.442,1.63,194,True,ok
0134607AR,Celtis australis,431586,9.1,2.8,1.87,3.93,0.423,1.72,108,True,ok
0134608AR,Grevillea robusta,431586,11.78,4.2,2.33,4.87,0.325,2.25,258,True,ok
0134613AR,Platanus × acerifolia,431586,19.01,24.2,5.56,12.04,0.263,2.67,1158,False,tile_edge
0134616AR,Grevillea robusta,431586,15.06,41.2,7.25,4.68,0.211,3.11,2099,True,ok
0134667AR,Platanus × acerifolia,431586,14.41,103.8,11.49,7.87,0.253,2.75,2504,True,ok
0134679AR,Platanus × acerifolia,431586,15.5,91.2,10.78,6.08,0.316,2.31,4613,True,ok
0134688AR,Pyrus calleryana,431586,5.52,4.5,2.39,3.58,0.544,1.22,146,True,ok
0134696AR,Platanus × acerifolia,431586,9.88,33.2,6.51,6.13,0.353,2.08,1371,True,ok
0134702AR,Platanus × acerifolia,431586,16.54,2.2,1.69,10.92,0.273,2.6,99,True,ok
0134706AR,Brachychiton populneus,431586,6.92,10.8,3.7,2.51,0.263,2.67,455,True,ok
0134717AR,Platanus × acerifolia,431586,10.13,19.5,4.98,6.08,0.357,2.06,852,False,tile_edge
0134718AR,Platanus × acerifolia,431586,16.95,88.5,10.62,7.87,0.199,3.23,2386,True,ok
0134725AR,Platanus × acerifolia,431586,12.16,21.2,5.2,6.39,0.299,2.41,1053,True,ok
0134732AR,Citrus × aurantium,431586,4.99,9.8,3.52,3.56,0.15,3.79,120,True,ok
0134751AR,Platanus × acerifolia,431586,13.84,2.2,1.69,9.42,0.385,1.91,110,True,ok
0134771AR,Citrus × aurantium,431586,4.59,5.2,2.59,1.64,0.253,2.75,170,True,ok
0134775AR,Gleditsia triacanthos,431586,13.59,23.2,5.44,3.65,0.325,2.25,966,True,ok
0134777AR,Citrus × aurantium,431586,,0.0,0.0,,,,0,True,no_crown_detected
0134778AR,Citrus × aurantium,431586,4.54,5.2,2.59,3.49,0.47,1.51,111,True,ok
0134780AR,Platanus × acerifolia,431586,18.35,79.0,10.03,9.33,0.158,3.69,2167,True,ok
0134782AR,Brachychiton populneus,431586,7.27,7.0,2.99,2.43,0.423,1.72,315,True,ok
0134794AR,Platanus × acerifolia,431586,15.88,89.8,10.69,8.84,0.301,2.4,2048,True,ok
0134803AR,Brachychiton populneus,431586,6.79,7.2,3.04,3.74,0.444,1.62,271,True,ok
0134809AR,Brachychiton populneus,431586,5.38,4.2,2.33,2.48,0.436,1.66,154,True,ok
0134818AR,Grevillea robusta,431586,13.41,10.2,3.61,7.82,0.134,4.01,586,True,ok
0134828AR,Pyrus calleryana,431586,13.88,22.2,5.32,4.79,0.355,2.07,969,True,ok
0134835AR,Platanus × acerifolia,431586,15.3,70.2,9.46,9.42,0.303,2.39,1585,True,ok
0134842AR,Platanus × acerifolia,431586,16.2,46.0,7.65,8.0,0.261,2.69,1123,True,ok
0134850AR,Platanus × acerifolia,431586,17.64,56.2,8.46,8.57,0.179,3.44,1539,True,ok
0134856AR,Platanus × acerifolia,431586,19.72,68.0,9.3,10.43,0.189,3.33,3331,True,ok
0134871AR,Grevillea robusta,431586,13.38,5.2,2.59,7.27,0.143,3.89,217,True,ok
0134881AR,Celtis australis,431586,7.0,28.0,5.97,4.11,0.458,1.56,1008,True,ok
0134890AR,Platanus × acerifolia,431586,16.08,68.5,9.34,6.38,0.388,1.9,4230,True,ok
0134891AR,Celtis australis,431586,11.39,4.5,2.39,4.74,0.48,1.47,137,True,ok
0134908AR,Platanus × acerifolia,431586,16.97,23.0,5.41,9.72,0.379,1.94,1362,True,ok
0134911AR,Platanus × acerifolia,431586,18.36,81.8,10.2,8.11,0.243,2.83,3420,True,ok
0134932AR,Celtis australis,431586,9.38,13.5,4.15,4.88,0.466,1.53,570,True,ok
0134936AR,Platanus × acerifolia,431586,10.76,46.0,7.65,5.43,0.388,1.89,2218,True,ok
0134962AR,Citrus × aurantium,431586,6.62,14.0,4.22,4.24,0.405,1.81,436,True,ok
0134972AR,Tipuana tipu,431586,10.97,17.8,4.75,5.72,0.204,3.18,378,True,ok
0134985AR,Platanus × acerifolia,431586,9.37,46.8,7.72,4.43,0.483,1.46,2061,False,tile_edge
0134987AR,Platanus × acerifolia,431586,11.55,2.2,1.69,6.95,0.205,3.17,62,True,ok
0134988AR,Brachychiton populneus,431586,7.33,12.0,3.91,2.81,0.28,2.55,458,True,ok
0134999AR,Citrus × aurantium,431586,5.66,6.5,2.88,3.94,0.48,1.47,127,True,ok
0135002AR,Citrus × aurantium,431586,9.54,6.8,2.93,3.29,0.364,2.02,140,True,ok
0135012AR,Celtis australis,431586,11.46,12.8,4.03,3.47,0.528,1.28,507,True,ok
0135013AR,Platanus × acerifolia,431586,14.71,35.2,6.7,9.27,0.264,2.67,789,True,ok
0135015AR,Platanus × acerifolia,431586,21.59,104.0,11.51,11.62,0.216,3.07,5291,True,ok
0135017AR,Brachychiton populneus,431586,7.11,5.5,2.65,3.77,0.314,2.31,203,True,ok
0135037AR,Platanus × acerifolia,431586,10.25,2.5,1.78,7.67,0.438,1.65,100,True,ok
0143890AR,Prunus cerasifera,431586,6.73,25.8,5.73,3.16,0.389,1.89,1205,True,ok
0144087AR,Prunus cerasifera,431586,16.56,5.5,2.65,6.62,0.131,4.06,236,True,ok
0144106AR,Prunus cerasifera,431586,11.1,23.2,5.44,4.05,0.343,2.14,698,True,ok
0144361AR,Prunus cerasifera,431586,6.26,23.5,5.47,3.5,0.543,1.22,968,True,ok
0144815AR,Prunus cerasifera,431586,5.39,14.8,4.33,3.08,0.464,1.53,426,True,ok
0144929AR,Prunus cerasifera,431586,12.17,30.8,6.26,3.93,0.296,2.44,878,True,ok
0144983AR,Prunus cerasifera,431586,7.02,28.0,5.97,3.76,0.407,1.8,863,True,ok
0145055AR,Prunus cerasifera,431586,6.79,25.8,5.73,3.18,0.415,1.76,1304,True,ok
0145743AR,Cercis siliquastrum,431586,7.19,2.0,1.6,4.92,0.417,1.75,36,True,few_points
0145762AR,Platanus × acerifolia,431586,12.14,24.2,5.56,4.74,0.269,2.63,525,True,ok
0145763AR,Platanus × acerifolia,431586,10.38,1.5,1.38,4.03,0.167,3.58,12,True,no_crown_detected
0145824AR,Melia azedarach,431586,24.06,75.8,9.82,3.73,0.23,2.94,2527,True,ok
0145862AR,Platanus × acerifolia,431586,13.04,27.8,5.94,7.3,0.221,3.02,592,True,ok
0145890AR,Platanus × acerifolia,431586,18.38,2.2,1.69,13.14,0.212,3.11,87,True,ok
0145892AR,Cercis siliquastrum,431586,9.1,5.2,2.59,4.74,0.25,2.77,132,True,ok
0145901AR,Celtis australis,431586,7.7,25.2,5.67,5.16,0.435,1.66,802,True,ok
0145904AR,Celtis australis,431586,10.51,54.0,8.29,5.23,0.095,4.72,1613,False,tile_edge
0145928AR,Acer monspessulanum,431586,,0.0,0.0,,,,0,True,no_crown_detected
0145935AR,Melia azedarach,431586,31.66,50.0,7.98,6.01,0.171,3.53,708,True,ok
0145959AR,Acer monspessulanum,431586,,0.0,0.0,,,,0,True,no_crown_detected
0146002AR,Celtis australis,431586,7.44,7.0,2.99,4.9,0.227,2.96,210,False,tile_edge
0146018AR,Melia azedarach,431586,17.78,95.5,11.03,5.81,0.155,3.73,1918,True,ok
0146036AR,Platanus × acerifolia,431586,14.63,134.8,13.1,6.65,0.291,2.47,3297,False,tile_edge
0146042AR,Cercis siliquastrum,431586,3.69,4.0,2.26,1.65,0.284,2.52,67,True,ok
0146092AR,Celtis australis,431586,6.81,23.2,5.44,4.39,0.436,1.66,678,True,ok
0146194AR,Platanus × acerifolia,431586,12.79,60.2,8.76,6.33,0.418,1.75,1437,True,ok
0146205AR,Citrus × aurantium,431586,,0.0,0.0,,,,0,True,no_crown_detected
0146225AR,Platanus × acerifolia,431586,13.33,27.2,5.89,5.05,0.211,3.11,582,True,ok
0146229AR,Platanus × acerifolia,431586,16.16,77.8,9.95,7.25,0.221,3.02,1769,True,ok
0146231AR,Melia azedarach,431586,18.25,12.5,3.99,14.96,0.049,6.03,369,True,ok
0146261AR,Acer monspessulanum,431586,,0.0,0.0,,,,0,True,no_crown_detected
0146283AR,Platanus × acerifolia,431586,7.4,2.8,1.87,3.37,0.204,3.18,49,True,few_points
0146297AR,Platanus × acerifolia,431586,10.52,25.0,5.64,6.24,0.407,1.8,494,True,ok
0146311AR,Platanus × acerifolia,431586,21.98,76.5,9.87,10.62,0.147,3.83,3602,True,ok
0146326AR,Platanus × acerifolia,431586,19.05,150.8,13.85,7.42,0.166,3.59,3817,True,ok
0146345AR,Platanus × acerifolia,431586,13.25,44.5,7.53,6.77,0.306,2.37,929,True,ok
0146347AR,Platanus × acerifolia,431586,11.44,48.8,7.88,6.71,0.397,1.85,1055,True,ok
0146363AR,Melia azedarach,431586,12.9,55.0,8.37,7.13,0.318,2.29,2216,False,tile_edge
0146370AR,Melia azedarach,431586,7.55,28.5,6.02,4.13,0.352,2.09,1041,True,ok
0146372AR,Platanus × acerifolia,431586,16.49,121.5,12.44,6.32,0.151,3.78,2207,True,ok
0146408AR,Platanus × acerifolia,431586,13.12,60.2,8.76,6.06,0.214,3.08,1518,True,ok
0146429AR,Melia azedarach,431586,6.55,3.5,2.11,4.73,0.333,2.2,42,True,few_points
0146432AR,Platanus × acerifolia,431586,8.63,23.2,5.44,6.11,0.454,1.58,465,True,ok
0146439AR,Platanus × acerifolia,431586,9.01,2.5,1.78,5.46,0.377,1.95,53,True,ok
0146472AR,Platanus × acerifolia,431586,14.18,104.5,11.53,5.59,0.171,3.53,2393,True,ok
0146494AR,Platanus × acerifolia,431586,11.2,35.0,6.68,7.18,0.341,2.15,738,False,tile_edge
0146533AR,Cercis siliquastrum,431586,5.5,14.2,4.26,3.69,0.482,1.46,284,True,ok
0146560AR,Citrus × aurantium,431586,14.04,11.8,3.87,4.27,0.283,2.52,180,True,ok
0146572AR,Platanus × acerifolia,431586,14.03,36.0,6.77,7.5,0.233,2.91,836,True,ok
0146576AR,Citrus × aurantium,431586,10.56,10.0,3.57,3.76,0.188,3.34,202,True,ok
0146583AR,Platanus × acerifolia,431586,15.96,134.2,13.07,6.79,0.169,3.56,3266,True,ok
0146586AR,Platanus × acerifolia,431586,8.75,20.0,5.05,6.7,0.35,2.1,343,True,ok
0146596AR,Celtis australis,431586,16.62,25.5,5.7,5.21,0.425,1.71,912,True,ok
0146614AR,Platanus × acerifolia,431586,19.32,58.5,8.63,9.13,0.101,4.59,1409,True,ok
0146618AR,Platanus × acerifolia,431586,10.87,9.2,3.43,5.98,0.224,2.99,201,True,ok
0146619AR,Citrus × aurantium,431586,4.52,8.2,3.24,3.76,0.447,1.61,150,True,ok
0146623AR,Platanus × acerifolia,431586,15.07,95.8,11.04,2.64,0.2,3.22,2419,True,ok
0146634AR,Melia azedarach,431586,13.51,73.2,9.66,6.62,0.267,2.64,3225,True,ok
0146647AR,Cercis siliquastrum,431586,11.91,11.5,3.83,3.6,0.247,2.79,190,True,ok
0146670AR,Melia azedarach,431586,11.23,17.0,4.65,7.82,0.289,2.48,570,False,tile_edge
0146675AR,Platanus × acerifolia,431586,11.99,51.0,8.06,6.9,0.266,2.65,1055,True,ok
0146681AR,Melia azedarach,431586,28.9,3.5,2.11,6.7,0.101,4.58,69,True,ok
0146683AR,Celtis australis,431586,25.21,23.2,5.44,5.83,0.254,2.74,882,False,tile_edge
0146736AR,Platanus × acerifolia,431586,11.64,2.2,1.69,6.84,0.391,1.88,46,True,few_points
0146744AR,Melia azedarach,431586,7.87,1.0,1.13,7.41,0.375,1.96,30,True,no_crown_detected
0146751AR,Melia azedarach,431586,10.93,46.0,7.65,7.02,0.277,2.57,1665,False,tile_edge
0146753AR,Melia azedarach,431586,15.45,72.5,9.61,9.12,0.112,4.38,1440,True,ok
0146758AR,Platanus × acerifolia,431586,11.12,7.0,2.99,7.16,0.358,2.05,134,True,ok
0146779AR,Melia azedarach,431586,11.02,2.2,1.69,7.61,0.13,4.09,54,True,ok
0146790AR,Celtis australis,431586,,0.0,0.0,,,,0,True,no_crown_detected
0146818AR,Platanus × acerifolia,431586,,0.0,0.0,,,,0,True,no_crown_detected
0146837AR,Citrus × aurantium,431586,7.27,36.2,6.79,3.77,0.333,2.2,591,True,ok
0146909AR,Melia azedarach,431586,28.65,26.8,5.84,5.58,0.297,2.43,431,True,ok
0146921AR,Melia azedarach,431586,7.51,4.8,2.46,5.99,0.175,3.48,57,True,ok
0146947AR,Platanus × acerifolia,431586,20.25,41.0,7.23,11.76,0.055,5.81,1705,True,ok
0146959AR,Platanus × acerifolia,431586,9.71,14.0,4.22,6.01,0.415,1.76,258,True,ok
0146976AR,Cercis siliquastrum,431586,4.76,1.8,1.49,4.3,0.444,1.62,36,True,no_crown_detected
0146990AR,Celtis australis,431586,7.58,10.5,3.66,3.74,0.443,1.63,356,True,ok
0147023AR,Melia azedarach,431586,10.65,6.5,2.88,6.01,0.303,2.39,158,True,ok
0147028AR,Acer monspessulanum,431586,4.29,3.0,1.95,2.07,0.316,2.31,94,True,ok
0147045AR,Platanus × acerifolia,431586,22.12,108.2,11.74,11.1,0.107,4.48,5642,False,tile_edge
0147065AR,Cercis siliquastrum,431586,5.1,2.8,1.87,3.62,0.295,2.44,44,True,few_points
0147074AR,Platanus × acerifolia,431586,13.87,103.5,11.48,7.33,0.271,2.61,2284,True,ok
0147092AR,Platanus × acerifolia,431586,17.08,9.2,3.43,9.11,0.059,5.65,374,True,ok
0147094AR,Platanus × acerifolia,431586,14.16,69.5,9.41,7.79,0.253,2.75,1415,True,ok
0147104AR,Platanus × acerifolia,431586,12.22,63.5,8.99,4.78,0.364,2.02,1208,True,ok
0147126AR,Celtis australis,431586,6.51,1.8,1.49,5.79,0.385,1.91,51,True,no_crown_detected
0147145AR,Cercis siliquastrum,431586,6.34,3.0,1.95,4.48,0.108,4.45,37,False,tile_edge
0147189AR,Platanus × acerifolia,431586,10.65,37.8,6.93,6.48,0.324,2.26,757,True,ok
0147207AR,Melia azedarach,431586,16.9,18.5,4.85,3.46,0.147,3.83,292,True,ok
0147229AR,Melia azedarach,431586,19.6,33.5,6.53,6.1,0.036,6.64,499,True,ok
0147268AR,Platanus × acerifolia,431586,13.2,61.0,8.81,3.89,0.229,2.95,1328,True,ok
0147271AR,Platanus × acerifolia,431586,9.09,2.5,1.78,6.75,0.434,1.67,53,True,ok
0147282AR,Platanus × acerifolia,431586,10.06,25.8,5.73,5.94,0.269,2.63,431,True,ok
0147288AR,Cercis siliquastrum,431586,,0.0,0.0,,,,0,True,no_crown_detected
0147299AR,Cercis siliquastrum,431586,3.91,8.2,3.24,2.5,0.451,1.59,153,True,ok
0147303AR,Cercis siliquastrum,431586,5.62,0.2,0.56,5.62,0.143,3.89,7,False,tile_edge
0147308AR,Cercis siliquastrum,431586,7.56,14.8,4.33,4.03,0.248,2.79,278,True,ok
0147309AR,Celtis australis,431586,8.13,18.8,4.89,5.72,0.363,2.02,430,True,ok
0147332AR,Platanus × acerifolia,431586,20.07,129.0,12.82,10.77,0.213,3.09,5649,True,ok
0147334AR,Cercis siliquastrum,431586,6.73,0.2,0.56,6.73,0.25,2.77,8,True,no_crown_detected
0147339AR,Celtis australis,431586,7.64,13.5,4.15,4.87,0.527,1.28,291,True,ok
0147365AR,Platanus × acerifolia,431586,9.22,39.8,7.11,6.05,0.39,1.89,783,True,ok
0147379AR,Celtis australis,431586,6.05,7.8,3.14,3.85,0.5,1.39,319,True,ok
0147396AR,Celtis australis,431586,4.9,11.8,3.87,3.57,0.465,1.53,401,True,ok
0147433AR,Cercis siliquastrum,431586,4.54,19.2,4.95,2.79,0.34,2.16,350,True,ok
0147442AR,Celtis australis,431586,7.07,29.5,6.13,4.98,0.322,2.26,954,True,ok
0147458AR,Melia azedarach,431586,12.15,11.0,3.74,3.74,0.159,3.68,283,True,ok
0147470AR,Melia azedarach,431586,15.05,97.8,11.16,6.88,0.066,5.44,1744,True,ok
0147511AR,Platanus × acerifolia,431586,11.73,48.2,7.84,2.27,0.214,3.08,1108,True,ok
0147515AR,Celtis australis,431586,10.91,87.5,10.56,5.21,0.136,4.0,2951,True,ok
0147525AR,Platanus × acerifolia,431586,17.6,2.5,1.78,6.32,0.304,2.38,46,True,few_points
0147543AR,Platanus × acerifolia,431586,12.7,45.2,7.59,7.81,0.301,2.4,960,True,ok
0147554AR,Cercis siliquastrum,431586,4.46,10.2,3.61,3.14,0.497,1.4,185,True,ok
0147556AR,Celtis australis,431586,9.38,33.0,6.48,5.33,0.078,5.11,888,True,ok
0147612AR,Platanus × acerifolia,431586,20.4,23.0,5.41,14.48,0.074,5.2,1028,True,ok
0147637AR,Platanus × acerifolia,431586,8.9,12.8,4.03,5.7,0.405,1.81,242,True,ok
0147644AR,Cercis siliquastrum,431586,5.79,5.5,2.65,4.4,0.294,2.45,119,True,ok
0147657AR,Platanus × acerifolia,431586,13.97,23.8,5.5,6.39,0.126,4.14,579,True,ok
0147687AR,Melia azedarach,431586,9.91,85.0,10.4,4.51,0.389,1.89,3948,True,ok
0147691AR,Melia azedarach,431586,8.99,2.5,1.78,4.7,0.154,3.74,32,True,few_points
0147699AR,Platanus × acerifolia,431586,21.03,50.0,7.98,12.08,0.141,3.92,2334,False,tile_edge
0147709AR,Cercis siliquastrum,431586,5.54,9.0,3.39,2.99,0.447,1.61,170,True,ok
0147710AR,Pyrus calleryana,431586,17.91,2.5,1.78,5.23,0.049,6.02,61,True,ok
0147714AR,Celtis australis,431586,6.26,16.2,4.55,3.81,0.428,1.7,672,True,ok
0147718AR,Celtis australis,431586,7.55,13.8,4.18,4.81,0.452,1.59,331,True,ok
0147730AR,Ulmus minor,431586,8.59,43.8,7.46,5.35,0.182,3.41,1314,True,ok
0147733AR,Melia azedarach,431586,18.57,34.0,6.58,5.67,0.258,2.71,1107,True,ok
0147737AR,Celtis australis,431586,8.8,55.2,8.39,4.95,0.205,3.17,1756,False,tile_edge
0147773AR,Platanus × acerifolia,431586,9.19,18.0,4.79,5.82,0.359,2.05,370,True,ok
0147858AR,Platanus × acerifolia,431586,14.84,108.8,11.77,6.71,0.302,2.39,2830,True,ok
0147873AR,Cercis siliquastrum,431586,4.88,0.8,0.98,3.06,0.545,1.21,11,True,no_crown_detected
0147883AR,Platanus × acerifolia,431586,19.87,112.0,11.94,8.13,0.23,2.94,5929,True,ok
0147888AR,Platanus × acerifolia,431586,13.91,59.0,8.67,7.36,0.236,2.89,1426,True,ok
0147900AR,Citrus × aurantium,431586,5.42,6.5,2.88,3.34,0.326,2.24,135,True,ok
0147934AR,Melia azedarach,431586,10.57,34.8,6.65,6.03,0.412,1.77,1185,True,ok
0147939AR,Platanus × acerifolia,431586,9.9,24.2,5.56,6.33,0.368,2.0,473,True,ok
0147940AR,Platanus × acerifolia,431586,15.92,101.2,11.35,7.53,0.219,3.04,2207,True,ok
0147941AR,Cercis siliquastrum,431586,11.36,6.0,2.76,6.39,0.091,4.8,66,True,ok
0147949AR,Tipuana tipu,431586,15.88,86.2,10.48,6.66,0.262,2.68,1964,True,ok
0147964AR,Platanus × acerifolia,431586,16.99,43.0,7.4,5.73,0.26,2.69,1108,True,ok
0147980AR,Citrus × aurantium,431586,10.51,13.0,4.07,3.95,0.352,2.09,219,True,ok
0147993AR,Platanus × acerifolia,431586,22.76,136.8,13.2,10.09,0.128,4.12,3347,True,ok
0148009AR,Platanus × acerifolia,431586,10.73,29.8,6.15,5.9,0.324,2.25,641,True,ok
0148036AR,Platanus × acerifolia,431586,19.65,93.5,10.91,11.05,0.165,3.6,4364,True,ok
0148087AR,Platanus × acerifolia,431586,7.67,2.2,1.69,5.57,0.243,2.83,37,True,few_points
0148100AR,Celtis australis,431586,9.93,44.5,7.53,6.03,0.342,2.15,1653,True,ok
0148138AR,Celtis australis,431586,7.46,21.8,5.26,5.72,0.445,1.62,738,True,ok
0148140AR,Platanus × acerifolia,431586,15.57,117.8,12.24,6.3,0.16,3.66,2811,True,ok
0148143AR,Citrus × aurantium,431586,,0.0,0.0,,,,0,True,no_crown_detected
0148149AR,Platanus × acerifolia,431586,14.72,134.2,13.07,5.33,0.238,2.87,3224,True,ok
0148154AR,Platanus × acerifolia,431586,11.76,0.8,0.98,4.64,0.0,7.82,9,True,no_crown_detected
0148157AR,Platanus × acerifolia,431586,13.23,33.5,6.53,7.25,0.309,2.35,752,True,ok
0148179AR,Platanus × acerifolia,431586,14.21,4.5,2.39,9.71,0.275,2.59,102,True,ok
0148186AR,Melia azedarach,431586,19.79,3.8,2.19,9.57,0.077,5.13,151,True,ok
0148308AR,Melia azedarach,431586,13.97,0.8,0.98,11.19,0.0,7.82,3,True,no_crown_detected
0148323AR,Melia azedarach,431586,8.95,2.0,1.6,7.37,0.368,2.0,42,True,few_points
0148324AR,Platanus × acerifolia,431586,11.07,27.2,5.89,2.27,0.132,4.06,638,True,ok
0148334AR,Platanus × acerifolia,431586,12.67,56.5,8.48,6.39,0.359,2.05,1480,True,ok
0148350AR,Cercis siliquastrum,431586,10.83,26.2,5.78,6.27,0.191,3.31,518,True,ok
0148368AR,Platanus × acerifolia,431586,14.74,70.2,9.46,6.38,0.287,2.5,1560,True,ok
0148410AR,Melia azedarach,431586,16.82,1.0,1.13,10.74,0.333,2.2,9,True,no_crown_detected
0148428AR,Melia azedarach,431586,8.27,63.2,8.97,3.2,0.252,2.75,1304,True,ok
0148439AR,Platanus × acerifolia,431586,10.67,29.8,6.15,2.23,0.192,3.3,645,True,ok
0148448AR,Celtis australis,431586,5.08,9.8,3.52,3.5,0.45,1.6,375,True,ok
0148550AR,Celtis australis,431586,6.98,16.2,4.55,4.49,0.359,2.05,521,True,ok
0148574AR,Platanus × acerifolia,431586,23.42,195.5,15.78,9.29,0.134,4.03,10462,True,ok
0148594AR,Platanus × acerifolia,431586,19.84,209.2,16.32,6.16,0.115,4.32,5074,True,ok
0148602AR,Tipuana tipu,431586,10.48,2.5,1.78,5.89,0.358,2.05,53,True,ok
0148614AR,Platanus × acerifolia,431586,12.76,22.0,5.29,6.87,0.329,2.22,519,True,ok
0148656AR,Platanus × acerifolia,431586,7.9,13.8,4.18,4.62,0.402,1.82,261,True,ok
0148669AR,Melia azedarach,431586,9.83,3.0,1.95,4.01,0.167,3.58,83,True,ok
0148717AR,Platanus × acerifolia,431586,9.48,6.8,2.93,5.93,0.373,1.97,134,True,ok
0148737AR,Platanus × acerifolia,431586,12.9,50.8,8.04,6.99,0.299,2.41,1133,False,tile_edge
0148776AR,Citrus × aurantium,431586,5.41,8.5,3.29,3.58,0.338,2.17,142,True,ok
0148795AR,Acacia saligna,431586,,0.0,0.0,,,,0,True,no_crown_detected
0148799AR,Melia azedarach,431586,12.76,0.2,0.56,12.77,0.0,7.82,1,True,no_crown_detected
0148839AR,Platanus × acerifolia,431586,14.16,46.8,7.72,6.24,0.218,3.04,994,True,ok
0148883AR,Acer monspessulanum,431586,8.99,1.8,1.49,2.54,0.281,2.54,47,True,no_crown_detected
0148884AR,Melia azedarach,431586,15.4,2.5,1.78,5.93,0.311,2.33,61,True,ok
0148885AR,Platanus × acerifolia,431586,13.3,92.5,10.85,5.13,0.255,2.74,1831,True,ok
0148895AR,Celtis australis,431586,,0.0,0.0,,,,0,True,no_crown_detected
0148898AR,Platanus × acerifolia,431586,14.06,60.8,8.79,6.46,0.244,2.83,1154,True,ok
0148901AR,Ulmus minor,431586,6.46,20.5,5.11,3.77,0.327,2.23,684,True,ok
0148922AR,Cercis siliquastrum,431586,4.86,9.0,3.39,3.33,0.433,1.68,171,True,ok
0148949AR,Celtis australis,431586,9.45,42.5,7.36,4.89,0.384,1.91,1858,True,ok
0148954AR,Celtis australis,431586,7.64,35.0,6.68,5.2,0.49,1.43,1216,True,ok
0148974AR,Platanus × acerifolia,431586,8.64,3.2,2.03,3.89,0.25,2.77,92,True,ok
0148979AR,Melia azedarach,431586,15.3,151.8,13.9,6.77,0.139,3.94,2976,True,ok
0149019AR,Platanus × acerifolia,431586,14.2,145.8,13.62,6.12,0.289,2.48,3672,True,ok
0149040AR,Platanus × acerifolia,431586,14.65,61.2,8.83,7.15,0.251,2.77,1369,True,ok
0149046AR,Platanus × acerifolia,431586,10.61,27.8,5.94,5.71,0.234,2.91,590,False,tile_edge
0149062AR,Platanus × acerifolia,431586,13.26,65.2,9.11,6.71,0.32,2.28,1465,True,ok
0149077AR,Platanus × acerifolia,431586,16.95,97.0,11.11,4.91,0.161,3.65,2407,True,ok
0149086AR,Melia azedarach,431586,14.72,98.8,11.21,7.08,0.202,3.2,3883,True,ok
0149101AR,Citrus × aurantium,431586,4.15,7.8,3.14,3.27,0.345,2.13,113,True,ok
0149112AR,Celtis australis,431586,11.39,65.5,9.13,5.87,0.198,3.24,1189,True,ok
0149215AR,Platanus × acerifolia,431586,21.77,91.2,10.78,8.88,0.102,4.57,2499,False,tile_edge
0149224AR,Platanus × acerifolia,431586,12.17,3.0,1.95,5.12,0.197,3.25,61,True,ok
0149249AR,Platanus × acerifolia,431586,18.44,30.8,6.26,12.91,0.139,3.95,1236,True,ok
0149297AR,Cercis siliquastrum,431586,7.4,15.5,4.44,3.33,0.221,3.02,271,False,tile_edge
0149309AR,Melia azedarach,431586,15.31,67.5,9.27,6.25,0.316,2.3,2541,True,ok
0149333AR,Platanus × acerifolia,431586,20.54,73.8,9.69,7.58,0.093,4.76,1767,True,ok
0149338AR,Platanus × acerifolia,431586,6.14,1.2,1.26,4.16,0.517,1.32,29,False,tile_edge
0149349AR,Citrus × aurantium,431586,2.97,1.2,1.26,2.55,0.56,1.16,25,True,no_crown_detected
0149389AR,Platanus × acerifolia,431586,11.0,36.8,6.84,6.65,0.296,2.44,808,True,ok
0149391AR,Platanus × acerifolia,431586,18.27,121.2,12.42,3.77,0.133,4.04,2789,True,ok
0149397AR,Platanus × acerifolia,431586,12.46,41.0,7.23,6.92,0.39,1.89,1055,True,ok
0149404AR,Platanus × acerifolia,431586,7.9,2.8,1.87,4.05,0.31,2.35,84,True,ok
0149420AR,Platanus × acerifolia,431586,18.83,149.8,13.81,5.53,0.127,4.13,3519,True,ok
0149434AR,Acer monspessulanum,431586,,0.0,0.0,,,,0,True,no_crown_detected
0149456AR,Platanus × acerifolia,431586,20.15,85.2,10.42,9.95,0.238,2.87,4458,True,ok
0149506AR,Melia azedarach,431586,10.16,58.0,8.59,6.12,0.291,2.47,1779,True,ok
0149518AR,Platanus × acerifolia,431586,20.02,82.2,10.23,9.29,0.21,3.12,3963,True,ok
0149519AR,Platanus × acerifolia,431586,17.37,191.2,15.6,6.04,0.186,3.36,4560,True,ok
0149524AR,Platanus × acerifolia,431586,15.18,172.5,14.82,6.79,0.27,2.62,3994,True,ok
0149528AR,Platanus × acerifolia,431586,13.09,47.0,7.74,6.34,0.269,2.62,1058,True,ok
0149539AR,Melia azedarach,431586,20.8,21.2,5.2,6.35,0.101,4.58,659,True,ok
0149547AR,Platanus × acerifolia,431586,13.61,128.0,12.77,6.71,0.309,2.35,2877,True,ok
0149570AR,Platanus × acerifolia,431586,14.72,2.0,1.6,9.33,0.156,3.72,77,True,ok
0149583AR,Cercis siliquastrum,431586,7.23,1.8,1.49,5.35,0.306,2.37,36,True,no_crown_detected
0149584AR,Melia azedarach,431586,11.15,76.2,9.85,6.45,0.261,2.68,2841,True,ok
0149586AR,Platanus × acerifolia,431586,10.87,46.2,7.67,6.57,0.303,2.39,1014,True,ok
0149610AR,Cercis siliquastrum,431586,8.16,3.2,2.03,5.53,0.349,2.1,63,True,ok
0149714AR,Cercis siliquastrum,431586,4.39,12.0,3.91,2.68,0.447,1.61,255,True,ok
0149717AR,Celtis australis,431586,7.8,24.2,5.56,4.56,0.293,2.46,675,True,ok
0149733AR,Platanus × acerifolia,431586,20.79,122.0,12.46,12.22,0.186,3.36,5629,False,tile_edge
0149747AR,Platanus × acerifolia,431586,16.22,179.8,15.13,5.88,0.239,2.86,4237,True,ok
0149766AR,Platanus × acerifolia,431586,12.33,35.0,6.68,5.62,0.248,2.79,801,True,ok
0149770AR,Platanus × acerifolia,431586,11.57,2.5,1.78,6.36,0.158,3.69,38,True,few_points
0149779AR,Platanus × acerifolia,431586,18.15,77.8,9.95,6.84,0.112,4.37,1665,True,ok
0149781AR,Acer monspessulanum,431586,13.99,29.0,6.08,6.75,0.195,3.27,595,True,ok
0149782AR,Melia azedarach,431586,20.72,77.0,9.9,5.75,0.192,3.3,2995,True,ok
0149837AR,Melia azedarach,431586,12.27,62.0,8.88,7.44,0.147,3.83,755,True,ok
0149844AR,Platanus × acerifolia,431586,15.96,0.8,0.98,15.19,0.0,7.82,16,True,no_crown_detected
0149909AR,Platanus × acerifolia,431586,10.8,87.8,10.57,5.32,0.354,2.07,2065,True,ok
0149931AR,Celtis australis,431586,7.84,22.0,5.29,5.23,0.424,1.72,757,True,ok
0149952AR,Platanus × acerifolia,431586,12.56,26.2,5.78,2.39,0.093,4.74,589,True,ok
0149954AR,Citrus × aurantium,431586,10.58,11.8,3.87,3.98,0.355,2.07,203,True,ok
0149976AR,Celtis australis,431586,5.87,9.2,3.43,3.26,0.458,1.56,382,True,ok
0150004AR,Cercis siliquastrum,431586,,0.0,0.0,,,,0,True,no_crown_detected
0150008AR,Citrus × aurantium,431586,15.75,16.5,4.58,3.97,0.237,2.88,215,True,ok
0150022AR,Celtis australis,431586,6.8,13.2,4.11,4.15,0.295,2.44,408,True,ok
0150310AR,Melia azedarach,431586,7.56,2.2,1.69,6.84,0.303,2.39,56,True,ok
0150312AR,Platanus × acerifolia,431586,17.44,34.2,6.6,8.31,0.198,3.24,1430,True,ok
0150314AR,Platanus × acerifolia,431586,9.63,71.0,9.51,6.3,0.34,2.16,2531,True,ok
0150315AR,Grevillea robusta,431586,9.9,11.0,3.74,5.36,0.4,1.83,540,True,ok
0150316AR,Magnolia grandiflora,431586,9.62,25.2,5.67,3.78,0.223,3.0,1089,True,ok
0150317AR,Robinia pseudoacacia,431586,10.79,48.2,7.84,6.27,0.247,2.79,2083,True,ok
0150318AR,Styphnolobium japonicum,431586,8.23,26.0,5.75,3.99,0.294,2.45,995,True,ok
0150321AR,Styphnolobium japonicum,431586,6.38,17.5,4.72,3.69,0.211,3.12,441,True,ok
0150322AR,Celtis australis,431586,11.33,54.8,8.35,7.47,0.303,2.39,1927,True,ok
0150323AR,Bauhinia variegata,431586,15.51,6.8,2.93,3.08,0.315,2.31,244,True,ok
0150324AR,Platanus × acerifolia,431586,15.18,67.8,9.29,8.21,0.357,2.06,2725,True,ok
0150325AR,Quercus robur,431586,,0.0,0.0,,,,0,True,no_crown_detected
0150326AR,Platanus × acerifolia,431586,9.78,1.2,1.26,7.03,0.4,1.83,41,True,no_crown_detected
0150327AR,Brachychiton populneus,431586,,0.0,0.0,,,,0,True,no_crown_detected
0150328AR,Fraxinus pennsylvanica,431586,8.85,68.0,9.3,5.02,0.262,2.68,2480,True,ok
0150329AR,Fraxinus pennsylvanica,431586,6.9,45.5,7.61,3.84,0.425,1.71,1747,True,ok
0150332AR,Populus alba,431586,13.75,31.8,6.36,5.39,0.204,3.18,1775,True,ok
0150333AR,Koelreuteria paniculata,431586,9.93,10.0,3.57,5.12,0.236,2.89,354,True,ok
0150336AR,Melia azedarach,431586,16.88,73.5,9.67,6.23,0.231,2.93,2637,True,ok
0150339AR,Grevillea robusta,431586,10.12,12.2,3.95,4.8,0.268,2.64,433,True,ok
0150341AR,Platanus × acerifolia,431586,21.34,132.5,12.99,9.14,0.199,3.23,6824,True,ok
0150342AR,Platanus × acerifolia,431586,15.94,12.8,4.03,12.74,0.027,7.19,445,True,ok
0150343AR,Melia azedarach,431586,6.19,13.5,4.15,3.92,0.456,1.57,520,True,ok
0150344AR,Platanus × acerifolia,431586,13.03,2.0,1.6,4.19,0.233,2.91,53,True,ok
0150346AR,Ligustrum lucidum,431586,9.44,66.8,9.22,5.61,0.208,3.14,1852,True,ok
0150347AR,Styphnolobium japonicum,431586,11.75,79.5,10.06,5.41,0.233,2.92,2598,True,ok
0150350AR,Platanus × acerifolia,431586,12.51,1.8,1.49,7.17,0.0,7.82,57,True,no_crown_detected
0150352AR,Koelreuteria paniculata,431586,12.17,10.8,3.7,4.63,0.18,3.43,461,True,ok
0150353AR,Quercus robur,431586,4.51,5.0,2.52,3.5,0.448,1.61,110,True,ok
0150355AR,Acer campestre,431586,8.57,48.8,7.88,4.09,0.319,2.28,2070,True,ok
0150356AR,Melia azedarach,431586,16.64,81.0,10.16,7.95,0.124,4.17,3084,True,ok
0150357AR,Styphnolobium japonicum,431586,16.78,129.5,12.84,5.02,0.201,3.21,5360,True,ok
0150358AR,Melia azedarach,431586,13.51,22.5,5.35,7.06,0.15,3.79,682,True,ok
0150359AR,Melia azedarach,431586,5.35,26.8,5.84,3.01,0.42,1.74,928,True,ok
0150361AR,Platanus × acerifolia,431586,17.6,43.0,7.4,9.17,0.113,4.37,2111,True,ok
0150362AR,Koelreuteria paniculata,431586,,0.0,0.0,,,,0,True,no_crown_detected
0150363AR,Melia azedarach,431586,14.71,42.2,7.33,6.76,0.165,3.6,1708,True,ok
0150364AR,Populus alba,431586,16.88,49.5,7.94,5.06,0.303,2.39,2585,True,ok
0150365AR,Styphnolobium japonicum,431586,5.62,11.0,3.74,3.4,0.44,1.64,382,True,ok
0150367AR,Platanus × acerifolia,431586,14.51,55.2,8.39,8.6,0.25,2.77,2266,True,ok
0150368AR,Brachychiton populneus,431586,6.11,8.5,3.29,3.64,0.376,1.96,336,True,ok
0150371AR,Firmiana simplex,431586,16.74,20.0,5.05,4.71,0.225,2.98,823,True,ok
0150372AR,Platanus × acerifolia,431586,11.87,57.5,8.56,4.67,0.294,2.45,2721,True,ok
0150373AR,Platanus × acerifolia,431586,14.71,0.2,0.56,14.63,0.0,7.82,5,True,no_crown_detected
0150378AR,Styphnolobium japonicum,431586,3.56,12.0,3.91,2.29,0.253,2.75,196,True,ok
0150379AR,Casuarina cunninghamiana,431586,11.27,4.5,2.39,6.52,0.258,2.71,174,True,ok
0150383AR,Acer buergerianum,431586,5.5,5.2,2.59,2.67,0.0,7.82,152,True,ok
0150385AR,Robinia pseudoacacia,431586,12.14,26.0,5.75,8.08,0.339,2.16,923,True,ok
0150389AR,Pyrus calleryana,431586,6.01,5.8,2.71,2.72,0.473,1.5,216,True,ok
0150390AR,Melia azedarach,431586,,0.0,0.0,,,,0,True,no_crown_detected
0150391AR,Grevillea robusta,431586,20.27,43.0,7.4,4.21,0.22,3.03,1750,True,ok
0150392AR,Pinus halepensis,431586,10.79,4.5,2.39,6.17,0.062,5.57,177,True,ok
0150393AR,Celtis australis,431586,9.0,31.0,6.28,3.87,0.202,3.2,1277,True,ok
0150398AR,Platanus × acerifolia,431586,11.06,26.0,5.75,6.12,0.232,2.92,1006,True,ok
0150399AR,Pyrus calleryana,431586,10.7,55.8,8.43,4.36,0.21,3.12,2304,True,ok
0150403AR,Platanus × acerifolia,431586,17.75,65.0,9.1,10.03,0.139,3.94,2596,True,ok
0150405AR,Schinus molle,431586,13.25,123.2,12.53,4.65,0.24,2.85,5307,True,ok
0150406AR,Platanus × acerifolia,431586,9.94,13.0,4.07,7.07,0.335,2.19,446,True,ok
0150407AR,Brachychiton populneus,431586,7.4,16.8,4.62,3.57,0.395,1.86,709,True,ok
0150409AR,Catalpa bignonioides,431586,8.07,15.8,4.48,3.11,0.212,3.11,495,True,ok
0150410AR,Platanus × acerifolia,431586,12.09,1.8,1.49,4.16,0.255,2.73,87,True,no_crown_detected
0150412AR,Magnolia grandiflora,431586,11.67,11.8,3.87,3.96,0.438,1.65,342,True,ok
0150414AR,Styphnolobium japonicum,431586,9.92,40.8,7.2,5.65,0.138,3.96,1710,True,ok
0150417AR,Fraxinus pennsylvanica,431586,7.09,6.8,2.93,3.7,0.399,1.84,262,True,ok
0150418AR,Ligustrum lucidum,431586,8.75,7.2,3.04,1.59,0.158,3.69,171,True,ok
0150422AR,Platanus × acerifolia,431586,12.15,22.5,5.35,6.24,0.205,3.17,1054,True,ok
0150423AR,Grevillea robusta,431586,12.92,13.0,4.07,7.67,0.233,2.91,385,True,ok
0150424AR,Styphnolobium japonicum,431586,16.99,5.8,2.71,4.3,0.174,3.5,156,True,ok
0150425AR,Tipuana tipu,431586,13.08,5.5,2.65,4.28,0.079,5.08,148,True,ok
0150426AR,Cercis siliquastrum,431586,6.63,23.0,5.41,3.33,0.394,1.86,1010,True,ok
0150427AR,Cupressus sempervirens,431586,19.99,48.5,7.86,6.4,0.134,4.01,2152,True,ok
0150428AR,Grevillea robusta,431586,9.96,12.0,3.91,4.6,0.284,2.52,379,True,ok
0150430AR,Catalpa bignonioides,431586,13.43,101.8,11.38,5.86,0.287,2.49,4110,True,ok
0150431AR,Melia azedarach,431586,12.23,97.5,11.14,5.59,0.162,3.64,3898,True,ok
0150433AR,Platanus × acerifolia,431586,21.1,73.2,9.66,11.27,0.134,4.01,3435,True,ok
0150434AR,Koelreuteria paniculata,431586,,0.0,0.0,,,,0,True,no_crown_detected
0150435AR,Firmiana simplex,431586,7.47,21.8,5.26,3.55,0.203,3.19,826,True,ok
0150436AR,Styphnolobium japonicum,431586,11.67,2.2,1.69,6.8,0.019,7.82,109,True,ok
0150437AR,Melia azedarach,431586,5.16,19.8,5.01,3.57,0.529,1.27,788,True,ok
0150439AR,Quercus robur,431586,15.32,1.2,1.26,11.07,0.1,4.61,17,True,no_crown_detected
0150441AR,Jacaranda mimosifolia,431586,9.06,24.0,5.53,4.88,0.354,2.08,947,True,ok
0150442AR,Styphnolobium japonicum,431586,6.96,27.8,5.94,4.08,0.325,2.25,1094,True,ok
0150444AR,Tipuana tipu,431586,13.65,88.0,10.59,7.31,0.334,2.19,4130,True,ok
0150447AR,Koelreuteria paniculata,431586,,0.0,0.0,,,,0,True,no_crown_detected
0150448AR,Cupressus sempervirens,431586,16.56,66.2,9.18,4.6,0.159,3.68,2503,True,ok
0150449AR,Platanus × acerifolia,431586,16.59,78.0,9.97,7.45,0.334,2.19,3173,True,ok
0150453AR,Melia azedarach,431586,6.38,0.5,0.8,6.14,0.0,7.82,11,True,no_crown_detected
0150454AR,Robinia pseudoacacia,431586,6.29,3.2,2.03,2.14,0.306,2.37,76,True,ok
0150455AR,Tipuana tipu,431586,10.12,4.5,2.39,6.99,0.349,2.1,220,True,ok
0150456AR,Melia azedarach,431586,8.91,2.0,1.6,6.52,0.0,7.82,58,True,ok
0150459AR,Magnolia grandiflora,431586,13.79,23.8,5.5,4.65,0.274,2.59,864,True,ok
0150461AR,Platanus × acerifolia,431586,23.19,211.5,16.41,12.29,0.207,3.15,11102,True,ok
0150462AR,Platanus × acerifolia,431586,15.73,5.2,2.59,6.54,0.286,2.51,188,True,ok
0150463AR,Melia azedarach,431586,12.03,78.8,10.01,5.73,0.275,2.58,2927,True,ok
0150465AR,Tipuana tipu,431586,20.52,110.2,11.85,11.43,0.223,3.0,4228,True,ok
0150466AR,Platanus × acerifolia,431586,8.21,1.2,1.26,6.25,0.5,1.39,55,True,no_crown_detected
0150467AR,Grevillea robusta,431586,,0.0,0.0,,,,0,True,no_crown_detected
0150468AR,Koelreuteria paniculata,431586,8.6,6.2,2.82,6.11,0.339,2.16,260,True,ok
0150470AR,Platanus × acerifolia,431586,16.58,110.0,11.83,8.16,0.212,3.1,2851,True,ok
0150471AR,Fraxinus pennsylvanica,431586,10.59,75.2,9.79,4.17,0.296,2.43,3422,True,ok
0150472AR,Platanus × acerifolia,431586,16.34,78.2,9.98,8.36,0.266,2.65,3505,True,ok
0150476AR,Melia azedarach,431586,6.98,56.0,8.44,4.2,0.386,1.91,1959,True,ok
0150477AR,Brachychiton populneus,431586,5.09,23.2,5.44,2.23,0.364,2.02,784,True,ok
0150478AR,Robinia pseudoacacia,431586,14.2,63.8,9.01,6.89,0.232,2.92,2527,True,ok
0150480AR,Platanus × acerifolia,431586,18.37,79.0,10.03,8.81,0.223,3.0,3316,True,ok
0150481AR,Platanus × acerifolia,431586,13.86,38.5,7.0,8.65,0.269,2.62,954,True,ok
0150482AR,Robinia pseudoacacia,431586,11.92,72.8,9.62,6.6,0.283,2.52,3580,True,ok
0150483AR,Catalpa bignonioides,431586,11.89,54.0,8.29,6.68,0.333,2.2,2207,True,ok
0150484AR,Platanus × acerifolia,431586,18.51,91.2,10.78,8.74,0.253,2.75,4121,True,ok
0150485AR,Cercis siliquastrum,431586,6.56,27.8,5.94,3.17,0.432,1.68,1100,True,ok
0150486AR,Robinia pseudoacacia,431586,10.37,3.2,2.03,5.5,0.364,2.02,64,True,ok
0150487AR,Catalpa bignonioides,431586,9.18,22.5,5.35,4.61,0.262,2.68,767,True,ok
0150488AR,Grevillea robusta,431586,14.09,25.8,5.73,3.76,0.297,2.43,1350,True,ok
0150489AR,Melia azedarach,431586,12.26,112.8,11.98,6.07,0.246,2.8,4320,True,ok
0150490AR,Styphnolobium japonicum,431586,9.19,25.2,5.67,4.09,0.221,3.02,899,True,ok
0150492AR,Tipuana tipu,431586,18.7,54.5,8.33,11.71,0.32,2.28,2406,True,ok
0150494AR,Tipuana tipu,431586,20.01,94.8,10.98,10.13,0.187,3.36,3476,True,ok
0150495AR,Jacaranda mimosifolia,431586,5.4,4.8,2.46,4.07,0.512,1.34,175,True,ok
0150496AR,Firmiana simplex,431586,4.51,10.5,3.66,2.69,0.412,1.77,302,True,ok
0150497AR,Magnolia grandiflora,431586,13.91,13.2,4.11,4.58,0.365,2.01,394,True,ok
0150498AR,Magnolia grandiflora,431586,6.76,12.2,3.95,3.44,0.34,2.16,464,True,ok
0150499AR,Platanus × acerifolia,431586,16.31,121.2,12.42,6.7,0.208,3.14,5417,True,ok
0150500AR,Platanus × acerifolia,431586,31.76,64.5,9.06,9.32,0.243,2.83,2683,True,ok
0150501AR,Firmiana simplex,431586,6.34,22.0,5.29,4.16,0.409,1.79,595,True,ok
0150502AR,Ligustrum lucidum,431586,6.16,12.5,3.99,4.33,0.287,2.5,398,True,ok
0150503AR,Cupressus sempervirens,431586,11.7,2.2,1.69,2.54,0.024,7.43,91,True,ok
0150504AR,Pinus halepensis,431586,13.09,53.8,8.27,5.55,0.232,2.92,2001,True,ok
0150505AR,Platanus × acerifolia,431586,15.02,31.0,6.28,6.69,0.308,2.36,1642,True,ok
0150506AR,Tipuana tipu,431586,12.87,54.8,8.35,6.16,0.318,2.29,2246,True,ok
0150509AR,Robinia pseudoacacia,431586,14.92,19.5,4.98,7.87,0.246,2.8,840,True,ok
0150510AR,Magnolia grandiflora,431586,14.51,33.0,6.48,3.96,0.204,3.18,1150,True,ok
0150512AR,Platanus × acerifolia,431586,11.6,18.0,4.79,7.84,0.366,2.01,605,True,ok
0150513AR,Pyrus calleryana,431586,15.44,2.2,1.69,8.53,0.366,2.01,68,True,ok
0150514AR,Platanus × acerifolia,431586,5.58,2.2,1.69,5.16,0.531,1.27,56,True,ok
0150516AR,Platanus × acerifolia,431586,15.18,33.5,6.53,9.11,0.164,3.61,1500,True,ok
0150517AR,Styphnolobium japonicum,431586,7.16,5.2,2.59,4.78,0.381,1.93,215,True,ok
0150518AR,Cupressus sempervirens,431586,9.39,12.2,3.95,4.24,0.185,3.38,518,True,ok
0150519AR,Quercus robur,431586,6.7,2.8,1.87,3.91,0.269,2.62,83,True,ok
0150520AR,Celtis australis,431586,17.01,76.8,9.89,4.09,0.168,3.57,3020,True,ok
0150521AR,Platanus × acerifolia,431586,12.06,86.5,10.49,6.29,0.427,1.7,3504,True,ok
0150522AR,Celtis australis,431586,9.77,44.0,7.48,6.33,0.274,2.59,1496,True,ok
0150523AR,Melia azedarach,431586,19.14,40.8,7.2,7.61,0.234,2.9,1557,True,ok
0150524AR,Acer monspessulanum,431586,10.82,41.5,7.27,6.7,0.338,2.17,1571,True,ok
0150525AR,Platanus × acerifolia,431586,17.7,61.2,8.83,9.57,0.251,2.76,2690,True,ok
0150526AR,Quercus robur,431586,,0.0,0.0,,,,0,True,no_crown_detected
0150527AR,Koelreuteria paniculata,431586,,0.0,0.0,,,,0,True,no_crown_detected
0150528AR,Styphnolobium japonicum,431586,5.68,20.5,5.11,2.76,0.398,1.84,823,True,ok
0150530AR,Grevillea robusta,431586,19.25,75.5,9.8,5.52,0.074,5.22,3737,True,ok
0150531AR,Pyrus calleryana,431586,9.15,42.8,7.38,3.11,0.33,2.22,1765,True,ok
0150532AR,Magnolia grandiflora,431586,11.67,2.8,1.87,4.79,0.184,3.39,79,True,ok
0150533AR,Tipuana tipu,431586,14.87,20.8,5.14,6.77,0.13,4.08,627,True,ok
0150534AR,Styphnolobium japonicum,431586,16.88,35.2,6.7,4.38,0.353,2.08,1583,True,ok
0150535AR,Platanus × acerifolia,431586,13.85,4.2,2.33,9.3,0.205,3.17,134,True,ok
0150537AR,Platanus × acerifolia,431586,13.61,1.2,1.26,13.01,0.474,1.49,25,True,no_crown_detected
0150538AR,Melia azedarach,431586,6.44,1.5,1.38,4.14,0.222,3.01,55,True,no_crown_detected
0150540AR,Celtis australis,431586,,0.0,0.0,,,,0,True,no_crown_detected
0150541AR,Melia azedarach,431586,10.47,6.0,2.76,7.84,0.348,2.11,230,True,ok
0150544AR,Melia azedarach,431586,16.95,157.0,14.14,5.6,0.194,3.28,6214,True,ok
0150546AR,Robinia pseudoacacia,431586,15.35,68.8,9.36,7.25,0.304,2.38,2688,True,ok
0150547AR,Tipuana tipu,431586,7.85,2.2,1.69,3.75,0.414,1.76,124,True,ok
0150548AR,Platanus × acerifolia,431586,13.28,0.2,0.56,13.28,0.667,0.81,3,True,no_crown_detected
0150549AR,Platanus × acerifolia,431586,11.43,2.8,1.87,3.36,0.185,3.38,123,True,ok
0150550AR,Platanus × acerifolia,431586,14.52,56.0,8.44,7.09,0.304,2.38,3161,True,ok
0150551AR,Platanus × acerifolia,431586,14.98,1.0,1.13,5.54,0.429,1.69,26,True,no_crown_detected
0150555AR,Platanus × acerifolia,431586,18.83,96.8,11.1,9.28,0.132,4.05,4573,True,ok
0150556AR,Magnolia grandiflora,431586,8.1,13.0,4.07,4.27,0.316,2.31,494,True,ok
0150557AR,Populus nigra,431586,15.64,17.2,4.69,6.16,0.202,3.2,768,True,ok
0150559AR,Melia azedarach,431586,21.7,20.8,5.14,9.98,0.0,7.82,548,True,ok
0150563AR,Celtis australis,431586,10.99,40.8,7.2,6.55,0.251,2.77,1268,True,ok
0150565AR,Melia azedarach,431586,8.38,53.0,8.21,3.7,0.269,2.63,2369,True,ok
0150566AR,Melia azedarach,431586,13.67,75.0,9.77,7.07,0.114,4.34,3107,True,ok
0150567AR,Styphnolobium japonicum,431586,4.08,9.5,3.48,2.8,0.161,3.65,240,True,ok
0150568AR,Cupressus sempervirens,431586,22.4,21.2,5.2,7.04,0.099,4.62,913,True,ok
0150569AR,Melia azedarach,431586,19.72,16.5,4.58,11.81,0.132,4.05,788,True,ok
0150570AR,Magnolia grandiflora,431586,6.84,14.5,4.3,3.38,0.352,2.09,378,False,tile_edge
0150573AR,Cupressus sempervirens,431586,21.6,24.5,5.59,5.28,0.189,3.33,1140,True,ok
0150574AR,Melia azedarach,431586,6.37,22.8,5.38,4.13,0.422,1.72,812,True,ok
0150575AR,Platanus × acerifolia,431586,14.98,1.5,1.38,9.97,0.265,2.66,65,True,no_crown_detected
0150578AR,Koelreuteria paniculata,431586,6.91,37.0,6.86,2.8,0.267,2.64,1136,True,ok
0150579AR,Citrus × aurantium,431586,5.19,12.2,3.95,2.25,0.228,2.96,283,True,ok
0150581AR,Styphnolobium japonicum,431586,15.26,28.8,6.05,4.69,0.359,2.05,1110,True,ok
0150583AR,Platanus × acerifolia,431586,19.83,170.8,14.74,8.88,0.244,2.82,8654,True,ok
0150584AR,Melia azedarach,431586,10.79,104.0,11.51,5.26,0.278,2.56,3791,True,ok
0150585AR,Melia azedarach,431586,10.95,8.2,3.24,5.16,0.078,5.1,340,True,ok
0150588AR,Melia azedarach,431586,7.96,79.2,10.05,4.22,0.363,2.03,3087,True,ok
0150589AR,Celtis australis,431586,14.2,72.5,9.61,7.52,0.306,2.37,2962,True,ok
0150590AR,Styphnolobium japonicum,431586,12.64,158.8,14.22,5.59,0.157,3.7,7741,True,ok
0150591AR,Casuarina cunninghamiana,431586,,0.0,0.0,,,,0,True,no_crown_detected
0150593AR,Grevillea robusta,431586,5.13,3.0,1.95,2.3,0.415,1.76,58,True,ok
0150594AR,Platanus × acerifolia,431586,16.33,2.0,1.6,7.93,0.265,2.65,116,True,ok
0150596AR,Melia azedarach,431586,,0.0,0.0,,,,0,True,no_crown_detected
0150597AR,Platanus × acerifolia,431586,17.92,10.0,3.57,6.26,0.311,2.33,354,True,ok
0150598AR,Magnolia grandiflora,431586,10.34,22.5,5.35,4.02,0.146,3.84,1137,True,ok
0150600AR,Celtis australis,431586,11.12,59.5,8.7,4.46,0.192,3.3,2003,True,ok
0150601AR,Platanus × acerifolia,431586,16.44,22.2,5.32,9.8,0.136,3.99,787,True,ok
0150602AR,Melia azedarach,431586,14.26,54.0,8.29,7.13,0.286,2.5,2319,True,ok
0150603AR,Robinia pseudoacacia,431586,7.09,0.8,0.98,6.39,0.0,7.82,22,True,no_crown_detected
0150604AR,Melia azedarach,431586,8.05,3.5,2.11,4.64,0.381,1.93,164,True,ok
0150606AR,Melia azedarach,431586,5.52,6.0,2.76,3.63,0.354,2.08,168,True,ok
0150608AR,Acer negundo,431586,7.44,2.2,1.69,4.55,0.125,4.16,77,True,ok
0150610AR,Styphnolobium japonicum,431586,8.08,33.2,6.51,4.25,0.294,2.45,890,True,ok
0150611AR,Ulmus pumila,431586,11.48,66.0,9.17,3.67,0.205,3.17,2370,True,ok
0150613AR,Olea europaea,431586,4.41,5.8,2.71,2.67,0.383,1.92,97,True,ok
0150615AR,Casuarina cunninghamiana,431586,7.25,7.0,2.99,2.09,0.376,1.96,235,True,ok
0150616AR,Magnolia grandiflora,431586,6.29,9.5,3.48,3.8,0.332,2.21,360,False,tile_edge
0150618AR,Melia azedarach,431586,11.59,75.8,9.82,6.83,0.238,2.87,2596,True,ok
0150619AR,Magnolia grandiflora,431586,6.44,9.5,3.48,3.6,0.342,2.15,231,False,tile_edge
0150620AR,Jacaranda mimosifolia,431586,10.77,65.8,9.15,4.82,0.255,2.73,2532,True,ok
0150621AR,Jacaranda mimosifolia,431586,6.57,45.5,7.61,3.2,0.414,1.77,1905,True,ok
0150622AR,Acer monspessulanum,431586,16.28,15.8,4.48,12.99,0.152,3.77,596,True,ok
0150623AR,Acer monspessulanum,431586,,0.0,0.0,,,,0,True,no_crown_detected
0150624AR,Platanus × acerifolia,431586,16.48,105.0,11.56,7.56,0.259,2.7,4639,True,ok
0150625AR,Robinia pseudoacacia,431586,10.15,44.2,7.51,5.02,0.359,2.05,2249,True,ok
0150627AR,Styphnolobium japonicum,431586,9.36,51.2,8.08,4.69,0.216,3.06,1935,True,ok
0150628AR,Quercus robur,431586,,0.0,0.0,,,,0,True,no_crown_detected
0150629AR,Cercis siliquastrum,431586,6.94,92.0,10.82,3.42,0.334,2.19,3084,True,ok
0150632AR,Platanus × acerifolia,431586,18.14,22.5,5.35,12.26,0.057,5.73,962,True,ok
0150634AR,Magnolia grandiflora,431586,7.55,14.2,4.26,4.75,0.306,2.37,523,True,ok
0150635AR,Casuarina cunninghamiana,431586,8.18,14.5,4.3,2.83,0.351,2.1,747,True,ok
0150636AR,Grevillea robusta,431586,5.24,4.2,2.33,2.81,0.5,1.39,162,True,ok
0150639AR,Quercus ilex,431586,11.05,38.2,6.98,6.08,0.262,2.68,1480,True,ok
0150641AR,Acer campestre,431586,5.55,13.8,4.18,2.47,0.333,2.2,490,True,ok
0150642AR,Melia azedarach,431586,12.75,78.0,9.97,5.9,0.105,4.51,3022,True,ok
0150643AR,Platanus × acerifolia,431586,20.18,113.5,12.02,11.69,0.132,4.05,5428,True,ok
0150644AR,Pinus halepensis,431586,11.85,75.8,9.82,3.22,0.23,2.94,2683,True,ok
0150645AR,Magnolia grandiflora,431586,5.8,14.5,4.3,2.21,0.407,1.8,593,False,tile_edge
0150646AR,Robinia pseudoacacia,431586,12.69,26.5,5.81,5.39,0.274,2.59,969,True,ok
0150647AR,Quercus robur,431586,4.33,2.8,1.87,2.52,0.542,1.22,86,True,ok
0150648AR,Platanus × acerifolia,431586,22.58,131.0,12.91,9.55,0.158,3.69,6432,True,ok
0150649AR,Magnolia grandiflora,431586,7.88,13.0,4.07,3.88,0.303,2.39,534,True,ok
0150650AR,Catalpa bignonioides,431586,13.07,55.0,8.37,5.79,0.264,2.66,2425,True,ok
0150651AR,Magnolia grandiflora,431586,5.93,15.2,4.41,3.66,0.377,1.95,459,False,tile_edge
0150652AR,Melia azedarach,431586,9.51,101.2,11.35,5.51,0.335,2.19,3444,True,ok
0150655AR,Ligustrum lucidum,431586,16.3,14.2,4.26,3.4,0.376,1.96,513,True,ok
0150656AR,Melia azedarach,431586,7.73,87.8,10.57,4.71,0.335,2.19,2896,True,ok
0150657AR,Melia azedarach,431586,,0.0,0.0,,,,0,True,no_crown_detected
0150658AR,Melia azedarach,431586,6.32,10.0,3.57,2.5,0.318,2.29,485,True,ok
0150661AR,Pyrus calleryana,431586,5.83,7.0,2.99,3.19,0.333,2.2,277,True,ok
0150662AR,Styphnolobium japonicum,431586,8.88,31.2,6.31,5.21,0.199,3.23,1041,True,ok
0150663AR,Catalpa bignonioides,431586,6.57,15.5,4.44,3.08,0.216,3.07,388,True,ok
0150664AR,Koelreuteria paniculata,431586,10.68,12.8,4.03,4.32,0.223,3.01,647,True,ok
0150665AR,Styphnolobium japonicum,431586,8.71,55.0,8.37,3.73,0.18,3.43,2016,True,ok
0150666AR,Styphnolobium japonicum,431586,10.57,47.8,7.8,4.41,0.163,3.63,1949,True,ok
0150667AR,Robinia pseudoacacia,431586,16.47,57.8,8.57,5.2,0.181,3.41,2237,True,ok
0150670AR,Cercis siliquastrum,431586,7.01,2.2,1.69,6.03,0.036,6.66,58,True,ok
0150672AR,Magnolia grandiflora,431586,16.16,17.2,4.69,4.16,0.374,1.97,492,True,ok
0150673AR,Olea europaea,431586,4.21,16.2,4.55,2.48,0.471,1.51,302,True,ok
0150674AR,Magnolia grandiflora,431586,8.12,17.0,4.65,3.95,0.299,2.41,748,True,ok
0150675AR,Magnolia grandiflora,431586,8.65,20.5,5.11,3.3,0.281,2.54,839,True,ok
0150676AR,Jacaranda mimosifolia,431586,14.14,1.8,1.49,7.06,0.235,2.89,48,True,no_crown_detected
0150679AR,Platanus × acerifolia,431586,18.47,116.0,12.15,6.68,0.143,3.89,5337,True,ok
0150680AR,Grevillea robusta,431586,9.38,15.8,4.48,4.08,0.317,2.3,615,True,ok
0150681AR,Magnolia grandiflora,431586,11.55,12.0,3.91,3.77,0.321,2.28,437,True,ok
0150682AR,Robinia pseudoacacia,431586,7.93,15.0,4.37,4.49,0.361,2.04,665,True,ok
0150684AR,Celtis australis,431586,11.8,64.2,9.04,6.99,0.291,2.47,2447,True,ok
0150685AR,Grevillea robusta,431586,,0.0,0.0,,,,0,True,no_crown_detected
0150686AR,Melia azedarach,431586,8.1,0.2,0.56,8.1,0.667,0.81,5,True,no_crown_detected
0150688AR,Robinia pseudoacacia,431586,10.22,27.2,5.89,4.45,0.286,2.51,1012,True,ok
0150689AR,Catalpa bignonioides,431586,8.67,15.8,4.48,2.65,0.286,2.5,628,True,ok
0150690AR,Robinia pseudoacacia,431586,15.2,58.0,8.59,7.84,0.25,2.77,2673,True,ok
0150691AR,Pinus halepensis,431586,8.62,0.2,0.56,8.62,0.0,7.82,5,True,no_crown_detected
0150693AR,Acer negundo,431586,9.28,1.2,1.26,6.67,0.143,3.89,29,True,no_crown_detected
0150694AR,Platanus × acerifolia,431586,19.12,105.2,11.58,8.99,0.207,3.15,4243,True,ok
0150697AR,Platanus × acerifolia,431586,14.37,90.5,10.73,4.53,0.23,2.94,3685,True,ok
0150698AR,Grevillea robusta,431586,17.09,56.2,8.46,3.9,0.266,2.65,2450,True,ok
0150699AR,Celtis australis,431586,13.3,94.2,10.95,7.8,0.169,3.55,2935,True,ok
0150702AR,Fraxinus angustifolia,431586,5.98,21.0,5.17,3.7,0.362,2.03,664,True,ok
0150703AR,Platanus × acerifolia,431586,12.43,20.8,5.14,6.5,0.262,2.68,853,True,ok
0150704AR,Melia azedarach,431586,9.41,2.2,1.69,6.59,0.268,2.63,81,True,ok
0150707AR,Pinus halepensis,431586,10.32,2.2,1.69,4.87,0.021,7.7,82,True,ok
0150708AR,Ligustrum lucidum,431586,5.66,1.2,1.26,3.87,0.417,1.75,14,True,no_crown_detected
0150709AR,Styphnolobium japonicum,431586,8.29,47.5,7.78,5.09,0.2,3.21,1491,True,ok
0150711AR,Melia azedarach,431586,8.57,59.8,8.72,3.7,0.296,2.44,2457,True,ok
0150712AR,Brachychiton populneus,431586,8.1,12.0,3.91,3.83,0.34,2.16,624,True,ok
0150713AR,Casuarina cunninghamiana,431586,10.92,19.8,5.01,3.23,0.36,2.04,814,True,ok
0150714AR,Celtis australis,431586,17.43,36.2,6.79,3.67,0.165,3.61,1156,True,ok
0150715AR,Pyrus calleryana,431586,5.02,3.2,2.03,2.4,0.391,1.88,140,True,ok
0150717AR,Casuarina cunninghamiana,431586,12.84,52.8,8.2,3.34,0.332,2.21,2413,True,ok
0150722AR,Firmiana simplex,431586,8.52,27.5,5.92,5.96,0.319,2.28,930,True,ok
0150723AR,Melia azedarach,431586,8.16,53.2,8.23,4.27,0.37,1.99,2011,True,ok
0150725AR,Robinia pseudoacacia,431586,12.09,14.0,4.22,7.23,0.327,2.24,393,True,ok
0150726AR,Melia azedarach,431586,15.89,28.8,6.05,4.33,0.116,4.31,1234,True,ok
0150727AR,Citrus × aurantium,431586,5.06,1.5,1.38,4.42,0.308,2.36,29,True,no_crown_detected
0150728AR,Melia azedarach,431586,6.09,5.2,2.59,3.91,0.341,2.15,145,True,ok
0150729AR,Styphnolobium japonicum,431586,6.71,25.5,5.7,3.15,0.289,2.48,694,True,ok
0150731AR,Ligustrum lucidum,431586,5.5,13.5,4.15,3.81,0.403,1.82,461,True,ok
0150732AR,Platanus × acerifolia,431586,20.49,202.2,16.05,10.3,0.25,2.78,10591,True,ok
0150733AR,Celtis australis,431586,9.42,30.5,6.23,5.77,0.284,2.52,923,True,ok
0150734AR,Platanus × acerifolia,431586,10.44,61.2,8.83,6.58,0.378,1.95,1926,True,ok
0150735AR,Melia azedarach,431586,7.43,34.5,6.63,4.09,0.459,1.56,1378,True,ok
0150736AR,Cupressus sempervirens,431586,9.06,3.0,1.95,3.46,0.352,2.09,147,True,ok
0150737AR,Koelreuteria paniculata,431586,13.14,11.0,3.74,6.57,0.154,3.74,462,True,ok
0150739AR,Magnolia grandiflora,431586,4.82,4.8,2.46,3.17,0.423,1.72,124,True,ok
0150740AR,Pyrus calleryana,431586,7.52,6.0,2.76,3.99,0.191,3.31,229,True,ok
0150741AR,Grevillea robusta,431586,7.11,37.5,6.91,3.28,0.319,2.29,1273,True,ok
0150743AR,Acer monspessulanum,431586,,0.0,0.0,,,,0,True,no_crown_detected
0150744AR,Quercus robur,431586,5.89,8.0,3.19,3.57,0.343,2.14,203,True,ok
0150745AR,Grevillea robusta,431586,15.17,18.2,4.82,4.86,0.018,7.82,881,True,ok
0150746AR,Koelreuteria paniculata,431586,7.06,3.0,1.95,3.54,0.438,1.65,112,True,ok
0150747AR,Melia azedarach,431586,11.53,164.8,14.48,5.67,0.156,3.71,6273,True,ok
0150748AR,Pinus pinea,431586,6.15,18.0,4.79,3.41,0.27,2.62,712,True,ok
0150749AR,Styphnolobium japonicum,431586,9.15,4.0,2.26,5.13,0.0,7.82,116,True,ok
0150750AR,Platanus × acerifolia,431586,11.95,57.5,8.56,6.56,0.296,2.43,2098,True,ok
0150751AR,Melia azedarach,431586,7.79,44.8,7.55,3.95,0.379,1.94,1780,True,ok
0150752AR,Melia azedarach,431586,23.42,78.2,9.98,6.39,0.22,3.03,2724,True,ok
0150754AR,Melia azedarach,431586,15.83,82.2,10.23,8.88,0.222,3.01,2226,True,ok
0150755AR,Pyrus calleryana,431586,4.73,5.2,2.59,3.31,0.238,2.88,155,True,ok
0150756AR,Quercus ilex,431586,,0.0,0.0,,,,0,True,no_crown_detected
0150757AR,Cupressus sempervirens,431586,18.79,6.5,2.88,4.14,0.225,2.98,254,True,ok
0150758AR,Catalpa bignonioides,431586,5.9,4.8,2.46,3.91,0.487,1.44,195,True,ok
0150759AR,Melia azedarach,431586,21.61,73.0,9.64,5.4,0.267,2.64,2141,True,ok
0150760AR,Grevillea robusta,431586,9.0,0.5,0.8,6.68,0.5,1.39,18,True,no_crown_detected
0150761AR,Jacaranda mimosifolia,431586,4.34,2.0,1.6,2.53,0.551,1.19,81,True,ok
0150762AR,Tipuana tipu,431586,7.4,4.2,2.33,5.76,0.226,2.97,107,True,ok
0150763AR,Platanus × acerifolia,431586,9.6,2.5,1.78,6.96,0.341,2.15,82,True,ok
0150768AR,Cercis siliquastrum,431586,8.57,7.2,3.04,6.61,0.069,5.36,228,True,ok
0150772AR,Platanus × acerifolia,431586,17.55,51.0,8.06,9.11,0.209,3.13,2334,True,ok
0150773AR,Styphnolobium japonicum,431586,9.27,49.0,7.9,4.35,0.285,2.51,1978,True,ok
0150774AR,Styphnolobium japonicum,431586,7.79,47.5,7.78,3.36,0.315,2.31,2086,True,ok
0150776AR,Magnolia grandiflora,431586,8.6,6.8,2.93,3.29,0.331,2.21,248,True,ok
0150777AR,Platanus × acerifolia,431586,,0.0,0.0,,,,0,True,no_crown_detected
0150778AR,Grevillea robusta,431586,15.48,18.8,4.89,6.39,0.181,3.42,1030,True,ok
0150779AR,Pinus halepensis,431586,14.39,111.8,11.93,7.3,0.262,2.68,3617,True,ok
0150780AR,Melia azedarach,431586,11.53,106.0,11.62,6.09,0.142,3.91,3942,True,ok
0150781AR,Quercus ilex,431586,9.54,23.5,5.47,5.34,0.318,2.29,695,True,ok
0150783AR,Casuarina cunninghamiana,431586,11.39,54.0,8.29,2.7,0.306,2.37,2027,True,ok
0150784AR,Platanus × acerifolia,431586,15.97,130.2,12.88,6.34,0.283,2.52,6602,True,ok
0150785AR,Platanus × acerifolia,431586,12.24,4.0,2.26,4.6,0.303,2.39,155,True,ok
0150788AR,Melia azedarach,431586,17.52,19.0,4.92,5.13,0.241,2.85,566,True,ok
0150789AR,Pinus halepensis,431586,15.82,62.5,8.92,6.86,0.214,3.09,2456,True,ok
0150790AR,Platanus × acerifolia,431586,14.82,108.5,11.75,7.59,0.235,2.9,4202,True,ok
0150791AR,Platanus × acerifolia,431586,11.36,51.2,8.08,6.0,0.293,2.46,2176,True,ok
0150792AR,Acer negundo,431586,8.72,42.2,7.33,3.87,0.325,2.25,1974,True,ok
0150793AR,Magnolia grandiflora,431586,14.53,13.8,4.18,4.51,0.236,2.89,517,True,ok
0150796AR,Fraxinus angustifolia,431586,8.65,6.0,2.76,4.88,0.385,1.91,303,True,ok
0150797AR,Styphnolobium japonicum,431586,9.91,95.0,11.0,2.48,0.259,2.7,3883,True,ok
0150798AR,Platanus × acerifolia,431586,10.87,21.0,5.17,5.18,0.346,2.12,984,True,ok
0150799AR,Platanus × acerifolia,431586,16.68,2.0,1.6,13.21,0.103,4.54,77,True,ok
0150803AR,Brachychiton populneus,431586,8.2,28.0,5.97,4.67,0.413,1.77,1311,True,ok
0150806AR,Ginkgo biloba,431586,,0.0,0.0,,,,0,True,no_crown_detected
0150809AR,Cupressus sempervirens,431586,15.72,17.5,4.72,4.1,0.249,2.78,679,True,ok
0150810AR,Melia azedarach,431586,12.95,21.2,5.2,7.39,0.099,4.62,806,True,ok
0150811AR,Platanus × acerifolia,431586,15.57,5.2,2.59,13.71,0.402,1.82,149,True,ok
0150812AR,Melia azedarach,431586,,0.0,0.0,,,,0,True,no_crown_detected
0150814AR,Melia azedarach,431586,10.67,3.2,2.03,5.96,0.169,3.55,147,True,ok
0150815AR,Pinus halepensis,431586,9.52,6.2,2.82,6.09,0.137,3.97,163,True,ok
0150817AR,Platanus × acerifolia,431586,18.18,114.0,12.05,8.27,0.275,2.58,5282,True,ok
0150818AR,Melia azedarach,431586,12.79,49.5,7.94,7.04,0.184,3.38,1908,True,ok
0150819AR,Koelreuteria paniculata,431586,6.46,16.8,4.62,4.09,0.225,2.98,293,True,ok
0150821AR,Grevillea robusta,431586,,0.0,0.0,,,,0,True,no_crown_detected
0150822AR,Acer negundo,431586,7.24,24.5,5.59,3.92,0.341,2.15,629,True,ok
0150823AR,Platanus × acerifolia,431586,14.04,107.5,11.7,5.96,0.274,2.59,4298,True,ok
0150824AR,Styphnolobium japonicum,431586,15.33,88.2,10.6,5.48,0.213,3.1,3556,True,ok
0150827AR,Melia azedarach,431586,17.11,14.2,4.26,5.16,0.175,3.49,576,True,ok
0150828AR,Melia azedarach,431586,7.19,23.0,5.41,4.38,0.442,1.63,801,True,ok
0150829AR,Pinus halepensis,431586,8.88,37.8,6.93,5.17,0.343,2.14,1099,True,ok
0150830AR,Grevillea robusta,431586,,0.0,0.0,,,,0,True,no_crown_detected
0150833AR,Platanus × acerifolia,431586,18.23,81.0,10.16,9.88,0.224,3.0,3632,True,ok
0150835AR,Melia azedarach,431586,7.86,14.0,4.22,3.6,0.437,1.66,482,True,ok
0150836AR,Robinia pseudoacacia,431586,13.79,63.0,8.96,6.55,0.247,2.8,2675,True,ok
0150837AR,Platanus × acerifolia,431586,18.75,87.5,10.56,8.56,0.15,3.79,4221,True,ok
0150838AR,Melia azedarach,431586,9.08,90.5,10.73,5.42,0.386,1.91,3003,True,ok
0150839AR,Robinia pseudoacacia,431586,13.03,47.2,7.76,6.53,0.312,2.33,2159,True,ok
0150840AR,Fraxinus angustifolia,431586,8.49,17.2,4.69,5.28,0.303,2.39,590,True,ok
0150841AR,Melia azedarach,431586,18.86,111.2,11.9,7.78,0.138,3.96,4968,True,ok
0150842AR,Catalpa bignonioides,431586,9.1,43.8,7.46,4.75,0.352,2.09,1434,True,ok
0150843AR,Pinus halepensis,431586,,0.0,0.0,,,,0,True,no_crown_detected
0150844AR,Grevillea robusta,431586,,0.0,0.0,,,,0,True,no_crown_detected
0150846AR,Pinus halepensis,431586,8.16,4.5,2.39,4.47,0.162,3.64,121,True,ok
0150849AR,Celtis australis,431586,8.79,66.5,9.2,3.86,0.203,3.19,2360,True,ok
0150851AR,Melia azedarach,431586,11.24,3.2,2.03,9.22,0.371,1.98,52,True,ok
0150854AR,Quercus robur,431586,4.33,7.0,2.99,2.7,0.483,1.46,169,True,ok
0150855AR,Platanus × acerifolia,431586,13.76,71.2,9.52,5.86,0.274,2.59,3674,True,ok
0150858AR,Melia azedarach,431586,17.07,60.5,8.78,4.61,0.354,2.08,2157,True,ok
0150859AR,Populus nigra,431586,18.43,21.8,5.26,7.95,0.224,2.99,998,True,ok
0150860AR,Platanus × acerifolia,431586,8.2,2.0,1.6,4.91,0.474,1.49,67,True,ok
0150864AR,Celtis australis,431586,,0.0,0.0,,,,0,True,no_crown_detected
0150866AR,Celtis australis,431586,10.45,47.0,7.74,5.92,0.244,2.82,1731,True,ok
0150867AR,Platanus × acerifolia,431586,,0.0,0.0,,,,0,True,no_crown_detected
0150868AR,Tipuana tipu,431586,6.8,10.8,3.7,4.16,0.481,1.46,483,True,ok
0150869AR,Magnolia grandiflora,431586,19.28,13.8,4.18,3.24,0.287,2.5,380,False,tile_edge
0150870AR,Magnolia grandiflora,431586,14.55,15.8,4.48,3.48,0.347,2.12,398,False,tile_edge
0150872AR,Platanus × acerifolia,431586,21.0,139.0,13.3,10.94,0.134,4.02,6407,True,ok
0150873AR,Grevillea robusta,431586,10.95,4.8,2.46,5.11,0.132,4.05,228,True,ok
0150874AR,Melia azedarach,431586,7.26,2.2,1.69,4.27,0.255,2.74,100,True,ok
0150875AR,Celtis australis,431586,9.3,31.8,6.36,6.17,0.283,2.52,939,True,ok
0150877AR,Pyrus calleryana,431586,8.02,2.5,1.78,3.68,0.279,2.56,111,True,ok
0150878AR,Platanus × acerifolia,431586,16.43,121.8,12.45,7.81,0.294,2.45,6694,True,ok
0150879AR,Casuarina cunninghamiana,431586,11.97,60.0,8.74,2.7,0.298,2.42,2230,True,ok
0150880AR,Platanus × acerifolia,431586,15.75,65.2,9.11,7.34,0.168,3.57,1646,True,ok
0150882AR,Melia azedarach,431586,7.56,43.8,7.46,4.34,0.456,1.57,1581,True,ok
0150884AR,Robinia pseudoacacia,431586,10.58,65.5,9.13,6.27,0.412,1.77,2844,True,ok
0150886AR,Cercis siliquastrum,431586,8.51,3.0,1.95,5.48,0.254,2.74,124,True,ok
0150887AR,Cupressus sempervirens,431586,15.81,19.8,5.01,6.67,0.097,4.67,768,True,ok
0150888AR,Quercus robur,431586,,0.0,0.0,,,,0,True,no_crown_detected
0150889AR,Platanus × acerifolia,431586,11.8,20.8,5.14,7.53,0.332,2.21,740,True,ok
0150890AR,Tipuana tipu,431586,19.23,138.2,13.27,11.01,0.187,3.35,5597,True,ok
0150891AR,Magnolia grandiflora,431586,14.57,21.2,5.2,4.71,0.241,2.85,680,True,ok
0150893AR,Platanus × acerifolia,431586,15.63,59.0,8.67,8.2,0.176,3.47,2346,True,ok
0150894AR,Platanus × acerifolia,431586,9.54,22.0,5.29,5.35,0.31,2.34,863,True,ok
0150895AR,Melia azedarach,431586,14.52,2.2,1.69,9.19,0.157,3.7,100,True,ok
0150900AR,Magnolia grandiflora,431586,9.13,27.5,5.92,4.26,0.218,3.05,1147,True,ok
0150902AR,Quercus ilex,431586,20.02,8.0,3.19,9.0,0.216,3.07,300,True,ok
0150903AR,Celtis australis,431586,9.33,63.5,8.99,4.08,0.25,2.77,2293,True,ok
0150905AR,Casuarina cunninghamiana,431586,11.46,6.0,2.76,5.07,0.226,2.98,209,True,ok
0150907AR,Acer campestre,431586,5.85,5.5,2.65,1.54,0.239,2.87,114,True,ok
0150908AR,Robinia pseudoacacia,431586,17.76,2.8,1.87,6.45,0.406,1.8,73,True,ok
0150910AR,Platanus × acerifolia,431586,10.83,23.2,5.44,7.07,0.367,2.01,855,True,ok
0150911AR,Platanus × acerifolia,431586,18.35,100.5,11.31,9.54,0.131,4.06,4596,True,ok
0150912AR,Melia azedarach,431586,6.01,7.5,3.09,3.27,0.269,2.63,387,True,ok
0150913AR,Platanus × acerifolia,431586,16.13,51.0,8.06,7.35,0.198,3.24,1220,True,ok
0150914AR,Koelreuteria paniculata,431586,6.48,24.5,5.59,3.9,0.218,3.05,839,True,ok
0150915AR,Styphnolobium japonicum,431586,14.21,90.5,10.73,4.66,0.271,2.61,4380,True,ok
0150916AR,Melia azedarach,431586,,0.0,0.0,,,,0,True,no_crown_detected
0150918AR,Tipuana tipu,431586,11.36,129.2,12.83,6.47,0.423,1.72,6073,True,ok
0150919AR,Celtis australis,431586,11.4,53.2,8.23,5.3,0.256,2.72,1820,True,ok
0150920AR,Koelreuteria paniculata,431586,4.91,1.2,1.26,3.35,0.433,1.67,42,True,no_crown_detected
0150921AR,Melia azedarach,431586,9.25,38.5,7.0,4.63,0.328,2.23,1487,True,ok
0150922AR,Platanus × acerifolia,431586,17.89,128.5,12.79,9.57,0.313,2.32,5545,True,ok
0150923AR,Melia azedarach,431586,11.72,70.8,9.49,5.16,0.26,2.69,2548,True,ok
0150928AR,Styphnolobium japonicum,431586,6.36,24.2,5.56,3.3,0.429,1.69,951,True,ok
0150930AR,Pinus halepensis,431586,10.85,70.0,9.44,4.76,0.241,2.85,2472,True,ok
0150931AR,Acer monspessulanum,431586,,0.0,0.0,,,,0,True,no_crown_detected
0150932AR,Melia azedarach,431586,7.92,12.2,3.95,4.77,0.28,2.55,320,True,ok
0150934AR,Grevillea robusta,431586,,0.0,0.0,,,,0,True,no_crown_detected
0150935AR,Acer monspessulanum,431586,,0.0,0.0,,,,0,True,no_crown_detected
0150937AR,Tipuana tipu,431586,11.29,2.0,1.6,10.39,0.2,3.22,41,True,few_points
0150940AR,Quercus robur,431586,6.23,2.0,1.6,2.85,0.333,2.2,99,True,ok
0150941AR,Brachychiton populneus,431586,5.51,4.0,2.26,3.01,0.465,1.53,166,True,ok
0150942AR,Magnolia grandiflora,431586,8.25,12.0,3.91,3.87,0.392,1.87,518,True,ok
0150943AR,Pinus halepensis,431586,9.37,25.0,5.64,6.39,0.374,1.97,844,True,ok
0150947AR,Pyrus calleryana,431586,5.48,2.8,1.87,3.16,0.328,2.23,111,True,ok
0150948AR,Pinus halepensis,431586,15.15,54.5,8.33,5.24,0.235,2.9,2017,True,ok
0150950AR,Platanus × acerifolia,431586,15.48,95.0,11.0,7.95,0.176,3.47,3725,True,ok
0150951AR,Koelreuteria paniculata,431586,11.4,3.5,2.11,3.2,0.385,1.91,101,True,ok
0150952AR,Robinia pseudoacacia,431586,12.26,102.8,11.44,5.43,0.323,2.26,4669,True,ok
0150953AR,Melia azedarach,431586,,0.0,0.0,,,,0,True,no_crown_detected
0150955AR,Robinia pseudoacacia,431586,17.75,10.5,3.66,5.79,0.18,3.43,441,True,ok
0150956AR,Celtis australis,431586,9.79,63.2,8.97,5.25,0.197,3.25,2096,True,ok
0150957AR,Styphnolobium japonicum,431586,17.8,61.8,8.87,4.61,0.293,2.45,2241,True,ok
0150958AR,Melia azedarach,431586,8.21,19.8,5.01,5.13,0.409,1.79,639,True,ok
0150959AR,Celtis australis,431586,9.63,50.8,8.04,5.93,0.239,2.86,1715,True,ok
0150961AR,Firmiana simplex,431586,13.73,102.5,11.42,6.22,0.246,2.8,3421,True,ok
0150962AR,Grevillea robusta,431586,,0.0,0.0,,,,0,True,no_crown_detected
0150964AR,Robinia pseudoacacia,431586,14.29,21.8,5.26,6.96,0.179,3.44,839,True,ok
0150965AR,Robinia pseudoacacia,431586,7.99,2.2,1.69,3.66,0.217,3.05,93,True,ok
0150967AR,Platanus × acerifolia,431586,18.9,5.0,2.52,10.06,0.093,4.76,146,True,ok
0150968AR,Jacaranda mimosifolia,431586,17.28,7.2,3.04,10.82,0.0,7.82,206,True,ok
0150971AR,Koelreuteria paniculata,431586,,0.0,0.0,,,,0,False,tile_edge
0150975AR,Pinus halepensis,431586,15.18,56.5,8.48,7.04,0.249,2.78,2380,True,ok
0150977AR,Styphnolobium japonicum,431586,8.3,48.2,7.84,4.24,0.267,2.64,1877,True,ok
0150979AR,Celtis australis,431586,8.67,61.5,8.85,3.74,0.222,3.01,2185,True,ok
0150980AR,Robinia pseudoacacia,431586,15.56,57.0,8.52,6.77,0.219,3.04,2619,True,ok
0150981AR,Platanus × acerifolia,431586,16.65,134.0,13.06,6.34,0.268,2.63,6350,True,ok
0150982AR,Populus nigra,431586,14.74,25.2,5.67,5.36,0.36,2.04,1232,True,ok
0150983AR,Robinia pseudoacacia,431586,14.15,56.0,8.44,7.21,0.306,2.37,2298,True,ok
0150984AR,Magnolia grandiflora,431586,18.55,24.2,5.56,4.15,0.199,3.23,1208,True,ok
0150985AR,Platanus × acerifolia,431586,19.01,35.0,6.68,4.57,0.329,2.22,1532,True,ok
0150986AR,Pinus pinea,431586,7.17,26.5,5.81,2.95,0.223,3.0,1165,True,ok
0150987AR,Melia azedarach,431586,6.9,64.8,9.08,3.54,0.454,1.58,2489,True,ok
0150988AR,Grevillea robusta,431586,9.96,10.2,3.61,4.8,0.303,2.39,374,True,ok
0150991AR,Styphnolobium japonicum,431586,7.27,3.8,2.19,4.0,0.02,7.82,92,True,ok
0150992AR,Grevillea robusta,431586,5.03,5.5,2.65,2.52,0.433,1.67,218,True,ok
0150995AR,Platanus × acerifolia,431586,14.36,65.0,9.1,7.13,0.258,2.71,2825,True,ok
0150996AR,Melia azedarach,431586,,0.0,0.0,,,,0,True,no_crown_detected
0150997AR,Citrus × aurantium,431586,3.95,4.2,2.33,2.56,0.413,1.77,64,True,ok
0150998AR,Broussonetia papyrifera,431586,5.82,9.2,3.43,3.06,0.259,2.7,284,True,ok
0150999AR,Casuarina cunninghamiana,431586,,0.0,0.0,,,,0,True,no_crown_detected
0151000AR,Platanus × acerifolia,431586,15.75,78.8,10.01,8.69,0.258,2.71,3332,True,ok
0151001AR,Styphnolobium japonicum,431586,7.95,2.0,1.6,4.81,0.103,4.54,59,True,ok
0151005AR,Platanus × acerifolia,431586,8.89,0.5,0.8,8.68,0.571,1.12,14,True,no_crown_detected
0151006AR,Styphnolobium japonicum,431586,7.32,60.0,8.74,3.44,0.337,2.17,2417,True,ok
0151007AR,Ligustrum lucidum,431586,16.17,14.2,4.26,4.07,0.312,2.33,482,True,ok
0151009AR,Styphnolobium japonicum,431586,9.4,49.2,7.92,4.02,0.189,3.34,2218,True,ok
0151012AR,Styphnolobium japonicum,431586,11.67,103.2,11.47,5.88,0.201,3.21,3863,True,ok
0151014AR,Platanus × acerifolia,431586,16.5,53.5,8.25,8.24,0.293,2.45,2462,True,ok
0151017AR,Magnolia grandiflora,431586,19.44,20.2,5.08,4.06,0.301,2.4,738,True,ok
0151018AR,Casuarina cunninghamiana,431586,8.6,4.0,2.26,4.68,0.276,2.58,156,True,ok
0151019AR,Citrus × aurantium,431586,4.42,7.8,3.14,2.94,0.109,4.43,129,True,ok
0151020AR,Platanus × acerifolia,431586,16.1,67.2,9.25,7.19,0.239,2.87,3744,True,ok
0151022AR,Magnolia grandiflora,431586,8.91,21.8,5.26,3.63,0.276,2.57,1025,True,ok
0151023AR,Magnolia grandiflora,431586,10.88,21.2,5.2,4.48,0.218,3.05,962,True,ok
0151026AR,Tipuana tipu,431586,15.14,166.0,14.54,8.09,0.136,4.0,5742,True,ok
0151027AR,Melia azedarach,431586,5.77,2.0,1.6,3.31,0.4,1.83,57,True,ok
0151028AR,Ligustrum lucidum,431586,12.24,10.0,3.57,3.28,0.364,2.02,375,True,ok
0151029AR,Magnolia grandiflora,431586,14.17,18.5,4.85,5.0,0.22,3.03,875,True,ok
0151030AR,Firmiana simplex,431586,3.97,7.5,3.09,3.06,0.195,3.26,278,True,ok
0151031AR,Melia azedarach,431586,6.26,26.8,5.84,3.82,0.501,1.38,1051,True,ok
0151032AR,Melia azedarach,431586,10.19,2.2,1.69,7.7,0.0,7.82,104,True,ok
0151033AR,Magnolia grandiflora,431586,14.81,12.8,4.03,4.01,0.226,2.98,357,False,tile_edge
0151035AR,Celtis australis,431586,13.27,89.0,10.65,5.97,0.186,3.37,3288,True,ok
0151037AR,Pyrus calleryana,431586,5.43,4.2,2.33,2.83,0.5,1.39,129,True,ok
0151038AR,Melia azedarach,431586,13.06,144.0,13.54,5.62,0.239,2.87,5332,True,ok
0151039AR,Platanus × acerifolia,431586,12.98,33.2,6.51,7.93,0.313,2.32,1396,True,ok
0151040AR,Robinia pseudoacacia,431586,7.75,20.8,5.14,4.29,0.369,1.99,939,True,ok
0151041AR,Casuarina cunninghamiana,431586,12.7,153.5,13.98,6.52,0.193,3.29,5469,True,ok
0151042AR,Melia azedarach,431586,,0.0,0.0,,,,0,True,no_crown_detected
0151044AR,Pyrus calleryana,431586,,0.0,0.0,,,,0,True,no_crown_detected
0151045AR,Celtis australis,431586,17.64,57.2,8.54,4.8,0.13,4.08,1898,True,ok
0151047AR,Celtis australis,431586,9.46,60.8,8.79,4.7,0.183,3.4,2135,True,ok
0151048AR,Magnolia grandiflora,431586,10.09,27.0,5.86,4.4,0.247,2.8,1317,True,ok
0151049AR,Brachychiton populneus,431586,6.32,6.5,2.88,3.36,0.442,1.63,284,True,ok
0151050AR,Platanus × acerifolia,431586,17.32,100.5,11.31,8.78,0.158,3.68,3806,True,ok
0151053AR,Styphnolobium japonicum,431586,11.03,49.0,7.9,5.17,0.166,3.6,2195,True,ok
0151054AR,Melia azedarach,431586,8.56,6.2,2.82,5.37,0.292,2.46,123,True,ok
0151056AR,Acer monspessulanum,431586,,0.0,0.0,,,,0,True,no_crown_detected
0151057AR,Populus nigra,431586,14.96,51.5,8.1,5.27,0.249,2.78,2424,True,ok
0151058AR,Populus nigra,431586,19.5,20.5,5.11,7.19,0.178,3.45,1054,True,ok
0151059AR,Melia azedarach,431586,,0.0,0.0,,,,0,True,no_crown_detected
0151060AR,Brachychiton populneus,431586,,0.0,0.0,,,,0,True,no_crown_detected
0151061AR,Melia azedarach,431586,,0.0,0.0,,,,0,True,no_crown_detected
0151062AR,Melia azedarach,431586,13.48,78.8,10.01,5.99,0.182,3.41,2934,True,ok
0151063AR,Acer negundo,431586,7.09,12.5,3.99,4.79,0.306,2.37,460,True,ok
0151064AR,Styphnolobium japonicum,431586,7.79,29.2,6.1,4.64,0.263,2.67,849,True,ok
0151066AR,Platanus × acerifolia,431586,19.18,134.5,13.09,7.15,0.174,3.5,6976,True,ok
0151069AR,Firmiana simplex,431586,7.18,23.5,5.47,4.86,0.325,2.25,670,True,ok
0151070AR,Koelreuteria paniculata,431586,5.86,3.5,2.11,3.69,0.5,1.39,154,True,ok
0151071AR,Platanus × acerifolia,431586,13.64,2.8,1.87,9.12,0.115,4.32,53,True,ok
0151076AR,Celtis australis,431586,,0.0,0.0,,,,0,True,no_crown_detected
0151077AR,Robinia pseudoacacia,431586,15.72,50.2,8.0,7.84,0.319,2.28,2166,True,ok
0151079AR,Casuarina cunninghamiana,431586,,0.0,0.0,,,,0,True,no_crown_detected
0151081AR,Melia azedarach,431586,10.2,30.2,6.21,4.84,0.207,3.15,1208,True,ok
0151082AR,Catalpa bignonioides,431586,8.56,12.5,3.99,5.23,0.343,2.14,480,True,ok
0151085AR,Robinia pseudoacacia,431586,9.6,27.0,5.86,5.4,0.282,2.53,1503,True,ok
0151086AR,Grevillea robusta,431586,10.49,8.0,3.19,2.66,0.044,6.23,357,True,ok
0151087AR,Acer negundo,431586,10.5,69.0,9.37,4.01,0.294,2.45,3311,True,ok
0151088AR,Koelreuteria paniculata,431586,11.97,13.2,4.11,5.24,0.317,2.3,591,True,ok
0151089AR,Koelreuteria paniculata,431586,,0.0,0.0,,,,0,True,no_crown_detected
0151092AR,Magnolia grandiflora,431586,5.26,10.5,3.66,3.8,0.518,1.31,432,False,tile_edge
0151093AR,Magnolia grandiflora,431586,14.25,9.0,3.39,3.51,0.283,2.52,234,True,ok
0151094AR,Cupressus sempervirens,431586,13.66,29.0,6.08,4.57,0.212,3.11,1299,True,ok
0151096AR,Populus nigra,431586,13.57,9.5,3.48,6.0,0.217,3.06,449,True,ok
0151097AR,Grevillea robusta,431586,12.42,8.8,3.34,7.24,0.304,2.38,367,True,ok
0151099AR,Styphnolobium japonicum,431586,9.18,67.5,9.27,4.39,0.275,2.58,2668,True,ok
0151100AR,Styphnolobium japonicum,431586,16.62,57.8,8.57,4.88,0.151,3.78,2100,True,ok
0151101AR,Magnolia grandiflora,431586,15.02,15.0,4.37,4.51,0.301,2.4,568,True,ok
0151102AR,Jacaranda mimosifolia,431586,8.21,56.0,8.44,2.64,0.349,2.11,2593,True,ok
0151104AR,Catalpa bignonioides,431586,8.31,38.5,7.0,4.45,0.324,2.25,1342,True,ok
0151105AR,Citrus × aurantium,431586,12.78,9.8,3.52,3.38,0.45,1.6,240,True,ok
0151106AR,Melia azedarach,431586,9.69,26.5,5.81,5.95,0.263,2.67,993,True,ok
0151107AR,Acer campestre,431586,8.33,51.8,8.12,4.02,0.321,2.28,2154,True,ok
0151108AR,Tipuana tipu,431586,10.08,98.0,11.17,4.37,0.398,1.84,5211,True,ok
0151110AR,Melia azedarach,431586,19.95,56.2,8.46,3.56,0.212,3.1,2138,True,ok
0151111AR,Melia azedarach,431586,8.83,46.2,7.67,6.22,0.389,1.89,1632,True,ok
0151112AR,Brachychiton populneus,431586,10.42,23.8,5.5,4.62,0.386,1.9,1101,True,ok
0151115AR,Melia azedarach,431586,9.31,82.2,10.23,4.83,0.247,2.8,2208,True,ok
0151117AR,Melia azedarach,431586,6.56,2.0,1.6,4.87,0.293,2.46,66,True,ok
0151119AR,Celtis australis,431586,10.41,53.5,8.25,6.58,0.284,2.52,1686,True,ok
0151120AR,Ligustrum lucidum,431586,6.74,14.5,4.3,3.95,0.203,3.19,272,True,ok
0151121AR,Melia azedarach,431586,,0.0,0.0,,,,0,True,no_crown_detected
0151122AR,Magnolia grandiflora,431586,9.77,14.5,4.3,4.96,0.211,3.11,604,True,ok
0151124AR,Platanus × acerifolia,431586,33.59,97.5,11.14,5.16,0.269,2.62,4054,True,ok
0151125AR,Platanus × acerifolia,431586,17.05,58.0,8.59,9.38,0.177,3.47,2248,True,ok
0151126AR,Tipuana tipu,431586,20.85,101.5,11.37,5.28,0.187,3.35,3319,True,ok
0151128AR,Acer monspessulanum,431586,17.38,2.5,1.78,5.02,0.109,4.43,128,True,ok
0151130AR,Acer negundo,431586,19.18,59.8,8.72,4.13,0.318,2.29,3190,True,ok
0151133AR,Pinus halepensis,431586,10.6,60.2,8.76,5.79,0.234,2.9,2051,True,ok
0151134AR,Melia azedarach,431586,6.93,21.2,5.2,2.88,0.18,3.43,784,True,ok
0151135AR,Melia azedarach,431586,10.44,70.8,9.49,4.68,0.235,2.9,3005,True,ok
0151138AR,Platanus × acerifolia,431586,17.05,89.0,10.65,8.72,0.186,3.36,4079,True,ok
0151139AR,Celtis australis,431586,11.98,64.0,9.03,6.31,0.214,3.08,2223,True,ok
0151141AR,Pinus halepensis,431586,11.17,77.8,9.95,4.2,0.205,3.17,2978,True,ok
0151143AR,Platanus × acerifolia,431586,18.15,91.8,10.81,7.54,0.187,3.35,3496,True,ok
0151144AR,Melia azedarach,431586,,0.0,0.0,,,,0,True,no_crown_detected
0151145AR,Ligustrum lucidum,431586,4.45,9.0,3.39,2.94,0.512,1.34,285,True,ok
0151146AR,Pyrus calleryana,431586,5.24,2.0,1.6,2.37,0.481,1.46,102,True,ok
0151148AR,Platanus × acerifolia,431586,14.49,2.2,1.69,13.1,0.385,1.91,49,True,few_points
0151149AR,Styphnolobium japonicum,431586,11.11,84.2,10.36,5.01,0.127,4.12,2841,True,ok
0151151AR,Pinus halepensis,431586,5.64,0.2,0.56,3.99,0.25,2.77,14,True,no_crown_detected
0151153AR,Bauhinia variegata,431586,5.63,4.5,2.39,4.24,0.373,1.97,135,True,ok
0151154AR,Pyrus calleryana,431586,10.53,46.5,7.69,4.41,0.339,2.16,2162,True,ok
0151155AR,Koelreuteria paniculata,431586,7.11,3.5,2.11,4.12,0.339,2.17,156,True,ok
0151156AR,Platanus × acerifolia,431586,17.79,30.8,6.26,7.07,0.298,2.42,1310,True,ok
0151157AR,Grevillea robusta,431586,15.75,39.5,7.09,5.72,0.308,2.35,2089,True,ok
0151158AR,Melia azedarach,431586,12.16,4.0,2.26,5.12,0.292,2.46,155,True,ok
0151159AR,Tipuana tipu,431586,9.3,36.2,6.79,5.12,0.463,1.54,1439,True,ok
0151161AR,Jacaranda mimosifolia,431586,6.03,28.0,5.97,2.94,0.339,2.16,1067,True,ok
0151163AR,Melia azedarach,431586,13.24,105.0,11.56,5.0,0.25,2.78,4103,True,ok
0151164AR,Brachychiton populneus,431586,11.73,79.2,10.05,2.72,0.221,3.02,3727,True,ok
0151165AR,Grevillea robusta,431586,8.3,7.2,3.04,3.66,0.342,2.14,220,True,ok
0151167AR,Styphnolobium japonicum,431586,7.84,28.0,5.97,3.82,0.199,3.23,797,True,ok
0151170AR,Acer campestre,431586,6.89,1.2,1.26,5.04,0.091,4.8,27,True,no_crown_detected
0151174AR,Platanus × acerifolia,431586,16.24,109.2,11.79,6.63,0.259,2.7,4914,True,ok
0151175AR,Platanus × acerifolia,431586,19.48,50.2,8.0,9.48,0.173,3.51,2171,True,ok
0151177AR,Platanus × acerifolia,431586,18.15,94.8,10.98,7.46,0.135,4.0,3505,True,ok
0151178AR,Platanus × acerifolia,431586,13.56,73.8,9.69,8.54,0.296,2.43,2917,True,ok
0151180AR,Robinia pseudoacacia,431586,11.19,29.0,6.08,6.48,0.328,2.23,955,True,ok
0151182AR,Pyrus calleryana,431586,,0.0,0.0,,,,0,True,no_crown_detected
0151183AR,Platanus × acerifolia,431586,15.24,154.2,14.01,6.93,0.231,2.93,6654,True,ok
0151184AR,Catalpa bignonioides,431586,6.84,15.2,4.41,3.65,0.421,1.73,519,True,ok
0151185AR,Platanus × acerifolia,431586,17.64,51.2,8.08,8.18,0.294,2.45,2403,True,ok
0151187AR,Cercis siliquastrum,431586,7.47,27.8,5.94,3.73,0.297,2.43,1098,True,ok
0151191AR,Casuarina cunninghamiana,431586,26.77,76.5,9.87,4.54,0.23,2.94,2588,True,ok
0151192AR,Platanus × acerifolia,431586,17.43,60.0,8.74,8.67,0.248,2.79,3070,True,ok
0151193AR,Robinia pseudoacacia,431586,5.81,6.0,2.76,3.1,0.493,1.41,199,True,ok
0151198AR,Quercus ilex,431586,20.77,4.0,2.26,10.76,0.0,7.82,118,True,ok
0151199AR,Platanus × acerifolia,431586,18.97,97.2,11.13,8.62,0.139,3.94,4696,True,ok
0151200AR,Casuarina cunninghamiana,431586,9.44,30.5,6.23,4.8,0.164,3.62,1381,True,ok
0151201AR,Styphnolobium japonicum,431586,8.17,58.5,8.63,3.96,0.18,3.43,2197,True,ok
0151202AR,Melia azedarach,431586,12.3,79.5,10.06,5.93,0.22,3.03,3221,True,ok
0151203AR,Koelreuteria paniculata,431586,6.92,6.2,2.82,3.72,0.445,1.62,267,True,ok
0151205AR,Acer monspessulanum,431586,,0.0,0.0,,,,0,True,no_crown_detected
0151206AR,Platanus × acerifolia,431586,15.12,74.8,9.76,7.34,0.233,2.91,3807,True,ok
0151208AR,Melia azedarach,431586,16.03,59.8,8.72,7.71,0.268,2.63,2004,True,ok
0151209AR,Acer negundo,431586,7.3,41.2,7.25,4.21,0.482,1.46,1676,True,ok
0151210AR,Magnolia grandiflora,431586,13.85,7.5,3.09,3.06,0.333,2.2,278,True,ok
0151211AR,Platanus × acerifolia,431586,19.24,112.5,11.97,10.32,0.289,2.48,5420,False,tile_edge
0151212AR,Casuarina cunninghamiana,431586,14.26,27.5,5.92,3.99,0.213,3.09,1121,True,ok
0151213AR,Fraxinus angustifolia,431586,10.02,3.0,1.95,6.77,0.388,1.89,125,True,ok
0151214AR,Ligustrum lucidum,431586,4.12,4.0,2.26,2.31,0.317,2.3,76,True,ok
0151215AR,Platanus × acerifolia,431586,18.5,73.8,9.69,8.37,0.233,2.91,3682,True,ok
0151216AR,Catalpa bignonioides,431586,10.43,19.2,4.95,6.4,0.404,1.81,847,True,ok
0151217AR,Styphnolobium japonicum,431586,16.39,47.2,7.76,4.81,0.104,4.53,1573,True,ok
0151218AR,Platanus × acerifolia,431586,18.88,144.0,13.54,5.72,0.185,3.37,6663,True,ok
0151219AR,Magnolia grandiflora,431586,6.22,1.5,1.38,3.79,0.233,2.91,55,True,no_crown_detected
0151221AR,Platanus × acerifolia,431586,13.08,2.2,1.69,2.94,0.452,1.59,120,True,ok
0151222AR,Celtis australis,431586,25.77,58.2,8.61,3.9,0.194,3.28,1833,True,ok
0151223AR,Brachychiton populneus,431586,7.03,5.5,2.65,3.32,0.471,1.51,260,True,ok
0151225AR,Melia azedarach,431586,10.81,41.5,7.27,6.69,0.28,2.55,1219,True,ok
0151226AR,Pinus halepensis,431586,10.73,41.2,7.25,5.94,0.333,2.2,1573,True,ok
0151228AR,Platanus × acerifolia,431586,11.12,3.8,2.19,8.19,0.371,1.98,108,True,ok
0151229AR,Melia azedarach,431586,6.87,40.8,7.2,3.39,0.289,2.48,1259,True,ok
0151231AR,Melia azedarach,431586,10.3,51.5,8.1,5.33,0.325,2.25,1827,True,ok
0151232AR,Tipuana tipu,431586,9.44,29.2,6.1,4.25,0.413,1.77,1303,True,ok
0151233AR,Platanus × acerifolia,431586,15.75,46.8,7.72,8.24,0.326,2.24,1948,True,ok
0151234AR,Koelreuteria paniculata,431586,7.29,6.8,2.93,4.3,0.282,2.53,246,True,ok
0151235AR,Magnolia grandiflora,431586,11.65,16.2,4.55,4.22,0.317,2.3,667,True,ok
0151237AR,Platanus × acerifolia,431586,12.95,2.8,1.87,7.95,0.222,3.01,123,True,ok
0151239AR,Pinus halepensis,431586,10.22,43.8,7.46,5.08,0.295,2.44,1724,True,ok
0151240AR,Celtis australis,431586,10.86,63.0,8.96,5.65,0.297,2.43,2370,True,ok
0151241AR,Platanus × acerifolia,431586,15.21,54.2,8.31,8.19,0.228,2.95,2427,True,ok
0151243AR,Magnolia grandiflora,431586,10.41,33.5,6.53,4.63,0.198,3.24,1422,True,ok
0151246AR,Platanus × acerifolia,431586,11.58,45.0,7.57,7.64,0.403,1.82,1632,True,ok
0151250AR,Pinus pinea,431586,17.59,71.5,9.54,7.72,0.315,2.31,4010,True,ok
0151252AR,Styphnolobium japonicum,431586,7.97,39.2,7.07,4.21,0.287,2.49,1227,True,ok
0151253AR,Melia azedarach,431586,8.74,16.0,4.51,4.83,0.338,2.17,531,True,ok
0151254AR,Firmiana simplex,431586,8.54,33.5,6.53,5.84,0.256,2.73,956,True,ok
0151255AR,Magnolia grandiflora,431586,8.91,20.2,5.08,4.61,0.209,3.13,713,True,ok
0151256AR,Styphnolobium japonicum,431586,8.35,41.8,7.29,4.0,0.387,1.9,1632,True,ok
0151257AR,Platanus × acerifolia,431586,21.34,142.2,13.46,9.12,0.173,3.51,6999,True,ok
0151258AR,Styphnolobium japonicum,431586,10.45,86.0,10.46,4.48,0.207,3.15,3381,True,ok
0151261AR,Celtis australis,431586,11.45,58.0,8.59,6.18,0.266,2.65,2206,True,ok
0151262AR,Tipuana tipu,431586,14.97,70.2,9.46,8.94,0.309,2.35,2767,True,ok
0151263AR,Magnolia grandiflora,431586,9.69,18.0,4.79,4.86,0.251,2.76,725,True,ok
0151264AR,Cupressus sempervirens,431586,20.24,70.8,9.49,6.27,0.146,3.85,2270,True,ok
0151266AR,Ligustrum lucidum,431586,6.99,19.2,4.95,4.29,0.301,2.4,585,True,ok
0151268AR,Koelreuteria paniculata,431586,12.12,43.0,7.4,2.66,0.248,2.79,1501,True,ok
0151269AR,Platanus × acerifolia,431586,9.76,21.5,5.23,5.82,0.282,2.53,937,True,ok
0151270AR,Grevillea robusta,431586,13.82,14.0,4.22,6.43,0.31,2.34,558,True,ok
0151272AR,Styphnolobium japonicum,431586,8.22,60.2,8.76,2.33,0.254,2.74,2322,True,ok
0151273AR,Melia azedarach,431586,7.78,2.8,1.87,3.65,0.384,1.92,104,True,ok
0151274AR,Styphnolobium japonicum,431586,7.67,31.2,6.31,3.72,0.248,2.79,1259,True,ok
0151275AR,Platanus × acerifolia,431586,16.09,118.5,12.28,7.77,0.214,3.08,5322,True,ok
0151276AR,Platanus × acerifolia,431586,10.58,0.2,0.56,7.59,0.333,2.2,7,True,no_crown_detected
0151278AR,Grevillea robusta,431586,9.56,3.0,1.95,6.41,0.312,2.33,65,True,ok
0151279AR,Platanus × acerifolia,431586,11.96,66.5,9.2,5.36,0.319,2.29,2903,True,ok
0151281AR,Celtis australis,431586,9.61,45.8,7.63,6.51,0.282,2.53,1533,True,ok
0151282AR,Koelreuteria paniculata,431586,5.21,1.2,1.26,2.81,0.267,2.64,43,True,no_crown_detected
0151284AR,Platanus × acerifolia,431586,19.81,142.2,13.46,8.57,0.261,2.69,6502,True,ok
0151285AR,Robinia pseudoacacia,431586,10.65,26.0,5.75,5.4,0.238,2.87,927,True,ok
0151287AR,Casuarina cunninghamiana,431586,16.12,15.2,4.41,4.46,0.331,2.21,804,True,ok
0151288AR,Ligustrum lucidum,431586,7.7,28.5,6.02,4.39,0.301,2.4,824,True,ok
0151289AR,Ligustrum lucidum,431586,7.67,0.5,0.8,7.64,0.333,2.2,6,True,no_crown_detected
0151290AR,Robinia pseudoacacia,431586,14.2,67.5,9.27,5.52,0.206,3.16,2872,True,ok
0151293AR,Styphnolobium japonicum,431586,7.16,8.5,3.29,3.42,0.144,3.88,386,True,ok
0151295AR,Celtis australis,431586,9.74,42.2,7.33,5.91,0.305,2.37,1454,True,ok
0151296AR,Styphnolobium japonicum,431586,16.83,50.5,8.02,5.59,0.241,2.84,1945,True,ok
0151298AR,Platanus × acerifolia,431586,22.27,125.0,12.62,8.6,0.166,3.59,5226,True,ok
0151303AR,Melia azedarach,431586,13.65,6.5,2.88,4.02,0.095,4.7,186,True,ok
0151304AR,Styphnolobium japonicum,431586,10.52,105.8,11.6,2.91,0.382,1.93,4543,True,ok
0151307AR,Pyrus calleryana,431586,8.39,2.2,1.69,3.05,0.356,2.07,77,True,ok
0151308AR,Styphnolobium japonicum,431586,10.6,123.2,12.53,4.93,0.187,3.35,4035,True,ok
0151310AR,Melia azedarach,431586,11.84,83.5,10.31,5.67,0.191,3.31,3250,True,ok
0151311AR,Styphnolobium japonicum,431586,8.12,38.5,7.0,4.18,0.32,2.28,1727,True,ok
0151315AR,Grevillea robusta,431586,6.2,7.0,2.99,3.86,0.169,3.56,223,True,ok
0151316AR,Platanus × acerifolia,431586,15.75,58.2,8.61,6.23,0.204,3.18,2791,True,ok
0151317AR,Platanus × acerifolia,431586,18.63,60.2,8.76,9.73,0.143,3.88,2463,True,ok
0151318AR,Brachychiton populneus,431586,,0.0,0.0,,,,0,True,no_crown_detected
0151325AR,Celtis australis,431586,10.29,56.2,8.46,5.51,0.245,2.81,1969,True,ok
0151326AR,Casuarina cunninghamiana,431586,15.19,71.8,9.56,4.95,0.181,3.42,3166,True,ok
0151327AR,Platanus × acerifolia,431586,13.42,3.2,2.03,6.81,0.379,1.94,81,True,ok
0151330AR,Platanus × acerifolia,431586,15.73,17.0,4.65,7.08,0.245,2.81,851,True,ok
0151331AR,Populus nigra,431586,17.05,58.8,8.65,5.24,0.168,3.56,2609,True,ok
0151332AR,Melia azedarach,431586,11.97,74.0,9.71,6.14,0.281,2.54,2526,True,ok
0151333AR,Grevillea robusta,431586,,0.0,0.0,,,,0,True,no_crown_detected
0151336AR,Platanus × acerifolia,431586,19.52,67.5,9.27,10.56,0.3,2.41,2864,True,ok
0151337AR,Grevillea robusta,431586,5.58,2.0,1.6,2.71,0.491,1.42,100,True,ok
0151341AR,Platanus × acerifolia,431586,12.67,69.8,9.42,7.37,0.384,1.92,2922,True,ok
0151343AR,Magnolia grandiflora,431586,7.01,11.0,3.74,3.88,0.333,2.2,293,False,tile_edge
0151344AR,Melia azedarach,431586,11.86,2.0,1.6,9.41,0.057,5.72,63,True,ok
0151350AR,Styphnolobium japonicum,431586,9.85,82.5,10.25,4.92,0.196,3.26,2739,True,ok
0151351AR,Brachychiton populneus,431586,6.39,6.8,2.93,3.7,0.465,1.53,330,True,ok
0151352AR,Styphnolobium japonicum,431586,8.74,41.0,7.23,4.3,0.247,2.79,1738,True,ok
0151353AR,Magnolia grandiflora,431586,6.43,15.2,4.41,2.89,0.342,2.15,395,False,tile_edge
0151355AR,Melia azedarach,431586,,0.0,0.0,,,,0,True,no_crown_detected
0151357AR,Brachychiton populneus,431586,5.96,4.0,2.26,3.56,0.375,1.96,209,True,ok
0151359AR,Melia azedarach,431586,5.51,2.8,1.87,4.94,0.391,1.88,56,True,ok
0151360AR,Cercis siliquastrum,431586,3.19,0.5,0.8,2.64,0.7,0.71,18,True,no_crown_detected
0151362AR,Tipuana tipu,431586,11.98,22.5,5.35,4.08,0.39,1.88,965,True,ok
0151363AR,Tipuana tipu,431586,6.23,19.8,5.01,3.54,0.416,1.75,757,True,ok
0151365AR,Melia azedarach,431586,12.02,88.5,10.62,6.58,0.322,2.26,3391,True,ok
0151367AR,Pyrus calleryana,431586,5.78,6.0,2.76,3.08,0.359,2.05,222,True,ok
0151369AR,Platanus × acerifolia,431586,18.56,85.2,10.42,9.33,0.318,2.29,4039,True,ok
0151371AR,Styphnolobium japonicum,431586,8.41,34.8,6.65,4.03,0.269,2.63,1159,True,ok
0151373AR,Koelreuteria paniculata,431586,13.85,27.0,5.86,2.98,0.265,2.65,923,True,ok
0151374AR,Melia azedarach,431586,10.5,21.5,5.23,5.37,0.232,2.92,869,True,ok
0151375AR,Robinia pseudoacacia,431586,13.41,55.5,8.41,6.67,0.221,3.02,2710,True,ok
0151376AR,Citrus × aurantium,431586,4.42,7.5,3.09,3.15,0.463,1.54,246,True,ok
0151377AR,Robinia pseudoacacia,431586,24.62,95.2,11.01,5.39,0.246,2.81,4343,True,ok
0151378AR,Platanus × acerifolia,431586,15.97,65.5,9.13,9.09,0.229,2.95,2480,True,ok
0151379AR,Platanus × acerifolia,431586,21.47,152.0,13.91,8.04,0.209,3.13,7894,True,ok
0151380AR,Jacaranda mimosifolia,431586,5.63,11.8,3.87,2.94,0.503,1.37,448,True,ok
0151381AR,Magnolia grandiflora,431586,15.41,32.8,6.46,4.2,0.193,3.29,1375,True,ok
0151382AR,Melia azedarach,431586,12.85,2.8,1.87,9.06,0.284,2.52,67,True,ok
0151383AR,Melia azedarach,431586,9.81,99.8,11.27,5.89,0.303,2.39,3135,True,ok
0151387AR,Styphnolobium japonicum,431586,6.62,10.2,3.61,2.99,0.306,2.37,411,True,ok
0151391AR,Platanus × acerifolia,431586,17.61,81.0,10.16,9.34,0.223,3.0,3990,True,ok
0151394AR,Melia azedarach,431586,15.07,38.0,6.96,6.48,0.209,3.13,981,True,ok
0151395AR,Magnolia grandiflora,431586,10.47,26.5,5.81,5.66,0.215,3.08,1054,True,ok
0151398AR,Robinia pseudoacacia,431586,,0.0,0.0,,,,0,True,no_crown_detected
0151399AR,Platanus × acerifolia,431586,14.43,2.0,1.6,6.79,0.0,7.82,50,True,ok
0151400AR,Platanus × acerifolia,431586,11.92,32.5,6.43,6.59,0.387,1.9,1027,True,ok
0151403AR,Acer monspessulanum,431586,9.78,19.5,4.98,7.25,0.328,2.23,515,True,ok
0151405AR,Grevillea robusta,431586,20.29,22.2,5.32,6.92,0.213,3.09,1093,True,ok
0151407AR,Melia azedarach,431586,20.3,75.2,9.79,8.84,0.052,5.91,2621,True,ok
0151409AR,Celtis australis,431586,12.11,2.2,1.69,9.65,0.0,7.82,62,True,ok
0151410AR,Styphnolobium japonicum,431586,15.5,49.5,7.94,3.82,0.307,2.36,1658,True,ok
0151411AR,Populus alba,431586,8.91,13.2,4.11,1.71,0.212,3.1,700,True,ok
0151412AR,Pinus pinea,431586,6.17,17.5,4.72,1.9,0.18,3.43,669,True,ok
0151413AR,Melia azedarach,431586,7.55,50.2,8.0,3.47,0.328,2.23,1942,True,ok
0151416AR,Magnolia grandiflora,431586,5.5,9.8,3.52,3.73,0.45,1.59,250,False,tile_edge
0151417AR,Celtis australis,431586,7.85,33.8,6.56,3.78,0.192,3.3,1101,True,ok
0151424AR,Jacaranda mimosifolia,431586,5.36,16.5,4.58,3.39,0.335,2.18,603,True,ok
0151426AR,Styphnolobium japonicum,431586,7.6,2.2,1.69,3.25,0.29,2.48,116,True,ok
0151427AR,Casuarina cunninghamiana,431586,13.32,10.2,3.61,3.54,0.252,2.76,377,True,ok
0151428AR,Pinus halepensis,431586,9.47,37.8,6.93,5.17,0.282,2.53,1457,True,ok
0151429AR,Melia azedarach,431586,10.22,52.2,8.16,1.92,0.353,2.08,1756,True,ok
0151430AR,Robinia pseudoacacia,431586,9.9,2.8,1.87,6.16,0.463,1.54,152,True,ok
0151431AR,Acer monspessulanum,431586,20.6,5.0,2.52,11.08,0.16,3.67,271,True,ok
0151432AR,Platanus × acerifolia,431586,20.25,110.2,11.85,11.29,0.142,3.91,4785,True,ok
0151433AR,Brachychiton populneus,431586,9.26,27.0,5.86,1.93,0.258,2.71,1110,True,ok
0151435AR,Grevillea robusta,431586,9.45,13.8,4.18,4.78,0.295,2.44,355,True,ok
0151436AR,Melia azedarach,431586,10.96,39.2,7.07,7.04,0.229,2.95,1218,True,ok
0151437AR,Acer campestre,431586,10.15,30.2,6.21,3.83,0.279,2.55,887,True,ok
0151439AR,Quercus ilex,431586,9.64,71.0,9.51,5.31,0.306,2.37,2506,True,ok
0151440AR,Cercis siliquastrum,431586,4.53,6.8,2.93,2.62,0.422,1.73,185,True,ok
0151441AR,Acacia retinodes,431586,6.5,12.5,3.99,3.7,0.423,1.72,447,True,ok
0151442AR,Melia azedarach,431586,12.12,5.8,2.71,6.71,0.234,2.91,208,True,ok
0151444AR,Platanus × acerifolia,431586,14.34,50.2,8.0,7.67,0.239,2.86,2444,True,ok
0151446AR,Platanus × acerifolia,431586,18.74,95.2,11.01,7.89,0.154,3.75,4286,True,ok
0151447AR,Fraxinus angustifolia,431586,10.61,85.8,10.45,4.66,0.288,2.49,3789,True,ok
0151449AR,Magnolia grandiflora,431586,8.04,8.0,3.19,3.33,0.227,2.97,232,True,ok
0151451AR,Melia azedarach,431586,,0.0,0.0,,,,0,True,no_crown_detected
0151452AR,Tipuana tipu,431586,10.58,61.5,8.85,6.4,0.36,2.04,2225,True,ok
0151453AR,Magnolia grandiflora,431586,11.07,16.2,4.55,3.57,0.296,2.43,704,True,ok
0151455AR,Robinia pseudoacacia,431586,15.03,50.5,8.02,7.71,0.3,2.41,2400,True,ok
0151456AR,Tipuana tipu,431586,8.98,18.0,4.79,5.5,0.381,1.93,680,True,ok
0151457AR,Platanus × acerifolia,431586,18.53,49.0,7.9,9.16,0.142,3.91,2037,True,ok
0151459AR,Robinia pseudoacacia,431586,6.84,18.5,4.85,4.65,0.38,1.93,617,True,ok
0151460AR,Grevillea robusta,431586,12.71,17.8,4.75,5.68,0.305,2.37,863,True,ok
0151461AR,Casuarina cunninghamiana,431586,9.6,20.5,5.11,3.36,0.383,1.92,973,False,tile_edge
0151463AR,Melia azedarach,431586,14.24,141.2,13.41,6.53,0.263,2.67,5277,True,ok
0151464AR,Magnolia grandiflora,431586,12.5,24.5,5.59,4.65,0.22,3.03,907,False,tile_edge
0151465AR,Platanus × acerifolia,431586,16.67,73.0,9.64,6.61,0.175,3.48,3357,True,ok
0151466AR,Grevillea robusta,431586,,0.0,0.0,,,,0,True,no_crown_detected
0151468AR,Magnolia grandiflora,431586,16.87,18.2,4.82,3.27,0.239,2.87,581,True,ok
0151469AR,Platanus × acerifolia,431586,17.56,125.8,12.65,7.96,0.187,3.35,5402,True,ok
0151470AR,Platanus × acerifolia,431586,14.95,2.0,1.6,2.81,0.22,3.03,71,True,ok
0151471AR,Magnolia grandiflora,431586,17.75,10.0,3.57,3.49,0.288,2.49,383,True,ok
0151472AR,Platanus × acerifolia,431586,9.73,18.5,4.85,5.19,0.387,1.9,672,True,ok
0151473AR,Brachychiton populneus,431586,5.2,8.8,3.34,3.63,0.507,1.36,360,True,ok
0151474AR,Melia azedarach,431586,11.17,19.0,4.92,8.28,0.38,1.94,665,True,ok
0151475AR,Populus nigra,431586,15.32,24.8,5.61,5.41,0.311,2.33,1252,True,ok
0151476AR,Melia azedarach,431586,4.65,2.0,1.6,3.15,0.5,1.39,28,True,few_points
0151477AR,Koelreuteria paniculata,431586,5.34,5.5,2.65,3.45,0.354,2.08,227,True,ok
0151478AR,Grevillea robusta,431586,9.93,11.0,3.74,4.63,0.337,2.17,487,True,ok
0151481AR,Styphnolobium japonicum,431586,10.12,64.0,9.03,4.69,0.206,3.16,2073,True,ok
0151482AR,Brachychiton populneus,431586,6.55,7.5,3.09,3.8,0.483,1.45,339,True,ok
0151483AR,Grevillea robusta,431586,2.86,5.5,2.65,2.18,0.033,6.8,83,True,low_tree
0151485AR,Casuarina cunninghamiana,431586,16.89,40.8,7.2,3.64,0.239,2.86,2182,False,tile_edge
0151486AR,Melia azedarach,431586,11.45,65.2,9.11,5.05,0.275,2.58,2586,True,ok
0151489AR,Robinia pseudoacacia,431586,11.7,32.8,6.46,7.95,0.291,2.47,1203,True,ok
0151490AR,Platanus × acerifolia,431586,17.22,77.8,9.95,9.38,0.208,3.14,3294,True,ok
0151491AR,Styphnolobium japonicum,431586,11.23,57.5,8.56,5.15,0.179,3.44,1906,True,ok
0151492AR,Tipuana tipu,431586,11.17,2.2,1.69,6.21,0.377,1.95,99,True,ok
0151493AR,Catalpa bignonioides,431586,9.75,27.2,5.89,5.72,0.227,2.96,872,True,ok
0151495AR,Grevillea robusta,431586,18.01,65.5,9.13,5.77,0.253,2.75,3220,True,ok
0151497AR,Fraxinus pennsylvanica,431586,6.12,19.5,4.98,3.27,0.474,1.49,788,True,ok
0151498AR,Koelreuteria paniculata,431586,,0.0,0.0,,,,0,False,tile_edge
0151501AR,Melia azedarach,431586,20.03,25.8,5.73,6.81,0.204,3.18,961,True,ok
0151502AR,Platanus × acerifolia,431586,13.58,109.5,11.81,7.45,0.363,2.03,4639,True,ok
0151503AR,Pinus halepensis,431586,11.01,93.0,10.88,6.4,0.268,2.63,3005,True,ok
0151504AR,Melia azedarach,431586,11.41,11.0,3.74,5.41,0.095,4.71,275,True,ok
0151506AR,Celtis australis,431586,11.1,56.2,8.46,7.56,0.203,3.19,1589,True,ok
0151509AR,Magnolia grandiflora,431586,11.58,10.2,3.61,4.11,0.293,2.45,428,True,ok
0151510AR,Celtis australis,431586,20.09,50.0,7.98,5.96,0.232,2.92,1937,True,ok
0151512AR,Platanus × acerifolia,431586,17.05,1.2,1.26,8.55,0.393,1.87,54,True,no_crown_detected
0151515AR,Platanus × acerifolia,431586,16.38,54.5,8.33,8.12,0.205,3.17,2274,True,ok
0151516AR,Ligustrum lucidum,431586,11.14,7.8,3.14,5.75,0.433,1.67,352,True,ok
0151525AR,Platanus × acerifolia,431586,18.57,131.2,12.93,11.02,0.271,2.61,5144,True,ok
0151527AR,Platanus × acerifolia,431586,13.49,30.0,6.18,6.59,0.225,2.98,1137,True,ok
0151528AR,Platanus × acerifolia,431586,11.36,70.0,9.44,5.23,0.267,2.64,2501,True,ok
0151531AR,Styphnolobium japonicum,431586,15.28,2.8,1.87,6.93,0.08,5.05,73,True,ok
0151536AR,Firmiana simplex,431586,10.99,14.0,4.22,5.63,0.115,4.32,529,True,ok
0151537AR,Melia azedarach,431586,8.06,15.5,4.44,3.92,0.169,3.55,560,True,ok
0151538AR,Catalpa bignonioides,431586,5.73,3.0,1.95,3.33,0.182,3.41,112,True,ok
0151540AR,Melia azedarach,431586,7.92,37.8,6.93,3.73,0.312,2.33,1013,True,ok
0151541AR,Robinia pseudoacacia,431586,10.17,58.2,8.61,4.22,0.201,3.21,1829,True,ok
0151544AR,Celtis australis,431586,10.99,52.5,8.18,6.29,0.234,2.9,1980,True,ok
0151546AR,Pyrus calleryana,431586,4.6,4.2,2.33,2.34,0.415,1.76,96,True,ok
0151547AR,Platanus × acerifolia,431586,20.36,3.8,2.19,4.1,0.195,3.27,217,True,ok
0151548AR,Styphnolobium japonicum,431586,7.92,34.2,6.6,3.78,0.217,3.06,1398,True,ok
0151550AR,Cupressus sempervirens,431586,,0.0,0.0,,,,0,True,no_crown_detected
0151551AR,Cupressus sempervirens,431586,13.25,32.8,6.46,2.22,0.168,3.57,1105,True,ok
0151552AR,Robinia pseudoacacia,431586,12.32,38.2,6.98,4.92,0.291,2.47,1398,True,ok
0151553AR,Melia azedarach,431586,13.83,69.2,9.39,4.63,0.277,2.56,2535,True,ok
0151555AR,Platanus × acerifolia,431586,14.49,57.2,8.54,7.98,0.236,2.89,2591,True,ok
0151556AR,Platanus × acerifolia,431586,14.89,3.8,2.19,11.67,0.392,1.87,147,True,ok
0151557AR,Pinus pinea,431586,13.11,111.0,11.89,5.65,0.223,3.0,4599,True,ok
0151558AR,Platanus × acerifolia,431586,11.55,18.8,4.89,5.18,0.293,2.46,661,True,ok
0151559AR,Tipuana tipu,431586,13.44,133.2,13.03,6.8,0.235,2.9,5423,True,ok
0151560AR,Robinia pseudoacacia,431586,13.35,143.5,13.52,5.49,0.257,2.72,7214,True,ok
0151561AR,Melia azedarach,431586,9.35,52.0,8.14,4.73,0.283,2.52,1865,True,ok
0151562AR,Celtis australis,431586,10.31,63.0,8.96,4.81,0.167,3.58,2506,True,ok
0151563AR,Celtis australis,431586,9.93,43.8,7.46,5.63,0.347,2.12,1800,True,ok
0151564AR,Platanus × acerifolia,431586,18.29,70.2,9.46,8.51,0.245,2.82,3306,True,ok
0151565AR,Robinia pseudoacacia,431586,16.64,40.5,7.18,4.81,0.204,3.17,1690,True,ok
0151567AR,Populus alba,431586,11.72,28.5,6.02,5.02,0.223,3.0,1001,True,ok
0151568AR,Celtis australis,431586,11.76,85.0,10.4,6.46,0.219,3.04,2603,True,ok
0151572AR,Casuarina cunninghamiana,431586,14.97,58.2,8.61,6.83,0.131,4.07,2528,True,ok
0151573AR,Styphnolobium japonicum,431586,11.73,79.0,10.03,5.11,0.316,2.3,3758,True,ok
0151574AR,Styphnolobium japonicum,431586,6.37,31.2,6.31,3.5,0.304,2.38,1034,True,ok
0151575AR,Quercus robur,431586,,0.0,0.0,,,,0,True,no_crown_detected
0151578AR,Pyrus calleryana,431586,5.31,5.0,2.52,2.9,0.436,1.66,168,True,ok
0151581AR,Casuarina cunninghamiana,431586,11.29,4.2,2.33,4.41,0.263,2.67,163,True,ok
0151582AR,Pyrus calleryana,431586,16.53,1.5,1.38,10.04,0.24,2.85,41,True,no_crown_detected
0151583AR,Platanus × acerifolia,431586,18.24,62.5,8.92,10.39,0.171,3.53,2735,True,ok
0151584AR,Melia azedarach,431586,13.67,111.5,11.91,6.17,0.141,3.92,4485,True,ok
0151586AR,Magnolia grandiflora,431586,9.21,14.5,4.3,3.32,0.405,1.81,545,True,ok
0151590AR,Catalpa bignonioides,431586,10.31,74.0,9.71,4.86,0.349,2.11,3627,False,tile_edge
0151592AR,Platanus × acerifolia,431586,14.98,1.8,1.49,8.9,0.333,2.2,68,True,no_crown_detected
0151595AR,Melia azedarach,431586,9.74,3.2,2.03,4.58,0.012,7.82,158,True,ok
0151598AR,Cercis siliquastrum,431586,6.33,34.2,6.6,2.99,0.28,2.54,1218,True,ok
0151600AR,Styphnolobium japonicum,431586,9.59,70.0,9.44,3.6,0.261,2.68,3153,True,ok
0151601AR,Magnolia grandiflora,431586,14.92,21.5,5.23,3.99,0.239,2.86,669,True,ok
0151602AR,Grevillea robusta,431586,6.75,6.5,2.88,3.16,0.362,2.03,324,True,ok
0151606AR,Platanus × acerifolia,431586,20.46,127.5,12.74,10.81,0.216,3.06,6493,True,ok
0151607AR,Jacaranda mimosifolia,431586,7.68,0.2,0.56,7.68,0.667,0.81,10,True,no_crown_detected
0151608AR,Eriobotrya japonica,431586,,0.0,0.0,,,,0,True,no_crown_detected
0151609AR,Catalpa bignonioides,431586,7.85,63.5,8.99,4.57,0.418,1.74,2075,True,ok
0151610AR,Acer campestre,431586,10.17,65.5,9.13,4.49,0.266,2.65,2371,True,ok
0151611AR,Melia azedarach,431586,10.55,65.0,9.1,5.32,0.069,5.34,2112,True,ok
0151612AR,Pinus halepensis,431586,13.8,82.5,10.25,6.68,0.193,3.29,2823,True,ok
0151613AR,Koelreuteria paniculata,431586,6.14,18.2,4.82,3.27,0.267,2.64,375,True,ok
0151614AR,Ligustrum lucidum,431586,25.53,19.0,4.92,4.03,0.283,2.53,622,True,ok
0151617AR,Brachychiton populneus,431586,7.74,17.8,4.75,4.75,0.416,1.76,870,True,ok
0151618AR,Grevillea robusta,431586,15.24,41.8,7.29,6.8,0.234,2.91,2262,True,ok
0151619AR,Melia azedarach,431586,6.07,7.0,2.99,4.32,0.273,2.6,105,True,ok
0151620AR,Melia azedarach,431586,,0.0,0.0,,,,0,True,no_crown_detected
0151621AR,Platanus × acerifolia,431586,14.92,27.2,5.89,7.49,0.216,3.06,1124,True,ok
0151622AR,Citrus × aurantium,431586,3.94,5.2,2.59,1.58,0.271,2.61,94,True,ok
0151623AR,Cupressus sempervirens,431586,18.18,66.2,9.18,5.41,0.181,3.42,2366,True,ok
0151624AR,Magnolia grandiflora,431586,13.87,20.0,5.05,3.46,0.193,3.29,749,True,ok
0151626AR,Koelreuteria paniculata,431586,16.72,112.8,11.98,4.73,0.225,2.99,5630,True,ok
0151627AR,Melia azedarach,431586,8.24,7.5,3.09,6.34,0.283,2.52,214,True,ok
0151628AR,Melia azedarach,431586,11.48,39.8,7.11,7.13,0.334,2.2,1667,True,ok
0151630AR,Robinia pseudoacacia,431586,12.96,73.2,9.66,6.35,0.34,2.16,3523,True,ok
0151631AR,Melia azedarach,431586,10.26,122.0,12.46,5.33,0.236,2.89,4049,True,ok
0151632AR,Koelreuteria paniculata,431586,12.71,64.2,9.04,3.12,0.281,2.54,2698,True,ok
0151633AR,Styphnolobium japonicum,431586,7.21,3.5,2.11,4.24,0.045,6.18,123,True,ok
0151635AR,Robinia pseudoacacia,431586,10.39,29.0,6.08,4.51,0.247,2.8,1039,True,ok
0151636AR,Quercus robur,431586,2.85,1.2,1.26,2.43,0.577,1.1,26,True,no_crown_detected
0151637AR,Grevillea robusta,431586,13.79,59.0,8.67,3.86,0.251,2.76,2888,True,ok
0151638AR,Platanus × acerifolia,431586,14.56,21.0,5.17,8.67,0.267,2.64,942,True,ok
0151639AR,Styphnolobium japonicum,431586,9.61,18.5,4.85,3.65,0.101,4.59,630,True,ok
0151643AR,Grevillea robusta,431586,9.74,8.0,3.19,3.98,0.122,4.2,397,True,ok
0151645AR,Grevillea robusta,431586,14.66,47.5,7.78,6.09,0.28,2.54,2137,True,ok
0151646AR,Grevillea robusta,431586,11.01,19.8,5.01,5.21,0.262,2.68,700,True,ok
0151648AR,Jacaranda mimosifolia,431586,8.58,5.8,2.71,2.9,0.276,2.57,205,True,ok
0151651AR,Platanus × acerifolia,431586,17.14,2.0,1.6,13.33,0.0,7.82,56,True,ok
0151653AR,Styphnolobium japonicum,431586,7.78,7.0,2.99,2.93,0.149,3.8,244,True,ok
0151655AR,Celtis australis,431586,9.56,96.0,11.06,5.97,0.218,3.05,2837,True,ok
0151656AR,Tipuana tipu,431586,10.53,2.2,1.69,7.71,0.377,1.95,95,True,ok
0151657AR,Celtis australis,431586,8.34,49.0,7.9,4.42,0.289,2.48,1495,True,ok
0151658AR,Platanus × acerifolia,431586,14.8,49.0,7.9,8.58,0.314,2.32,2250,True,ok
0151659AR,Quercus robur,431586,,0.0,0.0,,,,0,True,no_crown_detected
0151660AR,Platanus × acerifolia,431586,11.97,74.5,9.74,4.06,0.253,2.75,3144,True,ok
0151661AR,Platanus × acerifolia,431586,16.8,2.5,1.78,12.04,0.138,3.96,107,True,ok
0151662AR,Melia azedarach,431586,9.76,63.5,8.99,5.52,0.279,2.55,2081,True,ok
0151664AR,Platanus × acerifolia,431586,16.53,3.8,2.19,8.09,0.243,2.83,184,True,ok
0151665AR,Tipuana tipu,431586,18.45,64.5,9.06,12.43,0.248,2.79,2866,True,ok
0151666AR,Melia azedarach,431586,19.27,41.5,7.27,4.87,0.346,2.12,1545,True,ok
0151667AR,Quercus robur,431586,,0.0,0.0,,,,0,True,no_crown_detected
0151668AR,Platanus × acerifolia,431586,16.31,57.5,8.56,8.19,0.083,4.97,2257,True,ok
0151669AR,Koelreuteria paniculata,431586,12.93,29.0,6.08,5.01,0.277,2.56,1236,True,ok
0151670AR,Pinus halepensis,431586,18.5,133.5,13.04,9.68,0.243,2.83,4835,True,ok
0151671AR,Magnolia grandiflora,431586,4.95,6.0,2.76,3.51,0.46,1.55,135,False,tile_edge
0151673AR,Celtis australis,431586,8.48,70.8,9.49,4.33,0.208,3.14,2317,True,ok
0151677AR,Jacaranda mimosifolia,431586,,0.0,0.0,,,,0,True,no_crown_detected
0151678AR,Melia azedarach,431586,6.94,45.2,7.59,4.03,0.37,1.99,1672,True,ok
0151679AR,Melia azedarach,431586,6.76,8.5,3.29,3.78,0.331,2.21,344,True,ok
0151681AR,Magnolia grandiflora,431586,8.41,30.0,6.18,3.83,0.319,2.28,1437,True,ok
0151683AR,Magnolia grandiflora,431586,14.73,17.5,4.72,4.49,0.215,3.08,643,True,ok
0151685AR,Fraxinus pennsylvanica,431586,9.79,55.2,8.39,4.74,0.3,2.41,2346,True,ok
0151686AR,Quercus robur,431586,18.01,120.8,12.4,8.82,0.307,2.36,5851,True,ok
0151687AR,Melia azedarach,431586,8.41,69.0,9.37,2.35,0.165,3.6,2671,True,ok
0151690AR,Melia azedarach,431586,7.73,15.5,4.44,3.45,0.404,1.81,596,True,ok
0151692AR,Firmiana simplex,431586,6.29,15.2,4.41,4.84,0.374,1.97,402,True,ok
0151693AR,Styphnolobium japonicum,431586,10.81,53.5,8.25,4.88,0.155,3.72,1958,True,ok
0151697AR,Pyrus calleryana,431586,16.53,10.8,3.7,12.91,0.15,3.79,318,True,ok
0151700AR,Brachychiton populneus,431586,7.12,41.5,7.27,3.02,0.419,1.74,1925,True,ok
0151702AR,Firmiana simplex,431586,8.42,11.5,3.83,4.24,0.179,3.45,442,True,ok
0151704AR,Cercis siliquastrum,431586,7.78,9.5,3.48,4.32,0.279,2.55,253,True,ok
0151705AR,Firmiana simplex,431586,15.92,102.5,11.42,5.1,0.219,3.04,4588,True,ok
0151706AR,Tipuana tipu,431586,9.05,36.8,6.84,4.72,0.449,1.6,1874,True,ok
0151708AR,Platanus × acerifolia,431586,18.95,150.2,13.83,8.04,0.21,3.12,7810,True,ok
0151709AR,Melia azedarach,431586,,0.0,0.0,,,,0,True,no_crown_detected
0151710AR,Melia azedarach,431586,5.35,8.8,3.34,4.05,0.535,1.25,331,True,ok
0151711AR,Platanus × acerifolia,431586,11.66,1.8,1.49,9.76,0.381,1.93,51,True,no_crown_detected
0152288AR,Jacaranda mimosifolia,431586,9.3,21.8,5.26,5.85,0.434,1.67,780,True,ok
0152299AR,Brachychiton populneus,431586,,0.0,0.0,,,,0,True,no_crown_detected
0152303AR,Melia azedarach,431586,8.65,64.5,9.06,4.96,0.284,2.52,1324,True,ok
0152305AR,Jacaranda mimosifolia,431586,20.47,5.5,2.65,3.65,0.353,2.08,128,True,ok
0152308AR,Pyrus calleryana,431586,6.48,4.5,2.39,3.03,0.344,2.13,113,True,ok
0152314AR,Jacaranda mimosifolia,431586,8.79,0.8,0.98,5.6,0.571,1.12,13,True,no_crown_detected
0152323AR,Acer negundo,431586,7.44,51.8,8.12,4.04,0.417,1.75,1944,False,tile_edge
0152330AR,Jacaranda mimosifolia,431586,7.15,5.0,2.52,5.36,0.46,1.55,103,True,ok
0152337AR,Jacaranda mimosifolia,431586,7.11,7.5,3.09,5.14,0.27,2.62,114,True,ok
0152338AR,Pyrus calleryana,431586,24.49,5.0,2.52,2.32,0.269,2.62,157,True,ok
0152350AR,Pyrus calleryana,431586,7.55,39.5,7.09,3.25,0.331,2.21,1837,True,ok
0152354AR,Platanus × acerifolia,431586,13.62,49.5,7.94,5.7,0.25,2.77,2499,True,ok
0152358AR,Jacaranda mimosifolia,431586,9.69,14.8,4.33,4.48,0.241,2.84,348,True,ok
0152359AR,Acer negundo,431586,9.79,45.0,7.57,4.29,0.298,2.42,2502,True,ok
0152361AR,Platanus × acerifolia,431586,14.14,37.2,6.89,8.77,0.326,2.24,1571,True,ok
0152363AR,Jacaranda mimosifolia,431586,8.38,27.2,5.89,5.3,0.277,2.56,594,True,ok
0152383AR,Platanus × acerifolia,431586,16.65,53.5,8.25,8.72,0.302,2.39,2676,True,ok
0152391AR,Jacaranda mimosifolia,431586,10.11,23.2,5.44,3.4,0.216,3.06,831,True,ok
0152395AR,Firmiana simplex,431586,11.86,1.0,1.13,10.76,0.2,3.22,16,True,no_crown_detected
0152407AR,Jacaranda mimosifolia,431586,10.34,69.2,9.39,5.83,0.178,3.45,2361,True,ok
0152409AR,Jacaranda mimosifolia,431586,11.3,22.0,5.29,5.14,0.374,1.97,751,True,ok
0152410AR,Platanus × acerifolia,431586,21.0,195.2,15.77,8.83,0.276,2.57,10029,True,ok
0152411AR,Robinia pseudoacacia,431586,26.56,93.8,10.93,7.22,0.125,4.15,3620,True,ok
0152418AR,Platanus × acerifolia,431586,12.69,25.5,5.7,7.24,0.412,1.77,915,True,ok
0152420AR,Pyrus calleryana,431586,6.51,6.2,2.82,2.95,0.387,1.9,263,True,ok
0152421AR,Platanus × acerifolia,431586,17.72,70.0,9.44,9.41,0.233,2.92,2223,True,ok
0152442AR,Melia azedarach,431586,,0.0,0.0,,,,0,True,no_crown_detected
0152453AR,Jacaranda mimosifolia,431586,20.54,19.0,4.92,5.96,0.199,3.23,702,True,ok
0152457AR,Platanus × acerifolia,431586,9.59,34.8,6.65,2.7,0.312,2.33,825,True,ok
0152480AR,Acer negundo,431586,10.51,58.5,8.63,4.42,0.242,2.84,2937,True,ok
0152481AR,Schinus molle,431586,11.67,111.0,11.89,3.91,0.185,3.38,2279,True,ok
0152492AR,Platanus × acerifolia,431586,6.32,6.8,2.93,4.65,0.486,1.44,140,True,ok
0152494AR,Platanus × acerifolia,431586,15.3,48.0,7.82,7.67,0.252,2.76,1569,True,ok
0152496AR,Platanus × acerifolia,431586,14.38,40.5,7.18,6.31,0.334,2.19,1792,True,ok
0152499AR,Jacaranda mimosifolia,431586,8.88,30.0,6.18,5.55,0.275,2.58,920,True,ok
0152501AR,Platanus × acerifolia,431586,7.74,2.5,1.78,5.32,0.297,2.43,80,True,ok
0152502AR,Ulmus pumila,431586,11.57,91.8,10.81,4.17,0.27,2.62,3705,True,ok
0152510AR,Platanus × acerifolia,431586,8.88,14.2,4.26,6.27,0.394,1.86,591,True,ok
0152511AR,Pyrus calleryana,431586,5.22,3.5,2.11,3.01,0.419,1.74,79,True,ok
0152517AR,Parkinsonia aculeata,431586,9.27,27.8,5.94,4.03,0.249,2.78,671,True,ok
0152545AR,Jacaranda mimosifolia,431586,21.73,17.8,4.75,6.25,0.126,4.14,602,True,ok
0152556AR,Jacaranda mimosifolia,431586,19.97,14.5,4.3,5.55,0.224,3.0,422,True,ok
0152559AR,Acer negundo,431586,6.73,24.5,5.59,3.12,0.389,1.89,1251,True,ok
0152573AR,Jacaranda mimosifolia,431586,26.7,46.5,7.69,4.91,0.308,2.36,2083,True,ok
0152582AR,Jacaranda mimosifolia,431586,11.96,11.0,3.74,5.41,0.246,2.8,249,True,ok
0152585AR,Jacaranda mimosifolia,431586,11.84,56.5,8.48,6.62,0.2,3.22,1826,True,ok
0152592AR,Jacaranda mimosifolia,431586,9.48,10.2,3.61,5.25,0.37,1.99,270,True,ok
0152613AR,Platanus × acerifolia,431586,13.9,59.2,8.69,6.49,0.263,2.67,2739,True,ok
0152614AR,Platanus × acerifolia,431586,14.95,77.5,9.93,7.73,0.283,2.53,3493,True,ok
0152619AR,Jacaranda mimosifolia,431586,22.58,35.5,6.72,5.84,0.207,3.15,860,True,ok
0152631AR,Ulmus pumila,431586,8.75,3.2,2.03,5.79,0.455,1.58,70,True,ok
0152634AR,Jacaranda mimosifolia,431586,7.49,7.0,2.99,5.76,0.299,2.41,204,True,ok
0152642AR,Melia azedarach,431586,25.14,54.8,8.35,4.69,0.238,2.87,1585,True,ok
0152650AR,Jacaranda mimosifolia,431586,11.79,33.2,6.51,6.59,0.25,2.77,997,True,ok
0152652AR,Platanus × acerifolia,431586,12.91,49.5,7.94,6.72,0.319,2.28,2207,True,ok
0152655AR,Melia azedarach,431586,10.8,0.5,0.8,7.74,0.0,7.82,9,True,no_crown_detected
0152659AR,Platanus × acerifolia,431586,16.08,56.0,8.44,8.75,0.243,2.83,2590,True,ok
0152666AR,Pyrus calleryana,431586,5.4,5.8,2.71,3.09,0.378,1.94,153,True,ok
0152670AR,Pyrus calleryana,431586,4.86,1.2,1.26,2.66,0.4,1.83,34,True,no_crown_detected
0152686AR,Jacaranda mimosifolia,431586,19.69,25.0,5.64,5.67,0.187,3.35,770,True,ok
0152687AR,Firmiana simplex,431586,9.58,2.0,1.6,6.37,0.31,2.34,47,True,few_points
0152695AR,Jacaranda mimosifolia,431586,7.84,25.8,5.73,4.72,0.314,2.31,1208,True,ok
0152696AR,Jacaranda mimosifolia,431586,9.09,34.0,6.58,5.43,0.359,2.05,1480,True,ok
0152699AR,Jacaranda mimosifolia,431586,10.1,43.8,7.46,6.03,0.224,2.99,1402,True,ok
0152710AR,Jacaranda mimosifolia,431586,8.98,9.2,3.43,2.66,0.29,2.48,224,True,ok
0152712AR,Jacaranda mimosifolia,431586,8.77,20.5,5.11,5.73,0.333,2.2,572,True,ok
0152717AR,Firmiana simplex,431586,8.4,7.0,2.99,5.22,0.341,2.15,240,True,ok
0152724AR,Platanus × acerifolia,431586,16.89,5.2,2.59,9.47,0.284,2.52,244,True,ok
0152730AR,Jacaranda mimosifolia,431586,3.49,1.2,1.26,2.8,0.467,1.52,35,True,no_crown_detected
0152737AR,Jacaranda mimosifolia,431586,11.35,60.0,8.74,6.98,0.299,2.41,2033,True,ok
0152747AR,Jacaranda mimosifolia,431586,7.66,1.8,1.49,3.13,0.341,2.15,70,True,no_crown_detected
0152755AR,Platanus × acerifolia,431586,13.1,41.8,7.29,6.99,0.342,2.14,1841,True,ok
0152770AR,Firmiana simplex,431586,,0.0,0.0,,,,0,True,no_crown_detected
0152777AR,Pyrus calleryana,431586,,0.0,0.0,,,,0,True,no_crown_detected
0152784AR,Platanus × acerifolia,431586,19.36,91.8,10.81,7.76,0.203,3.19,3420,True,ok
0152785AR,Jacaranda mimosifolia,431586,12.39,61.0,8.81,6.3,0.202,3.2,1589,True,ok
0152795AR,Platanus × acerifolia,431586,18.03,138.0,13.26,9.11,0.261,2.69,6013,True,ok
0152797AR,Platanus × acerifolia,431586,14.63,40.2,7.16,7.14,0.367,2.01,1398,True,ok
0152798AR,Platanus × acerifolia,431586,15.5,92.8,10.87,6.79,0.308,2.35,4493,True,ok
0152805AR,Platanus × acerifolia,431586,15.93,103.8,11.49,6.4,0.301,2.4,4700,True,ok
0152808AR,Platanus × acerifolia,431586,17.47,76.2,9.85,8.77,0.286,2.5,3541,True,ok
0152818AR,Robinia pseudoacacia,431586,25.37,57.2,8.54,5.8,0.168,3.57,2147,True,ok
0152819AR,Platanus × acerifolia,431586,15.9,7.2,3.04,11.48,0.213,3.09,180,True,ok
0152831AR,Firmiana simplex,431586,30.25,25.2,5.67,5.72,0.25,2.77,866,True,ok
0152834AR,Platanus × acerifolia,431586,19.85,81.2,10.17,7.73,0.19,3.33,3672,True,ok
0152841AR,Robinia pseudoacacia,431586,25.93,39.2,7.07,6.43,0.166,3.6,1122,True,ok
0152853AR,Pyrus calleryana,431586,4.95,3.0,1.95,2.63,0.457,1.57,99,True,ok
0152870AR,Firmiana simplex,431586,9.67,57.8,8.57,6.3,0.288,2.49,2099,True,ok
0152879AR,Platanus × acerifolia,431586,16.83,2.2,1.69,7.04,0.175,3.49,99,True,ok
0152885AR,Platanus × acerifolia,431586,11.37,21.0,5.17,7.57,0.357,2.06,825,True,ok
0152887AR,Platanus × acerifolia,431586,14.37,43.8,7.46,7.72,0.335,2.19,2138,True,ok
0152891AR,Jacaranda mimosifolia,431586,8.16,3.5,2.11,5.15,0.13,4.07,79,True,ok
0152903AR,Melia azedarach,431586,10.63,53.5,8.25,5.43,0.327,2.23,1329,True,ok
0152907AR,Platanus × acerifolia,431586,14.84,86.0,10.46,7.31,0.291,2.47,2077,True,ok
0152923AR,Jacaranda mimosifolia,431586,7.41,28.2,6.0,4.63,0.439,1.65,1259,True,ok
0152947AR,Robinia pseudoacacia,431586,18.52,73.8,9.69,6.09,0.196,3.26,2571,True,ok
0152951AR,Acer negundo,431586,31.04,34.0,6.58,3.99,0.143,3.89,1520,True,ok
0152960AR,Platanus × acerifolia,431586,11.12,19.2,4.95,6.85,0.318,2.29,810,True,ok
0152978AR,Platanus × acerifolia,431586,13.3,29.2,6.1,6.97,0.378,1.95,1364,True,ok
0152986AR,Platanus × acerifolia,431586,15.22,67.2,9.25,7.05,0.244,2.82,3337,True,ok
0153002AR,Platanus × acerifolia,431586,14.26,51.5,8.1,7.16,0.344,2.14,2173,True,ok
0153034AR,Jacaranda mimosifolia,431586,8.78,67.2,9.25,4.31,0.173,3.51,2086,True,ok
0153044AR,Firmiana simplex,431586,11.71,25.0,5.64,6.35,0.229,2.95,747,True,ok
0153046AR,Jacaranda mimosifolia,431586,9.77,23.5,5.47,5.8,0.316,2.31,1034,True,ok
0153050AR,Platanus × acerifolia,431586,15.46,80.0,10.09,8.01,0.284,2.51,3895,True,ok
0153053AR,Jacaranda mimosifolia,431586,7.31,1.2,1.26,3.84,0.0,7.82,29,True,no_crown_detected
0153067AR,Platanus × acerifolia,431586,17.08,90.5,10.73,7.65,0.254,2.74,1565,True,ok
0153075AR,Platanus × acerifolia,431586,16.39,86.2,10.48,7.54,0.318,2.29,3566,True,ok
0153076AR,Pyrus calleryana,431586,4.67,4.2,2.33,2.47,0.529,1.27,103,True,ok
0153085AR,Jacaranda mimosifolia,431586,10.22,41.8,7.29,4.15,0.281,2.54,1940,True,ok
0153092AR,Platanus × acerifolia,431586,11.76,39.5,7.09,5.67,0.335,2.18,1727,True,ok
0153094AR,Platanus × acerifolia,431586,16.04,65.0,9.1,7.68,0.293,2.46,2181,True,ok
0153096AR,Jacaranda mimosifolia,431586,10.77,42.8,7.38,5.62,0.193,3.29,1532,True,ok
0153102AR,Platanus × acerifolia,431586,14.33,55.0,8.37,7.43,0.301,2.4,2655,True,ok
0153110AR,Jacaranda mimosifolia,431586,8.12,4.0,2.26,4.27,0.37,1.99,129,True,ok
0153111AR,Platanus × acerifolia,431586,15.51,83.0,10.28,6.97,0.341,2.15,4510,True,ok
0153118AR,Firmiana simplex,431586,26.8,27.0,5.86,5.26,0.228,2.96,951,True,ok
0153139AR,Platanus × acerifolia,431586,13.13,26.2,5.78,8.36,0.327,2.24,1195,True,ok
0153155AR,Platanus × acerifolia,431586,14.51,26.5,5.81,8.17,0.373,1.97,1224,True,ok
0153170AR,Platanus × acerifolia,431586,15.14,14.5,4.3,7.17,0.326,2.24,677,True,ok
0153186AR,Pyrus calleryana,431586,10.04,15.0,4.37,5.77,0.203,3.19,311,True,ok
0153188AR,Melia azedarach,431586,27.07,87.8,10.57,5.71,0.178,3.45,3098,True,ok
0153189AR,Acer negundo,431586,8.0,26.0,5.75,4.2,0.295,2.44,902,True,ok
0153190AR,Jacaranda mimosifolia,431586,,0.0,0.0,,,,0,True,no_crown_detected
0153200AR,Platanus × acerifolia,431586,11.72,2.2,1.69,5.35,0.211,3.12,80,False,tile_edge
0153202AR,Jacaranda mimosifolia,431586,11.85,88.2,10.6,6.18,0.296,2.44,4005,True,ok
0153208AR,Jacaranda mimosifolia,431586,9.44,42.2,7.33,5.27,0.331,2.21,1699,True,ok
0153211AR,Jacaranda mimosifolia,431586,19.28,17.5,4.72,4.95,0.271,2.61,608,True,ok
0153223AR,Jacaranda mimosifolia,431586,9.19,5.2,2.59,7.64,0.153,3.76,72,True,ok
0153224AR,Melia azedarach,431586,22.55,73.5,9.67,7.66,0.292,2.46,2798,True,ok
0153226AR,Platanus × acerifolia,431586,13.09,35.2,6.7,6.74,0.281,2.54,1558,True,ok
0153232AR,Platanus × acerifolia,431586,15.01,79.2,10.05,6.46,0.294,2.45,2213,True,ok
0153243AR,Pyrus calleryana,431586,6.33,5.5,2.65,3.03,0.369,1.99,127,True,ok
0153248AR,Platanus × acerifolia,431586,13.66,42.5,7.36,7.3,0.291,2.47,1998,True,ok
0153255AR,Platanus × acerifolia,431586,11.19,31.5,6.33,6.89,0.282,2.53,1575,True,ok
0153258AR,Platanus × acerifolia,431586,16.44,6.2,2.82,9.16,0.299,2.41,237,True,ok
0153262AR,Melia azedarach,431586,6.19,19.8,5.01,4.57,0.444,1.62,378,True,ok
0153271AR,Brachychiton acerifolius,431586,17.67,143.8,13.53,8.29,0.22,3.03,6468,False,tile_edge
0153282AR,Jacaranda mimosifolia,431586,23.66,17.0,4.65,5.96,0.172,3.52,586,True,ok
0153302AR,Jacaranda mimosifolia,431586,11.85,90.5,10.73,5.85,0.301,2.4,2907,True,ok
0153311AR,Jacaranda mimosifolia,431586,5.1,3.0,1.95,3.4,0.362,2.03,85,True,ok
0153333AR,Jacaranda mimosifolia,431586,8.45,36.8,6.84,4.94,0.355,2.07,1321,True,ok
0153336AR,Platanus × acerifolia,431586,18.35,112.8,11.98,9.12,0.288,2.49,5572,True,ok
0153339AR,Pyrus calleryana,431586,5.03,7.8,3.14,2.4,0.232,2.92,116,True,ok
0153372AR,Jacaranda mimosifolia,431586,10.64,25.5,5.7,5.82,0.28,2.54,774,True,ok
0153379AR,Platanus × acerifolia,431586,10.37,2.5,1.78,6.22,0.208,3.14,77,True,ok
0153385AR,Platanus × acerifolia,431586,19.36,107.8,11.71,8.3,0.205,3.17,4080,True,ok
0153393AR,Platanus × acerifolia,431586,15.81,55.8,8.43,9.5,0.325,2.25,2265,True,ok
0153396AR,Jacaranda mimosifolia,431586,9.24,2.5,1.78,3.54,0.156,3.71,39,True,few_points
0153419AR,Jacaranda mimosifolia,431586,28.63,47.5,7.78,6.73,0.193,3.29,1495,True,ok
0153420AR,Pyrus calleryana,431586,,0.0,0.0,,,,0,True,no_crown_detected
0153425AR,Melia azedarach,431586,26.36,91.2,10.78,5.29,0.173,3.5,2681,True,ok
0153440AR,Jacaranda mimosifolia,431586,20.72,17.0,4.65,6.02,0.253,2.75,570,True,ok
0153450AR,Jacaranda mimosifolia,431586,25.73,59.0,8.67,4.06,0.287,2.5,2634,True,ok
0153469AR,Firmiana simplex,431586,7.98,15.2,4.41,5.17,0.403,1.82,307,True,ok
0153477AR,Firmiana simplex,431586,8.31,52.0,8.14,5.78,0.288,2.49,875,True,ok
0153487AR,Jacaranda mimosifolia,431586,6.86,25.5,5.7,3.47,0.295,2.44,464,False,tile_edge
0153488AR,Platanus × acerifolia,431586,14.15,57.2,8.54,7.24,0.392,1.87,2712,True,ok
0153489AR,Pyrus calleryana,431586,4.44,4.8,2.46,2.61,0.377,1.95,119,True,ok
0153493AR,Platanus × acerifolia,431586,17.33,112.5,11.97,6.97,0.296,2.43,4441,True,ok
0153499AR,Jacaranda mimosifolia,431586,10.12,47.0,7.74,5.61,0.356,2.07,1657,True,ok
0153506AR,Jacaranda mimosifolia,431586,9.04,22.5,5.35,4.99,0.284,2.51,581,True,ok
0153521AR,Firmiana simplex,431586,12.81,82.2,10.23,6.32,0.243,2.83,3414,True,ok
0153522AR,Firmiana simplex,431586,6.83,13.8,4.18,5.03,0.406,1.8,428,True,ok
0153527AR,Platanus × acerifolia,431586,19.0,58.0,8.59,6.91,0.178,3.45,2204,True,ok
0153531AR,Platanus × acerifolia,431586,12.32,48.5,7.86,6.53,0.347,2.12,2288,True,ok
0153539AR,Acer negundo,431586,27.32,54.2,8.31,4.15,0.286,2.51,2358,True,ok
0153542AR,Platanus × acerifolia,431586,10.6,2.5,1.78,2.64,0.255,2.73,99,True,ok
0153543AR,Platanus × acerifolia,431586,14.6,59.2,8.69,7.38,0.284,2.52,2653,True,ok
0153548AR,Firmiana simplex,431586,25.71,21.2,5.2,5.07,0.339,2.16,533,True,ok
0153579AR,Platanus × acerifolia,431586,11.88,34.8,6.65,7.86,0.402,1.82,1163,True,ok
0153582AR,Jacaranda mimosifolia,431586,9.81,2.0,1.6,3.92,0.233,2.91,58,True,ok
0153599AR,Jacaranda mimosifolia,431586,9.31,27.8,5.94,4.29,0.228,2.96,1237,True,ok
0153607AR,Platanus × acerifolia,431586,6.35,0.8,0.98,2.74,0.167,3.58,22,True,no_crown_detected
0153620AR,Jacaranda mimosifolia,431586,7.83,2.8,1.87,5.98,0.333,2.2,84,True,ok
0153629AR,Jacaranda mimosifolia,431586,10.43,10.0,3.57,5.09,0.167,3.58,268,True,ok
0153631AR,Jacaranda mimosifolia,431586,9.62,27.0,5.86,5.67,0.313,2.32,1242,True,ok
0153639AR,Platanus × acerifolia,431586,8.45,2.2,1.69,6.02,0.473,1.5,87,True,ok
0153641AR,Firmiana simplex,431586,7.57,2.2,1.69,6.16,0.0,7.82,13,True,few_points
0153644AR,Jacaranda mimosifolia,431586,10.16,5.8,2.71,4.97,0.31,2.34,156,True,ok
0153659AR,Jacaranda mimosifolia,431586,27.15,11.0,3.74,7.13,0.163,3.62,525,True,ok
0153660AR,Pyrus calleryana,431586,4.96,3.8,2.19,2.69,0.395,1.86,86,True,ok
0153669AR,Pyrus calleryana,431586,6.99,1.0,1.13,4.56,0.375,1.96,49,True,no_crown_detected
0153674AR,Platanus × acerifolia,431586,11.81,36.0,6.77,5.44,0.342,2.15,1685,True,ok
0153678AR,Platanus × acerifolia,431586,19.56,116.2,12.17,8.57,0.137,3.98,4525,True,ok
0153682AR,Firmiana simplex,431586,7.35,7.5,3.09,5.88,0.535,1.25,291,True,ok
0153703AR,Jacaranda mimosifolia,431586,19.96,18.8,4.89,1.81,0.079,5.08,579,True,ok
0153705AR,Platanus × acerifolia,431586,15.9,71.5,9.54,8.01,0.311,2.34,3056,True,ok
0153713AR,Platanus × acerifolia,431586,16.69,91.0,10.76,7.6,0.27,2.62,2712,True,ok
0153717AR,Jacaranda mimosifolia,431586,10.07,9.2,3.43,5.46,0.305,2.38,233,True,ok
0153729AR,Platanus × acerifolia,431586,16.63,105.2,11.58,7.51,0.242,2.84,5166,True,ok
0153744AR,Platanus × acerifolia,431586,12.55,17.2,4.69,7.8,0.274,2.59,846,True,ok
0153746AR,Platanus × acerifolia,431586,29.2,69.5,9.41,7.94,0.165,3.61,2880,True,ok
0153751AR,Platanus × acerifolia,431586,11.48,61.0,8.81,5.34,0.311,2.33,1737,True,ok
0153779AR,Platanus × acerifolia,431586,16.38,41.0,7.23,7.7,0.262,2.68,692,True,ok
0153786AR,Firmiana simplex,431586,10.67,69.8,9.42,6.6,0.318,2.29,1685,True,ok
0153807AR,Platanus × acerifolia,431586,8.52,4.0,2.26,4.29,0.25,2.77,200,True,ok
0153818AR,Platanus × acerifolia,431586,16.93,139.0,13.3,8.79,0.239,2.86,6061,True,ok
0153827AR,Jacaranda mimosifolia,431586,8.28,0.8,0.98,5.57,0.385,1.91,23,True,no_crown_detected
0153829AR,Jacaranda mimosifolia,431586,8.68,11.5,3.83,5.84,0.351,2.1,312,True,ok
0153841AR,Robinia pseudoacacia,431586,26.32,74.2,9.72,6.23,0.124,4.17,2699,True,ok
0153849AR,Platanus × acerifolia,431586,17.06,76.5,9.87,7.8,0.299,2.42,3041,True,ok
0153853AR,Platanus × acerifolia,431586,13.87,53.2,8.23,7.07,0.331,2.21,2522,True,ok
0153860AR,Jacaranda mimosifolia,431586,9.16,52.0,8.14,5.12,0.269,2.62,1796,True,ok
0153871AR,Platanus × acerifolia,431586,12.9,39.0,7.05,7.05,0.312,2.33,1799,True,ok
0153874AR,Platanus × acerifolia,431586,16.6,164.8,14.48,8.47,0.303,2.39,7554,True,ok
0153886AR,Melia azedarach,431586,9.78,43.2,7.42,4.86,0.234,2.91,897,True,ok
0153888AR,Platanus × acerifolia,431586,12.43,25.0,5.64,7.22,0.307,2.36,622,True,ok
0153925AR,Jacaranda mimosifolia,431586,7.77,28.5,6.02,5.11,0.406,1.8,692,True,ok
0153931AR,Platanus × acerifolia,431586,9.26,36.5,6.82,4.12,0.332,2.21,1570,False,tile_edge
0153937AR,Firmiana simplex,431586,28.34,20.5,5.11,5.24,0.263,2.67,740,True,ok
0153941AR,Jacaranda mimosifolia,431586,8.98,5.5,2.65,5.0,0.371,1.98,165,True,ok
0153945AR,Jacaranda mimosifolia,431586,5.12,4.0,2.26,2.35,0.149,3.81,94,True,ok
0153952AR,Pyrus calleryana,431586,,0.0,0.0,,,,0,True,no_crown_detected
0153981AR,Platanus × acerifolia,431586,12.72,30.2,6.21,6.87,0.302,2.39,1183,True,ok
0153986AR,Firmiana simplex,431586,4.74,5.2,2.59,3.88,0.429,1.69,80,True,ok
0153992AR,Tipuana tipu,431586,13.07,138.2,13.27,6.63,0.228,2.96,5226,True,ok
0153995AR,Jacaranda mimosifolia,431586,6.57,1.0,1.13,6.46,0.2,3.22,19,True,no_crown_detected
0154010AR,Platanus × acerifolia,431586,15.23,74.2,9.72,6.94,0.259,2.7,1318,True,ok
0154012AR,Platanus × acerifolia,431586,16.86,62.8,8.94,7.63,0.218,3.05,2724,True,ok
0154026AR,Robinia pseudoacacia,431586,10.16,0.5,0.8,8.8,0.0,7.82,23,True,no_crown_detected
0154031AR,Platanus × acerifolia,431586,13.28,1.2,1.26,9.34,0.308,2.36,34,True,no_crown_detected
0154034AR,Platanus × acerifolia,431586,7.41,17.2,4.69,5.1,0.439,1.65,387,True,ok
0154046AR,Platanus × acerifolia,431586,15.42,2.2,1.69,12.72,0.256,2.73,93,False,tile_edge
0154047AR,Pyrus calleryana,431586,22.65,96.0,11.06,5.34,0.146,3.85,4117,True,ok
0154048AR,Platanus × acerifolia,431586,12.33,25.2,5.67,4.69,0.297,2.43,1138,True,ok
0154056AR,Melia azedarach,431586,26.55,18.2,4.82,6.84,0.192,3.3,478,True,ok
0154060AR,Jacaranda mimosifolia,431586,9.37,44.8,7.55,5.24,0.38,1.93,1844,True,ok
0154063AR,Pyrus calleryana,431586,23.09,6.0,2.76,2.63,0.359,2.05,158,True,ok
0154070AR,Acer negundo,431586,10.12,41.5,7.27,4.34,0.288,2.49,2295,True,ok
0154082AR,Jacaranda mimosifolia,431586,6.37,11.0,3.74,2.31,0.297,2.43,283,True,ok
0154090AR,Platanus × acerifolia,431586,11.26,27.2,5.89,6.6,0.319,2.28,1125,True,ok
0154093AR,Jacaranda mimosifolia,431586,10.83,1.5,1.38,8.32,0.083,4.97,24,True,no_crown_detected
0154100AR,Platanus × acerifolia,431586,15.64,140.5,13.37,5.78,0.257,2.72,4619,False,tile_edge
0154116AR,Jacaranda mimosifolia,431586,8.48,33.5,6.53,5.19,0.328,2.23,1391,True,ok
0154120AR,Jacaranda mimosifolia,431586,,0.0,0.0,,,,0,True,no_crown_detected
0154121AR,Firmiana simplex,431586,14.09,49.8,7.96,7.39,0.228,2.96,1492,True,ok
0154125AR,Jacaranda mimosifolia,431586,9.65,5.8,2.71,4.35,0.405,1.81,213,True,ok
0154126AR,Platanus × acerifolia,431586,14.02,42.8,7.38,4.91,0.332,2.21,2014,True,ok
0154146AR,Platanus × acerifolia,431586,14.53,102.0,11.4,6.33,0.297,2.43,4645,True,ok
0154152AR,Firmiana simplex,431586,7.84,4.8,2.46,4.51,0.125,4.16,71,True,ok
0154156AR,Pyrus calleryana,431586,26.64,5.0,2.52,24.44,0.069,5.35,500,True,ok
0154164AR,Platanus × acerifolia,431586,12.61,40.0,7.14,7.25,0.379,1.94,1678,True,ok
0154166AR,Jacaranda mimosifolia,431586,18.64,86.8,10.51,6.42,0.301,2.4,3099,True,ok
0154174AR,Jacaranda mimosifolia,431586,23.59,14.0,4.22,6.47,0.185,3.37,657,True,ok
0154179AR,Tipuana tipu,431586,10.86,64.5,9.06,4.89,0.339,2.16,2471,False,tile_edge
0154203AR,Platanus × acerifolia,431586,18.86,93.5,10.91,9.9,0.29,2.48,4427,True,ok
0154205AR,Platanus × acerifolia,431586,15.31,2.8,1.87,8.79,0.415,1.76,101,False,tile_edge
0154206AR,Jacaranda mimosifolia,431586,26.0,30.2,6.21,5.0,0.239,2.86,1146,True,ok
0154211AR,Jacaranda mimosifolia,431586,12.09,30.5,6.23,6.26,0.245,2.81,812,True,ok
0154217AR,Jacaranda mimosifolia,431586,5.38,2.8,1.87,3.35,0.5,1.39,80,True,ok
0154226AR,Pyrus calleryana,431586,25.13,7.2,3.04,3.43,0.182,3.41,324,True,ok
0154235AR,Platanus × acerifolia,431586,14.22,41.0,7.23,8.1,0.311,2.33,1034,True,ok
0154254AR,Platanus × acerifolia,431586,11.83,40.0,7.14,7.62,0.321,2.27,1694,True,ok
0154256AR,Jacaranda mimosifolia,431586,8.37,17.2,4.69,3.61,0.29,2.48,484,True,ok
0154270AR,Jacaranda mimosifolia,431586,6.88,2.2,1.69,4.99,0.038,6.52,59,True,ok
0154282AR,Jacaranda mimosifolia,431586,7.8,9.5,3.48,5.53,0.37,1.99,249,True,ok
0154284AR,Platanus × acerifolia,431586,12.88,49.5,7.94,6.8,0.347,2.12,2463,True,ok
0154287AR,Platanus × acerifolia,431586,10.97,51.2,8.08,4.8,0.316,2.3,2118,True,ok
0154302AR,Jacaranda mimosifolia,431586,30.95,34.5,6.63,6.43,0.113,4.36,1292,True,ok
0154333AR,Firmiana simplex,431586,5.34,9.0,3.39,3.97,0.53,1.27,340,False,tile_edge
0154336AR,Jacaranda mimosifolia,431586,10.61,15.0,4.37,5.31,0.289,2.49,463,True,ok
0154342AR,Melia azedarach,431586,24.23,18.8,4.89,8.92,0.023,7.54,978,True,ok
0154344AR,Platanus × acerifolia,431586,13.49,56.0,8.44,7.82,0.298,2.42,2495,True,ok
0154353AR,Melia azedarach,431586,9.91,34.2,6.6,3.78,0.312,2.33,1650,True,ok
0154364AR,Brachychiton populneus,431586,26.59,8.2,3.24,3.63,0.177,3.46,392,True,ok
0154368AR,Schinus molle,431586,8.2,21.8,5.26,2.87,0.234,2.9,376,True,ok
0154379AR,Pyrus calleryana,431586,5.27,4.8,2.46,2.83,0.491,1.42,94,True,ok
0154381AR,Platanus × acerifolia,431586,14.96,64.2,9.04,8.17,0.274,2.59,3149,True,ok
0154385AR,Firmiana simplex,431586,27.36,97.8,11.16,7.17,0.236,2.89,2952,True,ok
0154387AR,Jacaranda mimosifolia,431586,10.47,74.5,9.74,4.13,0.27,2.62,2846,True,ok
0154389AR,Platanus × acerifolia,431586,12.64,46.8,7.72,7.38,0.356,2.07,2164,True,ok
0154393AR,Platanus × acerifolia,431586,11.51,42.0,7.31,7.44,0.388,1.89,1693,True,ok
0154405AR,Platanus × acerifolia,431586,14.81,63.2,8.97,7.37,0.292,2.46,1655,True,ok
0154408AR,Jacaranda mimosifolia,431586,10.04,11.5,3.83,5.9,0.426,1.71,298,True,ok
0154412AR,Jacaranda mimosifolia,431586,7.92,33.5,6.53,5.03,0.314,2.31,1167,True,ok
0154414AR,Brachychiton populneus,431586,25.71,6.2,2.82,4.51,0.276,2.58,226,True,ok
0154419AR,Platanus × acerifolia,431586,17.27,95.2,11.01,7.99,0.319,2.29,5128,True,ok
0154420AR,Platanus × acerifolia,431586,14.93,50.5,8.02,8.88,0.347,2.12,2061,True,ok
0154424AR,Platanus × acerifolia,431586,19.57,125.5,12.64,9.16,0.266,2.65,5710,True,ok
0154433AR,Platanus × acerifolia,431586,7.13,14.2,4.26,3.59,0.407,1.8,668,True,ok
0154435AR,Jacaranda mimosifolia,431586,5.24,2.5,1.78,3.46,0.414,1.76,90,True,ok
0154438AR,Ulmus pumila,431586,12.37,57.8,8.57,4.84,0.219,3.04,2626,True,ok
0154441AR,Firmiana simplex,431586,8.9,39.8,7.11,6.0,0.437,1.66,874,True,ok
0154446AR,Platanus × acerifolia,431586,15.61,57.0,8.52,8.19,0.306,2.37,1717,True,ok
0154450AR,Platanus × acerifolia,431586,15.46,74.5,9.74,7.91,0.294,2.45,3317,True,ok
0154460AR,Platanus × acerifolia,431586,19.6,117.0,12.21,10.1,0.302,2.4,5936,True,ok
0154462AR,Jacaranda mimosifolia,431586,5.2,2.2,1.69,2.89,0.359,2.05,71,True,ok
0154473AR,Firmiana simplex,431586,7.3,1.5,1.38,6.88,0.3,2.41,20,True,no_crown_detected
0154481AR,Jacaranda mimosifolia,431586,26.87,82.0,10.22,6.18,0.24,2.85,3018,True,ok
0154484AR,Platanus × acerifolia,431586,13.64,10.2,3.61,8.99,0.413,1.77,446,False,tile_edge
0154485AR,Platanus × acerifolia,431586,20.49,109.2,11.79,7.55,0.184,3.38,5606,True,ok
0154496AR,Jacaranda mimosifolia,431586,8.03,12.2,3.95,4.21,0.182,3.41,184,True,ok
0154497AR,Platanus × acerifolia,431586,10.36,27.8,5.94,5.26,0.382,1.92,1225,True,ok
0154510AR,Platanus × acerifolia,431586,17.03,6.5,2.88,11.61,0.259,2.7,232,True,ok
0154517AR,Melia azedarach,431586,13.17,132.2,12.98,6.48,0.336,2.18,6205,True,ok
0154526AR,Jacaranda mimosifolia,431586,26.23,110.5,11.86,6.49,0.255,2.74,3847,True,ok
0154558AR,Jacaranda mimosifolia,431586,11.16,12.8,4.03,6.03,0.263,2.67,316,True,ok
0154562AR,Platanus × acerifolia,431586,16.11,95.0,11.0,8.29,0.295,2.44,4638,True,ok
0154571AR,Platanus × acerifolia,431586,15.5,4.0,2.26,12.92,0.432,1.68,117,True,ok
0154575AR,Melia azedarach,431586,45.0,79.2,10.05,3.98,0.233,2.91,1187,False,tile_edge
0154583AR,Jacaranda mimosifolia,431586,26.35,16.5,4.58,5.11,0.125,4.16,526,True,ok
0154589AR,Robinia pseudoacacia,431586,9.14,32.8,6.46,5.04,0.183,3.4,1446,True,ok
0154591AR,Jacaranda mimosifolia,431586,8.65,2.8,1.87,7.42,0.129,4.1,39,True,few_points
0154606AR,Platanus × acerifolia,431586,14.51,26.2,5.78,7.65,0.269,2.63,1150,True,ok
0154613AR,Pyrus calleryana,431586,26.9,15.2,4.41,3.55,0.175,3.48,781,True,ok
0154619AR,Melia azedarach,431586,26.16,45.2,7.59,5.53,0.215,3.07,1004,True,ok
0154623AR,Jacaranda mimosifolia,431586,10.2,12.0,3.91,5.37,0.392,1.87,289,True,ok
0154627AR,Jacaranda mimosifolia,431586,11.29,34.5,6.63,6.14,0.232,2.92,1222,True,ok
0154634AR,Pyrus calleryana,431586,,0.0,0.0,,,,0,True,no_crown_detected
0154636AR,Jacaranda mimosifolia,431586,19.67,14.5,4.3,6.13,0.258,2.71,451,True,ok
0154638AR,Jacaranda mimosifolia,431586,20.15,27.5,5.92,6.13,0.16,3.67,898,True,ok
0154644AR,Jacaranda mimosifolia,431586,9.9,11.8,3.87,6.12,0.353,2.08,344,True,ok
0154645AR,Jacaranda mimosifolia,431586,9.78,0.5,0.8,8.23,0.5,1.39,13,True,no_crown_detected
0154648AR,Jacaranda mimosifolia,431586,9.11,33.8,6.56,5.44,0.369,1.99,1521,True,ok
0154655AR,Jacaranda mimosifolia,431586,10.1,44.2,7.51,3.47,0.205,3.17,1432,True,ok
0154696AR,Platanus × acerifolia,431586,11.68,5.0,2.52,8.01,0.245,2.81,106,False,tile_edge
0154705AR,Jacaranda mimosifolia,431586,8.48,2.8,1.87,7.34,0.062,5.55,75,True,ok
0154708AR,Platanus × acerifolia,431586,14.37,61.8,8.87,7.43,0.227,2.96,2709,True,ok
0154717AR,Jacaranda mimosifolia,431586,11.62,50.0,7.98,6.28,0.17,3.54,1699,True,ok
0154721AR,Platanus × acerifolia,431586,16.47,68.5,9.34,8.73,0.184,3.38,3042,True,ok
0154724AR,Jacaranda mimosifolia,431586,9.13,9.0,3.39,5.09,0.224,2.99,158,True,ok
0154731AR,Platanus × acerifolia,431586,7.66,2.0,1.6,5.23,0.413,1.77,81,False,tile_edge
0154740AR,Firmiana simplex,431586,7.4,2.0,1.6,5.46,0.154,3.74,27,True,few_points
0154750AR,Platanus × acerifolia,431586,13.85,35.5,6.72,7.06,0.267,2.64,1805,True,ok
0154751AR,Platanus × acerifolia,431586,9.34,1.5,1.38,4.07,0.333,2.2,38,True,no_crown_detected
0154770AR,Jacaranda mimosifolia,431586,7.63,1.0,1.13,4.62,0.417,1.75,19,True,no_crown_detected
0154779AR,Platanus × acerifolia,431586,15.09,83.8,10.33,6.07,0.288,2.49,4187,True,ok
0154809AR,Melia azedarach,431586,23.46,3.2,2.03,8.96,0.063,5.51,64,True,ok
0154821AR,Platanus × acerifolia,431586,11.94,35.8,6.75,7.65,0.367,2.01,911,True,ok
0154824AR,Jacaranda mimosifolia,431586,9.0,48.2,7.84,4.25,0.249,2.78,1809,True,ok
0154826AR,Melia azedarach,431586,,0.0,0.0,,,,0,True,no_crown_detected
0154827AR,Jacaranda mimosifolia,431586,10.14,135.5,13.13,4.86,0.289,2.48,5507,True,ok
0154839AR,Jacaranda mimosifolia,431586,20.76,17.8,4.75,6.3,0.245,2.81,569,True,ok
0154852AR,Platanus × acerifolia,431586,11.33,42.8,7.38,7.05,0.329,2.22,926,True,ok
0154865AR,Jacaranda mimosifolia,431586,6.86,0.5,0.8,6.2,0.333,2.2,5,True,no_crown_detected
0154881AR,Platanus × acerifolia,431586,8.21,3.5,2.11,3.51,0.387,1.9,117,False,tile_edge
0154896AR,Jacaranda mimosifolia,431586,8.18,14.5,4.3,2.24,0.186,3.37,397,True,ok
0154897AR,Platanus × acerifolia,431586,11.97,42.5,7.36,5.62,0.272,2.6,1871,True,ok
0154912AR,Platanus × acerifolia,431586,11.88,2.8,1.87,7.19,0.356,2.06,121,True,ok
0154914AR,Jacaranda mimosifolia,431586,9.79,63.5,8.99,6.18,0.301,2.4,2405,True,ok
0154917AR,Platanus × acerifolia,431586,11.13,2.8,1.87,5.94,0.346,2.12,121,False,tile_edge
0154946AR,Melia azedarach,431586,11.93,27.0,5.86,6.33,0.186,3.37,596,True,ok
0154949AR,Melia azedarach,431586,,0.0,0.0,,,,0,True,no_crown_detected
0154959AR,Platanus × acerifolia,431586,8.53,3.5,2.11,4.66,0.351,2.09,158,False,tile_edge
0154970AR,Pyrus calleryana,431586,5.94,4.8,2.46,2.6,0.327,2.23,103,True,ok
0154971AR,Jacaranda mimosifolia,431586,10.12,14.2,4.26,5.68,0.286,2.5,397,True,ok
0154976AR,Jacaranda mimosifolia,431586,19.69,25.8,5.73,5.86,0.194,3.28,694,True,ok
0154986AR,Firmiana simplex,431586,10.34,0.2,0.56,10.34,0.0,7.82,1,True,no_crown_detected
0155002AR,Jacaranda mimosifolia,431586,10.02,37.2,6.89,4.85,0.416,1.76,1638,True,ok
0155018AR,Robinia pseudoacacia,431586,18.28,91.0,10.76,5.06,0.31,2.34,4225,False,tile_edge
0155020AR,Firmiana simplex,431586,12.22,47.2,7.76,5.41,0.301,2.4,1368,True,ok
0155025AR,Jacaranda mimosifolia,431586,12.77,43.2,7.42,6.92,0.165,3.6,1563,True,ok
0212614AR,Melia azedarach,431586,9.64,4.8,2.46,7.15,0.149,3.8,74,True,ok
0212634AR,Celtis australis,431586,11.05,62.5,8.92,6.56,0.241,2.85,1891,True,ok
0212639AR,Celtis australis,431586,9.5,51.2,8.08,6.09,0.267,2.64,1924,True,ok
0212652AR,Tilia tomentosa,431586,11.49,55.5,8.41,5.5,0.17,3.54,1865,True,ok
0212663AR,Acer monspessulanum,431586,5.06,1.2,1.26,3.41,0.154,3.74,77,True,no_crown_detected
0212665AR,Celtis australis,431586,12.66,54.0,8.29,8.0,0.163,3.63,1716,True,ok
0212688AR,Citrus × aurantium,431586,4.82,5.2,2.59,3.83,0.303,2.39,209,True,ok
0212713AR,Quercus ilex,431586,20.19,79.2,10.05,5.42,0.17,3.55,3511,True,ok
0212722AR,Styphnolobium japonicum,431586,15.97,73.2,9.66,5.56,0.345,2.13,2570,True,ok
0212724AR,Acer monspessulanum,431586,5.5,6.0,2.76,3.37,0.265,2.66,83,False,tile_edge
0212746AR,Quercus ilex,431586,5.57,10.8,3.7,4.36,0.442,1.63,337,True,ok
0212749AR,Quercus ilex,431586,21.17,38.2,6.98,4.88,0.284,2.52,1400,True,ok
0212752AR,Prunus serrulata,431586,6.05,14.0,4.22,3.57,0.246,2.8,459,False,tile_edge
0212756AR,Acer monspessulanum,431586,10.77,9.8,3.52,3.82,0.403,1.82,335,True,ok
0212771AR,Quercus ilex,431586,9.11,22.0,5.29,4.75,0.247,2.8,762,True,ok
0212772AR,Acer monspessulanum,431586,6.36,7.5,3.09,3.87,0.361,2.04,177,True,ok
0212782AR,Citrus × aurantium,431586,6.19,10.2,3.61,3.77,0.219,3.04,221,True,ok
0212783AR,Acer monspessulanum,431586,4.25,2.0,1.6,1.75,0.417,1.75,58,True,ok
0212788AR,Citrus × aurantium,431586,5.95,10.2,3.61,1.77,0.189,3.34,232,True,ok
0212796AR,Acer monspessulanum,431586,4.49,4.2,2.33,2.87,0.548,1.2,109,True,ok
0212798AR,Styphnolobium japonicum,431586,7.36,0.8,0.98,3.56,0.333,2.2,15,True,no_crown_detected
0212810AR,Melia azedarach,431586,16.93,121.8,12.45,6.33,0.252,2.75,3911,True,ok
0212817AR,Catalpa bignonioides,431586,19.42,19.0,4.92,4.03,0.159,3.67,432,True,ok
0212825AR,Robinia pseudoacacia,431586,12.34,62.0,8.88,7.78,0.286,2.5,2565,True,ok
0212835AR,Catalpa bignonioides,431586,6.95,11.0,3.74,5.66,0.257,2.71,425,True,ok
0212838AR,Robinia pseudoacacia,431586,10.24,62.0,8.88,6.45,0.349,2.1,2308,True,ok
0212849AR,Tilia x europaea,431586,9.07,20.8,5.14,5.12,0.259,2.7,706,True,ok
0212878AR,Acer monspessulanum,431586,13.53,15.2,4.41,4.13,0.276,2.57,375,True,ok
0212883AR,Prunus serrulata,431586,8.02,17.8,4.75,3.91,0.189,3.33,560,True,ok
0212895AR,Platanus × acerifolia,431586,15.52,118.2,12.27,7.51,0.171,3.54,5114,True,ok
0212907AR,Citrus × aurantium,431586,5.71,8.8,3.34,3.95,0.21,3.12,230,True,ok
0212908AR,Ligustrum japonicum,431586,,0.0,0.0,,,,0,True,no_crown_detected
0212931AR,Tilia x europaea,431586,10.62,40.0,7.14,5.48,0.189,3.33,1416,True,ok
0212949AR,Celtis australis,431586,12.3,59.0,8.67,6.63,0.159,3.67,2029,True,ok
0212953AR,Tilia x europaea,431586,19.53,39.5,7.09,4.97,0.246,2.81,1162,True,ok
0212969AR,Celtis australis,431586,12.05,46.2,7.67,7.08,0.269,2.62,1526,True,ok
0212978AR,Catalpa bignonioides,431586,16.99,40.0,7.14,4.38,0.308,2.36,1481,False,tile_edge
0212979AR,Celtis australis,431586,11.17,44.0,7.48,7.52,0.171,3.53,1253,True,ok
0212989AR,Robinia pseudoacacia,431586,13.43,30.8,6.26,9.34,0.371,1.98,1269,True,ok
0212997AR,Ligustrum japonicum,431586,,0.0,0.0,,,,0,True,no_crown_detected
0212999AR,Robinia pseudoacacia,431586,18.12,43.0,7.4,4.33,0.139,3.95,1251,False,tile_edge
0213009AR,Celtis australis,431586,9.58,48.0,7.82,5.48,0.279,2.55,1754,True,ok
0213028AR,Tilia x europaea,431586,11.05,48.0,7.82,5.38,0.137,3.98,1906,True,ok
0213043AR,Acer monspessulanum,431586,5.3,6.5,2.88,3.49,0.329,2.22,193,False,tile_edge
0213048AR,Celtis australis,431586,16.46,64.0,9.03,6.48,0.152,3.77,1868,True,ok
0213062AR,Citrus × aurantium,431586,5.88,6.8,2.93,3.84,0.321,2.27,165,False,tile_edge
0213067AR,Pyrus calleryana,431586,6.57,7.2,3.04,3.02,0.307,2.36,159,False,tile_edge
0213074AR,Acer monspessulanum,431586,4.95,5.5,2.65,3.5,0.441,1.64,178,True,ok
0213088AR,Acer monspessulanum,431586,6.01,13.8,4.18,3.99,0.231,2.93,432,True,ok
0213107AR,Catalpa bignonioides,431586,6.19,1.5,1.38,4.17,0.062,5.55,21,True,no_crown_detected
0213110AR,Acer campestre,431586,15.53,25.5,5.7,4.06,0.306,2.37,838,True,ok
0213113AR,Celtis australis,431586,19.87,95.8,11.04,6.29,0.212,3.1,2777,True,ok
0213155AR,Catalpa bignonioides,431586,14.62,11.0,3.74,3.74,0.391,1.88,243,True,ok
0213166AR,Celtis australis,431586,11.76,42.5,7.36,6.98,0.244,2.82,1297,True,ok
0213170AR,Tilia tomentosa,431586,20.58,72.8,9.62,5.51,0.175,3.49,2829,True,ok
0213176AR,Celtis australis,431586,10.14,50.2,8.0,2.68,0.249,2.78,2275,True,ok
0213187AR,Platanus × acerifolia,431586,15.02,60.2,8.76,7.63,0.294,2.45,2749,True,ok
0213200AR,Celtis australis,431586,14.29,4.0,2.26,10.15,0.0,7.82,99,True,ok
0213204AR,Prunus serrulata,431586,14.28,18.0,4.79,3.67,0.174,3.5,579,True,ok
0213209AR,Citrus × aurantium,431586,6.08,7.5,3.09,1.66,0.2,3.22,290,True,ok
0213267AR,Celtis australis,431586,11.51,41.0,7.23,6.87,0.183,3.39,1123,False,tile_edge
0213274AR,Pyrus calleryana,431586,,0.0,0.0,,,,0,False,tile_edge
0213276AR,Acer monspessulanum,431586,5.68,23.8,5.5,3.28,0.411,1.78,773,True,ok
0213282AR,Citrus × aurantium,431586,4.31,4.5,2.39,3.24,0.34,2.16,52,True,ok
0213291AR,Photinia x fraseri,431586,,0.0,0.0,,,,0,True,no_crown_detected
0213304AR,Pyrus calleryana,431586,7.61,8.5,3.29,3.04,0.299,2.41,287,True,ok
0213313AR,Pyrus calleryana,431586,6.09,7.2,3.04,3.41,0.268,2.63,264,True,ok
0213335AR,Pyrus calleryana,431586,7.63,10.8,3.7,1.65,0.271,2.61,411,False,tile_edge
0213351AR,Celtis australis,431586,12.63,60.8,8.79,6.2,0.202,3.2,2212,True,ok
0213358AR,Robinia pseudoacacia,431586,11.95,24.0,5.53,5.45,0.304,2.38,1017,True,ok
0213362AR,Celtis australis,431586,11.63,98.5,11.2,6.25,0.22,3.03,3355,True,ok
0213371AR,Platanus × acerifolia,431586,11.67,70.5,9.47,6.48,0.345,2.13,3182,True,ok
0213393AR,Celtis australis,431586,11.29,54.2,8.31,7.26,0.189,3.34,1603,True,ok
0213410AR,Acer monspessulanum,431586,6.15,10.5,3.66,4.85,0.38,1.93,253,True,ok
0213433AR,Platanus × acerifolia,431586,14.72,149.2,13.79,7.07,0.287,2.5,6764,True,ok
0213434AR,Pyrus calleryana,431586,6.18,9.0,3.39,3.58,0.418,1.75,200,True,ok
0213443AR,Platanus × acerifolia,431586,11.54,30.0,6.18,7.12,0.351,2.09,1304,True,ok
0213450AR,Ligustrum japonicum,431586,,0.0,0.0,,,,0,True,no_crown_detected
0213454AR,Celtis australis,431586,9.6,28.8,6.05,5.45,0.188,3.34,752,True,ok
0213476AR,Styphnolobium japonicum,431586,7.16,6.2,2.82,3.82,0.229,2.95,223,True,ok
0213480AR,Celtis australis,431586,17.11,54.0,8.29,7.26,0.228,2.96,1581,False,tile_edge
0213488AR,Acer monspessulanum,431586,12.78,1.2,1.26,3.49,0.467,1.52,28,False,tile_edge
0213489AR,Citrus × aurantium,431586,16.95,7.0,2.99,3.61,0.242,2.84,223,True,ok
0213492AR,Acer monspessulanum,431586,13.62,5.5,2.65,3.29,0.479,1.47,211,True,ok
0213493AR,Tilia x europaea,431586,9.52,27.5,5.92,4.6,0.264,2.66,829,True,ok
0213496AR,Cercis siliquastrum,431586,7.52,53.0,8.21,4.39,0.273,2.59,1417,True,ok
0213502AR,Celtis australis,431586,11.39,42.0,7.31,6.78,0.197,3.24,1365,True,ok
0213505AR,Catalpa bignonioides,431586,5.06,0.2,0.56,4.93,0.333,2.2,6,True,no_crown_detected
0213513AR,Acer monspessulanum,431586,5.21,15.5,4.44,3.33,0.28,2.55,334,True,ok
0213533AR,Photinia x fraseri,431586,3.17,4.5,2.39,2.18,0.273,2.6,102,True,ok
0213536AR,Citrus × aurantium,431586,4.75,3.5,2.11,3.97,0.52,1.31,109,True,ok
0213545AR,Styphnolobium japonicum,431586,16.88,34.0,6.58,6.49,0.235,2.89,1358,True,ok
0213551AR,Celtis australis,431586,10.18,38.5,7.0,6.21,0.264,2.66,1005,True,ok
0213596AR,Prunus serrulata,431586,12.53,15.0,4.37,4.09,0.391,1.88,406,True,ok
0213601AR,Ligustrum japonicum,431586,3.38,4.8,2.46,2.19,0.463,1.54,147,True,ok
0213638AR,Acer monspessulanum,431586,4.62,4.2,2.33,3.47,0.333,2.2,81,False,tile_edge
0213652AR,Tilia x europaea,431586,7.58,29.5,6.13,4.12,0.197,3.25,912,True,ok
0213654AR,Robinia pseudoacacia,431586,17.61,18.8,4.89,7.27,0.327,2.24,674,True,ok
0213698AR,Acer monspessulanum,431586,6.47,10.5,3.66,3.57,0.338,2.17,382,False,tile_edge
0213712AR,Pyrus calleryana,431586,5.91,10.0,3.57,3.33,0.137,3.98,309,True,ok
0213717AR,Celtis australis,431586,12.55,76.2,9.85,6.52,0.19,3.32,2584,True,ok
0213757AR,Tilia x europaea,431586,7.92,20.2,5.08,4.87,0.255,2.74,590,True,ok
0213767AR,Platanus × acerifolia,431586,16.83,157.2,14.15,6.06,0.277,2.57,8654,True,ok
0213770AR,Tilia x euchlora,431586,5.32,5.0,2.52,1.99,0.203,3.19,116,True,ok
0213777AR,Acer monspessulanum,431586,5.66,14.5,4.3,2.95,0.437,1.66,428,True,ok
0213787AR,Styphnolobium japonicum,431586,10.27,2.0,1.6,5.57,0.385,1.91,48,True,few_points
0213797AR,Acer monspessulanum,431586,18.12,14.0,4.22,3.66,0.182,3.41,363,True,ok
0213802AR,Acer monspessulanum,431586,7.11,18.5,4.85,3.75,0.494,1.41,771,True,ok
0213829AR,Celtis australis,431586,,0.0,0.0,,,,0,True,no_crown_detected
0213832AR,Celtis australis,431586,9.77,4.5,2.39,7.71,0.045,6.21,102,True,ok
0213850AR,Catalpa bignonioides,431586,7.21,20.0,5.05,4.58,0.306,2.37,714,True,ok
0213853AR,Acer monspessulanum,431586,11.53,15.0,4.37,3.86,0.38,1.94,436,False,tile_edge
0213917AR,Quercus ilex,431586,20.15,33.0,6.48,2.31,0.117,4.29,1364,True,ok
0213923AR,Celtis australis,431586,12.9,18.0,4.79,6.96,0.225,2.99,746,True,ok
0213955AR,Tilia x europaea,431586,12.27,48.5,7.86,6.46,0.21,3.12,1433,True,ok
0213973AR,Ligustrum japonicum,431586,2.6,3.5,2.11,2.15,0.512,1.34,112,True,low_tree
0213992AR,Ligustrum japonicum,431586,2.72,4.5,2.39,2.07,0.406,1.8,112,True,low_tree
0214004AR,Styphnolobium japonicum,431586,9.62,44.2,7.51,4.82,0.346,2.12,1547,True,ok
0214042AR,Acer monspessulanum,431586,5.01,6.2,2.82,3.4,0.475,1.49,189,True,ok
0214043AR,Acer monspessulanum,431586,5.05,3.0,1.95,3.25,0.263,2.67,85,True,ok
0214053AR,Tilia x euchlora,431586,3.38,2.5,1.78,2.55,0.526,1.28,71,True,ok
0214057AR,Pyrus calleryana,431586,6.55,4.2,2.33,3.28,0.275,2.58,165,True,ok
0214066AR,Acer monspessulanum,431586,14.88,7.0,2.99,3.77,0.223,3.0,164,True,ok
0214067AR,Celtis australis,431586,10.14,44.0,7.48,6.25,0.286,2.5,1523,True,ok
0214068AR,Citrus × aurantium,431586,6.25,7.5,3.09,4.07,0.482,1.46,210,True,ok
0214138AR,Prunus serrulata,431586,5.82,7.2,3.04,3.41,0.15,3.8,236,True,ok
0214148AR,Citrus × aurantium,431586,5.46,7.5,3.09,3.45,0.278,2.56,182,True,ok
0214208AR,Catalpa bignonioides,431586,6.01,17.0,4.65,3.5,0.281,2.54,514,False,tile_edge
0214227AR,Tilia tomentosa,431586,10.09,44.0,7.48,4.67,0.308,2.36,1825,True,ok
0214232AR,Celtis australis,431586,10.11,39.0,7.05,5.73,0.104,4.53,1077,True,ok
0214238AR,Catalpa bignonioides,431586,9.27,24.2,5.56,5.68,0.237,2.88,725,True,ok
0214240AR,Acer monspessulanum,431586,5.29,10.8,3.7,3.21,0.486,1.44,396,True,ok
0214241AR,Celtis australis,431586,9.82,16.8,4.62,5.41,0.243,2.83,596,False,tile_edge
0214300AR,Tilia tomentosa,431586,,0.0,0.0,,,,0,True,no_crown_detected
0214318AR,Celtis australis,431586,11.25,41.5,7.27,8.0,0.187,3.36,1161,True,ok
0214324AR,Citrus × aurantium,431586,5.51,68.5,9.34,2.35,0.264,2.66,2437,False,tile_edge
0214332AR,Citrus × aurantium,431586,4.14,5.5,2.65,1.52,0.081,5.02,86,True,ok
0214337AR,Tilia x europaea,431586,11.59,29.5,6.13,5.46,0.249,2.78,1038,True,ok
0214347AR,Celtis australis,431586,10.43,66.0,9.17,5.76,0.259,2.7,2294,True,ok
0214352AR,Acer monspessulanum,431586,6.72,12.5,3.99,4.22,0.301,2.4,370,True,ok
0214354AR,Acer monspessulanum,431586,5.32,5.2,2.59,4.05,0.22,3.03,128,True,ok
0214355AR,Acer monspessulanum,431586,5.17,5.2,2.59,1.74,0.143,3.89,176,False,tile_edge
0214369AR,Quercus ilex,431586,6.86,16.8,4.62,1.84,0.133,4.03,572,True,ok
0214400AR,Robinia pseudoacacia,431586,14.04,52.5,8.18,7.37,0.248,2.79,2390,False,tile_edge
0214410AR,Robinia pseudoacacia,431586,11.85,59.0,8.67,5.26,0.245,2.82,1979,True,ok
0214413AR,Acer monspessulanum,431586,6.18,12.5,3.99,4.62,0.189,3.33,338,True,ok
0214415AR,Tilia x europaea,431586,5.53,4.8,2.46,1.65,0.384,1.92,174,True,ok
0214420AR,Pyrus calleryana,431586,,0.0,0.0,,,,0,True,no_crown_detected
0214442AR,Robinia pseudoacacia,431586,10.14,31.2,6.31,6.69,0.385,1.91,1179,True,ok
0214447AR,Celtis australis,431586,8.67,32.2,6.41,5.54,0.329,2.22,1178,True,ok
0214456AR,Robinia pseudoacacia,431586,11.29,2.8,1.87,8.17,0.347,2.12,78,True,ok
0214501AR,Acer monspessulanum,431586,5.43,8.0,3.19,2.95,0.414,1.76,294,True,ok
0214515AR,Citrus × aurantium,431586,5.98,6.5,2.88,3.84,0.317,2.3,161,True,ok
0214517AR,Acer monspessulanum,431586,5.18,8.5,3.29,3.61,0.271,2.61,227,True,ok
0214532AR,Tilia x europaea,431586,9.5,31.2,6.31,4.77,0.254,2.74,1152,True,ok
0214538AR,Tilia x europaea,431586,10.26,37.5,6.91,5.0,0.164,3.62,1363,True,ok
0214543AR,Pyrus calleryana,431586,6.07,7.0,2.99,3.36,0.349,2.1,159,True,ok
0214544AR,Tilia tomentosa,431586,12.98,55.5,8.41,5.89,0.193,3.29,1907,True,ok
0214546AR,Citrus × aurantium,431586,6.27,8.5,3.29,3.64,0.222,3.01,180,True,ok
0214550AR,Koelreuteria paniculata,431586,,0.0,0.0,,,,0,True,no_crown_detected
0214551AR,Tilia tomentosa,431586,20.36,46.0,7.65,5.24,0.185,3.38,1772,True,ok
0214564AR,Citrus × aurantium,431586,5.67,5.2,2.59,4.4,0.254,2.74,184,True,ok
0214566AR,Acer monspessulanum,431586,5.64,1.5,1.38,4.75,0.407,1.8,27,True,no_crown_detected
0214585AR,Tilia x europaea,431586,11.03,44.0,7.48,5.79,0.221,3.02,1547,True,ok
0214613AR,Acer monspessulanum,431586,6.4,13.5,4.15,3.77,0.218,3.04,311,True,ok
0214618AR,Catalpa bignonioides,431586,7.28,20.0,5.05,4.37,0.314,2.31,614,True,ok
0214626AR,Celtis australis,431586,13.39,53.5,8.25,7.6,0.19,3.32,1781,True,ok
0214634AR,Tilia x europaea,431586,10.95,34.0,6.58,4.16,0.136,3.99,1168,True,ok
0214637AR,Celtis australis,431586,12.03,54.0,8.29,7.14,0.2,3.22,1911,True,ok
0214643AR,Celtis australis,431586,13.73,52.5,8.18,7.63,0.176,3.47,1671,False,tile_edge
0214658AR,Citrus × aurantium,431586,16.45,9.5,3.48,1.52,0.144,3.87,207,True,ok
0214659AR,Citrus × aurantium,431586,6.25,7.2,3.04,4.66,0.191,3.31,245,False,tile_edge
0214672AR,Acer monspessulanum,431586,5.45,5.2,2.59,3.34,0.209,3.13,142,True,ok
0214676AR,Pyrus calleryana,431586,6.1,10.2,3.61,3.6,0.371,1.99,213,False,tile_edge
0214681AR,Acer monspessulanum,431586,6.58,21.8,5.26,4.05,0.359,2.05,686,True,ok
0214682AR,Citrus × aurantium,431586,7.9,10.5,3.66,4.27,0.263,2.67,347,True,ok
0214708AR,Ligustrum japonicum,431586,13.58,7.2,3.04,2.23,0.283,2.52,206,True,ok
0214723AR,Citrus × aurantium,431586,5.52,5.8,2.71,3.42,0.152,3.77,189,True,ok
0214777AR,Tilia x europaea,431586,20.1,36.5,6.82,6.34,0.131,4.07,1370,False,tile_edge
0214780AR,Acer monspessulanum,431586,16.73,15.8,4.48,1.79,0.186,3.36,493,True,ok
0214787AR,Acer monspessulanum,431586,5.27,5.2,2.59,2.67,0.409,1.79,199,True,ok
0214788AR,Prunus serrulata,431586,4.91,5.5,2.65,3.15,0.322,2.27,110,True,ok
0214790AR,Celtis australis,431586,11.34,62.5,8.92,5.82,0.225,2.99,2451,True,ok
0214829AR,Pyrus calleryana,431586,7.45,8.0,3.19,1.75,0.135,4.01,289,True,ok
0214830AR,Ligustrum japonicum,431586,2.48,2.5,1.78,2.05,0.481,1.46,48,True,few_points
0214846AR,Tilia x europaea,431586,13.04,45.0,7.57,6.08,0.248,2.79,1698,True,ok
0214848AR,Acer monspessulanum,431586,17.65,5.8,2.71,2.68,0.168,3.56,110,True,ok
0214858AR,Koelreuteria paniculata,431586,,0.0,0.0,,,,0,True,no_crown_detected
0214872AR,Celtis australis,431586,9.27,29.8,6.15,6.29,0.252,2.76,980,True,ok
0214876AR,Celtis australis,431586,9.16,33.2,6.51,5.99,0.227,2.96,914,False,tile_edge
0214882AR,Celtis australis,431586,10.22,34.5,6.63,6.54,0.094,4.73,895,True,ok
0214885AR,Quercus ilex,431586,4.5,5.2,2.59,3.23,0.455,1.57,187,False,tile_edge
0214886AR,Acer monspessulanum,431586,6.85,20.0,5.05,4.02,0.341,2.15,683,True,ok
0214897AR,Tilia x europaea,431586,9.51,44.5,7.53,4.92,0.171,3.54,1288,True,ok
0214928AR,Acer monspessulanum,431586,4.62,4.0,2.26,4.04,0.128,4.12,116,True,ok
0214931AR,Celtis australis,431586,20.31,71.0,9.51,6.1,0.17,3.54,2355,True,ok
0214933AR,Tilia tomentosa,431586,12.54,38.8,7.02,6.19,0.171,3.53,1306,True,ok
0214935AR,Acer monspessulanum,431586,5.97,10.2,3.61,3.41,0.255,2.73,307,True,ok
0214938AR,Acer monspessulanum,431586,7.05,10.8,3.7,3.54,0.256,2.72,241,True,ok
0214950AR,Acer monspessulanum,431586,6.35,18.5,4.85,3.37,0.307,2.36,493,True,ok
0214959AR,Platanus × acerifolia,431586,17.28,96.8,11.1,8.55,0.132,4.05,4078,True,ok
0214984AR,Citrus × aurantium,431586,16.45,7.8,3.14,3.45,0.098,4.65,153,True,ok
0214993AR,Photinia x fraseri,431586,3.85,3.0,1.95,1.81,0.31,2.34,54,True,ok
0214995AR,Celtis australis,431586,10.69,1.0,1.13,10.57,0.0,7.82,18,True,no_crown_detected
0215009AR,Acer monspessulanum,431586,13.81,76.2,9.85,7.36,0.269,2.63,2598,True,ok
0215010AR,Citrus × aurantium,431586,10.15,2.0,1.6,7.61,0.2,3.22,55,False,tile_edge
0215013AR,Styphnolobium japonicum,431586,12.76,79.2,10.05,6.24,0.355,2.07,3659,True,ok
0215016AR,Ligustrum japonicum,431586,2.82,4.5,2.39,2.05,0.333,2.2,121,True,low_tree
0215017AR,Celtis australis,431586,21.54,6.5,2.88,8.71,0.174,3.5,168,True,ok
0215037AR,Prunus serrulata,431586,9.02,15.8,4.48,3.77,0.308,2.36,526,True,ok
0215042AR,Acer campestre,431586,3.52,2.8,1.87,2.59,0.491,1.42,69,True,ok
0215047AR,Celtis australis,431586,13.42,79.8,10.08,6.86,0.199,3.23,2585,True,ok
0215048AR,Pyrus calleryana,431586,19.66,13.0,4.07,4.05,0.182,3.41,337,True,ok
0215067AR,Tilia tomentosa,431586,10.04,44.5,7.53,5.88,0.218,3.05,1389,True,ok
0215093AR,Citrus × aurantium,431586,5.17,3.2,2.03,3.81,0.268,2.63,111,True,ok
0215097AR,Koelreuteria paniculata,431586,7.61,1.2,1.26,3.78,0.4,1.83,52,True,no_crown_detected
0257168AR,Pinus halepensis,431586,14.39,163.2,14.42,5.43,0.237,2.88,6157,True,ok
0257623AR,Citrus × aurantium,431586,4.12,6.8,2.93,2.93,0.389,1.89,95,True,ok
0264754AR,Tipuana tipu,431586,10.66,16.8,4.62,5.84,0.429,1.69,399,True,ok
0264765AR,Tipuana tipu,431586,10.34,138.2,13.27,4.46,0.282,2.53,3667,True,ok
0264775AR,Cupressus sempervirens,431586,8.33,1.8,1.49,1.88,0.071,5.28,109,True,no_crown_detected
0264776AR,Tipuana tipu,431586,11.02,103.2,11.47,5.5,0.336,2.18,2842,True,ok
0264780AR,Tipuana tipu,431586,10.61,139.5,13.33,4.4,0.344,2.13,3755,True,ok
0264792AR,Tipuana tipu,431586,,0.0,0.0,,,,0,True,no_crown_detected
0264808AR,Styphnolobium japonicum,431586,14.93,53.8,8.27,7.85,0.089,4.84,932,True,ok
0264809AR,Fraxinus berlandieriana,431586,4.34,0.8,0.98,4.16,0.462,1.55,13,True,no_crown_detected
0264837AR,Tipuana tipu,431586,9.51,2.2,1.69,4.85,0.328,2.23,61,True,ok
0264839AR,Tipuana tipu,431586,8.72,85.8,10.45,4.12,0.296,2.43,1878,True,ok
0264847AR,Casuarina cunninghamiana,431586,7.35,2.2,1.69,4.75,0.37,1.99,54,True,ok
0264852AR,Tipuana tipu,431586,10.39,124.2,12.58,3.89,0.178,3.46,2619,True,ok
0264863AR,Prunus cerasifera,431586,6.83,4.2,2.33,4.1,0.434,1.67,106,True,ok
0264865AR,Tipuana tipu,431586,8.29,18.2,4.82,4.75,0.374,1.96,454,True,ok
0264866AR,Casuarina cunninghamiana,431586,12.29,51.5,8.1,4.54,0.322,2.26,1129,True,ok
0264876AR,Tipuana tipu,431586,8.98,83.8,10.33,3.83,0.231,2.93,1708,True,ok
0268826AR,Catalpa bignonioides,431586,7.39,12.2,3.95,4.91,0.386,1.91,268,True,ok
0286528AR,Grevillea robusta,431586,20.36,28.5,6.02,7.52,0.213,3.1,1400,True,ok
0287656AR,Brachychiton populneus,431586,7.55,10.0,3.57,2.98,0.439,1.65,472,True,ok
0287657AR,Brachychiton populneus,431586,,0.0,0.0,,,,0,True,no_crown_detected
0287658AR,Brachychiton populneus,431586,6.01,25.8,5.73,2.27,0.369,1.99,1044,True,ok
0287659AR,Brachychiton populneus,431586,,0.0,0.0,,,,0,True,no_crown_detected
0287660AR,Brachychiton populneus,431586,11.66,47.5,7.78,4.73,0.302,2.4,2335,True,ok
0287661AR,Brachychiton populneus,431586,6.13,7.2,3.04,3.41,0.511,1.34,333,True,ok
0287662AR,Brachychiton populneus,431586,,0.0,0.0,,,,0,True,no_crown_detected
0287663AR,Brachychiton populneus,431586,,0.0,0.0,,,,0,True,no_crown_detected
0287664AR,Brachychiton populneus,431586,8.14,11.5,3.83,4.61,0.448,1.61,290,True,ok
0287665AR,Brachychiton populneus,431586,15.85,7.8,3.14,3.54,0.325,2.24,213,True,ok
0287666AR,Brachychiton populneus,431586,8.26,7.8,3.14,4.11,0.421,1.73,221,True,ok
0287667AR,Brachychiton populneus,431586,,0.0,0.0,,,,0,True,no_crown_detected
0287668AR,Brachychiton populneus,431586,,0.0,0.0,,,,0,True,no_crown_detected
0287669AR,Brachychiton populneus,431586,10.71,13.8,4.18,1.95,0.112,4.38,665,True,ok
0287671AR,Brachychiton populneus,431586,10.25,12.8,4.03,5.16,0.331,2.21,496,True,ok
0287672AR,Brachychiton populneus,431586,11.01,7.0,2.99,5.18,0.231,2.93,381,True,ok
0287673AR,Brachychiton populneus,431586,,0.0,0.0,,,,0,True,no_crown_detected
0287674AR,Brachychiton populneus,431586,6.22,17.0,4.65,2.27,0.133,4.04,563,True,ok
0287778AR,Brachychiton populneus,431586,,0.0,0.0,,,,0,True,no_crown_detected
0287779AR,Brachychiton populneus,431586,,0.0,0.0,,,,0,True,no_crown_detected
0287780AR,Brachychiton populneus,431586,10.5,13.5,4.15,5.39,0.338,2.17,700,True,ok
0287781AR,Brachychiton populneus,431586,,0.0,0.0,,,,0,True,no_crown_detected
0287782AR,Brachychiton populneus,431586,10.84,9.8,3.52,5.85,0.308,2.36,517,True,ok
0287783AR,Brachychiton populneus,431586,6.75,11.2,3.78,3.13,0.435,1.66,571,True,ok
0289262AR,Brachychiton populneus,431586,,0.0,0.0,,,,0,True,no_crown_detected
0289263AR,Brachychiton populneus,431586,8.18,12.8,4.03,4.25,0.393,1.87,534,True,ok
0289264AR,Brachychiton populneus,431586,,0.0,0.0,,,,0,True,no_crown_detected
0289265AR,Brachychiton populneus,431586,5.06,11.2,3.78,3.65,0.5,1.39,528,True,ok
0289266AR,Brachychiton populneus,431586,5.65,11.5,3.83,3.74,0.554,1.18,477,True,ok
0289267AR,Brachychiton populneus,431586,5.48,11.2,3.78,3.46,0.502,1.38,470,True,ok
0289270AR,Brachychiton populneus,431586,7.6,28.2,6.0,4.0,0.309,2.35,740,True,ok
0289271AR,Brachychiton populneus,431586,7.94,13.8,4.18,4.21,0.43,1.69,362,True,ok
0289272AR,Brachychiton populneus,431586,6.38,11.2,3.78,4.12,0.382,1.93,257,True,ok
0289273AR,Brachychiton populneus,431586,,0.0,0.0,,,,0,True,no_crown_detected
0289274AR,Brachychiton populneus,431586,6.73,2.8,1.87,4.05,0.397,1.85,125,True,ok
0289275AR,Brachychiton populneus,431586,7.39,14.8,4.33,3.57,0.459,1.56,521,True,ok
0289276AR,Brachychiton populneus,431586,6.1,10.2,3.61,3.5,0.45,1.6,332,True,ok
0289277AR,Brachychiton populneus,431586,6.95,21.8,5.26,3.49,0.432,1.68,817,True,ok
0289278AR,Cercis siliquastrum,431586,4.26,4.0,2.26,3.04,0.542,1.22,145,True,ok
0289279AR,Brachychiton populneus,431586,5.05,3.0,1.95,3.79,0.541,1.23,113,True,ok
0289280AR,Brachychiton populneus,431586,10.51,14.8,4.33,3.88,0.391,1.88,767,True,ok
0289281AR,Brachychiton populneus,431586,9.16,13.0,4.07,3.57,0.376,1.96,708,True,ok
0289282AR,Brachychiton populneus,431586,7.64,10.8,3.7,3.73,0.424,1.72,475,True,ok
0289577AR,Albizia julibrissin,431586,7.26,86.0,10.46,2.5,0.123,4.2,1443,True,ok
0289578AR,Albizia julibrissin,431586,15.03,17.2,4.69,5.07,0.344,2.13,218,True,ok
0289579AR,Liriodendron tulipifera,431586,,0.0,0.0,,,,0,True,no_crown_detected
0289587AR,Liriodendron tulipifera,431586,8.37,17.8,4.75,4.05,0.359,2.05,801,False,tile_edge
0289591AR,Jacaranda mimosifolia,431586,,0.0,0.0,,,,0,False,tile_edge
0289592AR,Jacaranda mimosifolia,431586,6.78,0.8,0.98,4.93,0.25,2.77,27,False,tile_edge
0289844AR,Jacaranda mimosifolia,431586,7.36,39.8,7.11,3.5,0.421,1.73,1704,True,ok
0289845AR,Acer saccharinum,431586,,0.0,0.0,,,,0,True,no_crown_detected
0289847AR,Acer saccharinum,431586,7.89,39.5,7.09,3.46,0.398,1.84,1847,True,ok
0289848AR,Acer saccharinum,431586,,0.0,0.0,,,,0,True,no_crown_detected
0289849AR,Acer saccharinum,431586,,0.0,0.0,,,,0,True,no_crown_detected
0289850AR,Acer saccharinum,431586,,0.0,0.0,,,,0,True,no_crown_detected
0289852AR,Acer saccharinum,431586,7.05,32.8,6.46,2.54,0.347,2.12,1452,True,ok
0289853AR,Acer saccharinum,431586,7.55,12.0,3.91,3.63,0.379,1.94,604,True,ok
0289854AR,Liquidambar styraciflua,431586,7.43,7.5,3.09,2.77,0.347,2.12,428,True,ok
0289855AR,Acer saccharinum,431586,6.62,9.8,3.52,2.69,0.377,1.95,506,True,ok
0289856AR,Melia azedarach,431586,11.59,112.5,11.97,4.58,0.262,2.68,5383,True,ok
0289857AR,Melia azedarach,431586,9.43,45.2,7.59,4.39,0.373,1.97,2135,True,ok
0289858AR,Melia azedarach,431586,8.01,50.5,8.02,3.93,0.362,2.03,1807,True,ok
0289859AR,Melia azedarach,431586,9.53,70.2,9.46,4.31,0.281,2.54,3049,True,ok
0289860AR,Melia azedarach,431586,8.82,80.5,10.12,4.58,0.343,2.14,3364,True,ok
0289861AR,Melia azedarach,431586,9.8,92.5,10.85,4.48,0.307,2.36,4306,True,ok
0289862AR,Jacaranda mimosifolia,431586,5.67,18.5,4.85,3.4,0.455,1.58,596,True,ok
0289863AR,Jacaranda mimosifolia,431586,6.37,25.5,5.7,3.74,0.444,1.62,913,True,ok
0289864AR,Jacaranda mimosifolia,431586,4.86,18.5,4.85,3.43,0.493,1.41,691,True,ok
0289865AR,Jacaranda mimosifolia,431586,8.21,65.5,9.13,3.33,0.377,1.95,2821,True,ok
0290636AR,Pyrus calleryana,431586,6.4,11.0,3.74,3.16,0.43,1.69,272,True,ok
0290637AR,Pyrus calleryana,431586,5.02,9.0,3.39,3.09,0.48,1.47,201,True,ok
0290713AR,Citrus × aurantium,431586,4.94,5.8,2.71,1.7,0.033,6.82,213,True,ok
0292534AR,Acer campestre,431586,7.76,18.0,4.79,4.24,0.284,2.52,691,True,ok
0292536AR,Acer campestre,431586,11.68,11.5,3.83,3.8,0.244,2.82,377,True,ok
0292537AR,Acer campestre,431586,10.71,18.0,4.79,4.82,0.211,3.11,482,True,ok
0292538AR,Acer campestre,431586,13.28,28.2,6.0,2.31,0.178,3.45,835,True,ok
0292539AR,Acer campestre,431586,7.79,9.8,3.52,4.48,0.317,2.29,337,True,ok
0292540AR,Acer campestre,431586,8.47,10.8,3.7,4.93,0.3,2.41,449,True,ok
0292541AR,Acer campestre,431586,17.18,22.2,5.32,4.37,0.305,2.37,938,True,ok
0292542AR,Acer campestre,431586,8.21,19.0,4.92,4.03,0.408,1.79,808,True,ok
0292543AR,Acer campestre,431586,8.77,14.2,4.26,4.37,0.295,2.44,604,True,ok
0292544AR,Acer campestre,431586,8.45,10.0,3.57,4.61,0.319,2.28,430,True,ok
0292545AR,Acer campestre,431586,8.87,12.0,3.91,4.65,0.351,2.09,472,True,ok
0292546AR,Acer campestre,431586,13.11,11.5,3.83,3.81,0.29,2.48,332,True,ok
0292547AR,Acer campestre,431586,7.43,9.2,3.43,4.44,0.286,2.5,210,True,ok
0292548AR,Acer campestre,431586,11.36,11.8,3.87,3.87,0.253,2.75,340,True,ok
0292692AR,Jacaranda mimosifolia,431586,11.34,30.0,6.18,6.73,0.107,4.47,485,False,tile_edge
0292852AR,Styphnolobium japonicum,431586,4.12,3.0,1.95,2.78,0.5,1.39,58,True,ok
0292853AR,Styphnolobium japonicum,431586,6.0,6.8,2.93,3.04,0.269,2.62,104,True,ok
0292854AR,Styphnolobium japonicum,431586,7.37,13.5,4.15,3.64,0.311,2.34,219,True,ok
0292877AR,Ligustrum lucidum,431586,6.45,16.5,4.58,3.14,0.363,2.03,713,True,ok
0292878AR,Koelreuteria paniculata,431586,5.89,1.8,1.49,3.57,0.292,2.46,53,False,tile_edge
0292879AR,Ligustrum lucidum,431586,4.97,4.5,2.39,3.29,0.347,2.12,164,True,ok
0292880AR,Ligustrum lucidum,431586,4.41,8.0,3.19,3.25,0.48,1.47,310,True,ok
0292938AR,Melia azedarach,431586,9.37,93.0,10.88,4.25,0.282,2.53,3729,True,ok
0292939AR,Melia azedarach,431586,17.87,72.5,9.61,6.12,0.287,2.5,3143,True,ok
0292940AR,Styphnolobium japonicum,431586,10.13,80.5,10.12,4.27,0.1,4.6,1773,True,ok
0292941AR,Styphnolobium japonicum,431586,9.78,64.8,9.08,4.33,0.261,2.69,1635,True,ok
0292942AR,Melia azedarach,431586,11.47,128.8,12.8,4.33,0.187,3.35,2831,True,ok
0292943AR,Jacaranda mimosifolia,431586,9.41,2.2,1.69,4.9,0.333,2.2,57,True,ok
0294311AR,Brachychiton populneus,431586,7.04,8.2,3.24,3.75,0.435,1.66,418,True,ok
0294312AR,Brachychiton populneus,431586,,0.0,0.0,,,,0,True,no_crown_detected
0294313AR,Brachychiton populneus,431586,9.35,6.5,2.88,4.71,0.448,1.61,216,True,ok
0294464AR,Celtis australis,431586,9.01,56.8,8.5,4.09,0.234,2.9,1861,True,ok
0294468AR,Platanus × acerifolia,431586,20.0,116.2,12.17,9.64,0.14,3.94,5075,True,ok
0294469AR,Casuarina cunninghamiana,431586,15.35,22.8,5.38,5.2,0.209,3.13,1144,True,ok
0294470AR,Styphnolobium japonicum,431586,7.87,45.5,7.61,4.85,0.375,1.96,1374,True,ok
0294471AR,Casuarina cunninghamiana,431586,10.12,124.0,12.57,3.62,0.267,2.64,4757,True,ok
0294673AR,Acer campestre,431586,16.62,17.2,4.69,4.52,0.248,2.79,698,True,ok
0294674AR,Acer campestre,431586,17.43,23.0,5.41,4.48,0.226,2.98,890,True,ok
0294675AR,Acer campestre,431586,7.41,14.8,4.33,4.59,0.355,2.07,525,True,ok
0294676AR,Acer campestre,431586,,0.0,0.0,,,,0,True,no_crown_detected
0294677AR,Acer campestre,431586,,0.0,0.0,,,,0,True,no_crown_detected
0294678AR,Acer campestre,431586,7.45,9.8,3.52,4.45,0.306,2.37,401,True,ok
0294679AR,Acer campestre,431586,6.16,3.8,2.19,4.72,0.391,1.88,139,True,ok
0294680AR,Acer campestre,431586,6.85,7.5,3.09,5.32,0.359,2.05,262,True,ok
0294681AR,Acer campestre,431586,7.07,9.5,3.48,3.58,0.314,2.32,273,True,ok
0294682AR,Acer campestre,431586,18.78,22.8,5.38,4.07,0.275,2.58,775,True,ok
0294683AR,Acer campestre,431586,17.73,28.8,6.05,4.78,0.28,2.55,926,True,ok
0294684AR,Acer campestre,431586,7.81,18.2,4.82,4.35,0.242,2.84,564,True,ok
0294685AR,Acer campestre,431586,7.72,13.2,4.11,4.12,0.358,2.06,400,True,ok
0294686AR,Acer campestre,431586,5.59,5.2,2.59,1.72,0.321,2.27,153,True,ok
0294687AR,Acer campestre,431586,7.05,12.5,3.99,3.87,0.291,2.47,377,True,ok
0294688AR,Acer campestre,431586,8.03,17.0,4.65,4.1,0.252,2.76,574,True,ok
0294689AR,Acer campestre,431586,7.89,12.2,3.95,3.73,0.33,2.22,433,True,ok
0294690AR,Acer campestre,431586,7.22,7.8,3.14,3.55,0.139,3.94,264,True,ok
0294691AR,Acer campestre,431586,14.01,92.2,10.84,4.7,0.128,4.12,3704,True,ok
0294692AR,Acer campestre,431586,8.46,10.5,3.66,4.24,0.262,2.68,421,True,ok
0294693AR,Acer campestre,431586,7.7,8.2,3.24,3.64,0.396,1.85,305,True,ok
0294694AR,Acer campestre,431586,6.97,15.8,4.48,3.74,0.339,2.16,506,True,ok
0294695AR,Acer campestre,431586,18.1,22.0,5.29,4.2,0.187,3.35,890,True,ok
0294696AR,Acer campestre,431586,7.88,17.5,4.72,3.85,0.233,2.92,634,True,ok
0294697AR,Acer campestre,431586,7.93,22.0,5.29,4.26,0.232,2.93,816,True,ok
0294698AR,Acer campestre,431586,6.94,20.8,5.14,1.9,0.205,3.17,721,True,ok
0294699AR,Acer campestre,431586,6.49,18.2,4.82,3.33,0.238,2.87,541,True,ok
0294700AR,Acer campestre,431586,7.77,18.0,4.79,3.86,0.241,2.85,575,True,ok
0294701AR,Acer campestre,431586,17.06,16.5,4.58,4.21,0.266,2.65,615,False,tile_edge
0294702AR,Acer campestre,431586,7.24,18.8,4.89,4.72,0.448,1.61,644,True,ok
0294703AR,Acer campestre,431586,12.99,23.2,5.44,4.3,0.289,2.48,874,True,ok
0294821AR,Robinia pseudoacacia,431586,13.13,13.8,4.18,4.65,0.307,2.36,502,False,tile_edge
0294822AR,Citrus × aurantium,431586,9.92,9.2,3.43,3.98,0.292,2.46,324,False,tile_edge
0294904AR,Ligustrum lucidum,431586,8.24,41.2,7.25,3.08,0.25,2.77,1404,True,ok
0294905AR,Prunus cerasifera,431586,5.65,20.5,5.11,3.14,0.351,2.09,677,True,ok
0294906AR,Ligustrum lucidum,431586,5.14,19.5,4.98,3.16,0.376,1.95,635,True,ok
0294908AR,Ligustrum lucidum,431586,,0.0,0.0,,,,0,True,no_crown_detected
0294909AR,Prunus cerasifera,431586,,0.0,0.0,,,,0,True,no_crown_detected
0294910AR,Ligustrum lucidum,431586,4.94,14.8,4.33,2.81,0.373,1.97,252,True,ok
0294911AR,Prunus cerasifera,431586,5.34,8.8,3.34,2.76,0.426,1.71,216,True,ok
0294912AR,Ligustrum lucidum,431586,5.31,16.5,4.58,3.17,0.354,2.07,268,True,ok
0294914AR,Ligustrum lucidum,431586,6.12,15.2,4.41,3.03,0.226,2.97,212,True,ok
0294915AR,Ligustrum lucidum,431586,5.6,13.5,4.15,3.74,0.287,2.49,181,True,ok
0294916AR,Prunus cerasifera,431586,20.07,9.8,3.52,3.68,0.259,2.7,158,True,ok
0294917AR,Prunus cerasifera,431586,,0.0,0.0,,,,0,True,no_crown_detected
0294920AR,Ligustrum lucidum,431586,16.62,28.2,6.0,3.21,0.229,2.95,608,True,ok
0294921AR,Prunus cerasifera,431586,5.0,12.0,3.91,3.12,0.451,1.59,257,True,ok
0294922AR,Ligustrum lucidum,431586,4.66,16.0,4.51,2.76,0.469,1.51,322,True,ok
0294923AR,Prunus cerasifera,431586,5.34,9.5,3.48,3.1,0.495,1.41,202,True,ok
0294924AR,Ligustrum lucidum,431586,13.99,12.2,3.95,2.5,0.473,1.5,344,True,ok
0294925AR,Prunus cerasifera,431586,20.05,19.0,4.92,3.63,0.162,3.64,779,True,ok
0294926AR,Ligustrum lucidum,431586,4.79,7.8,3.14,3.04,0.407,1.8,225,True,ok
0294927AR,Prunus cerasifera,431586,20.91,34.5,6.63,3.51,0.171,3.53,1574,True,ok
0294928AR,Prunus cerasifera,431586,,0.0,0.0,,,,0,True,no_crown_detected
0294929AR,Ligustrum lucidum,431586,5.99,14.0,4.22,4.2,0.393,1.87,342,True,ok
0294930AR,Prunus cerasifera,431586,4.17,6.0,2.76,2.94,0.453,1.58,83,True,ok
0294931AR,Ligustrum lucidum,431586,13.93,15.2,4.41,3.97,0.249,2.78,225,True,ok
0294932AR,Prunus cerasifera,431586,5.83,12.8,4.03,3.83,0.283,2.52,187,True,ok
0294933AR,Ligustrum lucidum,431586,14.08,25.0,5.64,4.11,0.228,2.96,412,True,ok
0294934AR,Prunus cerasifera,431586,,0.0,0.0,,,,0,True,no_crown_detected
0294935AR,Ligustrum lucidum,431586,8.63,23.5,5.47,4.79,0.189,3.33,370,True,ok
0294937AR,Ligustrum lucidum,431586,14.65,17.5,4.72,4.13,0.101,4.59,228,True,ok
0294938AR,Prunus cerasifera,431586,8.95,9.0,3.39,3.64,0.191,3.31,141,True,ok
0294939AR,Ligustrum lucidum,431586,5.55,12.5,3.99,3.46,0.315,2.31,130,True,ok
0294940AR,Prunus cerasifera,431586,5.09,12.2,3.95,3.26,0.425,1.71,233,True,ok
0294941AR,Ligustrum lucidum,431586,5.12,13.8,4.18,3.33,0.429,1.69,245,True,ok
0294942AR,Prunus cerasifera,431586,5.35,11.0,3.74,3.09,0.46,1.55,237,True,ok
0294943AR,Ligustrum lucidum,431586,5.53,20.2,5.08,2.26,0.35,2.1,314,True,ok
0294944AR,Prunus cerasifera,431586,5.14,8.8,3.34,2.98,0.446,1.61,177,True,ok
0294945AR,Ligustrum lucidum,431586,6.16,14.8,4.33,4.04,0.392,1.87,212,True,ok
0294947AR,Ligustrum lucidum,431586,16.14,11.5,3.83,4.04,0.426,1.7,301,True,ok
0294948AR,Ligustrum lucidum,431586,5.15,7.5,3.09,3.71,0.093,4.75,43,True,few_points
0294949AR,Prunus cerasifera,431586,4.69,5.5,2.65,3.49,0.244,2.82,41,True,few_points
0294950AR,Ligustrum lucidum,431586,5.65,16.0,4.51,3.92,0.37,1.99,138,True,ok
0294951AR,Prunus cerasifera,431586,5.33,13.2,4.11,3.21,0.368,2.0,201,True,ok
0294952AR,Ligustrum lucidum,431586,5.42,16.0,4.51,3.63,0.344,2.13,151,True,ok
0294953AR,Prunus cerasifera,431586,4.78,6.8,2.93,2.94,0.381,1.93,84,True,ok
0294954AR,Ligustrum lucidum,431586,6.03,14.5,4.3,3.42,0.354,2.08,161,True,ok
0294955AR,Prunus cerasifera,431586,15.97,13.8,4.18,2.87,0.342,2.15,190,True,ok
0294956AR,Ligustrum lucidum,431586,5.99,15.5,4.44,3.91,0.344,2.13,157,True,ok
0294957AR,Prunus cerasifera,431586,16.32,13.2,4.11,3.49,0.394,1.86,427,True,ok
0294958AR,Ligustrum lucidum,431586,10.29,4.8,2.46,3.94,0.404,1.81,144,True,ok
0294959AR,Prunus cerasifera,431586,6.23,11.8,3.87,3.15,0.415,1.76,272,True,ok
0294960AR,Ligustrum lucidum,431586,5.81,12.8,4.03,3.48,0.424,1.72,257,True,ok
0294961AR,Prunus cerasifera,431586,13.5,11.8,3.87,2.79,0.409,1.79,203,True,ok
0294962AR,Ligustrum lucidum,431586,13.39,17.2,4.69,3.95,0.297,2.43,232,True,ok
0294963AR,Prunus cerasifera,431586,5.12,4.5,2.39,3.17,0.479,1.47,48,True,few_points
0294964AR,Ligustrum lucidum,431586,13.13,13.0,4.07,3.84,0.324,2.25,176,True,ok
0294965AR,Prunus cerasifera,431586,4.76,7.8,3.14,3.11,0.287,2.5,115,True,ok
0294966AR,Ligustrum lucidum,431586,5.51,17.2,4.69,3.48,0.236,2.89,191,True,ok
0294967AR,Prunus cerasifera,431586,4.44,6.0,2.76,3.25,0.446,1.61,65,True,ok
0294968AR,Prunus cerasifera,431586,5.86,9.2,3.43,3.0,0.377,1.95,114,True,ok
0294969AR,Ligustrum lucidum,431586,5.29,13.8,4.18,3.41,0.293,2.46,198,True,ok
0294970AR,Prunus cerasifera,431586,8.56,48.8,7.88,2.84,0.283,2.53,1005,True,ok
0294971AR,Ligustrum lucidum,431586,5.75,50.5,8.02,2.44,0.345,2.13,879,True,ok
0294972AR,Prunus cerasifera,431586,4.72,7.8,3.14,3.04,0.376,1.96,133,True,ok
0294973AR,Ligustrum lucidum,431586,5.2,8.0,3.19,3.83,0.456,1.57,79,True,ok
0294974AR,Ligustrum lucidum,431586,5.11,11.5,3.83,3.11,0.321,2.27,165,True,ok
0294975AR,Prunus cerasifera,431586,4.74,7.5,3.09,3.29,0.478,1.48,157,True,ok
0294976AR,Ligustrum lucidum,431586,4.58,12.0,3.91,3.11,0.45,1.6,218,True,ok
0294977AR,Prunus cerasifera,431586,5.35,13.8,4.18,3.18,0.45,1.6,289,True,ok
0294978AR,Ligustrum lucidum,431586,5.11,10.0,3.57,3.67,0.402,1.82,122,True,ok
0294979AR,Prunus cerasifera,431586,3.87,5.2,2.59,3.15,0.483,1.45,60,True,ok
0295925AR,Acer monspessulanum,431586,,0.0,0.0,,,,0,True,no_crown_detected
0296151AR,Acer negundo,431586,13.06,20.0,5.05,3.46,0.25,2.77,977,True,ok
0296198AR,Celtis australis,431586,8.36,3.0,1.95,6.13,0.531,1.27,78,True,ok
0296204AR,Celtis australis,431586,10.07,54.5,8.33,5.55,0.262,2.68,1677,True,ok
0296205AR,Celtis australis,431586,9.62,30.0,6.18,5.86,0.28,2.54,821,True,ok
0296206AR,Celtis australis,431586,9.45,26.5,5.81,6.03,0.361,2.04,1026,True,ok
0299529AR,Melia azedarach,431586,9.9,73.0,9.64,3.91,0.218,3.04,3031,True,ok
0299530AR,Melia azedarach,431586,11.48,125.5,12.64,4.29,0.226,2.98,5250,True,ok
0299531AR,Melia azedarach,431586,9.64,94.5,10.97,4.54,0.215,3.07,3581,True,ok
0299532AR,Melia azedarach,431586,10.15,108.8,11.77,3.5,0.192,3.3,4159,True,ok
0299533AR,Melia azedarach,431586,9.99,87.0,10.52,4.62,0.253,2.75,3282,True,ok
0299535AR,Melia azedarach,431586,9.94,113.2,12.01,4.41,0.237,2.88,4725,True,ok
0299536AR,Melia azedarach,431586,10.02,82.0,10.22,3.88,0.237,2.88,2761,True,ok
0299537AR,Melia azedarach,431586,7.34,69.5,9.41,3.36,0.34,2.16,2851,True,ok
0299538AR,Melia azedarach,431586,9.22,87.0,10.52,4.09,0.321,2.27,3505,True,ok
0299539AR,Melia azedarach,431586,7.62,63.2,8.97,4.3,0.259,2.7,1009,True,ok
0299540AR,Melia azedarach,431586,8.36,96.5,11.08,4.1,0.309,2.35,2013,True,ok
0299541AR,Melia azedarach,431586,8.69,102.2,11.41,4.12,0.302,2.4,2223,True,ok
0299542AR,Melia azedarach,431586,7.58,49.8,7.96,4.0,0.284,2.52,832,True,ok
0299543AR,Melia azedarach,431586,11.86,122.2,12.48,4.23,0.308,2.36,3156,True,ok
0299544AR,Melia azedarach,431586,9.01,125.5,12.64,4.76,0.323,2.26,3363,True,ok
0299545AR,Melia azedarach,431586,8.24,75.8,9.82,3.78,0.359,2.05,2238,True,ok
0299546AR,Melia azedarach,431586,9.06,55.5,8.41,5.04,0.335,2.19,1512,True,ok
0299547AR,Melia azedarach,431586,8.06,75.0,9.77,4.43,0.311,2.34,2082,True,ok
0299548AR,Melia azedarach,431586,7.76,38.2,6.98,4.07,0.354,2.08,1813,True,ok
0299549AR,Melia azedarach,431586,9.61,88.5,10.62,4.67,0.263,2.67,3490,True,ok
0299550AR,Melia azedarach,431586,6.22,36.0,6.77,3.33,0.343,2.14,1405,True,ok
0299551AR,Melia azedarach,431586,6.29,55.8,8.43,3.53,0.309,2.35,1824,True,ok
0299552AR,Melia azedarach,431586,7.12,72.2,9.59,3.23,0.292,2.46,2903,True,ok
0299553AR,Melia azedarach,431586,8.02,98.5,11.2,3.44,0.347,2.12,2967,True,ok
0299554AR,Melia azedarach,431586,7.24,96.2,11.07,3.48,0.291,2.47,1998,True,ok
0299555AR,Melia azedarach,431586,7.66,72.5,9.61,3.44,0.207,3.15,1281,True,ok
0304478AR,Platanus × acerifolia,431586,13.34,45.0,7.57,5.9,0.225,2.99,1068,True,ok
0304479AR,Grevillea robusta,431586,,0.0,0.0,,,,0,True,no_crown_detected
0304480AR,Styphnolobium japonicum,431586,11.14,10.2,3.61,7.1,0.012,7.82,166,True,ok
0304481AR,Robinia pseudoacacia,431586,8.41,6.8,2.93,5.37,0.25,2.77,76,True,ok
0304482AR,Robinia pseudoacacia,431586,45.0,54.8,8.35,4.99,0.187,3.35,897,True,ok
0304483AR,Prunus cerasifera,431586,5.0,15.2,4.41,2.77,0.399,1.84,163,True,ok
0304495AR,Ligustrum lucidum,431586,5.35,11.5,3.83,3.64,0.444,1.62,334,True,ok
0304496AR,Ligustrum lucidum,431586,4.64,7.2,3.04,3.4,0.4,1.83,213,True,ok
0304497AR,Ligustrum lucidum,431586,6.56,22.5,5.35,3.88,0.339,2.17,729,True,ok
0304498AR,Ligustrum lucidum,431586,6.61,21.0,5.17,3.59,0.411,1.78,664,True,ok
0304499AR,Ligustrum lucidum,431586,6.42,22.5,5.35,3.18,0.344,2.13,372,True,ok
0304500AR,Ligustrum lucidum,431586,6.18,21.0,5.17,3.15,0.405,1.81,383,True,ok
0304501AR,Ligustrum lucidum,431586,6.12,22.5,5.35,3.44,0.238,2.87,344,True,ok
0304502AR,Ligustrum lucidum,431586,6.79,28.0,5.97,3.24,0.274,2.59,478,True,ok
0304503AR,Ligustrum lucidum,431586,5.77,18.5,4.85,3.63,0.213,3.09,211,True,ok
0304504AR,Ligustrum lucidum,431586,5.22,12.8,4.03,3.97,0.263,2.67,118,True,ok
0304505AR,Ligustrum lucidum,431586,18.53,13.5,4.15,4.66,0.013,7.82,302,True,ok
0304506AR,Ligustrum lucidum,431586,26.5,8.8,3.34,4.42,0.097,4.66,236,True,ok
0304507AR,Ligustrum lucidum,431586,26.44,15.5,4.44,3.6,0.196,3.26,291,True,ok
0304508AR,Ligustrum lucidum,431586,26.3,13.8,4.18,4.02,0.236,2.89,250,True,ok
0304509AR,Ligustrum lucidum,431586,5.05,7.2,3.04,3.36,0.434,1.67,76,True,ok
0304510AR,Ligustrum lucidum,431586,17.12,11.2,3.78,3.89,0.292,2.46,154,True,ok
0304511AR,Ligustrum lucidum,431586,16.85,13.5,4.15,3.96,0.243,2.83,222,True,ok
0304512AR,Ligustrum lucidum,431586,16.04,21.0,5.17,3.94,0.22,3.03,350,True,ok
0304513AR,Ligustrum lucidum,431586,16.91,26.2,5.78,4.77,0.242,2.84,908,True,ok
0304514AR,Ligustrum lucidum,431586,5.24,10.0,3.57,3.41,0.478,1.48,294,True,ok
0304515AR,Ligustrum lucidum,431586,26.06,45.5,7.61,5.46,0.181,3.42,2261,True,ok
0304516AR,Ligustrum lucidum,431586,5.64,7.2,3.04,3.63,0.458,1.56,227,True,ok
0304542AR,Brachychiton populneus,431586,8.6,17.0,4.65,2.68,0.401,1.83,595,True,ok
0304543AR,Brachychiton populneus,431586,9.49,14.8,4.33,3.16,0.333,2.2,756,True,ok
0304544AR,Brachychiton populneus,431586,9.87,9.2,3.43,2.91,0.341,2.15,370,True,ok
0304545AR,Brachychiton populneus,431586,9.35,10.2,3.61,3.7,0.268,2.63,502,True,ok
0304546AR,Brachychiton populneus,431586,8.41,13.2,4.11,3.24,0.211,3.11,161,True,ok
0304547AR,Brachychiton populneus,431586,10.77,14.5,4.3,4.42,0.227,2.97,278,True,ok
0304548AR,Brachychiton populneus,431586,9.29,23.2,5.44,3.3,0.146,3.84,294,True,ok
0304549AR,Brachychiton populneus,431586,12.26,25.8,5.73,4.02,0.219,3.04,508,True,ok
0304550AR,Brachychiton populneus,431586,8.86,11.8,3.87,1.8,0.126,4.15,167,True,ok
0304551AR,Brachychiton populneus,431586,13.2,16.5,4.58,3.95,0.239,2.86,335,True,ok
0304552AR,Brachychiton populneus,431586,6.69,15.5,4.44,3.74,0.315,2.31,184,True,ok
0304553AR,Brachychiton populneus,431586,19.99,20.2,5.08,4.2,0.123,4.2,334,True,ok
0304554AR,Brachychiton populneus,431586,,0.0,0.0,,,,0,True,no_crown_detected
0304995AR,Koelreuteria paniculata,431586,12.38,2.5,1.78,7.63,0.174,3.5,69,True,ok
0307610AR,Pyrus calleryana,431586,6.4,4.8,2.46,2.52,0.37,1.99,145,False,tile_edge
0307611AR,Pyrus calleryana,431586,6.38,7.5,3.09,2.89,0.37,1.99,241,False,tile_edge
0307612AR,Pyrus calleryana,431586,5.9,6.0,2.76,3.11,0.265,2.66,139,False,tile_edge
0307613AR,Pyrus calleryana,431586,7.37,8.2,3.24,3.0,0.236,2.89,213,False,tile_edge
0307614AR,Pyrus calleryana,431586,6.7,9.5,3.48,3.31,0.357,2.06,201,False,tile_edge
0307615AR,Pyrus calleryana,431586,7.25,8.8,3.34,3.33,0.19,3.32,170,False,tile_edge
0307616AR,Pyrus calleryana,431586,14.03,12.2,3.95,3.31,0.307,2.36,319,False,tile_edge
0307617AR,Pyrus calleryana,431586,6.74,6.2,2.82,3.1,0.336,2.18,151,False,tile_edge
0307618AR,Pyrus calleryana,431586,6.49,6.0,2.76,1.79,0.228,2.96,142,False,tile_edge
0307619AR,Pyrus calleryana,431586,6.6,8.2,3.24,3.17,0.291,2.47,181,False,tile_edge
0307620AR,Pyrus calleryana,431586,5.64,7.8,3.14,3.24,0.365,2.02,159,False,tile_edge
0307621AR,Pyrus calleryana,431586,5.51,4.2,2.33,2.95,0.298,2.42,105,False,tile_edge
0307972AR,Melia azedarach,431586,19.91,30.2,6.21,7.23,0.136,3.99,611,True,ok
0308468AR,Ulmus pumila,431586,14.44,136.5,13.18,4.25,0.165,3.6,5161,True,ok
0308500AR,Celtis australis,431586,8.96,101.8,11.38,3.91,0.246,2.8,4462,True,ok
0309242AR,Ulmus pumila,431586,9.87,37.5,6.91,4.44,0.233,2.91,906,True,ok
0311431AR,Jacaranda mimosifolia,431586,9.09,37.5,6.91,4.01,0.171,3.53,689,True,ok
0311507AR,Grevillea robusta,431586,,0.0,0.0,,,,0,True,no_crown_detected
0312503AR,Casuarina cunninghamiana,431586,11.32,21.8,5.26,3.94,0.245,2.82,942,True,ok
0312504AR,Casuarina cunninghamiana,431586,7.93,5.8,2.71,3.79,0.069,5.36,243,True,ok
0312505AR,Casuarina cunninghamiana,431586,8.64,18.0,4.79,3.64,0.103,4.55,669,True,ok
0313423AR,Ulmus pumila,431586,15.31,38.8,7.02,4.04,0.279,2.55,1775,True,ok
0316809AR,Jacaranda mimosifolia,431586,4.47,4.0,2.26,3.12,0.523,1.3,161,True,ok
0316810AR,Jacaranda mimosifolia,431586,5.03,11.5,3.83,2.9,0.424,1.72,471,True,ok
0316811AR,Jacaranda mimosifolia,431586,5.69,14.5,4.3,2.91,0.42,1.73,597,True,ok
0316812AR,Jacaranda mimosifolia,431586,4.27,7.8,3.14,2.92,0.449,1.6,264,True,ok
0316813AR,Jacaranda mimosifolia,431586,5.62,14.2,4.26,2.86,0.397,1.85,565,True,ok
0316814AR,Jacaranda mimosifolia,431586,5.92,11.2,3.78,2.73,0.363,2.03,510,True,ok
0316815AR,Jacaranda mimosifolia,431586,5.44,11.2,3.78,2.92,0.391,1.88,527,True,ok
0316816AR,Jacaranda mimosifolia,431586,6.13,8.5,3.29,2.77,0.413,1.77,383,True,ok
0316817AR,Jacaranda mimosifolia,431586,5.43,12.5,3.99,2.62,0.369,1.99,567,True,ok
0316818AR,Jacaranda mimosifolia,431586,,0.0,0.0,,,,0,True,no_crown_detected
0316819AR,Jacaranda mimosifolia,431586,3.99,7.8,3.14,2.58,0.513,1.34,281,True,ok
0316820AR,Jacaranda mimosifolia,431586,4.89,7.8,3.14,2.71,0.452,1.59,199,True,ok
0316821AR,Jacaranda mimosifolia,431586,5.53,15.5,4.44,2.29,0.248,2.79,406,True,ok
0316822AR,Jacaranda mimosifolia,431586,5.51,14.0,4.22,3.36,0.299,2.41,485,True,ok
0316823AR,Jacaranda mimosifolia,431586,4.88,8.2,3.24,1.89,0.343,2.14,359,True,ok
0316824AR,Jacaranda mimosifolia,431586,6.51,18.2,4.82,2.6,0.45,1.6,784,True,ok
0316825AR,Jacaranda mimosifolia,431586,6.31,13.5,4.15,3.15,0.204,3.18,574,True,ok
0316826AR,Jacaranda mimosifolia,431586,4.91,9.2,3.43,2.81,0.36,2.04,365,True,ok
0316828AR,Jacaranda mimosifolia,431586,5.13,10.5,3.66,3.0,0.205,3.17,281,True,ok
0316829AR,Jacaranda mimosifolia,431586,6.64,18.2,4.82,3.61,0.377,1.95,565,True,ok
0317073AR,Jacaranda mimosifolia,431586,7.39,10.8,3.7,3.65,0.402,1.82,447,True,ok
0317074AR,Jacaranda mimosifolia,431586,,0.0,0.0,,,,0,True,no_crown_detected
0317075AR,Cormus domestica,431586,7.21,6.0,2.76,4.03,0.419,1.74,226,True,ok
0317078AR,Cormus domestica,431586,5.86,5.5,2.65,4.25,0.444,1.62,105,True,ok
0317079AR,Cormus domestica,431586,7.61,5.0,2.52,4.48,0.464,1.53,157,True,ok
0317083AR,Cormus domestica,431586,7.37,4.2,2.33,5.14,0.448,1.61,97,True,ok
0317084AR,Cormus domestica,431586,7.71,5.0,2.52,3.77,0.425,1.71,178,True,ok
0317086AR,Jacaranda mimosifolia,431586,7.27,10.5,3.66,4.25,0.397,1.85,404,True,ok
0317087AR,Jacaranda mimosifolia,431586,,0.0,0.0,,,,0,True,no_crown_detected
0317088AR,Jacaranda mimosifolia,431586,5.41,9.2,3.43,3.51,0.452,1.59,321,True,ok
0317089AR,Jacaranda mimosifolia,431586,6.25,15.8,4.48,3.44,0.382,1.92,633,True,ok
0317091AR,Cormus domestica,431586,7.17,4.0,2.26,4.14,0.478,1.48,159,True,ok
0317092AR,Cormus domestica,431586,6.64,1.2,1.26,4.1,0.375,1.96,31,True,no_crown_detected
0317093AR,Cormus domestica,431586,6.7,4.2,2.33,3.25,0.424,1.72,155,True,ok
0317094AR,Cormus domestica,431586,6.53,2.8,1.87,4.03,0.465,1.53,69,True,ok
0317095AR,Cormus domestica,431586,8.68,4.0,2.26,4.83,0.226,2.97,142,True,ok
0317097AR,Cormus domestica,431586,15.68,6.0,2.76,4.41,0.153,3.76,225,False,tile_edge
0317098AR,Cormus domestica,431586,7.82,5.5,2.65,5.56,0.29,2.48,192,True,ok
0317099AR,Cormus domestica,431586,7.29,4.2,2.33,4.77,0.283,2.52,141,True,ok
0317100AR,Cormus domestica,431586,7.68,5.5,2.65,4.74,0.344,2.14,174,True,ok
0317101AR,Cormus domestica,431586,7.06,4.2,2.33,4.27,0.25,2.77,139,True,ok
0317102AR,Cormus domestica,431586,8.26,5.8,2.71,5.55,0.449,1.6,192,True,ok
0317103AR,Cormus domestica,431586,7.95,5.2,2.59,4.8,0.316,2.31,197,True,ok
0317104AR,Cormus domestica,431586,7.12,5.0,2.52,4.99,0.4,1.83,168,True,ok
0318575AR,Melia azedarach,431586,5.63,22.2,5.32,2.84,0.304,2.38,537,True,ok
0322069AR,Celtis australis,431586,9.88,0.2,0.56,9.88,0.667,0.81,3,True,no_crown_detected
0329696AR,Acer monspessulanum,431586,,0.0,0.0,,,,0,True,no_crown_detected
0329698AR,Acer monspessulanum,431586,,0.0,0.0,,,,0,True,no_crown_detected
0329708AR,Ligustrum lucidum,431586,,0.0,0.0,,,,0,True,no_crown_detected
0329709AR,Ligustrum lucidum,431586,,0.0,0.0,,,,0,True,no_crown_detected
0329710AR,Ligustrum lucidum,431586,,0.0,0.0,,,,0,True,no_crown_detected
0329711AR,Ligustrum lucidum,431586,,0.0,0.0,,,,0,True,no_crown_detected
0329712AR,Ligustrum lucidum,431586,,0.0,0.0,,,,0,True,no_crown_detected
0329713AR,Ligustrum lucidum,431586,,0.0,0.0,,,,0,True,no_crown_detected
0329714AR,Ligustrum lucidum,431586,,0.0,0.0,,,,0,True,no_crown_detected
0329715AR,Ligustrum lucidum,431586,,0.0,0.0,,,,0,True,no_crown_detected
0329716AR,Fraxinus angustifolia,431586,,0.0,0.0,,,,0,True,no_crown_detected
0329717AR,Ligustrum lucidum,431586,,0.0,0.0,,,,0,True,no_crown_detected
0329718AR,Ligustrum lucidum,431586,15.58,7.2,3.04,11.17,0.103,4.54,300,True,ok
0329719AR,Fraxinus angustifolia,431586,,0.0,0.0,,,,0,True,no_crown_detected
0329720AR,Ligustrum lucidum,431586,,0.0,0.0,,,,0,True,no_crown_detected
0329721AR,Ligustrum lucidum,431586,,0.0,0.0,,,,0,True,no_crown_detected
0329722AR,Ligustrum lucidum,431586,,0.0,0.0,,,,0,True,no_crown_detected
0329723AR,Ligustrum lucidum,431586,,0.0,0.0,,,,0,True,no_crown_detected
0329724AR,Ligustrum lucidum,431586,,0.0,0.0,,,,0,True,no_crown_detected
0329725AR,Ligustrum lucidum,431586,,0.0,0.0,,,,0,True,no_crown_detected
0333193AR,Grevillea robusta,431586,11.03,11.5,3.83,4.96,0.355,2.07,564,True,ok
0335504AR,Platanus × acerifolia,431586,19.17,88.2,10.6,4.62,0.218,3.05,4216,True,ok
0337455AR,Tipuana tipu,431586,9.54,136.5,13.18,4.34,0.281,2.54,3366,True,ok
0338575AR,Brachychiton populneus,431586,5.15,2.5,1.78,3.12,0.407,1.8,31,True,few_points
0339287AR,Grevillea robusta,431586,9.35,13.5,4.15,4.71,0.303,2.39,663,True,ok
0344375AR,Quercus ilex,431586,,0.0,0.0,,,,0,True,no_crown_detected
0344376AR,Quercus ilex,431586,,0.0,0.0,,,,0,True,no_crown_detected
0344377AR,Acer campestre,431586,,0.0,0.0,,,,0,True,no_crown_detected
0344378AR,Acer campestre,431586,,0.0,0.0,,,,0,True,no_crown_detected
0344379AR,Acer campestre,431586,,0.0,0.0,,,,0,True,no_crown_detected
0344380AR,Acer campestre,431586,8.38,35.0,6.68,3.85,0.3,2.41,1353,True,ok
0344381AR,Pyrus calleryana,431586,,0.0,0.0,,,,0,True,no_crown_detected
0344382AR,Pyrus calleryana,431586,,0.0,0.0,,,,0,True,no_crown_detected
0344383AR,Acer campestre,431586,,0.0,0.0,,,,0,True,no_crown_detected
0344384AR,Acer campestre,431586,,0.0,0.0,,,,0,True,no_crown_detected
0344385AR,Acer campestre,431586,,0.0,0.0,,,,0,True,no_crown_detected
0344386AR,Acer campestre,431586,,0.0,0.0,,,,0,True,no_crown_detected
0344387AR,Acer campestre,431586,,0.0,0.0,,,,0,True,no_crown_detected
0344388AR,Acer campestre,431586,,0.0,0.0,,,,0,True,no_crown_detected
0344389AR,Acer campestre,431586,,0.0,0.0,,,,0,True,no_crown_detected
0344390AR,Acer campestre,431586,10.78,88.2,10.6,5.47,0.263,2.67,3255,True,ok
0347384AR,Melia azedarach,431586,,0.0,0.0,,,,0,True,no_crown_detected
0347385AR,Melia azedarach,431586,,0.0,0.0,,,,0,True,no_crown_detected
0347386AR,Melia azedarach,431586,,0.0,0.0,,,,0,True,no_crown_detected
0347387AR,Melia azedarach,431586,,0.0,0.0,,,,0,True,no_crown_detected
0347388AR,Melia azedarach,431586,,0.0,0.0,,,,0,True,no_crown_detected
0347389AR,Melia azedarach,431586,,0.0,0.0,,,,0,True,no_crown_detected
0347390AR,Melia azedarach,431586,,0.0,0.0,,,,0,True,no_crown_detected
0077329AR,Celtis australis,428583,13.95,137.8,13.24,6.7,0.101,4.59,2113,True,ok
0186470AR,Ulmus pumila,428583,7.12,0.2,0.56,5.56,0.0,7.82,5,False,tile_edge
0186471AR,Pyrus calleryana,428583,,0.0,0.0,,,,0,True,no_crown_detected
0186472AR,Pyrus calleryana,428583,7.16,7.5,3.09,4.23,0.34,2.16,97,True,ok
0186474AR,Hibiscus syriacus,428583,7.56,12.2,3.95,3.66,0.404,1.81,250,True,ok
0186476AR,Robinia pseudoacacia,428583,24.63,27.5,5.92,6.21,0.152,3.76,696,True,ok
0186477AR,Tamarix ramosissima,428583,4.08,4.8,2.46,2.52,0.333,2.2,48,True,few_points
0186480AR,Pyrus calleryana,428583,8.86,9.0,3.39,3.3,0.322,2.27,360,True,ok
0186481AR,Ligustrum japonicum,428583,4.95,0.2,0.56,4.78,0.2,3.22,5,True,no_crown_detected
0186484AR,Pyrus calleryana,428583,,0.0,0.0,,,,0,True,no_crown_detected
0186490AR,Robinia pseudoacacia,428583,4.6,8.5,3.29,3.22,0.377,1.95,130,True,ok
0186492AR,Hibiscus syriacus,428583,,0.0,0.0,,,,0,True,no_crown_detected
0186493AR,Ligustrum lucidum,428583,5.4,10.8,3.7,3.85,0.422,1.73,185,True,ok
0186498AR,Magnolia grandiflora,428583,6.85,12.2,3.95,3.45,0.388,1.9,500,True,ok
0186501AR,Ligustrum lucidum,428583,,0.0,0.0,,,,0,True,no_crown_detected
0186502AR,Ligustrum lucidum,428583,,0.0,0.0,,,,0,True,no_crown_detected
0186503AR,Pyrus calleryana,428583,20.5,19.5,4.98,5.84,0.181,3.42,535,True,ok
0186509AR,Tamarix ramosissima,428583,5.63,6.2,2.82,3.33,0.41,1.78,171,True,ok
0186510AR,Robinia pseudoacacia,428583,,0.0,0.0,,,,0,True,no_crown_detected
0186511AR,Ligustrum japonicum,428583,,0.0,0.0,,,,0,False,tile_edge
0186512AR,Pyrus calleryana,428583,,0.0,0.0,,,,0,False,tile_edge
0186514AR,Pyrus calleryana,428583,,0.0,0.0,,,,0,True,no_crown_detected
0186518AR,Ligustrum japonicum,428583,6.38,14.5,4.3,4.04,0.355,2.07,166,True,ok
0186519AR,Pyrus calleryana,428583,,0.0,0.0,,,,0,True,no_crown_detected
0186525AR,Pyrus calleryana,428583,,0.0,0.0,,,,0,True,no_crown_detected
0186526AR,Pyrus calleryana,428583,,0.0,0.0,,,,0,True,no_crown_detected
0186530AR,Magnolia grandiflora,428583,4.94,12.8,4.03,3.56,0.422,1.73,263,True,ok
0186535AR,Pyrus calleryana,428583,,0.0,0.0,,,,0,True,no_crown_detected
0186536AR,Pyrus calleryana,428583,11.71,6.5,2.88,3.58,0.27,2.62,126,True,ok
0186537AR,Hibiscus syriacus,428583,10.57,29.5,6.13,6.7,0.188,3.34,569,True,ok
0186540AR,Pyrus calleryana,428583,8.36,51.8,8.12,2.99,0.176,3.48,911,True,ok
0186545AR,Magnolia grandiflora,428583,17.7,117.0,12.21,4.1,0.154,3.74,3943,True,ok
0186550AR,Parkinsonia aculeata,428583,7.88,16.0,4.51,3.84,0.395,1.86,858,True,ok
0186551AR,Pyrus calleryana,428583,6.43,6.8,2.93,4.26,0.155,3.73,116,True,ok
0186553AR,Parkinsonia aculeata,428583,3.59,3.2,2.03,2.25,0.439,1.65,115,True,ok
0186556AR,Jacaranda mimosifolia,428583,5.75,4.5,2.39,3.42,0.461,1.55,170,True,ok
0186557AR,Robinia pseudoacacia,428583,23.94,49.0,7.9,5.17,0.16,3.66,817,True,ok
0186563AR,Pyrus calleryana,428583,,0.0,0.0,,,,0,True,no_crown_detected
0186565AR,Magnolia grandiflora,428583,,0.0,0.0,,,,0,True,no_crown_detected
0186567AR,Pyrus calleryana,428583,,0.0,0.0,,,,0,True,no_crown_detected
0186569AR,Pyrus calleryana,428583,,0.0,0.0,,,,0,False,tile_edge
0186570AR,Pyrus calleryana,428583,,0.0,0.0,,,,0,True,no_crown_detected
0186571AR,Robinia pseudoacacia,428583,2.05,0.2,0.56,1.93,0.0,7.82,4,True,no_crown_detected
0186572AR,Jacaranda mimosifolia,428583,6.02,13.5,4.15,3.92,0.493,1.42,565,True,ok
0186573AR,Ligustrum japonicum,428583,12.4,17.2,4.69,5.64,0.297,2.43,320,True,ok
0186578AR,Ligustrum japonicum,428583,,0.0,0.0,,,,0,True,no_crown_detected
0186579AR,Magnolia grandiflora,428583,12.95,45.8,7.63,4.25,0.183,3.4,929,True,ok
0186580AR,Magnolia grandiflora,428583,14.47,116.2,12.17,3.51,0.159,3.67,5084,True,ok
0186584AR,Pyrus calleryana,428583,8.89,16.2,4.55,3.75,0.239,2.86,389,True,ok
0186585AR,Prunus cerasifera,428583,23.34,3.8,2.19,6.79,0.0,7.82,185,True,ok
0186586AR,Pyrus calleryana,428583,9.13,112.0,11.94,3.2,0.186,3.36,4055,True,ok
0186589AR,Hibiscus syriacus,428583,8.31,37.2,6.89,4.72,0.24,2.86,809,True,ok
0186591AR,Ligustrum japonicum,428583,22.15,57.0,8.52,3.57,0.117,4.28,1115,True,ok
0186592AR,Ligustrum japonicum,428583,,0.0,0.0,,,,0,True,no_crown_detected
0186593AR,Ligustrum lucidum,428583,,0.0,0.0,,,,0,True,no_crown_detected
0186594AR,Parkinsonia aculeata,428583,7.23,38.0,6.96,2.44,0.152,3.76,1704,True,ok
0186597AR,Platanus × acerifolia,428583,,0.0,0.0,,,,0,True,no_crown_detected
0186598AR,Hibiscus syriacus,428583,3.93,11.0,3.74,2.88,0.355,2.07,172,True,ok
0186600AR,Jacaranda mimosifolia,428583,5.89,15.0,4.37,3.75,0.371,1.98,614,True,ok
0186603AR,Pyrus calleryana,428583,,0.0,0.0,,,,0,True,no_crown_detected
0186604AR,Robinia pseudoacacia,428583,21.56,119.0,12.31,5.2,0.17,3.55,5573,True,ok
0186608AR,Jacaranda mimosifolia,428583,7.46,22.0,5.29,4.53,0.392,1.87,902,True,ok
0186610AR,Hibiscus syriacus,428583,4.96,11.8,3.87,2.92,0.374,1.97,174,True,ok
0186613AR,Ligustrum japonicum,428583,,0.0,0.0,,,,0,True,no_crown_detected
0186615AR,Pyrus calleryana,428583,7.47,41.5,7.27,2.77,0.383,1.92,1883,True,ok
0186621AR,Pyrus calleryana,428583,7.04,15.5,4.44,3.91,0.242,2.84,236,True,ok
0186625AR,Melia azedarach,428583,23.45,73.8,9.69,6.5,0.208,3.14,1289,True,ok
0186628AR,Robinia pseudoacacia,428583,,0.0,0.0,,,,0,True,no_crown_detected
0186629AR,Robinia pseudoacacia,428583,,0.0,0.0,,,,0,True,no_crown_detected
0186630AR,Robinia pseudoacacia,428583,9.25,30.5,6.23,4.56,0.212,3.11,690,True,ok
0186631AR,Ligustrum japonicum,428583,3.14,6.0,2.76,2.48,0.298,2.42,47,True,few_points
0186633AR,Pyrus calleryana,428583,18.31,50.8,8.04,3.86,0.242,2.83,1081,True,ok
0186637AR,Magnolia grandiflora,428583,4.81,8.5,3.29,3.17,0.407,1.8,204,True,ok
0186640AR,Hibiscus syriacus,428583,,0.0,0.0,,,,0,True,no_crown_detected
0186641AR,Pyrus calleryana,428583,7.68,16.2,4.55,4.84,0.249,2.78,181,True,ok
0186642AR,Ligustrum japonicum,428583,4.11,1.2,1.26,3.63,0.3,2.41,43,False,tile_edge
0186643AR,Magnolia grandiflora,428583,5.04,8.8,3.34,2.42,0.317,2.3,269,True,ok
0186645AR,Robinia pseudoacacia,428583,8.2,26.0,5.75,3.88,0.25,2.77,556,True,ok
0186646AR,Ligustrum lucidum,428583,17.02,10.8,3.7,3.1,0.194,3.28,201,True,ok
0186647AR,Ligustrum japonicum,428583,,0.0,0.0,,,,0,True,no_crown_detected
0186652AR,Magnolia grandiflora,428583,20.19,9.5,3.48,3.02,0.366,2.01,500,True,ok
0186656AR,Ligustrum japonicum,428583,16.33,66.0,9.17,5.85,0.07,5.32,2048,False,tile_edge
0186657AR,Hibiscus syriacus,428583,,0.0,0.0,,,,0,True,no_crown_detected
0186658AR,Ligustrum lucidum,428583,,0.0,0.0,,,,0,True,no_crown_detected
0186659AR,Pyrus calleryana,428583,6.09,6.5,2.88,3.42,0.419,1.74,93,True,ok
0186661AR,Hibiscus syriacus,428583,17.99,14.0,4.22,3.66,0.225,2.98,302,True,ok
0186662AR,Pyrus calleryana,428583,,0.0,0.0,,,,0,True,no_crown_detected
0186663AR,Ligustrum japonicum,428583,,0.0,0.0,,,,0,True,no_crown_detected
0186664AR,Ligustrum lucidum,428583,15.62,8.2,3.24,4.73,0.406,1.8,310,True,ok
0186667AR,Ligustrum lucidum,428583,10.92,0.8,0.98,9.76,0.167,3.58,17,False,tile_edge
0186670AR,Pyrus calleryana,428583,19.75,148.0,13.73,4.57,0.285,2.51,7492,True,ok
0186671AR,Ligustrum japonicum,428583,6.63,13.2,4.11,3.23,0.345,2.13,174,True,ok
0186673AR,Pyrus calleryana,428583,,0.0,0.0,,,,0,True,no_crown_detected
0186674AR,Pyrus calleryana,428583,7.13,2.5,1.78,1.99,0.387,1.9,96,True,ok
0186675AR,Pyrus calleryana,428583,,0.0,0.0,,,,0,True,no_crown_detected
0186679AR,Parkinsonia aculeata,428583,6.37,2.8,1.87,2.7,0.186,3.36,96,True,ok
0186680AR,Pyrus calleryana,428583,7.42,11.0,3.74,3.82,0.257,2.72,269,True,ok
0186681AR,Pyrus calleryana,428583,,0.0,0.0,,,,0,True,no_crown_detected
0186683AR,Hibiscus syriacus,428583,,0.0,0.0,,,,0,True,no_crown_detected
0186685AR,Pyrus calleryana,428583,12.22,68.5,9.34,4.69,0.215,3.07,3417,True,ok
0186686AR,Pyrus calleryana,428583,,0.0,0.0,,,,0,True,no_crown_detected
0186688AR,Pyrus calleryana,428583,,0.0,0.0,,,,0,True,no_crown_detected
0186689AR,Magnolia grandiflora,428583,7.04,6.5,2.88,3.91,0.233,2.92,86,True,ok
0186690AR,Magnolia grandiflora,428583,16.79,62.0,8.88,2.36,0.219,3.04,1451,True,ok
0186692AR,Pyrus calleryana,428583,15.16,13.5,4.15,4.5,0.302,2.39,202,True,ok
0186693AR,Magnolia grandiflora,428583,,0.0,0.0,,,,0,True,no_crown_detected
0186695AR,Pyrus calleryana,428583,6.3,7.0,2.99,3.55,0.35,2.1,183,True,ok
0186703AR,Hibiscus syriacus,428583,,0.0,0.0,,,,0,True,no_crown_detected
0186706AR,Pyrus calleryana,428583,,0.0,0.0,,,,0,True,no_crown_detected
0186707AR,Hibiscus syriacus,428583,5.31,11.2,3.78,3.0,0.413,1.77,206,True,ok
0186708AR,Jacaranda mimosifolia,428583,5.48,11.8,3.87,3.85,0.338,2.17,524,True,ok
0186709AR,Populus alba,428583,18.16,56.2,8.46,4.72,0.184,3.38,3397,True,ok
0186712AR,Jacaranda mimosifolia,428583,4.78,6.5,2.88,3.34,0.42,1.74,246,True,ok
0186715AR,Pyrus calleryana,428583,19.93,0.2,0.56,19.93,0.25,2.77,8,True,no_crown_detected
0186716AR,Pyrus calleryana,428583,7.15,10.5,3.66,4.45,0.262,2.68,195,True,ok
0186717AR,Ligustrum lucidum,428583,5.34,7.8,3.14,3.94,0.472,1.5,106,True,ok
0186719AR,Ligustrum japonicum,428583,,0.0,0.0,,,,0,True,no_crown_detected
0186723AR,Pyrus calleryana,428583,,0.0,0.0,,,,0,True,no_crown_detected
0186731AR,Pyrus calleryana,428583,,0.0,0.0,,,,0,True,no_crown_detected
0186732AR,Hibiscus syriacus,428583,13.83,13.0,4.07,3.41,0.31,2.34,391,True,ok
0186735AR,Pyrus calleryana,428583,24.27,2.0,1.6,16.95,0.029,7.08,69,True,ok
0186737AR,Magnolia grandiflora,428583,,0.0,0.0,,,,0,True,no_crown_detected
0186739AR,Hibiscus syriacus,428583,5.42,0.8,0.98,4.11,0.4,1.83,15,True,no_crown_detected
0186740AR,Hibiscus syriacus,428583,32.19,14.0,4.22,3.16,0.147,3.84,300,True,ok
0186741AR,Ligustrum lucidum,428583,,0.0,0.0,,,,0,True,no_crown_detected
0186748AR,Tamarix ramosissima,428583,4.62,2.0,1.6,2.95,0.48,1.47,25,True,few_points
0186751AR,Styphnolobium japonicum,428583,7.06,1.8,1.49,6.22,0.1,4.61,31,True,no_crown_detected
0186752AR,Tamarix ramosissima,428583,20.44,18.5,4.85,3.56,0.155,3.73,756,True,ok
0186756AR,Pyrus calleryana,428583,16.48,15.5,4.44,4.65,0.253,2.75,253,True,ok
0186758AR,Magnolia grandiflora,428583,5.62,7.2,3.04,3.67,0.225,2.98,71,True,ok
0186760AR,Pyrus calleryana,428583,,0.0,0.0,,,,0,True,no_crown_detected
0186761AR,Ligustrum lucidum,428583,15.9,36.0,6.77,4.83,0.212,3.1,651,True,ok
0186764AR,Robinia pseudoacacia,428583,3.22,1.2,1.26,2.48,0.375,1.96,24,True,no_crown_detected
0186769AR,Populus alba,428583,17.44,71.0,9.51,4.89,0.199,3.23,4513,True,ok
0186774AR,Pyrus calleryana,428583,20.22,8.0,3.19,3.05,0.32,2.28,178,True,ok
0186781AR,Magnolia grandiflora,428583,20.64,11.5,3.83,3.73,0.196,3.26,795,True,ok
0186783AR,Pyrus calleryana,428583,7.36,9.8,3.52,3.59,0.192,3.3,130,True,ok
0186787AR,Ligustrum japonicum,428583,18.91,16.8,4.62,5.06,0.365,2.01,334,True,ok
0186788AR,Robinia pseudoacacia,428583,7.12,1.2,1.26,5.04,0.0,7.82,12,True,no_crown_detected
0186796AR,Robinia pseudoacacia,428583,15.45,115.5,12.13,3.91,0.07,5.31,2565,True,ok
0186797AR,Ligustrum lucidum,428583,6.07,13.8,4.18,4.47,0.434,1.67,265,True,ok
0186801AR,Pyrus calleryana,428583,2.86,0.2,0.56,2.73,0.6,1.02,5,True,no_crown_detected
0186803AR,Magnolia grandiflora,428583,,0.0,0.0,,,,0,True,no_crown_detected
0186806AR,Magnolia grandiflora,428583,6.76,13.2,4.11,3.61,0.377,1.95,575,True,ok
0186809AR,Pyrus calleryana,428583,6.98,12.0,3.91,4.26,0.286,2.5,203,True,ok
0186810AR,Ligustrum japonicum,428583,,0.0,0.0,,,,0,True,no_crown_detected
0186814AR,Pyrus calleryana,428583,24.47,15.5,4.44,4.62,0.207,3.15,246,True,ok
0186817AR,Hibiscus syriacus,428583,5.09,10.2,3.61,3.77,0.312,2.33,138,True,ok
0186821AR,Pyrus calleryana,428583,25.38,24.5,5.59,4.92,0.134,4.03,539,True,ok
0186822AR,Pyrus calleryana,428583,8.23,9.2,3.43,4.58,0.22,3.03,168,True,ok
0186823AR,Magnolia grandiflora,428583,18.89,16.8,4.62,4.05,0.117,4.3,197,True,ok
0186824AR,Parkinsonia aculeata,428583,9.47,43.0,7.4,4.24,0.274,2.59,1818,True,ok
0186826AR,Pyrus calleryana,428583,,0.0,0.0,,,,0,True,no_crown_detected
0186828AR,Hibiscus syriacus,428583,4.14,6.0,2.76,3.24,0.515,1.33,194,True,ok
0186830AR,Ligustrum japonicum,428583,7.06,3.5,2.11,3.28,0.228,2.96,57,True,ok
0186836AR,Pyrus calleryana,428583,16.65,13.0,4.07,3.66,0.228,2.96,296,True,ok
0186837AR,Pyrus calleryana,428583,8.33,3.2,2.03,4.47,0.372,1.98,118,True,ok
0186838AR,Pyrus calleryana,428583,,0.0,0.0,,,,0,False,tile_edge
0186839AR,Ligustrum japonicum,428583,2.76,3.5,2.11,2.16,0.378,1.94,37,True,few_points
0186842AR,Pyrus calleryana,428583,6.93,0.2,0.56,6.93,0.667,0.81,3,True,no_crown_detected
0186843AR,Magnolia grandiflora,428583,,0.0,0.0,,,,0,True,no_crown_detected
0186844AR,Ligustrum japonicum,428583,17.71,11.5,3.83,5.12,0.134,4.02,404,True,ok
0186845AR,Robinia pseudoacacia,428583,8.74,15.5,4.44,5.16,0.252,2.75,309,True,ok
0186846AR,Populus alba,428583,9.49,30.2,6.21,3.57,0.297,2.43,1744,True,ok
0186847AR,Ligustrum lucidum,428583,,0.0,0.0,,,,0,True,no_crown_detected
0186848AR,Ligustrum japonicum,428583,,0.0,0.0,,,,0,True,no_crown_detected
0186851AR,Parkinsonia aculeata,428583,9.71,67.0,9.24,4.4,0.322,2.27,3005,True,ok
0186856AR,Ligustrum lucidum,428583,23.93,25.0,5.64,4.28,0.175,3.48,2097,False,tile_edge
0186857AR,Pyrus calleryana,428583,22.46,6.5,2.88,3.74,0.181,3.42,105,True,ok
0186859AR,Magnolia grandiflora,428583,19.58,19.8,5.01,3.71,0.236,2.89,1037,True,ok
0186862AR,Ligustrum lucidum,428583,,0.0,0.0,,,,0,True,no_crown_detected
0186865AR,Parkinsonia aculeata,428583,8.91,111.8,11.93,3.85,0.371,1.98,5924,True,ok
0186868AR,Ligustrum japonicum,428583,3.05,3.8,2.19,2.36,0.45,1.6,40,True,few_points
0186908AR,Cupressus sempervirens,428583,,0.0,0.0,,,,0,True,no_crown_detected
0187153AR,Cupressus sempervirens,428583,,0.0,0.0,,,,0,True,no_crown_detected
0187630AR,Feijoa sellowiana,428583,5.45,16.8,4.62,2.07,0.228,2.96,492,True,ok
0188199AR,Morus alba,428583,5.39,7.2,3.04,4.05,0.421,1.73,190,True,ok
0188205AR,Ligustrum lucidum,428583,22.53,26.2,5.78,3.83,0.169,3.56,581,True,ok
0188209AR,Magnolia grandiflora,428583,20.59,13.8,4.18,4.63,0.181,3.42,232,True,ok
0188210AR,Celtis australis,428583,10.0,86.2,10.48,3.64,0.281,2.54,3378,False,tile_edge
0188214AR,Platanus × acerifolia,428583,13.25,73.8,9.69,6.51,0.22,3.03,2965,True,ok
0188215AR,Styphnolobium japonicum,428583,5.42,0.2,0.56,5.42,0.0,7.82,1,True,no_crown_detected
0188219AR,Catalpa bignonioides,428583,9.49,53.0,8.21,4.02,0.276,2.57,1640,True,ok
0188226AR,Platanus × acerifolia,428583,18.29,112.2,11.95,5.71,0.073,5.24,2671,True,ok
0188227AR,Catalpa bignonioides,428583,12.2,53.0,8.21,6.37,0.244,2.82,1965,True,ok
0188228AR,Prunus cerasifera,428583,6.18,10.5,3.66,4.27,0.295,2.44,188,True,ok
0188233AR,Morus alba,428583,5.64,8.5,3.29,3.59,0.406,1.8,279,True,ok
0188234AR,Ligustrum lucidum,428583,5.73,10.0,3.57,4.0,0.421,1.73,297,True,ok
0188235AR,Styphnolobium japonicum,428583,8.62,3.0,1.95,3.32,0.467,1.52,155,True,ok
0188237AR,Ligustrum lucidum,428583,6.65,12.5,3.99,2.32,0.301,2.4,392,True,ok
0188241AR,Ligustrum japonicum,428583,,0.0,0.0,,,,0,True,no_crown_detected
0188244AR,Morus alba,428583,4.57,7.2,3.04,3.08,0.467,1.52,253,True,ok
0188245AR,Melia azedarach,428583,14.44,123.5,12.54,4.57,0.146,3.85,2738,True,ok
0188248AR,Prunus cerasifera,428583,5.99,10.0,3.57,3.8,0.28,2.55,346,False,tile_edge
0188256AR,Melia azedarach,428583,20.3,109.0,11.78,6.21,0.207,3.15,2148,True,ok
0188258AR,Styphnolobium japonicum,428583,25.27,38.8,7.02,5.04,0.105,4.52,775,True,ok
0188259AR,Ligustrum lucidum,428583,4.87,7.0,2.99,2.97,0.411,1.78,151,True,ok
0188260AR,Koelreuteria paniculata,428583,,0.0,0.0,,,,0,True,no_crown_detected
0188262AR,Brachychiton populneus,428583,17.39,8.5,3.29,4.6,0.253,2.75,174,True,ok
0188264AR,Styphnolobium japonicum,428583,22.27,69.0,9.37,7.72,0.097,4.67,2728,True,ok
0188265AR,Brachychiton populneus,428583,18.5,34.5,6.63,6.69,0.16,3.67,2143,True,ok
0188267AR,Platanus × acerifolia,428583,17.24,125.2,12.63,7.53,0.085,4.93,5276,True,ok
0188270AR,Pinus halepensis,428583,14.62,80.8,10.14,3.42,0.256,2.73,2759,True,ok
0188271AR,Olea europaea,428583,3.99,4.0,2.26,2.45,0.512,1.34,82,True,ok
0188272AR,Platanus × acerifolia,428583,26.21,55.8,8.43,10.13,0.008,7.82,1198,True,ok
0188275AR,Cupressus sempervirens,428583,10.27,0.8,0.98,9.76,0.0,7.82,16,True,no_crown_detected
0188278AR,Ginkgo biloba,428583,7.33,16.2,4.55,3.65,0.29,2.48,611,True,ok
0188279AR,Platanus × acerifolia,428583,20.62,161.8,14.35,10.12,0.068,5.39,3872,True,ok
0188285AR,Pyrus calleryana,428583,,0.0,0.0,,,,0,True,no_crown_detected
0188286AR,Hibiscus syriacus,428583,4.19,6.0,2.76,2.87,0.351,2.09,74,True,ok
0188287AR,Ginkgo biloba,428583,7.08,5.5,2.65,3.64,0.423,1.72,209,True,ok
0188288AR,Ligustrum lucidum,428583,5.96,19.5,4.98,3.25,0.218,3.05,188,True,ok
0188290AR,Citrus × aurantium,428583,,0.0,0.0,,,,0,True,no_crown_detected
0188291AR,Acer buergerianum,428583,9.9,10.8,3.7,2.86,0.31,2.34,310,True,ok
0188293AR,Robinia pseudoacacia,428583,10.22,34.0,6.58,5.27,0.246,2.81,827,False,tile_edge
0188294AR,Styphnolobium japonicum,428583,12.02,57.0,8.52,7.99,0.179,3.44,922,True,ok
0188304AR,Platanus × acerifolia,428583,13.96,113.2,12.01,7.55,0.166,3.59,2269,True,ok
0188312AR,Platanus × acerifolia,428583,16.58,203.2,16.09,3.78,0.107,4.47,8493,True,ok
0188315AR,Platanus × acerifolia,428583,25.49,0.2,0.56,25.49,0.105,4.5,36,True,no_crown_detected
0188319AR,Ligustrum lucidum,428583,26.04,27.5,5.92,4.15,0.312,2.33,333,True,ok
0188321AR,Ligustrum lucidum,428583,,0.0,0.0,,,,0,True,no_crown_detected
0188324AR,Celtis australis,428583,9.55,40.5,7.18,4.73,0.153,3.75,1495,True,ok
0188326AR,Platanus × acerifolia,428583,19.38,3.0,1.95,4.75,0.07,5.31,122,True,ok
0188328AR,Acer monspessulanum,428583,23.51,15.0,4.37,3.57,0.225,2.98,712,True,ok
0188330AR,Ligustrum lucidum,428583,3.66,2.5,1.78,2.66,0.471,1.51,54,True,ok
0188331AR,Styphnolobium japonicum,428583,4.83,7.0,2.99,2.14,0.476,1.49,373,True,ok
0188333AR,Ligustrum lucidum,428583,3.66,0.5,0.8,2.82,0.333,2.2,6,True,no_crown_detected
0188335AR,Nerium oleander,428583,,0.0,0.0,,,,0,True,no_crown_detected
0188339AR,Ligustrum lucidum,428583,25.79,23.5,5.47,1.86,0.263,2.67,702,True,ok
0188342AR,Styphnolobium japonicum,428583,25.44,12.8,4.03,5.73,0.101,4.59,198,True,ok
0188344AR,Platanus × acerifolia,428583,7.37,1.2,1.26,6.39,0.083,4.97,15,True,no_crown_detected
0188345AR,Ligustrum lucidum,428583,4.13,0.2,0.56,4.13,0.8,0.45,5,True,no_crown_detected
0188346AR,Nerium oleander,428583,3.58,1.2,1.26,3.36,0.458,1.56,24,True,no_crown_detected
0188351AR,Robinia pseudoacacia,428583,12.57,50.2,8.0,4.59,0.091,4.78,1290,True,ok
0188356AR,Styphnolobium japonicum,428583,14.75,3.0,1.95,7.74,0.154,3.74,39,True,few_points
0188357AR,Platanus × acerifolia,428583,21.8,17.8,4.75,7.71,0.1,4.6,1130,True,ok
0188363AR,Tipuana tipu,428583,28.53,37.2,6.89,3.99,0.314,2.32,691,True,ok
0188364AR,Styphnolobium japonicum,428583,24.52,26.5,5.81,5.14,0.113,4.35,423,True,ok
0188365AR,Ligustrum lucidum,428583,4.03,9.8,3.52,2.75,0.43,1.69,207,True,ok
0188366AR,Pyrus calleryana,428583,11.89,12.0,3.91,4.35,0.301,2.4,193,True,ok
0188368AR,Catalpa bignonioides,428583,23.94,97.8,11.16,6.9,0.244,2.82,3278,True,ok
0188369AR,Ligustrum lucidum,428583,7.5,33.5,6.53,4.35,0.205,3.17,711,True,ok
0188370AR,Ulmus pumila,428583,10.93,66.0,9.17,5.46,0.218,3.04,1461,True,ok
0188378AR,Tipuana tipu,428583,12.4,2.2,1.69,8.68,0.114,4.34,35,True,few_points
0188383AR,Platanus × acerifolia,428583,19.93,1.2,1.26,10.73,0.3,2.41,62,True,no_crown_detected
0188387AR,Acer buergerianum,428583,9.26,0.2,0.56,9.26,0.0,7.82,8,True,no_crown_detected
0188389AR,Platanus × acerifolia,428583,14.22,112.0,11.94,7.81,0.181,3.42,1849,True,ok
0188390AR,Styphnolobium japonicum,428583,6.34,1.0,1.13,3.2,0.348,2.11,23,True,no_crown_detected
0188391AR,Platanus × acerifolia,428583,26.2,6.8,2.93,7.5,0.028,7.18,493,True,ok
0188392AR,Cupressus sempervirens,428583,10.49,5.5,2.65,1.79,0.2,3.22,100,True,ok
0188395AR,Styphnolobium japonicum,428583,14.3,74.0,9.71,7.27,0.176,3.47,1287,True,ok
0188396AR,Styphnolobium japonicum,428583,7.89,1.0,1.13,6.96,0.636,0.9,24,True,no_crown_detected
0188397AR,Styphnolobium japonicum,428583,29.18,63.8,9.01,6.75,0.107,4.47,1586,True,ok
0188400AR,Ligustrum lucidum,428583,5.13,9.2,3.43,3.54,0.435,1.67,280,True,ok
0188402AR,Styphnolobium japonicum,428583,12.75,4.8,2.46,9.82,0.0,7.82,46,True,few_points
0188404AR,Ligustrum lucidum,428583,5.12,11.0,3.74,3.61,0.337,2.18,336,True,ok
0188406AR,Magnolia grandiflora,428583,19.65,14.0,4.22,4.01,0.239,2.86,567,False,tile_edge
0188407AR,Pyrus calleryana,428583,7.67,6.2,2.82,1.55,0.097,4.66,105,True,ok
0188411AR,Brachychiton populneus,428583,16.52,25.2,5.67,8.92,0.222,3.01,1106,True,ok
0188412AR,Prunus cerasifera,428583,17.52,12.0,3.91,3.46,0.138,3.96,210,True,ok
0188419AR,Ligustrum lucidum,428583,9.91,32.2,6.41,6.64,0.176,3.47,499,True,ok
0188420AR,Hibiscus syriacus,428583,,0.0,0.0,,,,0,True,no_crown_detected
0188422AR,Ginkgo biloba,428583,27.1,20.2,5.08,3.72,0.199,3.23,357,True,ok
0188423AR,Casuarina cunninghamiana,428583,4.35,3.8,2.19,2.35,0.457,1.56,153,True,ok
0188425AR,Ligustrum lucidum,428583,7.04,11.5,3.83,4.53,0.426,1.7,136,True,ok
0188426AR,Pyrus calleryana,428583,,0.0,0.0,,,,0,True,no_crown_detected
0188428AR,Jacaranda mimosifolia,428583,7.45,10.8,3.7,3.27,0.323,2.26,226,True,ok
0188429AR,Styphnolobium japonicum,428583,8.84,7.8,3.14,4.31,0.13,4.08,242,True,ok
0188430AR,Styphnolobium japonicum,428583,7.84,0.2,0.56,7.78,0.333,2.2,4,True,no_crown_detected
0188435AR,Pyrus calleryana,428583,7.41,11.2,3.78,3.41,0.245,2.81,143,True,ok
0188436AR,Robinia pseudoacacia,428583,8.74,1.2,1.26,8.49,0.263,2.67,19,False,tile_edge
0188439AR,Ligustrum lucidum,428583,8.93,28.8,6.05,5.73,0.328,2.23,868,True,ok
0188446AR,Platanus × acerifolia,428583,11.98,1.5,1.38,7.87,0.118,4.28,19,True,no_crown_detected
0188447AR,Robinia pseudoacacia,428583,,0.0,0.0,,,,0,True,no_crown_detected
0188456AR,Koelreuteria paniculata,428583,4.68,6.8,2.93,3.12,0.342,2.15,79,True,ok
0188458AR,Platanus × acerifolia,428583,12.67,45.2,7.59,7.33,0.239,2.87,746,True,ok
0188464AR,Ligustrum lucidum,428583,4.5,2.2,1.69,3.41,0.449,1.6,64,True,ok
0188468AR,Ligustrum lucidum,428583,,0.0,0.0,,,,0,True,no_crown_detected
0188469AR,Ligustrum lucidum,428583,8.56,18.2,4.82,6.04,0.242,2.84,298,True,ok
0188472AR,Platanus × acerifolia,428583,11.3,34.2,6.6,6.82,0.264,2.66,765,True,ok
0188477AR,Styphnolobium japonicum,428583,23.93,71.2,9.52,6.64,0.132,4.05,1285,True,ok
0188480AR,Platanus × acerifolia,428583,13.09,1.0,1.13,12.06,0.0,7.82,15,True,no_crown_detected
0188483AR,Morus alba,428583,6.85,9.2,3.43,3.18,0.41,1.78,351,True,ok
0188484AR,Ligustrum lucidum,428583,28.35,62.8,8.94,4.87,0.184,3.38,3242,True,ok
0188485AR,Melia azedarach,428583,6.23,2.0,1.6,4.29,0.19,3.32,42,True,few_points
0188487AR,Magnolia grandiflora,428583,21.46,24.5,5.59,4.14,0.125,4.15,1091,True,ok
0188498AR,Ligustrum lucidum,428583,,0.0,0.0,,,,0,True,no_crown_detected
0188499AR,Ligustrum lucidum,428583,4.6,5.0,2.52,3.4,0.419,1.74,86,True,ok
0188500AR,Ginkgo biloba,428583,,0.0,0.0,,,,0,True,no_crown_detected
0188501AR,Acer buergerianum,428583,19.14,23.5,5.47,4.01,0.269,2.63,750,True,ok
0188502AR,Styphnolobium japonicum,428583,4.03,16.8,4.62,2.7,0.271,2.61,177,True,ok
0188504AR,Robinia pseudoacacia,428583,6.92,34.8,6.65,3.59,0.301,2.4,870,True,ok
0188506AR,Ligustrum lucidum,428583,,0.0,0.0,,,,0,True,no_crown_detected
0188507AR,Robinia pseudoacacia,428583,7.56,27.8,5.94,4.1,0.391,1.88,672,True,ok
0188509AR,Platanus × acerifolia,428583,,0.0,0.0,,,,0,True,no_crown_detected
0188510AR,Ligustrum lucidum,428583,4.85,7.8,3.14,3.09,0.4,1.83,228,True,ok
0188512AR,Ligustrum lucidum,428583,6.77,15.2,4.41,4.29,0.366,2.01,435,True,ok
0188513AR,Pinus pinea,428583,,0.0,0.0,,,,0,True,no_crown_detected
0188514AR,Koelreuteria paniculata,428583,4.68,13.0,4.07,2.91,0.447,1.61,486,True,ok
0188521AR,Ligustrum lucidum,428583,6.98,16.2,4.55,4.58,0.407,1.8,476,True,ok
0188526AR,Celtis australis,428583,6.68,9.0,3.39,3.88,0.357,2.06,353,True,ok
0188528AR,Magnolia grandiflora,428583,21.12,19.0,4.92,3.8,0.201,3.21,817,True,ok
0188531AR,Platanus × acerifolia,428583,17.13,56.0,8.44,7.97,0.14,3.93,1056,True,ok
0188541AR,Melia azedarach,428583,23.64,34.2,6.6,5.45,0.101,4.59,626,True,ok
0188543AR,Pyrus calleryana,428583,10.11,23.2,5.44,4.65,0.366,2.01,1159,True,ok
0188544AR,Platanus × acerifolia,428583,14.35,3.8,2.19,8.34,0.301,2.4,163,True,ok
0188545AR,Ginkgo biloba,428583,,0.0,0.0,,,,0,True,no_crown_detected
0188549AR,Robinia pseudoacacia,428583,10.15,42.2,7.33,5.38,0.195,3.27,871,True,ok
0188550AR,Morus alba,428583,5.55,21.0,5.17,2.11,0.359,2.05,551,True,ok
0188552AR,Platanus × acerifolia,428583,24.97,10.8,3.7,8.27,0.0,7.82,336,True,ok
0188553AR,Platanus × acerifolia,428583,27.9,22.0,5.29,7.77,0.205,3.17,468,True,ok
0188556AR,Morus alba,428583,3.04,2.0,1.6,2.69,0.5,1.39,89,True,ok
0188559AR,Styphnolobium japonicum,428583,14.08,46.8,7.72,5.08,0.176,3.48,1626,True,ok
0188560AR,Melia azedarach,428583,14.11,0.5,0.8,12.95,0.0,7.82,4,True,no_crown_detected
0188565AR,Jacaranda mimosifolia,428583,5.65,1.0,1.13,4.41,0.368,2.0,19,True,no_crown_detected
0188571AR,Ligustrum lucidum,428583,5.74,5.5,2.65,3.44,0.342,2.14,205,True,ok
0188578AR,Olea europaea,428583,8.32,45.8,7.63,4.66,0.256,2.73,814,True,ok
0188581AR,Styphnolobium japonicum,428583,4.83,22.2,5.32,2.66,0.322,2.27,786,True,ok
0188583AR,Styphnolobium japonicum,428583,11.55,5.2,2.59,6.94,0.145,3.86,69,True,ok
0188590AR,Styphnolobium japonicum,428583,21.81,93.8,10.93,5.65,0.272,2.6,4558,True,ok
0188593AR,Styphnolobium japonicum,428583,27.56,15.5,4.44,6.98,0.119,4.25,713,True,ok
0188594AR,Platanus × acerifolia,428583,10.87,0.5,0.8,9.33,0.2,3.22,5,True,no_crown_detected
0188598AR,Pinus pinea,428583,7.16,10.0,3.57,3.39,0.14,3.93,202,True,ok
0188599AR,Ligustrum lucidum,428583,,0.0,0.0,,,,0,True,no_crown_detected
0188601AR,Ligustrum lucidum,428583,,0.0,0.0,,,,0,True,no_crown_detected
0188606AR,Ligustrum lucidum,428583,4.72,8.8,3.34,1.58,0.29,2.48,176,True,ok
0188610AR,Styphnolobium japonicum,428583,10.02,31.0,6.28,4.75,0.115,4.32,459,True,ok
0188612AR,Citrus × aurantium,428583,,0.0,0.0,,,,0,False,tile_edge
0188613AR,Koelreuteria paniculata,428583,6.9,11.5,3.83,4.89,0.221,3.02,361,True,ok
0188614AR,Platanus × acerifolia,428583,17.08,119.2,12.32,8.39,0.059,5.65,2515,True,ok
0188619AR,Platanus × acerifolia,428583,14.3,2.0,1.6,12.27,0.03,6.99,33,True,few_points
0188620AR,Ligustrum lucidum,428583,8.35,47.5,7.78,5.23,0.333,2.2,751,True,ok
0188622AR,Pyrus calleryana,428583,,0.0,0.0,,,,0,True,no_crown_detected
0188624AR,Ligustrum lucidum,428583,5.38,11.2,3.78,3.43,0.348,2.11,132,True,ok
0188626AR,Ulmus pumila,428583,7.97,35.5,6.72,3.75,0.275,2.58,520,True,ok
0188629AR,Platanus × acerifolia,428583,14.8,63.8,9.01,8.25,0.158,3.68,2334,True,ok
0188632AR,Ginkgo biloba,428583,8.89,9.0,3.39,3.09,0.328,2.23,338,True,ok
0188633AR,Platanus × acerifolia,428583,14.54,3.0,1.95,8.05,0.279,2.55,137,True,ok
0188636AR,Platanus × acerifolia,428583,,0.0,0.0,,,,0,True,no_crown_detected
0188640AR,Magnolia grandiflora,428583,5.73,1.8,1.49,3.42,0.513,1.34,66,True,no_crown_detected
0188644AR,Celtis australis,428583,5.89,3.0,1.95,2.8,0.444,1.62,139,True,ok
0188645AR,Ligustrum lucidum,428583,,0.0,0.0,,,,0,True,no_crown_detected
0188646AR,Ligustrum lucidum,428583,7.57,7.2,3.04,5.27,0.04,6.44,50,False,tile_edge
0188647AR,Styphnolobium japonicum,428583,8.21,44.5,7.53,4.22,0.31,2.34,2112,False,tile_edge
0188648AR,Populus alba,428583,12.77,36.5,6.82,4.94,0.198,3.24,1149,True,ok
0188650AR,Platanus × acerifolia,428583,15.33,2.2,1.69,11.17,0.2,3.22,68,True,ok
0188653AR,Platanus × acerifolia,428583,27.1,63.8,9.01,9.44,0.21,3.12,2066,True,ok
0188657AR,Platanus × acerifolia,428583,19.86,103.8,11.49,9.98,0.037,6.59,2343,True,ok
0188660AR,Styphnolobium japonicum,428583,,0.0,0.0,,,,0,True,no_crown_detected
0188661AR,Styphnolobium japonicum,428583,9.54,40.8,7.2,4.09,0.317,2.3,1422,True,ok
0188667AR,Styphnolobium japonicum,428583,11.28,52.8,8.2,6.02,0.176,3.48,905,True,ok
0188671AR,Platanus × acerifolia,428583,16.47,35.2,6.7,8.92,0.102,4.57,618,True,ok
0188678AR,Pyrus calleryana,428583,7.78,14.2,4.26,3.76,0.363,2.03,659,True,ok
0188679AR,Robinia pseudoacacia,428583,5.9,3.8,2.19,3.34,0.368,2.0,57,True,ok
0188680AR,Pyrus calleryana,428583,,0.0,0.0,,,,0,True,no_crown_detected
0188682AR,Styphnolobium japonicum,428583,15.4,58.5,8.63,4.86,0.095,4.7,1185,True,ok
0188686AR,Styphnolobium japonicum,428583,7.7,0.8,0.98,6.53,0.0,7.82,5,True,no_crown_detected
0188693AR,Ginkgo biloba,428583,8.41,11.0,3.74,3.37,0.278,2.56,198,True,ok
0188696AR,Morus alba,428583,9.22,46.5,7.69,3.26,0.166,3.59,1883,True,ok
0188699AR,Platanus × acerifolia,428583,14.63,49.5,7.94,7.55,0.141,3.91,955,True,ok
0188704AR,Robinia pseudoacacia,428583,12.01,25.5,5.7,6.19,0.227,2.97,520,True,ok
0188706AR,Ligustrum japonicum,428583,7.59,17.2,4.69,5.07,0.405,1.81,353,True,ok
0188710AR,Styphnolobium japonicum,428583,20.62,15.2,4.41,9.34,0.036,6.66,336,True,ok
0188713AR,Styphnolobium japonicum,428583,8.49,3.2,2.03,4.66,0.147,3.83,34,True,few_points
0188714AR,Ligustrum lucidum,428583,4.21,0.8,0.98,3.98,0.375,1.96,16,True,no_crown_detected
0188721AR,Prunus cerasifera,428583,5.14,4.5,2.39,3.17,0.192,3.3,52,True,ok
0188722AR,Styphnolobium japonicum,428583,14.09,62.2,8.9,7.45,0.14,3.93,2405,True,ok
0188724AR,Melia azedarach,428583,8.87,5.5,2.65,5.07,0.309,2.35,94,True,ok
0188726AR,Magnolia grandiflora,428583,6.85,9.2,3.43,1.73,0.239,2.86,134,True,ok
0188728AR,Platanus × acerifolia,428583,17.61,50.2,8.0,9.44,0.17,3.54,1855,True,ok
0188732AR,Pyrus calleryana,428583,,0.0,0.0,,,,0,True,no_crown_detected
0188733AR,Celtis australis,428583,11.72,142.0,13.45,6.15,0.198,3.24,5312,True,ok
0188737AR,Ligustrum lucidum,428583,7.18,28.0,5.97,4.0,0.329,2.22,921,True,ok
0188738AR,Morus alba,428583,6.3,36.2,6.79,2.6,0.241,2.85,1165,True,ok
0188744AR,Styphnolobium japonicum,428583,,0.0,0.0,,,,0,True,no_crown_detected
0188746AR,Melia azedarach,428583,12.03,123.5,12.54,5.82,0.13,4.09,2129,True,ok
0188748AR,Ligustrum lucidum,428583,6.01,19.2,4.95,3.67,0.33,2.22,203,True,ok
0188749AR,Pyrus calleryana,428583,7.22,10.2,3.61,4.17,0.258,2.71,124,True,ok
0188751AR,Ligustrum lucidum,428583,,0.0,0.0,,,,0,True,no_crown_detected
0188759AR,Morus alba,428583,9.37,29.2,6.1,3.29,0.247,2.79,1310,True,ok
0188760AR,Pyrus calleryana,428583,9.51,5.2,2.59,3.36,0.349,2.11,179,True,ok
0188761AR,Styphnolobium japonicum,428583,11.3,65.0,9.1,5.35,0.255,2.73,2216,False,tile_edge
0188764AR,Styphnolobium japonicum,428583,4.7,1.8,1.49,3.98,0.457,1.57,35,True,no_crown_detected
0188770AR,Ligustrum lucidum,428583,17.33,38.2,6.98,4.94,0.274,2.59,1153,True,ok
0188771AR,Ligustrum lucidum,428583,,0.0,0.0,,,,0,True,no_crown_detected
0188773AR,Pinus pinea,428583,11.5,119.5,12.33,7.06,0.266,2.65,2253,True,ok
0188774AR,Melia azedarach,428583,7.43,2.2,1.69,6.18,0.154,3.74,13,True,few_points
0188779AR,Ginkgo biloba,428583,,0.0,0.0,,,,0,True,no_crown_detected
0188781AR,Pyrus calleryana,428583,7.84,9.8,3.52,4.96,0.329,2.22,321,True,ok
0188783AR,Tipuana tipu,428583,14.59,109.8,11.82,8.73,0.163,3.63,3389,True,ok
0188786AR,Hibiscus syriacus,428583,3.88,2.0,1.6,2.84,0.389,1.89,36,True,few_points
0188791AR,Styphnolobium japonicum,428583,13.12,2.8,1.87,8.73,0.103,4.54,95,True,ok
0188793AR,Magnolia grandiflora,428583,15.59,4.2,2.33,3.28,0.284,2.51,164,True,ok
0188794AR,Platanus × acerifolia,428583,14.97,56.5,8.48,7.28,0.28,2.55,2208,True,ok
0188796AR,Acer × freemanii AUTUMN,428583,3.94,4.8,2.46,2.41,0.452,1.59,168,True,ok
0188801AR,Acer × freemanii AUTUMN,428583,25.24,34.5,6.63,3.66,0.265,2.66,817,True,ok
0188803AR,Platanus × acerifolia,428583,19.72,2.0,1.6,12.58,0.189,3.34,130,True,ok
0188804AR,Morus alba,428583,12.98,93.2,10.9,2.83,0.196,3.26,4738,True,ok
0188808AR,Platanus × acerifolia,428583,26.85,95.2,11.01,8.54,0.163,3.63,2087,True,ok
0188809AR,Styphnolobium japonicum,428583,24.84,46.8,7.72,7.72,0.079,5.07,959,True,ok
0188810AR,Ginkgo biloba,428583,4.33,3.8,2.19,2.62,0.553,1.18,151,True,ok
0188812AR,Catalpa bignonioides,428583,8.79,2.0,1.6,7.13,0.118,4.28,42,True,few_points
0188814AR,Platanus × acerifolia,428583,23.58,106.8,11.66,7.54,0.147,3.83,4328,True,ok
0188817AR,Ligustrum lucidum,428583,,0.0,0.0,,,,0,True,no_crown_detected
0188818AR,Ligustrum lucidum,428583,5.59,25.5,5.7,2.79,0.221,3.02,861,True,ok
0188831AR,Platanus × acerifolia,428583,10.5,7.8,3.14,6.96,0.013,7.82,77,True,ok
0188833AR,Styphnolobium japonicum,428583,26.34,48.0,7.82,5.54,0.238,2.87,2279,True,ok
0188834AR,Morus alba,428583,5.47,12.2,3.95,3.4,0.398,1.84,455,True,ok
0188835AR,Pyrus calleryana,428583,5.94,2.8,1.87,3.5,0.205,3.17,44,True,few_points
0188836AR,Ligustrum lucidum,428583,4.58,4.0,2.26,1.8,0.175,3.49,40,True,few_points
0188838AR,Ginkgo biloba,428583,22.86,12.2,3.95,3.54,0.309,2.35,552,True,ok
0188844AR,Catalpa bignonioides,428583,7.53,27.2,5.89,5.06,0.366,2.01,968,True,ok
0188849AR,Celtis australis,428583,9.51,42.8,7.38,5.76,0.196,3.26,1668,True,ok
0188857AR,Platanus × acerifolia,428583,19.68,2.2,1.69,13.67,0.0,7.82,48,True,few_points
0188863AR,Melia azedarach,428583,9.56,46.2,7.67,5.79,0.222,3.01,644,True,ok
0188865AR,Ligustrum lucidum,428583,3.89,4.5,2.39,2.61,0.211,3.12,76,True,ok
0188867AR,Styphnolobium japonicum,428583,11.14,33.0,6.48,6.22,0.266,2.65,1243,True,ok
0188868AR,Ligustrum lucidum,428583,7.05,5.2,2.59,4.64,0.431,1.69,72,True,ok
0188871AR,Styphnolobium japonicum,428583,20.49,31.8,6.36,4.75,0.134,4.02,1477,True,ok
0188872AR,Platanus × acerifolia,428583,14.54,48.8,7.88,5.59,0.204,3.18,2019,True,ok
0188873AR,Cercis siliquastrum,428583,6.43,29.2,6.1,4.78,0.418,1.74,787,False,tile_edge
0188875AR,Ligustrum lucidum,428583,9.52,26.8,5.84,6.69,0.391,1.88,942,True,ok
0188876AR,Melia azedarach,428583,21.99,35.5,6.72,5.51,0.134,4.03,382,True,ok
0188878AR,Pyrus calleryana,428583,,0.0,0.0,,,,0,True,no_crown_detected
0188879AR,Styphnolobium japonicum,428583,14.43,60.5,8.78,6.68,0.117,4.29,1194,True,ok
0188882AR,Ulmus pumila,428583,12.42,2.5,1.78,4.36,0.457,1.57,89,True,ok
0188883AR,Acer × freemanii AUTUMN,428583,8.01,10.8,3.7,3.62,0.351,2.09,509,True,ok
0188884AR,Ligustrum lucidum,428583,22.8,97.2,11.13,9.2,0.094,4.73,5073,True,ok
0188887AR,Platanus × acerifolia,428583,20.51,78.8,10.01,7.32,0.238,2.87,3595,True,ok
0188889AR,Acer buergerianum,428583,6.66,2.0,1.6,3.21,0.208,3.14,42,True,few_points
0188892AR,Ulmus pumila,428583,7.74,11.8,3.87,1.67,0.186,3.36,204,True,ok
0188898AR,Ligustrum japonicum,428583,,0.0,0.0,,,,0,True,no_crown_detected
0188901AR,Nerium oleander,428583,5.46,5.8,2.71,3.34,0.291,2.47,79,True,ok
0188907AR,Ligustrum lucidum,428583,,0.0,0.0,,,,0,True,no_crown_detected
0188909AR,Tipuana tipu,428583,10.88,35.5,6.72,7.28,0.201,3.21,657,True,ok
0188910AR,Styphnolobium japonicum,428583,29.5,58.0,8.59,3.44,0.245,2.82,805,True,ok
0188911AR,Catalpa bignonioides,428583,8.01,29.0,6.08,5.78,0.348,2.11,908,True,ok
0188913AR,Styphnolobium japonicum,428583,8.87,9.0,3.39,5.1,0.109,4.44,129,True,ok
0188914AR,Pyrus calleryana,428583,6.09,7.0,2.99,3.87,0.375,1.96,80,True,ok
0188918AR,Magnolia grandiflora,428583,5.39,8.2,3.24,3.55,0.127,4.13,139,True,ok
0188919AR,Ligustrum japonicum,428583,7.78,24.0,5.53,4.72,0.382,1.93,868,True,ok
0188924AR,Morus alba,428583,10.28,92.5,10.85,2.97,0.206,3.16,3823,True,ok
0188927AR,Ginkgo biloba,428583,6.8,12.8,4.03,3.7,0.432,1.68,441,True,ok
0188931AR,Styphnolobium japonicum,428583,10.48,2.2,1.69,5.54,0.184,3.38,98,True,ok
0188933AR,Styphnolobium japonicum,428583,11.4,49.5,7.94,4.63,0.202,3.2,2019,True,ok
0188934AR,Ligustrum lucidum,428583,,0.0,0.0,,,,0,True,no_crown_detected
0188935AR,Brachychiton populneus,428583,15.57,16.0,4.51,4.66,0.189,3.33,642,True,ok
0188941AR,Ligustrum lucidum,428583,4.25,3.0,1.95,2.79,0.425,1.71,40,True,few_points
0188946AR,Ligustrum lucidum,428583,25.82,3.2,2.03,3.47,0.31,2.34,174,True,ok
0188948AR,Ginkgo biloba,428583,,0.0,0.0,,,,0,True,no_crown_detected
0188951AR,Tipuana tipu,428583,28.17,19.2,4.95,6.94,0.212,3.1,453,True,ok
0188953AR,Styphnolobium japonicum,428583,10.03,21.0,5.17,5.16,0.102,4.57,275,True,ok
0188958AR,Platanus × acerifolia,428583,18.02,67.8,9.29,8.78,0.182,3.41,1339,True,ok
0188959AR,Melia azedarach,428583,11.83,85.8,10.45,6.3,0.134,4.01,1667,True,ok
0188961AR,Morus alba,428583,5.72,11.5,3.83,3.75,0.502,1.38,409,True,ok
0188962AR,Catalpa bignonioides,428583,22.81,38.8,7.02,4.03,0.322,2.27,1462,True,ok
0188963AR,Catalpa bignonioides,428583,6.97,25.0,5.64,4.24,0.38,1.94,768,True,ok
0188979AR,Robinia pseudoacacia,428583,12.04,31.5,6.33,6.76,0.245,2.81,807,False,tile_edge
0188980AR,Ligustrum lucidum,428583,3.62,3.5,2.11,2.45,0.4,1.83,35,True,few_points
0188983AR,Platanus × acerifolia,428583,21.46,8.2,3.24,7.73,0.05,6.0,233,True,ok
0188988AR,Ulmus pumila,428583,12.16,2.5,1.78,9.55,0.053,5.89,58,True,ok
0188990AR,Ligustrum lucidum,428583,8.04,43.5,7.44,4.0,0.209,3.13,1039,True,ok
0188991AR,Styphnolobium japonicum,428583,,0.0,0.0,,,,0,True,no_crown_detected
0188994AR,Olea europaea,428583,8.91,57.0,8.52,4.96,0.198,3.24,1071,True,ok
0188997AR,Ginkgo biloba,428583,,0.0,0.0,,,,0,True,no_crown_detected
0189000AR,Ginkgo biloba,428583,,0.0,0.0,,,,0,True,no_crown_detected
0189001AR,Platanus × acerifolia,428583,17.24,77.2,9.92,6.19,0.114,4.35,2061,True,ok
0189005AR,Ligustrum lucidum,428583,,0.0,0.0,,,,0,True,no_crown_detected
0189006AR,Ligustrum lucidum,428583,20.95,13.0,4.07,4.73,0.207,3.15,428,True,ok
0189009AR,Styphnolobium japonicum,428583,5.8,3.0,1.95,4.78,0.346,2.12,92,True,ok
0189010AR,Catalpa bignonioides,428583,6.08,17.0,4.65,4.3,0.301,2.4,450,True,ok
0189015AR,Melia azedarach,428583,8.84,26.5,5.81,5.09,0.324,2.25,318,True,ok
0189016AR,Ginkgo biloba,428583,,0.0,0.0,,,,0,True,no_crown_detected
0189022AR,Ligustrum lucidum,428583,8.14,20.2,5.08,5.6,0.377,1.95,260,True,ok
0189023AR,Ligustrum lucidum,428583,8.35,3.5,2.11,5.2,0.333,2.2,97,True,ok
0189029AR,Ligustrum lucidum,428583,8.73,23.8,5.5,5.24,0.342,2.14,295,True,ok
0189034AR,Tipuana tipu,428583,17.17,110.2,11.85,9.02,0.088,4.87,2677,True,ok
0189036AR,Styphnolobium japonicum,428583,22.96,30.2,6.21,3.83,0.271,2.61,907,True,ok
0189045AR,Platanus × acerifolia,428583,23.95,109.8,11.82,8.89,0.191,3.31,4783,True,ok
0189047AR,Platanus × acerifolia,428583,14.95,48.8,7.88,7.44,0.148,3.81,970,True,ok
0189056AR,Robinia pseudoacacia,428583,10.5,41.5,7.27,6.07,0.272,2.6,797,True,ok
0189058AR,Cercis siliquastrum,428583,19.7,106.8,11.66,3.91,0.119,4.26,2375,True,ok
0189067AR,Ligustrum lucidum,428583,,0.0,0.0,,,,0,True,no_crown_detected
0189074AR,Ligustrum lucidum,428583,,0.0,0.0,,,,0,True,no_crown_detected
0189075AR,Pyrus calleryana,428583,,0.0,0.0,,,,0,True,no_crown_detected
0189076AR,Platanus × acerifolia,428583,14.98,72.2,9.59,7.73,0.166,3.59,2688,True,ok
0189078AR,Styphnolobium japonicum,428583,12.73,57.5,8.56,6.01,0.124,4.17,1032,True,ok
0189079AR,Ligustrum japonicum,428583,,0.0,0.0,,,,0,True,no_crown_detected
0189082AR,Styphnolobium japonicum,428583,5.2,0.5,0.8,3.35,0.375,1.96,8,True,no_crown_detected
0189088AR,Styphnolobium japonicum,428583,7.85,22.0,5.29,3.47,0.084,4.95,250,True,ok
0189091AR,Casuarina cunninghamiana,428583,7.37,10.0,3.57,3.03,0.495,1.41,496,True,ok
0189094AR,Styphnolobium japonicum,428583,14.51,0.5,0.8,10.01,0.0,7.82,3,True,no_crown_detected
0189097AR,Ginkgo biloba,428583,6.23,4.0,2.26,3.8,0.351,2.09,155,True,ok
0189099AR,Platanus × acerifolia,428583,22.03,121.8,12.45,10.74,0.112,4.38,5615,True,ok
0189103AR,Styphnolobium japonicum,428583,10.02,21.5,5.23,4.01,0.123,4.19,350,True,ok
0189107AR,Platanus × acerifolia,428583,12.71,75.8,9.82,7.03,0.187,3.35,1541,True,ok
0189108AR,Platanus × acerifolia,428583,17.03,92.5,10.85,6.54,0.095,4.71,2310,True,ok
0189109AR,Ligustrum lucidum,428583,30.75,50.0,7.98,5.04,0.291,2.47,1546,True,ok
0189122AR,Ulmus pumila,428583,7.09,6.8,2.93,2.4,0.357,2.06,154,True,ok
0189125AR,Ligustrum lucidum,428583,,0.0,0.0,,,,0,True,no_crown_detected
0189126AR,Ginkgo biloba,428583,8.83,8.2,3.24,2.26,0.239,2.86,269,True,ok
0189127AR,Platanus × acerifolia,428583,16.39,62.8,8.94,6.92,0.178,3.45,1445,True,ok
0189129AR,Styphnolobium japonicum,428583,17.94,51.2,8.08,8.08,0.075,5.19,1113,True,ok
0189137AR,Tipuana tipu,428583,13.32,136.0,13.16,7.06,0.252,2.75,5087,True,ok
0189138AR,Ligustrum lucidum,428583,,0.0,0.0,,,,0,True,no_crown_detected
0189141AR,Platanus × acerifolia,428583,26.6,60.5,8.78,7.07,0.109,4.43,2402,True,ok
0189143AR,Ginkgo biloba,428583,8.39,4.0,2.26,2.5,0.41,1.78,178,True,ok
0189149AR,Celtis australis,428583,28.14,110.5,11.86,7.09,0.166,3.59,2137,False,tile_edge
0189153AR,Platanus × acerifolia,428583,16.93,148.5,13.75,9.15,0.182,3.41,3267,True,ok
0189154AR,Ginkgo biloba,428583,8.61,7.0,2.99,2.6,0.25,2.77,278,True,ok
0189157AR,Platanus × acerifolia,428583,19.41,127.2,12.73,10.83,0.164,3.62,3154,True,ok
0189159AR,Pyrus calleryana,428583,,0.0,0.0,,,,0,True,no_crown_detected
0189161AR,Ligustrum lucidum,428583,7.07,24.0,5.53,4.97,0.435,1.66,795,True,ok
0189171AR,Styphnolobium japonicum,428583,19.47,43.0,7.4,6.34,0.166,3.59,883,True,ok
0189173AR,Styphnolobium japonicum,428583,28.15,82.2,10.23,6.13,0.135,4.0,1656,True,ok
0189176AR,Melia azedarach,428583,16.11,98.5,11.2,7.77,0.133,4.03,1979,True,ok
0189179AR,Catalpa bignonioides,428583,5.87,0.5,0.8,3.02,0.25,2.77,12,True,no_crown_detected
0189181AR,Styphnolobium japonicum,428583,14.35,84.0,10.34,7.87,0.158,3.69,1705,True,ok
0189183AR,Ligustrum lucidum,428583,9.24,12.8,4.03,5.99,0.365,2.01,178,True,ok
0189184AR,Casuarina cunninghamiana,428583,11.49,39.8,7.11,5.35,0.301,2.4,2299,True,ok
0189187AR,Ginkgo biloba,428583,25.22,16.8,4.62,4.56,0.279,2.56,619,True,ok
0189190AR,Ginkgo biloba,428583,22.47,26.5,5.81,2.61,0.257,2.71,958,True,ok
0189195AR,Robinia pseudoacacia,428583,11.44,70.0,9.44,4.81,0.206,3.16,1294,True,ok
0189199AR,Ulmus pumila,428583,6.34,4.8,2.46,3.9,0.207,3.15,87,True,ok
0189200AR,Ligustrum lucidum,428583,7.08,15.8,4.48,2.37,0.251,2.77,488,True,ok
0189201AR,Styphnolobium japonicum,428583,,0.0,0.0,,,,0,True,no_crown_detected
0189203AR,Platanus × acerifolia,428583,18.7,86.8,10.51,7.95,0.105,4.5,3422,True,ok
0189205AR,Ginkgo biloba,428583,,0.0,0.0,,,,0,True,no_crown_detected
0189207AR,Catalpa bignonioides,428583,7.47,10.2,3.61,4.41,0.491,1.42,366,True,ok
0189209AR,Acer × freemanii AUTUMN,428583,26.38,19.2,4.95,2.13,0.178,3.45,789,True,ok
0189213AR,Ligustrum lucidum,428583,6.31,16.0,4.51,1.68,0.366,2.01,385,True,ok
0189215AR,Platanus × acerifolia,428583,16.98,138.8,13.29,7.6,0.248,2.79,5863,True,ok
0189219AR,Platanus × acerifolia,428583,17.6,104.8,11.55,7.02,0.122,4.21,2617,True,ok
0189224AR,Melia azedarach,428583,14.76,97.2,11.13,5.96,0.095,4.71,1856,True,ok
0189230AR,Pyrus calleryana,428583,,0.0,0.0,,,,0,True,no_crown_detected
0189231AR,Ligustrum lucidum,428583,5.65,9.2,3.43,4.23,0.437,1.66,269,False,tile_edge
0189232AR,Platanus × acerifolia,428583,22.88,34.2,6.6,7.52,0.116,4.31,1337,True,ok
0189237AR,Ligustrum lucidum,428583,7.46,10.8,3.7,5.9,0.12,4.25,92,True,ok
0189242AR,Ligustrum lucidum,428583,6.54,4.2,2.33,5.75,0.468,1.52,47,True,few_points
0189245AR,Platanus × acerifolia,428583,9.52,18.5,4.85,6.47,0.298,2.42,724,True,ok
0189250AR,Robinia pseudoacacia,428583,6.87,23.8,5.5,5.43,0.35,2.1,397,True,ok
0189255AR,Platanus × acerifolia,428583,15.31,63.2,8.97,7.14,0.189,3.33,1307,True,ok
0189263AR,Parkinsonia aculeata,428583,5.23,19.0,4.92,3.24,0.522,1.3,879,True,ok
0189266AR,Platanus × acerifolia,428583,14.83,80.8,10.14,6.55,0.194,3.28,1598,True,ok
0189268AR,Catalpa bignonioides,428583,7.2,15.0,4.37,1.76,0.189,3.33,480,True,ok
0189270AR,Ligustrum lucidum,428583,9.94,40.5,7.18,6.59,0.284,2.52,1522,True,ok
0189272AR,Ginkgo biloba,428583,9.35,16.2,4.55,3.21,0.345,2.13,696,True,ok
0189275AR,Casuarina cunninghamiana,428583,4.37,7.2,3.04,3.63,0.582,1.08,288,True,ok
0189277AR,Ginkgo biloba,428583,7.42,3.0,1.95,2.53,0.283,2.52,142,True,ok
0189279AR,Platanus × acerifolia,428583,15.78,0.8,0.98,5.99,0.385,1.91,13,True,no_crown_detected
0189280AR,Ligustrum lucidum,428583,4.2,9.8,3.52,2.46,0.43,1.69,356,True,ok
0189282AR,Robinia pseudoacacia,428583,9.15,11.8,3.87,6.32,0.254,2.74,377,True,ok
0189284AR,Robinia pseudoacacia,428583,9.28,20.8,5.14,5.98,0.396,1.85,376,True,ok
0189285AR,Styphnolobium japonicum,428583,13.99,76.8,9.89,8.11,0.133,4.03,1418,True,ok
0189287AR,Catalpa bignonioides,428583,23.53,35.2,6.7,6.05,0.234,2.91,1713,True,ok
0189289AR,Styphnolobium japonicum,428583,12.82,113.8,12.03,5.72,0.155,3.73,2703,True,ok
0189290AR,Ligustrum lucidum,428583,,0.0,0.0,,,,0,True,no_crown_detected
0189292AR,Ligustrum lucidum,428583,,0.0,0.0,,,,0,False,tile_edge
0189296AR,Ginkgo biloba,428583,8.95,6.8,2.93,3.3,0.253,2.75,340,True,ok
0189297AR,Styphnolobium japonicum,428583,9.49,4.2,2.33,4.82,0.119,4.26,83,True,ok
0189298AR,Platanus × acerifolia,428583,9.67,19.2,4.95,7.7,0.295,2.44,288,True,ok
0189299AR,Styphnolobium japonicum,428583,11.39,2.0,1.6,9.54,0.0,7.82,23,True,few_points
0189304AR,Ginkgo biloba,428583,4.1,4.2,2.33,2.37,0.495,1.4,144,True,ok
0189308AR,Ligustrum lucidum,428583,8.42,1.5,1.38,3.9,0.158,3.69,19,True,no_crown_detected
0189309AR,Ginkgo biloba,428583,8.14,8.0,3.19,3.45,0.381,1.93,291,True,ok
0189313AR,Nerium oleander,428583,6.58,8.0,3.19,3.03,0.345,2.13,144,True,ok
0189317AR,Ligustrum lucidum,428583,5.35,2.5,1.78,3.74,0.375,1.96,95,True,ok
0189321AR,Prunus cerasifera,428583,16.36,11.5,3.83,3.08,0.392,1.87,231,True,ok
0189322AR,Jacaranda mimosifolia,428583,5.16,2.2,1.69,2.91,0.328,2.23,61,True,ok
0189325AR,Ligustrum lucidum,428583,6.69,18.0,4.79,4.34,0.449,1.6,638,True,ok
0189326AR,Ligustrum lucidum,428583,7.69,1.0,1.13,7.39,0.167,3.58,24,True,no_crown_detected
0189327AR,Ginkgo biloba,428583,6.36,6.8,2.93,3.4,0.491,1.42,240,True,ok
0189328AR,Robinia pseudoacacia,428583,8.95,14.2,4.26,5.75,0.13,4.08,169,True,ok
0189332AR,Ligustrum lucidum,428583,4.25,8.0,3.19,3.27,0.436,1.66,78,True,ok
0189335AR,Platanus × acerifolia,428583,9.91,43.2,7.42,4.34,0.272,2.6,1624,True,ok
0189341AR,Styphnolobium japonicum,428583,12.67,94.2,10.95,5.99,0.181,3.42,2585,True,ok
0189342AR,Platanus × acerifolia,428583,16.21,75.8,9.82,7.93,0.161,3.65,1371,True,ok
0189344AR,Olea europaea,428583,8.06,90.2,10.72,4.28,0.345,2.13,1886,True,ok
0189345AR,Ligustrum lucidum,428583,8.78,30.2,6.21,4.53,0.384,1.92,979,True,ok
0189349AR,Styphnolobium japonicum,428583,10.63,3.0,1.95,3.67,0.0,7.82,28,True,few_points
0189351AR,Styphnolobium japonicum,428583,6.45,0.5,0.8,5.35,0.5,1.39,8,True,no_crown_detected
0189353AR,Platanus × acerifolia,428583,18.68,132.0,12.96,9.72,0.148,3.82,3006,True,ok
0189355AR,Robinia pseudoacacia,428583,10.67,78.0,9.97,4.27,0.25,2.77,1557,True,ok
0189357AR,Pyrus calleryana,428583,,0.0,0.0,,,,0,True,no_crown_detected
0189363AR,Ligustrum lucidum,428583,9.77,17.5,4.72,5.95,0.249,2.78,518,True,ok
0189365AR,Ligustrum lucidum,428583,5.9,16.8,4.62,3.95,0.367,2.01,199,True,ok
0189366AR,Styphnolobium japonicum,428583,15.49,7.5,3.09,5.16,0.113,4.35,247,True,ok
0189367AR,Brachychiton populneus,428583,13.02,20.0,5.05,6.3,0.198,3.24,744,True,ok
0189374AR,Platanus × acerifolia,428583,20.06,87.5,10.56,9.95,0.157,3.7,1961,True,ok
0189376AR,Jacaranda mimosifolia,428583,20.91,117.8,12.24,4.24,0.132,4.05,2635,True,ok
0189377AR,Platanus × acerifolia,428583,18.37,56.5,8.48,8.57,0.187,3.35,2223,True,ok
0189378AR,Koelreuteria paniculata,428583,4.61,1.0,1.13,3.95,0.478,1.48,34,True,no_crown_detected
0189379AR,Ligustrum lucidum,428583,3.52,3.8,2.19,2.61,0.319,2.28,47,True,few_points
0189380AR,Melia azedarach,428583,13.76,118.0,12.26,5.13,0.056,5.76,2283,True,ok
0189383AR,Tipuana tipu,428583,8.98,4.0,2.26,4.19,0.289,2.48,45,True,few_points
0189385AR,Platanus × acerifolia,428583,26.1,129.5,12.84,8.04,0.117,4.29,2984,True,ok
0189388AR,Ligustrum lucidum,428583,,0.0,0.0,,,,0,True,no_crown_detected
0189392AR,Morus alba,428583,5.38,18.8,4.89,3.65,0.406,1.8,552,True,ok
0189393AR,Platanus × acerifolia,428583,23.74,8.8,3.34,7.59,0.104,4.53,328,True,ok
0189395AR,Ligustrum lucidum,428583,5.66,21.8,5.26,3.99,0.38,1.93,439,True,ok
0189396AR,Styphnolobium japonicum,428583,7.37,3.8,2.19,6.12,0.368,2.0,122,True,ok
0189398AR,Styphnolobium japonicum,428583,10.69,53.0,8.21,6.08,0.295,2.44,1639,True,ok
0189400AR,Koelreuteria paniculata,428583,6.29,15.2,4.41,4.32,0.413,1.77,542,True,ok
0189402AR,Ligustrum lucidum,428583,11.78,43.8,7.46,6.31,0.245,2.81,715,True,ok
0189404AR,Ligustrum lucidum,428583,6.4,11.0,3.74,4.47,0.371,1.99,170,True,ok
0189408AR,Styphnolobium japonicum,428583,28.55,72.5,9.61,5.46,0.252,2.76,3228,True,ok
0189410AR,Ligustrum lucidum,428583,5.52,11.5,3.83,3.9,0.491,1.42,383,True,ok
0189412AR,Ligustrum lucidum,428583,6.73,18.2,4.82,4.34,0.333,2.2,547,True,ok
0189413AR,Styphnolobium japonicum,428583,13.64,6.0,2.76,6.76,0.061,5.61,207,True,ok
0189414AR,Robinia pseudoacacia,428583,26.4,40.8,7.2,6.35,0.181,3.42,1044,True,ok
0189416AR,Platanus × acerifolia,428583,12.9,48.2,7.84,6.75,0.238,2.87,2035,True,ok
0189419AR,Ginkgo biloba,428583,7.59,5.5,2.65,3.81,0.274,2.59,242,True,ok
0189422AR,Platanus × acerifolia,428583,15.43,58.5,8.63,8.78,0.198,3.24,1021,True,ok
0189424AR,Ligustrum lucidum,428583,7.91,9.8,3.52,5.83,0.363,2.03,349,True,ok
0189427AR,Platanus × acerifolia,428583,21.19,70.8,9.49,12.19,0.054,5.84,1684,True,ok
0189429AR,Styphnolobium japonicum,428583,4.32,10.2,3.61,2.05,0.274,2.59,117,True,ok
0189431AR,Ligustrum japonicum,428583,5.98,12.2,3.95,4.48,0.468,1.52,259,True,ok
0189432AR,Melia azedarach,428583,11.08,161.5,14.34,4.62,0.157,3.7,3135,True,ok
0189435AR,Celtis australis,428583,9.92,29.0,6.08,6.18,0.255,2.73,1075,True,ok
0189436AR,Ligustrum lucidum,428583,10.19,29.5,6.13,5.74,0.227,2.96,611,True,ok
0189443AR,Ginkgo biloba,428583,7.01,10.5,3.66,2.98,0.399,1.84,443,True,ok
0189444AR,Ginkgo biloba,428583,8.75,6.5,2.88,2.81,0.321,2.27,300,True,ok
0189447AR,Styphnolobium japonicum,428583,8.27,2.2,1.69,6.61,0.107,4.47,28,True,few_points
0189449AR,Platanus × acerifolia,428583,19.56,105.2,11.58,8.04,0.117,4.29,2669,True,ok
0189451AR,Casuarina cunninghamiana,428583,11.86,32.2,6.41,6.32,0.358,2.06,1542,True,ok
0189452AR,Platanus × acerifolia,428583,25.87,41.8,7.29,7.46,0.27,2.62,662,True,ok
0189454AR,Hibiscus syriacus,428583,11.1,104.0,11.51,3.87,0.214,3.08,2092,True,ok
0189457AR,Magnolia grandiflora,428583,6.97,12.2,3.95,1.85,0.184,3.38,201,True,ok
0189460AR,Jacaranda mimosifolia,428583,8.06,29.0,6.08,3.56,0.245,2.81,571,True,ok
0189461AR,Styphnolobium japonicum,428583,9.35,0.5,0.8,8.87,0.0,7.82,5,True,no_crown_detected
0189462AR,Cercis siliquastrum,428583,28.39,27.0,5.86,6.3,0.184,3.39,782,True,ok
0189463AR,Ligustrum lucidum,428583,,0.0,0.0,,,,0,True,no_crown_detected
0189465AR,Platanus × acerifolia,428583,15.81,23.5,5.47,8.84,0.01,7.82,750,True,ok
0189466AR,Platanus × acerifolia,428583,19.33,83.8,10.33,7.93,0.201,3.21,3470,True,ok
0189472AR,Ginkgo biloba,428583,7.99,5.8,2.71,3.99,0.421,1.73,243,True,ok
0189475AR,Olea europaea,428583,8.89,57.8,8.57,4.9,0.179,3.44,1091,True,ok
0189477AR,Robinia pseudoacacia,428583,8.34,41.8,7.29,4.68,0.24,2.85,796,True,ok
0189478AR,Celtis australis,428583,10.1,83.0,10.28,5.37,0.232,2.92,3615,True,ok
0189479AR,Ligustrum lucidum,428583,8.46,27.0,5.86,5.45,0.341,2.15,531,True,ok
0189482AR,Morus alba,428583,3.44,4.5,2.39,2.69,0.56,1.16,175,True,ok
0189483AR,Robinia pseudoacacia,428583,11.3,2.5,1.78,7.0,0.034,6.73,29,True,few_points
0189486AR,Styphnolobium japonicum,428583,,0.0,0.0,,,,0,False,tile_edge
0189492AR,Prunus cerasifera,428583,18.27,7.0,2.99,5.48,0.042,6.36,144,True,ok
0189493AR,Brachychiton populneus,428583,16.67,53.2,8.23,5.62,0.248,2.79,952,True,ok
0189496AR,Styphnolobium japonicum,428583,21.65,55.5,8.41,7.73,0.131,4.07,1108,True,ok
0189497AR,Ligustrum lucidum,428583,4.73,6.0,2.76,3.04,0.496,1.4,141,True,ok
0189498AR,Pyrus calleryana,428583,12.75,33.2,6.51,4.37,0.275,2.58,552,True,ok
0189502AR,Platanus × acerifolia,428583,17.9,132.0,12.96,9.0,0.193,3.3,3387,True,ok
0189510AR,Platanus × acerifolia,428583,17.48,77.2,9.92,8.05,0.177,3.46,3124,True,ok
0189511AR,Ginkgo biloba,428583,8.17,4.5,2.39,3.0,0.352,2.09,199,True,ok
0189513AR,Melia azedarach,428583,29.75,37.0,6.86,5.62,0.243,2.83,470,True,ok
0189520AR,Nerium oleander,428583,5.38,9.2,3.43,2.88,0.356,2.06,147,True,ok
0189522AR,Cercis siliquastrum,428583,32.85,53.5,8.25,6.19,0.152,3.76,1425,True,ok
0189524AR,Ligustrum lucidum,428583,18.22,46.2,7.67,6.42,0.174,3.49,912,True,ok
0189529AR,Acer × freemanii AUTUMN,428583,7.69,32.5,6.43,2.63,0.261,2.68,909,True,ok
0189531AR,Ligustrum lucidum,428583,,0.0,0.0,,,,0,True,no_crown_detected
0189533AR,Pyrus calleryana,428583,5.51,1.2,1.26,3.37,0.25,2.77,24,True,no_crown_detected
0189537AR,Tipuana tipu,428583,15.47,4.5,2.39,10.46,0.0,7.82,143,True,ok
0189539AR,Ligustrum lucidum,428583,9.25,11.5,3.83,6.75,0.429,1.69,410,True,ok
0189540AR,Ginkgo biloba,428583,4.38,4.2,2.33,2.31,0.443,1.63,133,True,ok
0189542AR,Platanus × acerifolia,428583,26.45,14.8,4.33,8.23,0.051,5.97,533,True,ok
0189547AR,Platanus × acerifolia,428583,16.91,98.0,11.17,4.22,0.164,3.61,2574,True,ok
0189549AR,Morus alba,428583,5.02,9.8,3.52,3.06,0.488,1.43,383,True,ok
0189553AR,Styphnolobium japonicum,428583,20.74,28.2,6.0,1.94,0.199,3.23,559,True,ok
0189555AR,Styphnolobium japonicum,428583,7.45,1.5,1.38,5.38,0.143,3.89,28,True,no_crown_detected
0189559AR,Ligustrum lucidum,428583,6.77,15.2,4.41,3.68,0.253,2.75,166,True,ok
0189560AR,Ligustrum lucidum,428583,17.07,15.2,4.41,4.67,0.391,1.88,603,True,ok
0189564AR,Platanus × acerifolia,428583,13.94,2.2,1.69,6.35,0.102,4.57,59,True,ok
0189566AR,Styphnolobium japonicum,428583,25.39,17.2,4.69,3.13,0.229,2.95,708,True,ok
0189568AR,Acer × freemanii AUTUMN,428583,7.73,14.8,4.33,3.72,0.311,2.33,300,True,ok
0189571AR,Ligustrum lucidum,428583,17.08,20.8,5.14,4.64,0.261,2.68,348,True,ok
0189577AR,Prunus cerasifera,428583,16.39,7.0,2.99,3.66,0.352,2.09,210,False,tile_edge
0189578AR,Styphnolobium japonicum,428583,10.61,20.0,5.05,5.11,0.241,2.85,755,True,ok
0189579AR,Ligustrum lucidum,428583,7.9,24.2,5.56,4.73,0.321,2.27,490,True,ok
0189582AR,Catalpa bignonioides,428583,6.11,24.5,5.59,3.55,0.428,1.7,952,True,ok
0189583AR,Ginkgo biloba,428583,,0.0,0.0,,,,0,True,no_crown_detected
0189589AR,Pinus pinea,428583,15.42,61.8,8.87,4.54,0.241,2.84,1273,True,ok
0189590AR,Ligustrum lucidum,428583,,0.0,0.0,,,,0,True,no_crown_detected
0189591AR,Nerium oleander,428583,,0.0,0.0,,,,0,True,no_crown_detected
0189596AR,Tipuana tipu,428583,23.6,55.0,8.37,5.29,0.198,3.24,1948,True,ok
0189597AR,Cercis siliquastrum,428583,6.46,26.5,5.81,4.28,0.315,2.31,711,True,ok
0189598AR,Ligustrum lucidum,428583,26.56,2.0,1.6,13.99,0.09,4.83,168,True,ok
0189600AR,Ligustrum lucidum,428583,13.35,34.5,6.63,4.02,0.166,3.6,725,True,ok
0189606AR,Ginkgo biloba,428583,26.46,19.5,4.98,3.46,0.269,2.63,767,True,ok
0189616AR,Platanus × acerifolia,428583,17.99,136.0,13.16,8.8,0.171,3.53,6277,True,ok
0189617AR,Styphnolobium japonicum,428583,21.92,39.0,7.05,6.22,0.245,2.81,1821,True,ok
0189620AR,Morus alba,428583,4.24,3.5,2.11,2.78,0.439,1.64,137,True,ok
0189623AR,Ligustrum lucidum,428583,13.32,60.2,8.76,7.59,0.224,2.99,1141,True,ok
0189624AR,Platanus × acerifolia,428583,14.56,2.8,1.87,11.68,0.0,7.82,41,True,few_points
0189625AR,Pinus pinea,428583,4.63,5.5,2.65,2.2,0.415,1.76,118,True,ok
0189626AR,Acer monspessulanum,428583,19.01,11.5,3.83,2.98,0.224,2.99,369,True,ok
0189630AR,Ligustrum lucidum,428583,5.99,18.0,4.79,2.96,0.333,2.2,592,True,ok
0189632AR,Koelreuteria paniculata,428583,5.33,18.0,4.79,3.13,0.373,1.97,598,True,ok
0189634AR,Platanus × acerifolia,428583,16.39,0.8,0.98,7.97,0.111,4.39,32,True,no_crown_detected
0189640AR,Ligustrum lucidum,428583,5.75,12.5,3.99,4.46,0.396,1.85,162,True,ok
0189642AR,Melia azedarach,428583,,0.0,0.0,,,,0,True,no_crown_detected
0189643AR,Platanus × acerifolia,428583,19.32,109.5,11.81,9.86,0.102,4.57,2331,True,ok
0189651AR,Styphnolobium japonicum,428583,4.61,0.8,0.98,3.06,0.353,2.08,37,True,no_crown_detected
0189656AR,Ligustrum lucidum,428583,6.58,14.5,4.3,4.02,0.26,2.69,219,True,ok
0189659AR,Ginkgo biloba,428583,6.95,6.0,2.76,3.72,0.441,1.64,267,True,ok
0189664AR,Casuarina cunninghamiana,428583,8.34,11.8,3.87,3.42,0.445,1.62,551,True,ok
0189666AR,Platanus × acerifolia,428583,17.25,134.8,13.1,5.0,0.178,3.45,4902,True,ok
0189669AR,Ginkgo biloba,428583,,0.0,0.0,,,,0,True,no_crown_detected
0189671AR,Styphnolobium japonicum,428583,8.71,0.8,0.98,5.23,0.286,2.51,11,True,no_crown_detected
0189672AR,Melia azedarach,428583,27.17,134.8,13.1,9.21,0.089,4.84,2755,True,ok
0189674AR,Magnolia grandiflora,428583,22.33,10.2,3.61,3.93,0.258,2.71,178,True,ok
0189675AR,Ligustrum lucidum,428583,5.84,13.0,4.07,3.87,0.371,1.98,440,True,ok
0189676AR,Robinia pseudoacacia,428583,18.18,15.5,4.44,4.25,0.295,2.44,217,True,ok
0189678AR,Ligustrum lucidum,428583,4.3,7.8,3.14,3.48,0.48,1.47,238,True,ok
0189679AR,Koelreuteria paniculata,428583,5.22,1.8,1.49,3.63,0.3,2.41,71,True,no_crown_detected
0189681AR,Styphnolobium japonicum,428583,28.5,40.2,7.16,4.56,0.086,4.9,859,True,ok
0189683AR,Melia azedarach,428583,21.93,30.0,6.18,5.1,0.279,2.55,495,True,ok
0189686AR,Ligustrum lucidum,428583,6.09,0.5,0.8,5.75,0.455,1.58,13,True,no_crown_detected
0189687AR,Tipuana tipu,428583,14.0,2.2,1.69,10.72,0.175,3.49,91,True,ok
0189699AR,Robinia pseudoacacia,428583,8.51,30.2,6.21,5.15,0.218,3.05,422,True,ok
0189700AR,Ligustrum lucidum,428583,7.09,18.2,4.82,4.12,0.308,2.35,570,True,ok
0189702AR,Ligustrum lucidum,428583,6.47,27.8,5.94,2.72,0.279,2.55,745,True,ok
0189711AR,Jacaranda mimosifolia,428583,6.1,9.2,3.43,3.17,0.278,2.56,259,True,ok
0189714AR,Styphnolobium japonicum,428583,6.42,20.0,5.05,3.26,0.468,1.52,914,True,ok
0189718AR,Cercis siliquastrum,428583,8.71,40.2,7.16,4.42,0.277,2.57,1516,True,ok
0189720AR,Styphnolobium japonicum,428583,9.7,10.8,3.7,3.9,0.272,2.6,169,True,ok
0189721AR,Platanus × acerifolia,428583,23.78,35.0,6.68,5.49,0.068,5.37,514,True,ok
0189722AR,Ligustrum lucidum,428583,,0.0,0.0,,,,0,True,no_crown_detected
0189723AR,Morus alba,428583,5.1,6.0,2.76,4.22,0.227,2.96,103,True,ok
0189725AR,Styphnolobium japonicum,428583,4.9,3.5,2.11,2.67,0.347,2.12,49,True,few_points
0189726AR,Ligustrum lucidum,428583,9.38,6.2,2.82,6.35,0.297,2.43,295,True,ok
0189729AR,Styphnolobium japonicum,428583,7.01,30.8,6.26,4.55,0.383,1.92,788,True,ok
0189730AR,Platanus × acerifolia,428583,29.15,126.5,12.69,6.74,0.135,4.01,2767,True,ok
0189731AR,Acer × freemanii AUTUMN,428583,8.71,18.2,4.82,4.26,0.257,2.71,658,True,ok
0189733AR,Melia azedarach,428583,8.58,0.2,0.56,8.58,0.0,7.82,1,True,no_crown_detected
0189736AR,Pyrus calleryana,428583,8.41,8.8,3.34,4.76,0.282,2.53,359,True,ok
0189738AR,Ginkgo biloba,428583,7.42,5.8,2.71,3.43,0.344,2.13,268,True,ok
0189741AR,Hesperocyparis macrocarpa,428583,13.06,16.5,4.58,2.59,0.055,5.81,699,True,ok
0189743AR,Koelreuteria paniculata,428583,4.69,10.0,3.57,3.16,0.471,1.51,365,True,ok
0189749AR,Styphnolobium japonicum,428583,9.72,2.2,1.69,4.78,0.077,5.13,13,True,few_points
0189750AR,Ginkgo biloba,428583,5.46,1.2,1.26,2.45,0.318,2.29,48,True,no_crown_detected
0189751AR,Morus alba,428583,21.66,71.2,9.52,3.67,0.258,2.71,3543,True,ok
0189752AR,Melia azedarach,428583,9.75,5.0,2.52,5.96,0.339,2.16,112,True,ok
0189753AR,Robinia pseudoacacia,428583,11.1,70.5,9.47,5.29,0.172,3.52,1293,True,ok
0189755AR,Platanus × acerifolia,428583,13.72,2.2,1.69,12.44,0.0,7.82,26,True,few_points
0189756AR,Parasenegalia visco,428583,13.84,106.2,11.63,7.73,0.193,3.29,3430,True,ok
0189757AR,Styphnolobium japonicum,428583,9.36,2.5,1.78,4.39,0.225,2.98,80,True,ok
0189763AR,Ligustrum lucidum,428583,16.75,9.2,3.43,5.46,0.23,2.94,404,True,ok
0189769AR,Styphnolobium japonicum,428583,29.11,56.5,8.48,6.04,0.2,3.22,1004,True,ok
0189770AR,Platanus × acerifolia,428583,10.76,31.0,6.28,5.4,0.221,3.02,1232,True,ok
0189771AR,Ligustrum lucidum,428583,6.79,29.2,6.1,4.43,0.361,2.04,811,True,ok
0189779AR,Platanus × acerifolia,428583,12.53,0.8,0.98,11.92,0.0,7.82,6,True,no_crown_detected
0189780AR,Brachychiton populneus,428583,8.99,16.2,4.55,4.32,0.285,2.51,531,True,ok
0189782AR,Koelreuteria paniculata,428583,4.04,1.5,1.38,3.68,0.5,1.39,16,True,no_crown_detected
0189786AR,Morus alba,428583,5.64,13.8,4.18,3.18,0.453,1.58,420,True,ok
0189790AR,Platanus × acerifolia,428583,,0.0,0.0,,,,0,True,no_crown_detected
0189791AR,Styphnolobium japonicum,428583,6.66,12.0,3.91,3.98,0.333,2.2,168,True,ok
0189795AR,Pyrus calleryana,428583,8.94,12.5,3.99,4.11,0.163,3.63,527,True,ok
0189800AR,Ligustrum lucidum,428583,5.54,19.5,4.98,2.62,0.337,2.18,590,True,ok
0189801AR,Ligustrum lucidum,428583,,0.0,0.0,,,,0,True,no_crown_detected
0189806AR,Platanus × acerifolia,428583,17.75,95.2,11.01,9.98,0.094,4.72,1816,True,ok
0189808AR,Acer buergerianum,428583,7.72,10.8,3.7,3.46,0.269,2.63,236,True,ok
0189811AR,Pinus pinea,428583,10.99,76.0,9.84,7.72,0.32,2.28,1391,True,ok
0189815AR,Ligustrum lucidum,428583,,0.0,0.0,,,,0,True,no_crown_detected
0189816AR,Ligustrum lucidum,428583,6.26,10.8,3.7,4.73,0.464,1.54,328,True,ok
0189817AR,Ligustrum lucidum,428583,,0.0,0.0,,,,0,True,no_crown_detected
0189818AR,Styphnolobium japonicum,428583,7.08,4.0,2.26,4.0,0.156,3.71,32,True,few_points
0189819AR,Platanus × acerifolia,428583,16.44,3.0,1.95,10.26,0.088,4.87,80,True,ok
0189820AR,Ulmus pumila,428583,13.8,36.5,6.82,2.71,0.274,2.59,609,True,ok
0189823AR,Platanus × acerifolia,428583,17.64,137.2,13.22,8.74,0.092,4.78,2813,True,ok
0189826AR,Ginkgo biloba,428583,4.3,6.5,2.88,2.36,0.509,1.35,267,True,ok
0189830AR,Robinia pseudoacacia,428583,6.4,5.2,2.59,4.48,0.298,2.42,114,True,ok
0189831AR,Platanus × acerifolia,428583,,0.0,0.0,,,,0,True,no_crown_detected
0189838AR,Styphnolobium japonicum,428583,11.05,11.5,3.83,7.39,0.128,4.11,233,True,ok
0189841AR,Pyrus calleryana,428583,7.73,11.5,3.83,4.41,0.363,2.03,237,True,ok
0189844AR,Celtis australis,428583,9.14,76.0,9.84,4.87,0.31,2.34,3054,True,ok
0189845AR,Citrus × aurantium,428583,4.04,1.5,1.38,3.12,0.391,1.88,23,True,no_crown_detected
0189848AR,Melia azedarach,428583,18.58,72.8,9.62,6.11,0.193,3.29,1579,True,ok
0189850AR,Styphnolobium japonicum,428583,8.58,35.0,6.68,3.43,0.301,2.4,1777,True,ok
0189853AR,Platanus × acerifolia,428583,14.02,25.5,5.7,4.76,0.247,2.79,1092,True,ok
0189854AR,Platanus × acerifolia,428583,20.18,6.8,2.93,6.64,0.141,3.92,284,True,ok
0189858AR,Tipuana tipu,428583,9.54,5.0,2.52,6.78,0.153,3.76,72,True,ok
0189859AR,Styphnolobium japonicum,428583,27.51,120.0,12.36,11.63,0.161,3.65,5450,True,ok
0189860AR,Prunus cerasifera,428583,16.94,5.2,2.59,6.38,0.141,3.92,142,True,ok
0189862AR,Ligustrum lucidum,428583,4.01,4.2,2.33,2.88,0.378,1.95,120,True,ok
0189868AR,Pyrus calleryana,428583,20.48,21.8,5.26,4.68,0.222,3.01,469,True,ok
0189878AR,Tipuana tipu,428583,12.71,81.2,10.17,5.94,0.236,2.89,1884,True,ok
0189880AR,Morus alba,428583,2.57,2.5,1.78,2.26,0.522,1.3,96,True,low_tree
0189883AR,Platanus × acerifolia,428583,11.03,0.2,0.56,6.42,0.0,7.82,3,True,no_crown_detected
0189884AR,Platanus × acerifolia,428583,18.44,99.0,11.23,7.93,0.226,2.97,3834,True,ok
0189885AR,Magnolia grandiflora,428583,26.64,16.2,4.55,4.88,0.111,4.4,515,True,ok
0189887AR,Ligustrum lucidum,428583,6.74,9.5,3.48,4.71,0.377,1.95,130,True,ok
0189890AR,Catalpa bignonioides,428583,5.15,10.0,3.57,3.88,0.519,1.31,298,True,ok
0189893AR,Tipuana tipu,428583,14.11,2.2,1.69,10.82,0.036,6.66,81,True,ok
0189895AR,Platanus × acerifolia,428583,18.04,66.5,9.2,7.52,0.188,3.35,1577,True,ok
0189899AR,Morus alba,428583,14.14,88.0,10.59,3.53,0.16,3.66,3767,True,ok
0189902AR,Cercis siliquastrum,428583,4.29,2.2,1.69,3.72,0.559,1.16,75,True,ok
0189905AR,Ulmus pumila,428583,21.37,104.5,11.53,4.27,0.187,3.36,2410,True,ok
0189906AR,Tipuana tipu,428583,14.72,138.8,13.29,7.75,0.17,3.55,6093,True,ok
0189909AR,Melia azedarach,428583,26.98,112.8,11.98,7.87,0.129,4.1,2189,True,ok
0189910AR,Styphnolobium japonicum,428583,21.46,83.2,10.3,5.45,0.295,2.44,3142,True,ok
0189911AR,Platanus × acerifolia,428583,16.28,46.0,7.65,8.27,0.155,3.73,2035,True,ok
0189912AR,Prunus cerasifera,428583,5.84,12.8,4.03,3.71,0.369,1.99,244,True,ok
0189917AR,Ginkgo biloba,428583,7.32,4.8,2.46,2.67,0.338,2.17,198,True,ok
0189918AR,Styphnolobium japonicum,428583,6.06,29.2,6.1,2.99,0.393,1.87,1209,True,ok
0189926AR,Styphnolobium japonicum,428583,16.33,40.8,7.2,4.76,0.137,3.98,1674,True,ok
0189927AR,Morus alba,428583,5.62,6.5,2.88,4.21,0.389,1.89,182,True,ok
0189933AR,Ligustrum lucidum,428583,7.35,15.8,4.48,5.41,0.327,2.24,487,True,ok
0189934AR,Ligustrum lucidum,428583,,0.0,0.0,,,,0,True,no_crown_detected
0189935AR,Styphnolobium japonicum,428583,8.01,1.5,1.38,7.5,0.0,7.82,18,False,tile_edge
0189939AR,Melia azedarach,428583,15.55,93.0,10.88,6.53,0.14,3.93,1860,True,ok
0189941AR,Magnolia grandiflora,428583,6.41,13.5,4.15,3.34,0.308,2.35,185,True,ok
0189944AR,Styphnolobium japonicum,428583,26.28,64.5,9.06,6.07,0.136,3.99,1811,True,ok
0189945AR,Robinia pseudoacacia,428583,16.26,49.2,7.92,5.41,0.252,2.76,976,True,ok
0189946AR,Ligustrum lucidum,428583,5.41,10.5,3.66,2.99,0.276,2.58,116,True,ok
0189954AR,Platanus × acerifolia,428583,18.94,149.5,13.8,10.3,0.119,4.26,3643,True,ok
0189956AR,Styphnolobium japonicum,428583,13.42,87.0,10.52,7.56,0.161,3.65,3671,True,ok
0189958AR,Styphnolobium japonicum,428583,,0.0,0.0,,,,0,True,no_crown_detected
0189961AR,Brachychiton populneus,428583,10.88,16.5,4.58,5.08,0.17,3.55,397,True,ok
0189962AR,Styphnolobium japonicum,428583,22.1,57.2,8.54,5.35,0.214,3.08,1961,True,ok
0189964AR,Tipuana tipu,428583,16.46,94.2,10.95,8.96,0.143,3.88,3318,True,ok
0189969AR,Styphnolobium japonicum,428583,9.74,17.8,4.75,6.11,0.161,3.65,279,True,ok
0189971AR,Styphnolobium japonicum,428583,13.15,37.8,6.93,7.96,0.232,2.92,822,True,ok
0189974AR,Melia azedarach,428583,12.02,76.0,9.84,5.55,0.155,3.73,915,True,ok
0189976AR,Acer buergerianum,428583,7.3,0.2,0.56,6.24,0.5,1.39,8,True,no_crown_detected
0189977AR,Styphnolobium japonicum,428583,10.37,0.5,0.8,9.51,0.0,7.82,4,True,no_crown_detected
0189978AR,Pyrus calleryana,428583,,0.0,0.0,,,,0,True,no_crown_detected
0189980AR,Ligustrum lucidum,428583,6.62,13.8,4.18,4.52,0.44,1.64,457,True,ok
0189984AR,Styphnolobium japonicum,428583,11.73,66.0,9.17,5.79,0.15,3.8,1224,True,ok
0189987AR,Acer buergerianum,428583,,0.0,0.0,,,,0,True,no_crown_detected
0189991AR,Styphnolobium japonicum,428583,11.43,58.8,8.65,6.16,0.169,3.56,795,True,ok
0189993AR,Platanus × acerifolia,428583,11.39,37.5,6.91,5.99,0.308,2.35,902,True,ok
0189995AR,Citrus × aurantium,428583,6.36,29.5,6.13,3.47,0.205,3.17,464,True,ok
0189997AR,Platanus × acerifolia,428583,17.23,93.5,10.91,8.62,0.127,4.13,2019,True,ok
0189998AR,Ligustrum lucidum,428583,7.41,23.2,5.44,5.78,0.52,1.31,609,True,ok
0190000AR,Styphnolobium japonicum,428583,5.13,7.0,2.99,2.92,0.464,1.53,368,True,ok
0190004AR,Platanus × acerifolia,428583,13.11,38.5,7.0,7.96,0.115,4.33,671,True,ok
0190005AR,Jacaranda mimosifolia,428583,,0.0,0.0,,,,0,True,no_crown_detected
0190009AR,Styphnolobium japonicum,428583,8.38,14.5,4.3,5.24,0.153,3.76,203,True,ok
0190014AR,Styphnolobium japonicum,428583,7.63,4.8,2.46,3.54,0.306,2.37,213,True,ok
0190015AR,Catalpa bignonioides,428583,14.15,68.5,9.34,4.7,0.442,1.63,2876,True,ok
0190016AR,Platanus × acerifolia,428583,13.45,0.8,0.98,13.22,0.0,7.82,3,True,no_crown_detected
0190022AR,Ligustrum lucidum,428583,4.86,10.8,3.7,3.35,0.387,1.9,119,True,ok
0190035AR,Platanus × acerifolia,428583,14.17,106.8,11.66,7.76,0.16,3.67,4140,True,ok
0190039AR,Platanus × acerifolia,428583,15.98,165.8,14.53,6.15,0.123,4.2,3631,True,ok
0190041AR,Platanus × acerifolia,428583,17.32,94.8,10.98,7.7,0.2,3.22,3887,True,ok
0190042AR,Platanus × acerifolia,428583,16.46,36.8,6.84,8.89,0.076,5.16,1293,True,ok
0190046AR,Nerium oleander,428583,16.76,5.8,2.71,3.46,0.256,2.72,121,True,ok
0190047AR,Ligustrum lucidum,428583,16.3,5.8,2.71,3.87,0.337,2.18,251,True,ok
0190048AR,Ligustrum lucidum,428583,8.21,19.8,5.01,5.12,0.382,1.93,526,True,ok
0190050AR,Platanus × acerifolia,428583,10.0,2.0,1.6,7.62,0.209,3.13,67,True,ok
0190055AR,Prunus cerasifera,428583,,0.0,0.0,,,,0,True,no_crown_detected
0190057AR,Ligustrum lucidum,428583,8.19,26.5,5.81,4.24,0.175,3.48,473,True,ok
0190060AR,Pinus pinea,428583,9.02,5.5,2.65,7.51,0.413,1.77,104,True,ok
0190066AR,Styphnolobium japonicum,428583,25.32,62.5,8.92,6.07,0.21,3.12,2049,True,ok
0190069AR,Styphnolobium japonicum,428583,6.65,10.5,3.66,2.34,0.098,4.64,122,True,ok
0190072AR,Brachychiton populneus,428583,17.48,18.2,4.82,7.13,0.203,3.19,992,True,ok
0190073AR,Brachychiton populneus,428583,16.78,2.0,1.6,6.72,0.188,3.35,171,True,ok
0190075AR,Ligustrum lucidum,428583,8.53,15.5,4.44,6.05,0.371,1.98,548,True,ok
0190083AR,Citrus × aurantium,428583,6.91,26.8,5.84,4.39,0.146,3.84,321,True,ok
0190084AR,Ginkgo biloba,428583,8.67,13.0,4.07,4.26,0.311,2.33,241,True,ok
0190085AR,Celtis australis,428583,7.77,16.0,4.51,4.86,0.352,2.09,670,True,ok
0190089AR,Styphnolobium japonicum,428583,,0.0,0.0,,,,0,True,no_crown_detected
0190093AR,Ligustrum lucidum,428583,8.0,29.0,6.08,5.3,0.35,2.1,888,True,ok
0190094AR,Robinia pseudoacacia,428583,11.18,56.5,8.48,5.92,0.172,3.51,974,True,ok
0190099AR,Pyrus calleryana,428583,,0.0,0.0,,,,0,True,no_crown_detected
0190107AR,Platanus × acerifolia,428583,13.79,55.8,8.43,5.0,0.112,4.38,2182,True,ok
0190123AR,Ligustrum lucidum,428583,,0.0,0.0,,,,0,True,no_crown_detected
0190126AR,Pyrus calleryana,428583,,0.0,0.0,,,,0,True,no_crown_detected
0190129AR,Platanus × acerifolia,428583,15.01,46.5,7.69,7.85,0.138,3.97,1111,True,ok
0190130AR,Styphnolobium japonicum,428583,5.85,6.2,2.82,3.44,0.361,2.04,147,True,ok
0190132AR,Pyrus calleryana,428583,8.82,10.5,3.66,4.94,0.242,2.84,215,True,ok
0190139AR,Jacaranda mimosifolia,428583,20.05,137.2,13.22,4.11,0.143,3.89,3221,True,ok
0190143AR,Prunus cerasifera,428583,3.8,4.2,2.33,3.03,0.356,2.06,115,False,tile_edge
0190145AR,Pyrus calleryana,428583,20.29,9.0,3.39,4.13,0.269,2.63,171,True,ok
0190147AR,Ligustrum lucidum,428583,8.95,47.5,7.78,5.22,0.248,2.79,649,True,ok
0190151AR,Robinia pseudoacacia,428583,10.3,30.8,6.26,5.65,0.252,2.76,493,True,ok
0190152AR,Ceratonia siliqua,428583,13.04,74.8,9.76,4.64,0.114,4.35,3982,True,ok
0190153AR,Styphnolobium japonicum,428583,9.06,10.2,3.61,5.69,0.275,2.59,153,True,ok
0190154AR,Jacaranda mimosifolia,428583,7.99,14.2,4.26,3.96,0.304,2.38,391,True,ok
0190155AR,Ligustrum lucidum,428583,8.27,19.5,4.98,6.03,0.408,1.79,549,True,ok
0190159AR,Styphnolobium japonicum,428583,,0.0,0.0,,,,0,True,no_crown_detected
0190160AR,Styphnolobium japonicum,428583,13.62,33.5,6.53,7.16,0.227,2.96,1530,True,ok
0190161AR,Ligustrum lucidum,428583,9.32,28.0,5.97,6.15,0.342,2.14,365,True,ok
0190162AR,Ligustrum lucidum,428583,9.25,37.8,6.93,6.39,0.423,1.72,1325,False,tile_edge
0190163AR,Platanus × acerifolia,428583,23.81,94.2,10.95,8.33,0.131,4.06,1960,True,ok
0190165AR,Ulmus pumila,428583,20.48,40.2,7.16,6.74,0.263,2.67,1586,True,ok
0190167AR,Pyrus calleryana,428583,,0.0,0.0,,,,0,True,no_crown_detected
0190172AR,Platanus × acerifolia,428583,,0.0,0.0,,,,0,True,no_crown_detected
0190176AR,Ligustrum lucidum,428583,7.42,26.2,5.78,5.22,0.328,2.23,399,True,ok
0190177AR,Pyrus calleryana,428583,,0.0,0.0,,,,0,True,no_crown_detected
0190181AR,Platanus × acerifolia,428583,22.97,103.0,11.45,9.91,0.077,5.14,2412,True,ok
0190184AR,Platanus × acerifolia,428583,13.81,1.5,1.38,7.71,0.071,5.28,14,True,no_crown_detected
0190186AR,Pyrus calleryana,428583,,0.0,0.0,,,,0,True,no_crown_detected
0190193AR,Jacaranda mimosifolia,428583,4.38,3.8,2.19,3.74,0.177,3.46,62,True,ok
0190196AR,Ginkgo biloba,428583,7.23,10.8,3.7,2.43,0.351,2.09,259,True,ok
0190197AR,Citrus × aurantium,428583,13.85,35.2,6.7,4.94,0.172,3.52,1872,True,ok
0190198AR,Casuarina cunninghamiana,428583,10.5,49.0,7.9,4.05,0.43,1.69,2147,True,ok
0190201AR,Ligustrum lucidum,428583,9.89,72.5,9.61,4.8,0.289,2.48,3100,True,ok
0190203AR,Morus alba,428583,5.72,16.5,4.58,3.44,0.375,1.96,567,True,ok
0190206AR,Tipuana tipu,428583,15.14,139.2,13.32,8.23,0.135,4.0,4807,True,ok
0190207AR,Platanus × acerifolia,428583,12.81,50.8,8.04,4.2,0.273,2.59,1919,True,ok
0190212AR,Platanus × acerifolia,428583,18.25,92.5,10.85,10.47,0.141,3.92,1864,True,ok
0190213AR,Styphnolobium japonicum,428583,11.67,42.2,7.33,7.31,0.162,3.64,679,True,ok
0190214AR,Styphnolobium japonicum,428583,13.67,59.5,8.7,6.77,0.199,3.23,2548,True,ok
0190215AR,Styphnolobium japonicum,428583,9.9,74.8,9.76,3.43,0.125,4.17,1261,True,ok
0190221AR,Styphnolobium japonicum,428583,20.59,42.0,7.31,4.87,0.14,3.94,1081,True,ok
0190224AR,Tipuana tipu,428583,15.66,98.5,11.2,9.78,0.13,4.07,2951,True,ok
0190226AR,Platanus × acerifolia,428583,24.98,66.0,9.17,6.25,0.172,3.53,1253,True,ok
0190232AR,Koelreuteria paniculata,428583,6.24,21.8,5.26,3.57,0.381,1.93,758,True,ok
0190236AR,Styphnolobium japonicum,428583,17.67,4.8,2.46,3.77,0.0,7.82,75,True,ok
0190237AR,Pyrus calleryana,428583,,0.0,0.0,,,,0,True,no_crown_detected
0190242AR,Citrus × aurantium,428583,3.29,0.2,0.56,3.29,0.667,0.81,3,True,no_crown_detected
0190244AR,Ligustrum lucidum,428583,6.01,17.2,4.69,3.63,0.343,2.14,178,True,ok
0190247AR,Platanus × acerifolia,428583,25.47,96.0,11.06,8.55,0.14,3.93,3823,True,ok
0190254AR,Ginkgo biloba,428583,3.98,4.5,2.39,2.21,0.398,1.84,151,True,ok
0190257AR,Pyrus calleryana,428583,26.34,16.8,4.62,6.44,0.171,3.53,625,True,ok
0190259AR,Citrus × aurantium,428583,5.42,11.8,3.87,3.41,0.283,2.53,145,True,ok
0190260AR,Ligustrum lucidum,428583,,0.0,0.0,,,,0,True,no_crown_detected
0190268AR,Platanus × acerifolia,428583,18.82,162.2,14.37,9.49,0.085,4.92,4552,True,ok
0190291AR,Platanus × acerifolia,428583,14.61,2.5,1.78,7.03,0.35,2.1,61,True,ok
0190296AR,Morus alba,428583,5.32,22.8,5.38,2.7,0.346,2.12,558,True,ok
0190297AR,Nerium oleander,428583,5.3,9.0,3.39,3.2,0.375,1.96,120,True,ok
0190300AR,Ligustrum lucidum,428583,12.1,127.2,12.73,3.72,0.212,3.1,2639,True,ok
0190304AR,Pyrus calleryana,428583,17.75,21.0,5.17,4.68,0.297,2.43,754,True,ok
0190307AR,Platanus × acerifolia,428583,26.23,54.2,8.31,6.56,0.173,3.51,1085,True,ok
0190308AR,Ligustrum lucidum,428583,8.06,23.0,5.41,5.53,0.414,1.77,295,True,ok
0190309AR,Ligustrum lucidum,428583,6.77,11.8,3.87,4.78,0.339,2.17,124,True,ok
0190311AR,Ginkgo biloba,428583,7.48,6.2,2.82,2.99,0.253,2.75,239,True,ok
0190314AR,Styphnolobium japonicum,428583,6.61,40.5,7.18,3.58,0.297,2.43,784,True,ok
0190316AR,Catalpa bignonioides,428583,11.66,29.0,6.08,5.79,0.307,2.36,907,True,ok
0190317AR,Magnolia grandiflora,428583,12.1,32.5,6.43,3.33,0.249,2.78,477,True,ok
0190318AR,Pyrus calleryana,428583,7.06,5.0,2.52,3.11,0.385,1.91,65,True,ok
0190323AR,Acer × freemanii AUTUMN,428583,9.01,20.2,5.08,3.72,0.333,2.2,1003,True,ok
0190324AR,Styphnolobium japonicum,428583,5.92,18.8,4.89,2.65,0.298,2.42,579,True,ok
0190325AR,Ginkgo biloba,428583,4.69,6.0,2.76,2.18,0.44,1.64,152,True,ok
0190330AR,Ligustrum lucidum,428583,7.69,16.0,4.51,4.76,0.412,1.77,554,True,ok
0190336AR,Brachychiton populneus,428583,28.53,53.5,8.25,4.73,0.262,2.68,1599,True,ok
0190345AR,Platanus × acerifolia,428583,19.53,94.8,10.98,8.6,0.179,3.44,3446,True,ok
0190347AR,Platanus × acerifolia,428583,23.79,72.0,9.57,6.75,0.2,3.22,2364,True,ok
0190351AR,Ligustrum lucidum,428583,9.07,15.8,4.48,5.98,0.343,2.14,362,True,ok
0190352AR,Ginkgo biloba,428583,7.1,6.2,2.82,2.96,0.375,1.96,219,True,ok
0190353AR,Ligustrum lucidum,428583,5.57,13.5,4.15,2.88,0.366,2.01,470,True,ok
0190354AR,Olea europaea,428583,9.52,59.8,8.72,5.21,0.263,2.67,1249,True,ok
0190355AR,Ginkgo biloba,428583,7.1,7.8,3.14,2.9,0.336,2.18,302,True,ok
0190359AR,Platanus × acerifolia,428583,13.41,42.0,7.31,9.12,0.023,7.58,619,True,ok
0190366AR,Casuarina cunninghamiana,428583,19.82,40.8,7.2,5.97,0.342,2.15,2206,True,ok
0190368AR,Morus alba,428583,5.99,11.2,3.78,3.44,0.446,1.62,359,True,ok
0190373AR,Ligustrum lucidum,428583,9.9,49.2,7.92,5.53,0.242,2.84,1941,True,ok
0190374AR,Styphnolobium japonicum,428583,12.15,45.2,7.59,6.29,0.166,3.59,923,True,ok
0190375AR,Cupressus sempervirens,428583,16.96,7.5,3.09,3.82,0.203,3.19,232,True,ok
0190376AR,Cupressus sempervirens,428583,6.47,7.2,3.04,4.15,0.228,2.96,278,False,tile_edge
0190378AR,Koelreuteria paniculata,428583,5.86,5.2,2.59,3.93,0.468,1.52,228,True,ok
0190381AR,Ligustrum lucidum,428583,6.39,16.5,4.58,4.13,0.434,1.67,587,True,ok
0190383AR,Platanus × acerifolia,428583,23.8,57.8,8.57,8.37,0.129,4.09,2055,True,ok
0190396AR,Styphnolobium japonicum,428583,9.17,8.0,3.19,3.5,0.168,3.57,119,True,ok
0190398AR,Melia azedarach,428583,22.41,94.2,10.95,8.67,0.112,4.39,1730,True,ok
0190400AR,Robinia pseudoacacia,428583,6.17,2.8,1.87,4.94,0.0,7.82,20,True,few_points
0190402AR,Platanus × acerifolia,428583,25.99,71.2,9.52,9.22,0.164,3.61,2706,True,ok
0190403AR,Ligustrum lucidum,428583,7.62,22.5,5.35,4.81,0.357,2.06,714,False,tile_edge
0190405AR,Styphnolobium japonicum,428583,9.33,23.5,5.47,4.21,0.272,2.6,941,True,ok
0190407AR,Koelreuteria paniculata,428583,27.96,42.8,7.38,7.28,0.153,3.76,1199,True,ok
0190408AR,Styphnolobium japonicum,428583,11.83,28.2,6.0,6.46,0.18,3.43,1032,True,ok
0190412AR,Casuarina cunninghamiana,428583,10.6,32.5,6.43,5.05,0.414,1.76,1462,True,ok
0190413AR,Pyrus calleryana,428583,7.64,4.5,2.39,1.68,0.232,2.92,69,True,ok
0190414AR,Morus alba,428583,5.93,17.5,4.72,3.98,0.32,2.28,509,True,ok
0190417AR,Ligustrum lucidum,428583,5.65,3.0,1.95,4.14,0.529,1.27,34,True,few_points
0190419AR,Platanus × acerifolia,428583,16.07,57.2,8.54,7.72,0.209,3.13,2071,True,ok
0190427AR,Platanus × acerifolia,428583,26.81,17.2,4.69,11.4,0.049,6.03,831,True,ok
0190428AR,Ligustrum lucidum,428583,27.75,31.2,6.31,5.07,0.232,2.92,616,True,ok
0190429AR,Ligustrum lucidum,428583,7.67,5.2,2.59,3.81,0.362,2.03,163,True,ok
0190431AR,Brachychiton populneus,428583,8.98,15.8,4.48,4.21,0.275,2.58,464,True,ok
0190432AR,Platanus × acerifolia,428583,17.63,69.5,9.41,9.56,0.216,3.07,2934,True,ok
0190433AR,Robinia pseudoacacia,428583,6.44,12.5,3.99,3.24,0.404,1.81,166,True,ok
0190437AR,Morus alba,428583,5.08,2.0,1.6,2.55,0.118,4.28,19,True,few_points
0190440AR,Ginkgo biloba,428583,4.38,3.5,2.11,2.21,0.411,1.78,120,True,ok
0190441AR,Acer monspessulanum,428583,4.04,2.0,1.6,2.22,0.481,1.46,72,True,ok
0190443AR,Platanus × acerifolia,428583,13.35,1.0,1.13,8.6,0.2,3.22,10,True,no_crown_detected
0190447AR,Ginkgo biloba,428583,27.74,29.0,6.08,3.94,0.163,3.62,557,True,ok
0190450AR,Ligustrum lucidum,428583,6.76,19.8,5.01,4.44,0.316,2.3,307,True,ok
0190453AR,Prunus cerasifera,428583,7.59,4.5,2.39,4.36,0.393,1.87,115,False,tile_edge
0190454AR,Quercus ilex,428583,12.05,168.8,14.66,4.56,0.119,4.26,7244,True,ok
0190456AR,Jacaranda mimosifolia,428583,6.37,23.5,5.47,4.19,0.428,1.7,526,True,ok
0190457AR,Styphnolobium japonicum,428583,23.01,21.5,5.23,6.26,0.16,3.67,1022,False,tile_edge
0190459AR,Olea europaea,428583,8.61,66.8,9.22,4.86,0.258,2.71,1211,True,ok
0190464AR,Platanus × acerifolia,428583,16.44,92.2,10.84,5.45,0.085,4.93,2140,True,ok
0190465AR,Ligustrum lucidum,428583,7.02,18.5,4.85,4.28,0.458,1.56,485,True,ok
0190466AR,Platanus × acerifolia,428583,9.56,10.8,3.7,6.83,0.264,2.66,121,True,ok
0190467AR,Styphnolobium japonicum,428583,,0.0,0.0,,,,0,True,no_crown_detected
0190471AR,Platanus × acerifolia,428583,15.97,160.8,14.31,3.39,0.115,4.33,3657,True,ok
0190472AR,Hibiscus syriacus,428583,17.75,6.0,2.76,2.97,0.273,2.59,128,True,ok
0190475AR,Platanus × acerifolia,428583,17.01,86.2,10.48,5.39,0.139,3.94,4001,True,ok
0190477AR,Styphnolobium japonicum,428583,4.7,2.8,1.87,2.32,0.326,2.24,43,True,few_points
0190486AR,Ligustrum lucidum,428583,5.76,14.5,4.3,3.81,0.431,1.68,486,True,ok
0190487AR,Melia azedarach,428583,9.74,27.8,5.94,5.72,0.283,2.53,361,True,ok
0190492AR,Jacaranda mimosifolia,428583,,0.0,0.0,,,,0,True,no_crown_detected
0190495AR,Melia azedarach,428583,23.28,45.5,7.61,8.0,0.177,3.46,808,True,ok
0190496AR,Ligustrum lucidum,428583,6.01,10.8,3.7,3.43,0.2,3.22,205,True,ok
0190497AR,Styphnolobium japonicum,428583,15.12,150.2,13.83,5.71,0.183,3.4,3320,True,ok
0190506AR,Melia azedarach,428583,30.36,86.8,10.51,5.89,0.165,3.6,1417,True,ok
0190507AR,Pyrus calleryana,428583,8.74,10.0,3.57,6.71,0.44,1.64,345,True,ok
0190508AR,Ligustrum lucidum,428583,27.64,42.0,7.31,6.02,0.235,2.9,1746,True,ok
0190510AR,Ligustrum lucidum,428583,,0.0,0.0,,,,0,True,no_crown_detected
0190512AR,Pyrus calleryana,428583,8.48,26.5,5.81,5.26,0.29,2.48,269,True,ok
0190516AR,Robinia pseudoacacia,428583,5.93,5.2,2.59,3.31,0.387,1.9,75,True,ok
0190519AR,Koelreuteria paniculata,428583,10.28,96.8,11.1,6.72,0.214,3.09,1431,True,ok
0190520AR,Styphnolobium japonicum,428583,,0.0,0.0,,,,0,True,no_crown_detected
0190523AR,Styphnolobium japonicum,428583,25.21,6.8,2.93,9.77,0.0,7.82,148,True,ok
0190525AR,Platanus × acerifolia,428583,18.36,84.5,10.37,8.46,0.108,4.45,1610,True,ok
0190528AR,Ligustrum lucidum,428583,7.36,21.0,5.17,5.4,0.402,1.82,644,True,ok
0190529AR,Platanus × acerifolia,428583,17.06,59.8,8.72,9.53,0.06,5.63,1084,True,ok
0190535AR,Jacaranda mimosifolia,428583,5.65,1.2,1.26,2.68,0.286,2.51,21,True,no_crown_detected
0190536AR,Casuarina cunninghamiana,428583,10.62,11.8,3.87,4.51,0.373,1.97,610,True,ok
0190537AR,Ulmus pumila,428583,7.81,2.5,1.78,6.63,0.354,2.08,82,False,tile_edge
0190543AR,Prunus cerasifera,428583,4.67,6.5,2.88,3.3,0.443,1.63,106,True,ok
0190547AR,Ligustrum lucidum,428583,,0.0,0.0,,,,0,True,no_crown_detected
0190548AR,Platanus × acerifolia,428583,19.04,121.8,12.45,9.44,0.124,4.17,4575,True,ok
0190549AR,Styphnolobium japonicum,428583,19.49,73.5,9.67,2.95,0.225,2.98,2504,True,ok
0190552AR,Acer monspessulanum,428583,6.42,2.0,1.6,5.8,0.538,1.24,53,True,ok
0190554AR,Ginkgo biloba,428583,,0.0,0.0,,,,0,True,no_crown_detected
0190555AR,Platanus × acerifolia,428583,14.18,1.5,1.38,12.58,0.154,3.74,23,True,no_crown_detected
0190557AR,Robinia pseudoacacia,428583,23.02,100.8,11.33,6.12,0.161,3.65,2338,True,ok
0190558AR,Olea europaea,428583,6.67,7.5,3.09,3.3,0.291,2.47,151,True,ok
0190564AR,Robinia pseudoacacia,428583,5.76,12.5,3.99,3.37,0.226,2.98,164,False,tile_edge
0190569AR,Platanus × acerifolia,428583,16.46,51.0,8.06,7.76,0.173,3.51,982,True,ok
0190571AR,Ligustrum lucidum,428583,7.12,20.2,5.08,5.06,0.306,2.37,694,True,ok
0190572AR,Styphnolobium japonicum,428583,8.08,21.8,5.26,4.09,0.204,3.18,708,True,ok
0190576AR,Pyrus calleryana,428583,5.78,6.5,2.88,4.31,0.389,1.89,95,True,ok
0190577AR,Citrus × aurantium,428583,6.16,2.2,1.69,4.36,0.261,2.69,46,True,few_points
0190583AR,Styphnolobium japonicum,428583,6.1,70.8,9.49,2.99,0.51,1.35,3272,True,ok
0190586AR,Pyrus calleryana,428583,,0.0,0.0,,,,0,True,no_crown_detected
0190587AR,Melia azedarach,428583,12.4,0.5,0.8,11.56,0.0,7.82,2,True,no_crown_detected
0190588AR,Pyrus calleryana,428583,6.0,21.5,5.23,3.68,0.346,2.12,415,True,ok
0190589AR,Styphnolobium japonicum,428583,9.25,58.0,8.59,4.46,0.241,2.84,2765,True,ok
0190595AR,Styphnolobium japonicum,428583,8.94,69.5,9.41,2.46,0.244,2.82,2893,True,ok
0190597AR,Pinus pinea,428583,4.2,6.5,2.88,2.86,0.497,1.4,153,True,ok
0190602AR,Styphnolobium japonicum,428583,,0.0,0.0,,,,0,True,no_crown_detected
0190603AR,Ginkgo biloba,428583,26.59,13.5,4.15,3.78,0.383,1.92,591,True,ok
0190608AR,Ginkgo biloba,428583,6.62,5.2,2.59,2.85,0.446,1.62,176,True,ok
0190611AR,Platanus × acerifolia,428583,13.8,2.2,1.69,9.62,0.118,4.28,51,True,ok
0190618AR,Pyrus calleryana,428583,9.23,13.2,4.11,3.86,0.434,1.67,533,True,ok
0190621AR,Cupressus sempervirens,428583,12.45,14.0,4.22,5.11,0.139,3.95,396,True,ok
0190622AR,Melia azedarach,428583,15.07,80.5,10.12,6.79,0.142,3.91,1501,True,ok
0190623AR,Platanus × acerifolia,428583,14.51,52.8,8.2,8.36,0.208,3.14,1051,True,ok
0190625AR,Ligustrum lucidum,428583,8.41,25.5,5.7,2.98,0.19,3.32,312,True,ok
0190626AR,Robinia pseudoacacia,428583,6.12,7.2,3.04,4.27,0.057,5.74,53,True,ok
0190630AR,Platanus × acerifolia,428583,,0.0,0.0,,,,0,True,no_crown_detected
0190641AR,Platanus × acerifolia,428583,17.53,51.2,8.08,8.42,0.215,3.08,1899,True,ok
0190643AR,Platanus × acerifolia,428583,9.43,35.5,6.72,2.12,0.173,3.51,1308,True,ok
0190645AR,Prunus cerasifera,428583,,0.0,0.0,,,,0,True,no_crown_detected
0190647AR,Ligustrum lucidum,428583,10.43,23.8,5.5,6.18,0.253,2.75,913,True,ok
0190649AR,Ligustrum lucidum,428583,7.91,24.5,5.59,2.31,0.251,2.77,682,True,ok
0190650AR,Styphnolobium japonicum,428583,6.09,0.2,0.56,4.59,0.2,3.22,5,True,no_crown_detected
0190651AR,Ligustrum lucidum,428583,19.57,38.8,7.02,7.02,0.152,3.77,566,True,ok
0190652AR,Casuarina cunninghamiana,428583,12.51,17.0,4.65,4.9,0.375,1.96,976,True,ok
0190661AR,Styphnolobium japonicum,428583,9.56,55.8,8.43,4.55,0.189,3.33,2004,True,ok
0190666AR,Citrus × aurantium,428583,,0.0,0.0,,,,0,True,no_crown_detected
0190669AR,Pyrus calleryana,428583,,0.0,0.0,,,,0,True,no_crown_detected
0190672AR,Tipuana tipu,428583,18.15,206.2,16.21,9.63,0.139,3.95,9090,True,ok
0190674AR,Casuarina cunninghamiana,428583,10.62,48.0,7.82,5.73,0.417,1.75,2161,True,ok
0190677AR,Pyrus calleryana,428583,16.51,11.5,3.83,4.14,0.209,3.13,296,True,ok
0190680AR,Ligustrum lucidum,428583,5.36,14.5,4.3,3.26,0.577,1.1,622,True,ok
0190681AR,Ligustrum lucidum,428583,4.02,4.0,2.26,2.7,0.386,1.9,121,True,ok
0190683AR,Acer × freemanii AUTUMN,428583,7.58,10.0,3.57,2.95,0.271,2.61,200,True,ok
0190685AR,Platanus × acerifolia,428583,15.0,5.0,2.52,9.77,0.205,3.17,117,True,ok
0190689AR,Prunus cerasifera,428583,16.79,1.2,1.26,12.44,0.194,3.28,36,True,no_crown_detected
0190692AR,Platanus × acerifolia,428583,16.24,81.0,10.16,7.28,0.09,4.82,1640,True,ok
0190697AR,Styphnolobium japonicum,428583,8.34,45.2,7.59,2.36,0.208,3.14,721,True,ok
0190698AR,Ligustrum lucidum,428583,7.25,16.2,4.55,4.09,0.303,2.39,195,True,ok
0190700AR,Platanus × acerifolia,428583,12.71,3.8,2.19,10.56,0.136,3.98,86,True,ok
0190701AR,Platanus × acerifolia,428583,11.05,1.0,1.13,9.51,0.5,1.39,35,True,no_crown_detected
0190704AR,Styphnolobium japonicum,428583,26.03,90.0,10.7,8.34,0.124,4.18,1935,True,ok
0190707AR,Ginkgo biloba,428583,7.09,3.2,2.03,2.64,0.291,2.47,129,True,ok
0190709AR,Ligustrum lucidum,428583,5.07,7.8,3.14,3.52,0.435,1.66,248,True,ok
0190711AR,Styphnolobium japonicum,428583,7.25,26.2,5.78,4.03,0.454,1.58,1208,True,ok
0190713AR,Pinus halepensis,428583,,0.0,0.0,,,,0,True,no_crown_detected
0190714AR,Prunus cerasifera,428583,17.49,9.8,3.52,3.12,0.162,3.64,314,True,ok
0190723AR,Styphnolobium japonicum,428583,20.37,49.0,7.9,4.89,0.175,3.49,962,True,ok
0190726AR,Styphnolobium japonicum,428583,5.95,21.0,5.17,3.02,0.482,1.46,977,True,ok
0190727AR,Platanus × acerifolia,428583,20.72,117.8,12.24,9.62,0.152,3.77,5178,True,ok
0190731AR,Styphnolobium japonicum,428583,20.51,14.5,4.3,5.97,0.121,4.22,993,True,ok
0190733AR,Platanus × acerifolia,428583,16.46,89.2,10.66,9.33,0.295,2.44,4289,True,ok
0190734AR,Ligustrum lucidum,428583,7.69,27.0,5.86,4.83,0.408,1.79,825,True,ok
0190735AR,Styphnolobium japonicum,428583,14.21,3.0,1.95,3.5,0.171,3.53,76,True,ok
0190739AR,Ligustrum lucidum,428583,19.38,2.0,1.6,6.88,0.207,3.15,29,True,few_points
0190740AR,Ginkgo biloba,428583,5.83,3.0,1.95,2.26,0.398,1.84,168,True,ok
0190741AR,Styphnolobium japonicum,428583,13.38,72.8,9.62,5.63,0.193,3.29,1199,True,ok
0190745AR,Platanus × acerifolia,428583,11.39,1.8,1.49,7.54,0.344,2.14,49,True,no_crown_detected
0190747AR,Ligustrum lucidum,428583,10.67,30.8,6.26,5.94,0.235,2.89,727,True,ok
0190748AR,Brachychiton populneus,428583,10.26,22.2,5.32,4.72,0.27,2.62,905,True,ok
0190749AR,Robinia pseudoacacia,428583,7.31,15.2,4.41,4.23,0.221,3.02,328,True,ok
0190752AR,Styphnolobium japonicum,428583,26.52,1.2,1.26,9.17,0.065,5.48,62,True,no_crown_detected
0190757AR,Pinus pinea,428583,13.15,87.0,10.52,4.61,0.252,2.75,2374,True,ok
0190758AR,Styphnolobium japonicum,428583,24.56,37.5,6.91,6.3,0.082,5.01,672,True,ok
0190760AR,Ligustrum japonicum,428583,7.42,17.2,4.69,4.44,0.416,1.75,324,True,ok
0190763AR,Platanus × acerifolia,428583,27.1,126.5,12.69,8.8,0.106,4.48,4563,True,ok
0190767AR,Ligustrum lucidum,428583,,0.0,0.0,,,,0,True,no_crown_detected
0190768AR,Ulmus pumila,428583,15.26,25.5,5.7,3.66,0.263,2.67,486,True,ok
0190769AR,Platanus × acerifolia,428583,21.69,54.5,8.33,5.79,0.181,3.42,2037,True,ok
0190771AR,Ligustrum lucidum,428583,7.03,15.2,4.41,5.07,0.423,1.72,486,True,ok
0190774AR,Styphnolobium japonicum,428583,7.75,8.2,3.24,4.38,0.282,2.53,213,True,ok
0190779AR,Platanus × acerifolia,428583,15.79,105.8,11.6,4.27,0.161,3.65,4190,True,ok
0190782AR,Ginkgo biloba,428583,8.48,22.5,5.35,3.79,0.301,2.4,395,True,ok
0190783AR,Styphnolobium japonicum,428583,8.68,3.0,1.95,4.75,0.176,3.47,34,True,few_points
0190788AR,Ligustrum lucidum,428583,7.88,29.8,6.15,2.25,0.172,3.53,408,True,ok
0190789AR,Platanus × acerifolia,428583,19.76,115.2,12.11,9.81,0.188,3.34,4839,False,tile_edge
0190794AR,Pyrus calleryana,428583,,0.0,0.0,,,,0,True,no_crown_detected
0190799AR,Ligustrum lucidum,428583,6.97,13.5,4.15,5.24,0.397,1.85,408,True,ok
0190802AR,Styphnolobium japonicum,428583,10.16,52.5,8.18,5.6,0.382,1.93,2308,False,tile_edge
0190804AR,Melia azedarach,428583,23.66,79.8,10.08,7.39,0.155,3.72,1700,True,ok
0190806AR,Platanus × acerifolia,428583,28.88,146.2,13.65,8.58,0.154,3.75,6744,True,ok
0190808AR,Ligustrum lucidum,428583,7.08,28.2,6.0,4.17,0.333,2.2,774,True,ok
0190811AR,Styphnolobium japonicum,428583,12.21,2.2,1.69,9.12,0.122,4.2,49,True,few_points
0190812AR,Cercis siliquastrum,428583,8.2,42.0,7.31,3.97,0.343,2.14,1210,True,ok
0190813AR,Pinus pinea,428583,6.29,24.2,5.56,2.89,0.188,3.35,724,True,ok
0190815AR,Melia azedarach,428583,9.64,48.0,7.82,6.56,0.261,2.69,778,True,ok
0190818AR,Ginkgo biloba,428583,8.69,17.2,4.69,3.19,0.331,2.21,305,True,ok
0190820AR,Robinia pseudoacacia,428583,7.61,19.0,4.92,3.68,0.224,2.99,294,True,ok
0190821AR,Ligustrum lucidum,428583,,0.0,0.0,,,,0,True,no_crown_detected
0190822AR,Styphnolobium japonicum,428583,25.38,74.8,9.76,5.32,0.146,3.85,1296,True,ok
0190827AR,Ligustrum lucidum,428583,5.12,6.5,2.88,3.8,0.423,1.72,234,True,ok
0190828AR,Ligustrum lucidum,428583,9.36,2.8,1.87,8.14,0.436,1.66,39,True,few_points
0190829AR,Platanus × acerifolia,428583,23.09,187.8,15.46,10.16,0.084,4.96,4639,True,ok
0190831AR,Koelreuteria paniculata,428583,4.6,10.0,3.57,2.84,0.451,1.59,367,True,ok
0190832AR,Styphnolobium japonicum,428583,7.03,1.0,1.13,4.82,0.222,3.01,18,True,no_crown_detected
0190833AR,Ligustrum japonicum,428583,17.96,20.0,5.05,5.24,0.181,3.42,575,True,ok
0190835AR,Robinia pseudoacacia,428583,,0.0,0.0,,,,0,True,no_crown_detected
0190839AR,Platanus × acerifolia,428583,14.24,33.2,6.51,6.5,0.276,2.58,1419,True,ok
0190842AR,Ligustrum lucidum,428583,,0.0,0.0,,,,0,True,no_crown_detected
0190843AR,Catalpa bignonioides,428583,8.62,0.2,0.56,7.11,0.25,2.77,7,True,no_crown_detected
0190844AR,Styphnolobium japonicum,428583,24.39,36.5,6.82,3.6,0.159,3.68,1564,True,ok
0190847AR,Styphnolobium japonicum,428583,8.2,7.8,3.14,3.95,0.146,3.85,185,True,ok
0190849AR,Pyrus calleryana,428583,4.46,2.0,1.6,2.8,0.323,2.26,56,True,ok
0190850AR,Ligustrum lucidum,428583,10.65,63.2,8.97,4.55,0.271,2.61,1911,True,ok
0190857AR,Platanus × acerifolia,428583,16.67,96.0,11.06,5.58,0.141,3.91,1796,True,ok
0190860AR,Nerium oleander,428583,4.67,6.2,2.82,3.32,0.236,2.89,74,True,ok
0190861AR,Robinia pseudoacacia,428583,11.96,0.5,0.8,8.39,0.0,7.82,3,True,no_crown_detected
0190863AR,Casuarina cunninghamiana,428583,14.81,90.5,10.73,4.94,0.352,2.09,4291,True,ok
0190865AR,Styphnolobium japonicum,428583,9.76,111.8,11.93,3.75,0.348,2.11,5579,True,ok
0190867AR,Ligustrum lucidum,428583,7.2,21.2,5.2,3.69,0.324,2.26,629,True,ok
0190868AR,Platanus × acerifolia,428583,8.62,0.2,0.56,8.52,0.5,1.39,4,True,no_crown_detected
0190871AR,Platanus × acerifolia,428583,15.62,47.0,7.74,7.36,0.162,3.64,976,True,ok
0190872AR,Platanus × acerifolia,428583,27.34,93.5,10.91,8.04,0.174,3.5,2383,True,ok
0190873AR,Ligustrum lucidum,428583,19.34,31.8,6.36,7.28,0.049,6.02,1406,True,ok
0190875AR,Firmiana simplex,428583,9.17,70.2,9.46,4.34,0.313,2.32,2284,True,ok
0190884AR,Citrus × aurantium,428583,5.41,19.5,4.98,3.59,0.27,2.62,263,True,ok
0190888AR,Platanus × acerifolia,428583,17.2,82.5,10.25,9.12,0.165,3.6,1910,True,ok
0190893AR,Koelreuteria paniculata,428583,6.79,9.8,3.52,3.87,0.33,2.21,115,True,ok
0190896AR,Platanus × acerifolia,428583,14.8,4.5,2.39,4.44,0.156,3.72,90,True,ok
0190899AR,Platanus × acerifolia,428583,16.28,130.8,12.9,7.83,0.129,4.1,2660,True,ok
0190900AR,Casuarina cunninghamiana,428583,10.66,25.0,5.64,4.92,0.386,1.9,1052,True,ok
0190901AR,Ligustrum lucidum,428583,4.4,2.5,1.78,4.07,0.44,1.64,68,True,ok
0190904AR,Ligustrum lucidum,428583,7.06,19.5,4.98,4.62,0.312,2.33,413,True,ok
0190906AR,Styphnolobium japonicum,428583,27.2,35.8,6.75,5.7,0.163,3.63,613,True,ok
0190911AR,Ligustrum lucidum,428583,16.99,11.8,3.87,4.36,0.244,2.82,217,True,ok
0190924AR,Platanus × acerifolia,428583,12.08,0.2,0.56,11.25,0.0,7.82,2,True,no_crown_detected
0190927AR,Ligustrum lucidum,428583,6.28,11.8,3.87,3.69,0.386,1.91,140,True,ok
0190930AR,Ligustrum lucidum,428583,4.31,9.2,3.43,3.32,0.406,1.8,106,True,ok
0190931AR,Citrus × aurantium,428583,,0.0,0.0,,,,0,True,no_crown_detected
0190932AR,Ligustrum lucidum,428583,7.61,12.8,4.03,4.48,0.225,2.98,173,True,ok
0190934AR,Ligustrum lucidum,428583,9.12,20.0,5.05,5.96,0.292,2.46,636,True,ok
0190935AR,Brachychiton populneus,428583,9.91,10.8,3.7,4.33,0.228,2.96,288,True,ok
0190936AR,Ligustrum lucidum,428583,3.48,3.2,2.03,2.73,0.629,0.93,121,True,ok
0190937AR,Ligustrum lucidum,428583,6.81,15.0,4.37,4.57,0.251,2.76,203,True,ok
0190941AR,Pinus pinea,428583,2.67,1.0,1.13,2.65,0.182,3.41,11,True,no_crown_detected
0190943AR,Platanus × acerifolia,428583,18.72,201.2,16.01,9.19,0.118,4.28,4707,True,ok
0190944AR,Platanus × acerifolia,428583,15.36,46.8,7.72,7.79,0.26,2.69,1701,True,ok
0190945AR,Casuarina cunninghamiana,428583,6.7,4.2,2.33,2.0,0.467,1.52,209,True,ok
0190947AR,Celtis australis,428583,5.13,0.2,0.56,2.51,0.1,4.61,15,True,no_crown_detected
0190953AR,Pyrus calleryana,428583,6.29,0.2,0.56,6.29,0.667,0.81,3,True,no_crown_detected
0190958AR,Acer buergerianum,428583,6.53,6.2,2.82,2.78,0.445,1.62,233,True,ok
0190959AR,Styphnolobium japonicum,428583,14.73,5.2,2.59,4.5,0.041,6.38,214,True,ok
0190961AR,Ligustrum lucidum,428583,5.23,8.0,3.19,3.42,0.374,1.97,107,True,ok
0190962AR,Ligustrum lucidum,428583,6.38,7.2,3.04,5.18,0.354,2.08,273,True,ok
0190963AR,Morus alba,428583,32.17,10.2,3.61,4.32,0.113,4.36,321,True,ok
0190964AR,Brachychiton populneus,428583,8.74,5.5,2.65,4.31,0.32,2.28,244,True,ok
0190965AR,Acer × freemanii AUTUMN,428583,7.48,19.2,4.95,3.85,0.315,2.31,749,True,ok
0190968AR,Ficus elastica,428583,6.64,8.0,3.19,2.96,0.154,3.74,158,True,ok
0190973AR,Morus alba,428583,,0.0,0.0,,,,0,True,no_crown_detected
0190975AR,Ligustrum lucidum,428583,22.4,9.2,3.43,5.44,0.411,1.78,204,True,ok
0190977AR,Ligustrum lucidum,428583,17.37,3.0,1.95,14.78,0.144,3.87,111,True,ok
0190980AR,Jacaranda mimosifolia,428583,8.9,28.8,6.05,5.11,0.342,2.15,717,True,ok
0190984AR,Ligustrum lucidum,428583,5.7,11.0,3.74,3.49,0.306,2.37,121,True,ok
0190985AR,Ligustrum lucidum,428583,7.32,41.5,7.27,5.37,0.315,2.31,575,True,ok
0190989AR,Ligustrum lucidum,428583,5.64,17.0,4.65,4.08,0.335,2.19,203,True,ok
0190999AR,Ginkgo biloba,428583,7.28,3.8,2.19,3.1,0.282,2.53,187,True,ok
0191001AR,Robinia pseudoacacia,428583,21.0,16.8,4.62,4.75,0.261,2.69,280,True,ok
0191003AR,Acer buergerianum,428583,20.93,7.0,2.99,13.33,0.115,4.32,408,True,ok
0191009AR,Platanus × acerifolia,428583,20.26,90.0,10.7,7.99,0.154,3.75,1967,True,ok
0191017AR,Ligustrum lucidum,428583,5.21,11.8,3.87,3.96,0.414,1.76,358,True,ok
0191023AR,Ligustrum lucidum,428583,7.1,23.2,5.44,4.81,0.476,1.48,707,True,ok
0191024AR,Melia azedarach,428583,24.25,7.0,2.99,7.3,0.0,7.82,90,True,ok
0191026AR,Platanus × acerifolia,428583,16.09,104.8,11.55,7.42,0.104,4.52,2273,True,ok
0191027AR,Styphnolobium japonicum,428583,4.7,10.0,3.57,3.46,0.512,1.34,404,True,ok
0191032AR,Pinus pinea,428583,,0.0,0.0,,,,0,True,no_crown_detected
0191036AR,Pyrus calleryana,428583,,0.0,0.0,,,,0,True,no_crown_detected
0191038AR,Styphnolobium japonicum,428583,9.3,19.5,4.98,4.96,0.27,2.62,585,True,ok
0191039AR,Ligustrum lucidum,428583,8.8,24.8,5.61,4.49,0.221,3.02,507,True,ok
0191041AR,Prunus cerasifera,428583,6.36,6.2,2.82,4.6,0.014,7.82,69,True,ok
0191047AR,Pinus pinea,428583,,0.0,0.0,,,,0,True,no_crown_detected
0191053AR,Ligustrum lucidum,428583,5.96,5.0,2.52,4.09,0.443,1.63,70,True,ok
0191063AR,Styphnolobium japonicum,428583,9.52,40.5,7.18,5.86,0.212,3.1,792,True,ok
0191076AR,Ligustrum lucidum,428583,6.66,11.2,3.78,4.98,0.43,1.69,121,True,ok
0191077AR,Ligustrum lucidum,428583,8.78,18.2,4.82,5.75,0.444,1.62,214,True,ok
0191082AR,Platanus × acerifolia,428583,23.35,40.5,7.18,5.94,0.096,4.69,635,True,ok
0191090AR,Cercis siliquastrum,428583,12.02,10.5,3.66,4.76,0.269,2.63,93,True,ok
0191092AR,Cercis siliquastrum,428583,25.51,55.5,8.41,4.34,0.269,2.62,2578,True,ok
0191094AR,Robinia pseudoacacia,428583,11.6,50.0,7.98,5.55,0.185,3.38,764,True,ok
0191097AR,Styphnolobium japonicum,428583,20.37,11.8,3.87,3.4,0.22,3.03,530,True,ok
0191102AR,Styphnolobium japonicum,428583,12.37,2.5,1.78,6.73,0.0,7.82,77,True,ok
0191103AR,Styphnolobium japonicum,428583,21.67,79.2,10.05,5.71,0.21,3.12,2885,True,ok
0191105AR,Styphnolobium japonicum,428583,9.07,3.0,1.95,4.36,0.048,6.09,42,True,few_points
0191106AR,Jacaranda mimosifolia,428583,4.92,9.5,3.48,3.62,0.294,2.45,197,True,ok
0191108AR,Brachychiton populneus,428583,17.01,50.8,8.04,4.93,0.151,3.78,1065,True,ok
0191110AR,Ligustrum lucidum,428583,5.32,7.5,3.09,4.04,0.424,1.72,256,True,ok
0191112AR,Ligustrum lucidum,428583,7.36,18.8,4.89,4.44,0.307,2.36,231,True,ok
0191114AR,Platanus × acerifolia,428583,18.88,85.8,10.45,7.77,0.112,4.38,1609,True,ok
0191116AR,Styphnolobium japonicum,428583,8.42,37.5,6.91,4.38,0.109,4.44,552,True,ok
0191119AR,Pyrus calleryana,428583,8.75,34.8,6.65,6.28,0.313,2.32,1166,True,ok
0191120AR,Platanus × acerifolia,428583,17.44,111.8,11.93,8.25,0.159,3.67,4516,True,ok
0191122AR,Melia azedarach,428583,17.92,72.2,9.59,7.22,0.102,4.56,1409,True,ok
0191124AR,Styphnolobium japonicum,428583,10.97,48.8,7.88,5.7,0.226,2.97,2214,True,ok
0191130AR,Platanus × acerifolia,428583,16.32,50.2,8.0,6.49,0.133,4.03,985,True,ok
0191133AR,Ginkgo biloba,428583,5.61,6.0,2.76,2.57,0.489,1.43,171,True,ok
0191139AR,Platanus × acerifolia,428583,9.39,3.5,2.11,4.58,0.163,3.62,146,True,ok
0191140AR,Jacaranda mimosifolia,428583,,0.0,0.0,,,,0,True,no_crown_detected
0191148AR,Ligustrum lucidum,428583,6.14,4.0,2.26,5.16,0.418,1.74,115,True,ok
0191150AR,Acer monspessulanum,428583,4.92,8.2,3.24,2.6,0.406,1.8,286,True,ok
0191156AR,Koelreuteria paniculata,428583,5.05,5.5,2.65,2.48,0.516,1.32,259,True,ok
0191158AR,Citrus × aurantium,428583,9.71,1.8,1.49,5.2,0.108,4.45,97,True,no_crown_detected
0191159AR,Pyrus calleryana,428583,,0.0,0.0,,,,0,True,no_crown_detected
0191161AR,Ligustrum lucidum,428583,22.32,15.8,4.48,5.05,0.232,2.93,513,True,ok
0191171AR,Magnolia grandiflora,428583,9.18,16.5,4.58,4.26,0.277,2.57,300,True,ok
0191173AR,Styphnolobium japonicum,428583,11.41,38.5,7.0,5.71,0.179,3.44,1729,True,ok
0191182AR,Ligustrum lucidum,428583,6.18,11.2,3.78,4.14,0.391,1.88,161,True,ok
0191183AR,Ligustrum lucidum,428583,,0.0,0.0,,,,0,True,no_crown_detected
0191187AR,Styphnolobium japonicum,428583,11.63,8.8,3.34,6.75,0.036,6.66,112,True,ok
0191189AR,Ligustrum lucidum,428583,,0.0,0.0,,,,0,True,no_crown_detected
0191192AR,Nerium oleander,428583,,0.0,0.0,,,,0,True,no_crown_detected
0191197AR,Platanus × acerifolia,428583,23.32,97.2,11.13,8.41,0.104,4.53,2144,True,ok
0191199AR,Citrus × aurantium,428583,4.03,2.2,1.69,3.12,0.5,1.39,71,True,ok
0191203AR,Platanus orientalis,428583,17.14,87.8,10.57,7.66,0.256,2.73,3922,True,ok
0191204AR,Morus alba,428583,5.22,7.8,3.14,3.92,0.455,1.58,170,True,ok
0191206AR,Styphnolobium japonicum,428583,27.44,81.2,10.17,10.65,0.119,4.26,3009,True,ok
0191207AR,Melia azedarach,428583,7.15,3.8,2.19,4.64,0.329,2.23,70,True,ok
0191208AR,Ligustrum lucidum,428583,8.37,23.8,5.5,5.16,0.282,2.53,556,True,ok
0191209AR,Ligustrum lucidum,428583,16.77,2.2,1.69,11.38,0.019,7.82,93,True,ok
0191213AR,Ginkgo biloba,428583,9.12,8.0,3.19,4.06,0.453,1.59,325,True,ok
0191217AR,Melia azedarach,428583,23.56,44.5,7.53,6.79,0.175,3.48,673,True,ok
0191218AR,Pyrus calleryana,428583,,0.0,0.0,,,,0,True,no_crown_detected
0191222AR,Ligustrum lucidum,428583,5.32,10.0,3.57,4.08,0.488,1.43,318,True,ok
0191227AR,Tipuana tipu,428583,10.76,1.0,1.13,5.01,0.0,7.82,11,True,no_crown_detected
0191230AR,Ligustrum lucidum,428583,10.14,13.5,4.15,5.15,0.243,2.83,181,True,ok
0191234AR,Morus alba,428583,5.44,1.2,1.26,2.69,0.158,3.69,38,True,no_crown_detected
0191236AR,Ligustrum lucidum,428583,11.34,11.5,3.83,5.58,0.083,4.99,119,False,tile_edge
0191237AR,Styphnolobium japonicum,428583,26.54,38.8,7.02,3.6,0.25,2.77,616,True,ok
0191239AR,Ligustrum lucidum,428583,7.71,11.2,3.78,5.28,0.43,1.69,394,True,ok
0191242AR,Pyrus calleryana,428583,6.85,24.2,5.56,5.36,0.46,1.55,534,True,ok
0191243AR,Platanus × acerifolia,428583,17.36,16.5,4.58,14.16,0.06,5.62,232,True,ok
0191244AR,Styphnolobium japonicum,428583,10.13,1.8,1.49,6.82,0.0,7.82,19,True,no_crown_detected
0191245AR,Platanus × acerifolia,428583,14.89,2.5,1.78,7.35,0.057,5.72,64,True,ok
0191251AR,Pyrus calleryana,428583,,0.0,0.0,,,,0,True,no_crown_detected
0191254AR,Pinus pinea,428583,13.41,133.0,13.01,2.62,0.26,2.69,2614,True,ok
0191260AR,Ligustrum lucidum,428583,6.65,18.5,4.85,3.48,0.249,2.78,213,True,ok
0191263AR,Pyrus calleryana,428583,,0.0,0.0,,,,0,True,no_crown_detected
0191269AR,Robinia pseudoacacia,428583,14.92,88.0,10.59,6.03,0.152,3.77,1715,True,ok
0191274AR,Platanus × acerifolia,428583,21.92,55.8,8.43,8.46,0.184,3.39,1359,True,ok
0191275AR,Nerium oleander,428583,3.9,1.2,1.26,2.88,0.474,1.49,19,True,no_crown_detected
0191277AR,Platanus × acerifolia,428583,23.58,115.8,12.14,9.66,0.116,4.31,5335,True,ok
0191278AR,Platanus × acerifolia,428583,20.25,56.5,8.48,6.23,0.174,3.5,2214,True,ok
0191283AR,Morus alba,428583,4.57,4.2,2.33,2.95,0.5,1.39,161,True,ok
0191284AR,Citrus × aurantium,428583,6.44,44.2,7.51,4.11,0.162,3.64,524,True,ok
0191290AR,Platanus × acerifolia,428583,14.67,90.8,10.75,5.66,0.261,2.69,3930,True,ok
0191291AR,Prunus cerasifera,428583,4.7,10.5,3.66,3.18,0.366,2.01,219,True,ok
0191292AR,Ligustrum lucidum,428583,5.35,8.5,3.29,1.63,0.173,3.5,98,True,ok
0191298AR,Ginkgo biloba,428583,7.35,15.2,4.41,2.79,0.412,1.77,571,True,ok
0191300AR,Ligustrum lucidum,428583,13.6,22.0,5.29,6.42,0.291,2.47,665,True,ok
0191301AR,Ligustrum lucidum,428583,8.38,34.0,6.58,5.55,0.25,2.77,761,True,ok
0191303AR,Platanus × acerifolia,428583,16.59,102.0,11.4,7.07,0.194,3.28,2517,True,ok
0191304AR,Catalpa bignonioides,428583,22.51,42.8,7.38,4.42,0.258,2.71,1430,True,ok
0191306AR,Platanus × acerifolia,428583,26.12,48.5,7.86,5.07,0.157,3.7,841,True,ok
0191309AR,Robinia pseudoacacia,428583,9.13,25.5,5.7,5.41,0.266,2.65,1007,False,tile_edge
0191310AR,Melia azedarach,428583,12.36,93.8,10.93,7.76,0.174,3.5,1787,True,ok
0191312AR,Platanus × acerifolia,428583,16.87,93.2,10.9,8.2,0.16,3.66,1918,True,ok
0191314AR,Platanus × acerifolia,428583,14.21,147.0,13.68,6.0,0.2,3.22,6959,True,ok
0191315AR,Cercis siliquastrum,428583,29.75,42.8,7.38,4.7,0.185,3.37,2713,False,tile_edge
0191317AR,Platanus × acerifolia,428583,14.13,2.2,1.69,10.51,0.0,7.82,50,True,ok
0191322AR,Prunus cerasifera,428583,,0.0,0.0,,,,0,True,no_crown_detected
0191324AR,Styphnolobium japonicum,428583,8.4,2.8,1.87,5.33,0.308,2.36,91,True,ok
0191325AR,Platanus × acerifolia,428583,19.79,125.5,12.64,9.58,0.128,4.12,3173,True,ok
0191329AR,Cercis siliquastrum,428583,6.08,14.8,4.33,4.8,0.311,2.33,275,False,tile_edge
0191331AR,Pyrus calleryana,428583,6.1,6.5,2.88,3.74,0.384,1.92,86,True,ok
0191333AR,Ligustrum lucidum,428583,9.58,27.8,5.94,6.41,0.378,1.94,862,True,ok
0191335AR,Ligustrum lucidum,428583,7.86,1.2,1.26,6.9,0.389,1.89,43,True,no_crown_detected
0191338AR,Melia azedarach,428583,13.36,106.0,11.62,4.4,0.13,4.09,2414,True,ok
0191341AR,Platanus × acerifolia,428583,11.77,82.8,10.26,5.55,0.233,2.92,3028,True,ok
0191344AR,Ligustrum lucidum,428583,7.72,13.8,4.18,5.24,0.341,2.15,287,True,ok
0191347AR,Robinia pseudoacacia,428583,10.88,24.8,5.61,5.36,0.267,2.64,1367,False,tile_edge
0191351AR,Platanus × acerifolia,428583,17.5,104.2,11.52,9.88,0.165,3.6,2210,True,ok
0191353AR,Styphnolobium japonicum,428583,13.0,102.5,11.42,3.42,0.301,2.4,5265,True,ok
0191359AR,Ligustrum lucidum,428583,6.01,7.2,3.04,4.49,0.365,2.01,104,True,ok
0191360AR,Hibiscus syriacus,428583,,0.0,0.0,,,,0,True,no_crown_detected
0191370AR,Hesperocyparis macrocarpa,428583,17.21,29.5,6.13,5.07,0.212,3.1,1730,True,ok
0191371AR,Morus alba,428583,5.14,8.8,3.34,3.95,0.457,1.56,232,True,ok
0191375AR,Catalpa bignonioides,428583,7.74,28.5,6.02,5.58,0.449,1.6,1153,True,ok
0191377AR,Styphnolobium japonicum,428583,11.58,2.8,1.87,9.0,0.162,3.64,37,True,few_points
0191382AR,Ginkgo biloba,428583,26.31,13.0,4.07,4.5,0.29,2.48,536,True,ok
0191387AR,Pinus pinea,428583,7.23,12.5,3.99,2.83,0.383,1.92,429,True,ok
0191389AR,Morus alba,428583,5.06,11.2,3.78,3.41,0.46,1.55,355,True,ok
0191391AR,Koelreuteria paniculata,428583,8.85,0.5,0.8,8.71,0.0,7.82,4,True,no_crown_detected
0191393AR,Styphnolobium japonicum,428583,,0.0,0.0,,,,0,False,tile_edge
0191395AR,Acer buergerianum,428583,6.0,7.0,2.99,1.65,0.282,2.53,190,True,ok
0191396AR,Ulmus pumila,428583,7.71,7.5,3.09,3.98,0.237,2.88,152,True,ok
0191400AR,Koelreuteria paniculata,428583,12.5,52.2,8.16,7.31,0.165,3.61,819,True,ok
0191403AR,Styphnolobium japonicum,428583,7.96,25.5,5.7,3.94,0.272,2.61,909,False,tile_edge
0191406AR,Tipuana tipu,428583,10.14,70.0,9.44,5.84,0.289,2.48,1386,True,ok
0191411AR,Styphnolobium japonicum,428583,8.98,2.2,1.69,3.4,0.235,2.89,77,True,ok
0191418AR,Morus alba,428583,6.34,10.5,3.66,4.16,0.33,2.21,219,True,ok
0191419AR,Acer × freemanii AUTUMN,428583,8.59,16.0,4.51,3.55,0.173,3.51,586,True,ok
0191423AR,Ligustrum lucidum,428583,8.33,21.5,5.23,5.69,0.294,2.45,419,True,ok
0191429AR,Ligustrum lucidum,428583,8.34,27.2,5.89,4.5,0.319,2.29,386,True,ok
0191430AR,Citrus × aurantium,428583,,0.0,0.0,,,,0,True,no_crown_detected
0191431AR,Acer buergerianum,428583,,0.0,0.0,,,,0,True,no_crown_detected
0191432AR,Styphnolobium japonicum,428583,23.76,9.0,3.39,5.93,0.176,3.48,148,True,ok
0191434AR,Nerium oleander,428583,4.5,3.0,1.95,3.95,0.4,1.83,30,True,few_points
0191435AR,Styphnolobium japonicum,428583,23.78,29.0,6.08,4.28,0.173,3.51,1711,True,ok
0191439AR,Cercis siliquastrum,428583,19.6,24.2,5.56,3.61,0.242,2.84,376,True,ok
0191440AR,Styphnolobium japonicum,428583,21.11,22.5,5.35,3.14,0.211,3.11,284,True,ok
0191441AR,Platanus × acerifolia,428583,7.63,2.0,1.6,6.66,0.357,2.06,28,True,few_points
0191443AR,Ligustrum lucidum,428583,9.11,11.5,3.83,5.43,0.42,1.73,375,True,ok
0191448AR,Ginkgo biloba,428583,,0.0,0.0,,,,0,True,no_crown_detected
0191450AR,Styphnolobium japonicum,428583,15.91,8.5,3.29,10.78,0.071,5.28,210,True,ok
0191452AR,Styphnolobium japonicum,428583,,0.0,0.0,,,,0,True,no_crown_detected
0191458AR,Styphnolobium japonicum,428583,8.27,1.2,1.26,5.38,0.0,7.82,10,True,no_crown_detected
0191461AR,Styphnolobium japonicum,428583,14.75,55.2,8.39,4.2,0.318,2.29,2187,True,ok
0191462AR,Platanus × acerifolia,428583,14.31,66.2,9.18,8.75,0.186,3.36,2312,True,ok
0191471AR,Catalpa bignonioides,428583,6.54,19.2,4.95,3.84,0.37,1.99,572,True,ok
0191472AR,Platanus × acerifolia,428583,14.92,120.8,12.4,6.24,0.132,4.04,4811,True,ok
0191474AR,Magnolia grandiflora,428583,6.97,12.2,3.95,4.37,0.337,2.17,163,True,ok
0191479AR,Tipuana tipu,428583,13.68,6.8,2.93,8.96,0.155,3.73,230,True,ok
0191482AR,Platanus × acerifolia,428583,13.22,2.2,1.69,7.07,0.182,3.41,22,True,few_points
0191485AR,Ligustrum japonicum,428583,,0.0,0.0,,,,0,True,no_crown_detected
0191495AR,Styphnolobium japonicum,428583,,0.0,0.0,,,,0,True,no_crown_detected
0191497AR,Casuarina cunninghamiana,428583,5.85,8.5,3.29,2.6,0.482,1.46,433,True,ok
0191498AR,Ligustrum lucidum,428583,6.27,11.8,3.87,4.27,0.358,2.05,148,True,ok
0191499AR,Morus alba,428583,5.69,15.8,4.48,3.53,0.425,1.71,534,True,ok
0191502AR,Styphnolobium japonicum,428583,7.16,4.2,2.33,3.28,0.243,2.83,107,True,ok
0191504AR,Catalpa bignonioides,428583,10.21,0.5,0.8,8.97,0.375,1.96,16,True,no_crown_detected
0191507AR,Styphnolobium japonicum,428583,13.8,39.2,7.07,3.34,0.164,3.61,1675,True,ok
0191508AR,Ligustrum lucidum,428583,9.79,34.2,6.6,5.65,0.243,2.83,1166,True,ok
0191509AR,Platanus × acerifolia,428583,13.14,52.2,8.16,6.14,0.194,3.28,1165,True,ok
0191512AR,Styphnolobium japonicum,428583,12.19,92.8,10.87,5.98,0.151,3.79,1787,True,ok
0191514AR,Ulmus pumila,428583,21.43,22.2,5.32,2.51,0.175,3.48,451,True,ok
0191516AR,Styphnolobium japonicum,428583,5.96,34.5,6.63,3.05,0.35,2.1,848,True,ok
0191521AR,Ginkgo biloba,428583,7.13,10.5,3.66,2.39,0.326,2.24,138,True,ok
0191523AR,Cercis siliquastrum,428583,6.81,3.0,1.95,4.77,0.273,2.6,22,True,few_points
0191526AR,Robinia pseudoacacia,428583,8.12,5.2,2.59,4.06,0.067,5.42,45,True,few_points
0191527AR,Styphnolobium japonicum,428583,25.81,72.2,9.59,6.8,0.144,3.87,1762,True,ok
0191528AR,Jacaranda mimosifolia,428583,,0.0,0.0,,,,0,True,no_crown_detected
0191532AR,Celtis australis,428583,8.06,32.8,6.46,4.42,0.373,1.97,1343,False,tile_edge
0191533AR,Acer buergerianum,428583,5.46,7.5,3.09,2.51,0.362,2.03,289,True,ok
0191534AR,Styphnolobium japonicum,428583,26.74,2.5,1.78,5.73,0.0,7.82,22,True,few_points
0191544AR,Styphnolobium japonicum,428583,24.47,65.0,9.1,6.85,0.074,5.2,1091,True,ok
0191548AR,Ligustrum lucidum,428583,8.52,14.2,4.26,5.93,0.324,2.25,285,True,ok
0191549AR,Platanus × acerifolia,428583,17.16,52.8,8.2,9.43,0.106,4.49,2203,True,ok
0191550AR,Ligustrum japonicum,428583,,0.0,0.0,,,,0,True,no_crown_detected
0191553AR,Populus alba,428583,8.0,14.2,4.26,3.33,0.378,1.95,413,True,ok
0191556AR,Robinia pseudoacacia,428583,5.24,0.8,0.98,4.96,0.0,7.82,4,True,no_crown_detected
0191560AR,Platanus × acerifolia,428583,13.97,37.0,6.86,8.39,0.156,3.72,654,True,ok
0191561AR,Pyrus calleryana,428583,9.62,19.0,4.92,4.0,0.358,2.06,859,True,ok
0191562AR,Styphnolobium japonicum,428583,6.18,18.0,4.79,4.76,0.19,3.32,253,True,ok
0191563AR,Koelreuteria paniculata,428583,6.89,41.2,7.25,3.94,0.365,2.02,1406,True,ok
0191567AR,Robinia pseudoacacia,428583,,0.0,0.0,,,,0,True,no_crown_detected
0191574AR,Styphnolobium japonicum,428583,10.11,4.0,2.26,2.21,0.015,7.82,68,True,ok
0191576AR,Styphnolobium japonicum,428583,11.62,37.0,6.86,5.94,0.229,2.95,1128,True,ok
0191577AR,Platanus × acerifolia,428583,17.7,113.2,12.01,6.09,0.136,3.99,2386,True,ok
0191578AR,Styphnolobium japonicum,428583,8.86,0.2,0.56,8.78,0.0,7.82,2,True,no_crown_detected
0191579AR,Ligustrum lucidum,428583,5.12,19.5,4.98,3.12,0.491,1.42,821,True,ok
0191581AR,Ligustrum lucidum,428583,5.45,12.8,4.03,3.94,0.434,1.67,366,True,ok
0191585AR,Ginkgo biloba,428583,8.0,12.0,3.91,3.86,0.287,2.5,209,True,ok
0191586AR,Styphnolobium japonicum,428583,20.07,9.5,3.48,5.72,0.122,4.21,337,True,ok
0191589AR,Jacaranda mimosifolia,428583,,0.0,0.0,,,,0,True,no_crown_detected
0191598AR,Ligustrum lucidum,428583,10.59,29.0,6.08,5.98,0.292,2.46,360,True,ok
0191600AR,Robinia pseudoacacia,428583,9.78,46.2,7.67,5.51,0.231,2.93,928,True,ok
0191601AR,Robinia pseudoacacia,428583,18.28,27.8,5.94,5.03,0.279,2.55,513,True,ok
0191608AR,Platanus × acerifolia,428583,9.25,28.0,5.97,6.0,0.255,2.73,388,True,ok
0191611AR,Catalpa bignonioides,428583,,0.0,0.0,,,,0,True,no_crown_detected
0191612AR,Celtis australis,428583,9.23,84.0,10.34,4.78,0.312,2.33,3647,False,tile_edge
0191614AR,Brachychiton populneus,428583,5.2,5.0,2.52,3.55,0.439,1.65,98,True,ok
0191615AR,Ligustrum lucidum,428583,,0.0,0.0,,,,0,True,no_crown_detected
0191616AR,Morus alba,428583,5.5,12.0,3.91,3.36,0.516,1.32,356,True,ok
0191617AR,Nerium oleander,428583,4.39,2.5,1.78,2.47,0.367,2.0,49,True,few_points
0191618AR,Catalpa bignonioides,428583,8.57,42.5,7.36,3.92,0.275,2.58,1204,True,ok
0191623AR,Robinia pseudoacacia,428583,14.46,64.0,9.03,5.82,0.242,2.84,2676,True,ok
0191629AR,Citrus × aurantium,428583,5.1,34.8,6.65,3.5,0.319,2.29,433,True,ok
0191630AR,Platanus × acerifolia,428583,10.96,67.8,9.29,4.42,0.303,2.39,2868,True,ok
0191631AR,Morus alba,428583,15.45,8.2,3.24,3.24,0.197,3.25,484,True,ok
0191633AR,Ligustrum lucidum,428583,6.7,8.2,3.24,4.97,0.442,1.63,261,True,ok
0191634AR,Prunus cerasifera,428583,17.26,10.8,3.7,3.27,0.136,3.98,209,True,ok
0191635AR,Ligustrum lucidum,428583,,0.0,0.0,,,,0,True,no_crown_detected
0191638AR,Styphnolobium japonicum,428583,25.08,53.2,8.23,6.78,0.162,3.64,844,True,ok
0191639AR,Ginkgo biloba,428583,,0.0,0.0,,,,0,True,no_crown_detected
0191640AR,Ligustrum lucidum,428583,27.97,20.8,5.14,4.42,0.185,3.38,954,True,ok
0191643AR,Jacaranda mimosifolia,428583,7.6,15.5,4.44,4.51,0.211,3.11,261,True,ok
0191644AR,Platanus × acerifolia,428583,17.79,146.8,13.67,7.93,0.084,4.95,3003,True,ok
0191646AR,Tipuana tipu,428583,12.43,5.2,2.59,9.99,0.0,7.82,141,True,ok
0191647AR,Jacaranda mimosifolia,428583,,0.0,0.0,,,,0,True,no_crown_detected
0191648AR,Robinia pseudoacacia,428583,6.53,1.0,1.13,5.74,0.167,3.58,6,True,no_crown_detected
0191650AR,Koelreuteria paniculata,428583,8.38,43.8,7.46,4.41,0.348,2.11,1610,True,ok
0191657AR,Platanus × acerifolia,428583,12.02,39.0,7.05,6.47,0.159,3.68,831,True,ok
0191660AR,Platanus × acerifolia,428583,17.6,56.5,8.48,8.09,0.251,2.76,1560,True,ok
0191663AR,Casuarina cunninghamiana,428583,7.91,8.5,3.29,3.01,0.461,1.55,436,True,ok
0191666AR,Ligustrum lucidum,428583,,0.0,0.0,,,,0,True,no_crown_detected
0191667AR,Styphnolobium japonicum,428583,11.27,48.5,7.86,6.08,0.304,2.38,837,True,ok
0191673AR,Populus alba,428583,5.71,2.0,1.6,2.42,0.322,2.27,59,True,ok
0191677AR,Platanus × acerifolia,428583,20.88,107.5,11.7,10.5,0.03,7.02,2341,True,ok
0191678AR,Ligustrum lucidum,428583,,0.0,0.0,,,,0,True,no_crown_detected
0191679AR,Styphnolobium japonicum,428583,12.17,5.0,2.52,5.61,0.269,2.62,78,True,ok
0191685AR,Tipuana tipu,428583,15.63,43.0,7.4,7.87,0.159,3.67,1852,True,ok
0191692AR,Pinus pinea,428583,8.12,60.5,8.78,4.74,0.219,3.03,1112,True,ok
0191694AR,Ligustrum lucidum,428583,7.08,17.2,4.69,4.8,0.356,2.07,483,True,ok
0191696AR,Platanus × acerifolia,428583,9.31,0.2,0.56,9.3,0.0,7.82,2,True,no_crown_detected
0191697AR,Tipuana tipu,428583,13.09,30.2,6.21,7.73,0.18,3.43,1176,True,ok
0191698AR,Platanus × acerifolia,428583,14.96,15.8,4.48,7.62,0.155,3.73,355,True,ok
0191699AR,Pyrus calleryana,428583,,0.0,0.0,,,,0,True,no_crown_detected
0191701AR,Ligustrum lucidum,428583,5.26,12.5,3.99,4.02,0.423,1.72,366,True,ok
0191704AR,Ligustrum lucidum,428583,6.76,13.8,4.18,4.26,0.395,1.86,281,True,ok
0191706AR,Nerium oleander,428583,4.07,3.0,1.95,3.06,0.424,1.71,33,True,few_points
0191707AR,Melia azedarach,428583,19.4,68.0,9.3,7.78,0.089,4.83,1597,True,ok
0191708AR,Platanus × acerifolia,428583,12.31,1.5,1.38,7.93,0.348,2.11,29,True,no_crown_detected
0191712AR,Ligustrum lucidum,428583,5.25,9.2,3.43,3.9,0.518,1.32,283,True,ok
0191714AR,Acer monspessulanum,428583,22.62,13.2,4.11,3.95,0.151,3.78,562,True,ok
0191716AR,Ligustrum lucidum,428583,5.86,19.5,4.98,2.39,0.39,1.88,670,True,ok
0191717AR,Platanus × acerifolia,428583,20.17,107.0,11.67,9.35,0.122,4.21,4485,True,ok
0191720AR,Ligustrum lucidum,428583,6.63,21.5,5.23,4.81,0.383,1.92,230,True,ok
0191723AR,Styphnolobium japonicum,428583,20.13,80.8,10.14,4.75,0.16,3.66,3129,True,ok
0191724AR,Pinus halepensis,428583,7.35,37.2,6.89,3.44,0.266,2.65,546,True,ok
0191725AR,Parasenegalia visco,428583,13.44,175.8,14.96,6.3,0.155,3.73,5688,True,ok
0191729AR,Robinia pseudoacacia,428583,9.72,29.5,6.13,5.88,0.219,3.04,406,True,ok
0191730AR,Ligustrum lucidum,428583,8.32,15.0,4.37,5.7,0.273,2.6,253,True,ok
0191731AR,Ligustrum lucidum,428583,7.82,34.0,6.58,5.05,0.429,1.69,923,True,ok
0191732AR,Morus alba,428583,6.41,24.2,5.56,2.9,0.235,2.9,737,True,ok
0191735AR,Celtis australis,428583,5.38,16.0,4.51,3.98,0.354,2.08,489,False,tile_edge
0191738AR,Styphnolobium japonicum,428583,9.35,48.5,7.86,4.28,0.17,3.55,1572,True,ok
0191746AR,Brachychiton populneus,428583,16.71,31.0,6.28,5.61,0.137,3.98,1222,True,ok
0191750AR,Pinus pinea,428583,12.29,95.0,11.0,7.45,0.241,2.85,1802,True,ok
0191751AR,Ligustrum lucidum,428583,11.0,28.2,6.0,6.61,0.233,2.92,451,True,ok
0191754AR,Platanus × acerifolia,428583,5.84,0.5,0.8,5.56,0.333,2.2,5,True,no_crown_detected
0191758AR,Platanus × acerifolia,428583,,0.0,0.0,,,,0,True,no_crown_detected
0191759AR,Platanus × acerifolia,428583,18.94,11.5,3.83,13.92,0.059,5.68,408,True,ok
0191761AR,Ligustrum lucidum,428583,10.11,59.8,8.72,6.87,0.289,2.48,2011,True,ok
0191764AR,Platanus × acerifolia,428583,22.35,3.8,2.19,5.23,0.0,7.82,26,True,few_points
0191765AR,Ligustrum lucidum,428583,6.04,9.8,3.52,3.93,0.279,2.55,104,True,ok
0191771AR,Cercis siliquastrum,428583,3.77,3.8,2.19,3.14,0.348,2.11,46,True,few_points
0191777AR,Ligustrum lucidum,428583,,0.0,0.0,,,,0,True,no_crown_detected
0191783AR,Robinia pseudoacacia,428583,7.76,25.0,5.64,4.98,0.342,2.15,342,True,ok
0191788AR,Platanus × acerifolia,428583,15.53,62.0,8.88,8.87,0.13,4.08,1216,True,ok
0191792AR,Platanus × acerifolia,428583,24.65,37.5,6.91,7.49,0.326,2.24,1542,True,ok
0191793AR,Melia azedarach,428583,7.15,0.2,0.56,7.15,0.0,7.82,1,True,no_crown_detected
0191794AR,Styphnolobium japonicum,428583,13.79,4.5,2.39,7.97,0.196,3.25,60,True,ok
0191795AR,Ginkgo biloba,428583,,0.0,0.0,,,,0,True,no_crown_detected
0191800AR,Ligustrum lucidum,428583,7.07,12.5,3.99,4.32,0.419,1.74,258,True,ok
0191804AR,Melia azedarach,428583,15.37,85.2,10.42,7.62,0.106,4.49,2615,True,ok
0191806AR,Morus alba,428583,4.6,7.0,2.99,3.3,0.438,1.65,155,True,ok
0191809AR,Ligustrum lucidum,428583,,0.0,0.0,,,,0,True,no_crown_detected
0191814AR,Platanus × acerifolia,428583,12.21,49.5,7.94,5.06,0.269,2.63,1808,True,ok
0191815AR,Styphnolobium japonicum,428583,8.02,39.8,7.11,3.65,0.326,2.24,1301,True,ok
0191816AR,Cercis siliquastrum,428583,29.9,105.5,11.59,4.62,0.054,5.85,2197,True,ok
0191818AR,Pyrus calleryana,428583,,0.0,0.0,,,,0,False,tile_edge
0191821AR,Ginkgo biloba,428583,25.68,16.2,4.55,3.42,0.234,2.9,734,True,ok
0191822AR,Robinia pseudoacacia,428583,11.26,26.5,5.81,5.78,0.19,3.32,859,True,ok
0191825AR,Ulmus pumila,428583,7.08,8.5,3.29,3.37,0.258,2.71,120,True,ok
0192374AR,Cercis siliquastrum,428583,14.17,32.5,6.43,3.89,0.279,2.55,1076,True,ok
0192376AR,Hibiscus syriacus,428583,5.06,15.5,4.44,3.57,0.329,2.22,234,True,ok
0192379AR,Prunus cerasifera,428583,6.69,15.8,4.48,3.79,0.431,1.68,515,True,ok
0192385AR,Ligustrum lucidum,428583,7.6,13.8,4.18,4.37,0.25,2.77,188,False,tile_edge
0192397AR,Ligustrum lucidum,428583,14.46,29.5,6.13,3.85,0.212,3.11,1043,True,ok
0192401AR,Tamarix ramosissima,428583,17.38,17.5,4.72,3.59,0.302,2.39,964,True,ok
0192420AR,Celtis australis,428583,10.58,0.2,0.56,10.5,0.0,7.82,5,True,no_crown_detected
0192423AR,Celtis australis,428583,10.24,3.0,1.95,7.46,0.276,2.58,94,True,ok
0192428AR,Ligustrum lucidum,428583,4.29,8.0,3.19,3.0,0.402,1.83,321,True,ok
0192429AR,Quercus ilex,428583,11.5,71.2,9.52,5.67,0.097,4.68,1202,True,ok
0192441AR,Prunus cerasifera,428583,23.16,12.5,3.99,3.73,0.484,1.45,481,True,ok
0192445AR,Prunus cerasifera,428583,4.25,8.8,3.34,3.25,0.472,1.5,249,True,ok
0192450AR,Ligustrum lucidum,428583,7.02,9.0,3.39,4.1,0.191,3.31,324,False,tile_edge
0192454AR,Tamarix africana,428583,3.59,1.2,1.26,2.51,0.455,1.58,34,True,no_crown_detected
0192458AR,Ligustrum lucidum,428583,21.33,35.0,6.68,5.49,0.218,3.05,1586,True,ok
0192462AR,Prunus cerasifera,428583,4.14,3.5,2.11,2.78,0.472,1.5,117,True,ok
0192468AR,Ligustrum lucidum,428583,9.49,19.0,4.92,4.94,0.214,3.08,609,True,ok
0192469AR,Celtis australis,428583,10.2,94.5,10.97,5.07,0.199,3.22,3198,True,ok
0192470AR,Ligustrum lucidum,428583,6.19,29.8,6.15,3.89,0.264,2.67,836,True,ok
0192472AR,Ligustrum lucidum,428583,6.14,16.2,4.55,4.23,0.466,1.53,556,True,ok
0192473AR,Hibiscus syriacus,428583,14.47,12.0,3.91,3.69,0.224,2.99,232,True,ok
0192477AR,Ligustrum lucidum,428583,3.92,3.2,2.03,2.74,0.547,1.21,137,True,ok
0192479AR,Celtis australis,428583,9.6,2.2,1.69,7.51,0.188,3.35,56,True,ok
0192506AR,Tamarix ramosissima,428583,21.11,18.0,4.79,3.05,0.221,3.02,303,True,ok
0192513AR,Ligustrum lucidum,428583,,0.0,0.0,,,,0,True,no_crown_detected
0192528AR,Ligustrum lucidum,428583,14.18,34.5,6.63,5.1,0.287,2.5,1315,True,ok
0192542AR,Ligustrum japonicum,428583,6.0,18.8,4.89,4.04,0.416,1.75,586,True,ok
0192557AR,Ligustrum lucidum,428583,8.5,37.0,6.86,5.52,0.327,2.23,1085,True,ok
0192572AR,Ligustrum lucidum,428583,11.47,30.5,6.23,5.09,0.268,2.64,1188,True,ok
0192573AR,Cercis siliquastrum,428583,16.0,44.2,7.51,4.41,0.147,3.83,1726,True,ok
0192575AR,Prunus cerasifera,428583,3.95,1.5,1.38,3.45,0.611,0.98,49,True,no_crown_detected
0192580AR,Tamarix ramosissima,428583,6.66,16.0,4.51,3.24,0.366,2.01,452,True,ok
0192583AR,Prunus cerasifera,428583,24.31,18.8,4.89,3.54,0.214,3.08,1381,True,ok
0192589AR,Ligustrum lucidum,428583,7.73,22.5,5.35,5.38,0.342,2.15,666,True,ok
0192591AR,Prunus cerasifera,428583,6.92,15.5,4.44,1.8,0.259,2.71,561,True,ok
0192593AR,Quercus ilex,428583,9.15,2.5,1.78,7.16,0.0,7.82,28,True,few_points
0192602AR,Tamarix ramosissima,428583,,0.0,0.0,,,,0,True,no_crown_detected
0192603AR,Tamarix ramosissima,428583,16.5,12.5,3.99,3.81,0.289,2.49,746,True,ok
0192604AR,Ligustrum lucidum,428583,20.4,12.2,3.95,4.37,0.299,2.41,488,True,ok
0192610AR,Celtis australis,428583,12.12,2.2,1.69,9.31,0.219,3.04,57,True,ok
0192613AR,Prunus cerasifera,428583,,0.0,0.0,,,,0,True,no_crown_detected
0192630AR,Ligustrum lucidum,428583,7.84,17.5,4.72,4.97,0.321,2.27,404,True,ok
0192633AR,Prunus cerasifera,428583,5.32,6.8,2.93,3.07,0.355,2.07,170,True,ok
0192635AR,Prunus cerasifera,428583,4.53,8.0,3.19,3.6,0.434,1.67,212,True,ok
0192643AR,Prunus cerasifera,428583,11.64,18.8,4.89,2.24,0.254,2.74,676,True,ok
0192644AR,Ligustrum lucidum,428583,,0.0,0.0,,,,0,True,no_crown_detected
0192645AR,Celtis australis,428583,11.43,1.0,1.13,10.95,0.0,7.82,17,True,no_crown_detected
0192654AR,Celtis australis,428583,20.5,81.8,10.2,12.17,0.124,4.18,3093,True,ok
0192663AR,Prunus cerasifera,428583,18.73,27.5,5.92,3.55,0.261,2.69,1061,True,ok
0192666AR,Prunus cerasifera,428583,,0.0,0.0,,,,0,True,no_crown_detected
0192667AR,Ligustrum lucidum,428583,4.0,3.8,2.19,2.48,0.492,1.42,115,True,ok
0192669AR,Ligustrum lucidum,428583,5.92,10.0,3.57,4.28,0.307,2.36,101,True,ok
0192670AR,Ligustrum japonicum,428583,9.55,25.8,5.73,5.11,0.245,2.81,849,True,ok
0192682AR,Ligustrum lucidum,428583,27.28,20.2,5.08,5.41,0.177,3.46,1423,True,ok
0192683AR,Ligustrum lucidum,428583,5.14,9.8,3.52,3.7,0.417,1.75,318,True,ok
0192687AR,Ligustrum lucidum,428583,8.16,27.5,5.92,5.81,0.233,2.92,655,True,ok
0192688AR,Ligustrum lucidum,428583,4.91,3.8,2.19,3.39,0.478,1.48,88,True,ok
0192690AR,Celtis australis,428583,13.49,0.5,0.8,12.28,0.143,3.89,11,True,no_crown_detected
0192691AR,Ligustrum lucidum,428583,12.65,8.0,3.19,2.98,0.495,1.41,211,True,ok
0192696AR,Celtis australis,428583,11.63,77.8,9.95,5.07,0.177,3.47,2354,True,ok
0192700AR,Ligustrum lucidum,428583,6.78,20.0,5.05,4.77,0.504,1.37,612,True,ok
0192702AR,Ligustrum lucidum,428583,6.14,20.8,5.14,3.91,0.367,2.0,740,True,ok
0192707AR,Tamarix africana,428583,3.78,2.5,1.78,2.49,0.391,1.88,67,True,ok
0192711AR,Ligustrum lucidum,428583,6.86,14.0,4.22,4.3,0.341,2.15,438,True,ok
0192713AR,Celtis australis,428583,12.0,59.5,8.7,7.48,0.123,4.19,1629,True,ok
0192715AR,Styphnolobium japonicum,428583,9.81,2.0,1.6,4.68,0.288,2.49,105,True,ok
0192717AR,Prunus cerasifera,428583,14.77,10.0,3.57,2.87,0.34,2.16,389,True,ok
0192723AR,Prunus cerasifera,428583,3.99,6.8,2.93,3.04,0.588,1.06,202,True,ok
0192726AR,Celtis australis,428583,10.77,105.2,11.58,5.01,0.166,3.6,4735,True,ok
0192729AR,Ligustrum lucidum,428583,8.74,25.2,5.67,5.28,0.369,1.99,912,True,ok
0192731AR,Acacia saligna,428583,7.19,15.2,4.41,4.43,0.451,1.59,504,True,ok
0192735AR,Ligustrum lucidum,428583,,0.0,0.0,,,,0,True,no_crown_detected
0192746AR,Ligustrum lucidum,428583,6.36,14.0,4.22,4.34,0.26,2.69,146,True,ok
0192753AR,Cercis siliquastrum,428583,13.51,37.0,6.86,4.55,0.137,3.97,1044,True,ok
0192756AR,Quercus ilex,428583,9.58,38.5,7.0,5.24,0.133,4.03,714,False,tile_edge
0192757AR,Prunus cerasifera,428583,8.26,5.0,2.52,3.1,0.4,1.83,139,True,ok
0192768AR,Tamarix africana,428583,4.08,3.0,1.95,2.59,0.372,1.98,43,False,tile_edge
0192769AR,Ligustrum lucidum,428583,19.1,13.0,4.07,3.11,0.302,2.4,465,False,tile_edge
0192772AR,Liquidambar styraciflua,428583,9.98,3.0,1.95,3.24,0.333,2.2,88,True,ok
0192774AR,Ligustrum lucidum,428583,16.92,23.2,5.44,3.99,0.309,2.35,424,True,ok
0192777AR,Celtis australis,428583,11.15,80.8,10.14,5.91,0.21,3.12,2494,True,ok
0192782AR,Prunus cerasifera,428583,3.85,7.0,2.99,2.74,0.359,2.05,192,True,ok
0192791AR,Ligustrum lucidum,428583,,0.0,0.0,,,,0,False,tile_edge
0192795AR,Elaeagnus angustifolia,428583,,0.0,0.0,,,,0,True,no_crown_detected
0192796AR,Ligustrum lucidum,428583,5.18,5.5,2.65,3.81,0.213,3.09,61,False,tile_edge
0192797AR,Ligustrum lucidum,428583,8.26,27.5,5.92,5.22,0.397,1.85,859,True,ok
0192801AR,Cercis siliquastrum,428583,15.15,18.0,4.79,3.27,0.36,2.04,595,True,ok
0192802AR,Ligustrum lucidum,428583,5.94,2.5,1.78,3.29,0.464,1.53,63,True,ok
0192812AR,Tamarix gallica,428583,4.44,4.2,2.33,2.72,0.4,1.83,159,True,ok
0192817AR,Ligustrum lucidum,428583,6.69,12.5,3.99,4.55,0.414,1.76,145,True,ok
0192820AR,Celtis australis,428583,16.84,91.0,10.76,10.74,0.023,7.55,3043,True,ok
0192831AR,Elaeagnus angustifolia,428583,18.65,8.5,3.29,3.11,0.302,2.39,139,True,ok
0192839AR,Hibiscus syriacus,428583,4.63,4.2,2.33,2.49,0.388,1.89,49,True,few_points
0192840AR,Prunus cerasifera,428583,4.66,9.8,3.52,1.88,0.343,2.14,293,True,ok
0192841AR,Ligustrum lucidum,428583,21.12,24.2,5.56,5.36,0.16,3.67,640,True,ok
0192842AR,Ligustrum lucidum,428583,,0.0,0.0,,,,0,True,no_crown_detected
0192855AR,Prunus cerasifera,428583,5.55,12.5,3.99,3.65,0.515,1.33,401,True,ok
0192864AR,Prunus cerasifera,428583,4.62,4.5,2.39,2.87,0.482,1.46,160,True,ok
0192871AR,Ligustrum lucidum,428583,27.1,10.2,3.61,17.01,0.0,7.82,215,True,ok
0192875AR,Ligustrum lucidum,428583,4.33,3.2,2.03,3.21,0.5,1.39,124,True,ok
0192881AR,Celtis australis,428583,12.53,59.8,8.72,6.6,0.121,4.22,1875,True,ok
0192882AR,Celtis australis,428583,4.6,2.0,1.6,3.79,0.45,1.6,38,True,few_points
0192886AR,Ligustrum lucidum,428583,,0.0,0.0,,,,0,True,no_crown_detected
0192890AR,Celtis australis,428583,12.0,129.8,12.85,6.89,0.201,3.21,3948,True,ok
0192891AR,Celtis australis,428583,8.87,26.8,5.84,2.25,0.209,3.13,981,True,ok
0192907AR,Ligustrum lucidum,428583,19.78,33.0,6.48,6.09,0.236,2.89,1067,True,ok
0192908AR,Cercis siliquastrum,428583,6.52,27.8,5.94,3.89,0.257,2.72,849,True,ok
0192919AR,Ligustrum lucidum,428583,3.9,3.2,2.03,2.63,0.514,1.33,104,False,tile_edge
0192921AR,Celtis australis,428583,12.53,55.0,8.37,8.94,0.07,5.32,1323,True,ok
0192924AR,Prunus cerasifera,428583,24.43,12.0,3.91,2.5,0.259,2.7,509,True,ok
0192926AR,Styphnolobium japonicum,428583,13.57,32.2,6.41,3.78,0.364,2.02,1444,True,ok
0192927AR,Prunus cerasifera,428583,18.31,39.2,7.07,3.3,0.124,4.18,566,True,ok
0192928AR,Ligustrum lucidum,428583,8.31,16.0,4.51,6.05,0.394,1.86,433,True,ok
0192938AR,Celtis australis,428583,12.56,59.5,8.7,6.19,0.189,3.33,1851,True,ok
0192939AR,Tamarix ramosissima,428583,3.9,2.5,1.78,2.46,0.444,1.62,81,True,ok
0192945AR,Quercus ilex,428583,5.72,7.5,3.09,3.19,0.364,2.02,107,True,ok
0192949AR,Celtis australis,428583,10.48,95.8,11.04,5.87,0.253,2.75,3311,True,ok
0192952AR,Ligustrum lucidum,428583,19.35,42.8,7.38,5.71,0.212,3.1,811,True,ok
0192953AR,Hibiscus syriacus,428583,4.62,6.5,2.88,2.91,0.417,1.75,72,True,ok
0192960AR,Ligustrum lucidum,428583,6.1,15.2,4.41,3.78,0.275,2.58,425,False,tile_edge
0192974AR,Prunus cerasifera,428583,17.2,23.2,5.44,2.21,0.14,3.93,357,True,ok
0192982AR,Ligustrum lucidum,428583,5.48,11.2,3.78,2.73,0.359,2.05,293,True,ok
0192998AR,Ligustrum lucidum,428583,21.55,25.2,5.67,4.05,0.152,3.76,394,True,ok
0193001AR,Celtis australis,428583,16.01,3.0,1.95,10.05,0.0,7.82,80,True,ok
0193002AR,Prunus cerasifera,428583,4.03,8.5,3.29,2.58,0.461,1.55,246,True,ok
0193005AR,Ligustrum lucidum,428583,8.16,24.0,5.53,4.94,0.27,2.62,307,True,ok
0193006AR,Ligustrum lucidum,428583,6.85,14.2,4.26,4.53,0.383,1.92,425,True,ok
0193015AR,Hibiscus syriacus,428583,,0.0,0.0,,,,0,False,tile_edge
0193023AR,Ligustrum lucidum,428583,7.83,20.2,5.08,4.72,0.366,2.01,849,True,ok
0193026AR,Ligustrum japonicum,428583,11.71,42.8,7.38,5.13,0.178,3.45,1538,True,ok
0193042AR,Celtis australis,428583,13.12,68.2,9.32,6.28,0.14,3.93,2262,True,ok
0193053AR,Ligustrum lucidum,428583,15.01,17.8,4.75,4.05,0.149,3.81,776,True,ok
0193055AR,Prunus cerasifera,428583,8.97,1.0,1.13,3.21,0.5,1.39,21,True,no_crown_detected
0193062AR,Ligustrum lucidum,428583,5.35,4.8,2.46,4.04,0.431,1.68,181,True,ok
0193063AR,Ligustrum japonicum,428583,4.44,10.2,3.61,3.04,0.42,1.74,381,True,ok
0193065AR,Celtis australis,428583,13.43,53.2,8.23,6.8,0.237,2.88,1750,True,ok
0193066AR,Ligustrum lucidum,428583,20.12,1.2,1.26,5.93,0.128,4.11,53,True,no_crown_detected
0193067AR,Styphnolobium japonicum,428583,11.17,72.2,9.59,5.39,0.31,2.34,4005,True,ok
0193075AR,Cercis siliquastrum,428583,14.01,31.8,6.36,4.58,0.23,2.94,987,True,ok
0193076AR,Prunus cerasifera,428583,4.87,5.0,2.52,2.92,0.56,1.16,160,True,ok
0193077AR,Quercus ilex,428583,10.39,38.8,7.02,5.05,0.109,4.43,567,False,tile_edge
0193094AR,Celtis australis,428583,19.21,2.8,1.87,6.65,0.024,7.48,125,True,ok
0193100AR,Celtis australis,428583,14.21,139.8,13.34,7.34,0.133,4.03,4377,True,ok
0193108AR,Olea europaea,428583,4.93,22.5,5.35,2.62,0.29,2.48,441,True,ok
0193111AR,Prunus cerasifera,428583,11.79,30.5,6.23,2.45,0.206,3.16,1225,True,ok
0193113AR,Prunus cerasifera,428583,,0.0,0.0,,,,0,True,no_crown_detected
0193115AR,Prunus cerasifera,428583,23.27,10.5,3.66,4.1,0.25,2.77,627,True,ok
0193117AR,Prunus cerasifera,428583,23.68,11.8,3.87,3.72,0.273,2.59,552,True,ok
0193118AR,Celtis australis,428583,13.78,116.2,12.17,7.29,0.151,3.79,3502,True,ok
0193119AR,Ligustrum lucidum,428583,13.22,19.8,5.01,4.73,0.308,2.35,622,True,ok
0193122AR,Ligustrum lucidum,428583,,0.0,0.0,,,,0,True,no_crown_detected
0193127AR,Ligustrum lucidum,428583,14.24,10.0,3.57,2.34,0.29,2.47,353,True,ok
0193149AR,Celtis australis,428583,11.62,58.0,8.59,5.93,0.215,3.07,1778,True,ok
0193150AR,Ligustrum lucidum,428583,13.74,23.2,5.44,3.24,0.273,2.59,765,True,ok
0193158AR,Elaeagnus angustifolia,428583,,0.0,0.0,,,,0,True,no_crown_detected
0193168AR,Ligustrum lucidum,428583,,0.0,0.0,,,,0,True,no_crown_detected
0193174AR,Ligustrum japonicum,428583,5.0,11.2,3.78,3.33,0.473,1.5,394,True,ok
0193179AR,Ligustrum lucidum,428583,19.36,25.0,5.64,2.49,0.359,2.05,947,True,ok
0193201AR,Tamarix ramosissima,428583,,0.0,0.0,,,,0,True,no_crown_detected
0193208AR,Prunus cerasifera,428583,17.24,34.8,6.65,2.3,0.187,3.35,524,False,tile_edge
0193228AR,Prunus cerasifera,428583,6.51,16.8,4.62,3.52,0.432,1.68,579,True,ok
0193240AR,Styphnolobium japonicum,428583,10.69,63.0,8.96,5.3,0.309,2.35,3331,True,ok
0193243AR,Celtis australis,428583,11.7,1.0,1.13,9.81,0.0,7.82,25,True,no_crown_detected
0193248AR,Ligustrum lucidum,428583,21.25,21.0,5.17,4.76,0.271,2.61,1030,True,ok
0193257AR,Tamarix ramosissima,428583,22.0,12.8,4.03,3.67,0.307,2.36,853,True,ok
0193260AR,Prunus cerasifera,428583,16.93,13.8,4.18,3.28,0.301,2.4,441,True,ok
0193261AR,Celtis australis,428583,8.26,54.5,8.33,5.12,0.298,2.42,1887,True,ok
0193263AR,Prunus cerasifera,428583,4.05,5.2,2.59,2.88,0.39,1.88,138,True,ok
0193267AR,Styphnolobium japonicum,428583,8.02,24.5,5.59,4.09,0.268,2.63,995,True,ok
0193273AR,Quercus ilex,428583,11.26,61.8,8.87,6.09,0.082,5.0,903,True,ok
0193281AR,Hibiscus syriacus,428583,,0.0,0.0,,,,0,True,no_crown_detected
0193283AR,Ligustrum lucidum,428583,,0.0,0.0,,,,0,False,tile_edge
0193284AR,Celtis australis,428583,15.98,130.2,12.88,7.55,0.117,4.29,3817,True,ok
0193290AR,Celtis australis,428583,11.96,2.0,1.6,10.83,0.0,7.82,38,True,few_points
0193295AR,Ligustrum lucidum,428583,8.91,17.8,4.75,5.62,0.242,2.84,540,True,ok
0193297AR,Celtis australis,428583,5.37,1.8,1.49,4.34,0.438,1.65,41,True,no_crown_detected
0193299AR,Styphnolobium japonicum,428583,12.22,101.8,11.38,5.44,0.277,2.57,5837,True,ok
0193301AR,Prunus cerasifera,428583,4.19,2.5,1.78,2.8,0.5,1.39,61,True,ok
0193302AR,Prunus cerasifera,428583,14.92,10.2,3.61,3.62,0.408,1.79,242,True,ok
0193308AR,Ligustrum lucidum,428583,7.27,7.5,3.09,4.83,0.0,7.82,46,False,tile_edge
0193336AR,Celtis australis,428583,12.69,161.2,14.33,8.16,0.087,4.88,4124,True,ok
0193339AR,Styphnolobium japonicum,428583,9.72,96.2,11.07,3.83,0.368,2.0,4738,True,ok
0193353AR,Tamarix ramosissima,428583,8.89,11.2,3.78,2.83,0.354,2.08,209,False,tile_edge
0193354AR,Ligustrum lucidum,428583,7.0,15.2,4.41,4.38,0.279,2.55,190,True,ok
0193358AR,Celtis australis,428583,9.22,1.8,1.49,6.11,0.351,2.09,58,True,no_crown_detected
0193362AR,Ligustrum lucidum,428583,3.94,3.5,2.11,2.64,0.41,1.78,107,True,ok
0193364AR,Ligustrum lucidum,428583,8.18,16.8,4.62,4.68,0.274,2.59,263,True,ok
0193374AR,Celtis australis,428583,18.27,97.0,11.11,5.98,0.173,3.51,3390,True,ok
0193376AR,Styphnolobium japonicum,428583,17.26,48.0,7.82,5.4,0.308,2.35,2183,True,ok
0193383AR,Prunus cerasifera,428583,4.17,4.2,2.33,2.95,0.508,1.35,154,True,ok
0202798AR,Ligustrum lucidum,428583,8.68,28.2,6.0,5.0,0.358,2.05,971,True,ok
0204251AR,Ligustrum lucidum,428583,6.29,7.8,3.14,3.75,0.582,1.08,269,True,ok
0204385AR,Ligustrum lucidum,428583,27.17,49.5,7.94,5.84,0.191,3.31,3068,True,ok
0204627AR,Ligustrum lucidum,428583,23.64,32.8,6.46,3.3,0.113,4.36,1659,True,ok
0204705AR,Ligustrum lucidum,428583,,0.0,0.0,,,,0,False,tile_edge
0204980AR,Ligustrum lucidum,428583,,0.0,0.0,,,,0,True,no_crown_detected
0273883AR,Ligustrum lucidum,428583,6.72,0.8,0.98,2.55,0.125,4.16,8,True,no_crown_detected
0273934AR,Ligustrum lucidum,428583,,0.0,0.0,,,,0,True,no_crown_detected
0273939AR,Ligustrum lucidum,428583,9.44,16.8,4.62,2.71,0.204,3.18,275,True,ok
0273994AR,Ligustrum lucidum,428583,3.85,1.0,1.13,2.26,0.412,1.77,35,True,no_crown_detected
0274029AR,Ligustrum lucidum,428583,9.23,41.2,7.25,3.3,0.175,3.48,696,True,ok
0274073AR,Ligustrum lucidum,428583,3.77,3.5,2.11,2.13,0.25,2.77,112,True,ok
0274099AR,Ligustrum japonicum,428583,22.08,69.8,9.42,3.97,0.181,3.42,2297,True,ok
0274113AR,Ligustrum lucidum,428583,7.21,11.5,3.83,4.06,0.46,1.55,403,True,ok
0274123AR,Ligustrum lucidum,428583,11.48,81.0,10.16,3.33,0.09,4.82,1949,True,ok
0274342AR,Ligustrum lucidum,428583,8.76,9.5,3.48,3.07,0.04,6.45,126,True,ok
0274362AR,Ligustrum lucidum,428583,4.87,14.2,4.26,2.36,0.454,1.58,526,True,ok
0274363AR,Pyrus calleryana,428583,13.78,96.0,11.06,6.44,0.224,3.0,3858,True,ok
0274365AR,Ligustrum lucidum,428583,8.58,30.0,6.18,4.1,0.195,3.27,641,True,ok
0286743AR,Magnolia grandiflora,428583,15.11,20.5,5.11,4.29,0.291,2.47,340,True,ok
0289573AR,Celtis australis,428583,5.41,7.8,3.14,3.41,0.467,1.52,309,True,ok
0289670AR,Ligustrum lucidum,428583,15.19,32.0,6.38,4.97,0.198,3.24,792,True,ok
0289671AR,Acer × freemanii AUTUMN,428583,26.19,37.2,6.89,3.15,0.188,3.35,1538,True,ok
0289672AR,Platanus × acerifolia,428583,,0.0,0.0,,,,0,True,no_crown_detected
0289673AR,Styphnolobium japonicum,428583,7.2,1.0,1.13,6.95,0.6,1.02,20,True,no_crown_detected
0289674AR,Styphnolobium japonicum,428583,13.48,0.8,0.98,8.01,0.143,3.89,21,True,no_crown_detected
0289675AR,Styphnolobium japonicum,428583,26.45,35.2,6.7,4.62,0.342,2.15,1352,True,ok
0289676AR,Platanus × acerifolia,428583,11.22,29.0,6.08,7.19,0.277,2.56,465,True,ok
0289677AR,Magnolia grandiflora,428583,,0.0,0.0,,,,0,True,no_crown_detected
0289678AR,Ginkgo biloba,428583,,0.0,0.0,,,,0,True,no_crown_detected
0289687AR,Pyrus calleryana,428583,,0.0,0.0,,,,0,True,no_crown_detected
0289754AR,Parkinsonia aculeata,428583,9.94,46.8,7.72,3.93,0.396,1.85,2460,True,ok
0293410AR,Styphnolobium japonicum,428583,25.68,72.2,9.59,3.86,0.146,3.85,1873,True,ok
0293441AR,Robinia pseudoacacia,428583,5.92,11.0,3.74,2.99,0.326,2.24,132,True,ok
0295580AR,Robinia pseudoacacia,428583,11.09,60.0,8.74,5.07,0.232,2.92,1355,True,ok
0295608AR,Tilia x euchlora,428583,5.0,6.2,2.82,2.97,0.42,1.73,213,True,ok
0295609AR,Tilia x euchlora,428583,,0.0,0.0,,,,0,True,no_crown_detected
0295610AR,Tilia x euchlora,428583,,0.0,0.0,,,,0,True,no_crown_detected
0295611AR,Tilia x euchlora,428583,6.98,16.5,4.58,3.77,0.352,2.09,657,True,ok
0295612AR,Tilia x euchlora,428583,5.56,5.0,2.52,2.2,0.439,1.65,237,True,ok
0295613AR,Tilia x euchlora,428583,5.91,10.2,3.61,3.73,0.433,1.67,400,True,ok
0295614AR,Tilia x euchlora,428583,,0.0,0.0,,,,0,True,no_crown_detected
0295615AR,Tilia x euchlora,428583,8.63,18.0,4.79,3.75,0.252,2.76,655,True,ok
0295616AR,Tilia x euchlora,428583,7.51,20.0,5.05,3.35,0.341,2.15,751,True,ok
0295617AR,Tilia x euchlora,428583,6.3,10.2,3.61,3.72,0.411,1.78,325,True,ok
0295618AR,Tilia x euchlora,428583,5.92,7.2,3.04,3.77,0.412,1.77,215,True,ok
0295619AR,Tilia x euchlora,428583,6.03,9.5,3.48,3.61,0.411,1.78,269,True,ok
0295620AR,Tilia x euchlora,428583,6.07,13.0,4.07,3.96,0.391,1.88,365,True,ok
0295621AR,Tilia x euchlora,428583,4.83,5.5,2.65,3.23,0.434,1.67,177,True,ok
0295622AR,Tilia x euchlora,428583,8.0,15.8,4.48,2.43,0.195,3.27,442,True,ok
0295623AR,Tilia x euchlora,428583,6.35,11.0,3.74,1.77,0.159,3.68,329,True,ok
0295624AR,Tilia x euchlora,428583,6.78,13.2,4.11,3.52,0.386,1.9,423,True,ok
0295625AR,Tilia x euchlora,428583,5.63,10.0,3.57,3.32,0.429,1.69,301,True,ok
0295626AR,Tilia x euchlora,428583,9.52,13.5,4.15,3.95,0.315,2.31,463,True,ok
0295627AR,Tilia x euchlora,428583,6.9,14.5,4.3,3.79,0.277,2.57,458,True,ok
0295628AR,Tilia x euchlora,428583,7.89,12.0,3.91,3.87,0.322,2.27,397,True,ok
0295629AR,Tilia x euchlora,428583,7.93,13.0,4.07,3.71,0.275,2.58,465,True,ok
0295630AR,Tilia x euchlora,428583,5.45,5.8,2.71,3.6,0.365,2.02,187,True,ok
0295631AR,Tilia x euchlora,428583,5.89,8.5,3.29,2.99,0.379,1.94,289,True,ok
0295632AR,Tilia x euchlora,428583,6.12,8.8,3.34,3.71,0.384,1.91,288,True,ok
0295688AR,Tilia x euchlora,428583,6.51,10.0,3.57,3.94,0.382,1.93,306,True,ok
0295689AR,Tilia x euchlora,428583,6.34,13.0,4.07,3.14,0.255,2.73,359,True,ok
0295690AR,Tilia x euchlora,428583,6.72,9.2,3.43,3.93,0.425,1.71,269,False,tile_edge
0295691AR,Tilia x euchlora,428583,6.87,12.5,3.99,4.13,0.345,2.13,379,True,ok
0295693AR,Tilia x euchlora,428583,6.56,6.8,2.93,3.48,0.327,2.24,235,True,ok
0295694AR,Tilia x euchlora,428583,5.45,7.8,3.14,3.65,0.383,1.92,234,True,ok
0295695AR,Tilia x euchlora,428583,6.33,7.0,2.99,4.39,0.39,1.88,226,True,ok
0295696AR,Tilia x euchlora,428583,10.19,20.5,5.11,3.91,0.298,2.42,807,True,ok
0295699AR,Tilia x euchlora,428583,7.21,7.8,3.14,4.18,0.326,2.24,211,False,tile_edge
0295700AR,Tilia x euchlora,428583,6.34,13.0,4.07,3.29,0.32,2.28,243,False,tile_edge
0295701AR,Tilia x euchlora,428583,5.88,11.0,3.74,1.72,0.178,3.45,209,True,ok
0295702AR,Tilia x euchlora,428583,6.36,10.0,3.57,3.12,0.273,2.59,199,True,ok
0295703AR,Tilia x euchlora,428583,6.85,10.0,3.57,3.73,0.331,2.21,238,True,ok
0295704AR,Tilia x euchlora,428583,6.48,16.8,4.62,3.06,0.286,2.5,368,True,ok
0295705AR,Tilia x euchlora,428583,6.45,10.8,3.7,4.1,0.407,1.8,319,True,ok
0295706AR,Tilia x euchlora,428583,7.91,14.2,4.26,4.24,0.335,2.19,448,True,ok
0295707AR,Tilia x euchlora,428583,7.43,10.2,3.61,4.16,0.314,2.32,338,True,ok
0295708AR,Tilia x euchlora,428583,7.49,11.5,3.83,3.54,0.345,2.13,392,True,ok
0295709AR,Tilia x euchlora,428583,6.96,4.2,2.33,3.88,0.369,1.99,156,True,ok
0295710AR,Tilia x euchlora,428583,7.86,14.0,4.22,4.66,0.418,1.75,432,True,ok
0295711AR,Tilia x euchlora,428583,8.54,11.0,3.74,3.94,0.308,2.35,357,True,ok
0295712AR,Tilia x euchlora,428583,8.17,8.2,3.24,4.15,0.347,2.11,279,True,ok
0295713AR,Tilia x euchlora,428583,7.7,18.8,4.89,3.42,0.277,2.57,612,True,ok
0295714AR,Tilia x euchlora,428583,9.02,17.0,4.65,3.82,0.236,2.89,620,True,ok
0295715AR,Tilia x euchlora,428583,6.38,4.5,2.39,3.49,0.281,2.54,148,True,ok
0295716AR,Tilia x euchlora,428583,5.54,9.0,3.39,3.45,0.25,2.77,319,True,ok
0295717AR,Tilia x euchlora,428583,5.9,11.0,3.74,3.26,0.357,2.06,225,True,ok
0295718AR,Tilia x euchlora,428583,6.57,9.5,3.48,4.19,0.323,2.26,237,True,ok
0295720AR,Tilia x euchlora,428583,6.09,8.0,3.19,3.09,0.303,2.39,228,True,ok
0295721AR,Tilia x euchlora,428583,5.03,7.5,3.09,2.31,0.211,3.12,192,True,ok
0295722AR,Tilia x euchlora,428583,6.05,8.8,3.34,3.33,0.379,1.94,220,True,ok
0295723AR,Tilia x euchlora,428583,5.99,12.5,3.99,3.79,0.365,2.02,307,True,ok
0295724AR,Tilia x euchlora,428583,6.68,7.8,3.14,3.45,0.346,2.12,239,True,ok
0295725AR,Tilia x euchlora,428583,6.68,11.5,3.83,3.25,0.358,2.05,364,True,ok
0295726AR,Tilia x euchlora,428583,5.81,5.8,2.71,3.7,0.368,2.0,170,True,ok
0295727AR,Tilia x euchlora,428583,4.47,3.5,2.11,2.83,0.462,1.55,97,True,ok
0295928AR,Cercis siliquastrum,428583,5.95,35.2,6.7,2.71,0.346,2.13,1123,True,ok
0295929AR,Cercis siliquastrum,428583,3.34,1.0,1.13,3.02,0.5,1.39,24,True,no_crown_detected
0295930AR,Cercis siliquastrum,428583,20.32,46.0,7.65,3.93,0.264,2.66,1317,True,ok
0295931AR,Cercis siliquastrum,428583,6.15,1.5,1.38,3.83,0.111,4.39,34,True,no_crown_detected
0295932AR,Cercis siliquastrum,428583,4.83,0.5,0.8,4.51,0.0,7.82,10,True,no_crown_detected
0295933AR,Cercis siliquastrum,428583,8.47,47.5,7.78,4.23,0.179,3.44,1110,True,ok
0295934AR,Cercis siliquastrum,428583,5.9,2.2,1.69,5.08,0.0,7.82,48,True,few_points
0295935AR,Cercis siliquastrum,428583,23.64,43.2,7.42,4.31,0.152,3.76,1778,True,ok
0295936AR,Olea europaea,428583,4.69,12.5,3.99,2.17,0.133,4.04,173,True,ok
0295938AR,Magnolia grandiflora,428583,5.12,1.2,1.26,2.57,0.28,2.55,31,True,no_crown_detected
0295940AR,Styphnolobium japonicum,428583,19.18,51.5,8.1,4.78,0.215,3.07,2273,True,ok
0295941AR,Styphnolobium japonicum,428583,12.0,4.0,2.26,3.43,0.339,2.16,79,True,ok
0296020AR,Gleditsia triacanthos,428583,6.77,7.5,3.09,4.37,0.368,2.0,197,True,ok
0296021AR,Gleditsia triacanthos,428583,7.73,23.8,5.5,3.38,0.375,1.96,706,True,ok
0296022AR,Gleditsia triacanthos,428583,9.08,14.5,4.3,4.14,0.348,2.11,341,True,ok
0296023AR,Gleditsia triacanthos,428583,7.2,12.8,4.03,4.89,0.35,2.1,272,False,tile_edge
0296026AR,Gleditsia triacanthos,428583,9.08,21.8,5.26,4.49,0.486,1.44,930,False,tile_edge
0296028AR,Gleditsia triacanthos,428583,8.67,32.0,6.38,5.35,0.267,2.64,636,False,tile_edge
0296029AR,Gleditsia triacanthos,428583,7.73,16.2,4.55,3.59,0.304,2.38,342,False,tile_edge
0296030AR,Gleditsia triacanthos,428583,10.39,38.5,7.0,5.03,0.26,2.69,810,True,ok
0296031AR,Gleditsia triacanthos,428583,8.48,18.2,4.82,5.75,0.316,2.3,329,True,ok
0296032AR,Gleditsia triacanthos,428583,8.97,33.0,6.48,5.39,0.37,1.99,689,True,ok
0296033AR,Gleditsia triacanthos,428583,8.95,42.5,7.36,5.26,0.295,2.44,933,True,ok
0296035AR,Gleditsia triacanthos,428583,9.45,30.8,6.26,4.3,0.281,2.54,713,False,tile_edge
0296036AR,Gleditsia triacanthos,428583,8.2,30.5,6.23,4.31,0.254,2.74,421,False,tile_edge
0296037AR,Gleditsia triacanthos,428583,7.7,12.2,3.95,2.42,0.284,2.52,141,False,tile_edge
0296038AR,Gleditsia triacanthos,428583,9.35,24.0,5.53,5.83,0.294,2.45,337,True,ok
0296039AR,Gleditsia triacanthos,428583,8.81,16.8,4.62,4.04,0.232,2.92,423,True,ok
0296040AR,Gleditsia triacanthos,428583,7.34,15.2,4.41,3.84,0.312,2.33,324,True,ok
0296041AR,Gleditsia triacanthos,428583,9.08,19.5,4.98,3.59,0.323,2.26,405,True,ok
0296042AR,Gleditsia triacanthos,428583,8.35,24.0,5.53,4.67,0.312,2.33,526,True,ok
0296043AR,Gleditsia triacanthos,428583,6.97,22.0,5.29,4.58,0.237,2.88,354,True,ok
0296044AR,Gleditsia triacanthos,428583,7.6,21.0,5.17,3.68,0.364,2.02,258,True,ok
0296045AR,Gleditsia triacanthos,428583,8.78,20.0,5.05,4.39,0.322,2.27,407,True,ok
0296046AR,Gleditsia triacanthos,428583,7.81,25.5,5.7,5.72,0.267,2.64,285,True,ok
0296047AR,Gleditsia triacanthos,428583,7.04,16.8,4.62,4.11,0.311,2.34,177,True,ok
0296048AR,Gleditsia triacanthos,428583,30.8,23.5,5.47,5.21,0.233,2.91,481,True,ok
0296049AR,Gleditsia triacanthos,428583,8.12,18.2,4.82,4.04,0.187,3.36,300,True,ok
0296050AR,Gleditsia triacanthos,428583,7.0,14.8,4.33,2.43,0.438,1.65,415,True,ok
0296051AR,Gleditsia triacanthos,428583,27.93,36.5,6.82,4.86,0.329,2.22,1008,True,ok
0296052AR,Gleditsia triacanthos,428583,8.26,25.0,5.64,4.55,0.238,2.87,424,True,ok
0296053AR,Cercis siliquastrum,428583,,0.0,0.0,,,,0,True,no_crown_detected
0296054AR,Gleditsia triacanthos,428583,8.52,22.8,5.38,4.43,0.303,2.39,579,True,ok
0296055AR,Gleditsia triacanthos,428583,9.28,27.8,5.94,6.15,0.292,2.46,655,True,ok
0296056AR,Gleditsia triacanthos,428583,9.06,24.8,5.61,4.33,0.378,1.94,532,True,ok
0296057AR,Gleditsia triacanthos,428583,8.29,20.2,5.08,4.46,0.3,2.4,483,True,ok
0296058AR,Gleditsia triacanthos,428583,,0.0,0.0,,,,0,True,no_crown_detected
0296059AR,Gleditsia triacanthos,428583,,0.0,0.0,,,,0,True,no_crown_detected
0296060AR,Gleditsia triacanthos,428583,,0.0,0.0,,,,0,True,no_crown_detected
0296061AR,Gleditsia triacanthos,428583,,0.0,0.0,,,,0,True,no_crown_detected
0296062AR,Gleditsia triacanthos,428583,10.03,23.0,5.41,5.08,0.361,2.04,873,True,ok
0296063AR,Gleditsia triacanthos,428583,8.01,23.0,5.41,4.22,0.321,2.27,386,True,ok
0296096AR,Acer monspessulanum,428583,5.07,6.2,2.82,2.63,0.494,1.41,162,True,ok
0302213AR,Acer campestre,428583,,0.0,0.0,,,,0,True,no_crown_detected
0302214AR,Ligustrum lucidum,428583,,0.0,0.0,,,,0,True,no_crown_detected
0302215AR,Acer campestre,428583,5.35,10.8,3.7,3.13,0.361,2.04,298,True,ok
0302216AR,Acer campestre,428583,5.67,8.8,3.34,3.18,0.37,1.99,217,True,ok
0302218AR,Acer campestre,428583,3.93,4.8,2.46,2.62,0.298,2.42,96,True,ok
0302219AR,Acer campestre,428583,5.89,14.8,4.33,3.3,0.349,2.11,356,True,ok
0302220AR,Acer campestre,428583,15.65,13.5,4.15,3.25,0.339,2.16,402,True,ok
0302221AR,Acer campestre,428583,4.97,8.5,3.29,3.08,0.309,2.35,194,True,ok
0302222AR,Acer campestre,428583,15.34,14.0,4.22,2.91,0.283,2.52,324,True,ok
0302223AR,Acer campestre,428583,15.64,17.2,4.69,4.0,0.267,2.64,481,True,ok
0303594AR,Ginkgo biloba,428583,4.15,4.8,2.46,2.68,0.517,1.32,194,True,ok
0303595AR,Ginkgo biloba,428583,25.85,13.5,4.15,4.21,0.206,3.16,921,True,ok
0309882AR,Robinia pseudoacacia,428583,21.78,62.0,8.88,3.67,0.168,3.57,2442,True,ok
0309943AR,Pinus pinea,428583,6.66,1.0,1.13,4.09,0.353,2.08,17,True,no_crown_detected
0313778AR,Koelreuteria paniculata,428583,5.98,35.8,6.75,3.65,0.343,2.14,1199,True,ok
0316297AR,Crataegus monogyna,428583,5.39,5.2,2.59,2.61,0.459,1.56,184,True,ok
0316306AR,Crataegus monogyna,428583,5.16,6.2,2.82,2.87,0.374,1.97,206,True,ok
0316310AR,Hibiscus syriacus,428583,16.26,11.8,3.87,2.73,0.386,1.9,474,True,ok
0316315AR,Hibiscus syriacus,428583,3.85,9.2,3.43,2.85,0.397,1.85,211,True,ok
0316319AR,Hibiscus syriacus,428583,3.91,5.2,2.59,3.16,0.333,2.2,139,True,ok
0319517AR,Fraxinus angustifolia,428583,6.64,9.0,3.39,4.12,0.33,2.22,88,False,tile_edge
0319518AR,Fraxinus angustifolia,428583,24.93,13.0,4.07,3.72,0.187,3.35,198,False,tile_edge
0319519AR,Fraxinus angustifolia,428583,6.36,10.0,3.57,3.73,0.302,2.4,106,True,ok
0319520AR,Fraxinus angustifolia,428583,30.95,25.2,5.67,4.79,0.142,3.91,585,True,ok
0319521AR,Fraxinus angustifolia,428583,5.17,9.5,3.48,3.64,0.341,2.15,91,True,ok
0319522AR,Fraxinus angustifolia,428583,26.38,11.2,3.78,3.77,0.25,2.77,236,True,ok
0319539AR,Fraxinus angustifolia,428583,5.27,7.8,3.14,3.96,0.311,2.34,90,False,tile_edge
0319540AR,Fraxinus angustifolia,428583,5.42,9.0,3.39,3.21,0.279,2.56,122,False,tile_edge
0319541AR,Fraxinus angustifolia,428583,4.82,8.0,3.19,3.13,0.278,2.56,126,False,tile_edge
0319542AR,Fraxinus angustifolia,428583,5.4,8.8,3.34,3.53,0.354,2.08,161,True,ok
0319543AR,Fraxinus angustifolia,428583,5.25,7.5,3.09,2.75,0.352,2.09,142,True,ok
0319545AR,Fraxinus angustifolia,428583,5.45,7.2,3.04,3.16,0.375,1.96,128,True,ok
0319546AR,Fraxinus angustifolia,428583,5.5,2.8,1.87,3.33,0.476,1.48,110,True,ok
0319547AR,Fraxinus angustifolia,428583,4.75,3.2,2.03,3.55,0.51,1.35,90,True,ok
0319548AR,Fraxinus angustifolia,428583,5.78,10.8,3.7,3.7,0.511,1.34,341,True,ok
0319550AR,Fraxinus angustifolia,428583,5.23,6.0,2.76,3.49,0.426,1.71,205,True,ok
0319551AR,Fraxinus angustifolia,428583,4.79,2.8,1.87,3.49,0.471,1.51,98,True,ok
0319552AR,Fraxinus angustifolia,428583,5.49,8.2,3.24,3.28,0.422,1.73,245,True,ok
0319553AR,Fraxinus angustifolia,428583,4.89,8.0,3.19,3.42,0.452,1.59,273,True,ok
0319554AR,Fraxinus angustifolia,428583,4.78,7.0,2.99,2.74,0.46,1.55,188,True,ok
0319555AR,Fraxinus angustifolia,428583,5.48,6.5,2.88,2.61,0.533,1.26,197,True,ok
0319556AR,Fraxinus angustifolia,428583,5.04,7.5,3.09,3.58,0.517,1.32,221,True,ok
0319557AR,Fraxinus angustifolia,428583,5.23,9.5,3.48,2.4,0.408,1.79,214,True,ok
0319559AR,Fraxinus angustifolia,428583,6.89,14.5,4.3,2.59,0.296,2.44,433,False,tile_edge
0319560AR,Fraxinus angustifolia,428583,5.54,5.0,2.52,2.3,0.29,2.47,117,True,ok
0319561AR,Fraxinus angustifolia,428583,5.16,9.0,3.39,4.11,0.465,1.53,196,True,ok
0319562AR,Fraxinus angustifolia,428583,4.64,9.2,3.43,2.47,0.434,1.67,201,True,ok
0319563AR,Fraxinus angustifolia,428583,5.74,7.0,2.99,2.86,0.527,1.28,235,True,ok
0319564AR,Fraxinus angustifolia,428583,6.08,0.2,0.56,5.6,0.25,2.77,10,True,no_crown_detected
0319565AR,Fraxinus angustifolia,428583,4.93,15.0,4.37,2.94,0.348,2.11,508,True,ok
0319566AR,Fraxinus angustifolia,428583,5.33,14.2,4.26,2.95,0.418,1.75,504,True,ok
0319567AR,Fraxinus angustifolia,428583,6.83,13.5,4.15,3.15,0.393,1.87,581,True,ok
0319568AR,Fraxinus angustifolia,428583,6.6,12.2,3.95,3.64,0.421,1.73,437,True,ok
0319569AR,Fraxinus angustifolia,428583,6.09,11.0,3.74,3.25,0.521,1.31,422,True,ok
0319570AR,Fraxinus angustifolia,428583,6.71,8.5,3.29,3.6,0.517,1.32,311,True,ok
0319571AR,Fraxinus angustifolia,428583,5.88,8.0,3.19,3.12,0.458,1.56,262,True,ok
0319572AR,Fraxinus angustifolia,428583,6.4,8.8,3.34,4.06,0.383,1.92,323,True,ok
0319573AR,Fraxinus angustifolia,428583,5.71,11.0,3.74,3.63,0.488,1.44,314,True,ok
0319574AR,Fraxinus angustifolia,428583,16.14,12.8,4.03,3.88,0.382,1.93,475,True,ok
0319575AR,Fraxinus angustifolia,428583,6.18,9.5,3.48,3.74,0.471,1.51,328,True,ok
0319576AR,Fraxinus angustifolia,428583,6.69,9.2,3.43,4.31,0.491,1.42,301,True,ok
0319577AR,Fraxinus angustifolia,428583,6.63,16.0,4.51,4.03,0.49,1.43,472,False,tile_edge
0319578AR,Fraxinus angustifolia,428583,6.5,5.5,2.65,4.37,0.493,1.41,189,False,tile_edge
0319579AR,Fraxinus angustifolia,428583,5.7,8.2,3.24,3.0,0.471,1.51,280,False,tile_edge
0319585AR,Fraxinus angustifolia,428583,6.33,17.2,4.69,3.57,0.327,2.24,420,True,ok
0319586AR,Fraxinus angustifolia,428583,5.83,9.5,3.48,3.2,0.402,1.82,207,True,ok
0319587AR,Fraxinus angustifolia,428583,7.2,17.2,4.69,4.9,0.306,2.37,365,True,ok
0319588AR,Fraxinus angustifolia,428583,6.08,14.2,4.26,3.2,0.296,2.44,295,True,ok
0319589AR,Fraxinus angustifolia,428583,7.07,14.0,4.22,4.68,0.316,2.3,295,True,ok
0319590AR,Fraxinus angustifolia,428583,6.22,11.5,3.83,3.33,0.321,2.27,267,False,tile_edge
0319591AR,Fraxinus angustifolia,428583,6.68,6.0,2.76,4.17,0.197,3.25,101,False,tile_edge
0323029AR,Cupressus sempervirens,428583,,0.0,0.0,,,,0,True,no_crown_detected
0323030AR,Cupressus sempervirens,428583,,0.0,0.0,,,,0,True,no_crown_detected
0323031AR,Cupressus sempervirens,428583,,0.0,0.0,,,,0,True,no_crown_detected
0323033AR,Cupressus sempervirens,428583,,0.0,0.0,,,,0,True,no_crown_detected
0323034AR,Cupressus sempervirens,428583,12.36,2.0,1.6,2.73,0.253,2.75,168,True,ok
0323035AR,Cupressus sempervirens,428583,8.61,79.5,10.06,2.32,0.264,2.66,2957,True,ok
0323036AR,Cupressus sempervirens,428583,4.78,4.0,2.26,2.28,0.322,2.27,160,True,ok
0323037AR,Cupressus sempervirens,428583,11.84,3.0,1.95,2.57,0.264,2.67,218,True,ok
0323038AR,Cupressus sempervirens,428583,,0.0,0.0,,,,0,True,no_crown_detected
0323040AR,Cupressus sempervirens,428583,14.34,18.8,4.89,3.4,0.283,2.52,1079,True,ok
0332552AR,Pinus pinea,428583,5.52,12.8,4.03,2.74,0.357,2.06,255,True,ok
0332864AR,Platanus × acerifolia,428583,15.01,60.8,8.79,6.88,0.196,3.26,1074,True,ok
0333191AR,Ligustrum lucidum,428583,5.74,0.8,0.98,4.99,0.368,2.0,19,True,no_crown_detected
0333198AR,Pinus pinea,428583,,0.0,0.0,,,,0,True,no_crown_detected
0333261AR,Olea europaea,428583,,0.0,0.0,,,,0,True,no_crown_detected
0333262AR,Olea europaea,428583,,0.0,0.0,,,,0,True,no_crown_detected
0333263AR,Pinus pinea,428583,,0.0,0.0,,,,0,True,no_crown_detected
0333442AR,Citrus × aurantium,428583,19.79,27.0,5.86,2.45,0.198,3.24,666,True,ok
0336424AR,Ginkgo biloba,428583,,0.0,0.0,,,,0,True,no_crown_detected
0336425AR,Ginkgo biloba,428583,,0.0,0.0,,,,0,True,no_crown_detected
0336426AR,Ginkgo biloba,428583,,0.0,0.0,,,,0,True,no_crown_detected
0341503AR,Photinia x fraseri,428583,,0.0,0.0,,,,0,True,no_crown_detected
0075695AR,Celtis australis,427583,13.31,75.5,9.8,7.38,0.238,2.87,2671,True,ok
0075700AR,Firmiana simplex,427583,16.93,93.2,10.9,5.0,0.334,2.2,3480,True,ok
0075722AR,Firmiana simplex,427583,11.21,22.0,5.29,4.35,0.215,3.07,1034,True,ok
0075723AR,Ligustrum lucidum,427583,,0.0,0.0,,,,0,False,tile_edge
0075729AR,Styphnolobium japonicum,427583,9.47,58.8,8.65,4.95,0.281,2.54,2205,True,ok
0075735AR,Ligustrum lucidum,427583,16.17,58.8,8.65,5.98,0.269,2.62,1939,True,ok
0075748AR,Gleditsia triacanthos,427583,9.05,81.8,10.2,4.45,0.302,2.4,2923,True,ok
0075750AR,Hibiscus syriacus,427583,4.01,3.0,1.95,3.02,0.537,1.25,101,True,ok
0075753AR,Celtis australis,427583,11.58,70.5,9.47,5.78,0.263,2.67,2420,True,ok
0075754AR,Tipuana tipu,427583,21.48,84.0,10.34,11.26,0.262,2.68,3816,True,ok
0075761AR,Celtis australis,427583,13.81,54.2,8.31,7.04,0.07,5.33,732,False,tile_edge
0075767AR,Platanus × acerifolia,427583,16.05,144.5,13.56,9.77,0.253,2.75,5782,True,ok
0075771AR,Firmiana simplex,427583,6.88,6.2,2.82,4.14,0.458,1.56,222,True,ok
0075774AR,Melia azedarach,427583,12.53,69.0,9.37,6.65,0.262,2.68,2697,True,ok
0075779AR,Melia azedarach,427583,13.96,34.8,6.65,8.16,0.128,4.11,530,False,tile_edge
0075783AR,Melia azedarach,427583,16.67,16.5,4.58,6.99,0.064,5.5,573,True,ok
0075789AR,Ligustrum lucidum,427583,,0.0,0.0,,,,0,True,no_crown_detected
0075798AR,Melia azedarach,427583,13.12,106.2,11.63,5.87,0.231,2.93,4215,True,ok
0075803AR,Platanus × acerifolia,427583,15.79,85.5,10.43,8.13,0.292,2.46,3714,True,ok
0075805AR,Firmiana simplex,427583,7.36,2.0,1.6,5.46,0.318,2.29,66,True,ok
0075806AR,Melia azedarach,427583,10.68,63.2,8.97,6.84,0.139,3.94,1941,True,ok
0075821AR,Styphnolobium japonicum,427583,7.15,36.2,6.79,4.81,0.346,2.12,1262,True,ok
0075837AR,Gleditsia triacanthos,427583,7.03,8.8,3.34,5.17,0.438,1.65,247,True,ok
0075844AR,Melia azedarach,427583,7.37,1.2,1.26,5.26,0.273,2.6,22,False,tile_edge
0075846AR,Firmiana simplex,427583,14.2,30.0,6.18,8.85,0.173,3.51,923,True,ok
0075852AR,Firmiana simplex,427583,18.4,132.8,13.0,4.97,0.346,2.12,5307,True,ok
0075859AR,Ligustrum lucidum,427583,9.15,23.8,5.5,4.8,0.304,2.38,570,True,ok
0075869AR,Melia azedarach,427583,20.05,88.5,10.62,5.58,0.122,4.21,1636,False,tile_edge
0075870AR,Melia azedarach,427583,7.67,38.8,7.02,4.67,0.125,4.16,432,True,ok
0075875AR,Styphnolobium japonicum,427583,10.91,77.2,9.92,4.55,0.313,2.32,3668,True,ok
0075890AR,Firmiana simplex,427583,10.86,14.8,4.33,7.28,0.212,3.1,554,True,ok
0075891AR,Platanus × acerifolia,427583,17.25,99.2,11.24,9.67,0.268,2.63,4416,True,ok
0075892AR,Platanus × acerifolia,427583,13.75,37.8,6.93,5.77,0.276,2.58,722,True,ok
0075893AR,Celtis australis,427583,11.42,48.8,7.88,6.37,0.079,5.07,745,True,ok
0075915AR,Liquidambar styraciflua,427583,13.26,59.2,8.69,4.43,0.182,3.41,2426,True,ok
0075925AR,Firmiana simplex,427583,16.91,123.0,12.51,9.63,0.073,5.24,5239,True,ok
0075942AR,Celtis australis,427583,10.47,39.5,7.09,6.75,0.327,2.24,1476,True,ok
0075955AR,Gleditsia triacanthos,427583,6.96,41.8,7.29,4.0,0.438,1.65,1861,True,ok
0075959AR,Styphnolobium japonicum,427583,7.47,5.2,2.59,4.29,0.355,2.07,187,True,ok
0075975AR,Melia azedarach,427583,11.3,21.2,5.2,5.67,0.172,3.52,713,True,ok
0075980AR,Melia azedarach,427583,16.27,34.5,6.63,6.02,0.227,2.96,1411,True,ok
0075996AR,Melia azedarach,427583,14.09,119.8,12.35,6.4,0.235,2.9,4817,True,ok
0076009AR,Pyrus calleryana,427583,7.55,16.0,4.51,3.56,0.367,2.0,596,True,ok
0076010AR,Celtis australis,427583,24.14,66.2,9.18,8.0,0.139,3.95,1926,True,ok
0076014AR,Celtis australis,427583,12.32,52.8,8.2,6.82,0.156,3.71,953,True,ok
0076027AR,Ligustrum lucidum,427583,7.86,16.0,4.51,4.84,0.233,2.91,176,False,tile_edge
0076029AR,Firmiana simplex,427583,10.33,0.2,0.56,10.33,0.0,7.82,7,True,no_crown_detected
0076034AR,Firmiana simplex,427583,13.97,105.2,11.58,7.34,0.282,2.53,4424,True,ok
0076038AR,Styphnolobium japonicum,427583,5.64,2.2,1.69,3.86,0.556,1.18,74,True,ok
0076043AR,Celtis australis,427583,13.4,44.0,7.48,7.6,0.203,3.19,1323,True,ok
0076045AR,Ligustrum lucidum,427583,7.7,0.5,0.8,4.68,0.0,7.82,11,True,no_crown_detected
0076048AR,Platanus × acerifolia,427583,15.66,69.5,9.41,7.86,0.162,3.64,2976,True,ok
0076052AR,Celtis australis,427583,27.45,42.2,7.33,6.83,0.236,2.88,1743,True,ok
0076063AR,Ligustrum lucidum,427583,17.01,23.5,5.47,5.12,0.295,2.44,861,True,ok
0076065AR,Cupressus sempervirens,427583,13.99,0.8,0.98,7.62,0.235,2.89,50,True,no_crown_detected
0076071AR,Melia azedarach,427583,15.97,31.0,6.28,4.16,0.166,3.59,1030,True,ok
0076078AR,Ligustrum lucidum,427583,,0.0,0.0,,,,0,True,no_crown_detected
0076082AR,Hibiscus syriacus,427583,,0.0,0.0,,,,0,True,no_crown_detected
0076084AR,Magnolia grandiflora,427583,12.6,5.0,2.52,3.14,0.35,2.1,229,True,ok
0076088AR,Firmiana simplex,427583,,0.0,0.0,,,,0,True,no_crown_detected
0076099AR,Magnolia grandiflora,427583,6.05,5.5,2.65,4.26,0.268,2.64,71,True,ok
0076107AR,Styphnolobium japonicum,427583,9.7,54.8,8.35,5.15,0.307,2.36,2607,True,ok
0076134AR,Celtis australis,427583,26.09,67.5,9.27,8.9,0.107,4.47,1798,True,ok
0076137AR,Firmiana simplex,427583,21.17,99.5,11.26,5.82,0.234,2.9,3162,True,ok
0076142AR,Ligustrum lucidum,427583,5.98,2.2,1.69,3.46,0.259,2.7,27,True,few_points
0076144AR,Celtis australis,427583,17.78,61.0,8.81,4.55,0.138,3.96,1031,True,ok
0076187AR,Magnolia grandiflora,427583,,0.0,0.0,,,,0,False,tile_edge
0076189AR,Pinus halepensis,427583,9.54,1.2,1.26,6.8,0.056,5.78,36,True,no_crown_detected
0076192AR,Melia azedarach,427583,15.76,12.8,4.03,6.31,0.175,3.48,506,True,ok
0076196AR,Tipuana tipu,427583,22.14,192.2,15.65,12.42,0.112,4.38,7040,True,ok
0076197AR,Gleditsia triacanthos,427583,11.34,49.5,7.94,6.06,0.348,2.11,2073,True,ok
0076198AR,Styphnolobium japonicum,427583,11.97,82.0,10.22,4.31,0.308,2.35,4092,True,ok
0076199AR,Platanus × acerifolia,427583,22.8,210.8,16.38,10.58,0.103,4.55,5182,True,ok
0076200AR,Firmiana simplex,427583,7.02,0.2,0.56,6.66,0.333,2.2,7,True,no_crown_detected
0076211AR,Gleditsia triacanthos,427583,16.79,74.0,9.71,5.04,0.219,3.03,3022,True,ok
0076212AR,Gleditsia triacanthos,427583,9.16,56.8,8.5,3.62,0.331,2.21,2227,True,ok
0076217AR,Magnolia grandiflora,427583,19.87,24.0,5.53,2.1,0.285,2.51,952,True,ok
0076223AR,Celtis australis,427583,12.66,38.5,7.0,7.55,0.117,4.29,704,True,ok
0076230AR,Celtis australis,427583,13.08,52.8,8.2,5.85,0.292,2.46,2194,True,ok
0076235AR,Ligustrum lucidum,427583,18.14,11.2,3.78,4.75,0.546,1.21,473,True,ok
0076238AR,Gleditsia triacanthos,427583,10.5,97.5,11.14,3.98,0.291,2.47,3823,True,ok
0076241AR,Gleditsia triacanthos,427583,9.33,41.5,7.27,4.69,0.31,2.34,1861,True,ok
0076250AR,Pyrus calleryana,427583,6.91,14.2,4.26,3.37,0.325,2.25,534,True,ok
0076258AR,Ligustrum lucidum,427583,7.54,15.0,4.37,5.3,0.291,2.47,213,True,ok
0076267AR,Celtis australis,427583,15.84,71.0,9.51,8.58,0.149,3.81,1289,True,ok
0076269AR,Celtis australis,427583,11.64,33.8,6.56,6.77,0.216,3.06,1328,True,ok
0076272AR,Ligustrum lucidum,427583,18.34,29.5,6.13,4.89,0.21,3.12,515,False,tile_edge
0076273AR,Firmiana simplex,427583,9.01,17.0,4.65,4.39,0.455,1.58,681,True,ok
0076275AR,Koelreuteria paniculata,427583,10.64,60.2,8.76,7.33,0.262,2.68,2031,True,ok
0076280AR,Platanus × acerifolia,427583,18.18,118.2,12.27,4.18,0.232,2.92,5430,True,ok
0076283AR,Platanus × acerifolia,427583,17.09,99.0,11.23,8.48,0.206,3.16,4090,True,ok
0076288AR,Ligustrum lucidum,427583,,0.0,0.0,,,,0,True,no_crown_detected
0076319AR,Firmiana simplex,427583,9.5,49.0,7.9,4.77,0.402,1.82,1895,True,ok
0076320AR,Ligustrum lucidum,427583,16.25,44.0,7.48,4.57,0.388,1.9,1612,True,ok
0076336AR,Platanus × acerifolia,427583,18.07,160.0,14.27,8.89,0.182,3.4,7318,True,ok
0076349AR,Celtis australis,427583,14.04,47.0,7.74,8.0,0.174,3.5,1455,True,ok
0076354AR,Firmiana simplex,427583,13.71,1.8,1.49,12.01,0.31,2.34,54,True,no_crown_detected
0076358AR,Celtis australis,427583,12.06,1.8,1.49,11.14,0.0,7.82,42,True,no_crown_detected
0076371AR,Koelreuteria paniculata,427583,26.84,94.5,10.97,5.44,0.28,2.55,3564,True,ok
0076375AR,Celtis australis,427583,19.35,38.5,7.0,3.05,0.122,4.22,502,True,ok
0076376AR,Melia azedarach,427583,7.52,0.2,0.56,7.52,0.5,1.39,8,True,no_crown_detected
0076377AR,Gleditsia triacanthos,427583,6.85,28.5,6.02,4.32,0.376,1.95,902,True,ok
0076382AR,Firmiana simplex,427583,7.08,15.0,4.37,3.85,0.332,2.2,609,True,ok
0076383AR,Ligustrum lucidum,427583,9.28,32.8,6.46,4.58,0.172,3.52,1039,True,ok
0076387AR,Ligustrum lucidum,427583,18.2,60.2,8.76,5.42,0.178,3.45,1929,True,ok
0076389AR,Firmiana simplex,427583,10.65,3.0,1.95,6.93,0.043,6.27,74,True,ok
0076390AR,Styphnolobium japonicum,427583,7.86,10.2,3.61,3.28,0.378,1.95,361,True,ok
0076406AR,Firmiana simplex,427583,13.62,125.8,12.65,6.71,0.206,3.16,4596,True,ok
0076415AR,Firmiana simplex,427583,14.84,47.5,7.78,9.51,0.142,3.91,1708,True,ok
0076416AR,Hibiscus syriacus,427583,,0.0,0.0,,,,0,True,no_crown_detected
0076417AR,Firmiana simplex,427583,8.21,1.8,1.49,7.74,0.261,2.69,51,True,no_crown_detected
0076473AR,Celtis australis,427583,12.84,59.0,8.67,6.63,0.247,2.8,1973,True,ok
0076474AR,Magnolia grandiflora,427583,5.78,8.5,3.29,2.27,0.496,1.4,260,True,ok
0076480AR,Magnolia grandiflora,427583,8.98,75.2,9.79,3.29,0.333,2.2,2786,True,ok
0076482AR,Populus nigra,427583,25.88,84.2,10.36,5.75,0.188,3.35,4085,True,ok
0076486AR,Styphnolobium japonicum,427583,11.36,84.5,10.37,5.15,0.323,2.26,4468,True,ok
0076492AR,Firmiana simplex,427583,14.34,108.0,11.73,6.67,0.225,2.98,4934,True,ok
0076507AR,Celtis australis,427583,20.35,78.0,9.97,6.08,0.133,4.03,1112,False,tile_edge
0076515AR,Ligustrum lucidum,427583,,0.0,0.0,,,,0,True,no_crown_detected
0076519AR,Firmiana simplex,427583,12.97,77.8,9.95,4.54,0.218,3.04,2339,True,ok
0076530AR,Celtis australis,427583,12.93,61.2,8.83,7.08,0.122,4.21,886,False,tile_edge
0076544AR,Firmiana simplex,427583,10.08,7.5,3.09,5.79,0.311,2.33,310,True,ok
0076546AR,Ligustrum lucidum,427583,9.79,25.2,5.67,2.3,0.116,4.31,363,True,ok
0076556AR,Ligustrum lucidum,427583,13.23,27.8,5.94,5.15,0.264,2.67,436,True,ok
0076563AR,Melia azedarach,427583,3.65,4.8,2.46,2.87,0.483,1.46,87,True,ok
0076567AR,Ligustrum lucidum,427583,16.69,26.2,5.78,5.09,0.269,2.63,1141,True,ok
0076570AR,Gleditsia triacanthos,427583,22.61,94.8,10.98,3.58,0.299,2.41,3622,True,ok
0076580AR,Styphnolobium japonicum,427583,,0.0,0.0,,,,0,True,no_crown_detected
0076599AR,Melia azedarach,427583,15.05,19.2,4.95,6.46,0.169,3.55,431,True,ok
0076614AR,Firmiana simplex,427583,16.05,74.5,9.74,7.75,0.189,3.34,3183,True,ok
0076616AR,Celtis australis,427583,11.34,124.8,12.6,5.51,0.058,5.71,1633,True,ok
0076619AR,Koelreuteria paniculata,427583,5.77,16.2,4.55,3.78,0.25,2.77,184,True,ok
0076620AR,Gleditsia triacanthos,427583,9.9,69.5,9.41,4.55,0.34,2.16,2690,True,ok
0076621AR,Firmiana simplex,427583,,0.0,0.0,,,,0,True,no_crown_detected
0076627AR,Firmiana simplex,427583,14.13,0.2,0.56,13.97,0.0,7.82,2,True,no_crown_detected
0076628AR,Pyrus calleryana,427583,8.12,14.0,4.22,3.86,0.314,2.32,526,True,ok
0076629AR,Ligustrum lucidum,427583,7.91,15.5,4.44,5.42,0.356,2.07,464,True,ok
0076634AR,Magnolia grandiflora,427583,6.44,6.5,2.88,4.42,0.453,1.58,229,True,ok
0076656AR,Styphnolobium japonicum,427583,8.6,85.0,10.4,2.72,0.327,2.24,3621,True,ok
0076659AR,Magnolia grandiflora,427583,8.7,24.5,5.59,5.52,0.303,2.39,905,False,tile_edge
0076663AR,Ligustrum lucidum,427583,6.9,11.8,3.87,3.95,0.456,1.57,460,True,ok
0076669AR,Magnolia grandiflora,427583,5.82,8.0,3.19,2.86,0.423,1.72,316,True,ok
0076677AR,Ligustrum lucidum,427583,8.35,30.5,6.23,2.39,0.211,3.11,1092,True,ok
0076682AR,Magnolia grandiflora,427583,,0.0,0.0,,,,0,True,no_crown_detected
0076685AR,Firmiana simplex,427583,8.29,22.0,5.29,5.7,0.283,2.53,695,True,ok
0076689AR,Ligustrum lucidum,427583,7.54,0.2,0.56,7.54,0.0,7.82,6,True,no_crown_detected
0076694AR,Platanus × acerifolia,427583,17.4,46.5,7.69,9.97,0.144,3.88,1056,True,ok
0076695AR,Magnolia grandiflora,427583,9.37,43.0,7.4,5.55,0.41,1.78,1715,True,ok
0076699AR,Platanus × acerifolia,427583,20.06,2.0,1.6,13.87,0.158,3.69,38,True,few_points
0076700AR,Magnolia grandiflora,427583,3.1,0.2,0.56,3.1,0.667,0.81,3,False,tile_edge
0076706AR,Koelreuteria paniculata,427583,7.51,29.0,6.08,4.08,0.378,1.95,1255,True,ok
0076709AR,Melia azedarach,427583,21.75,75.5,9.8,5.67,0.261,2.68,3005,True,ok
0076711AR,Magnolia grandiflora,427583,5.08,4.0,2.26,3.11,0.466,1.53,187,True,ok
0076718AR,Celtis australis,427583,12.65,63.2,8.97,6.83,0.184,3.39,991,True,ok
0076736AR,Ligustrum lucidum,427583,19.38,6.0,2.76,5.52,0.161,3.65,434,True,ok
0076737AR,Tipuana tipu,427583,20.35,159.0,14.23,6.92,0.146,3.84,6812,True,ok
0076741AR,Melia azedarach,427583,8.42,83.0,10.28,2.82,0.207,3.15,1574,False,tile_edge
0076753AR,Gleditsia triacanthos,427583,9.58,66.0,9.17,5.41,0.345,2.13,2789,True,ok
0076765AR,Platanus × acerifolia,427583,17.23,3.0,1.95,6.47,0.255,2.73,51,True,ok
0076769AR,Styphnolobium japonicum,427583,8.85,37.0,6.86,5.91,0.366,2.01,1313,True,ok
0076778AR,Ligustrum lucidum,427583,,0.0,0.0,,,,0,True,no_crown_detected
0076789AR,Firmiana simplex,427583,7.3,7.0,2.99,4.42,0.208,3.14,250,True,ok
0076790AR,Platanus × acerifolia,427583,17.01,98.5,11.2,7.72,0.269,2.63,4285,True,ok
0076792AR,Melia azedarach,427583,21.44,76.0,9.84,5.82,0.238,2.87,2853,True,ok
0076801AR,Tipuana tipu,427583,22.5,158.5,14.21,13.97,0.192,3.3,6405,True,ok
0076810AR,Celtis australis,427583,14.37,55.5,8.41,8.18,0.139,3.94,1938,True,ok
0076811AR,Platanus × acerifolia,427583,18.54,85.5,10.43,9.73,0.232,2.92,4056,True,ok
0076814AR,Styphnolobium japonicum,427583,8.31,23.2,5.44,5.55,0.407,1.8,902,True,ok
0076819AR,Ligustrum lucidum,427583,8.59,26.2,5.78,5.18,0.149,3.8,328,True,ok
0076832AR,Pinus halepensis,427583,7.21,3.8,2.19,6.08,0.038,6.52,26,True,few_points
0076835AR,Ligustrum lucidum,427583,7.21,0.2,0.56,7.21,0.75,0.58,4,True,no_crown_detected
0076855AR,Magnolia grandiflora,427583,6.21,8.5,3.29,3.83,0.344,2.14,96,True,ok
0076856AR,Pyrus calleryana,427583,9.59,14.8,4.33,3.77,0.266,2.65,717,True,ok
0076865AR,Celtis australis,427583,11.62,13.0,4.07,6.84,0.227,2.97,207,False,tile_edge
0076878AR,Melia azedarach,427583,7.39,3.2,2.03,5.4,0.098,4.65,64,True,ok
0076880AR,Ligustrum lucidum,427583,7.8,17.2,4.69,4.86,0.35,2.1,474,True,ok
0076893AR,Ligustrum lucidum,427583,7.17,0.5,0.8,6.77,0.333,2.2,4,True,no_crown_detected
0076897AR,Pyrus calleryana,427583,9.96,15.2,4.41,3.97,0.235,2.89,631,True,ok
0076915AR,Magnolia grandiflora,427583,8.77,31.5,6.33,3.62,0.143,3.9,421,True,ok
0076916AR,Melia azedarach,427583,9.99,6.8,2.93,6.46,0.05,5.99,157,True,ok
0076923AR,Bauhinia variegata,427583,10.83,45.2,7.59,3.95,0.123,4.19,1464,True,ok
0076931AR,Magnolia grandiflora,427583,5.2,6.2,2.82,3.24,0.449,1.6,289,True,ok
0076938AR,Celtis australis,427583,10.03,79.5,10.06,5.54,0.095,4.7,1038,False,tile_edge
0076957AR,Firmiana simplex,427583,17.45,77.8,9.95,4.39,0.263,2.67,3259,True,ok
0076984AR,Styphnolobium japonicum,427583,12.06,74.8,9.76,3.36,0.242,2.83,3469,True,ok
0076985AR,Firmiana simplex,427583,8.33,2.5,1.78,3.87,0.22,3.03,122,True,ok
0076986AR,Firmiana simplex,427583,5.05,7.8,3.14,2.11,0.274,2.59,283,True,ok
0076988AR,Ligustrum lucidum,427583,18.21,13.2,4.11,6.8,0.151,3.78,604,True,ok
0076997AR,Hibiscus syriacus,427583,,0.0,0.0,,,,0,True,no_crown_detected
0077001AR,Platanus × acerifolia,427583,18.9,177.5,15.03,9.82,0.123,4.2,7825,True,ok
0077002AR,Firmiana simplex,427583,10.39,10.2,3.61,6.01,0.434,1.67,424,True,ok
0077005AR,Melia azedarach,427583,10.75,1.8,1.49,8.5,0.13,4.07,68,True,no_crown_detected
0077011AR,Pyrus calleryana,427583,23.36,42.8,7.38,2.82,0.211,3.11,1325,True,ok
0077013AR,Ulmus pumila,427583,10.39,36.0,6.77,5.39,0.238,2.87,1327,True,ok
0077014AR,Ligustrum lucidum,427583,21.48,37.0,6.86,6.1,0.118,4.27,524,True,ok
0077021AR,Firmiana simplex,427583,,0.0,0.0,,,,0,True,no_crown_detected
0077025AR,Styphnolobium japonicum,427583,13.02,122.8,12.5,4.95,0.337,2.17,6957,True,ok
0077027AR,Magnolia grandiflora,427583,11.96,32.5,6.43,7.53,0.274,2.59,1221,True,ok
0077034AR,Ligustrum lucidum,427583,5.39,0.2,0.56,5.16,0.6,1.02,9,True,no_crown_detected
0077036AR,Firmiana simplex,427583,14.52,22.5,5.35,4.71,0.081,5.03,820,True,ok
0077040AR,Ligustrum lucidum,427583,17.23,34.8,6.65,3.55,0.249,2.78,1233,True,ok
0077071AR,Firmiana simplex,427583,11.9,53.0,8.21,5.95,0.236,2.89,1895,True,ok
0077101AR,Firmiana simplex,427583,,0.0,0.0,,,,0,True,no_crown_detected
0077103AR,Tipuana tipu,427583,19.6,175.5,14.95,12.81,0.156,3.72,6002,True,ok
0077112AR,Celtis australis,427583,12.61,41.0,7.23,6.45,0.138,3.96,623,True,ok
0077127AR,Hibiscus syriacus,427583,,0.0,0.0,,,,0,True,no_crown_detected
0077132AR,Firmiana simplex,427583,12.06,131.2,12.93,6.3,0.25,2.78,4960,True,ok
0077138AR,Ligustrum lucidum,427583,5.56,0.2,0.56,4.76,0.0,7.82,8,True,no_crown_detected
0077154AR,Gleditsia triacanthos,427583,6.51,19.8,5.01,4.27,0.422,1.72,683,True,ok
0077159AR,Firmiana simplex,427583,8.06,19.2,4.95,4.87,0.242,2.84,327,True,ok
0077172AR,Ligustrum lucidum,427583,21.38,72.2,9.59,6.12,0.258,2.71,3095,True,ok
0077188AR,Platanus × acerifolia,427583,13.34,3.0,1.95,8.91,0.243,2.83,129,True,ok
0077190AR,Magnolia grandiflora,427583,25.78,40.0,7.14,3.92,0.178,3.45,741,True,ok
0077191AR,Pinus halepensis,427583,4.92,1.8,1.49,3.6,0.31,2.34,29,True,no_crown_detected
0077221AR,Ligustrum lucidum,427583,9.82,26.5,5.81,6.55,0.206,3.16,374,True,ok
0077224AR,Platanus × acerifolia,427583,17.39,65.5,9.13,10.4,0.1,4.6,2353,True,ok
0077230AR,Firmiana simplex,427583,10.71,42.0,7.31,5.96,0.24,2.86,1583,True,ok
0077237AR,Firmiana simplex,427583,12.35,38.0,6.96,7.96,0.32,2.28,1584,True,ok
0077239AR,Celtis australis,427583,11.99,63.5,8.99,7.06,0.053,5.86,823,True,ok
0077242AR,Celtis australis,427583,22.13,40.5,7.18,5.38,0.132,4.05,682,False,tile_edge
0077255AR,Ligustrum lucidum,427583,21.27,50.5,8.02,6.36,0.122,4.21,985,True,ok
0077256AR,Ligustrum lucidum,427583,20.87,25.5,5.7,4.5,0.416,1.75,756,True,ok
0077258AR,Melia azedarach,427583,,0.0,0.0,,,,0,True,no_crown_detected
0077264AR,Ligustrum lucidum,427583,17.35,86.2,10.48,4.9,0.226,2.98,3034,True,ok
0077270AR,Ligustrum lucidum,427583,7.89,0.2,0.56,7.65,0.0,7.82,4,True,no_crown_detected
0077277AR,Platanus × acerifolia,427583,19.94,119.5,12.33,10.77,0.197,3.25,2849,True,ok
0077293AR,Ligustrum lucidum,427583,15.2,52.8,8.2,5.24,0.181,3.42,1535,True,ok
0077294AR,Firmiana simplex,427583,18.22,119.2,12.32,5.88,0.178,3.45,4873,True,ok
0077311AR,Firmiana simplex,427583,11.83,72.5,9.61,7.09,0.153,3.76,2497,True,ok
0077339AR,Firmiana simplex,427583,15.97,94.8,10.98,5.35,0.15,3.79,3649,True,ok
0077342AR,Gleditsia triacanthos,427583,9.42,69.2,9.39,4.99,0.292,2.46,2808,True,ok
0077346AR,Koelreuteria paniculata,427583,5.74,14.0,4.22,4.25,0.405,1.81,424,True,ok
0077359AR,Firmiana simplex,427583,12.31,2.0,1.6,5.88,0.339,2.17,107,True,ok
0077371AR,Ligustrum lucidum,427583,8.42,18.8,4.89,5.1,0.145,3.86,463,True,ok
0077378AR,Platanus × acerifolia,427583,17.99,106.8,11.66,7.9,0.126,4.14,2112,False,tile_edge
0077392AR,Platanus × acerifolia,427583,15.81,103.0,11.45,9.52,0.262,2.68,4713,True,ok
0077393AR,Celtis australis,427583,13.64,49.5,7.94,7.73,0.137,3.98,1477,True,ok
0077398AR,Firmiana simplex,427583,10.5,18.5,4.85,6.37,0.18,3.43,749,True,ok
0077408AR,Firmiana simplex,427583,8.96,80.0,10.09,3.97,0.333,2.2,2805,True,ok
0077439AR,Styphnolobium japonicum,427583,11.36,45.0,7.57,5.06,0.298,2.42,2001,True,ok
0077451AR,Gleditsia triacanthos,427583,9.13,53.2,8.23,4.79,0.31,2.34,2144,True,ok
0077463AR,Ligustrum lucidum,427583,16.55,67.5,9.27,5.56,0.222,3.01,2339,True,ok
0077472AR,Platanus × acerifolia,427583,14.38,64.5,9.06,6.16,0.267,2.64,3005,True,ok
0077480AR,Gleditsia triacanthos,427583,7.93,49.8,7.96,4.45,0.431,1.68,2006,True,ok
0077481AR,Celtis australis,427583,13.01,54.2,8.31,7.01,0.179,3.44,909,False,tile_edge
0077482AR,Tipuana tipu,427583,12.41,0.8,0.98,5.66,0.0,7.82,13,True,no_crown_detected
0077484AR,Firmiana simplex,427583,10.29,4.8,2.46,7.25,0.093,4.75,176,True,ok
0077492AR,Firmiana simplex,427583,16.98,94.5,10.97,8.26,0.101,4.59,3427,True,ok
0077496AR,Tipuana tipu,427583,20.76,132.8,13.0,7.86,0.159,3.68,5123,True,ok
0077497AR,Ligustrum lucidum,427583,7.73,18.2,4.82,4.72,0.248,2.79,421,True,ok
0077500AR,Pinus halepensis,427583,8.05,64.5,9.06,4.17,0.207,3.15,757,True,ok
0077506AR,Firmiana simplex,427583,11.84,64.8,9.08,6.15,0.186,3.36,1994,True,ok
0077518AR,Celtis australis,427583,11.65,5.2,2.59,10.16,0.057,5.72,35,True,few_points
0077523AR,Ligustrum lucidum,427583,7.15,15.8,4.48,4.41,0.514,1.33,619,True,ok
0077526AR,Ligustrum lucidum,427583,11.25,79.8,10.08,5.97,0.259,2.7,1426,True,ok
0077531AR,Platanus × acerifolia,427583,22.05,144.2,13.55,12.43,0.1,4.6,3341,True,ok
0077534AR,Firmiana simplex,427583,23.37,115.5,12.13,3.26,0.179,3.44,2123,True,ok
0077545AR,Ligustrum lucidum,427583,,0.0,0.0,,,,0,True,no_crown_detected
0077547AR,Melia azedarach,427583,8.24,25.5,5.7,2.85,0.158,3.7,836,True,ok
0077571AR,Magnolia grandiflora,427583,,0.0,0.0,,,,0,True,no_crown_detected
0077572AR,Melia azedarach,427583,14.18,115.0,12.1,6.12,0.188,3.34,4326,True,ok
0077584AR,Firmiana simplex,427583,13.68,16.8,4.62,9.83,0.151,3.78,478,True,ok
0077591AR,Firmiana simplex,427583,6.82,5.0,2.52,4.18,0.327,2.24,171,True,ok
0077599AR,Firmiana simplex,427583,6.07,8.5,3.29,3.97,0.37,1.99,366,True,ok
0077600AR,Ligustrum lucidum,427583,17.66,20.2,5.08,6.42,0.134,4.02,411,True,ok
0077607AR,Magnolia grandiflora,427583,,0.0,0.0,,,,0,True,no_crown_detected
0077610AR,Magnolia grandiflora,427583,4.79,5.8,2.71,3.27,0.382,1.93,201,True,ok
0077617AR,Ulmus pumila,427583,9.74,43.8,7.46,5.52,0.191,3.31,1594,True,ok
0077623AR,Melia azedarach,427583,11.89,112.0,11.94,6.1,0.232,2.93,3771,True,ok
0077630AR,Celtis australis,427583,13.83,82.5,10.25,7.66,0.144,3.87,1412,True,ok
0077638AR,Melia azedarach,427583,14.32,39.2,7.07,7.22,0.176,3.48,796,True,ok
0077644AR,Firmiana simplex,427583,11.83,74.8,9.76,6.86,0.333,2.2,2943,True,ok
0077649AR,Ligustrum lucidum,427583,5.49,0.8,0.98,5.15,0.5,1.39,15,True,no_crown_detected
0077660AR,Firmiana simplex,427583,7.25,15.8,4.48,3.69,0.312,2.33,321,True,ok
0077662AR,Magnolia grandiflora,427583,4.84,0.2,0.56,4.84,0.75,0.58,5,True,no_crown_detected
0077665AR,Pyrus calleryana,427583,23.78,66.0,9.17,3.42,0.224,3.0,2392,True,ok
0077675AR,Platanus × acerifolia,427583,20.22,134.2,13.07,7.54,0.24,2.85,5454,False,tile_edge
0077683AR,Platanus × acerifolia,427583,11.59,32.0,6.38,7.62,0.262,2.68,1197,False,tile_edge
0077689AR,Melia azedarach,427583,,0.0,0.0,,,,0,True,no_crown_detected
0077690AR,Celtis australis,427583,14.41,1.5,1.38,12.01,0.0,7.82,8,True,no_crown_detected
0077712AR,Platanus × acerifolia,427583,17.8,127.5,12.74,10.62,0.173,3.51,5176,True,ok
0077713AR,Ligustrum lucidum,427583,9.65,55.8,8.43,5.47,0.28,2.55,1578,True,ok
0077714AR,Celtis australis,427583,13.89,0.8,0.98,13.68,0.0,7.82,3,True,no_crown_detected
0077723AR,Styphnolobium japonicum,427583,7.9,53.5,8.25,3.4,0.247,2.79,1257,False,tile_edge
0077736AR,Magnolia grandiflora,427583,20.21,11.8,3.87,2.72,0.335,2.19,550,True,ok
0077759AR,Firmiana simplex,427583,11.64,8.8,3.34,3.27,0.242,2.84,466,True,ok
0077760AR,Robinia pseudoacacia,427583,2.76,0.2,0.56,2.76,0.0,7.82,4,False,tile_edge
0077762AR,Ligustrum lucidum,427583,20.85,22.0,5.29,4.76,0.393,1.87,927,True,ok
0077768AR,Melia azedarach,427583,,0.0,0.0,,,,0,True,no_crown_detected
0077778AR,Ulmus pumila,427583,11.41,59.2,8.69,5.24,0.142,3.9,2281,True,ok
0077782AR,Celtis australis,427583,10.87,4.0,2.26,8.76,0.521,1.3,106,True,ok
0077784AR,Ligustrum lucidum,427583,8.01,0.5,0.8,5.9,0.0,7.82,7,True,no_crown_detected
0077785AR,Tipuana tipu,427583,12.86,13.2,4.11,8.76,0.141,3.92,320,True,ok
0077790AR,Magnolia grandiflora,427583,10.26,39.5,7.09,3.27,0.141,3.92,745,False,tile_edge
0077805AR,Firmiana simplex,427583,5.03,10.5,3.66,2.99,0.421,1.73,216,True,ok
0077814AR,Celtis australis,427583,13.41,47.8,7.8,6.38,0.029,7.1,766,True,ok
0077820AR,Pyrus calleryana,427583,8.39,22.2,5.32,2.63,0.35,2.1,899,True,ok
0077843AR,Platanus × acerifolia,427583,15.93,32.8,6.46,8.35,0.104,4.53,1512,True,ok
0077845AR,Ligustrum lucidum,427583,10.63,57.5,8.56,5.62,0.197,3.25,1728,True,ok
0077856AR,Platanus × acerifolia,427583,16.62,150.8,13.85,7.44,0.164,3.61,3094,True,ok
0077864AR,Ligustrum lucidum,427583,8.13,23.5,5.47,4.73,0.352,2.09,930,True,ok
0077873AR,Melia azedarach,427583,22.18,56.2,8.46,4.5,0.266,2.65,1807,True,ok
0077884AR,Melia azedarach,427583,11.8,54.8,8.35,6.44,0.232,2.92,1856,True,ok
0077888AR,Gleditsia triacanthos,427583,9.11,58.8,8.65,4.32,0.357,2.06,2338,True,ok
0077904AR,Magnolia grandiflora,427583,6.43,30.8,6.26,3.03,0.256,2.72,328,True,ok
0077905AR,Melia azedarach,427583,21.67,36.2,6.79,2.87,0.19,3.32,632,True,ok
0077922AR,Firmiana simplex,427583,10.3,51.0,8.06,6.19,0.292,2.46,2006,True,ok
0077933AR,Celtis australis,427583,10.26,41.0,7.23,5.92,0.337,2.18,1423,True,ok
0077934AR,Ligustrum lucidum,427583,20.8,28.5,6.02,5.44,0.342,2.15,1245,True,ok
0077937AR,Styphnolobium japonicum,427583,9.68,55.0,8.37,5.32,0.415,1.76,2475,True,ok
0077942AR,Firmiana simplex,427583,8.1,6.0,2.76,6.05,0.28,2.55,146,True,ok
0077947AR,Melia azedarach,427583,9.43,1.8,1.49,4.27,0.333,2.2,59,True,no_crown_detected
0077951AR,Firmiana simplex,427583,8.35,22.0,5.29,4.82,0.44,1.64,747,True,ok
0077977AR,Ligustrum lucidum,427583,9.39,50.0,7.98,5.21,0.173,3.51,1300,True,ok
0077979AR,Ligustrum lucidum,427583,9.44,20.2,5.08,5.55,0.327,2.24,823,True,ok
0077984AR,Pyrus calleryana,427583,5.12,8.2,3.24,2.83,0.489,1.43,285,True,ok
0077996AR,Magnolia grandiflora,427583,22.54,25.5,5.7,2.84,0.313,2.32,1220,True,ok
0078011AR,Magnolia grandiflora,427583,6.15,2.0,1.6,3.85,0.367,2.0,70,True,ok
0078014AR,Koelreuteria paniculata,427583,9.59,41.5,7.27,5.63,0.268,2.63,758,True,ok
0078016AR,Liquidambar styraciflua,427583,11.06,19.2,4.95,3.12,0.284,2.52,888,True,ok
0078022AR,Celtis australis,427583,17.97,165.0,14.49,7.51,0.089,4.85,2764,True,ok
0078047AR,Populus nigra,427583,17.14,51.2,8.08,6.27,0.289,2.48,2228,True,ok
0078050AR,Styphnolobium japonicum,427583,,0.0,0.0,,,,0,True,no_crown_detected
0078052AR,Melia azedarach,427583,8.5,4.2,2.33,6.21,0.232,2.92,135,True,ok
0078053AR,Pyrus calleryana,427583,23.46,58.2,8.61,3.37,0.218,3.04,1991,True,ok
0078062AR,Melia azedarach,427583,11.94,55.8,8.43,5.73,0.127,4.13,842,True,ok
0078066AR,Pinus halepensis,427583,9.48,6.8,2.93,5.58,0.116,4.31,200,True,ok
0078068AR,Melia azedarach,427583,23.01,97.0,11.11,6.8,0.189,3.33,4012,True,ok
0078074AR,Firmiana simplex,427583,10.8,2.5,1.78,8.99,0.188,3.35,68,True,ok
0078080AR,Platanus × acerifolia,427583,17.64,185.2,15.36,11.16,0.093,4.74,3151,True,ok
0078088AR,Platanus × acerifolia,427583,15.71,2.5,1.78,12.52,0.171,3.53,35,False,tile_edge
0078089AR,Ligustrum lucidum,427583,8.17,17.8,4.75,1.92,0.122,4.2,311,False,tile_edge
0078108AR,Gleditsia triacanthos,427583,7.18,53.0,8.21,4.65,0.343,2.14,1844,True,ok
0078122AR,Melia azedarach,427583,17.07,132.2,12.98,8.49,0.167,3.58,4970,True,ok
0078140AR,Firmiana simplex,427583,8.12,3.5,2.11,2.3,0.265,2.66,147,True,ok
0078150AR,Styphnolobium japonicum,427583,8.22,64.5,9.06,3.99,0.262,2.68,1640,True,ok
0078151AR,Celtis australis,427583,13.51,78.0,9.97,7.84,0.052,5.91,1207,True,ok
0078153AR,Ligustrum lucidum,427583,6.87,8.8,3.34,4.38,0.484,1.45,345,True,ok
0078156AR,Platanus × acerifolia,427583,13.46,43.8,7.46,6.58,0.247,2.8,2033,True,ok
0078158AR,Styphnolobium japonicum,427583,12.2,59.8,8.72,3.39,0.273,2.6,2617,True,ok
0078189AR,Platanus × acerifolia,427583,16.54,104.2,11.52,9.47,0.146,3.85,2230,True,ok
0078207AR,Melia azedarach,427583,20.71,70.8,9.49,5.32,0.299,2.41,2524,True,ok
0078220AR,Celtis australis,427583,9.36,29.2,6.1,6.05,0.365,2.02,918,True,ok
0078224AR,Firmiana simplex,427583,18.95,71.2,9.52,7.58,0.291,2.47,2940,True,ok
0078234AR,Melia azedarach,427583,3.81,3.8,2.19,3.06,0.635,0.91,134,True,ok
0078236AR,Firmiana simplex,427583,8.33,0.8,0.98,6.45,0.25,2.77,18,True,no_crown_detected
0078244AR,Ligustrum lucidum,427583,9.22,43.8,7.46,4.38,0.174,3.5,570,True,ok
0078257AR,Styphnolobium japonicum,427583,7.9,71.2,9.52,4.6,0.412,1.77,2765,True,ok
0078259AR,Firmiana simplex,427583,7.8,0.2,0.56,7.78,0.0,7.82,2,True,no_crown_detected
0078262AR,Pyrus calleryana,427583,7.71,20.8,5.14,4.48,0.31,2.34,800,True,ok
0078265AR,Melia azedarach,427583,21.77,136.8,13.2,6.72,0.277,2.57,5584,True,ok
0078280AR,Platanus × acerifolia,427583,11.4,23.5,5.47,6.53,0.282,2.53,1120,True,ok
0078294AR,Ligustrum lucidum,427583,14.99,47.2,7.76,5.12,0.194,3.28,623,True,ok
0078300AR,Pyrus calleryana,427583,18.04,19.0,4.92,2.35,0.175,3.49,594,True,ok
0078304AR,Firmiana simplex,427583,8.39,6.8,2.93,5.19,0.432,1.68,259,True,ok
0078322AR,Platanus × acerifolia,427583,17.12,48.0,7.82,8.4,0.167,3.59,2113,True,ok
0078333AR,Firmiana simplex,427583,9.88,36.0,6.77,5.7,0.345,2.13,788,True,ok
0078339AR,Styphnolobium japonicum,427583,10.62,63.2,8.97,3.34,0.258,2.71,2695,False,tile_edge
0078366AR,Tipuana tipu,427583,15.86,24.0,5.53,6.41,0.171,3.53,1014,True,ok
0078383AR,Celtis australis,427583,9.0,29.2,6.1,5.63,0.432,1.68,974,True,ok
0078385AR,Celtis australis,427583,16.61,91.2,10.78,8.64,0.075,5.17,1551,True,ok
0078390AR,Platanus × acerifolia,427583,17.42,107.0,11.67,11.07,0.093,4.76,2106,False,tile_edge
0078394AR,Styphnolobium japonicum,427583,11.13,7.5,3.09,1.69,0.272,2.6,329,True,ok
0078395AR,Magnolia grandiflora,427583,9.82,6.5,2.88,4.31,0.242,2.84,242,True,ok
0078409AR,Firmiana simplex,427583,16.11,153.0,13.96,7.58,0.258,2.71,6413,True,ok
0078411AR,Ligustrum lucidum,427583,8.63,20.5,5.11,5.07,0.377,1.95,766,True,ok
0078414AR,Ligustrum lucidum,427583,16.55,19.5,4.98,4.98,0.451,1.59,894,True,ok
0078431AR,Ligustrum lucidum,427583,7.48,20.0,5.05,2.31,0.292,2.46,738,True,ok
0078433AR,Catalpa bignonioides,427583,9.12,42.5,7.36,3.85,0.25,2.77,708,True,ok
0078434AR,Styphnolobium japonicum,427583,11.41,40.8,7.2,6.42,0.294,2.45,1618,True,ok
0078450AR,Firmiana simplex,427583,9.38,28.8,6.05,6.64,0.367,2.0,897,True,ok
0078452AR,Platanus × acerifolia,427583,13.55,35.8,6.75,7.3,0.341,2.15,1498,True,ok
0078455AR,Magnolia grandiflora,427583,,0.0,0.0,,,,0,True,no_crown_detected
0078462AR,Populus x canadensis,427583,16.44,142.0,13.45,5.67,0.283,2.53,4750,True,ok
0078474AR,Melia azedarach,427583,14.59,3.5,2.11,10.2,0.131,4.07,150,True,ok
0078477AR,Firmiana simplex,427583,16.31,131.0,12.91,10.17,0.19,3.32,5163,True,ok
0078480AR,Firmiana simplex,427583,10.9,3.2,2.03,7.44,0.068,5.37,90,True,ok
0078491AR,Grevillea robusta,427583,15.64,24.5,5.59,8.02,0.29,2.48,1254,True,ok
0078494AR,Platanus × acerifolia,427583,13.97,41.5,7.27,7.58,0.245,2.82,1737,True,ok
0078498AR,Styphnolobium japonicum,427583,8.64,25.5,5.7,4.97,0.323,2.26,1158,True,ok
0078500AR,Firmiana simplex,427583,5.61,5.5,2.65,4.19,0.519,1.31,204,True,ok
0078511AR,Gleditsia triacanthos,427583,10.73,41.0,7.23,4.56,0.338,2.17,1931,True,ok
0078514AR,Melia azedarach,427583,16.48,84.2,10.36,4.65,0.221,3.02,3219,True,ok
0078521AR,Celtis australis,427583,11.49,35.0,6.68,7.24,0.125,4.16,835,True,ok
0078528AR,Magnolia grandiflora,427583,11.21,118.2,12.27,3.52,0.132,4.05,2330,False,tile_edge
0078531AR,Ligustrum lucidum,427583,17.68,16.8,4.62,5.13,0.423,1.72,721,True,ok
0078541AR,Gleditsia triacanthos,427583,7.95,39.2,7.07,5.17,0.387,1.9,1483,True,ok
0078551AR,Firmiana simplex,427583,14.0,21.2,5.2,9.16,0.199,3.22,629,True,ok
0078554AR,Celtis australis,427583,14.14,58.8,8.65,7.88,0.065,5.48,960,True,ok
0078555AR,Melia azedarach,427583,16.28,109.2,11.79,7.87,0.127,4.13,3079,True,ok
0078583AR,Hibiscus syriacus,427583,,0.0,0.0,,,,0,True,no_crown_detected
0078591AR,Firmiana simplex,427583,12.98,2.2,1.69,11.25,0.059,5.67,48,True,few_points
0078600AR,Ligustrum lucidum,427583,21.35,18.8,4.89,4.58,0.222,3.01,207,False,tile_edge
0078613AR,Celtis australis,427583,12.57,45.0,7.57,6.86,0.142,3.9,1351,True,ok
0078617AR,Broussonetia papyrifera,427583,18.8,89.8,10.69,5.6,0.228,2.96,2542,True,ok
0078625AR,Firmiana simplex,427583,15.08,125.0,12.62,7.66,0.084,4.95,5558,True,ok
0078627AR,Pyrus calleryana,427583,8.14,25.2,5.67,4.16,0.269,2.62,849,True,ok
0078630AR,Celtis australis,427583,13.62,67.0,9.24,8.02,0.196,3.26,1946,True,ok
0078639AR,Ligustrum lucidum,427583,18.58,12.2,3.95,4.94,0.37,1.99,360,True,ok
0078643AR,Celtis australis,427583,6.28,12.5,3.99,3.02,0.51,1.35,443,True,ok
0078653AR,Melia azedarach,427583,16.01,17.8,4.75,7.19,0.21,3.12,978,True,ok
0078671AR,Firmiana simplex,427583,11.97,4.0,2.26,7.36,0.0,7.82,144,True,ok
0078678AR,Ligustrum lucidum,427583,8.22,28.2,6.0,4.38,0.337,2.17,864,True,ok
0078684AR,Magnolia grandiflora,427583,5.15,10.8,3.7,3.37,0.46,1.55,352,True,ok
0078694AR,Ligustrum lucidum,427583,17.81,29.2,6.1,5.09,0.25,2.77,1362,True,ok
0078697AR,Celtis australis,427583,13.71,73.2,9.66,7.43,0.151,3.78,2592,True,ok
0078699AR,Podocarpus neriifolius,427583,4.94,3.2,2.03,4.44,0.387,1.9,85,True,ok
0078700AR,Gleditsia triacanthos,427583,14.27,70.2,9.46,7.82,0.225,2.98,2936,True,ok
0078701AR,Ligustrum lucidum,427583,17.56,8.8,3.34,5.22,0.325,2.25,445,True,ok
0078709AR,Magnolia grandiflora,427583,5.68,3.8,2.19,3.46,0.4,1.83,70,True,ok
0078712AR,Melia azedarach,427583,12.5,34.0,6.58,7.15,0.142,3.9,534,False,tile_edge
0078730AR,Celtis australis,427583,15.78,103.8,11.49,9.67,0.027,7.25,1498,True,ok
0078737AR,Celtis australis,427583,14.78,56.8,8.5,7.88,0.14,3.93,1581,True,ok
0078738AR,Populus nigra,427583,15.95,52.5,8.18,7.9,0.243,2.83,2486,True,ok
0078743AR,Magnolia grandiflora,427583,19.82,10.0,3.57,2.5,0.278,2.56,389,True,ok
0078746AR,Populus alba,427583,19.83,116.0,12.15,3.86,0.141,3.92,3225,True,ok
0078754AR,Magnolia grandiflora,427583,7.08,0.5,0.8,5.37,0.333,2.2,25,False,tile_edge
0078770AR,Firmiana simplex,427583,18.14,16.2,4.55,5.29,0.226,2.97,733,True,ok
0078774AR,Melia azedarach,427583,11.81,97.2,11.13,5.5,0.119,4.26,3091,True,ok
0078788AR,Platanus × acerifolia,427583,11.87,2.2,1.69,7.02,0.415,1.76,74,True,ok
0078803AR,Ulmus pumila,427583,15.31,76.8,9.89,8.5,0.199,3.23,2895,True,ok
0078804AR,Ligustrum lucidum,427583,8.0,22.2,5.32,4.89,0.219,3.04,559,True,ok
0078807AR,Platanus × acerifolia,427583,17.47,88.8,10.63,8.75,0.18,3.43,3837,True,ok
0078820AR,Robinia pseudoacacia,427583,8.62,26.2,5.78,5.32,0.349,2.11,565,False,tile_edge
0078841AR,Hibiscus syriacus,427583,6.46,15.5,4.44,3.1,0.341,2.15,220,True,ok
0078847AR,Firmiana simplex,427583,15.57,98.0,11.17,8.11,0.157,3.7,3870,True,ok
0078851AR,Magnolia grandiflora,427583,8.87,5.5,2.65,3.66,0.45,1.6,168,True,ok
0186468AR,Pyrus calleryana,427583,6.68,17.0,4.65,2.79,0.305,2.38,220,True,ok
0186473AR,Pyrus calleryana,427583,16.88,2.2,1.69,16.69,0.164,3.61,139,True,ok
0186479AR,Pyrus calleryana,427583,5.8,1.2,1.26,3.31,0.438,1.65,20,True,no_crown_detected
0186482AR,Gleditsia triacanthos,427583,9.04,35.2,6.7,6.37,0.328,2.23,1137,True,ok
0186483AR,Gleditsia triacanthos,427583,9.14,42.5,7.36,6.48,0.257,2.71,1437,True,ok
0186486AR,Styphnolobium japonicum,427583,18.2,82.8,10.26,5.69,0.207,3.15,2910,True,ok
0186488AR,Gleditsia triacanthos,427583,10.11,38.0,6.96,4.77,0.361,2.04,1590,True,ok
0186489AR,Pyrus calleryana,427583,5.4,11.5,3.83,3.15,0.411,1.78,416,True,ok
0186491AR,Pyrus calleryana,427583,4.0,0.5,0.8,3.46,0.4,1.83,10,True,no_crown_detected
0186494AR,Pyrus calleryana,427583,6.52,7.5,3.09,3.61,0.321,2.27,198,True,ok
0186495AR,Prunus cerasifera,427583,15.74,6.8,2.93,3.17,0.379,1.94,224,True,ok
0186497AR,Pyrus calleryana,427583,5.7,5.2,2.59,3.21,0.468,1.52,230,True,ok
0186499AR,Pyrus calleryana,427583,5.56,6.5,2.88,3.5,0.374,1.97,268,True,ok
0186506AR,Pyrus calleryana,427583,17.51,14.5,4.3,7.29,0.187,3.35,852,True,ok
0186508AR,Pyrus calleryana,427583,14.48,15.5,4.44,3.12,0.105,4.51,560,True,ok
0186515AR,Pyrus calleryana,427583,16.86,11.2,3.78,10.08,0.155,3.73,675,True,ok
0186516AR,Pyrus calleryana,427583,6.43,13.5,4.15,3.9,0.401,1.83,545,True,ok
0186520AR,Acer saccharinum,427583,7.18,20.0,5.05,3.55,0.343,2.14,870,True,ok
0186522AR,Styphnolobium japonicum,427583,7.47,4.8,2.46,4.69,0.378,1.94,170,True,ok
0186523AR,Celtis australis,427583,6.1,26.8,5.84,2.53,0.237,2.88,1040,True,ok
0186524AR,Pyrus calleryana,427583,6.07,13.0,4.07,3.82,0.438,1.65,450,True,ok
0186527AR,Acer saccharinum,427583,7.39,33.5,6.53,2.84,0.34,2.16,1367,True,ok
0186528AR,Pyrus calleryana,427583,11.47,4.5,2.39,3.32,0.2,3.22,70,True,ok
0186529AR,Acer saccharinum,427583,9.04,31.8,6.36,4.04,0.243,2.83,777,True,ok
0186531AR,Gleditsia triacanthos,427583,9.78,62.2,8.9,5.92,0.403,1.82,2650,True,ok
0186533AR,Pyrus calleryana,427583,5.69,4.8,2.46,3.12,0.433,1.67,131,True,ok
0186534AR,Pyrus calleryana,427583,,0.0,0.0,,,,0,True,no_crown_detected
0186539AR,Gleditsia triacanthos,427583,9.09,70.0,9.44,4.05,0.421,1.73,3439,True,ok
0186541AR,Pyrus calleryana,427583,9.47,1.8,1.49,3.4,0.2,3.22,46,True,no_crown_detected
0186543AR,Gleditsia triacanthos,427583,9.09,23.2,5.44,6.62,0.354,2.08,837,True,ok
0186544AR,Pyrus calleryana,427583,5.56,1.2,1.26,2.95,0.212,3.1,33,True,no_crown_detected
0186547AR,Pyrus calleryana,427583,6.41,21.0,5.17,2.99,0.182,3.4,318,True,ok
0186549AR,Gleditsia triacanthos,427583,8.59,62.0,8.88,5.51,0.296,2.43,2006,True,ok
0186552AR,Pyrus calleryana,427583,5.16,5.0,2.52,2.44,0.521,1.3,205,True,ok
0186554AR,Pyrus calleryana,427583,7.03,14.2,4.26,3.86,0.315,2.31,477,True,ok
0186555AR,Pyrus calleryana,427583,6.24,25.5,5.7,2.27,0.252,2.76,262,True,ok
0186558AR,Gleditsia triacanthos,427583,8.99,64.0,9.03,4.36,0.447,1.61,3042,True,ok
0186559AR,Styphnolobium japonicum,427583,16.14,46.8,7.72,5.39,0.259,2.7,1880,True,ok
0186561AR,Pyrus calleryana,427583,6.96,19.0,4.92,2.83,0.271,2.61,745,True,ok
0186562AR,Pyrus calleryana,427583,16.51,12.8,4.03,4.04,0.371,1.98,422,True,ok
0186568AR,Pyrus calleryana,427583,,0.0,0.0,,,,0,True,no_crown_detected
0186574AR,Pyrus calleryana,427583,16.41,15.8,4.48,3.52,0.304,2.38,631,True,ok
0186575AR,Pyrus calleryana,427583,,0.0,0.0,,,,0,True,no_crown_detected
0186577AR,Pyrus calleryana,427583,12.06,16.0,4.51,2.5,0.145,3.86,290,True,ok
0186587AR,Acer saccharinum,427583,14.25,77.2,9.92,3.93,0.264,2.67,3459,True,ok
0186588AR,Celtis australis,427583,6.9,29.0,6.08,2.58,0.283,2.52,1028,True,ok
0186590AR,Acer saccharinum,427583,8.61,46.2,7.67,3.56,0.22,3.03,951,True,ok
0186596AR,Pyrus calleryana,427583,6.31,6.5,2.88,3.2,0.407,1.8,177,True,ok
0186599AR,Acer saccharinum,427583,7.66,24.8,5.61,3.93,0.302,2.39,513,True,ok
0186601AR,Pyrus calleryana,427583,10.95,1.8,1.49,7.42,0.511,1.34,45,True,no_crown_detected
0186605AR,Pyrus calleryana,427583,4.97,5.5,2.65,2.93,0.528,1.28,215,True,ok
0186606AR,Gleditsia triacanthos,427583,13.36,45.5,7.61,6.94,0.347,2.12,1674,True,ok
0186609AR,Pyrus calleryana,427583,6.86,10.0,3.57,3.2,0.411,1.78,494,True,ok
0186612AR,Pyrus calleryana,427583,,0.0,0.0,,,,0,True,no_crown_detected
0186620AR,Pyrus calleryana,427583,5.61,5.2,2.59,3.77,0.422,1.73,201,True,ok
0186622AR,Gleditsia triacanthos,427583,8.91,33.2,6.51,5.52,0.351,2.1,1199,True,ok
0186636AR,Gleditsia triacanthos,427583,23.37,53.8,8.27,2.9,0.26,2.69,2332,True,ok
0186639AR,Acer saccharinum,427583,7.34,28.0,5.97,3.44,0.328,2.23,640,True,ok
0186644AR,Pyrus calleryana,427583,4.99,3.2,2.03,3.69,0.465,1.53,77,True,ok
0186648AR,Pyrus calleryana,427583,,0.0,0.0,,,,0,True,no_crown_detected
0186651AR,Pyrus calleryana,427583,14.52,3.0,1.95,12.73,0.304,2.38,56,True,ok
0186654AR,Gleditsia triacanthos,427583,9.32,61.0,8.81,5.94,0.359,2.05,2635,True,ok
0186660AR,Pyrus calleryana,427583,6.0,10.2,3.61,3.69,0.249,2.78,360,True,ok
0186665AR,Pyrus calleryana,427583,6.36,15.2,4.41,2.35,0.199,3.23,286,True,ok
0186669AR,Pyrus calleryana,427583,7.24,2.5,1.78,4.85,0.176,3.47,67,True,ok
0186682AR,Pyrus calleryana,427583,5.41,7.0,2.99,2.88,0.526,1.29,285,True,ok
0186687AR,Pyrus calleryana,427583,17.01,16.5,4.58,2.64,0.221,3.02,538,True,ok
0186691AR,Pyrus calleryana,427583,,0.0,0.0,,,,0,True,no_crown_detected
0186694AR,Gleditsia triacanthos,427583,8.65,35.0,6.68,5.89,0.406,1.8,1369,True,ok
0186696AR,Pyrus calleryana,427583,5.54,2.5,1.78,3.27,0.438,1.65,103,True,ok
0186697AR,Prunus cerasifera,427583,,0.0,0.0,,,,0,True,no_crown_detected
0186698AR,Pyrus calleryana,427583,5.76,12.5,3.99,3.03,0.422,1.72,465,True,ok
0186699AR,Gleditsia triacanthos,427583,,0.0,0.0,,,,0,True,no_crown_detected
0186700AR,Acer saccharinum,427583,7.47,24.0,5.53,3.73,0.263,2.67,536,True,ok
0186702AR,Pyrus calleryana,427583,5.61,2.0,1.6,3.06,0.341,2.15,65,True,ok
0186705AR,Pyrus calleryana,427583,4.35,2.0,1.6,3.08,0.32,2.28,50,True,ok
0186710AR,Pyrus calleryana,427583,14.07,51.8,8.12,2.51,0.221,3.02,1531,True,ok
0186711AR,Gleditsia triacanthos,427583,11.19,55.8,8.43,6.03,0.269,2.63,2267,True,ok
0186713AR,Pyrus calleryana,427583,14.88,2.0,1.6,2.63,0.275,2.59,51,True,ok
0186714AR,Pyrus calleryana,427583,11.2,4.5,2.39,3.58,0.135,4.0,74,True,ok
0186720AR,Gleditsia triacanthos,427583,8.45,39.5,7.09,5.03,0.401,1.83,1587,True,ok
0186721AR,Pyrus calleryana,427583,5.45,10.0,3.57,3.34,0.409,1.79,208,True,ok
0186724AR,Pyrus calleryana,427583,6.11,8.0,3.19,3.48,0.314,2.32,156,True,ok
0186725AR,Pyrus calleryana,427583,5.04,6.2,2.82,2.97,0.417,1.75,219,True,ok
0186727AR,Acer saccharinum,427583,7.0,22.5,5.35,3.91,0.408,1.79,919,True,ok
0186728AR,Gleditsia triacanthos,427583,9.27,49.8,7.96,5.6,0.36,2.04,1702,True,ok
0186729AR,Pyrus calleryana,427583,5.91,9.0,3.39,3.24,0.481,1.47,399,True,ok
0186730AR,Pyrus calleryana,427583,16.3,9.0,3.39,2.79,0.268,2.63,138,True,ok
0186733AR,Pyrus calleryana,427583,13.14,0.2,0.56,13.14,0.0,7.82,1,True,no_crown_detected
0186734AR,Celtis australis,427583,17.22,66.8,9.22,4.32,0.195,3.27,2487,True,ok
0186738AR,Pyrus calleryana,427583,6.23,10.0,3.57,3.42,0.293,2.45,167,True,ok
0186742AR,Pyrus calleryana,427583,5.98,0.8,0.98,2.76,0.364,2.02,22,True,no_crown_detected
0186750AR,Pyrus calleryana,427583,18.3,17.5,4.72,12.0,0.149,3.8,1075,True,ok
0186753AR,Gleditsia triacanthos,427583,12.06,65.2,9.11,6.67,0.337,2.18,2838,True,ok
0186755AR,Acer saccharinum,427583,6.91,16.0,4.51,3.29,0.408,1.79,706,True,ok
0186757AR,Prunus cerasifera,427583,4.37,9.2,3.43,2.99,0.405,1.81,266,True,ok
0186759AR,Prunus cerasifera,427583,,0.0,0.0,,,,0,True,no_crown_detected
0186762AR,Pyrus calleryana,427583,2.44,4.5,2.39,2.26,0.132,4.06,38,True,few_points
0186763AR,Gleditsia triacanthos,427583,10.26,61.2,8.83,5.45,0.33,2.21,2343,True,ok
0186766AR,Celtis australis,427583,8.26,32.0,6.38,4.31,0.328,2.23,1074,True,ok
0186767AR,Gleditsia triacanthos,427583,11.84,48.2,7.84,6.36,0.269,2.63,2531,True,ok
0186768AR,Pyrus calleryana,427583,4.92,4.0,2.26,2.8,0.442,1.63,161,True,ok
0186773AR,Pyrus calleryana,427583,6.16,13.8,4.18,3.7,0.444,1.62,558,True,ok
0186778AR,Pyrus calleryana,427583,8.76,28.0,5.97,2.58,0.247,2.8,1084,True,ok
0186780AR,Pyrus calleryana,427583,8.43,73.5,9.67,2.91,0.214,3.08,2702,True,ok
0186784AR,Gleditsia triacanthos,427583,10.31,37.0,6.86,6.53,0.309,2.35,1532,True,ok
0186785AR,Pyrus calleryana,427583,11.39,96.8,11.1,3.39,0.116,4.31,3891,True,ok
0186786AR,Gleditsia triacanthos,427583,8.97,43.2,7.42,5.85,0.388,1.89,1883,True,ok
0186791AR,Pyrus calleryana,427583,,0.0,0.0,,,,0,True,no_crown_detected
0186792AR,Acer saccharinum,427583,5.27,3.0,1.95,2.54,0.415,1.76,82,True,ok
0186793AR,Pyrus calleryana,427583,6.03,7.8,3.14,3.44,0.373,1.97,218,True,ok
0186794AR,Gleditsia triacanthos,427583,10.74,36.2,6.79,6.72,0.289,2.48,1622,True,ok
0186798AR,Pyrus calleryana,427583,5.89,5.8,2.71,2.54,0.272,2.61,81,True,ok
0186805AR,Pyrus calleryana,427583,,0.0,0.0,,,,0,True,no_crown_detected
0186811AR,Gleditsia triacanthos,427583,10.17,51.0,8.06,7.19,0.267,2.64,1941,True,ok
0186812AR,Acer saccharinum,427583,18.55,85.8,10.45,4.4,0.236,2.89,3202,True,ok
0186818AR,Pyrus calleryana,427583,,0.0,0.0,,,,0,True,no_crown_detected
0186833AR,Pyrus calleryana,427583,7.83,10.8,3.7,4.05,0.303,2.39,307,True,ok
0186834AR,Pyrus calleryana,427583,17.72,11.0,3.74,6.35,0.165,3.6,723,True,ok
0186840AR,Pyrus calleryana,427583,5.4,7.5,3.09,3.64,0.323,2.26,93,True,ok
0186841AR,Pyrus calleryana,427583,,0.0,0.0,,,,0,True,no_crown_detected
0186852AR,Gleditsia triacanthos,427583,8.98,30.8,6.26,6.25,0.373,1.97,1232,True,ok
0186854AR,Acer saccharinum,427583,7.22,22.5,5.35,3.56,0.378,1.95,1053,True,ok
0186855AR,Pyrus calleryana,427583,4.77,18.0,4.79,2.39,0.29,2.47,241,True,ok
0186860AR,Acer saccharinum,427583,8.06,28.2,6.0,3.8,0.259,2.7,591,True,ok
0186864AR,Prunus cerasifera,427583,,0.0,0.0,,,,0,True,no_crown_detected
0186867AR,Prunus cerasifera,427583,4.73,4.2,2.33,3.0,0.477,1.48,100,True,ok
0188196AR,Styphnolobium japonicum,427583,13.7,4.2,2.33,9.97,0.0,7.82,86,True,ok
0188211AR,Styphnolobium japonicum,427583,13.97,2.2,1.69,6.26,0.474,1.49,38,True,few_points
0188229AR,Pinus pinea,427583,10.71,39.2,7.07,6.22,0.314,2.32,797,True,ok
0188231AR,Jacaranda mimosifolia,427583,2.75,2.0,1.6,2.53,0.512,1.34,43,True,few_points
0188246AR,Magnolia grandiflora,427583,5.8,22.0,5.29,2.19,0.428,1.7,828,True,ok
0188250AR,Quercus ilex,427583,10.36,48.0,7.82,2.22,0.188,3.34,882,True,ok
0188255AR,Ligustrum lucidum,427583,5.94,12.5,3.99,1.67,0.266,2.65,390,True,ok
0188263AR,Styphnolobium japonicum,427583,13.93,46.2,7.67,4.73,0.202,3.2,1196,True,ok
0188268AR,Platanus × acerifolia,427583,15.19,2.2,1.69,9.19,0.16,3.67,50,True,ok
0188281AR,Styphnolobium japonicum,427583,9.66,1.8,1.49,3.84,0.2,3.22,44,True,no_crown_detected
0188299AR,Olea europaea,427583,7.96,66.0,9.17,4.26,0.261,2.68,1290,True,ok
0188301AR,Pinus halepensis,427583,21.25,137.2,13.22,10.24,0.169,3.56,2717,True,ok
0188303AR,Platanus × acerifolia,427583,16.29,101.8,11.38,8.64,0.176,3.48,2071,True,ok
0188309AR,Platanus × acerifolia,427583,20.02,105.5,11.59,11.02,0.076,5.14,2658,True,ok
0188313AR,Platanus × acerifolia,427583,14.29,69.0,9.37,2.71,0.191,3.31,1640,True,ok
0188325AR,Pinus pinea,427583,11.59,82.8,10.26,6.67,0.184,3.38,1481,True,ok
0188332AR,Ligustrum lucidum,427583,6.7,14.2,4.26,5.05,0.47,1.51,459,False,tile_edge
0188359AR,Ulmus pumila,427583,20.43,118.8,12.3,6.41,0.214,3.09,2390,True,ok
0188375AR,Platanus × acerifolia,427583,21.6,128.5,12.79,9.98,0.071,5.3,3120,True,ok
0188380AR,Pinus pinea,427583,11.32,67.8,9.29,6.82,0.225,2.98,1149,True,ok
0188394AR,Styphnolobium japonicum,427583,23.1,67.0,9.24,3.46,0.164,3.61,1186,True,ok
0188417AR,Styphnolobium japonicum,427583,9.48,72.5,9.61,3.72,0.203,3.19,1687,True,ok
0188424AR,Platanus × acerifolia,427583,18.45,84.5,10.37,4.81,0.166,3.6,1752,True,ok
0188437AR,Ulmus pumila,427583,18.54,209.8,16.34,8.12,0.161,3.65,5649,True,ok
0188438AR,Platanus × acerifolia,427583,16.77,87.5,10.56,8.25,0.159,3.68,2269,True,ok
0188454AR,Platanus × acerifolia,427583,12.18,52.5,8.18,6.79,0.289,2.48,1085,True,ok
0188455AR,Platanus × acerifolia,427583,13.73,55.5,8.41,7.55,0.233,2.92,1273,True,ok
0188457AR,Styphnolobium japonicum,427583,10.25,32.2,6.41,5.83,0.319,2.29,1306,True,ok
0188459AR,Platanus × acerifolia,427583,16.33,2.0,1.6,10.57,0.077,5.13,26,True,few_points
0188478AR,Magnolia grandiflora,427583,4.71,0.2,0.56,4.69,0.333,2.2,3,True,no_crown_detected
0188486AR,Pyrus calleryana,427583,18.03,4.8,2.46,12.6,0.149,3.81,312,True,ok
0188488AR,Platanus × acerifolia,427583,15.4,55.0,8.37,6.5,0.084,4.96,1084,True,ok
0188489AR,Pinus pinea,427583,,0.0,0.0,,,,0,True,no_crown_detected
0188515AR,Styphnolobium japonicum,427583,9.9,41.5,7.27,4.98,0.259,2.7,727,True,ok
0188522AR,Styphnolobium japonicum,427583,14.56,84.5,10.37,7.82,0.23,2.94,1994,True,ok
0188525AR,Styphnolobium japonicum,427583,13.35,100.5,11.31,7.08,0.246,2.81,5061,True,ok
0188536AR,Platanus × acerifolia,427583,12.58,4.0,2.26,5.62,0.036,6.64,83,True,ok
0188540AR,Platanus × acerifolia,427583,12.64,51.5,8.1,7.64,0.31,2.34,1235,True,ok
0188546AR,Styphnolobium japonicum,427583,9.52,3.0,1.95,7.33,0.196,3.26,46,True,few_points
0188547AR,Ulmus pumila,427583,5.02,6.8,2.93,2.72,0.41,1.78,156,True,ok
0188554AR,Quercus ilex,427583,6.92,3.0,1.95,3.62,0.226,2.97,53,True,ok
0188557AR,Pinus pinea,427583,17.14,154.0,14.0,4.9,0.243,2.83,3242,True,ok
0188569AR,Ligustrum lucidum,427583,5.03,9.5,3.48,3.58,0.374,1.97,187,True,ok
0188576AR,Ligustrum lucidum,427583,,0.0,0.0,,,,0,False,tile_edge
0188577AR,Pinus halepensis,427583,17.29,157.8,14.17,9.29,0.18,3.42,2809,True,ok
0188584AR,Quercus ilex,427583,10.86,11.2,3.78,5.05,0.228,2.96,193,True,ok
0188589AR,Pyrus calleryana,427583,,0.0,0.0,,,,0,True,no_crown_detected
0188595AR,Platanus × acerifolia,427583,20.23,30.2,6.21,15.36,0.076,5.17,1007,False,tile_edge
0188603AR,Styphnolobium japonicum,427583,17.97,2.8,1.87,10.48,0.0,7.82,35,True,few_points
0188607AR,Platanus × acerifolia,427583,16.63,21.2,5.2,5.28,0.01,7.82,384,True,ok
0188609AR,Acer buergerianum,427583,11.98,17.2,4.69,2.58,0.253,2.75,340,True,ok
0188611AR,Styphnolobium japonicum,427583,15.22,114.8,12.09,4.14,0.247,2.79,4961,True,ok
0188615AR,Jacaranda mimosifolia,427583,17.46,161.8,14.35,3.68,0.152,3.77,3742,True,ok
0188616AR,Styphnolobium japonicum,427583,14.98,24.8,5.61,6.51,0.236,2.89,433,True,ok
0188634AR,Ligustrum lucidum,427583,5.94,8.0,3.19,3.28,0.362,2.03,138,True,ok
0188641AR,Gleditsia triacanthos,427583,12.14,129.5,12.84,4.11,0.163,3.63,3236,True,ok
0188643AR,Styphnolobium japonicum,427583,8.86,30.5,6.23,4.54,0.256,2.73,598,True,ok
0188655AR,Platanus × acerifolia,427583,16.65,2.0,1.6,12.6,0.167,3.58,24,True,few_points
0188656AR,Platanus × acerifolia,427583,18.2,83.5,10.31,4.48,0.085,4.93,2046,True,ok
0188662AR,Styphnolobium japonicum,427583,6.84,3.8,2.19,4.45,0.514,1.33,175,True,ok
0188670AR,Styphnolobium japonicum,427583,9.96,74.5,9.74,2.82,0.342,2.15,1594,True,ok
0188684AR,Pinus pinea,427583,,0.0,0.0,,,,0,True,no_crown_detected
0188688AR,Ligustrum lucidum,427583,5.67,16.5,4.58,4.11,0.312,2.33,349,True,ok
0188691AR,Styphnolobium japonicum,427583,22.48,67.8,9.29,5.71,0.15,3.8,3044,True,ok
0188703AR,Quercus ilex,427583,11.91,128.8,12.8,6.08,0.212,3.1,2264,True,ok
0188716AR,Styphnolobium japonicum,427583,7.92,4.0,2.26,4.56,0.274,2.59,62,True,ok
0188718AR,Styphnolobium japonicum,427583,16.62,85.2,10.42,6.35,0.104,4.52,1815,True,ok
0188729AR,Magnolia grandiflora,427583,,0.0,0.0,,,,0,True,no_crown_detected
0188731AR,Styphnolobium japonicum,427583,20.49,81.2,10.17,5.84,0.256,2.72,3211,True,ok
0188734AR,Styphnolobium japonicum,427583,10.34,50.5,8.02,5.78,0.326,2.24,2069,True,ok
0188735AR,Ligustrum lucidum,427583,5.0,11.0,3.74,3.68,0.399,1.84,238,True,ok
0188740AR,Styphnolobium japonicum,427583,8.81,11.8,3.87,4.61,0.306,2.37,353,True,ok
0188765AR,Platanus × acerifolia,427583,14.51,1.8,1.49,10.2,0.0,7.82,30,True,no_crown_detected
0188767AR,Quercus ilex,427583,10.34,111.5,11.91,5.69,0.199,3.22,1965,True,ok
0188777AR,Magnolia grandiflora,427583,5.34,7.2,3.04,3.24,0.459,1.56,356,True,ok
0188787AR,Platanus × acerifolia,427583,11.36,4.0,2.26,7.74,0.364,2.02,88,True,ok
0188788AR,Pinus pinea,427583,11.47,43.5,7.44,6.32,0.335,2.19,932,True,ok
0188800AR,Quercus ilex,427583,11.47,95.5,11.03,7.05,0.162,3.64,1913,True,ok
0188813AR,Platanus × acerifolia,427583,18.71,126.8,12.7,9.44,0.114,4.33,3031,True,ok
0188819AR,Platanus × acerifolia,427583,21.44,129.0,12.82,11.87,0.111,4.4,3139,True,ok
0188820AR,Pinus pinea,427583,,0.0,0.0,,,,0,True,no_crown_detected
0188824AR,Platanus × acerifolia,427583,21.39,164.0,14.45,9.23,0.132,4.05,4070,True,ok
0188826AR,Platanus × acerifolia,427583,19.24,3.8,2.19,10.89,0.148,3.82,115,True,ok
0188829AR,Platanus × acerifolia,427583,19.95,67.0,9.24,9.48,0.071,5.28,1513,True,ok
0188830AR,Pyrus calleryana,427583,8.7,56.0,8.44,3.95,0.306,2.37,2404,True,ok
0188832AR,Ligustrum lucidum,427583,,0.0,0.0,,,,0,True,no_crown_detected
0188837AR,Styphnolobium japonicum,427583,11.47,38.0,6.96,5.81,0.15,3.79,739,True,ok
0188840AR,Styphnolobium japonicum,427583,10.38,0.8,0.98,5.96,0.571,1.12,7,True,no_crown_detected
0188845AR,Magnolia grandiflora,427583,9.0,1.2,1.26,3.31,0.15,3.79,20,True,no_crown_detected
0188853AR,Styphnolobium japonicum,427583,7.94,28.2,6.0,4.25,0.301,2.4,539,True,ok
0188855AR,Magnolia grandiflora,427583,4.42,15.5,4.44,2.13,0.383,1.92,363,True,ok
0188866AR,Pinus pinea,427583,3.26,5.0,2.52,2.49,0.515,1.33,101,True,ok
0188880AR,Pyrus calleryana,427583,7.74,1.0,1.13,5.37,0.273,2.6,20,True,no_crown_detected
0188899AR,Styphnolobium japonicum,427583,12.17,113.5,12.02,6.0,0.164,3.61,2812,True,ok
0188912AR,Platanus × acerifolia,427583,17.12,65.5,9.13,4.54,0.163,3.63,1561,True,ok
0188915AR,Pyrus calleryana,427583,4.65,4.0,2.26,3.0,0.436,1.66,111,True,ok
0188916AR,Styphnolobium japonicum,427583,15.27,37.2,6.89,2.98,0.293,2.45,1159,True,ok
0188922AR,Magnolia grandiflora,427583,18.9,69.8,9.42,10.1,0.13,4.07,1411,True,ok
0188925AR,Pinus pinea,427583,13.57,115.5,12.13,6.35,0.146,3.85,2094,True,ok
0188932AR,Styphnolobium japonicum,427583,8.86,1.8,1.49,8.1,0.118,4.28,17,True,no_crown_detected
0188937AR,Pyrus calleryana,427583,6.4,15.2,4.41,3.22,0.428,1.7,606,True,ok
0188944AR,Styphnolobium japonicum,427583,11.17,39.5,7.09,6.21,0.095,4.71,799,True,ok
0188954AR,Platanus × acerifolia,427583,17.55,203.8,16.11,8.49,0.142,3.9,4642,True,ok
0188955AR,Ligustrum lucidum,427583,22.45,40.8,7.2,3.16,0.093,4.75,827,True,ok
0188965AR,Platanus × acerifolia,427583,13.23,71.8,9.56,4.52,0.161,3.65,1492,True,ok
0188967AR,Pyrus calleryana,427583,17.27,1.0,1.13,14.24,0.158,3.69,71,True,no_crown_detected
0188969AR,Platanus × acerifolia,427583,13.32,3.0,1.95,10.33,0.067,5.42,60,True,ok
0188974AR,Styphnolobium japonicum,427583,16.64,22.8,5.38,7.22,0.004,7.82,448,True,ok
0188981AR,Pinus pinea,427583,,0.0,0.0,,,,0,True,no_crown_detected
0188982AR,Ligustrum lucidum,427583,6.14,32.5,6.43,3.41,0.339,2.16,658,True,ok
0188984AR,Magnolia grandiflora,427583,4.81,6.8,2.93,3.55,0.4,1.83,145,True,ok
0189003AR,Platanus × acerifolia,427583,12.53,102.8,11.44,5.9,0.206,3.16,2076,True,ok
0189011AR,Styphnolobium japonicum,427583,14.06,3.2,2.03,4.76,0.093,4.76,54,True,ok
0189018AR,Styphnolobium japonicum,427583,11.61,76.8,9.89,5.17,0.284,2.52,3390,True,ok
0189021AR,Styphnolobium japonicum,427583,10.99,33.2,6.51,6.42,0.291,2.47,762,True,ok
0189027AR,Magnolia grandiflora,427583,19.57,154.5,14.03,6.9,0.144,3.88,8452,True,ok
0189041AR,Gleditsia triacanthos,427583,15.42,73.2,9.66,3.22,0.161,3.65,1112,True,ok
0189043AR,Pinus pinea,427583,9.95,75.0,9.77,5.85,0.216,3.07,1363,True,ok
0189044AR,Styphnolobium japonicum,427583,14.82,97.8,11.16,8.28,0.15,3.79,2138,True,ok
0189046AR,Robinia pseudoacacia,427583,15.2,4.5,2.39,6.32,0.011,7.82,94,True,ok
0189055AR,Ligustrum lucidum,427583,15.27,58.5,8.63,8.11,0.205,3.16,1353,True,ok
0189064AR,Populus nigra,427583,19.25,89.2,10.66,3.29,0.236,2.89,1864,True,ok
0189071AR,Quercus ilex,427583,10.16,32.0,6.38,2.9,0.162,3.64,549,True,ok
0189081AR,Platanus × acerifolia,427583,16.22,93.8,10.93,8.21,0.116,4.31,2218,True,ok
0189083AR,Pyrus calleryana,427583,5.92,10.2,3.61,2.7,0.327,2.23,407,True,ok
0189087AR,Platanus × acerifolia,427583,16.29,130.0,12.87,9.41,0.123,4.2,2726,True,ok
0189090AR,Styphnolobium japonicum,427583,12.19,48.5,7.86,6.17,0.249,2.78,968,True,ok
0189095AR,Pinus pinea,427583,12.32,125.5,12.64,4.1,0.197,3.25,2240,True,ok
0189112AR,Ligustrum lucidum,427583,4.36,0.2,0.56,4.36,0.75,0.58,11,True,no_crown_detected
0189119AR,Styphnolobium japonicum,427583,17.6,51.8,8.12,10.11,0.158,3.69,1247,True,ok
0189132AR,Ligustrum lucidum,427583,,0.0,0.0,,,,0,False,tile_edge
0189136AR,Platanus × acerifolia,427583,16.23,40.5,7.18,7.82,0.069,5.36,975,True,ok
0189140AR,Styphnolobium japonicum,427583,13.37,69.0,9.37,3.72,0.263,2.67,1759,True,ok
0189144AR,Platanus × acerifolia,427583,20.22,3.8,2.19,8.28,0.0,7.82,63,True,ok
0189152AR,Gleditsia triacanthos,427583,5.26,0.5,0.8,5.03,0.4,1.83,5,True,no_crown_detected
0189155AR,Platanus × acerifolia,427583,17.15,3.2,2.03,5.53,0.049,6.02,81,True,ok
0189160AR,Styphnolobium japonicum,427583,7.66,9.2,3.43,3.1,0.183,3.4,461,True,ok
0189162AR,Ulmus pumila,427583,9.22,17.0,4.65,5.13,0.205,3.17,336,True,ok
0189163AR,Ligustrum lucidum,427583,10.94,2.5,1.78,7.26,0.102,4.57,59,True,ok
0189166AR,Styphnolobium japonicum,427583,14.33,44.5,7.53,5.29,0.29,2.48,2245,True,ok
0189172AR,Ligustrum lucidum,427583,4.84,5.2,2.59,3.44,0.441,1.64,189,True,ok
0189175AR,Platanus × acerifolia,427583,14.74,58.8,8.65,6.95,0.147,3.84,1398,True,ok
0189178AR,Styphnolobium japonicum,427583,10.55,48.5,7.86,6.29,0.336,2.18,1342,True,ok
0189180AR,Ulmus pumila,427583,9.47,1.2,1.26,4.79,0.28,2.55,25,True,no_crown_detected
0189182AR,Platanus × acerifolia,427583,16.02,33.8,6.56,11.42,0.0,7.82,465,True,ok
0189188AR,Pyrus calleryana,427583,5.5,6.8,2.93,3.14,0.398,1.84,196,True,ok
0189191AR,Jacaranda mimosifolia,427583,5.02,4.0,2.26,3.09,0.449,1.6,107,True,ok
0189194AR,Platanus × acerifolia,427583,18.98,77.8,9.95,9.72,0.068,5.37,1822,True,ok
0189240AR,Platanus × acerifolia,427583,14.61,80.5,10.12,3.7,0.138,3.96,1694,True,ok
0189248AR,Pinus pinea,427583,13.03,19.0,4.92,5.86,0.161,3.65,323,True,ok
0189251AR,Ulmus pumila,427583,11.28,40.2,7.16,5.34,0.222,3.01,809,True,ok
0189253AR,Styphnolobium japonicum,427583,9.44,46.8,7.72,5.05,0.285,2.51,842,True,ok
0189271AR,Styphnolobium japonicum,427583,14.71,4.8,2.46,7.69,0.132,4.05,121,True,ok
0189283AR,Styphnolobium japonicum,427583,11.02,75.0,9.77,5.97,0.218,3.05,1705,True,ok
0189286AR,Platanus × acerifolia,427583,10.13,0.8,0.98,6.54,0.364,2.02,11,True,no_crown_detected
0189288AR,Ligustrum lucidum,427583,7.24,10.5,3.66,6.04,0.452,1.59,313,True,ok
0189301AR,Magnolia grandiflora,427583,7.59,1.8,1.49,2.77,0.324,2.26,34,True,no_crown_detected
0189315AR,Styphnolobium japonicum,427583,12.37,2.2,1.69,7.37,0.0,7.82,21,True,few_points
0189336AR,Styphnolobium japonicum,427583,8.71,55.2,8.39,5.03,0.273,2.6,1165,True,ok
0189338AR,Platanus × acerifolia,427583,18.18,38.0,6.96,3.29,0.053,5.87,830,True,ok
0189364AR,Platanus × acerifolia,427583,17.56,57.5,8.56,7.3,0.084,4.94,1197,True,ok
0189369AR,Styphnolobium japonicum,427583,10.65,90.8,10.75,4.15,0.244,2.82,2043,True,ok
0189370AR,Platanus × acerifolia,427583,17.98,62.5,8.92,11.03,0.173,3.51,1580,True,ok
0189371AR,Pinus pinea,427583,6.22,0.2,0.56,6.22,0.8,0.45,5,True,no_crown_detected
0189399AR,Populus nigra,427583,13.35,29.8,6.15,4.37,0.224,2.99,621,True,ok
0189405AR,Platanus × acerifolia,427583,14.44,2.5,1.78,12.93,0.071,5.28,28,True,few_points
0189418AR,Jacaranda mimosifolia,427583,5.49,10.8,3.7,3.31,0.337,2.18,199,True,ok
0189428AR,Pyrus calleryana,427583,,0.0,0.0,,,,0,True,no_crown_detected
0189430AR,Platanus × acerifolia,427583,21.97,161.2,14.33,7.12,0.1,4.6,3664,True,ok
0189439AR,Gleditsia triacanthos,427583,,0.0,0.0,,,,0,True,no_crown_detected
0189441AR,Quercus ilex,427583,10.05,95.5,11.03,5.9,0.249,2.78,1734,True,ok
0189448AR,Magnolia grandiflora,427583,,0.0,0.0,,,,0,True,no_crown_detected
0189455AR,Populus nigra,427583,7.54,7.0,2.99,3.61,0.37,1.99,181,True,ok
0189459AR,Ulmus pumila,427583,14.32,111.8,11.93,7.47,0.124,4.17,2655,True,ok
0189467AR,Platanus × acerifolia,427583,19.92,111.2,11.9,7.84,0.092,4.77,2684,True,ok
0189470AR,Pyrus calleryana,427583,16.95,29.5,6.13,3.55,0.166,3.6,1011,True,ok
0189485AR,Platanus × acerifolia,427583,17.91,125.8,12.65,8.32,0.154,3.75,3306,True,ok
0189501AR,Ulmus pumila,427583,9.72,58.0,8.59,4.89,0.203,3.19,1274,True,ok
0189506AR,Ligustrum lucidum,427583,18.93,29.0,6.08,11.68,0.173,3.51,706,True,ok
0189514AR,Styphnolobium japonicum,427583,12.02,2.2,1.69,5.88,0.167,3.58,105,True,ok
0189516AR,Ligustrum lucidum,427583,9.98,48.0,7.82,4.5,0.243,2.83,1012,True,ok
0189517AR,Styphnolobium japonicum,427583,13.53,2.5,1.78,4.29,0.0,7.82,56,True,ok
0189526AR,Pyrus calleryana,427583,7.13,1.5,1.38,5.33,0.276,2.58,65,True,no_crown_detected
0189536AR,Pyrus calleryana,427583,6.1,12.2,3.95,3.35,0.407,1.8,448,True,ok
0189551AR,Pyrus calleryana,427583,5.3,4.0,2.26,3.53,0.333,2.2,66,True,ok
0189552AR,Platanus × acerifolia,427583,13.43,68.8,9.36,6.25,0.156,3.71,1477,True,ok
0189554AR,Quercus ilex,427583,10.42,83.5,10.31,6.2,0.193,3.29,1792,True,ok
0189593AR,Styphnolobium japonicum,427583,11.72,71.8,9.56,6.7,0.231,2.93,1641,True,ok
0189601AR,Platanus × acerifolia,427583,17.24,2.5,1.78,14.88,0.083,4.97,48,True,few_points
0189604AR,Pyrus calleryana,427583,6.06,10.0,3.57,3.19,0.296,2.43,283,True,ok
0189611AR,Gleditsia triacanthos,427583,7.27,2.2,1.69,3.01,0.304,2.38,46,True,few_points
0189619AR,Ligustrum lucidum,427583,,0.0,0.0,,,,0,True,no_crown_detected
0189628AR,Magnolia grandiflora,427583,4.67,3.0,1.95,2.85,0.404,1.81,47,True,few_points
0189631AR,Ligustrum lucidum,427583,6.1,3.8,2.19,5.22,0.437,1.66,114,False,tile_edge
0189641AR,Platanus × acerifolia,427583,18.72,34.8,6.65,7.16,0.055,5.82,770,True,ok
0189646AR,Ulmus pumila,427583,9.66,53.2,8.23,4.3,0.186,3.37,1114,True,ok
0189648AR,Styphnolobium japonicum,427583,8.64,11.5,3.83,4.14,0.336,2.18,582,True,ok
0189668AR,Styphnolobium japonicum,427583,11.79,82.8,10.26,5.23,0.175,3.49,1969,True,ok
0189680AR,Platanus × acerifolia,427583,20.71,54.2,8.31,11.15,0.084,4.96,1263,True,ok
0189690AR,Platanus × acerifolia,427583,14.94,62.0,8.88,7.64,0.198,3.24,1213,True,ok
0189691AR,Pinus pinea,427583,9.93,19.5,4.98,6.37,0.309,2.35,414,True,ok
0189692AR,Magnolia grandiflora,427583,11.3,0.8,0.98,3.09,0.444,1.62,9,True,no_crown_detected
0189694AR,Platanus × acerifolia,427583,15.44,105.5,11.59,6.71,0.22,3.03,2504,True,ok
0189695AR,Styphnolobium japonicum,427583,9.08,36.5,6.82,5.27,0.32,2.28,920,True,ok
0189698AR,Platanus × acerifolia,427583,17.18,123.8,12.55,4.98,0.169,3.56,2875,True,ok
0189703AR,Quercus ilex,427583,16.82,21.8,5.26,6.44,0.142,3.91,423,True,ok
0189707AR,Styphnolobium japonicum,427583,10.19,3.2,2.03,4.91,0.287,2.49,167,True,ok
0189710AR,Platanus × acerifolia,427583,17.0,83.5,10.31,7.74,0.137,3.97,1929,True,ok
0189735AR,Platanus × acerifolia,427583,20.86,47.2,7.76,7.99,0.037,6.6,922,True,ok
0189744AR,Ulmus pumila,427583,10.56,84.2,10.36,2.46,0.237,2.88,1734,True,ok
0189758AR,Ulmus pumila,427583,10.34,30.8,6.26,2.43,0.135,4.01,609,True,ok
0189772AR,Jacaranda mimosifolia,427583,5.49,15.0,4.37,3.13,0.296,2.44,335,True,ok
0189796AR,Styphnolobium japonicum,427583,19.48,129.5,12.84,6.74,0.1,4.6,3081,True,ok
0189797AR,Magnolia grandiflora,427583,,0.0,0.0,,,,0,True,no_crown_detected
0189813AR,Styphnolobium japonicum,427583,12.25,39.5,7.09,6.43,0.124,4.17,837,True,ok
0189814AR,Ulmus pumila,427583,12.15,77.2,9.92,5.29,0.213,3.09,1992,True,ok
0189824AR,Platanus × acerifolia,427583,18.71,97.8,11.16,10.76,0.11,4.42,2251,True,ok
0189833AR,Grevillea robusta,427583,20.41,72.8,9.62,7.25,0.185,3.38,1784,True,ok
0189839AR,Pinus pinea,427583,,0.0,0.0,,,,0,True,no_crown_detected
0189840AR,Platanus × acerifolia,427583,18.9,28.0,5.97,5.93,0.087,4.88,1014,False,tile_edge
0189852AR,Platanus × acerifolia,427583,13.57,36.5,6.82,3.66,0.107,4.47,784,True,ok
0189855AR,Platanus × acerifolia,427583,19.96,36.2,6.79,10.82,0.142,3.91,961,True,ok
0189861AR,Ligustrum lucidum,427583,,0.0,0.0,,,,0,True,no_crown_detected
0189863AR,Platanus × acerifolia,427583,19.26,92.2,10.84,8.23,0.221,3.02,3855,False,tile_edge
0189864AR,Platanus × acerifolia,427583,16.35,47.2,7.76,7.41,0.086,4.91,1105,True,ok
0189865AR,Ligustrum lucidum,427583,12.3,122.5,12.49,7.16,0.142,3.91,2147,True,ok
0189871AR,Platanus × acerifolia,427583,13.66,115.8,12.14,6.05,0.194,3.28,2381,True,ok
0189888AR,Populus nigra,427583,9.56,23.8,5.5,5.38,0.312,2.33,541,True,ok
0189922AR,Platanus × acerifolia,427583,18.78,23.0,5.41,7.98,0.13,4.08,592,True,ok
0189928AR,Ligustrum lucidum,427583,5.99,14.8,4.33,3.24,0.285,2.51,365,True,ok
0189931AR,Populus nigra,427583,18.85,40.8,7.2,5.72,0.136,3.98,938,True,ok
0189936AR,Platanus × acerifolia,427583,14.26,77.8,9.95,7.52,0.199,3.23,1603,True,ok
0189947AR,Ligustrum lucidum,427583,6.3,10.0,3.57,5.19,0.48,1.47,290,True,ok
0189951AR,Jacaranda mimosifolia,427583,7.75,2.2,1.69,3.79,0.368,2.0,57,True,ok
0189959AR,Pyrus calleryana,427583,5.97,12.8,4.03,3.91,0.362,2.03,455,True,ok
0189972AR,Gleditsia triacanthos,427583,,0.0,0.0,,,,0,True,no_crown_detected
0189986AR,Ulmus pumila,427583,5.23,6.0,2.76,3.43,0.35,2.1,120,True,ok
0189990AR,Platanus × acerifolia,427583,11.92,3.2,2.03,10.43,0.25,2.77,68,True,ok
0190001AR,Ulmus pumila,427583,10.82,54.5,8.33,5.53,0.14,3.93,1126,True,ok
0190003AR,Styphnolobium japonicum,427583,10.55,2.5,1.78,4.85,0.024,7.43,61,True,ok
0190024AR,Platanus × acerifolia,427583,20.55,42.5,7.36,11.07,0.114,4.34,1128,True,ok
0190026AR,Pinus pinea,427583,10.96,84.8,10.39,7.0,0.248,2.79,1517,True,ok
0190037AR,Platanus × acerifolia,427583,17.33,24.2,5.56,9.26,0.246,2.81,683,True,ok
0190040AR,Ulmus pumila,427583,9.35,58.8,8.65,3.76,0.131,4.07,1216,True,ok
0190051AR,Styphnolobium japonicum,427583,7.42,17.5,4.72,4.16,0.424,1.71,780,True,ok
0190058AR,Styphnolobium japonicum,427583,11.48,66.2,9.18,6.58,0.133,4.03,1455,True,ok
0190077AR,Styphnolobium japonicum,427583,9.51,10.8,3.7,2.23,0.255,2.73,145,True,ok
0190092AR,Pyrus calleryana,427583,11.47,4.0,2.26,2.89,0.323,2.26,126,True,ok
0190108AR,Platanus × acerifolia,427583,16.03,7.0,2.99,9.04,0.078,5.09,166,True,ok
0190115AR,Ulmus pumila,427583,11.05,115.5,12.13,4.52,0.173,3.51,2309,True,ok
0190117AR,Pyrus calleryana,427583,,0.0,0.0,,,,0,True,no_crown_detected
0190121AR,Platanus × acerifolia,427583,15.83,64.8,9.08,8.89,0.202,3.2,1339,True,ok
0190124AR,Magnolia grandiflora,427583,4.31,4.8,2.46,2.57,0.386,1.9,114,True,ok
0190125AR,Platanus × acerifolia,427583,14.17,112.5,11.97,4.3,0.205,3.17,2740,True,ok
0190131AR,Platanus × acerifolia,427583,16.04,69.0,9.37,7.09,0.185,3.38,1897,True,ok
0190134AR,Styphnolobium japonicum,427583,10.6,0.5,0.8,9.62,0.5,1.39,12,True,no_crown_detected
0190136AR,Ligustrum lucidum,427583,6.27,22.2,5.32,3.61,0.31,2.34,436,True,ok
0190150AR,Styphnolobium japonicum,427583,10.62,7.8,3.14,7.62,0.156,3.71,173,True,ok
0190168AR,Magnolia grandiflora,427583,,0.0,0.0,,,,0,True,no_crown_detected
0190170AR,Quercus ilex,427583,11.46,153.5,13.98,7.09,0.125,4.16,2502,True,ok
0190192AR,Platanus × acerifolia,427583,20.15,156.0,14.09,9.47,0.106,4.49,4140,True,ok
0190208AR,Platanus × acerifolia,427583,19.36,96.0,11.06,5.43,0.207,3.15,2428,True,ok
0190211AR,Ulmus pumila,427583,11.46,51.5,8.1,5.79,0.279,2.55,1183,True,ok
0190216AR,Platanus × acerifolia,427583,17.16,72.5,9.61,9.01,0.095,4.71,1390,True,ok
0190223AR,Styphnolobium japonicum,427583,10.8,36.2,6.79,5.99,0.13,4.08,808,True,ok
0190229AR,Ulmus pumila,427583,10.66,71.2,9.52,5.67,0.124,4.17,1612,True,ok
0190230AR,Styphnolobium japonicum,427583,11.71,26.8,5.84,6.34,0.263,2.67,578,True,ok
0190250AR,Tipuana tipu,427583,15.64,115.5,12.13,5.05,0.242,2.84,5004,True,ok
0190258AR,Platanus × acerifolia,427583,16.7,110.5,11.86,4.24,0.175,3.49,2484,True,ok
0190261AR,Platanus × acerifolia,427583,20.65,79.2,10.05,11.7,0.059,5.67,1801,True,ok
0190264AR,Ligustrum lucidum,427583,10.11,49.8,7.96,4.6,0.178,3.46,1295,True,ok
0190265AR,Ligustrum lucidum,427583,5.49,47.5,7.78,2.19,0.27,2.62,1049,True,ok
0190266AR,Platanus × acerifolia,427583,11.53,3.0,1.95,6.52,0.296,2.43,54,True,ok
0190270AR,Ulmus pumila,427583,17.13,30.0,6.18,3.32,0.312,2.33,634,True,ok
0190271AR,Ligustrum lucidum,427583,6.74,7.5,3.09,4.88,0.489,1.43,224,True,ok
0190275AR,Magnolia grandiflora,427583,12.92,7.0,2.99,4.23,0.121,4.23,174,True,ok
0190278AR,Styphnolobium japonicum,427583,10.67,124.5,12.59,4.6,0.234,2.9,6014,True,ok
0190281AR,Styphnolobium japonicum,427583,10.31,58.2,8.61,6.24,0.324,2.26,2219,True,ok
0190286AR,Styphnolobium japonicum,427583,8.63,60.5,8.78,2.2,0.377,1.95,2698,True,ok
0190293AR,Styphnolobium japonicum,427583,15.52,2.5,1.78,7.06,0.0,7.82,50,True,ok
0190294AR,Platanus × acerifolia,427583,14.19,67.8,9.29,4.38,0.163,3.63,1452,True,ok
0190302AR,Magnolia grandiflora,427583,14.44,1.5,1.38,12.34,0.0,7.82,15,True,no_crown_detected
0190305AR,Ulmus pumila,427583,14.9,93.8,10.93,7.89,0.115,4.33,2114,True,ok
0190320AR,Platanus × acerifolia,427583,18.49,2.2,1.69,14.62,0.158,3.69,57,True,ok
0190326AR,Platanus × acerifolia,427583,11.96,1.2,1.26,9.56,0.375,1.96,32,True,no_crown_detected
0190328AR,Pyrus calleryana,427583,8.0,3.0,1.95,3.39,0.219,3.04,115,True,ok
0190337AR,Ulmus pumila,427583,2.97,1.2,1.26,2.83,0.37,1.99,27,True,no_crown_detected
0190341AR,Platanus × acerifolia,427583,15.59,88.8,10.63,8.43,0.177,3.46,1897,True,ok
0190343AR,Platanus × acerifolia,427583,20.15,53.0,8.21,10.67,0.152,3.76,1281,True,ok
0190346AR,Platanus × acerifolia,427583,13.96,4.2,2.33,6.83,0.198,3.24,111,True,ok
0190348AR,Styphnolobium japonicum,427583,11.23,42.0,7.31,4.27,0.333,2.2,1077,True,ok
0190350AR,Styphnolobium japonicum,427583,7.65,2.2,1.69,5.69,0.184,3.38,38,True,few_points
0190356AR,Pyrus calleryana,427583,4.54,6.5,2.88,3.36,0.388,1.89,103,True,ok
0190357AR,Pinus halepensis,427583,14.8,74.8,9.76,9.54,0.262,2.68,1363,True,ok
0190358AR,Styphnolobium japonicum,427583,17.9,21.0,5.17,11.19,0.114,4.35,449,True,ok
0190361AR,Styphnolobium japonicum,427583,7.66,33.5,6.53,4.61,0.461,1.55,1520,True,ok
0190363AR,Styphnolobium japonicum,427583,14.32,136.8,13.2,3.44,0.185,3.37,3360,True,ok
0190365AR,Platanus × acerifolia,427583,18.4,57.8,8.57,8.35,0.091,4.79,1293,True,ok
0190369AR,Platanus × acerifolia,427583,18.88,138.8,13.29,7.99,0.126,4.15,2960,True,ok
0190384AR,Styphnolobium japonicum,427583,9.28,23.8,5.5,5.78,0.174,3.49,482,True,ok
0190393AR,Pinus pinea,427583,14.29,83.0,10.28,6.6,0.223,3.0,1849,True,ok
0190394AR,Olea europaea,427583,3.89,17.2,4.69,2.79,0.385,1.91,579,True,ok
0190404AR,Platanus × acerifolia,427583,15.13,121.0,12.41,4.27,0.151,3.78,2842,True,ok
0190430AR,Styphnolobium japonicum,427583,9.95,34.5,6.63,5.35,0.235,2.9,774,True,ok
0190436AR,Magnolia grandiflora,427583,5.41,11.2,3.78,2.86,0.467,1.52,495,True,ok
0190460AR,Pinus pinea,427583,10.74,56.2,8.46,6.62,0.276,2.58,1080,True,ok
0190468AR,Populus alba,427583,,0.0,0.0,,,,0,True,no_crown_detected
0190470AR,Ligustrum lucidum,427583,8.97,43.5,7.44,4.35,0.271,2.61,988,True,ok
0190474AR,Jacaranda mimosifolia,427583,11.97,153.8,13.99,4.26,0.351,2.09,4310,True,ok
0190489AR,Jacaranda mimosifolia,427583,5.35,4.0,2.26,2.9,0.442,1.63,104,True,ok
0190493AR,Styphnolobium japonicum,427583,9.84,73.8,9.69,4.58,0.186,3.36,1433,True,ok
0190494AR,Ulmus pumila,427583,4.92,11.0,3.74,3.92,0.324,2.25,213,True,ok
0190503AR,Quercus ilex,427583,11.4,85.0,10.4,5.99,0.249,2.78,1660,True,ok
0190505AR,Styphnolobium japonicum,427583,9.67,66.8,9.22,4.71,0.443,1.63,3431,True,ok
0190517AR,Pyrus calleryana,427583,19.2,119.2,12.32,5.65,0.109,4.43,4606,True,ok
0190526AR,Magnolia grandiflora,427583,9.15,35.0,6.68,3.7,0.221,3.02,752,True,ok
0190532AR,Pyrus calleryana,427583,3.13,1.0,1.13,2.33,0.48,1.47,42,True,no_crown_detected
0190538AR,Pinus pinea,427583,14.62,81.2,10.17,6.95,0.25,2.77,2245,True,ok
0190540AR,Platanus × acerifolia,427583,16.14,16.5,4.58,9.69,0.138,3.96,412,True,ok
0190541AR,Platanus × acerifolia,427583,12.98,6.5,2.88,7.97,0.259,2.71,147,True,ok
0190565AR,Ligustrum lucidum,427583,17.95,100.0,11.28,4.27,0.194,3.28,2294,True,ok
0190566AR,Ligustrum lucidum,427583,17.72,6.8,2.93,5.73,0.055,5.81,201,True,ok
0190582AR,Platanus × acerifolia,427583,23.57,176.8,15.0,12.88,0.168,3.56,8337,False,tile_edge
0190604AR,Styphnolobium japonicum,427583,11.78,44.8,7.55,5.7,0.231,2.93,2012,True,ok
0190606AR,Gleditsia triacanthos,427583,,0.0,0.0,,,,0,True,no_crown_detected
0190627AR,Styphnolobium japonicum,427583,13.75,3.5,2.11,7.27,0.169,3.55,59,True,ok
0190629AR,Quercus ilex,427583,11.01,21.2,5.2,4.74,0.208,3.14,336,True,ok
0190631AR,Ulmus pumila,427583,10.5,1.8,1.49,9.21,0.323,2.26,31,True,no_crown_detected
0190632AR,Pinus pinea,427583,10.08,36.8,6.84,8.31,0.389,1.89,705,True,ok
0190653AR,Pinus pinea,427583,11.51,42.8,7.38,5.51,0.344,2.13,881,True,ok
0190655AR,Styphnolobium japonicum,427583,8.07,21.8,5.26,5.04,0.262,2.68,328,True,ok
0190659AR,Platanus × acerifolia,427583,14.48,104.2,11.52,3.75,0.197,3.25,2250,True,ok
0190664AR,Ligustrum lucidum,427583,5.0,9.8,3.52,3.54,0.313,2.32,179,True,ok
0190667AR,Styphnolobium japonicum,427583,10.24,76.5,9.87,5.16,0.269,2.63,2141,True,ok
0190668AR,Platanus × acerifolia,427583,13.44,48.5,7.86,6.75,0.268,2.64,1169,True,ok
0190690AR,Platanus × acerifolia,427583,16.07,2.5,1.78,11.11,0.0,7.82,33,True,few_points
0190699AR,Styphnolobium japonicum,427583,10.5,39.0,7.05,6.28,0.2,3.22,640,True,ok
0190702AR,Quercus ilex,427583,6.89,33.5,6.53,4.64,0.284,2.52,581,True,ok
0190703AR,Styphnolobium japonicum,427583,8.01,76.0,9.84,3.74,0.245,2.81,1654,True,ok
0190705AR,Gleditsia triacanthos,427583,6.2,18.5,4.85,2.94,0.35,2.1,488,True,ok
0190712AR,Pinus pinea,427583,10.32,59.0,8.67,6.8,0.27,2.62,1154,True,ok
0190715AR,Jacaranda mimosifolia,427583,12.99,140.5,13.37,5.17,0.147,3.84,3448,True,ok
0190718AR,Ligustrum lucidum,427583,5.82,13.5,4.15,4.35,0.318,2.29,261,True,ok
0190722AR,Platanus × acerifolia,427583,18.88,135.2,13.12,9.61,0.163,3.63,3162,True,ok
0190743AR,Quercus ilex,427583,10.91,85.2,10.42,6.23,0.245,2.81,1566,True,ok
0190744AR,Olea europaea,427583,7.99,71.2,9.52,4.02,0.229,2.94,1264,True,ok
0190746AR,Platanus × acerifolia,427583,13.61,4.5,2.39,6.16,0.187,3.35,107,True,ok
0190751AR,Platanus × acerifolia,427583,21.33,107.8,11.71,9.47,0.119,4.26,2593,True,ok
0190759AR,Platanus × acerifolia,427583,19.32,3.0,1.95,5.42,0.04,6.44,75,True,ok
0190772AR,Styphnolobium japonicum,427583,14.6,108.2,11.74,6.59,0.217,3.06,3136,True,ok
0190776AR,Populus nigra,427583,10.72,26.5,5.81,4.59,0.159,3.68,465,True,ok
0190777AR,Platanus × acerifolia,427583,15.87,70.2,9.46,8.48,0.197,3.25,1576,True,ok
0190778AR,Gleditsia triacanthos,427583,,0.0,0.0,,,,0,True,no_crown_detected
0190780AR,Platanus × acerifolia,427583,21.48,84.8,10.39,12.65,0.086,4.91,1972,True,ok
0190785AR,Platanus × acerifolia,427583,21.9,99.0,11.23,8.37,0.11,4.42,2580,True,ok
0190786AR,Ligustrum lucidum,427583,10.54,0.8,0.98,2.92,0.273,2.6,11,True,no_crown_detected
0190791AR,Platanus × acerifolia,427583,17.65,2.2,1.69,10.18,0.128,4.12,47,True,few_points
0190797AR,Styphnolobium japonicum,427583,10.51,29.0,6.08,4.81,0.29,2.47,1563,True,ok
0190798AR,Platanus × acerifolia,427583,22.42,66.0,9.17,11.18,0.175,3.49,1797,True,ok
0190810AR,Platanus × acerifolia,427583,19.23,106.2,11.63,9.04,0.081,5.02,2495,True,ok
0190834AR,Platanus × acerifolia,427583,14.74,2.2,1.69,11.03,0.082,5.01,49,True,few_points
0190858AR,Platanus × acerifolia,427583,15.11,73.5,9.67,5.39,0.173,3.51,1748,True,ok
0190895AR,Platanus × acerifolia,427583,13.85,27.0,5.86,7.78,0.128,4.11,569,True,ok
0190902AR,Styphnolobium japonicum,427583,8.36,3.0,1.95,2.24,0.095,4.7,99,True,ok
0190908AR,Styphnolobium japonicum,427583,8.55,34.0,6.58,5.35,0.283,2.53,619,True,ok
0190909AR,Platanus × acerifolia,427583,15.02,20.8,5.14,8.71,0.114,4.34,439,True,ok
0190915AR,Styphnolobium japonicum,427583,9.39,5.2,2.59,4.46,0.195,3.26,268,True,ok
0190919AR,Ligustrum lucidum,427583,,0.0,0.0,,,,0,True,no_crown_detected
0190925AR,Magnolia grandiflora,427583,5.45,21.2,5.2,3.01,0.469,1.52,921,True,ok
0190940AR,Styphnolobium japonicum,427583,8.41,4.8,2.46,3.75,0.31,2.34,71,True,ok
0190957AR,Platanus × acerifolia,427583,17.3,107.0,11.67,5.25,0.125,4.16,2302,True,ok
0190966AR,Populus nigra,427583,13.94,83.2,10.3,7.76,0.235,2.9,1914,True,ok
0190974AR,Quercus ilex,427583,10.67,81.5,10.19,6.03,0.183,3.39,1609,True,ok
0190990AR,Cupressus sempervirens,427583,,0.0,0.0,,,,0,True,no_crown_detected
0190991AR,Quercus ilex,427583,4.39,18.2,4.82,2.93,0.397,1.85,325,True,ok
0190993AR,Populus nigra,427583,12.16,60.2,8.76,2.49,0.144,3.87,1317,True,ok
0190998AR,Styphnolobium japonicum,427583,11.09,56.2,8.46,6.01,0.251,2.76,1179,True,ok
0191000AR,Ligustrum lucidum,427583,4.85,5.5,2.65,1.58,0.473,1.5,182,True,ok
0191016AR,Acer buergerianum,427583,12.73,1.8,1.49,9.07,0.045,6.18,22,True,no_crown_detected
0191018AR,Platanus × acerifolia,427583,19.41,81.0,10.16,8.12,0.12,4.23,2101,True,ok
0191020AR,Magnolia grandiflora,427583,16.39,75.5,9.8,5.53,0.197,3.25,2178,True,ok
0191021AR,Magnolia grandiflora,427583,12.24,3.2,2.03,4.06,0.049,6.04,82,True,ok
0191033AR,Platanus × acerifolia,427583,17.9,158.2,14.19,7.93,0.116,4.31,4071,True,ok
0191035AR,Styphnolobium japonicum,427583,8.44,29.5,6.13,4.6,0.3,2.41,447,True,ok
0191037AR,Platanus × acerifolia,427583,19.07,39.5,7.09,11.3,0.071,5.28,841,True,ok
0191040AR,Platanus × acerifolia,427583,21.58,71.8,9.56,11.21,0.14,3.93,2246,True,ok
0191045AR,Styphnolobium japonicum,427583,9.36,4.0,2.26,6.07,0.159,3.68,63,True,ok
0191055AR,Platanus × acerifolia,427583,18.16,92.8,10.87,9.5,0.135,4.01,2304,True,ok
0191056AR,Platanus × acerifolia,427583,14.3,1.2,1.26,9.74,0.077,5.13,13,True,no_crown_detected
0191061AR,Platanus × acerifolia,427583,15.9,4.5,2.39,7.77,0.053,5.89,114,True,ok
0191065AR,Pinus pinea,427583,,0.0,0.0,,,,0,True,no_crown_detected
0191066AR,Platanus × acerifolia,427583,14.75,4.2,2.33,4.66,0.138,3.97,80,True,ok
0191098AR,Styphnolobium japonicum,427583,14.32,95.8,11.04,5.55,0.138,3.96,3720,True,ok
0191100AR,Pyrus calleryana,427583,,0.0,0.0,,,,0,True,no_crown_detected
0191115AR,Pinus pinea,427583,11.39,71.8,9.56,8.51,0.341,2.15,1364,True,ok
0191128AR,Ligustrum lucidum,427583,7.2,8.2,3.24,4.2,0.178,3.45,146,True,ok
0191134AR,Pyrus calleryana,427583,3.63,0.2,0.56,3.58,0.0,7.82,6,True,no_crown_detected
0191135AR,Platanus × acerifolia,427583,16.0,65.2,9.11,8.19,0.204,3.18,1537,True,ok
0191138AR,Styphnolobium japonicum,427583,12.45,49.5,7.94,3.07,0.197,3.25,912,True,ok
0191142AR,Platanus × acerifolia,427583,12.82,103.2,11.47,3.79,0.194,3.28,2556,True,ok
0191143AR,Styphnolobium japonicum,427583,6.14,3.2,2.03,5.02,0.282,2.53,39,True,few_points
0191147AR,Populus nigra,427583,13.33,72.5,9.61,7.82,0.231,2.93,1557,True,ok
0191165AR,Platanus × acerifolia,427583,19.55,80.2,10.11,11.21,0.166,3.59,1988,True,ok
0191169AR,Pinus pinea,427583,,0.0,0.0,,,,0,True,no_crown_detected
0191180AR,Magnolia grandiflora,427583,11.68,6.0,2.76,3.8,0.126,4.15,223,True,ok
0191181AR,Jacaranda mimosifolia,427583,10.62,105.0,11.56,4.77,0.35,2.1,2919,True,ok
0191185AR,Ligustrum lucidum,427583,8.34,22.8,5.38,6.12,0.363,2.03,622,True,ok
0191191AR,Platanus × acerifolia,427583,17.67,63.5,8.99,9.03,0.188,3.34,1453,True,ok
0191211AR,Platanus × acerifolia,427583,12.51,7.8,3.14,5.14,0.054,5.84,185,True,ok
0191223AR,Jacaranda mimosifolia,427583,4.81,11.0,3.74,3.25,0.411,1.78,214,True,ok
0191225AR,Ligustrum lucidum,427583,7.19,13.2,4.11,4.76,0.382,1.92,238,True,ok
0191238AR,Ligustrum lucidum,427583,5.54,1.0,1.13,4.05,0.25,2.77,16,True,no_crown_detected
0191261AR,Platanus × acerifolia,427583,13.91,30.5,6.23,3.99,0.143,3.89,581,True,ok
0191262AR,Platanus × acerifolia,427583,18.59,113.5,12.02,6.86,0.091,4.78,2647,True,ok
0191265AR,Ligustrum lucidum,427583,7.07,2.2,1.69,4.74,0.347,2.12,49,True,few_points
0191279AR,Styphnolobium japonicum,427583,8.6,78.2,9.98,4.14,0.294,2.45,3019,True,ok
0191280AR,Platanus × acerifolia,427583,21.15,124.8,12.6,10.83,0.139,3.95,2949,True,ok
0191281AR,Magnolia grandiflora,427583,10.02,6.0,2.76,2.84,0.301,2.4,191,True,ok
0191286AR,Platanus × acerifolia,427583,16.03,110.5,11.86,8.9,0.103,4.54,2306,True,ok
0191288AR,Pyrus calleryana,427583,4.64,7.5,3.09,3.05,0.4,1.83,276,True,ok
0191295AR,Jacaranda mimosifolia,427583,9.94,2.2,1.69,2.45,0.038,6.52,78,True,ok
0191296AR,Styphnolobium japonicum,427583,10.12,48.5,7.86,5.45,0.328,2.23,1282,True,ok
0191311AR,Pinus pinea,427583,10.71,105.0,11.56,2.68,0.207,3.15,1823,True,ok
0191327AR,Ligustrum lucidum,427583,,0.0,0.0,,,,0,False,tile_edge
0191330AR,Styphnolobium japonicum,427583,13.52,18.0,4.79,2.13,0.076,5.14,327,True,ok
0191334AR,Pyrus calleryana,427583,17.98,19.0,4.92,3.51,0.302,2.4,634,True,ok
0191345AR,Magnolia grandiflora,427583,6.15,13.5,4.15,3.21,0.18,3.43,256,True,ok
0191349AR,Platanus × acerifolia,427583,15.55,46.2,7.67,8.01,0.123,4.19,1155,True,ok
0191365AR,Pinus pinea,427583,12.25,151.0,13.87,2.2,0.209,3.13,2487,True,ok
0191374AR,Platanus × acerifolia,427583,23.51,140.2,13.36,12.99,0.109,4.42,3785,True,ok
0191378AR,Platanus × acerifolia,427583,21.99,146.8,13.67,8.63,0.129,4.1,3762,True,ok
0191381AR,Styphnolobium japonicum,427583,7.94,22.8,5.38,3.03,0.393,1.87,815,True,ok
0191385AR,Platanus × acerifolia,427583,16.3,1.0,1.13,12.43,0.0,7.82,11,True,no_crown_detected
0191390AR,Pyrus calleryana,427583,,0.0,0.0,,,,0,True,no_crown_detected
0191401AR,Styphnolobium japonicum,427583,7.46,18.8,4.89,3.63,0.351,2.09,413,True,ok
0191405AR,Styphnolobium japonicum,427583,10.7,67.2,9.25,6.14,0.197,3.25,1530,True,ok
0191414AR,Styphnolobium japonicum,427583,9.73,22.2,5.32,3.22,0.293,2.46,413,True,ok
0191415AR,Styphnolobium japonicum,427583,7.2,2.5,1.78,4.29,0.276,2.58,29,True,few_points
0191421AR,Pinus pinea,427583,11.33,75.8,9.82,7.53,0.28,2.55,1326,True,ok
0191437AR,Platanus × acerifolia,427583,21.59,62.8,8.94,12.63,0.04,6.45,1356,True,ok
0191438AR,Platanus × acerifolia,427583,7.72,3.5,2.11,5.5,0.282,2.53,71,True,ok
0191442AR,Platanus × acerifolia,427583,20.83,155.2,14.06,9.48,0.14,3.94,4146,True,ok
0191454AR,Styphnolobium japonicum,427583,14.1,97.8,11.16,3.97,0.253,2.75,2482,True,ok
0191459AR,Platanus × acerifolia,427583,14.73,36.5,6.82,2.39,0.267,2.64,946,True,ok
0191466AR,Gleditsia triacanthos,427583,8.93,0.2,0.56,8.93,0.5,1.39,4,True,no_crown_detected
0191475AR,Platanus × acerifolia,427583,26.94,58.5,8.63,3.07,0.237,2.88,1380,True,ok
0191486AR,Styphnolobium japonicum,427583,10.4,29.8,6.15,5.15,0.126,4.14,675,True,ok
0191487AR,Fraxinus angustifolia,427583,7.73,42.5,7.36,3.87,0.323,2.26,1441,True,ok
0191489AR,Platanus × acerifolia,427583,22.56,43.2,7.42,13.32,0.142,3.9,1905,False,tile_edge
0191494AR,Platanus × acerifolia,427583,17.18,22.5,5.35,5.97,0.091,4.8,453,True,ok
0191513AR,Styphnolobium japonicum,427583,22.39,99.8,11.27,5.62,0.136,4.0,2802,True,ok
0191522AR,Platanus × acerifolia,427583,13.33,61.5,8.85,7.3,0.234,2.91,1607,True,ok
0191530AR,Platanus × acerifolia,427583,18.28,32.0,6.38,4.5,0.148,3.83,833,True,ok
0191536AR,Platanus × acerifolia,427583,12.17,38.5,7.0,3.59,0.184,3.38,874,True,ok
0191538AR,Styphnolobium japonicum,427583,9.56,20.0,5.05,2.92,0.09,4.81,532,True,ok
0191539AR,Ligustrum lucidum,427583,,0.0,0.0,,,,0,True,no_crown_detected
0191543AR,Styphnolobium japonicum,427583,10.3,87.8,10.57,6.13,0.219,3.03,2637,True,ok
0191546AR,Jacaranda mimosifolia,427583,9.89,47.5,7.78,3.4,0.333,2.2,1215,True,ok
0191551AR,Ulmus pumila,427583,12.07,43.0,7.4,7.02,0.147,3.84,736,True,ok
0191564AR,Styphnolobium japonicum,427583,8.34,82.8,10.26,3.05,0.277,2.57,1614,True,ok
0191566AR,Platanus × acerifolia,427583,20.59,131.2,12.93,11.06,0.092,4.78,3109,True,ok
0191569AR,Quercus ilex,427583,9.8,51.8,8.12,5.06,0.195,3.27,962,True,ok
0191597AR,Styphnolobium japonicum,427583,12.78,131.5,12.94,4.19,0.17,3.54,2711,True,ok
0191603AR,Platanus × acerifolia,427583,7.49,1.0,1.13,5.76,0.368,2.0,19,True,no_crown_detected
0191606AR,Gleditsia triacanthos,427583,,0.0,0.0,,,,0,True,no_crown_detected
0191609AR,Styphnolobium japonicum,427583,12.5,27.5,5.92,5.9,0.132,4.05,552,True,ok
0191619AR,Styphnolobium japonicum,427583,6.65,43.2,7.42,2.32,0.311,2.33,1015,True,ok
0191622AR,Platanus × acerifolia,427583,16.26,2.0,1.6,4.2,0.164,3.62,55,True,ok
0191652AR,Quercus ilex,427583,9.08,35.0,6.68,5.12,0.167,3.58,617,True,ok
0191654AR,Jacaranda mimosifolia,427583,,0.0,0.0,,,,0,True,no_crown_detected
0191664AR,Platanus × acerifolia,427583,16.49,43.0,7.4,7.47,0.137,3.98,1018,True,ok
0191665AR,Quercus ilex,427583,10.23,38.8,7.02,5.86,0.315,2.31,832,True,ok
0191672AR,Platanus × acerifolia,427583,18.03,82.8,10.26,7.83,0.098,4.65,2260,True,ok
0191680AR,Styphnolobium japonicum,427583,11.06,42.8,7.38,4.69,0.145,3.86,903,True,ok
0191683AR,Styphnolobium japonicum,427583,9.25,2.0,1.6,5.89,0.0,7.82,26,True,few_points
0191686AR,Magnolia grandiflora,427583,16.72,8.5,3.29,4.71,0.023,7.55,218,True,ok
0191691AR,Populus nigra,427583,11.18,34.8,6.65,3.3,0.261,2.69,808,True,ok
0191721AR,Pinus pinea,427583,10.22,29.0,6.08,5.19,0.351,2.09,624,True,ok
0191722AR,Platanus × acerifolia,427583,15.47,9.5,3.48,7.01,0.062,5.55,224,True,ok
0191741AR,Ligustrum lucidum,427583,,0.0,0.0,,,,0,True,no_crown_detected
0191749AR,Styphnolobium japonicum,427583,9.02,69.5,9.41,4.62,0.263,2.67,1741,True,ok
0191752AR,Platanus × acerifolia,427583,,0.0,0.0,,,,0,True,no_crown_detected
0191762AR,Jacaranda mimosifolia,427583,8.31,27.5,5.92,4.1,0.388,1.89,789,True,ok
0191778AR,Styphnolobium japonicum,427583,10.24,53.0,8.21,5.83,0.29,2.47,1353,True,ok
0191785AR,Platanus × acerifolia,427583,16.3,107.5,11.7,7.11,0.208,3.14,2801,True,ok
0191789AR,Gleditsia triacanthos,427583,,0.0,0.0,,,,0,True,no_crown_detected
0191797AR,Platanus × acerifolia,427583,16.93,56.2,8.46,9.43,0.091,4.8,1191,True,ok
0191808AR,Styphnolobium japonicum,427583,21.58,108.5,11.75,5.59,0.246,2.8,5392,False,tile_edge
0191811AR,Platanus × acerifolia,427583,16.38,4.2,2.33,2.84,0.104,4.52,96,True,ok
0191813AR,Platanus × acerifolia,427583,17.45,52.0,8.14,7.56,0.173,3.51,1216,True,ok
0191817AR,Jacaranda mimosifolia,427583,7.18,34.8,6.65,3.13,0.302,2.39,711,True,ok
0191820AR,Magnolia grandiflora,427583,9.49,21.2,5.2,3.4,0.213,3.09,581,True,ok
0193824AR,Brachychiton populneus,427583,15.61,4.2,2.33,3.96,0.138,3.96,94,True,ok
0193826AR,Platanus × acerifolia,427583,18.55,50.8,8.04,9.19,0.189,3.33,2372,True,ok
0193829AR,Magnolia grandiflora,427583,8.62,30.2,6.21,3.68,0.125,4.16,696,True,ok
0193832AR,Platanus × acerifolia,427583,14.28,63.0,8.96,6.48,0.194,3.28,1756,True,ok
0193837AR,Koelreuteria paniculata,427583,,0.0,0.0,,,,0,True,no_crown_detected
0193843AR,Platanus × acerifolia,427583,17.46,123.2,12.53,8.05,0.18,3.43,6262,True,ok
0193844AR,Brachychiton populneus,427583,8.71,10.5,3.66,3.69,0.299,2.41,291,True,ok
0193846AR,Magnolia grandiflora,427583,,0.0,0.0,,,,0,True,no_crown_detected
0193851AR,Koelreuteria paniculata,427583,,0.0,0.0,,,,0,True,no_crown_detected
0193853AR,Platanus × acerifolia,427583,9.55,3.5,2.11,4.79,0.138,3.97,124,True,ok
0193854AR,Platanus × acerifolia,427583,17.33,67.2,9.25,7.61,0.155,3.73,3446,True,ok
0193856AR,Styphnolobium japonicum,427583,,0.0,0.0,,,,0,True,no_crown_detected
0193857AR,Platanus × acerifolia,427583,12.75,66.5,9.2,3.22,0.253,2.75,1437,True,ok
0193858AR,Brachychiton populneus,427583,10.53,75.5,9.8,5.01,0.184,3.38,1851,True,ok
0193859AR,Quercus ilex,427583,11.76,53.2,8.23,6.54,0.234,2.91,1061,True,ok
0193861AR,Magnolia grandiflora,427583,5.98,10.5,3.66,3.7,0.444,1.63,413,True,ok
0193863AR,Brachychiton populneus,427583,11.11,20.2,5.08,4.52,0.282,2.53,496,True,ok
0193864AR,Platanus × acerifolia,427583,17.84,127.0,12.72,8.15,0.197,3.25,6067,True,ok
0193865AR,Platanus × acerifolia,427583,14.33,120.2,12.37,8.01,0.235,2.9,4981,True,ok
0193866AR,Cupressus sempervirens,427583,16.14,46.0,7.65,4.49,0.176,3.48,1483,True,ok
0193867AR,Styphnolobium japonicum,427583,12.04,39.5,7.09,5.8,0.326,2.24,2060,True,ok
0193871AR,Platanus × acerifolia,427583,15.07,110.8,11.87,6.94,0.202,3.19,4992,True,ok
0193876AR,Platanus × acerifolia,427583,14.41,17.2,4.69,8.54,0.139,3.95,367,True,ok
0193877AR,Styphnolobium japonicum,427583,13.02,3.0,1.95,9.06,0.044,6.23,45,True,few_points
0193879AR,Styphnolobium japonicum,427583,10.03,2.0,1.6,8.07,0.0,7.82,16,True,few_points
0193880AR,Celtis australis,427583,8.74,29.0,6.08,4.74,0.175,3.49,630,True,ok
0193882AR,Platanus × acerifolia,427583,14.04,96.5,11.08,2.46,0.269,2.62,4192,True,ok
0193883AR,Styphnolobium japonicum,427583,12.96,109.8,11.82,3.65,0.228,2.96,4500,True,ok
0193884AR,Platanus × acerifolia,427583,17.43,19.2,4.95,7.82,0.069,5.33,916,True,ok
0193885AR,Platanus × acerifolia,427583,17.45,59.5,8.7,5.07,0.088,4.86,1465,True,ok
0193887AR,Platanus × acerifolia,427583,21.36,125.2,12.63,9.99,0.185,3.38,6521,True,ok
0193889AR,Firmiana simplex,427583,7.81,22.5,5.35,3.17,0.324,2.26,995,True,ok
0193891AR,Platanus × acerifolia,427583,19.68,86.5,10.49,7.91,0.111,4.39,3438,True,ok
0193893AR,Magnolia grandiflora,427583,8.23,30.0,6.18,3.11,0.16,3.67,789,True,ok
0193894AR,Quercus robur,427583,5.6,1.2,1.26,3.22,0.304,2.38,60,True,no_crown_detected
0193896AR,Styphnolobium japonicum,427583,10.25,69.0,9.37,3.92,0.222,3.01,1579,True,ok
0193900AR,Platanus × acerifolia,427583,19.43,140.5,13.37,8.7,0.153,3.76,6609,True,ok
0193901AR,Platanus × acerifolia,427583,9.61,17.5,4.72,5.89,0.4,1.83,713,True,ok
0193903AR,Styphnolobium japonicum,427583,17.91,117.5,12.23,8.99,0.272,2.6,5402,True,ok
0193904AR,Platanus × acerifolia,427583,15.39,184.2,15.32,7.71,0.187,3.36,4234,True,ok
0193908AR,Magnolia grandiflora,427583,3.42,2.0,1.6,3.34,0.0,7.82,12,True,few_points
0193909AR,Tipuana tipu,427583,20.3,143.8,13.53,10.81,0.166,3.59,3134,True,ok
0193910AR,Styphnolobium japonicum,427583,11.43,63.5,8.99,3.72,0.22,3.03,3534,True,ok
0193911AR,Populus nigra,427583,10.92,14.2,4.26,4.52,0.301,2.4,386,True,ok
0193917AR,Platanus × acerifolia,427583,14.63,57.8,8.57,7.87,0.194,3.28,2336,True,ok
0193919AR,Magnolia grandiflora,427583,4.53,2.0,1.6,2.73,0.36,2.04,50,True,ok
0193924AR,Platanus × acerifolia,427583,13.23,4.2,2.33,8.41,0.259,2.7,180,True,ok
0193925AR,Robinia pseudoacacia,427583,8.1,2.0,1.6,6.81,0.244,2.82,45,True,few_points
0193927AR,Styphnolobium japonicum,427583,8.84,52.2,8.16,5.03,0.271,2.61,1145,True,ok
0193929AR,Quercus robur,427583,4.42,2.0,1.6,2.43,0.3,2.41,78,True,ok
0193933AR,Platanus × acerifolia,427583,19.54,152.5,13.93,9.46,0.202,3.2,7985,True,ok
0193935AR,Platanus × acerifolia,427583,7.22,12.8,4.03,4.66,0.349,2.11,408,True,ok
0193936AR,Brachychiton populneus,427583,5.68,11.2,3.78,2.75,0.288,2.49,222,True,ok
0193938AR,Styphnolobium japonicum,427583,7.64,4.5,2.39,4.51,0.3,2.41,100,True,ok
0193943AR,Jacaranda mimosifolia,427583,9.27,57.8,8.57,5.29,0.387,1.9,1406,True,ok
0193945AR,Firmiana simplex,427583,7.82,56.2,8.46,3.24,0.272,2.61,2030,True,ok
0193947AR,Magnolia grandiflora,427583,12.98,5.2,2.59,3.96,0.437,1.66,224,True,ok
0193950AR,Celtis australis,427583,7.82,8.8,3.34,2.26,0.129,4.1,202,True,ok
0193954AR,Photinia x fraseri,427583,8.16,6.5,2.88,2.71,0.268,2.63,112,True,ok
0193956AR,Populus nigra,427583,10.67,21.0,5.17,6.97,0.261,2.69,357,True,ok
0193957AR,Brachychiton populneus,427583,15.46,61.0,8.81,5.03,0.266,2.65,1393,True,ok
0193958AR,Platanus × acerifolia,427583,16.86,106.2,11.63,8.45,0.218,3.05,4800,True,ok
0193959AR,Magnolia grandiflora,427583,8.26,7.8,3.14,2.88,0.274,2.59,157,True,ok
0193963AR,Platanus × acerifolia,427583,9.9,1.5,1.38,5.93,0.462,1.55,26,True,no_crown_detected
0193964AR,Pinus halepensis,427583,14.26,4.5,2.39,4.43,0.188,3.35,64,True,ok
0193968AR,Platanus × acerifolia,427583,13.43,73.5,9.67,6.49,0.246,2.81,1918,True,ok
0193970AR,Platanus × acerifolia,427583,22.84,173.8,14.87,9.23,0.164,3.61,4500,True,ok
0193972AR,Firmiana simplex,427583,10.53,20.5,5.11,6.84,0.333,2.2,773,True,ok
0193973AR,Platanus × acerifolia,427583,16.14,74.2,9.72,7.9,0.221,3.01,3789,True,ok
0193974AR,Platanus × acerifolia,427583,19.15,88.0,10.59,10.45,0.108,4.46,2181,True,ok
0193975AR,Brachychiton populneus,427583,16.28,15.8,4.48,7.15,0.151,3.78,411,True,ok
0193977AR,Platanus × acerifolia,427583,13.74,101.2,11.35,6.62,0.268,2.63,4432,True,ok
0193978AR,Photinia x fraseri,427583,3.44,5.2,2.59,2.83,0.405,1.81,74,True,ok
0193979AR,Platanus × acerifolia,427583,15.58,94.2,10.95,8.0,0.197,3.25,1979,True,ok
0193981AR,Platanus × acerifolia,427583,8.47,22.0,5.29,5.45,0.327,2.23,486,True,ok
0193982AR,Platanus × acerifolia,427583,14.3,2.2,1.69,9.66,0.162,3.64,125,True,ok
0193983AR,Cupressus sempervirens,427583,10.56,6.2,2.82,4.28,0.296,2.44,115,True,ok
0193984AR,Platanus × acerifolia,427583,18.52,149.0,13.77,7.96,0.162,3.64,3624,True,ok
0193985AR,Platanus × acerifolia,427583,,0.0,0.0,,,,0,True,no_crown_detected
0193988AR,Platanus × acerifolia,427583,12.52,12.0,3.91,8.38,0.254,2.74,213,True,ok
0193989AR,Platanus × acerifolia,427583,16.68,120.2,12.37,5.04,0.107,4.47,2798,True,ok
0193991AR,Magnolia grandiflora,427583,5.28,7.5,3.09,3.57,0.46,1.55,163,True,ok
0193992AR,Platanus × acerifolia,427583,19.3,159.2,14.24,9.75,0.08,5.05,3576,True,ok
0193993AR,Koelreuteria paniculata,427583,10.24,91.5,10.79,4.71,0.29,2.47,1561,True,ok
0193994AR,Celtis australis,427583,8.25,44.2,7.51,4.34,0.218,3.04,953,True,ok
0193995AR,Quercus ilex,427583,10.44,95.5,11.03,5.39,0.234,2.91,2029,True,ok
0193997AR,Cupressus sempervirens,427583,8.46,2.2,1.69,4.21,0.355,2.07,62,True,ok
0193998AR,Platanus × acerifolia,427583,15.75,170.2,14.72,5.15,0.137,3.97,4382,True,ok
0194000AR,Koelreuteria paniculata,427583,19.63,23.5,5.47,2.77,0.19,3.32,1163,True,ok
0194001AR,Gleditsia triacanthos,427583,6.99,18.2,4.82,4.03,0.45,1.6,767,True,ok
0194004AR,Platanus × acerifolia,427583,13.54,124.5,12.59,5.47,0.181,3.42,2667,True,ok
0194006AR,Brachychiton populneus,427583,9.79,49.8,7.96,2.43,0.2,3.22,1062,True,ok
0194009AR,Firmiana simplex,427583,10.63,57.8,8.57,3.32,0.337,2.17,2848,True,ok
0194013AR,Platanus × acerifolia,427583,10.38,2.8,1.87,8.34,0.246,2.81,103,True,ok
0194014AR,Platanus × acerifolia,427583,13.94,47.2,7.76,4.0,0.224,2.99,1162,True,ok
0194015AR,Styphnolobium japonicum,427583,8.2,19.2,4.95,5.28,0.38,1.93,714,True,ok
0194018AR,Styphnolobium japonicum,427583,,0.0,0.0,,,,0,True,no_crown_detected
0194019AR,Styphnolobium japonicum,427583,14.19,1.0,1.13,10.38,0.5,1.39,32,True,no_crown_detected
0194020AR,Gleditsia triacanthos,427583,7.88,43.8,7.46,4.71,0.412,1.77,1545,True,ok
0194021AR,Platanus × acerifolia,427583,10.43,1.8,1.49,7.29,0.0,7.82,21,True,no_crown_detected
0194022AR,Platanus × acerifolia,427583,10.89,60.8,8.79,5.34,0.237,2.88,2741,True,ok
0194023AR,Platanus × acerifolia,427583,12.99,2.8,1.87,5.28,0.313,2.32,101,True,ok
0194025AR,Magnolia grandiflora,427583,12.13,13.0,4.07,2.9,0.247,2.8,247,True,ok
0194026AR,Magnolia grandiflora,427583,5.78,13.2,4.11,3.51,0.353,2.08,547,True,ok
0194027AR,Robinia pseudoacacia,427583,12.79,84.8,10.39,3.36,0.279,2.55,2198,True,ok
0194029AR,Platanus × acerifolia,427583,14.44,93.5,10.91,4.56,0.261,2.69,2330,True,ok
0194032AR,Magnolia grandiflora,427583,15.53,5.2,2.59,4.38,0.269,2.62,256,True,ok
0194033AR,Platanus × acerifolia,427583,13.78,3.2,2.03,10.16,0.26,2.69,121,True,ok
0194035AR,Platanus × acerifolia,427583,14.83,27.0,5.86,9.49,0.037,6.58,457,True,ok
0194036AR,Pinus pinea,427583,11.09,68.2,9.32,5.26,0.261,2.68,2508,True,ok
0194038AR,Styphnolobium japonicum,427583,8.48,21.5,5.23,5.42,0.432,1.68,859,True,ok
0194041AR,Platanus × acerifolia,427583,17.31,33.5,6.53,2.26,0.186,3.37,624,True,ok
0194043AR,Platanus × acerifolia,427583,17.81,113.8,12.03,8.78,0.135,4.01,5187,True,ok
0194046AR,Ulmus pumila,427583,14.55,100.2,11.3,5.33,0.23,2.94,5419,True,ok
0194050AR,Gleditsia triacanthos,427583,8.2,46.8,7.72,4.84,0.488,1.44,2209,True,ok
0194054AR,Platanus × acerifolia,427583,10.58,5.2,2.59,5.57,0.29,2.48,253,True,ok
0194055AR,Brachychiton populneus,427583,20.9,46.0,7.65,3.13,0.154,3.75,892,True,ok
0194056AR,Quercus ilex,427583,7.06,13.2,4.11,2.95,0.29,2.47,286,True,ok
0194060AR,Platanus × acerifolia,427583,11.46,12.5,3.99,6.27,0.138,3.97,327,True,ok
0194061AR,Firmiana simplex,427583,,0.0,0.0,,,,0,True,no_crown_detected
0194063AR,Styphnolobium japonicum,427583,19.58,107.5,11.7,3.8,0.159,3.68,5548,True,ok
0194066AR,Styphnolobium japonicum,427583,16.92,1.5,1.38,11.25,0.316,2.31,38,True,no_crown_detected
0194067AR,Platanus × acerifolia,427583,12.95,1.2,1.26,6.14,0.353,2.08,44,True,no_crown_detected
0194068AR,Styphnolobium japonicum,427583,10.99,56.0,8.44,4.75,0.346,2.12,2994,True,ok
0194069AR,Platanus × acerifolia,427583,14.96,55.0,8.37,3.29,0.234,2.91,2085,False,tile_edge
0194070AR,Brachychiton populneus,427583,5.55,8.2,3.24,2.56,0.425,1.71,193,True,ok
0194071AR,Platanus × acerifolia,427583,14.96,2.8,1.87,9.52,0.206,3.16,125,True,ok
0194072AR,Tipuana tipu,427583,13.79,111.8,11.93,8.48,0.191,3.31,2231,True,ok
0194075AR,Platanus × acerifolia,427583,18.75,188.5,15.49,9.62,0.229,2.95,7978,True,ok
0194082AR,Platanus × acerifolia,427583,12.97,1.2,1.26,4.16,0.312,2.33,51,True,no_crown_detected
0194083AR,Ulmus pumila,427583,20.11,92.5,10.85,5.72,0.153,3.76,2183,True,ok
0194085AR,Magnolia grandiflora,427583,11.08,2.5,1.78,9.4,0.438,1.65,48,True,few_points
0194089AR,Platanus × acerifolia,427583,15.35,104.8,11.55,7.72,0.185,3.38,4231,True,ok
0194092AR,Platanus × acerifolia,427583,11.01,18.8,4.89,7.51,0.284,2.52,544,True,ok
0194096AR,Brachychiton populneus,427583,9.44,13.2,4.11,3.1,0.464,1.54,620,False,tile_edge
0194097AR,Platanus × acerifolia,427583,10.7,44.8,7.55,3.53,0.141,3.93,911,True,ok
0194099AR,Koelreuteria paniculata,427583,6.14,2.0,1.6,3.77,0.426,1.71,100,True,ok
0194101AR,Platanus × acerifolia,427583,21.23,182.5,15.24,9.93,0.119,4.25,8984,True,ok
0194104AR,Platanus × acerifolia,427583,12.08,2.5,1.78,5.72,0.25,2.77,132,True,ok
0194105AR,Cupressus sempervirens,427583,19.07,16.0,4.51,3.38,0.107,4.47,281,True,ok
0194106AR,Platanus × acerifolia,427583,12.23,38.8,7.02,5.96,0.31,2.34,1730,True,ok
0194107AR,Jacaranda mimosifolia,427583,12.72,135.5,13.13,3.25,0.297,2.43,3780,True,ok
0194108AR,Jacaranda mimosifolia,427583,,0.0,0.0,,,,0,True,no_crown_detected
0194110AR,Platanus × acerifolia,427583,10.99,24.5,5.59,5.19,0.093,4.75,1092,True,ok
0194112AR,Magnolia grandiflora,427583,16.4,47.5,7.78,3.02,0.264,2.66,1496,False,tile_edge
0194114AR,Jacaranda mimosifolia,427583,4.23,0.2,0.56,4.23,0.667,0.81,3,True,no_crown_detected
0194115AR,Magnolia grandiflora,427583,6.83,17.0,4.65,3.54,0.3,2.41,427,True,ok
0194117AR,Platanus × acerifolia,427583,15.7,2.8,1.87,10.07,0.253,2.75,153,True,ok
0194119AR,Jacaranda mimosifolia,427583,10.71,1.8,1.49,6.01,0.536,1.25,28,True,no_crown_detected
0194120AR,Platanus × acerifolia,427583,10.33,26.2,5.78,3.12,0.327,2.24,939,True,ok
0194121AR,Cupressus sempervirens,427583,17.4,114.8,12.09,8.82,0.146,3.85,2747,True,ok
0194123AR,Gleditsia triacanthos,427583,6.15,23.0,5.41,4.52,0.494,1.41,856,True,ok
0194124AR,Platanus × acerifolia,427583,20.31,54.5,8.33,6.56,0.246,2.81,2389,True,ok
0194128AR,Styphnolobium japonicum,427583,4.3,2.0,1.6,2.87,0.415,1.76,88,True,ok
0194129AR,Celtis australis,427583,10.19,7.8,3.14,5.84,0.066,5.45,137,True,ok
0194131AR,Firmiana simplex,427583,7.53,37.5,6.91,4.34,0.281,2.54,1287,True,ok
0194134AR,Magnolia grandiflora,427583,3.69,0.2,0.56,3.52,0.333,2.2,6,True,no_crown_detected
0194139AR,Koelreuteria paniculata,427583,9.66,42.8,7.38,5.99,0.368,2.0,1438,True,ok
0194141AR,Styphnolobium japonicum,427583,11.02,56.5,8.48,5.96,0.258,2.71,1408,True,ok
0194142AR,Platanus × acerifolia,427583,15.92,112.5,11.97,6.53,0.214,3.09,2968,True,ok
0194144AR,Acer negundo,427583,9.87,127.2,12.73,3.45,0.108,4.45,2585,True,ok
0194146AR,Tilia x euchlora,427583,,0.0,0.0,,,,0,True,no_crown_detected
0194151AR,Cupressus sempervirens,427583,21.79,123.2,12.53,4.34,0.147,3.83,3222,True,ok
0194152AR,Styphnolobium japonicum,427583,10.19,48.2,7.84,4.56,0.289,2.48,2138,True,ok
0194153AR,Cupressus sempervirens,427583,18.91,41.8,7.29,2.8,0.219,3.03,1720,True,ok
0194154AR,Platanus × acerifolia,427583,16.42,124.8,12.6,4.41,0.151,3.78,2771,True,ok
0194155AR,Brachychiton populneus,427583,8.45,14.2,4.26,2.38,0.398,1.84,713,False,tile_edge
0194157AR,Platanus × acerifolia,427583,11.61,9.5,3.48,7.21,0.204,3.18,216,True,ok
0194159AR,Platanus × acerifolia,427583,20.41,178.0,15.05,11.45,0.226,2.98,8959,True,ok
0194160AR,Styphnolobium japonicum,427583,8.2,27.2,5.89,4.0,0.329,2.22,1110,True,ok
0194165AR,Styphnolobium japonicum,427583,11.5,64.8,9.08,6.11,0.276,2.58,3429,True,ok
0194167AR,Platanus × acerifolia,427583,19.7,195.0,15.76,7.1,0.179,3.44,9283,True,ok
0194168AR,Platanus × acerifolia,427583,12.26,2.8,1.87,9.1,0.288,2.49,123,True,ok
0194172AR,Quercus robur,427583,4.8,2.8,1.87,3.01,0.436,1.66,99,True,ok
0194173AR,Magnolia grandiflora,427583,4.9,2.8,1.87,3.13,0.227,2.96,66,True,ok
0194177AR,Platanus × acerifolia,427583,21.67,135.5,13.13,6.77,0.201,3.21,3879,True,ok
0194179AR,Platanus × acerifolia,427583,10.84,8.0,3.19,7.61,0.088,4.86,148,True,ok
0194182AR,Populus nigra,427583,16.06,21.5,5.23,7.37,0.325,2.25,609,True,ok
0194183AR,Magnolia grandiflora,427583,5.16,5.5,2.65,3.11,0.493,1.42,231,True,ok
0194187AR,Platanus × acerifolia,427583,20.83,89.2,10.66,3.68,0.236,2.89,4047,True,ok
0194188AR,Platanus × acerifolia,427583,18.26,134.2,13.07,7.3,0.259,2.7,6400,True,ok
0194189AR,Styphnolobium japonicum,427583,13.08,89.5,10.67,3.44,0.238,2.87,3352,True,ok
0194191AR,Gleditsia triacanthos,427583,6.5,22.2,5.32,2.7,0.392,1.87,818,True,ok
0194192AR,Magnolia grandiflora,427583,3.35,1.2,1.26,2.4,0.235,2.89,45,True,no_crown_detected
0194200AR,Tipuana tipu,427583,17.17,63.8,9.01,7.9,0.256,2.73,1455,True,ok
0194202AR,Styphnolobium japonicum,427583,,0.0,0.0,,,,0,True,no_crown_detected
0194204AR,Gleditsia triacanthos,427583,6.03,30.2,6.21,3.49,0.352,2.09,554,True,ok
0194208AR,Platanus × acerifolia,427583,18.52,3.8,2.19,11.89,0.0,7.82,51,True,ok
0194210AR,Platanus × acerifolia,427583,13.06,64.8,9.08,2.87,0.125,4.16,1601,True,ok
0194211AR,Styphnolobium japonicum,427583,7.56,2.5,1.78,5.68,0.523,1.3,120,True,ok
0194212AR,Populus nigra,427583,11.15,10.5,3.66,5.92,0.348,2.11,273,True,ok
0194213AR,Firmiana simplex,427583,9.1,35.8,6.75,4.93,0.314,2.31,1377,True,ok
0194214AR,Cupressus sempervirens,427583,21.66,15.5,4.44,4.13,0.309,2.35,703,True,ok
0194215AR,Platanus × acerifolia,427583,19.25,67.0,9.24,9.13,0.143,3.89,3967,True,ok
0194216AR,Platanus × acerifolia,427583,17.83,4.0,2.26,10.64,0.045,6.2,89,True,ok
0194219AR,Platanus × acerifolia,427583,16.4,110.0,11.83,7.53,0.167,3.58,2531,True,ok
0194220AR,Platanus × acerifolia,427583,11.56,10.5,3.66,8.16,0.279,2.55,379,True,ok
0194223AR,Styphnolobium japonicum,427583,21.68,211.0,16.39,8.0,0.118,4.28,10099,True,ok
0194224AR,Platanus × acerifolia,427583,10.75,2.2,1.69,7.64,0.269,2.62,99,True,ok
0194230AR,Platanus × acerifolia,427583,9.78,33.2,6.51,4.91,0.231,2.93,1329,True,ok
0194234AR,Ligustrum lucidum,427583,17.72,57.0,8.52,5.58,0.307,2.36,1288,True,ok
0194235AR,Celtis australis,427583,9.19,92.2,10.84,4.93,0.257,2.72,1944,True,ok
0194238AR,Platanus × acerifolia,427583,19.76,195.0,15.76,5.43,0.127,4.13,3908,True,ok
0194243AR,Cupressus sempervirens,427583,16.04,9.8,3.52,6.18,0.166,3.59,397,True,ok
0194246AR,Platanus × acerifolia,427583,7.22,0.2,0.56,7.22,0.5,1.39,2,True,no_crown_detected
0194248AR,Platanus × acerifolia,427583,16.07,4.8,2.46,4.16,0.299,2.42,269,True,ok
0194249AR,Styphnolobium japonicum,427583,9.62,71.5,9.54,4.93,0.241,2.85,1319,True,ok
0194252AR,Cupressus sempervirens,427583,19.32,8.0,3.19,5.52,0.239,2.87,488,True,ok
0194253AR,Magnolia grandiflora,427583,6.63,1.5,1.38,4.23,0.533,1.26,48,True,no_crown_detected
0194254AR,Magnolia grandiflora,427583,5.43,42.8,7.38,2.46,0.223,3.0,660,True,ok
0194256AR,Platanus × acerifolia,427583,19.12,93.5,10.91,10.17,0.214,3.08,4736,True,ok
0194259AR,Gleditsia triacanthos,427583,6.2,20.2,5.08,3.99,0.506,1.36,925,True,ok
0194260AR,Styphnolobium japonicum,427583,10.45,43.8,7.46,5.17,0.114,4.34,1042,True,ok
0194261AR,Platanus × acerifolia,427583,16.67,30.0,6.18,2.54,0.138,3.96,1507,True,ok
0194263AR,Platanus × acerifolia,427583,9.54,1.0,1.13,7.47,0.3,2.41,20,True,no_crown_detected
0194267AR,Magnolia grandiflora,427583,5.15,7.0,2.99,3.41,0.353,2.08,208,False,tile_edge
0194268AR,Styphnolobium japonicum,427583,19.45,32.2,6.41,3.35,0.301,2.4,1089,True,ok
0194271AR,Platanus × acerifolia,427583,13.69,17.8,4.75,6.63,0.208,3.14,766,True,ok
0194272AR,Magnolia grandiflora,427583,9.21,3.0,1.95,3.94,0.431,1.69,113,True,ok
0194274AR,Platanus × acerifolia,427583,12.43,36.2,6.79,6.05,0.242,2.84,1320,True,ok
0194275AR,Platanus × acerifolia,427583,19.22,38.8,7.02,8.88,0.205,3.17,1779,True,ok
0194276AR,Platanus × acerifolia,427583,14.91,56.8,8.5,6.99,0.261,2.68,2650,True,ok
0194279AR,Brachychiton populneus,427583,6.83,15.0,4.37,2.44,0.371,1.98,315,True,ok
0194281AR,Cupressus sempervirens,427583,16.83,12.8,4.03,5.33,0.25,2.77,650,True,ok
0194283AR,Platanus × acerifolia,427583,6.86,1.5,1.38,2.63,0.273,2.6,28,True,no_crown_detected
0194284AR,Platanus × acerifolia,427583,9.47,26.0,5.75,5.44,0.233,2.92,1000,True,ok
0194285AR,Magnolia grandiflora,427583,12.47,10.0,3.57,3.57,0.199,3.23,141,True,ok
0194286AR,Platanus × acerifolia,427583,14.08,106.5,11.64,5.32,0.274,2.59,5637,True,ok
0194287AR,Brachychiton populneus,427583,10.61,22.8,5.38,4.86,0.311,2.33,655,True,ok
0194288AR,Brachychiton populneus,427583,9.31,17.5,4.72,2.87,0.194,3.28,470,True,ok
0194290AR,Ligustrum lucidum,427583,16.89,34.2,6.6,5.44,0.276,2.57,692,True,ok
0194291AR,Magnolia grandiflora,427583,17.2,2.0,1.6,12.16,0.0,7.82,42,True,few_points
0194292AR,Platanus × acerifolia,427583,15.36,131.0,12.91,5.58,0.231,2.93,6103,True,ok
0194293AR,Platanus × acerifolia,427583,22.34,219.2,16.71,9.71,0.163,3.63,10865,False,tile_edge
0194294AR,Platanus × acerifolia,427583,20.09,139.8,13.34,8.94,0.116,4.31,3517,True,ok
0194298AR,Platanus × acerifolia,427583,13.48,73.8,9.69,5.87,0.268,2.64,3157,True,ok
0194302AR,Gleditsia triacanthos,427583,6.63,33.0,6.48,3.19,0.382,1.93,747,True,ok
0194303AR,Pinus pinea,427583,9.92,101.8,11.38,5.45,0.24,2.85,1825,True,ok
0194305AR,Platanus × acerifolia,427583,13.58,121.0,12.41,6.65,0.246,2.8,2671,True,ok
0194307AR,Brachychiton populneus,427583,,0.0,0.0,,,,0,True,no_crown_detected
0194308AR,Platanus × acerifolia,427583,11.38,6.2,2.82,2.04,0.1,4.61,60,True,ok
0194309AR,Styphnolobium japonicum,427583,7.29,9.8,3.52,3.94,0.18,3.43,211,True,ok
0194310AR,Tipuana tipu,427583,12.31,0.8,0.98,5.0,0.0,7.82,9,True,no_crown_detected
0194314AR,Tilia x euchlora,427583,4.3,1.0,1.13,2.65,0.333,2.2,12,True,no_crown_detected
0194315AR,Platanus × acerifolia,427583,11.22,1.5,1.38,3.97,0.174,3.5,44,True,no_crown_detected
0194316AR,Jacaranda mimosifolia,427583,7.15,10.8,3.7,4.53,0.356,2.07,194,True,ok
0194318AR,Styphnolobium japonicum,427583,8.54,29.0,6.08,4.43,0.345,2.13,1526,True,ok
0194319AR,Gleditsia triacanthos,427583,7.07,37.8,6.93,4.27,0.461,1.55,1622,True,ok
0194320AR,Brachychiton populneus,427583,12.55,3.8,2.19,3.82,0.341,2.15,91,True,ok
0194321AR,Platanus × acerifolia,427583,,0.0,0.0,,,,0,True,no_crown_detected
0194322AR,Gleditsia triacanthos,427583,20.11,46.2,7.67,2.31,0.398,1.84,979,True,ok
0194323AR,Styphnolobium japonicum,427583,7.16,11.8,3.87,3.66,0.156,3.71,294,True,ok
0194325AR,Platanus × acerifolia,427583,,0.0,0.0,,,,0,True,no_crown_detected
0194327AR,Platanus × acerifolia,427583,13.88,62.8,8.94,5.6,0.298,2.42,2740,True,ok
0194328AR,Platanus × acerifolia,427583,10.99,11.0,3.74,3.74,0.369,1.99,445,True,ok
0194329AR,Tipuana tipu,427583,,0.0,0.0,,,,0,True,no_crown_detected
0194331AR,Platanus × acerifolia,427583,15.14,68.8,9.36,8.45,0.246,2.81,3209,True,ok
0194333AR,Magnolia grandiflora,427583,,0.0,0.0,,,,0,True,no_crown_detected
0194334AR,Ligustrum lucidum,427583,6.93,14.5,4.3,4.2,0.279,2.55,301,True,ok
0194337AR,Magnolia grandiflora,427583,14.96,24.5,5.59,2.16,0.134,4.02,359,True,ok
0194339AR,Styphnolobium japonicum,427583,22.28,156.0,14.09,5.11,0.141,3.92,3573,True,ok
0194341AR,Platanus × acerifolia,427583,19.7,155.5,14.07,6.43,0.185,3.37,7380,True,ok
0194343AR,Platanus × acerifolia,427583,18.95,137.8,13.24,4.72,0.222,3.01,6407,True,ok
0194346AR,Koelreuteria paniculata,427583,11.25,31.8,6.36,6.44,0.292,2.46,1306,True,ok
0194352AR,Platanus × acerifolia,427583,18.22,105.5,11.59,11.1,0.187,3.36,5293,True,ok
0194353AR,Platanus × acerifolia,427583,13.91,104.2,11.52,5.25,0.256,2.73,4967,True,ok
0194354AR,Styphnolobium japonicum,427583,8.18,23.2,5.44,3.87,0.198,3.24,1045,True,ok
0194356AR,Platanus × acerifolia,427583,12.22,18.2,4.82,5.42,0.13,4.09,409,True,ok
0194357AR,Tipuana tipu,427583,11.58,38.5,7.0,6.8,0.33,2.22,1459,False,tile_edge
0194358AR,Platanus × acerifolia,427583,15.91,1.5,1.38,12.98,0.276,2.58,29,True,no_crown_detected
0194363AR,Styphnolobium japonicum,427583,7.69,40.0,7.14,4.29,0.383,1.92,1436,True,ok
0194364AR,Styphnolobium japonicum,427583,10.62,40.0,7.14,5.36,0.324,2.25,1959,True,ok
0194367AR,Magnolia grandiflora,427583,,0.0,0.0,,,,0,True,no_crown_detected
0194368AR,Celtis australis,427583,5.74,21.2,5.2,1.8,0.35,2.1,452,False,tile_edge
0194369AR,Platanus × acerifolia,427583,16.11,104.5,11.53,6.56,0.241,2.84,4259,True,ok
0194372AR,Platanus × acerifolia,427583,18.32,89.2,10.66,7.69,0.18,3.43,4835,True,ok
0194373AR,Platanus × acerifolia,427583,18.26,2.2,1.69,12.09,0.167,3.58,104,True,ok
0194376AR,Platanus × acerifolia,427583,18.28,110.2,11.85,10.0,0.211,3.11,4740,True,ok
0194379AR,Platanus × acerifolia,427583,17.8,53.0,8.21,3.72,0.173,3.51,2159,True,ok
0194380AR,Platanus × acerifolia,427583,16.98,35.2,6.7,2.97,0.292,2.46,1665,True,ok
0194381AR,Platanus × acerifolia,427583,16.37,20.5,5.11,9.12,0.154,3.74,778,True,ok
0194384AR,Platanus × acerifolia,427583,14.89,49.2,7.92,7.48,0.23,2.94,2397,False,tile_edge
0194385AR,Platanus × acerifolia,427583,13.13,48.0,7.82,7.67,0.235,2.9,2185,True,ok
0194386AR,Platanus × acerifolia,427583,20.57,41.8,7.29,3.14,0.17,3.54,1398,True,ok
0194390AR,Acer negundo,427583,6.58,15.5,4.44,3.12,0.399,1.84,550,True,ok
0194391AR,Platanus × acerifolia,427583,17.84,75.2,9.79,5.31,0.193,3.29,3054,True,ok
0194392AR,Platanus × acerifolia,427583,14.45,30.2,6.21,8.75,0.314,2.31,1392,True,ok
0194393AR,Platanus × acerifolia,427583,14.21,74.8,9.76,6.8,0.227,2.96,2440,True,ok
0194394AR,Platanus × acerifolia,427583,20.43,155.8,14.08,7.17,0.222,3.01,7717,True,ok
0194395AR,Platanus × acerifolia,427583,18.19,118.5,12.28,9.58,0.17,3.54,5350,True,ok
0194397AR,Jacaranda mimosifolia,427583,12.51,67.5,9.27,6.22,0.351,2.09,1973,True,ok
0194398AR,Platanus × acerifolia,427583,14.78,101.0,11.34,5.04,0.242,2.83,4502,True,ok
0194401AR,Koelreuteria paniculata,427583,,0.0,0.0,,,,0,True,no_crown_detected
0194403AR,Platanus × acerifolia,427583,20.34,71.0,9.51,3.31,0.187,3.36,2034,True,ok
0194404AR,Quercus robur,427583,5.17,2.0,1.6,2.48,0.311,2.34,91,True,ok
0194405AR,Platanus × acerifolia,427583,25.91,173.5,14.86,14.34,0.132,4.04,8034,True,ok
0194406AR,Acer negundo,427583,16.94,5.5,2.65,9.91,0.0,7.82,129,True,ok
0194409AR,Platanus × acerifolia,427583,15.22,50.8,8.04,8.46,0.206,3.16,2553,True,ok
0194412AR,Platanus × acerifolia,427583,14.88,109.5,11.81,6.55,0.276,2.58,4965,True,ok
0194415AR,Acer negundo,427583,15.38,130.5,12.89,2.81,0.151,3.78,3040,True,ok
0194418AR,Platanus × acerifolia,427583,17.04,179.5,15.12,5.8,0.21,3.12,8244,True,ok
0194419AR,Platanus × acerifolia,427583,17.44,108.0,11.73,7.99,0.181,3.42,5570,True,ok
0194420AR,Platanus × acerifolia,427583,13.27,56.8,8.5,6.51,0.299,2.42,2435,False,tile_edge
0194421AR,Pinus halepensis,427583,9.85,4.2,2.33,4.09,0.269,2.62,78,True,ok
0194423AR,Ligustrum lucidum,427583,20.56,82.5,10.25,2.87,0.209,3.13,1404,True,ok
0194425AR,Platanus × acerifolia,427583,16.7,99.5,11.26,8.88,0.241,2.85,4721,False,tile_edge
0194426AR,Jacaranda mimosifolia,427583,18.0,3.0,1.95,13.33,0.143,3.89,63,True,ok
0194429AR,Tipuana tipu,427583,12.25,65.8,9.15,6.45,0.226,2.98,1276,True,ok
0194430AR,Platanus × acerifolia,427583,8.69,4.5,2.39,3.98,0.192,3.3,165,True,ok
0194431AR,Platanus × acerifolia,427583,14.2,161.2,14.33,7.45,0.177,3.46,4035,True,ok
0194432AR,Styphnolobium japonicum,427583,12.51,3.0,1.95,8.98,0.063,5.51,107,True,ok
0194433AR,Pyrus calleryana,427583,3.93,4.0,2.26,2.07,0.439,1.64,131,True,ok
0194434AR,Platanus × acerifolia,427583,23.43,174.2,14.9,10.78,0.16,3.67,8034,True,ok
0194438AR,Magnolia grandiflora,427583,6.59,6.8,2.93,3.22,0.5,1.39,275,True,ok
0194439AR,Koelreuteria paniculata,427583,23.29,105.5,11.59,5.49,0.264,2.67,3366,True,ok
0194442AR,Brachychiton populneus,427583,13.81,1.0,1.13,12.02,0.533,1.26,15,True,no_crown_detected
0194444AR,Tipuana tipu,427583,14.0,158.8,14.22,5.02,0.211,3.11,3392,True,ok
0194448AR,Platanus × acerifolia,427583,10.82,23.2,5.44,5.4,0.222,3.01,522,True,ok
0194451AR,Styphnolobium japonicum,427583,11.6,17.8,4.75,6.8,0.196,3.26,687,True,ok
0194452AR,Magnolia grandiflora,427583,7.66,25.0,5.64,3.13,0.315,2.31,1165,True,ok
0194455AR,Platanus × acerifolia,427583,14.74,133.8,13.05,7.83,0.19,3.32,3091,True,ok
0194458AR,Ulmus pumila,427583,17.33,169.0,14.67,6.04,0.183,3.4,7992,True,ok
0194460AR,Brachychiton populneus,427583,7.82,17.5,4.72,4.28,0.333,2.2,405,True,ok
0194461AR,Platanus × acerifolia,427583,15.95,137.0,13.21,6.49,0.106,4.48,2944,True,ok
0194462AR,Platanus × acerifolia,427583,14.42,1.2,1.26,11.99,0.333,2.2,40,True,no_crown_detected
0194463AR,Styphnolobium japonicum,427583,7.69,39.5,7.09,1.9,0.34,2.16,1850,True,ok
0194464AR,Styphnolobium japonicum,427583,6.92,87.8,10.57,2.42,0.326,2.24,3841,True,ok
0194465AR,Quercus robur,427583,,0.0,0.0,,,,0,True,no_crown_detected
0194467AR,Styphnolobium japonicum,427583,13.1,88.0,10.59,5.59,0.348,2.11,5081,True,ok
0194468AR,Quercus robur,427583,8.62,26.8,5.84,5.27,0.433,1.68,1283,True,ok
0194469AR,Styphnolobium japonicum,427583,9.91,50.5,8.02,5.03,0.362,2.03,1965,True,ok
0194473AR,Magnolia grandiflora,427583,5.47,9.2,3.43,3.89,0.438,1.65,178,True,ok
0194475AR,Magnolia grandiflora,427583,7.9,26.8,5.84,3.24,0.278,2.56,1148,True,ok
0194476AR,Platanus × acerifolia,427583,18.85,77.2,9.92,7.48,0.194,3.28,4527,True,ok
0194477AR,Platanus × acerifolia,427583,14.76,89.5,10.67,8.38,0.176,3.47,1849,True,ok
0194479AR,Styphnolobium japonicum,427583,7.9,33.2,6.51,5.05,0.424,1.71,1351,True,ok
0194481AR,Platanus × acerifolia,427583,18.88,104.2,11.52,8.38,0.246,2.8,4846,True,ok
0194482AR,Platanus × acerifolia,427583,9.33,28.0,5.97,5.83,0.355,2.07,1142,True,ok
0194483AR,Platanus × acerifolia,427583,15.13,52.5,8.18,3.27,0.269,2.63,2163,True,ok
0194485AR,Magnolia grandiflora,427583,,0.0,0.0,,,,0,True,no_crown_detected
0194486AR,Platanus × acerifolia,427583,14.26,61.8,8.87,7.87,0.132,4.04,1405,True,ok
0194488AR,Platanus × acerifolia,427583,16.42,115.0,12.1,4.14,0.172,3.52,4780,True,ok
0194492AR,Styphnolobium japonicum,427583,7.34,3.2,2.03,5.95,0.471,1.51,87,True,ok
0194493AR,Brachychiton populneus,427583,7.4,22.0,5.29,4.05,0.308,2.35,1053,False,tile_edge
0194494AR,Gleditsia triacanthos,427583,,0.0,0.0,,,,0,True,no_crown_detected
0194497AR,Platanus × acerifolia,427583,14.46,36.2,6.79,7.8,0.156,3.71,933,True,ok
0194498AR,Celtis australis,427583,6.48,21.2,5.2,3.83,0.395,1.86,519,True,ok
0194499AR,Platanus × acerifolia,427583,15.22,43.2,7.42,7.94,0.282,2.53,2118,True,ok
0194500AR,Platanus × acerifolia,427583,22.98,67.0,9.24,4.53,0.175,3.48,3482,True,ok
0194505AR,Platanus × acerifolia,427583,15.45,99.0,11.23,5.96,0.178,3.45,4490,True,ok
0194506AR,Platanus × acerifolia,427583,17.64,175.5,14.95,4.58,0.269,2.62,8175,True,ok
0194507AR,Platanus × acerifolia,427583,20.29,128.8,12.8,9.81,0.108,4.46,3496,True,ok
0194509AR,Quercus robur,427583,5.91,3.0,1.95,1.94,0.383,1.92,148,True,ok
0194511AR,Platanus × acerifolia,427583,16.71,79.2,10.05,9.35,0.162,3.64,3765,True,ok
0194512AR,Platanus × acerifolia,427583,12.03,2.2,1.69,7.02,0.029,7.05,82,False,tile_edge
0194514AR,Platanus × acerifolia,427583,17.01,126.2,12.68,5.41,0.197,3.25,3041,True,ok
0194518AR,Platanus × acerifolia,427583,10.84,37.5,6.91,6.97,0.356,2.07,1411,True,ok
0194521AR,Magnolia grandiflora,427583,12.04,2.5,1.78,3.75,0.053,5.86,75,True,ok
0194528AR,Platanus × acerifolia,427583,11.68,14.2,4.26,7.98,0.245,2.82,528,True,ok
0194529AR,Brachychiton populneus,427583,16.92,14.0,4.22,3.44,0.051,5.96,334,True,ok
0194530AR,Brachychiton acerifolius,427583,7.0,16.0,4.51,3.54,0.4,1.83,360,True,ok
0194534AR,Magnolia grandiflora,427583,7.85,31.2,6.31,3.2,0.239,2.86,787,True,ok
0194536AR,Platanus × acerifolia,427583,11.88,94.0,10.94,3.68,0.27,2.62,4908,True,ok
0194539AR,Platanus × acerifolia,427583,10.61,25.0,5.64,5.5,0.315,2.31,1158,True,ok
0194540AR,Magnolia grandiflora,427583,11.52,90.5,10.73,5.36,0.205,3.17,1951,True,ok
0194543AR,Jacaranda mimosifolia,427583,8.42,10.0,3.57,1.85,0.137,3.98,249,True,ok
0194547AR,Tipuana tipu,427583,14.61,101.0,11.34,8.73,0.16,3.67,2170,True,ok
0194550AR,Platanus × acerifolia,427583,14.76,10.8,3.7,7.34,0.234,2.91,585,True,ok
0194551AR,Styphnolobium japonicum,427583,10.73,0.5,0.8,9.37,0.444,1.62,15,True,no_crown_detected
0194554AR,Ginkgo biloba,427583,3.9,1.2,1.26,2.49,0.538,1.24,43,True,no_crown_detected
0194556AR,Platanus × acerifolia,427583,17.89,145.8,13.62,7.38,0.158,3.69,6998,True,ok
0194558AR,Platanus × acerifolia,427583,14.62,72.2,9.59,7.65,0.273,2.6,3604,True,ok
0194559AR,Celtis australis,427583,12.19,65.0,9.1,5.26,0.188,3.34,1318,True,ok
0194561AR,Brachychiton populneus,427583,11.19,3.5,2.11,5.43,0.256,2.72,78,True,ok
0194566AR,Populus nigra,427583,20.08,25.5,5.7,7.98,0.199,3.23,794,True,ok
0194567AR,Styphnolobium japonicum,427583,9.85,68.5,9.34,5.25,0.233,2.91,1521,True,ok
0194571AR,Styphnolobium japonicum,427583,14.31,2.2,1.69,3.78,0.101,4.58,69,True,ok
0194572AR,Platanus × acerifolia,427583,15.08,3.0,1.95,9.29,0.047,6.12,64,True,ok
0194578AR,Platanus × acerifolia,427583,14.53,142.0,13.45,4.07,0.248,2.79,6398,True,ok
0194581AR,Platanus × acerifolia,427583,14.07,34.0,6.58,5.9,0.208,3.14,1474,True,ok
0194583AR,Platanus × acerifolia,427583,8.84,4.2,2.33,6.59,0.256,2.73,177,True,ok
0194584AR,Platanus × acerifolia,427583,17.78,38.2,6.98,10.02,0.161,3.66,1768,True,ok
0194585AR,Platanus × acerifolia,427583,14.97,2.5,1.78,12.13,0.236,2.88,92,True,ok
0194587AR,Magnolia grandiflora,427583,5.2,5.8,2.71,2.74,0.403,1.82,119,True,ok
0194588AR,Platanus × acerifolia,427583,12.37,48.8,7.88,5.18,0.304,2.38,2061,True,ok
0194589AR,Platanus × acerifolia,427583,7.52,8.8,3.34,3.02,0.31,2.34,388,True,ok
0194597AR,Platanus × acerifolia,427583,19.75,135.5,13.13,10.63,0.113,4.36,6163,True,ok
0194598AR,Brachychiton populneus,427583,14.87,62.5,8.92,3.42,0.128,4.11,1293,True,ok
0194605AR,Magnolia grandiflora,427583,,0.0,0.0,,,,0,True,no_crown_detected
0194606AR,Magnolia grandiflora,427583,4.93,6.0,2.76,2.59,0.377,1.95,130,True,ok
0194607AR,Platanus × acerifolia,427583,17.47,144.2,13.55,8.65,0.146,3.85,3378,True,ok
0194610AR,Platanus × acerifolia,427583,6.58,8.0,3.19,4.18,0.412,1.77,313,True,ok
0194611AR,Platanus × acerifolia,427583,16.72,2.8,1.87,11.64,0.149,3.81,142,True,ok
0194612AR,Robinia pseudoacacia,427583,8.86,27.8,5.94,5.97,0.247,2.8,401,True,ok
0194613AR,Platanus × acerifolia,427583,18.83,104.8,11.55,10.75,0.146,3.84,4909,True,ok
0194615AR,Firmiana simplex,427583,7.11,17.5,4.72,4.23,0.332,2.2,701,True,ok
0194618AR,Platanus × acerifolia,427583,10.77,2.2,1.69,5.92,0.424,1.72,112,True,ok
0194620AR,Styphnolobium japonicum,427583,10.81,78.5,10.0,5.38,0.282,2.53,3624,True,ok
0194621AR,Pinus pinea,427583,11.3,61.0,8.81,7.27,0.347,2.12,2361,True,ok
0194625AR,Platanus × acerifolia,427583,22.42,152.0,13.91,11.17,0.049,6.02,3140,True,ok
0194626AR,Brachychiton populneus,427583,9.54,24.5,5.59,4.02,0.408,1.79,1112,True,ok
0194633AR,Cupressus sempervirens,427583,17.3,13.8,4.18,6.28,0.251,2.76,680,True,ok
0194635AR,Platanus × acerifolia,427583,17.91,120.5,12.39,9.68,0.248,2.78,5585,True,ok
0194637AR,Brachychiton populneus,427583,5.12,6.0,2.76,2.8,0.442,1.63,154,True,ok
0194638AR,Tipuana tipu,427583,13.55,4.0,2.26,10.4,0.029,7.05,68,True,ok
0194641AR,Platanus × acerifolia,427583,19.12,154.5,14.03,11.34,0.141,3.92,6732,True,ok
0194643AR,Platanus × acerifolia,427583,12.79,30.8,6.26,6.55,0.122,4.21,1218,True,ok
0194646AR,Platanus × acerifolia,427583,16.5,203.0,16.08,2.71,0.241,2.85,9004,True,ok
0194647AR,Platanus × acerifolia,427583,13.49,114.5,12.07,7.34,0.188,3.34,2238,True,ok
0194649AR,Platanus × acerifolia,427583,9.79,2.2,1.69,6.87,0.423,1.72,76,True,ok
0194654AR,Platanus × acerifolia,427583,18.98,156.5,14.12,8.73,0.195,3.27,8646,True,ok
0194656AR,Platanus × acerifolia,427583,13.84,52.5,8.18,6.95,0.272,2.6,2693,True,ok
0194658AR,Platanus × acerifolia,427583,12.5,3.5,2.11,7.93,0.45,1.6,148,True,ok
0194659AR,Platanus × acerifolia,427583,17.87,87.0,10.52,9.46,0.128,4.11,1954,True,ok
0194660AR,Magnolia grandiflora,427583,18.01,29.8,6.15,4.86,0.221,3.02,1068,False,tile_edge
0194662AR,Platanus × acerifolia,427583,9.89,11.0,3.74,5.67,0.301,2.4,409,True,ok
0194666AR,Platanus × acerifolia,427583,14.6,126.8,12.7,8.5,0.135,4.0,2398,True,ok
0194667AR,Koelreuteria paniculata,427583,,0.0,0.0,,,,0,True,no_crown_detected
0194668AR,Styphnolobium japonicum,427583,9.46,41.8,7.29,4.73,0.396,1.85,2071,True,ok
0194670AR,Cupressus sempervirens,427583,14.02,32.2,6.41,3.91,0.241,2.85,1157,True,ok
0194671AR,Platanus × acerifolia,427583,12.07,2.2,1.69,7.6,0.137,3.97,84,True,ok
0194672AR,Magnolia grandiflora,427583,4.5,2.0,1.6,2.88,0.465,1.53,43,True,few_points
0194677AR,Pyrus calleryana,427583,,0.0,0.0,,,,0,True,no_crown_detected
0194678AR,Magnolia grandiflora,427583,4.74,8.8,3.34,2.76,0.49,1.43,196,True,ok
0194679AR,Acer negundo,427583,11.79,27.5,5.92,3.63,0.291,2.47,1184,True,ok
0194682AR,Platanus × acerifolia,427583,11.38,3.2,2.03,6.0,0.165,3.61,85,True,ok
0194683AR,Platanus × acerifolia,427583,14.02,71.8,9.56,7.07,0.197,3.25,1702,True,ok
0194686AR,Cupressus sempervirens,427583,16.86,4.8,2.46,5.79,0.193,3.29,364,True,ok
0194688AR,Magnolia grandiflora,427583,6.29,14.2,4.26,3.85,0.209,3.13,234,True,ok
0194692AR,Brachychiton populneus,427583,9.12,19.0,4.92,3.43,0.354,2.08,545,True,ok
0194693AR,Platanus × acerifolia,427583,11.03,69.8,9.42,5.71,0.292,2.46,2640,True,ok
0194695AR,Platanus × acerifolia,427583,6.55,6.8,2.93,3.03,0.389,1.89,144,True,ok
0194696AR,Platanus × acerifolia,427583,15.0,2.2,1.69,10.31,0.044,6.23,45,True,few_points
0194700AR,Platanus × acerifolia,427583,14.33,16.0,4.51,3.88,0.084,4.96,239,True,ok
0194701AR,Styphnolobium japonicum,427583,10.08,53.5,8.25,5.15,0.39,1.89,2542,True,ok
0194702AR,Magnolia grandiflora,427583,6.53,6.8,2.93,3.33,0.196,3.26,158,True,ok
0194703AR,Ligustrum lucidum,427583,,0.0,0.0,,,,0,True,no_crown_detected
0194706AR,Koelreuteria paniculata,427583,6.68,3.0,1.95,3.44,0.36,2.04,50,True,ok
0194709AR,Platanus × acerifolia,427583,16.77,56.5,8.48,9.16,0.196,3.26,1115,False,tile_edge
0194711AR,Styphnolobium japonicum,427583,7.8,32.2,6.41,2.92,0.313,2.32,1574,True,ok
0194714AR,Brachychiton populneus,427583,9.97,23.5,5.47,5.22,0.326,2.24,639,True,ok
0194715AR,Styphnolobium japonicum,427583,15.07,101.0,11.34,7.09,0.304,2.38,4816,True,ok
0194718AR,Cupressus sempervirens,427583,17.2,45.5,7.61,5.49,0.26,2.69,1025,True,ok
0194719AR,Platanus × acerifolia,427583,18.41,131.5,12.94,6.12,0.099,4.62,3133,True,ok
0194720AR,Styphnolobium japonicum,427583,8.39,85.8,10.45,2.31,0.288,2.49,4043,True,ok
0194721AR,Magnolia grandiflora,427583,7.22,4.2,2.33,1.92,0.088,4.87,80,True,ok
0194722AR,Platanus × acerifolia,427583,15.04,48.5,7.86,2.42,0.212,3.1,2192,True,ok
0194726AR,Platanus × acerifolia,427583,12.12,20.8,5.14,8.45,0.328,2.23,652,True,ok
0194727AR,Platanus × acerifolia,427583,15.51,94.5,10.97,3.38,0.207,3.15,3576,True,ok
0194729AR,Celtis australis,427583,8.5,67.2,9.25,5.08,0.292,2.46,1436,True,ok
0194730AR,Styphnolobium japonicum,427583,,0.0,0.0,,,,0,True,no_crown_detected
0194732AR,Styphnolobium japonicum,427583,10.78,73.5,9.67,6.15,0.206,3.16,1725,True,ok
0194733AR,Ligustrum lucidum,427583,11.33,6.0,2.76,6.94,0.0,7.82,74,True,ok
0194734AR,Platanus × acerifolia,427583,14.19,142.0,13.45,7.19,0.245,2.81,5506,True,ok
0194735AR,Brachychiton populneus,427583,15.05,31.0,6.28,3.1,0.291,2.47,643,True,ok
0194736AR,Styphnolobium japonicum,427583,11.13,13.8,4.18,5.08,0.134,4.02,225,True,ok
0194737AR,Platanus × acerifolia,427583,16.06,118.8,12.3,6.94,0.179,3.44,5320,True,ok
0194741AR,Platanus × acerifolia,427583,12.47,7.2,3.04,7.42,0.146,3.85,287,True,ok
0194742AR,Ginkgo biloba,427583,,0.0,0.0,,,,0,True,no_crown_detected
0194743AR,Quercus ilex,427583,10.77,118.8,12.3,6.17,0.248,2.79,2513,True,ok
0194745AR,Brachychiton populneus,427583,7.84,35.2,6.7,3.22,0.246,2.8,613,True,ok
0194746AR,Magnolia grandiflora,427583,11.03,15.5,4.44,5.25,0.303,2.38,402,True,ok
0194747AR,Platanus × acerifolia,427583,9.67,2.8,1.87,7.3,0.294,2.45,51,True,ok
0194750AR,Platanus × acerifolia,427583,18.52,201.8,16.03,8.07,0.168,3.57,10039,True,ok
0194751AR,Styphnolobium japonicum,427583,9.07,60.2,8.76,2.36,0.276,2.58,2717,True,ok
0194753AR,Platanus × acerifolia,427583,13.04,2.2,1.69,5.14,0.019,7.82,53,True,ok
0194754AR,Styphnolobium japonicum,427583,10.79,3.5,2.11,10.06,0.429,1.69,123,True,ok
0194756AR,Brachychiton populneus,427583,8.48,10.2,3.61,3.23,0.344,2.13,537,False,tile_edge
0194757AR,Platanus × acerifolia,427583,15.35,31.2,6.31,8.76,0.253,2.75,1336,True,ok
0194760AR,Cupressus sempervirens,427583,13.45,8.0,3.19,4.94,0.269,2.63,175,True,ok
0194761AR,Cupressus sempervirens,427583,12.84,4.5,2.39,5.66,0.108,4.44,83,True,ok
0194764AR,Platanus × acerifolia,427583,18.02,45.0,7.57,5.63,0.199,3.22,2129,True,ok
0194765AR,Tilia x euchlora,427583,4.86,5.8,2.71,2.11,0.349,2.1,126,True,ok
0194766AR,Brachychiton populneus,427583,7.94,9.5,3.48,3.31,0.416,1.75,233,True,ok
0194768AR,Magnolia grandiflora,427583,,0.0,0.0,,,,0,False,tile_edge
0194770AR,Brachychiton populneus,427583,16.64,0.5,0.8,9.01,0.0,7.82,4,True,no_crown_detected
0194771AR,Magnolia grandiflora,427583,17.17,8.5,3.29,4.15,0.06,5.63,184,True,ok
0194772AR,Firmiana simplex,427583,7.36,15.0,4.37,3.83,0.273,2.59,754,True,ok
0194773AR,Platanus × acerifolia,427583,15.11,72.2,9.59,4.55,0.131,4.06,3098,True,ok
0194775AR,Gleditsia triacanthos,427583,6.8,23.5,5.47,4.08,0.355,2.07,504,True,ok
0194777AR,Jacaranda mimosifolia,427583,9.82,1.5,1.38,8.77,0.292,2.46,24,True,no_crown_detected
0194778AR,Styphnolobium japonicum,427583,10.53,70.8,9.49,4.57,0.294,2.45,3488,True,ok
0194779AR,Magnolia grandiflora,427583,13.76,77.8,9.95,4.85,0.255,2.73,3516,False,tile_edge
0194785AR,Platanus × acerifolia,427583,16.75,143.5,13.52,7.98,0.182,3.41,3206,True,ok
0194786AR,Styphnolobium japonicum,427583,4.43,0.2,0.56,4.43,0.0,7.82,1,True,no_crown_detected
0194790AR,Brachychiton populneus,427583,4.81,5.8,2.71,3.23,0.448,1.61,125,True,ok
0194793AR,Magnolia grandiflora,427583,,0.0,0.0,,,,0,False,tile_edge
0194795AR,Magnolia grandiflora,427583,,0.0,0.0,,,,0,True,no_crown_detected
0194797AR,Magnolia grandiflora,427583,5.72,10.0,3.57,4.02,0.485,1.45,455,True,ok
0194799AR,Brachychiton populneus,427583,17.06,35.0,6.68,2.52,0.295,2.44,723,True,ok
0194801AR,Ligustrum lucidum,427583,6.75,26.2,5.78,2.69,0.342,2.15,436,True,ok
0194802AR,Magnolia grandiflora,427583,,0.0,0.0,,,,0,True,no_crown_detected
0194803AR,Platanus × acerifolia,427583,19.24,195.8,15.79,8.67,0.217,3.05,5179,True,ok
0194805AR,Magnolia grandiflora,427583,7.59,9.8,3.52,3.02,0.407,1.8,414,True,ok
0194806AR,Platanus × acerifolia,427583,11.79,58.0,8.59,2.66,0.088,4.87,1139,True,ok
0194807AR,Brachychiton populneus,427583,15.53,3.5,2.11,5.12,0.286,2.51,105,True,ok
0194809AR,Gleditsia triacanthos,427583,8.45,51.0,8.06,4.8,0.385,1.91,2287,True,ok
0194810AR,Brachychiton acerifolius,427583,9.27,19.8,5.01,3.73,0.311,2.34,450,True,ok
0194813AR,Platanus × acerifolia,427583,14.37,104.5,11.53,6.32,0.216,3.07,4711,True,ok
0194814AR,Platanus × acerifolia,427583,13.93,31.8,6.36,7.93,0.158,3.69,626,True,ok
0194819AR,Styphnolobium japonicum,427583,11.06,51.0,8.06,6.12,0.222,3.01,1198,True,ok
0194820AR,Styphnolobium japonicum,427583,9.09,41.2,7.25,5.13,0.389,1.89,1901,True,ok
0194821AR,Brachychiton populneus,427583,21.28,152.0,13.91,4.77,0.186,3.36,3539,True,ok
0194822AR,Platanus × acerifolia,427583,9.21,15.2,4.41,5.92,0.386,1.9,686,True,ok
0194823AR,Quercus ilex,427583,16.26,44.2,7.51,4.72,0.282,2.53,1194,True,ok
0194825AR,Cupressus sempervirens,427583,15.61,7.2,3.04,4.25,0.343,2.14,444,True,ok
0194827AR,Platanus × acerifolia,427583,18.09,70.8,9.49,9.4,0.192,3.3,3080,True,ok
0194828AR,Magnolia grandiflora,427583,8.19,27.8,5.94,3.09,0.27,2.62,1085,True,ok
0194830AR,Platanus × acerifolia,427583,20.1,74.5,9.74,3.11,0.257,2.72,2535,True,ok
0194833AR,Styphnolobium japonicum,427583,7.29,41.0,7.23,3.79,0.429,1.69,1834,True,ok
0194835AR,Populus nigra,427583,16.11,22.2,5.32,11.28,0.273,2.6,532,True,ok
0194837AR,Platanus × acerifolia,427583,16.83,2.2,1.69,7.95,0.246,2.81,105,True,ok
0194838AR,Platanus × acerifolia,427583,15.32,109.2,11.79,7.46,0.287,2.5,5041,True,ok
0194839AR,Styphnolobium japonicum,427583,8.06,23.8,5.5,4.31,0.308,2.36,933,True,ok
0194840AR,Magnolia grandiflora,427583,,0.0,0.0,,,,0,True,no_crown_detected
0194841AR,Magnolia grandiflora,427583,5.82,10.8,3.7,3.46,0.415,1.76,289,True,ok
0194844AR,Styphnolobium japonicum,427583,14.15,42.2,7.33,6.81,0.129,4.1,993,True,ok
0194845AR,Platanus × acerifolia,427583,10.87,2.2,1.69,6.12,0.324,2.26,126,True,ok
0194847AR,Platanus × acerifolia,427583,11.2,0.2,0.56,6.17,0.333,2.2,4,True,no_crown_detected
0194848AR,Ligustrum lucidum,427583,20.04,18.5,4.85,3.96,0.213,3.09,366,True,ok
0194853AR,Platanus × acerifolia,427583,15.82,60.5,8.78,4.82,0.243,2.83,3054,True,ok
0194856AR,Brachychiton populneus,427583,6.74,15.2,4.41,3.42,0.439,1.65,346,True,ok
0194858AR,Platanus × acerifolia,427583,10.5,2.0,1.6,3.57,0.156,3.72,107,True,ok
0194860AR,Magnolia grandiflora,427583,4.13,2.0,1.6,2.88,0.5,1.39,81,True,ok
0194862AR,Platanus × acerifolia,427583,15.45,2.2,1.69,10.08,0.235,2.89,116,True,ok
0194863AR,Gleditsia triacanthos,427583,5.89,26.8,5.84,3.44,0.294,2.45,562,True,ok
0194864AR,Platanus × acerifolia,427583,11.53,9.5,3.48,6.52,0.213,3.09,164,True,ok
0194866AR,Brachychiton populneus,427583,7.67,5.2,2.59,3.59,0.187,3.36,134,True,ok
0194867AR,Styphnolobium japonicum,427583,11.33,2.8,1.87,4.99,0.111,4.39,45,True,few_points
0194869AR,Platanus × acerifolia,427583,10.16,1.5,1.38,4.73,0.263,2.67,38,True,no_crown_detected
0194871AR,Platanus × acerifolia,427583,18.51,132.2,12.98,7.45,0.119,4.25,3152,True,ok
0194876AR,Magnolia grandiflora,427583,6.41,46.8,7.72,2.48,0.274,2.59,1832,True,ok
0194878AR,Platanus × acerifolia,427583,18.3,103.8,11.49,9.01,0.293,2.46,5391,True,ok
0194879AR,Quercus ilex,427583,16.2,116.0,12.15,3.08,0.154,3.74,2849,True,ok
0194881AR,Gleditsia triacanthos,427583,6.44,6.8,2.93,4.03,0.442,1.63,268,True,ok
0194882AR,Platanus × acerifolia,427583,14.0,2.2,1.69,9.25,0.0,7.82,78,False,tile_edge
0194886AR,Platanus × acerifolia,427583,13.5,3.8,2.19,6.7,0.259,2.7,133,True,ok
0194887AR,Magnolia grandiflora,427583,5.34,3.5,2.11,2.92,0.462,1.55,104,True,ok
0194890AR,Styphnolobium japonicum,427583,8.57,27.8,5.94,4.25,0.417,1.75,1412,True,ok
0194893AR,Platanus × acerifolia,427583,19.38,99.2,11.24,8.21,0.174,3.5,5008,True,ok
0194896AR,Magnolia grandiflora,427583,5.94,8.2,3.24,2.95,0.346,2.12,284,True,ok
0194897AR,Koelreuteria paniculata,427583,14.03,9.8,3.52,2.01,0.115,4.32,289,True,ok
0194898AR,Brachychiton populneus,427583,5.18,4.8,2.46,3.28,0.438,1.65,215,True,ok
0194903AR,Koelreuteria paniculata,427583,14.53,3.8,2.19,4.39,0.074,5.22,144,True,ok
0194904AR,Platanus × acerifolia,427583,20.77,107.2,11.69,9.01,0.135,4.0,3098,True,ok
0194906AR,Platanus × acerifolia,427583,16.92,25.5,5.7,3.28,0.302,2.4,877,True,ok
0194908AR,Tipuana tipu,427583,10.69,1.2,1.26,7.35,0.0,7.82,9,True,no_crown_detected
0194909AR,Platanus × acerifolia,427583,15.11,57.2,8.54,7.61,0.319,2.29,2838,True,ok
0194910AR,Platanus × acerifolia,427583,20.76,206.8,16.22,9.32,0.152,3.76,5304,True,ok
0194911AR,Platanus × acerifolia,427583,16.7,99.0,11.23,9.47,0.23,2.94,4453,True,ok
0194915AR,Platanus × acerifolia,427583,17.04,2.2,1.69,11.21,0.206,3.16,116,True,ok
0194916AR,Tipuana tipu,427583,12.92,0.8,0.98,8.36,0.222,3.01,9,True,no_crown_detected
0194917AR,Platanus × acerifolia,427583,15.69,61.0,8.81,5.07,0.145,3.87,1342,True,ok
0194918AR,Platanus × acerifolia,427583,11.65,51.2,8.08,3.06,0.233,2.91,2081,True,ok
0194920AR,Styphnolobium japonicum,427583,11.51,2.0,1.6,10.12,0.0,7.82,34,True,few_points
0194921AR,Platanus × acerifolia,427583,11.55,1.8,1.49,8.36,0.225,2.98,74,True,no_crown_detected
0194922AR,Platanus × acerifolia,427583,18.29,91.5,10.79,11.36,0.102,4.57,3875,True,ok
0194923AR,Styphnolobium japonicum,427583,11.25,1.2,1.26,3.58,0.107,4.47,46,True,no_crown_detected
0194924AR,Magnolia grandiflora,427583,5.55,9.5,3.48,2.13,0.4,1.83,493,True,ok
0194925AR,Magnolia grandiflora,427583,5.76,4.8,2.46,3.29,0.333,2.2,190,True,ok
0194932AR,Platanus × acerifolia,427583,16.69,136.2,13.17,9.07,0.209,3.13,3090,True,ok
0194933AR,Brachychiton populneus,427583,10.67,46.2,7.67,2.45,0.248,2.79,1156,True,ok
0194935AR,Styphnolobium japonicum,427583,12.32,46.8,7.72,7.17,0.133,4.04,1257,True,ok
0194938AR,Brachychiton populneus,427583,6.76,28.2,6.0,2.24,0.256,2.72,609,True,ok
0194940AR,Platanus × acerifolia,427583,21.82,9.2,3.43,2.53,0.149,3.8,398,True,ok
0194942AR,Styphnolobium japonicum,427583,16.82,3.0,1.95,6.96,0.212,3.1,172,True,ok
0194943AR,Brachychiton populneus,427583,,0.0,0.0,,,,0,True,no_crown_detected
0194944AR,Styphnolobium japonicum,427583,13.64,51.8,8.12,7.02,0.177,3.47,1363,True,ok
0194947AR,Styphnolobium japonicum,427583,13.51,61.5,8.85,4.69,0.137,3.98,1412,True,ok
0194948AR,Prunus cerasifera,427583,16.17,3.8,2.19,9.42,0.156,3.72,77,True,ok
0194951AR,Platanus × acerifolia,427583,18.4,2.5,1.78,11.11,0.181,3.42,179,True,ok
0194952AR,Styphnolobium japonicum,427583,10.56,81.8,10.2,4.07,0.321,2.27,3999,True,ok
0194954AR,Platanus × acerifolia,427583,11.87,2.8,1.87,2.01,0.037,6.59,54,True,ok
0194956AR,Cupressus sempervirens,427583,15.68,12.2,3.95,3.46,0.16,3.67,344,True,ok
0194957AR,Magnolia grandiflora,427583,9.07,67.2,9.25,2.39,0.149,3.81,1998,True,ok
0194958AR,Styphnolobium japonicum,427583,9.18,29.2,6.1,3.14,0.342,2.15,1021,True,ok
0194961AR,Platanus × acerifolia,427583,13.46,110.0,11.83,5.44,0.179,3.44,4561,True,ok
0194962AR,Brachychiton populneus,427583,17.92,29.0,6.08,2.43,0.185,3.38,644,True,ok
0194963AR,Platanus × acerifolia,427583,16.7,84.8,10.39,8.93,0.274,2.59,3713,True,ok
0194965AR,Platanus × acerifolia,427583,13.81,41.2,7.25,6.95,0.249,2.78,1987,False,tile_edge
0194967AR,Styphnolobium japonicum,427583,6.4,10.0,3.57,3.45,0.325,2.24,255,True,ok
0194968AR,Platanus × acerifolia,427583,15.03,69.8,9.42,8.01,0.247,2.79,3323,True,ok
0194969AR,Platanus × acerifolia,427583,14.85,2.5,1.78,8.36,0.047,6.14,43,True,few_points
0194972AR,Styphnolobium japonicum,427583,12.88,146.0,13.63,5.78,0.343,2.14,7475,True,ok
0194977AR,Tipuana tipu,427583,8.47,6.5,2.88,4.59,0.318,2.29,154,True,ok
0194978AR,Styphnolobium japonicum,427583,13.09,12.2,3.95,5.71,0.368,2.0,559,True,ok
0194983AR,Ginkgo biloba,427583,5.4,2.0,1.6,3.2,0.533,1.26,86,True,ok
0194985AR,Platanus × acerifolia,427583,15.72,93.5,10.91,3.08,0.164,3.62,2298,True,ok
0194986AR,Gleditsia triacanthos,427583,7.19,80.2,10.11,2.64,0.362,2.03,1796,True,ok
0194987AR,Platanus × acerifolia,427583,20.01,111.5,11.91,10.31,0.054,5.84,2650,True,ok
0194990AR,Styphnolobium japonicum,427583,17.58,58.8,8.65,9.89,0.111,4.4,2522,True,ok
0194993AR,Styphnolobium japonicum,427583,9.45,44.2,7.51,4.72,0.443,1.63,2164,True,ok
0194998AR,Platanus × acerifolia,427583,12.1,122.8,12.5,4.6,0.215,3.08,6286,True,ok
0195002AR,Magnolia grandiflora,427583,10.69,128.5,12.79,3.61,0.309,2.35,4022,True,ok
0195005AR,Quercus ilex,427583,11.53,58.2,8.61,6.42,0.29,2.48,1440,True,ok
0195006AR,Platanus × acerifolia,427583,,0.0,0.0,,,,0,True,no_crown_detected
0195008AR,Crataegus x medias Scarlet',427583,22.65,40.8,7.2,2.86,0.124,4.18,613,True,ok
0195013AR,Brachychiton populneus,427583,6.29,3.0,1.95,3.5,0.451,1.59,82,True,ok
0195014AR,Magnolia grandiflora,427583,8.24,2.8,1.87,5.05,0.069,5.35,58,True,ok
0195015AR,Brachychiton populneus,427583,7.48,35.2,6.7,4.0,0.291,2.47,804,True,ok
0195016AR,Platanus × acerifolia,427583,19.78,9.5,3.48,2.24,0.192,3.3,293,True,ok
0195017AR,Ligustrum lucidum,427583,13.07,5.0,2.52,5.43,0.203,3.19,79,True,ok
0195019AR,Platanus × acerifolia,427583,11.35,5.8,2.71,5.99,0.202,3.2,206,False,tile_edge
0195020AR,Magnolia grandiflora,427583,15.78,56.5,8.48,2.16,0.265,2.66,3041,True,ok
0195024AR,Styphnolobium japonicum,427583,7.12,59.5,8.7,2.81,0.435,1.67,2488,True,ok
0195025AR,Platanus × acerifolia,427583,16.06,7.8,3.14,5.64,0.125,4.16,192,True,ok
0195028AR,Platanus × acerifolia,427583,13.21,56.5,8.48,7.05,0.113,4.36,1291,True,ok
0195029AR,Styphnolobium japonicum,427583,15.88,120.5,12.39,5.69,0.192,3.3,5587,True,ok
0195030AR,Magnolia grandiflora,427583,5.69,8.0,3.19,3.15,0.386,1.9,395,True,ok
0195031AR,Brachychiton populneus,427583,10.48,7.8,3.14,4.46,0.23,2.94,239,True,ok
0195034AR,Brachychiton populneus,427583,,0.0,0.0,,,,0,True,no_crown_detected
0195035AR,Brachychiton populneus,427583,7.03,9.5,3.48,3.45,0.462,1.54,223,True,ok
0195037AR,Magnolia grandiflora,427583,6.8,1.0,1.13,5.8,0.632,0.92,19,True,no_crown_detected
0195038AR,Magnolia grandiflora,427583,6.16,8.5,3.29,3.4,0.264,2.66,125,True,ok
0195039AR,Platanus × acerifolia,427583,13.09,69.2,9.39,6.77,0.272,2.6,2962,True,ok
0195040AR,Platanus × acerifolia,427583,11.66,12.0,3.91,5.19,0.167,3.58,509,True,ok
0195042AR,Brachychiton populneus,427583,9.44,6.8,2.93,5.22,0.07,5.31,114,True,ok
0195044AR,Brachychiton populneus,427583,7.9,14.5,4.3,2.29,0.256,2.73,387,True,ok
0195046AR,Gleditsia triacanthos,427583,,0.0,0.0,,,,0,True,no_crown_detected
0195053AR,Magnolia grandiflora,427583,5.15,8.8,3.34,3.28,0.455,1.58,176,True,ok
0195054AR,Celtis australis,427583,7.15,35.0,6.68,4.14,0.344,2.14,780,True,ok
0195056AR,Platanus × acerifolia,427583,11.61,44.0,7.48,6.74,0.422,1.73,1975,True,ok
0195057AR,Platanus × acerifolia,427583,14.68,120.8,12.4,4.34,0.258,2.71,6069,True,ok
0195059AR,Brachychiton populneus,427583,6.68,8.2,3.24,3.82,0.35,2.1,157,True,ok
0195062AR,Magnolia grandiflora,427583,,0.0,0.0,,,,0,True,no_crown_detected
0195063AR,Brachychiton populneus,427583,9.9,17.2,4.69,3.93,0.245,2.82,376,True,ok
0195064AR,Tipuana tipu,427583,14.45,132.8,13.0,7.5,0.216,3.07,2779,True,ok
0195067AR,Ligustrum lucidum,427583,9.14,15.0,4.37,6.14,0.208,3.14,231,True,ok
0195069AR,Platanus × acerifolia,427583,23.56,122.8,12.5,10.69,0.075,5.19,5029,True,ok
0195071AR,Platanus × acerifolia,427583,13.22,37.2,6.89,7.15,0.326,2.24,1748,True,ok
0195072AR,Styphnolobium japonicum,427583,9.64,49.8,7.96,2.99,0.309,2.35,2304,True,ok
0195074AR,Styphnolobium japonicum,427583,9.3,3.0,1.95,5.88,0.0,7.82,55,True,ok
0195075AR,Brachychiton populneus,427583,5.11,3.0,1.95,2.92,0.381,1.93,63,True,ok
0195083AR,Styphnolobium japonicum,427583,9.65,63.0,8.96,4.93,0.305,2.38,3355,True,ok
0195085AR,Styphnolobium japonicum,427583,18.05,151.5,13.89,3.66,0.196,3.25,3807,True,ok
0195086AR,Platanus × acerifolia,427583,14.46,37.2,6.89,6.66,0.318,2.29,1610,True,ok
0195087AR,Styphnolobium japonicum,427583,7.18,1.2,1.26,5.18,0.4,1.83,43,True,no_crown_detected
0195088AR,Styphnolobium japonicum,427583,11.83,10.2,3.61,4.03,0.224,2.99,614,True,ok
0195089AR,Styphnolobium japonicum,427583,11.87,63.0,8.96,3.19,0.253,2.75,2111,True,ok
0195098AR,Platanus × acerifolia,427583,15.57,106.2,11.63,3.92,0.164,3.62,4284,True,ok
0195099AR,Platanus × acerifolia,427583,14.44,2.0,1.6,11.11,0.114,4.34,35,True,few_points
0195103AR,Styphnolobium japonicum,427583,,0.0,0.0,,,,0,True,no_crown_detected
0195105AR,Styphnolobium japonicum,427583,9.31,43.8,7.46,4.88,0.338,2.17,1956,True,ok
0195106AR,Styphnolobium japonicum,427583,9.32,48.2,7.84,4.82,0.348,2.11,2459,True,ok
0195111AR,Platanus × acerifolia,427583,22.32,136.0,13.16,8.57,0.145,3.86,3186,True,ok
0195113AR,Brachychiton populneus,427583,12.53,10.2,3.61,4.25,0.144,3.87,229,True,ok
0195114AR,Platanus × acerifolia,427583,14.97,82.0,10.22,7.95,0.319,2.29,3465,True,ok
0195115AR,Robinia pseudoacacia,427583,11.87,36.0,6.77,5.38,0.143,3.89,762,True,ok
0195116AR,Platanus × acerifolia,427583,18.49,145.2,13.6,9.5,0.116,4.31,3613,True,ok
0195118AR,Ligustrum lucidum,427583,7.99,15.8,4.48,5.57,0.394,1.86,645,False,tile_edge
0195123AR,Platanus × acerifolia,427583,18.43,164.5,14.47,9.06,0.221,3.02,8735,True,ok
0195125AR,Magnolia grandiflora,427583,8.05,21.8,5.26,3.22,0.247,2.8,502,True,ok
0195127AR,Platanus × acerifolia,427583,21.8,167.8,14.61,8.47,0.11,4.41,8334,True,ok
0195129AR,Magnolia grandiflora,427583,12.05,5.8,2.71,3.18,0.286,2.51,91,True,ok
0195130AR,Styphnolobium japonicum,427583,12.24,50.5,8.02,6.23,0.315,2.31,2181,True,ok
0195133AR,Platanus × acerifolia,427583,16.2,131.5,12.94,7.95,0.238,2.87,5940,True,ok
0195134AR,Platanus × acerifolia,427583,14.5,27.0,5.86,2.34,0.25,2.78,1164,True,ok
0195135AR,Platanus × acerifolia,427583,14.77,79.0,10.03,7.47,0.222,3.01,3258,True,ok
0195136AR,Platanus × acerifolia,427583,18.57,90.8,10.75,7.17,0.108,4.45,2075,True,ok
0195141AR,Platanus × acerifolia,427583,12.95,79.2,10.05,6.11,0.168,3.57,1884,True,ok
0195142AR,Ligustrum lucidum,427583,,0.0,0.0,,,,0,True,no_crown_detected
0195143AR,Magnolia grandiflora,427583,8.28,50.2,8.0,2.26,0.316,2.3,2116,True,ok
0195144AR,Platanus × acerifolia,427583,20.85,108.5,11.75,8.16,0.183,3.39,5740,True,ok
0195147AR,Platanus × acerifolia,427583,10.27,58.2,8.61,3.95,0.305,2.38,2206,True,ok
0195148AR,Platanus × acerifolia,427583,21.23,139.0,13.3,9.69,0.077,5.14,3389,True,ok
0195149AR,Magnolia grandiflora,427583,11.98,2.2,1.69,3.74,0.32,2.28,68,True,ok
0195150AR,Platanus × acerifolia,427583,18.66,173.8,14.87,7.44,0.22,3.03,9646,True,ok
0195152AR,Platanus × acerifolia,427583,15.27,66.5,9.2,6.28,0.124,4.18,1570,True,ok
0195153AR,Ligustrum lucidum,427583,,0.0,0.0,,,,0,True,no_crown_detected
0195154AR,Jacaranda mimosifolia,427583,11.72,66.2,9.18,6.4,0.313,2.32,1966,True,ok
0195156AR,Magnolia grandiflora,427583,,0.0,0.0,,,,0,True,no_crown_detected
0195157AR,Ligustrum lucidum,427583,6.59,37.2,6.89,2.73,0.301,2.4,561,True,ok
0195158AR,Pyrus calleryana,427583,,0.0,0.0,,,,0,True,no_crown_detected
0195159AR,Magnolia grandiflora,427583,5.65,11.2,3.78,2.97,0.413,1.77,422,True,ok
0195160AR,Pinus halepensis,427583,13.1,39.5,7.09,3.8,0.179,3.44,925,True,ok
0195163AR,Platanus × acerifolia,427583,21.14,124.0,12.57,5.67,0.147,3.83,3165,True,ok
0195164AR,Platanus × acerifolia,427583,21.0,198.8,15.91,8.97,0.082,5.01,4889,True,ok
0195169AR,Pyrus calleryana,427583,4.75,4.5,2.39,2.54,0.554,1.18,193,True,ok
0195171AR,Platanus × acerifolia,427583,20.76,141.0,13.4,9.91,0.203,3.18,7524,True,ok
0195174AR,Platanus × acerifolia,427583,12.85,12.0,3.91,5.29,0.0,7.82,214,True,ok
0195175AR,Platanus × acerifolia,427583,14.76,49.5,7.94,7.9,0.29,2.47,2040,True,ok
0195176AR,Tilia x euchlora,427583,9.98,84.2,10.36,5.24,0.343,2.14,3562,True,ok
0195177AR,Brachychiton populneus,427583,7.99,8.8,3.34,3.63,0.362,2.03,419,True,ok
0195178AR,Platanus × acerifolia,427583,12.24,19.5,4.98,7.34,0.285,2.51,452,True,ok
0195180AR,Platanus × acerifolia,427583,12.45,2.2,1.69,7.38,0.383,1.92,112,True,ok
0195181AR,Platanus × acerifolia,427583,9.65,7.2,3.04,5.49,0.207,3.15,174,True,ok
0195185AR,Robinia pseudoacacia,427583,10.36,35.0,6.68,3.6,0.302,2.39,1055,True,ok
0195186AR,Styphnolobium japonicum,427583,7.68,37.5,6.91,4.14,0.144,3.87,791,True,ok
0195187AR,Cupressus sempervirens,427583,17.43,12.5,3.99,5.18,0.17,3.55,283,True,ok
0195192AR,Platanus × acerifolia,427583,10.63,3.8,2.19,7.53,0.28,2.55,135,True,ok
0195193AR,Ligustrum lucidum,427583,10.84,13.2,4.11,4.99,0.192,3.3,229,True,ok
0195195AR,Platanus × acerifolia,427583,14.65,48.8,7.88,7.51,0.219,3.04,1210,True,ok
0195197AR,Platanus × acerifolia,427583,12.14,62.0,8.88,6.01,0.197,3.24,1403,True,ok
0195198AR,Platanus × acerifolia,427583,11.1,2.2,1.69,9.82,0.083,4.97,36,True,few_points
0195199AR,Styphnolobium japonicum,427583,8.55,62.8,8.94,5.26,0.369,1.99,2977,True,ok
0195202AR,Jacaranda mimosifolia,427583,9.01,2.8,1.87,6.78,0.455,1.58,44,True,few_points
0195205AR,Platanus × acerifolia,427583,12.91,7.5,3.09,6.11,0.145,3.86,145,True,ok
0195208AR,Styphnolobium japonicum,427583,9.41,110.0,11.83,3.13,0.274,2.59,2693,True,ok
0195209AR,Platanus × acerifolia,427583,19.76,107.8,11.71,6.18,0.173,3.51,4248,False,tile_edge
0195212AR,Platanus × acerifolia,427583,11.73,2.2,1.69,10.81,0.25,2.77,28,True,few_points
0195215AR,Styphnolobium japonicum,427583,10.52,40.2,7.16,2.42,0.195,3.27,1768,True,ok
0195216AR,Lagerstroemia indica,427583,4.01,16.2,4.55,2.92,0.438,1.65,308,True,ok
0195217AR,Platanus × acerifolia,427583,21.7,199.8,15.95,10.25,0.168,3.57,9947,True,ok
0195218AR,Platanus × acerifolia,427583,20.11,186.0,15.39,8.72,0.2,3.22,8675,True,ok
0195219AR,Platanus × acerifolia,427583,13.05,9.0,3.39,2.39,0.282,2.53,309,True,ok
0195224AR,Platanus × acerifolia,427583,13.89,170.0,14.71,4.07,0.219,3.04,3744,True,ok
0195227AR,Platanus × acerifolia,427583,17.04,91.8,10.81,3.27,0.169,3.56,4593,True,ok
0195229AR,Platanus × acerifolia,427583,11.42,34.8,6.65,6.07,0.177,3.47,742,True,ok
0195230AR,Platanus × acerifolia,427583,14.13,2.2,1.69,8.72,0.359,2.05,62,True,ok
0195235AR,Platanus × acerifolia,427583,19.61,183.0,15.26,7.44,0.176,3.48,8811,True,ok
0195239AR,Styphnolobium japonicum,427583,14.13,2.8,1.87,10.24,0.143,3.89,97,True,ok
0195240AR,Styphnolobium japonicum,427583,11.0,63.5,8.99,5.47,0.275,2.58,2833,True,ok
0195242AR,Styphnolobium japonicum,427583,9.48,22.8,5.38,3.25,0.152,3.77,409,True,ok
0195245AR,Platanus × acerifolia,427583,16.5,19.2,4.95,3.04,0.139,3.95,723,True,ok
0195247AR,Magnolia grandiflora,427583,10.15,80.0,10.09,2.98,0.25,2.77,1512,True,ok
0195248AR,Platanus × acerifolia,427583,16.65,35.5,6.72,9.09,0.187,3.35,1483,True,ok
0195251AR,Platanus × acerifolia,427583,16.3,107.5,11.7,8.0,0.211,3.11,3272,True,ok
0195253AR,Platanus × acerifolia,427583,10.98,22.2,5.32,5.68,0.288,2.49,583,True,ok
0195255AR,Platanus × acerifolia,427583,11.01,46.8,7.72,5.39,0.303,2.39,1994,True,ok
0195257AR,Styphnolobium japonicum,427583,16.86,86.5,10.49,4.78,0.303,2.38,4537,True,ok
0195261AR,Platanus × acerifolia,427583,11.32,2.2,1.69,6.21,0.42,1.74,105,True,ok
0195272AR,Platanus × acerifolia,427583,15.06,1.8,1.49,3.84,0.308,2.36,66,True,no_crown_detected
0195273AR,Magnolia grandiflora,427583,8.47,23.0,5.41,3.43,0.224,2.99,522,True,ok
0195276AR,Brachychiton populneus,427583,6.89,20.5,5.11,3.04,0.347,2.12,522,True,ok
0195277AR,Platanus × acerifolia,427583,16.98,133.5,13.04,5.58,0.184,3.39,6251,True,ok
0195278AR,Brachychiton populneus,427583,15.1,108.2,11.74,2.95,0.203,3.19,2928,True,ok
0195281AR,Platanus × acerifolia,427583,9.78,2.0,1.6,5.21,0.224,2.99,86,True,ok
0195283AR,Platanus × acerifolia,427583,9.36,0.2,0.56,9.36,0.5,1.39,2,True,no_crown_detected
0195284AR,Platanus × acerifolia,427583,16.36,1.8,1.49,3.15,0.188,3.35,49,True,no_crown_detected
0195290AR,Ginkgo biloba,427583,,0.0,0.0,,,,0,True,no_crown_detected
0195293AR,Platanus × acerifolia,427583,19.83,124.0,12.57,9.3,0.21,3.12,6401,True,ok
0195294AR,Styphnolobium japonicum,427583,9.51,2.2,1.69,6.73,0.216,3.07,75,True,ok
0195295AR,Ulmus pumila,427583,11.28,54.0,8.29,3.91,0.254,2.74,1146,True,ok
0195297AR,Platanus × acerifolia,427583,12.85,3.5,2.11,4.98,0.095,4.7,88,True,ok
0195298AR,Platanus × acerifolia,427583,10.1,34.5,6.63,6.05,0.35,2.1,1387,True,ok
0195299AR,Tipuana tipu,427583,12.11,107.0,11.67,6.61,0.288,2.49,3980,False,tile_edge
0195300AR,Platanus × acerifolia,427583,14.08,0.5,0.8,8.76,0.308,2.36,29,True,no_crown_detected
0195303AR,Platanus × acerifolia,427583,17.44,160.0,14.27,7.11,0.234,2.91,8455,True,ok
0195308AR,Magnolia grandiflora,427583,7.57,28.2,6.0,3.36,0.206,3.16,656,False,tile_edge
0195309AR,Magnolia grandiflora,427583,,0.0,0.0,,,,0,True,no_crown_detected
0195310AR,Styphnolobium japonicum,427583,9.5,92.5,10.85,5.28,0.395,1.86,4027,True,ok
0195317AR,Platanus × acerifolia,427583,18.71,139.8,13.34,8.36,0.165,3.61,6340,False,tile_edge
0195320AR,Platanus × acerifolia,427583,13.23,36.0,6.77,8.08,0.358,2.05,1382,True,ok
0195321AR,Magnolia grandiflora,427583,11.18,11.8,3.87,3.22,0.361,2.04,550,True,ok
0195327AR,Platanus × acerifolia,427583,17.47,139.8,13.34,8.55,0.262,2.68,7048,True,ok
0195328AR,Platanus × acerifolia,427583,12.78,2.2,1.69,4.63,0.394,1.86,78,True,ok
0195329AR,Firmiana simplex,427583,5.79,1.5,1.38,3.86,0.417,1.75,61,True,no_crown_detected
0195330AR,Platanus × acerifolia,427583,20.39,124.0,12.57,11.5,0.152,3.77,7303,True,ok
0195331AR,Ligustrum lucidum,427583,,0.0,0.0,,,,0,True,no_crown_detected
0195334AR,Platanus × acerifolia,427583,16.33,88.0,10.59,9.67,0.18,3.42,1890,True,ok
0195337AR,Acer negundo,427583,10.18,5.0,2.52,4.5,0.167,3.58,96,True,ok
0195339AR,Magnolia grandiflora,427583,7.3,32.8,6.46,3.23,0.226,2.98,784,True,ok
0195341AR,Quercus ilex,427583,10.46,92.0,10.82,5.57,0.306,2.37,2344,True,ok
0195342AR,Platanus × acerifolia,427583,16.96,122.2,12.48,8.22,0.154,3.74,6238,True,ok
0195344AR,Brachychiton populneus,427583,8.64,3.5,2.11,4.42,0.222,3.01,54,True,ok
0195350AR,Platanus × acerifolia,427583,10.25,46.2,7.67,2.62,0.234,2.91,1972,True,ok
0195353AR,Platanus × acerifolia,427583,13.36,2.2,1.69,5.53,0.236,2.88,55,True,ok
0195355AR,Platanus × acerifolia,427583,20.98,75.5,9.8,2.6,0.203,3.19,1911,True,ok
0195356AR,Styphnolobium japonicum,427583,14.62,45.0,7.57,5.51,0.181,3.42,1570,True,ok
0195357AR,Platanus × acerifolia,427583,15.43,2.2,1.69,10.67,0.095,4.7,121,True,ok
0195360AR,Platanus × acerifolia,427583,11.6,44.8,7.55,6.11,0.289,2.48,1872,False,tile_edge
0195361AR,Platanus × acerifolia,427583,21.55,176.8,15.0,7.37,0.153,3.76,4933,True,ok
0195362AR,Platanus × acerifolia,427583,14.52,2.2,1.69,6.68,0.1,4.61,50,True,ok
0195363AR,Platanus × acerifolia,427583,17.33,63.5,8.99,3.64,0.278,2.56,2565,True,ok
0195364AR,Gleditsia triacanthos,427583,6.73,30.8,6.26,3.97,0.364,2.02,618,True,ok
0195367AR,Magnolia grandiflora,427583,3.79,4.0,2.26,2.64,0.469,1.52,163,True,ok
0195368AR,Magnolia grandiflora,427583,9.57,42.8,7.38,3.19,0.255,2.73,1024,True,ok
0195372AR,Platanus × acerifolia,427583,12.45,63.8,9.01,3.27,0.238,2.87,1435,True,ok
0195373AR,Platanus × acerifolia,427583,13.37,2.2,1.69,8.61,0.106,4.48,87,True,ok
0195374AR,Platanus × acerifolia,427583,21.31,73.2,9.66,5.83,0.274,2.59,2991,True,ok
0195375AR,Firmiana simplex,427583,9.17,3.8,2.19,6.86,0.353,2.08,107,True,ok
0195378AR,Magnolia grandiflora,427583,9.0,72.2,9.59,4.0,0.238,2.87,1862,True,ok
0195379AR,Platanus × acerifolia,427583,17.87,106.8,11.66,8.15,0.173,3.51,2573,True,ok
0195380AR,Platanus × acerifolia,427583,17.46,61.2,8.83,8.26,0.041,6.39,1439,True,ok
0195383AR,Platanus × acerifolia,427583,18.14,167.0,14.58,7.6,0.181,3.42,4318,True,ok
0195386AR,Styphnolobium japonicum,427583,15.12,53.2,8.23,5.94,0.163,3.62,1029,True,ok
0195388AR,Styphnolobium japonicum,427583,23.15,70.8,9.49,4.82,0.376,1.95,3135,True,ok
0195389AR,Magnolia grandiflora,427583,,0.0,0.0,,,,0,True,no_crown_detected
0195390AR,Ginkgo biloba,427583,11.55,35.0,6.68,2.27,0.31,2.34,1595,True,ok
0195391AR,Platanus × acerifolia,427583,16.7,90.2,10.72,3.1,0.209,3.13,3851,True,ok
0195392AR,Styphnolobium japonicum,427583,10.47,47.0,7.74,5.74,0.313,2.32,1859,True,ok
0195395AR,Platanus × acerifolia,427583,15.35,101.2,11.35,8.07,0.136,3.99,2159,True,ok
0195397AR,Platanus × acerifolia,427583,11.63,42.0,7.31,5.75,0.299,2.41,1988,True,ok
0195398AR,Populus nigra,427583,12.79,30.8,6.26,7.91,0.273,2.6,554,True,ok
0195400AR,Platanus × acerifolia,427583,15.63,3.2,2.03,6.81,0.178,3.45,137,True,ok
0195406AR,Magnolia grandiflora,427583,,0.0,0.0,,,,0,True,no_crown_detected
0195408AR,Brachychiton populneus,427583,6.13,5.2,2.59,3.46,0.469,1.52,128,True,ok
0195409AR,Platanus × acerifolia,427583,15.49,68.2,9.32,6.27,0.115,4.33,1423,True,ok
0195411AR,Gleditsia triacanthos,427583,6.51,21.5,5.23,3.99,0.276,2.58,446,True,ok
0195412AR,Platanus × acerifolia,427583,,0.0,0.0,,,,0,True,no_crown_detected
0195415AR,Platanus × acerifolia,427583,18.57,151.2,13.88,5.61,0.166,3.59,3817,True,ok
0195416AR,Celtis australis,427583,8.72,31.2,6.31,4.93,0.159,3.68,593,True,ok
0195417AR,Gleditsia triacanthos,427583,,0.0,0.0,,,,0,True,no_crown_detected
0195418AR,Platanus × acerifolia,427583,16.26,69.2,9.39,7.68,0.261,2.68,3423,True,ok
0195420AR,Magnolia grandiflora,427583,12.57,3.2,2.03,5.55,0.375,1.96,128,False,tile_edge
0195422AR,Platanus × acerifolia,427583,17.17,92.8,10.87,7.25,0.13,4.08,4593,True,ok
0195424AR,Styphnolobium japonicum,427583,19.27,90.2,10.72,6.81,0.294,2.45,4602,True,ok
0195425AR,Gleditsia triacanthos,427583,,0.0,0.0,,,,0,True,no_crown_detected
0195427AR,Styphnolobium japonicum,427583,20.32,101.2,11.35,3.13,0.25,2.78,4531,True,ok
0195436AR,Styphnolobium japonicum,427583,10.96,18.8,4.89,5.69,0.263,2.67,812,True,ok
0195437AR,Celtis australis,427583,10.69,46.5,7.69,4.31,0.182,3.41,825,False,tile_edge
0195438AR,Magnolia grandiflora,427583,6.7,1.8,1.49,3.28,0.286,2.51,35,True,no_crown_detected
0195440AR,Quercus ilex,427583,13.21,47.8,7.8,5.94,0.21,3.12,901,True,ok
0195442AR,Tipuana tipu,427583,17.05,127.8,12.75,9.21,0.13,4.09,2810,True,ok
0195443AR,Magnolia grandiflora,427583,5.89,43.2,7.42,2.41,0.224,3.0,1107,True,ok
0195444AR,Platanus × acerifolia,427583,22.2,189.8,15.54,6.64,0.188,3.34,10445,True,ok
0195445AR,Styphnolobium japonicum,427583,16.64,16.5,4.58,8.55,0.142,3.9,793,True,ok
0195446AR,Platanus × acerifolia,427583,11.97,20.8,5.14,6.05,0.214,3.09,897,True,ok
0195447AR,Magnolia grandiflora,427583,8.24,30.8,6.26,4.89,0.393,1.87,1486,True,ok
0195451AR,Styphnolobium japonicum,427583,9.98,6.0,2.76,4.95,0.292,2.46,220,True,ok
0195452AR,Celtis australis,427583,6.78,36.2,6.79,2.6,0.213,3.09,629,True,ok
0195453AR,Platanus × acerifolia,427583,16.49,27.0,5.86,8.45,0.16,3.66,1031,True,ok
0195454AR,Brachychiton populneus,427583,8.86,12.2,3.95,4.57,0.134,4.02,209,True,ok
0195458AR,Magnolia grandiflora,427583,,0.0,0.0,,,,0,True,no_crown_detected
0195459AR,Styphnolobium japonicum,427583,16.62,37.0,6.86,4.43,0.259,2.7,587,True,ok
0195460AR,Cupressus sempervirens,427583,17.74,10.5,3.66,4.38,0.269,2.62,548,True,ok
0195466AR,Platanus × acerifolia,427583,15.23,76.8,9.89,7.47,0.151,3.78,1664,True,ok
0195467AR,Firmiana simplex,427583,9.24,44.5,7.53,3.13,0.249,2.78,2008,True,ok
0195468AR,Platanus × acerifolia,427583,14.18,123.8,12.55,6.71,0.318,2.29,5419,True,ok
0195471AR,Platanus × acerifolia,427583,20.45,43.5,7.44,5.57,0.016,7.82,1492,True,ok
0195474AR,Tipuana tipu,427583,13.33,3.0,1.95,10.5,0.441,1.64,68,True,ok
0195475AR,Koelreuteria paniculata,427583,7.19,20.2,5.08,2.12,0.293,2.45,732,True,ok
0195476AR,Magnolia grandiflora,427583,,0.0,0.0,,,,0,True,no_crown_detected
0195477AR,Platanus × acerifolia,427583,13.89,37.5,6.91,7.95,0.238,2.87,852,True,ok
0195478AR,Platanus × acerifolia,427583,15.66,91.8,10.81,7.76,0.261,2.69,4227,True,ok
0195481AR,Platanus × acerifolia,427583,,0.0,0.0,,,,0,True,no_crown_detected
0195482AR,Tilia x euchlora,427583,6.34,11.0,3.74,2.3,0.299,2.42,396,True,ok
0195483AR,Platanus × acerifolia,427583,9.92,2.2,1.69,7.13,0.286,2.51,35,True,few_points
0195485AR,Platanus × acerifolia,427583,14.75,25.5,5.7,6.96,0.155,3.73,542,True,ok
0195486AR,Magnolia grandiflora,427583,6.15,8.0,3.19,4.01,0.436,1.66,414,True,ok
0195488AR,Platanus × acerifolia,427583,6.92,0.5,0.8,4.26,0.333,2.2,4,True,no_crown_detected
0195489AR,Platanus × acerifolia,427583,17.84,105.5,11.59,6.44,0.254,2.74,4743,True,ok
0195491AR,Styphnolobium japonicum,427583,,0.0,0.0,,,,0,False,tile_edge
0195492AR,Robinia pseudoacacia,427583,15.75,71.2,9.52,4.53,0.28,2.55,3358,True,ok
0195493AR,Platanus × acerifolia,427583,19.97,90.5,10.73,11.04,0.166,3.6,2192,True,ok
0195497AR,Styphnolobium japonicum,427583,7.41,35.2,6.7,3.45,0.448,1.61,1717,True,ok
0195499AR,Magnolia grandiflora,427583,5.08,16.0,4.51,2.05,0.325,2.25,271,True,ok
0195503AR,Platanus × acerifolia,427583,8.34,12.8,4.03,1.74,0.324,2.25,553,True,ok
0195504AR,Platanus × acerifolia,427583,23.29,248.0,17.77,11.71,0.148,3.82,12746,True,ok
0195507AR,Brachychiton populneus,427583,8.69,5.2,2.59,4.09,0.377,1.95,248,True,ok
0195510AR,Platanus × acerifolia,427583,15.82,64.5,9.06,9.42,0.24,2.85,3012,True,ok
0195512AR,Platanus × acerifolia,427583,11.5,2.8,1.87,8.65,0.233,2.92,43,True,few_points
0195514AR,Platanus × acerifolia,427583,11.56,41.8,7.29,3.86,0.235,2.9,1923,True,ok
0195515AR,Platanus × acerifolia,427583,18.67,104.8,11.55,8.28,0.194,3.28,2706,True,ok
0195518AR,Platanus × acerifolia,427583,15.23,185.5,15.37,6.2,0.146,3.85,4815,True,ok
0195519AR,Platanus × acerifolia,427583,11.25,58.5,8.63,2.5,0.294,2.45,2635,True,ok
0195521AR,Platanus × acerifolia,427583,15.64,74.0,9.71,4.74,0.212,3.1,4372,True,ok
0195522AR,Styphnolobium japonicum,427583,8.4,14.2,4.26,4.86,0.24,2.85,337,True,ok
0195523AR,Platanus × acerifolia,427583,16.82,121.2,12.42,8.36,0.222,3.01,4971,True,ok
0195524AR,Styphnolobium japonicum,427583,13.16,15.2,4.41,3.9,0.187,3.36,375,True,ok
0195525AR,Magnolia grandiflora,427583,19.77,13.5,4.15,3.27,0.247,2.79,287,True,ok
0195526AR,Platanus × acerifolia,427583,11.43,8.0,3.19,9.0,0.424,1.72,341,True,ok
0195527AR,Tilia x euchlora,427583,6.94,13.2,4.11,2.8,0.412,1.77,607,True,ok
0195528AR,Styphnolobium japonicum,427583,9.26,35.0,6.68,4.01,0.438,1.65,1791,True,ok
0195529AR,Magnolia grandiflora,427583,5.49,1.5,1.38,2.93,0.5,1.39,39,True,no_crown_detected
0195530AR,Platanus × acerifolia,427583,14.39,4.2,2.33,8.73,0.147,3.83,180,True,ok
0195531AR,Platanus × acerifolia,427583,14.5,71.5,9.54,7.61,0.226,2.97,2956,True,ok
0195532AR,Platanus × acerifolia,427583,18.91,168.5,14.65,7.14,0.094,4.72,4360,True,ok
0195534AR,Platanus × acerifolia,427583,13.15,120.8,12.4,3.73,0.236,2.89,5339,True,ok
0195535AR,Styphnolobium japonicum,427583,9.85,3.8,2.19,6.21,0.105,4.51,86,True,ok
0195537AR,Platanus × acerifolia,427583,10.11,25.0,5.64,6.44,0.227,2.96,778,True,ok
0195539AR,Platanus × acerifolia,427583,14.6,2.2,1.69,9.01,0.0,7.82,37,True,few_points
0195540AR,Platanus × acerifolia,427583,15.48,100.0,11.28,7.11,0.266,2.65,5051,True,ok
0195541AR,Magnolia grandiflora,427583,5.92,2.2,1.69,3.5,0.263,2.67,38,True,few_points
0195544AR,Platanus × acerifolia,427583,19.26,92.8,10.87,7.47,0.146,3.85,2352,True,ok
0195545AR,Platanus × acerifolia,427583,12.55,47.8,7.8,7.42,0.306,2.37,1285,True,ok
0195548AR,Platanus × acerifolia,427583,17.76,103.0,11.45,7.4,0.199,3.23,4959,True,ok
0195552AR,Platanus × acerifolia,427583,15.31,94.5,10.97,7.48,0.242,2.84,4103,True,ok
0195554AR,Magnolia grandiflora,427583,15.13,3.5,2.11,4.0,0.196,3.25,130,True,ok
0195555AR,Platanus × acerifolia,427583,11.14,18.5,4.85,5.56,0.3,2.41,414,True,ok
0195556AR,Platanus × acerifolia,427583,16.92,174.8,14.92,7.75,0.201,3.21,8439,True,ok
0195558AR,Casuarina cunninghamiana,427583,11.71,3.0,1.95,5.51,0.046,6.16,87,True,ok
0195559AR,Platanus × acerifolia,427583,9.92,1.0,1.13,7.77,0.067,5.42,15,True,no_crown_detected
0195560AR,Styphnolobium japonicum,427583,11.46,84.8,10.39,5.64,0.343,2.14,4483,True,ok
0195561AR,Styphnolobium japonicum,427583,9.38,59.0,8.67,5.14,0.15,3.8,1275,True,ok
0195564AR,Platanus × acerifolia,427583,16.14,196.0,15.8,7.42,0.235,2.9,9312,True,ok
0195565AR,Styphnolobium japonicum,427583,8.57,5.2,2.59,3.86,0.186,3.36,129,True,ok
0195569AR,Platanus × acerifolia,427583,13.86,15.2,4.41,2.49,0.222,3.01,640,True,ok
0195571AR,Styphnolobium japonicum,427583,7.67,31.2,6.31,3.97,0.418,1.74,1305,True,ok
0195580AR,Jacaranda mimosifolia,427583,9.38,51.0,8.06,5.54,0.37,1.99,1325,True,ok
0195583AR,Platanus × acerifolia,427583,13.36,73.5,9.67,8.35,0.17,3.54,1329,True,ok
0195585AR,Styphnolobium japonicum,427583,10.71,78.8,10.01,2.8,0.283,2.53,3171,False,tile_edge
0195586AR,Platanus × acerifolia,427583,20.32,189.2,15.52,9.22,0.166,3.6,9009,True,ok
0195588AR,Styphnolobium japonicum,427583,12.63,80.2,10.11,5.81,0.309,2.35,3756,True,ok
0195590AR,Gleditsia triacanthos,427583,17.1,36.8,6.84,3.48,0.235,2.9,746,True,ok
0195592AR,Styphnolobium japonicum,427583,12.78,1.2,1.26,11.41,0.235,2.89,17,True,no_crown_detected
0195593AR,Platanus × acerifolia,427583,10.83,49.2,7.92,4.17,0.309,2.35,2118,True,ok
0195595AR,Platanus × acerifolia,427583,18.07,84.2,10.36,8.62,0.234,2.9,3858,True,ok
0195597AR,Platanus × acerifolia,427583,10.34,1.2,1.26,7.97,0.158,3.69,19,True,no_crown_detected
0195598AR,Platanus × acerifolia,427583,14.41,21.8,5.26,8.21,0.054,5.83,369,True,ok
0195599AR,Platanus × acerifolia,427583,18.87,62.8,8.94,10.02,0.164,3.62,3051,True,ok
0195600AR,Platanus × acerifolia,427583,18.37,30.0,6.18,8.51,0.26,2.7,1377,True,ok
0195601AR,Populus nigra,427583,10.68,32.5,6.43,6.36,0.324,2.25,780,True,ok
0195602AR,Platanus × acerifolia,427583,19.11,126.5,12.69,10.91,0.169,3.56,3894,True,ok
0195603AR,Platanus × acerifolia,427583,15.13,23.2,5.44,6.7,0.226,2.97,1052,True,ok
0195605AR,Magnolia grandiflora,427583,4.77,5.5,2.65,2.89,0.472,1.5,127,True,ok
0195608AR,Styphnolobium japonicum,427583,10.23,45.2,7.59,4.54,0.196,3.26,1268,True,ok
0195609AR,Styphnolobium japonicum,427583,18.75,29.5,6.13,6.9,0.072,5.26,706,True,ok
0195611AR,Platanus × acerifolia,427583,18.83,163.0,14.41,9.56,0.129,4.1,6785,True,ok
0195612AR,Magnolia grandiflora,427583,19.73,31.0,6.28,5.23,0.112,4.39,887,True,ok
0195613AR,Styphnolobium japonicum,427583,9.11,2.5,1.78,4.79,0.303,2.39,124,True,ok
0195616AR,Gleditsia triacanthos,427583,,0.0,0.0,,,,0,True,no_crown_detected
0195622AR,Platanus × acerifolia,427583,18.05,141.5,13.42,6.63,0.108,4.46,3205,True,ok
0195623AR,Brachychiton populneus,427583,13.08,5.8,2.71,8.51,0.192,3.3,167,True,ok
0195624AR,Platanus × acerifolia,427583,16.88,51.8,8.12,7.74,0.249,2.78,2439,True,ok
0195625AR,Platanus × acerifolia,427583,15.4,42.2,7.33,6.31,0.238,2.87,1836,True,ok
0195627AR,Koelreuteria paniculata,427583,7.75,2.0,1.6,4.62,0.038,6.52,74,True,ok
0195628AR,Tipuana tipu,427583,16.62,112.0,11.94,8.41,0.155,3.73,2383,True,ok
0195630AR,Platanus × acerifolia,427583,17.77,186.2,15.4,11.99,0.211,3.11,4010,True,ok
0195631AR,Platanus × acerifolia,427583,17.37,73.0,9.64,8.4,0.196,3.25,3079,True,ok
0195635AR,Platanus × acerifolia,427583,14.32,47.0,7.74,2.16,0.247,2.8,883,True,ok
0195637AR,Platanus × acerifolia,427583,17.11,2.0,1.6,4.47,0.291,2.47,105,True,ok
0195638AR,Styphnolobium japonicum,427583,11.7,51.2,8.08,6.45,0.262,2.68,2289,True,ok
0195639AR,Brachychiton populneus,427583,15.82,32.2,6.41,6.92,0.118,4.28,781,True,ok
0195640AR,Styphnolobium japonicum,427583,10.23,24.8,5.61,5.14,0.268,2.63,1067,True,ok
0195641AR,Platanus × acerifolia,427583,18.76,136.2,13.17,9.41,0.14,3.94,3078,True,ok
0195644AR,Magnolia grandiflora,427583,4.52,2.5,1.78,2.87,0.438,1.65,80,True,ok
0195646AR,Styphnolobium japonicum,427583,9.4,51.8,8.12,4.79,0.207,3.15,1116,True,ok
0195647AR,Platanus × acerifolia,427583,16.68,107.8,11.71,7.55,0.248,2.79,5172,True,ok
0195648AR,Platanus × acerifolia,427583,12.38,2.2,1.69,5.07,0.192,3.3,114,True,ok
0195649AR,Jacaranda mimosifolia,427583,12.19,50.8,8.04,6.45,0.28,2.55,1496,True,ok
0195651AR,Platanus × acerifolia,427583,12.13,51.2,8.08,7.08,0.333,2.2,2386,True,ok
0195652AR,Ligustrum lucidum,427583,19.73,44.8,7.55,2.94,0.141,3.93,911,True,ok
0195653AR,Brachychiton populneus,427583,19.17,42.5,7.36,2.79,0.278,2.56,921,True,ok
0195654AR,Brachychiton populneus,427583,4.35,2.5,1.78,2.71,0.482,1.46,99,False,tile_edge
0195655AR,Platanus × acerifolia,427583,17.35,89.8,10.69,10.27,0.141,3.92,3775,True,ok
0195657AR,Koelreuteria paniculata,427583,7.31,29.5,6.13,4.8,0.316,2.3,788,True,ok
0195658AR,Quercus ilex,427583,12.17,66.2,9.18,7.28,0.298,2.42,1368,True,ok
0195659AR,Platanus × acerifolia,427583,14.85,123.2,12.53,8.9,0.245,2.81,4790,True,ok
0195661AR,Pinus halepensis,427583,7.12,0.8,0.98,2.31,0.455,1.58,11,True,no_crown_detected
0195662AR,Celtis australis,427583,7.6,37.2,6.89,4.79,0.272,2.61,806,True,ok
0195663AR,Styphnolobium japonicum,427583,5.39,1.5,1.38,2.95,0.542,1.23,34,True,no_crown_detected
0195666AR,Platanus × acerifolia,427583,13.94,2.2,1.69,9.46,0.0,7.82,33,True,few_points
0195667AR,Platanus × acerifolia,427583,17.26,125.2,12.63,8.03,0.149,3.81,3124,True,ok
0195668AR,Magnolia grandiflora,427583,8.02,19.2,4.95,3.69,0.251,2.76,342,True,ok
0195670AR,Platanus × acerifolia,427583,14.53,68.2,9.32,7.89,0.248,2.79,1558,True,ok
0195671AR,Magnolia grandiflora,427583,4.53,6.8,2.93,1.97,0.351,2.09,131,True,ok
0195676AR,Acer negundo,427583,5.75,14.8,4.33,3.87,0.361,2.04,438,True,ok
0195678AR,Platanus × acerifolia,427583,16.3,15.5,4.44,4.1,0.071,5.29,589,True,ok
0195679AR,Platanus × acerifolia,427583,12.05,75.0,9.77,3.66,0.147,3.84,2124,True,ok
0195681AR,Brachychiton populneus,427583,6.4,44.8,7.55,2.35,0.266,2.65,851,True,ok
0195682AR,Platanus × acerifolia,427583,14.77,129.8,12.85,3.99,0.271,2.61,5568,True,ok
0195685AR,Styphnolobium japonicum,427583,13.05,13.8,4.18,5.05,0.32,2.28,654,True,ok
0195688AR,Photinia x fraseri,427583,,0.0,0.0,,,,0,True,no_crown_detected
0195691AR,Platanus × acerifolia,427583,15.15,4.5,2.39,9.77,0.058,5.71,104,True,ok
0195692AR,Platanus × acerifolia,427583,16.97,109.0,11.78,8.15,0.145,3.87,2972,True,ok
0195694AR,Platanus × acerifolia,427583,18.48,30.8,6.26,3.95,0.216,3.07,1276,True,ok
0195697AR,Platanus × acerifolia,427583,21.28,200.0,15.96,8.04,0.176,3.48,9800,True,ok
0195701AR,Cupressus sempervirens,427583,18.49,8.8,3.34,6.62,0.151,3.79,523,True,ok
0195708AR,Ligustrum lucidum,427583,18.56,56.8,8.5,4.08,0.146,3.85,996,True,ok
0195710AR,Styphnolobium japonicum,427583,10.44,54.5,8.33,5.46,0.291,2.47,2246,True,ok
0195713AR,Platanus × acerifolia,427583,16.35,60.5,8.78,2.76,0.141,3.92,2375,True,ok
0195717AR,Platanus × acerifolia,427583,14.98,18.2,4.82,10.1,0.425,1.71,707,True,ok
0195718AR,Platanus × acerifolia,427583,18.27,139.0,13.3,9.93,0.117,4.29,3080,False,tile_edge
0195719AR,Brachychiton populneus,427583,10.09,7.8,3.14,3.8,0.338,2.17,237,True,ok
0195720AR,Pinus pinea,427583,11.26,134.0,13.06,5.87,0.167,3.58,2359,True,ok
0195724AR,Ulmus pumila,427583,23.15,57.8,8.57,7.16,0.24,2.85,2168,True,ok
0195725AR,Magnolia grandiflora,427583,15.08,12.0,3.91,2.07,0.264,2.66,178,True,ok
0195726AR,Platanus × acerifolia,427583,14.49,67.8,9.29,7.94,0.216,3.07,2912,True,ok
0195731AR,Tilia x euchlora,427583,19.41,157.5,14.16,3.25,0.186,3.37,3658,True,ok
0195732AR,Brachychiton populneus,427583,,0.0,0.0,,,,0,True,no_crown_detected
0195737AR,Styphnolobium japonicum,427583,7.56,2.5,1.78,3.78,0.301,2.4,165,True,ok
0195738AR,Brachychiton acerifolius,427583,8.33,13.2,4.11,3.56,0.424,1.72,323,True,ok
0195741AR,Platanus × acerifolia,427583,12.46,34.2,6.6,7.22,0.278,2.56,777,True,ok
0195749AR,Styphnolobium japonicum,427583,,0.0,0.0,,,,0,True,no_crown_detected
0195753AR,Platanus × acerifolia,427583,15.82,84.8,10.39,7.48,0.175,3.48,1751,True,ok
0195757AR,Magnolia grandiflora,427583,6.0,23.0,5.41,4.05,0.331,2.21,344,True,ok
0195758AR,Platanus × acerifolia,427583,15.62,125.8,12.65,6.81,0.174,3.5,2944,True,ok
0195760AR,Platanus × acerifolia,427583,15.06,69.2,9.39,8.7,0.262,2.68,3155,True,ok
0195761AR,Magnolia grandiflora,427583,6.33,15.2,4.41,3.29,0.252,2.75,329,True,ok
0195762AR,Platanus × acerifolia,427583,18.46,143.8,13.53,10.03,0.16,3.67,7052,True,ok
0195763AR,Brachychiton populneus,427583,11.21,28.5,6.02,3.47,0.325,2.25,1413,True,ok
0195764AR,Styphnolobium japonicum,427583,12.08,13.5,4.15,3.29,0.36,2.04,702,True,ok
0195765AR,Platanus × acerifolia,427583,15.71,66.8,9.22,7.99,0.159,3.68,3078,True,ok
0195766AR,Styphnolobium japonicum,427583,10.04,78.5,10.0,4.06,0.312,2.33,3526,True,ok
0195767AR,Quercus ilex,427583,10.34,2.2,1.69,6.28,0.264,2.66,53,True,ok
0195768AR,Magnolia grandiflora,427583,6.88,12.5,3.99,4.0,0.33,2.22,321,True,ok
0195769AR,Tilia x euchlora,427583,5.86,7.2,3.04,2.75,0.325,2.25,169,True,ok
0195770AR,Brachychiton populneus,427583,10.88,51.5,8.1,5.35,0.336,2.18,1401,True,ok
0195771AR,Populus nigra,427583,10.47,26.8,5.84,3.02,0.239,2.87,553,True,ok
0195772AR,Platanus × acerifolia,427583,16.39,112.5,11.97,9.44,0.174,3.5,5170,True,ok
0195773AR,Styphnolobium japonicum,427583,20.33,165.5,14.52,5.91,0.118,4.28,3834,True,ok
0195775AR,Platanus × acerifolia,427583,15.36,4.5,2.39,6.78,0.182,3.41,206,True,ok
0195776AR,Platanus × acerifolia,427583,12.06,23.5,5.47,5.78,0.256,2.72,972,True,ok
0195778AR,Quercus ilex,427583,,0.0,0.0,,,,0,True,no_crown_detected
0195779AR,Styphnolobium japonicum,427583,8.11,43.2,7.42,3.01,0.369,2.0,1941,True,ok
0195780AR,Platanus × acerifolia,427583,19.41,116.0,12.15,7.13,0.179,3.44,2608,True,ok
0195781AR,Brachychiton populneus,427583,9.39,10.2,3.61,4.83,0.394,1.86,514,False,tile_edge
0195783AR,Magnolia grandiflora,427583,8.04,20.0,5.05,3.44,0.171,3.53,415,True,ok
0195785AR,Platanus × acerifolia,427583,18.4,153.2,13.97,7.6,0.086,4.91,3975,True,ok
0195786AR,Magnolia grandiflora,427583,11.91,43.8,7.46,2.99,0.255,2.74,2149,True,ok
0195790AR,Platanus × acerifolia,427583,12.25,2.2,1.69,5.56,0.329,2.23,120,True,ok
0195791AR,Brachychiton populneus,427583,21.56,38.2,6.98,2.84,0.224,2.99,919,True,ok
0195792AR,Quercus ilex,427583,12.78,2.2,1.69,8.87,0.289,2.48,45,True,few_points
0195795AR,Platanus × acerifolia,427583,12.29,3.5,2.11,5.0,0.229,2.95,153,True,ok
0195797AR,Styphnolobium japonicum,427583,,0.0,0.0,,,,0,True,no_crown_detected
0195798AR,Platanus × acerifolia,427583,17.09,87.5,10.56,8.64,0.136,3.99,2138,True,ok
0195800AR,Magnolia grandiflora,427583,10.71,11.2,3.78,3.37,0.299,2.42,488,True,ok
0195801AR,Styphnolobium japonicum,427583,11.34,2.2,1.69,7.74,0.079,5.08,38,True,few_points
0195804AR,Platanus × acerifolia,427583,19.94,28.5,6.02,9.82,0.134,4.02,1301,True,ok
0195805AR,Styphnolobium japonicum,427583,7.89,28.8,6.05,3.48,0.428,1.7,1245,True,ok
0195807AR,Tipuana tipu,427583,15.1,1.5,1.38,11.28,0.0,7.82,16,True,no_crown_detected
0195809AR,Pinus halepensis,427583,11.57,64.2,9.04,6.79,0.294,2.45,1722,True,ok
0195812AR,Styphnolobium japonicum,427583,7.71,1.0,1.13,5.94,0.429,1.69,36,True,no_crown_detected
0195814AR,Jacaranda mimosifolia,427583,,0.0,0.0,,,,0,True,no_crown_detected
0195815AR,Gleditsia triacanthos,427583,16.85,101.8,11.38,4.89,0.327,2.23,4612,True,ok
0195817AR,Styphnolobium japonicum,427583,5.56,7.8,3.14,3.64,0.434,1.67,274,True,ok
0195823AR,Acer negundo,427583,5.62,26.0,5.75,3.34,0.406,1.8,893,True,ok
0195830AR,Populus nigra,427583,24.22,113.8,12.03,7.48,0.212,3.1,3206,True,ok
0195838AR,Platanus × acerifolia,427583,16.3,37.2,6.89,8.54,0.123,4.19,1642,True,ok
0195839AR,Platanus × acerifolia,427583,17.44,60.0,8.74,7.93,0.22,3.03,1336,True,ok
0195840AR,Acer negundo,427583,12.51,16.8,4.62,3.85,0.253,2.75,292,True,ok
0195843AR,Platanus × acerifolia,427583,21.86,107.0,11.67,3.37,0.339,2.16,4731,True,ok
0195844AR,Tipuana tipu,427583,11.06,13.5,4.15,4.78,0.349,2.11,503,False,tile_edge
0195846AR,Platanus × acerifolia,427583,17.64,56.0,8.44,9.69,0.252,2.76,1295,True,ok
0195847AR,Platanus × acerifolia,427583,14.79,135.8,13.15,4.4,0.124,4.17,2980,True,ok
0195848AR,Styphnolobium japonicum,427583,13.84,83.0,10.28,6.38,0.2,3.21,3944,True,ok
0195849AR,Magnolia grandiflora,427583,6.99,11.5,3.83,3.13,0.296,2.44,240,True,ok
0195850AR,Platanus × acerifolia,427583,18.99,176.0,14.97,8.24,0.155,3.72,8450,True,ok
0195852AR,Platanus × acerifolia,427583,20.21,120.8,12.4,5.95,0.18,3.43,2849,True,ok
0195855AR,Platanus × acerifolia,427583,15.23,3.0,1.95,9.9,0.216,3.06,120,True,ok
0195856AR,Platanus × acerifolia,427583,11.4,2.2,1.69,8.5,0.288,2.49,104,True,ok
0195857AR,Ulmus pumila,427583,10.59,35.8,6.75,5.66,0.177,3.46,706,True,ok
0195859AR,Ligustrum lucidum,427583,16.12,3.8,2.19,4.8,0.378,1.95,225,True,ok
0195860AR,Platanus × acerifolia,427583,16.04,93.2,10.9,8.62,0.211,3.11,4507,True,ok
0195862AR,Platanus × acerifolia,427583,18.41,140.8,13.39,8.85,0.144,3.88,3519,True,ok
0195863AR,Styphnolobium japonicum,427583,12.19,88.2,10.6,4.34,0.227,2.97,2179,True,ok
0195864AR,Brachychiton populneus,427583,11.38,37.8,6.93,2.75,0.236,2.89,760,True,ok
0195865AR,Jacaranda mimosifolia,427583,9.89,0.8,0.98,9.47,0.5,1.39,8,True,no_crown_detected
0195866AR,Platanus × acerifolia,427583,17.94,79.8,10.08,2.92,0.114,4.35,1916,True,ok
0195871AR,Platanus × acerifolia,427583,10.95,4.5,2.39,8.07,0.192,3.3,144,True,ok
0195873AR,Magnolia grandiflora,427583,6.61,16.8,4.62,3.04,0.275,2.58,356,True,ok
0195874AR,Magnolia grandiflora,427583,,0.0,0.0,,,,0,True,no_crown_detected
0195876AR,Platanus × acerifolia,427583,12.96,44.8,7.55,5.81,0.244,2.82,2107,True,ok
0195877AR,Platanus × acerifolia,427583,12.07,25.5,5.7,7.67,0.256,2.73,1165,True,ok
0195878AR,Platanus × acerifolia,427583,16.07,67.8,9.29,4.88,0.189,3.33,2821,True,ok
0195881AR,Platanus × acerifolia,427583,16.61,3.5,2.11,13.25,0.019,7.82,115,True,ok
0195884AR,Koelreuteria paniculata,427583,5.17,13.5,4.15,2.47,0.275,2.58,149,True,ok
0195888AR,Magnolia grandiflora,427583,6.31,30.2,6.21,2.96,0.368,2.0,1053,True,ok
0195890AR,Firmiana simplex,427583,26.38,90.0,10.7,3.91,0.27,2.62,4700,True,ok
0195897AR,Brachychiton acerifolius,427583,7.55,12.8,4.03,4.17,0.349,2.11,284,True,ok
0195898AR,Styphnolobium japonicum,427583,17.21,49.0,7.9,5.38,0.173,3.51,996,True,ok
0195899AR,Platanus × acerifolia,427583,10.56,2.2,1.69,7.64,0.194,3.28,73,True,ok
0195901AR,Platanus × acerifolia,427583,18.5,137.8,13.24,8.16,0.205,3.17,6807,True,ok
0195903AR,Platanus × acerifolia,427583,14.33,114.5,12.07,7.6,0.314,2.32,5120,True,ok
0195904AR,Styphnolobium japonicum,427583,10.16,87.0,10.52,4.57,0.385,1.91,3988,True,ok
0195908AR,Platanus × acerifolia,427583,12.6,90.5,10.73,3.86,0.207,3.15,2922,True,ok
0195909AR,Platanus × acerifolia,427583,16.3,132.5,12.99,5.96,0.148,3.83,2969,True,ok
0195910AR,Gleditsia triacanthos,427583,7.37,37.0,6.86,4.63,0.475,1.49,1759,True,ok
0195911AR,Magnolia grandiflora,427583,,0.0,0.0,,,,0,True,no_crown_detected
0195913AR,Styphnolobium japonicum,427583,9.3,13.2,4.11,5.24,0.358,2.06,523,True,ok
0195914AR,Acer negundo,427583,7.49,27.5,5.92,4.54,0.34,2.16,1173,True,ok
0195915AR,Platanus × acerifolia,427583,19.28,194.2,15.73,9.24,0.11,4.42,8938,True,ok
0195917AR,Quercus ilex,427583,15.78,47.8,7.8,4.07,0.107,4.46,1286,True,ok
0195918AR,Platanus × acerifolia,427583,18.06,157.5,14.16,9.63,0.169,3.56,7237,True,ok
0195920AR,Gleditsia triacanthos,427583,,0.0,0.0,,,,0,True,no_crown_detected
0195921AR,Magnolia grandiflora,427583,16.27,1.2,1.26,4.25,0.286,2.51,14,True,no_crown_detected
0195922AR,Platanus × acerifolia,427583,11.99,36.5,6.82,6.82,0.182,3.41,1373,False,tile_edge
0195923AR,Platanus × acerifolia,427583,20.22,49.0,7.9,4.0,0.276,2.57,2325,True,ok
0195925AR,Gleditsia triacanthos,427583,,0.0,0.0,,,,0,True,no_crown_detected
0195926AR,Styphnolobium japonicum,427583,8.14,26.2,5.78,4.93,0.286,2.51,1178,True,ok
0195928AR,Populus nigra,427583,13.12,51.8,8.12,7.25,0.307,2.36,1260,True,ok
0195929AR,Quercus ilex,427583,8.51,2.2,1.69,5.64,0.184,3.38,38,True,few_points
0195933AR,Celtis australis,427583,7.7,52.8,8.2,2.9,0.277,2.57,1215,True,ok
0195934AR,Styphnolobium japonicum,427583,7.61,29.8,6.15,1.86,0.243,2.83,1340,True,ok
0195936AR,Platanus × acerifolia,427583,14.13,18.8,4.89,8.92,0.212,3.1,801,True,ok
0195937AR,Platanus × acerifolia,427583,17.06,88.5,10.62,6.92,0.078,5.09,1952,True,ok
0195940AR,Pyrus calleryana,427583,12.99,2.8,1.87,5.74,0.176,3.47,93,True,ok
0195941AR,Platanus × acerifolia,427583,16.45,2.8,1.87,9.63,0.411,1.78,113,True,ok
0195943AR,Ligustrum lucidum,427583,7.03,24.0,5.53,4.52,0.352,2.09,532,True,ok
0195945AR,Magnolia grandiflora,427583,7.35,35.8,6.75,2.27,0.266,2.65,757,True,ok
0195946AR,Brachychiton populneus,427583,6.55,15.8,4.48,3.26,0.36,2.04,339,True,ok
0195947AR,Styphnolobium japonicum,427583,7.38,2.8,1.87,5.2,0.174,3.5,23,True,few_points
0195951AR,Platanus × acerifolia,427583,16.69,44.8,7.55,6.69,0.204,3.18,2183,True,ok
0195952AR,Platanus × acerifolia,427583,17.02,207.8,16.26,8.65,0.189,3.33,8222,True,ok
0195955AR,Platanus × acerifolia,427583,14.12,27.0,5.86,6.89,0.161,3.65,690,True,ok
0195956AR,Platanus × acerifolia,427583,14.41,56.8,8.5,3.26,0.225,2.99,2506,True,ok
0195960AR,Platanus × acerifolia,427583,17.29,43.2,7.42,5.79,0.121,4.23,918,True,ok
0195961AR,Magnolia grandiflora,427583,,0.0,0.0,,,,0,True,no_crown_detected
0195962AR,Magnolia grandiflora,427583,8.3,50.0,7.98,2.87,0.27,2.62,883,True,ok
0195963AR,Magnolia grandiflora,427583,,0.0,0.0,,,,0,True,no_crown_detected
0195964AR,Platanus × acerifolia,427583,14.89,111.0,11.89,7.6,0.273,2.6,5195,True,ok
0195966AR,Robinia pseudoacacia,427583,12.22,59.5,8.7,4.93,0.294,2.45,1649,True,ok
0195967AR,Brachychiton populneus,427583,17.6,51.2,8.08,3.61,0.16,3.66,1153,True,ok
0195972AR,Platanus × acerifolia,427583,17.36,68.8,9.36,7.95,0.126,4.14,1525,True,ok
0195973AR,Platanus × acerifolia,427583,9.94,2.2,1.69,7.04,0.172,3.52,29,True,few_points
0195976AR,Platanus × acerifolia,427583,10.74,4.0,2.26,6.05,0.074,5.22,68,True,ok
0195979AR,Platanus × acerifolia,427583,12.09,54.0,8.29,2.5,0.285,2.51,2157,True,ok
0195980AR,Platanus × acerifolia,427583,15.29,3.8,2.19,8.68,0.19,3.32,130,True,ok
0195982AR,Platanus × acerifolia,427583,9.64,3.0,1.95,6.88,0.413,1.77,108,True,ok
0195983AR,Magnolia grandiflora,427583,12.12,1.5,1.38,3.18,0.364,2.02,37,True,no_crown_detected
0195985AR,Tipuana tipu,427583,,0.0,0.0,,,,0,True,no_crown_detected
0195986AR,Platanus × acerifolia,427583,6.39,1.8,1.49,2.85,0.458,1.56,58,True,no_crown_detected
0195987AR,Styphnolobium japonicum,427583,8.24,31.2,6.31,4.49,0.445,1.62,1504,True,ok
0195988AR,Platanus × acerifolia,427583,12.83,62.2,8.9,3.11,0.338,2.17,2742,True,ok
0195991AR,Platanus × acerifolia,427583,10.79,2.0,1.6,6.5,0.157,3.7,51,True,ok
0195993AR,Platanus × acerifolia,427583,12.74,3.8,2.19,7.13,0.256,2.73,145,True,ok
0195996AR,Platanus × acerifolia,427583,13.3,62.8,8.94,5.0,0.215,3.07,3272,True,ok
0195999AR,Platanus × acerifolia,427583,17.96,119.5,12.33,8.26,0.147,3.83,2848,True,ok
0196000AR,Magnolia grandiflora,427583,5.57,55.5,8.41,3.49,0.166,3.59,813,True,ok
0196001AR,Platanus × acerifolia,427583,,0.0,0.0,,,,0,True,no_crown_detected
0196005AR,Styphnolobium japonicum,427583,9.1,76.8,9.89,4.24,0.393,1.87,3840,True,ok
0196007AR,Platanus × acerifolia,427583,18.25,78.0,9.97,8.05,0.201,3.2,3440,False,tile_edge
0196008AR,Magnolia grandiflora,427583,13.15,30.8,6.26,3.39,0.259,2.71,588,True,ok
0196009AR,Celtis australis,427583,7.74,26.2,5.78,4.57,0.268,2.64,635,True,ok
0196012AR,Platanus × acerifolia,427583,11.55,81.8,10.2,5.55,0.241,2.85,3676,True,ok
0196013AR,Styphnolobium japonicum,427583,,0.0,0.0,,,,0,True,no_crown_detected
0196014AR,Styphnolobium japonicum,427583,9.38,41.2,7.25,4.28,0.395,1.86,2095,True,ok
0196015AR,Platanus × acerifolia,427583,9.93,2.2,1.69,5.22,0.298,2.42,57,True,ok
0196016AR,Ginkgo biloba,427583,5.18,2.0,1.6,2.74,0.34,2.16,95,True,ok
0196018AR,Platanus × acerifolia,427583,17.61,99.5,11.26,9.5,0.149,3.81,4051,True,ok
0196020AR,Platanus × acerifolia,427583,16.7,38.0,6.96,4.48,0.138,3.96,1787,True,ok
0196021AR,Magnolia grandiflora,427583,,0.0,0.0,,,,0,True,no_crown_detected
0196022AR,Platanus × acerifolia,427583,21.19,184.0,15.31,9.24,0.162,3.64,8963,True,ok
0196023AR,Styphnolobium japonicum,427583,8.79,59.2,8.69,2.48,0.28,2.55,2608,True,ok
0196024AR,Brachychiton populneus,427583,9.18,1.2,1.26,2.49,0.667,0.81,26,False,tile_edge
0196025AR,Platanus × acerifolia,427583,16.94,52.0,8.14,10.58,0.196,3.26,2130,True,ok
0196026AR,Styphnolobium japonicum,427583,7.15,0.5,0.8,6.96,0.0,7.82,2,True,no_crown_detected
0196027AR,Brachychiton populneus,427583,6.79,3.8,2.19,3.37,0.444,1.62,99,True,ok
0196029AR,Platanus × acerifolia,427583,9.12,13.2,4.11,5.31,0.322,2.27,292,True,ok
0196032AR,Styphnolobium japonicum,427583,16.34,139.2,13.32,5.35,0.129,4.1,3331,True,ok
0196033AR,Platanus × acerifolia,427583,17.51,164.8,14.48,5.28,0.144,3.88,3568,True,ok
0196034AR,Platanus × acerifolia,427583,,0.0,0.0,,,,0,True,no_crown_detected
0196038AR,Platanus × acerifolia,427583,16.46,70.2,9.46,6.32,0.29,2.48,3466,True,ok
0196040AR,Robinia pseudoacacia,427583,11.96,96.8,11.1,4.3,0.201,3.21,2549,True,ok
0196042AR,Ligustrum lucidum,427583,19.89,16.0,4.51,3.88,0.311,2.34,344,True,ok
0196044AR,Platanus × acerifolia,427583,18.19,48.8,7.88,5.12,0.18,3.43,2331,True,ok
0196047AR,Firmiana simplex,427583,20.9,77.2,9.92,2.85,0.262,2.68,2686,True,ok
0196863AR,Olea europaea,427583,,0.0,0.0,,,,0,True,no_crown_detected
0198015AR,Pinus pinea,427583,9.33,83.0,10.28,3.7,0.268,2.64,1536,True,ok
0272444AR,Tipuana tipu,427583,6.95,3.2,2.03,3.7,0.321,2.28,78,True,ok
0272464AR,Jacaranda mimosifolia,427583,9.12,2.5,1.78,3.54,0.378,1.95,45,True,few_points
0272466AR,Jacaranda mimosifolia,427583,4.93,5.5,2.65,3.5,0.443,1.63,106,True,ok
0272475AR,Tipuana tipu,427583,13.89,34.8,6.65,7.83,0.126,4.15,677,True,ok
0272486AR,Jacaranda mimosifolia,427583,6.66,4.2,2.33,4.17,0.458,1.56,107,True,ok
0272510AR,Tipuana tipu,427583,14.13,58.5,8.63,7.49,0.163,3.63,1082,True,ok
0272515AR,Jacaranda mimosifolia,427583,8.08,46.2,7.67,3.74,0.416,1.76,1251,True,ok
0272522AR,Tipuana tipu,427583,11.94,2.2,1.69,11.03,0.184,3.38,38,True,few_points
0272528AR,Jacaranda mimosifolia,427583,6.53,11.0,3.74,3.8,0.452,1.59,281,True,ok
0272540AR,Tipuana tipu,427583,12.95,2.2,1.69,12.02,0.229,2.95,35,True,few_points
0272546AR,Tipuana tipu,427583,11.73,37.0,6.86,6.27,0.274,2.59,818,True,ok
0272547AR,Tipuana tipu,427583,12.82,69.5,9.41,6.97,0.179,3.44,1393,True,ok
0272559AR,Tipuana tipu,427583,15.32,126.8,12.7,9.69,0.177,3.46,2396,True,ok
0272573AR,Handroanthus heptaphyllus,427583,10.33,6.8,2.93,8.9,0.406,1.8,128,True,ok
0272576AR,Jacaranda mimosifolia,427583,7.77,28.0,5.97,4.46,0.318,2.29,581,True,ok
0272585AR,Jacaranda mimosifolia,427583,8.05,26.5,5.81,3.62,0.317,2.3,593,True,ok
0272608AR,Jacaranda mimosifolia,427583,6.76,29.5,6.13,3.82,0.415,1.76,731,True,ok
0272615AR,Tipuana tipu,427583,14.06,2.2,1.69,10.68,0.353,2.08,51,True,ok
0272618AR,Jacaranda mimosifolia,427583,8.0,25.5,5.7,4.15,0.367,2.01,693,True,ok
0272624AR,Tipuana tipu,427583,10.55,13.8,4.18,5.77,0.195,3.27,272,True,ok
0272647AR,Jacaranda mimosifolia,427583,6.23,3.0,1.95,2.87,0.507,1.36,67,True,ok
0272650AR,Ligustrum lucidum,427583,6.03,14.2,4.26,3.48,0.356,2.07,284,True,ok
0272691AR,Tipuana tipu,427583,11.44,2.2,1.69,8.82,0.15,3.79,40,True,few_points
0272692AR,Jacaranda mimosifolia,427583,6.87,12.2,3.95,3.06,0.475,1.49,301,True,ok
0272703AR,Tipuana tipu,427583,4.84,12.2,3.95,2.99,0.453,1.58,289,True,ok
0272720AR,Platanus × acerifolia,427583,15.95,67.8,9.29,4.68,0.28,2.54,1659,True,ok
0272743AR,Platanus × acerifolia,427583,13.78,68.2,9.32,7.28,0.327,2.23,1622,True,ok
0272764AR,Tipuana tipu,427583,14.88,54.5,8.33,9.61,0.154,3.75,1107,True,ok
0272770AR,Tipuana tipu,427583,11.73,53.2,8.23,2.8,0.123,4.2,1175,True,ok
0272773AR,Tipuana tipu,427583,13.37,2.2,1.69,8.7,0.288,2.49,66,True,ok
0272781AR,Jacaranda mimosifolia,427583,4.01,1.2,1.26,3.38,0.633,0.91,30,True,no_crown_detected
0272810AR,Tipuana tipu,427583,13.96,50.2,8.0,8.1,0.156,3.71,1018,True,ok
0272813AR,Tipuana tipu,427583,13.42,2.2,1.69,8.53,0.045,6.18,44,True,few_points
0273783AR,Platanus × acerifolia,427583,10.92,2.2,1.69,5.9,0.087,4.88,23,True,few_points
0273793AR,Platanus × acerifolia,427583,11.23,13.8,4.18,5.96,0.16,3.67,250,True,ok
0274034AR,Platanus × acerifolia,427583,17.87,83.0,10.28,6.71,0.156,3.71,1995,True,ok
0274047AR,Platanus × acerifolia,427583,22.56,96.2,11.07,6.62,0.125,4.17,2240,True,ok
0274114AR,Platanus × acerifolia,427583,14.5,52.0,8.14,5.73,0.209,3.13,1260,True,ok
0274119AR,Platanus × acerifolia,427583,16.41,30.8,6.26,5.96,0.164,3.62,770,True,ok
0274182AR,Magnolia grandiflora,427583,15.48,61.0,8.81,7.81,0.153,3.75,1359,True,ok
0274185AR,Magnolia grandiflora,427583,10.17,1.5,1.38,4.75,0.0,7.82,20,True,no_crown_detected
0286564AR,Ailanthus altissima,427583,11.6,58.5,8.63,6.48,0.266,2.65,1543,True,ok
0286565AR,Platanus × acerifolia,427583,19.47,168.0,14.63,10.3,0.104,4.52,3840,True,ok
0286566AR,Platanus × acerifolia,427583,17.52,2.2,1.69,9.6,0.077,5.13,52,True,ok
0286567AR,Platanus × acerifolia,427583,21.0,147.0,13.68,9.19,0.075,5.17,3484,True,ok
0286690AR,Tipuana tipu,427583,7.17,39.8,7.11,4.34,0.362,2.03,806,True,ok
0286742AR,Morus alba,427583,,0.0,0.0,,,,0,True,no_crown_detected
0286746AR,Platanus × acerifolia,427583,19.26,114.2,12.06,6.86,0.185,3.37,2467,True,ok
0289024AR,Acer monspessulanum,427583,6.1,10.8,3.7,3.03,0.343,2.14,274,True,ok
0289025AR,Acer monspessulanum,427583,6.33,14.2,4.26,3.57,0.319,2.28,383,True,ok
0289026AR,Acer monspessulanum,427583,6.48,13.8,4.18,3.54,0.23,2.94,331,True,ok
0289027AR,Acer monspessulanum,427583,7.6,17.0,4.65,3.93,0.388,1.89,537,True,ok
0289028AR,Acer monspessulanum,427583,6.09,12.8,4.03,1.67,0.23,2.94,374,True,ok
0289029AR,Acer monspessulanum,427583,17.0,23.8,5.5,3.7,0.131,4.06,550,True,ok
0289030AR,Acer monspessulanum,427583,6.37,17.0,4.65,3.83,0.376,1.96,464,True,ok
0289031AR,Acer monspessulanum,427583,6.88,19.8,5.01,2.09,0.141,3.91,409,True,ok
0289032AR,Acer monspessulanum,427583,17.64,21.2,5.2,3.81,0.219,3.04,649,True,ok
0289033AR,Acer monspessulanum,427583,6.39,10.8,3.7,3.82,0.423,1.72,399,True,ok
0289034AR,Acer monspessulanum,427583,4.83,4.2,2.33,2.27,0.353,2.08,148,True,ok
0289035AR,Acer monspessulanum,427583,6.66,15.8,4.48,3.9,0.449,1.6,514,True,ok
0289036AR,Acer monspessulanum,427583,6.11,9.2,3.43,3.81,0.417,1.75,322,True,ok
0289037AR,Acer monspessulanum,427583,17.92,22.2,5.32,4.43,0.291,2.47,937,True,ok
0289038AR,Acer monspessulanum,427583,5.79,3.2,2.03,3.12,0.311,2.34,140,True,ok
0289039AR,Acer monspessulanum,427583,5.74,13.2,4.11,2.74,0.479,1.47,390,True,ok
0289040AR,Acer monspessulanum,427583,16.59,18.8,4.89,4.18,0.296,2.44,814,True,ok
0289041AR,Acer monspessulanum,427583,6.7,15.8,4.48,3.12,0.262,2.68,423,True,ok
0289042AR,Acer monspessulanum,427583,6.77,16.2,4.55,3.54,0.378,1.95,445,True,ok
0289043AR,Acer monspessulanum,427583,6.07,15.2,4.41,3.32,0.302,2.4,492,True,ok
0289044AR,Acer monspessulanum,427583,7.76,22.5,5.35,4.01,0.185,3.37,650,True,ok
0289045AR,Acer monspessulanum,427583,7.1,18.5,4.85,3.85,0.339,2.16,537,True,ok
0289046AR,Acer monspessulanum,427583,6.56,22.2,5.32,2.86,0.193,3.29,579,True,ok
0289047AR,Acer monspessulanum,427583,17.34,28.2,6.0,3.41,0.17,3.54,1074,True,ok
0289048AR,Acer monspessulanum,427583,7.46,29.2,6.1,3.1,0.218,3.05,933,True,ok
0289050AR,Acer monspessulanum,427583,5.79,8.0,3.19,3.28,0.41,1.78,272,True,ok
0289051AR,Acer monspessulanum,427583,5.54,11.8,3.87,3.86,0.395,1.86,362,True,ok
0289052AR,Acer monspessulanum,427583,6.4,11.2,3.78,3.68,0.362,2.03,375,True,ok
0289053AR,Acer monspessulanum,427583,6.7,13.8,4.18,3.63,0.344,2.13,462,True,ok
0289054AR,Acer monspessulanum,427583,7.07,16.0,4.51,3.81,0.355,2.07,558,True,ok
0289055AR,Acer monspessulanum,427583,5.97,10.0,3.57,3.8,0.333,2.2,377,True,ok
0289056AR,Acer monspessulanum,427583,6.05,14.2,4.26,3.26,0.307,2.36,437,True,ok
0289057AR,Acer monspessulanum,427583,5.84,13.8,4.18,2.62,0.327,2.24,486,True,ok
0289058AR,Acer monspessulanum,427583,5.19,6.0,2.76,2.61,0.434,1.67,211,True,ok
0289120AR,Magnolia grandiflora,427583,6.11,7.8,3.14,3.16,0.378,1.95,355,True,ok
0289121AR,Ligustrum lucidum,427583,8.76,72.0,9.57,2.84,0.197,3.25,2804,True,ok
0289122AR,Magnolia grandiflora,427583,,0.0,0.0,,,,0,True,no_crown_detected
0289123AR,Magnolia grandiflora,427583,,0.0,0.0,,,,0,True,no_crown_detected
0289124AR,Magnolia grandiflora,427583,,0.0,0.0,,,,0,True,no_crown_detected
0289125AR,Magnolia grandiflora,427583,,0.0,0.0,,,,0,True,no_crown_detected
0289210AR,Platanus × acerifolia,427583,9.45,26.8,5.84,3.47,0.2,3.22,1098,False,tile_edge
0289382AR,Melia azedarach,427583,7.08,15.2,4.41,4.63,0.308,2.36,398,True,ok
0289655AR,Pyrus calleryana,427583,6.51,9.2,3.43,3.84,0.292,2.46,154,True,ok
0289733AR,Pyrus calleryana,427583,,0.0,0.0,,,,0,True,no_crown_detected
0294461AR,Platanus × acerifolia,427583,17.19,98.2,11.18,7.59,0.17,3.55,2550,True,ok
0294462AR,Magnolia grandiflora,427583,9.91,1.8,1.49,3.31,0.125,4.16,24,True,no_crown_detected
0294512AR,Platanus × acerifolia,427583,16.66,12.2,3.95,5.39,0.182,3.41,346,True,ok
0294567AR,Platanus × acerifolia,427583,16.94,37.0,6.86,2.34,0.311,2.34,808,True,ok
0294569AR,Magnolia grandiflora,427583,,0.0,0.0,,,,0,False,tile_edge
0295948AR,Gleditsia triacanthos,427583,6.98,14.5,4.3,3.94,0.389,1.89,410,False,tile_edge
0295949AR,Gleditsia triacanthos,427583,6.45,17.8,4.75,2.11,0.363,2.02,484,False,tile_edge
0295950AR,Gleditsia triacanthos,427583,6.86,17.0,4.65,2.78,0.391,1.88,607,True,ok
0295951AR,Gleditsia triacanthos,427583,8.98,10.2,3.61,2.7,0.34,2.16,400,True,ok
0295952AR,Gleditsia triacanthos,427583,8.64,15.5,4.44,4.97,0.365,2.02,424,True,ok
0295953AR,Gleditsia triacanthos,427583,31.97,29.0,6.08,5.22,0.145,3.86,1317,True,ok
0295954AR,Gleditsia triacanthos,427583,29.01,18.0,4.79,4.27,0.298,2.42,886,True,ok
0295955AR,Gleditsia triacanthos,427583,,0.0,0.0,,,,0,True,no_crown_detected
0295956AR,Gleditsia triacanthos,427583,,0.0,0.0,,,,0,True,no_crown_detected
0295957AR,Gleditsia triacanthos,427583,7.3,18.2,4.82,4.27,0.435,1.67,702,True,ok
0295958AR,Gleditsia triacanthos,427583,6.72,18.0,4.79,3.79,0.406,1.81,667,True,ok
0295959AR,Gleditsia triacanthos,427583,6.77,13.0,4.07,3.58,0.446,1.62,517,True,ok
0295960AR,Hibiscus syriacus,427583,14.28,14.5,4.3,3.61,0.389,1.89,618,True,ok
0295961AR,Hibiscus syriacus,427583,14.9,14.0,4.22,3.86,0.347,2.12,656,True,ok
0295962AR,Hibiscus syriacus,427583,13.79,12.0,3.91,3.3,0.4,1.83,552,True,ok
0295963AR,Hibiscus syriacus,427583,5.01,9.2,3.43,2.65,0.526,1.28,361,True,ok
0295964AR,Hibiscus syriacus,427583,5.07,8.2,3.24,2.94,0.487,1.44,327,True,ok
0295965AR,Hibiscus syriacus,427583,4.83,5.8,2.71,2.99,0.537,1.25,186,True,ok
0295966AR,Hibiscus syriacus,427583,,0.0,0.0,,,,0,True,no_crown_detected
0295967AR,Gleditsia triacanthos,427583,5.82,14.2,4.26,4.58,0.549,1.2,476,True,ok
0295968AR,Gleditsia triacanthos,427583,26.97,34.8,6.65,4.93,0.348,2.11,1452,True,ok
0295969AR,Gleditsia triacanthos,427583,27.53,26.2,5.78,2.77,0.29,2.48,1292,True,ok
0295970AR,Gleditsia triacanthos,427583,8.92,26.8,5.84,4.48,0.255,2.73,999,True,ok
0295971AR,Gleditsia triacanthos,427583,,0.0,0.0,,,,0,True,no_crown_detected
0295972AR,Gleditsia triacanthos,427583,8.77,18.0,4.79,5.41,0.289,2.48,690,True,ok
0295973AR,Gleditsia triacanthos,427583,8.1,16.2,4.55,4.18,0.346,2.12,652,True,ok
0295974AR,Gleditsia triacanthos,427583,7.56,22.2,5.32,4.09,0.389,1.89,798,True,ok
0295975AR,Gleditsia triacanthos,427583,9.05,22.5,5.35,4.33,0.493,1.42,731,True,ok
0295976AR,Gleditsia triacanthos,427583,7.8,33.2,6.51,4.55,0.388,1.89,1320,True,ok
0295977AR,Gleditsia triacanthos,427583,7.2,20.5,5.11,3.72,0.34,2.16,735,True,ok
0295978AR,Gleditsia triacanthos,427583,22.07,64.5,9.06,5.24,0.226,2.97,3154,True,ok
0295979AR,Gleditsia triacanthos,427583,6.55,14.5,4.3,3.84,0.443,1.63,578,True,ok
0295980AR,Gleditsia triacanthos,427583,6.73,13.2,4.11,4.0,0.332,2.21,576,True,ok
0295981AR,Gleditsia triacanthos,427583,5.87,16.2,4.55,3.52,0.34,2.16,538,True,ok
0295982AR,Gleditsia triacanthos,427583,,0.0,0.0,,,,0,True,no_crown_detected
0295983AR,Gleditsia triacanthos,427583,,0.0,0.0,,,,0,True,no_crown_detected
0295984AR,Gleditsia triacanthos,427583,7.26,21.5,5.23,3.52,0.366,2.01,842,True,ok
0295985AR,Gleditsia triacanthos,427583,7.3,52.2,8.16,3.52,0.341,2.15,2103,True,ok
0295986AR,Gleditsia triacanthos,427583,7.44,27.8,5.94,2.22,0.343,2.14,1050,True,ok
0295987AR,Gleditsia triacanthos,427583,,0.0,0.0,,,,0,True,no_crown_detected
0295988AR,Gleditsia triacanthos,427583,,0.0,0.0,,,,0,True,no_crown_detected
0295989AR,Gleditsia triacanthos,427583,6.9,12.5,3.99,4.71,0.366,2.01,480,True,ok
0295990AR,Gleditsia triacanthos,427583,6.43,24.2,5.56,4.02,0.354,2.08,894,True,ok
0295991AR,Gleditsia triacanthos,427583,6.87,23.0,5.41,3.73,0.406,1.8,898,True,ok
0296019AR,Gleditsia triacanthos,427583,7.68,16.8,4.62,4.57,0.43,1.69,737,False,tile_edge
0296024AR,Gleditsia triacanthos,427583,8.19,16.2,4.55,4.46,0.413,1.77,666,True,ok
0296025AR,Gleditsia triacanthos,427583,7.57,14.5,4.3,4.84,0.406,1.8,618,True,ok
0296027AR,Gleditsia triacanthos,427583,8.11,24.2,5.56,4.06,0.472,1.5,901,False,tile_edge
0296217AR,Acer negundo,427583,6.61,10.8,3.7,2.56,0.404,1.81,267,True,ok
0296328AR,Platanus × acerifolia,427583,11.93,82.2,10.23,6.71,0.302,2.4,3424,True,ok
0296329AR,Platanus × acerifolia,427583,16.36,92.2,10.84,8.15,0.148,3.82,3417,True,ok
0296330AR,Platanus × acerifolia,427583,13.23,3.0,1.95,9.18,0.31,2.34,138,True,ok
0296331AR,Styphnolobium japonicum,427583,9.09,43.2,7.42,5.04,0.341,2.15,1830,True,ok
0296857AR,Magnolia grandiflora,427583,7.68,22.2,5.32,2.67,0.275,2.58,732,True,ok
0296858AR,Platanus × acerifolia,427583,8.79,1.2,1.26,5.77,0.286,2.51,66,True,no_crown_detected
0296859AR,Magnolia grandiflora,427583,19.17,45.0,7.57,2.1,0.241,2.85,1386,True,ok
0297358AR,Acer negundo,427583,12.64,36.8,6.84,5.46,0.197,3.25,869,True,ok
0297359AR,Styphnolobium japonicum,427583,8.56,19.8,5.01,4.16,0.092,4.77,336,True,ok
0297360AR,Acer negundo,427583,8.75,4.2,2.33,4.44,0.097,4.67,93,True,ok
0298000AR,Styphnolobium japonicum,427583,9.27,2.2,1.69,3.68,0.435,1.67,115,True,ok
0300121AR,Firmiana simplex,427583,11.03,63.0,8.96,5.79,0.313,2.32,2487,True,ok
0309944AR,Gleditsia triacanthos,427583,9.1,49.2,7.92,4.74,0.33,2.22,2307,True,ok
0313756AR,Citrus × aurantium,427583,7.03,25.2,5.67,2.93,0.17,3.55,513,True,ok
0317023AR,Acer campestre,427583,6.17,11.0,3.74,3.51,0.315,2.31,181,True,ok
0317024AR,Gleditsia triacanthos,427583,,0.0,0.0,,,,0,False,tile_edge
0317025AR,Acer campestre,427583,5.59,6.2,2.82,3.09,0.321,2.27,106,False,tile_edge
0317026AR,Crataegus x lavalleei,427583,5.83,11.5,3.83,3.1,0.322,2.27,180,True,ok
0317027AR,Acer campestre,427583,6.36,8.8,3.34,3.36,0.31,2.34,171,True,ok
0317028AR,Acer campestre,427583,7.42,27.8,5.94,2.41,0.283,2.52,360,True,ok
0317029AR,Acer campestre,427583,6.08,7.5,3.09,3.17,0.289,2.48,142,True,ok
0317030AR,Acer campestre,427583,7.63,31.2,6.31,2.93,0.276,2.57,797,True,ok
0317031AR,Cercis siliquastrum,427583,6.01,26.0,5.75,2.7,0.359,2.05,471,False,tile_edge
0317032AR,Crataegus x lavalleei,427583,4.35,3.5,2.11,3.32,0.45,1.6,60,True,ok
0317033AR,Cercis siliquastrum,427583,5.11,14.8,4.33,2.27,0.287,2.5,251,True,ok
0317034AR,Crataegus x lavalleei,427583,5.66,4.2,2.33,3.87,0.436,1.66,78,True,ok
0317035AR,Cercis siliquastrum,427583,5.76,7.0,2.99,2.87,0.288,2.49,125,True,ok
0317036AR,Crataegus x lavalleei,427583,4.84,2.0,1.6,2.6,0.407,1.8,54,True,ok
0317037AR,Cercis siliquastrum,427583,5.59,21.2,5.2,3.2,0.381,1.93,451,True,ok
0317271AR,Firmiana simplex,427583,,0.0,0.0,,,,0,True,no_crown_detected
0317272AR,Firmiana simplex,427583,5.86,12.0,3.91,2.85,0.423,1.72,281,True,ok
0329869AR,Firmiana simplex,427583,6.28,7.5,3.09,3.46,0.444,1.62,335,True,ok
0329870AR,Firmiana simplex,427583,6.55,61.0,8.81,2.16,0.209,3.13,1349,True,ok
0329871AR,Firmiana simplex,427583,6.64,8.8,3.34,3.39,0.449,1.6,207,True,ok
0329872AR,Firmiana simplex,427583,6.94,7.8,3.14,3.81,0.333,2.2,201,True,ok
0329873AR,Brachychiton populneus,427583,5.59,2.0,1.6,2.27,0.429,1.69,101,True,ok
0329874AR,Brachychiton populneus,427583,8.1,19.0,4.92,3.41,0.409,1.79,997,True,ok
0329875AR,Firmiana simplex,427583,5.8,8.5,3.29,3.79,0.431,1.68,174,True,ok
0329876AR,Firmiana simplex,427583,7.4,7.8,3.14,3.74,0.391,1.88,197,True,ok
0329877AR,Firmiana simplex,427583,7.67,6.8,2.93,3.19,0.376,1.96,181,True,ok
0329878AR,Firmiana simplex,427583,7.17,6.2,2.82,3.4,0.374,1.97,174,True,ok
0329879AR,Firmiana simplex,427583,7.12,7.2,3.04,4.2,0.396,1.85,169,True,ok
0329880AR,Firmiana simplex,427583,7.11,7.2,3.04,2.95,0.38,1.94,166,True,ok
0332733AR,Jacaranda mimosifolia,427583,4.05,2.0,1.6,3.2,0.609,0.99,89,False,tile_edge
0332734AR,Pyrus calleryana,427583,6.01,2.5,1.78,2.82,0.506,1.36,121,True,ok
0332735AR,Pyrus calleryana,427583,5.9,3.5,2.11,2.48,0.577,1.1,155,True,ok
0333195AR,Pinus pinea,427583,11.46,43.0,7.4,8.05,0.34,2.15,884,True,ok
0333196AR,Pinus pinea,427583,,0.0,0.0,,,,0,True,no_crown_detected
0333419AR,Pyrus calleryana,427583,,0.0,0.0,,,,0,True,no_crown_detected
0333440AR,Ligustrum lucidum,427583,,0.0,0.0,,,,0,True,no_crown_detected
0333965AR,Styphnolobium japonicum,427583,6.24,2.0,1.6,4.54,0.476,1.48,72,True,ok
0333993AR,Platanus × acerifolia,427583,16.82,8.0,3.19,5.52,0.265,2.65,323,True,ok
0341365AR,Ficus carica,427583,7.77,109.2,11.79,2.81,0.283,2.53,3633,True,ok
