openalex,buckets,rank,year,cited,first_author,title,doi,venue,oa_pdf,abstract
W3037472889,B7,0,2020,99,Manuel Esperón‐Rodríguez,Functional adaptations and trait plasticity of urban trees along a climatic gradient,https://doi.org/10.1016/j.ufug.2020.126771,Urban forestry & urban greening,,
W3003300304,B7,0,2020,252,Andrew Francis Speak,The influence of tree traits on urban ground surface shade cooling,https://doi.org/10.1016/j.landurbplan.2020.103748,Landscape and Urban Planning,,
W4223493553,B7,0,2022,72,Jing Huang,Transpirational cooling and physiological responses of trees to heat,https://doi.org/10.1016/j.agrformet.2022.108940,Agricultural and Forest Meteorology,,
W2315541912,B7,0,2016,6,Seung Man An,A Study of the Urban Tree Canopy Mean Radiant Temperature Mitigation Estimation,https://doi.org/10.9715/kila.2016.44.1.093,Journal of the Korean Institute of Landscape Architecture,http://koreascience.or.kr:80/article/JAKO201609562998896.pdf,"이 연구는 제안한 평균복사온도의 차감비교기법을 통해 도시림이 여름철 옥외 환경에 미치는 온열완화를 정량적으로 추정하고 평가는 것을 목적으로 한다. 항공 라이다 측량시스템 기반 3차원 점군자료로부터 도시림이 있는 모의 대상지와 도시림이 없는 모의 대상지 두 사례를 구축하여 SOLWEIG 기반에서 평균복사온도를 산출하고 두 값들을 비교 및 분석하였다. 연구를 통해 도시림 캐노피가 연구지역 전체 일평균 $T_{mrt}$ 를 약 $5^{\circ}C$ 정도 저감하며 태양의 위치와 지면 조건에 따라 시간평균 $T_{mrt}$ 가 $33^{\circ}C$ 까지 저감될 수 있음을 확인하였다. 결과들은 도시미기후 지표(풍속, 습도, 대기 온도 등) 및 생명기상(인지온도 등) 연구들을 향상시키고 더불어 삼림 기반 공공 녹색정책 개발에 활용될 수 있을 것이다. This study aimed to estimate and evaluate the thermal mitigation of the urban tree canopy on the summer outdoor environment by quantitative use of mean radiant temperature. This study applied the SOLWEIG model based $T_{mrt}$ comparison method by using both (1) urban tree canopy presence examples and (2) urban tree canopy absence examples as constructed from airborne LiDAR system based three-dimensional point cloud data. As a result, it was found that an urban tree canopy can provide a decrease in the entire domain averaged daily mean $T_{mrt}$ about $5^{\circ}C$ and that the difference can increase up to $33^{\circ}C$ depending both on sun position and site conditions. These results will enhance urban microclimate studies such as indices (e.g., wind speed, humidity, air temperature) and biometeorology (e.g., perceived temperature) and will be used to support forest based public green policy development."
W4415810201,B7,0,2025,3,Maassoumeh Barghchi,Comparing the Current and Future Thermal Comfort Offered by Urban Park Configurations,https://doi.org/10.3390/land14112172,Land,,"There is growing interest in utilising urban parks as nature-based solutions to mitigate the effects of climate change and rising temperatures by improving thermal comfort. Nonetheless, understanding remains limited on how different park configurations influence summer thermal comfort, particularly under future warming scenarios. This novel study evaluates park configurations across different neighbourhood layouts within Perth’s Mediterranean climate under both present and future conditions. Study precincts were modelled and simulated using ENVI-met version 5.5 for an average current summer day, based on 25 years of local weather data and climate projections for 2090 under the Representative Concentration Pathway 8.5 scenario, representing the worst-case scenario. Results showed that park surfaces were consistently cooler than surrounding streets based on LST; however, this did not always translate into improved thermal comfort, as exposed grass areas often exhibited high Physiological Equivalent Temperature (PET) values. PET has been confirmed as the most suitable outdoor human thermal comfort index. Canopy cover and vegetation type, particularly tall trees and bushland, were more influential than park size or configuration in enhancing thermal comfort. These findings provide evidence-based insights, highlighting the importance of strategies that prioritise tree canopy coverage to enhance urban cooling and resilience to climate change."
W2593562187,B7,0,2017,118,Dragan D. Milošević,Influence of changing trees locations on thermal comfort on street parking lot and footways,https://doi.org/10.1016/j.ufug.2017.03.011,Urban forestry & urban greening,,
W2907665939,B7,0,2018,181,Teresa Zölch,Designing public squares with green infrastructure to optimize human thermal comfort,https://doi.org/10.1016/j.buildenv.2018.12.051,Building and Environment,,
W7134247475,B7,0,2026,0,Taihan Chen,Machine learning-based design optimization of urban greening for cooling in tropical cities,https://doi.org/10.1016/j.buildenv.2026.114468,Building and Environment,,
W7126081216,B7,0,2026,0,Bianca Del Duca,Climate Risk Analysis Related to Urban Heat Islands in Metropolitan Areas for Urban Health: The Case Study of The Florence Plain,https://doi.org/10.36253/contest-16543,Contesti Città territori progetti,https://oajournals.fupress.net/index.php/contesti/article/download/16543/15526,"Urban heat islands (UHI) have become a widespread phenomenon in metropolitan areas worldwide, manifesting as an increase in the average ground surface temperature in urban environments compared to suburban areas. Climate change and intensified urbanization exacerbate this process, making it a key challenge of our time. In this context, urban planning plays a crucial role in developing UHI mitigation plans and adaptation strategies aimed at enhance urban livability and climate resilience. This research carries out a model for assessing and tackling climate risk associated with UHI in the Piana Fiorentina area, focusing on areas where thermal stress and population sensitivity are especially high, making heat-reduction interventions a priority. The study also proposes targeted responses and simulates the effectiveness of various design solutions for mitigating UHI effects and implementing adaptation strategies, highlighting the potential to adapt this method to other metropolitan areas."
W3085972052,B7,0,2020,247,Marco Morabito,Surface urban heat islands in Italian metropolitan cities: Tree cover and impervious surface influences,https://doi.org/10.1016/j.scitotenv.2020.142334,The Science of The Total Environment,,
W4388772553,B7,0,2023,151,Wan Ting Katty Huang,Economic valuation of temperature-related mortality attributed to urban heat islands in European cities,https://doi.org/10.1038/s41467-023-43135-z,Nature Communications,https://www.nature.com/articles/s41467-023-43135-z.pdf,"As the climate warms, increasing heat-related health risks are expected, and can be exacerbated by the urban heat island (UHI) effect. UHIs can also offer protection against cold weather, but a clear quantification of their impacts on human health across diverse cities and seasons is still being explored. Here we provide a 500 m resolution assessment of mortality risks associated with UHIs for 85 European cities in 2015-2017. Acute impacts are found during heat extremes, with a 45% median increase in mortality risk associated with UHI, compared to a 7% decrease during cold extremes. However, protracted cold seasons result in greater integrated protective effects. On average, UHI-induced heat-/cold-related mortality is associated with economic impacts of €192/€ - 314 per adult urban inhabitant per year in Europe, comparable to air pollution and transit costs. These findings urge strategies aimed at designing healthier cities to consider the seasonality of UHI impacts, and to account for social costs, their controlling factors, and intra-urban variability."
W4318685275,B7,0,2023,574,Tamara Iungman,Cooling cities through urban green infrastructure: a health impact assessment of European cities,https://doi.org/10.1016/s0140-6736(22)02585-5,The Lancet,https://researchonline.lshtm.ac.uk/id/eprint/4668939/1/Iungman_etal_2023_Cooling-cities-through-urban-green.pdf,
W4407707328,B7,1,2025,10,Tiago Silva,Heat stress mitigation by exploring UTCI hotspots and enhancing thermal comfort through street trees,https://doi.org/10.1007/s00704-025-05400-7,Theoretical and Applied Climatology,https://link.springer.com/content/pdf/10.1007/s00704-025-05400-7.pdf,"Abstract Heat stress mitigation actions must be carefully planned in order to achieve effective outcomes. By integrating urban planning guidelines with urban climate knowledge, substantial benefits can be achieved for the community. In Lisbon, the study area, urban planning guidelines are strict in relation to the tree species which should be used for planting. This study examined these species environmental contributions to the community, especially in regard to heat stress mitigation in two urban canyons previously found as UTCI hotspots. For this, microclimatic Envi-met simulations were run which allowed recalculation of the UTCI hotspot analysis and to assess individual species contribution to possible mitigation efforts. Results demonstrated the ability of these trees to lower air temperature and the Universal Thermal Climate Index (UTCI). By reducing UTCI temperatures between 3.19 °C and 6.27 °C on a hot summer’s day, these trees were also able to transform an identified UTCI hotspot into a coldspot. From the studied species, Pyrus calleryana was found to be the most effective species for mitigating thermal stress, although all three species performed well. Regarding community services, according to the iTree tool, Cercis siliquastrum had the greatest overall impact. These results give to the municipal urban planning which tree species should be prioritized in terms of climate action, as well as a methodological framework to assess at local scale which areas should be i"
W4391005134,B7,1,2023,7,René van der Velde,Cool Tree Architecture: A Descriptive Framework for a Tree Architecture Typology to Temper Urban Microclimates,https://doi.org/10.15302/j-laf-1-020084,Landscape Architecture Frontiers,https://journal.hep.com.cn/laf/EN/PDF/10.15302/J-LAF-1-020084,"As the elementary unit of the urban forest, trees temper thermal extremes in urban microclimates through shading and evapotranspiration, and by altering the movement of air. Metrics on shade performances of different species, however, are currently limited, which can be remedied by the development of a method to describe the range of species and cultivars via a structured overview of physical characteristics impacting radiation reflectivity, absorptivity, and transmissivity. This paper proposes a descriptive framework based on the concept of “tree architecture,” which has developed into a recognized field of plant study from the perspective of their physiognomy, morphology, and morphogenesis. The framework describes various architectural sub-traits within the overall trait categories of Crown, Wood, and Foliage. The descriptive framework can be used to develop a “Cool Tree Architecture Typology” (C-TAT), in which trees can be organized into similar types based on common physical characteristics. Further elaboration of sub-traits using observations of trees in controlled field laboratories resulted in new derivative classes for use as key in classifications for the C-TAT. The C-TAT can be used to organize the many species and cultivars occurring in, for example, Cfb Atlantic climate zone cities, to a lesser number of architectural types. This allows for more rapid evaluation and cooling performance calculations of tree inventories and can also be of value in assisting tree man"
W659169719,B7,1,2015,235,Janina Konarska,Transpiration of urban trees and its cooling effect in a high latitude city,https://doi.org/10.1007/s00484-015-1014-x,International Journal of Biometeorology,,
W4309945063,B7,1,2022,10,Zhengrong Li,STMRT: A simple tree canopy radiative transfer model for outdoor mean radiant temperature,https://doi.org/10.1016/j.buildenv.2022.109846,Building and Environment,,
W4319316700,B7,1,2023,21,Nikolaos Sylliris,Improving the Climate Resilience of Urban Road Networks: A Simulation of Microclimate and Air Quality Interventions in a Typology of Streets in Thessaloniki Historic Centre,https://doi.org/10.3390/land12020414,Land,https://www.mdpi.com/2073-445X/12/2/414/pdf?version=1676540033,"The improvement of the urban microclimate in the densely-built central areas of Mediterranean cities should be a key objective of integrated urban and transport planning and design in accordance with the UN Sustainable Development Goals on energy, sustainable cities, and climate action. The urban climate of cities in warm regions, already burdened by the urban heat island effect, is expected to worsen further due to the global climate crisis. This study investigates the performance of common environmental street design strategies on microclimate, thermal comfort, and air quality under extreme heat conditions in the Mediterranean city of Thessaloniki, Greece. A typology of streets was selected using criteria such as road functional classification and orientation, land uses, building height/street width ratio, the sky view factor, and the continuity/discontinuity of buildings. A conservative scenario (use of cool/photocatalytic and porous materials for sidewalks, lighter pavements, additional tree planting, installations of green roofs) and a radical scenario (pedestrianization and total traffic prohibition) of environmental design interventions were simulated using the ENVI-met 5.1 software. The research findings demonstrated that the car-free interventions combined with the use of environmentally friendly materials in the public realm could significantly reduce the heat island effect and mitigate gaseous pollutants. The perceived air temperature (Physiological Equivalent Temp"
W7217983716,B7,1,2024,0,Eslam Mohamed Naguib Ali,A Design Methodology For Improving Outdoor Thermal Comfort In The Urban Space,,Educational Administration Theory and Practice journal,https://kuey.net/index.php/kuey/article/download/6340/4633,"Improvement of outdoor thermal comfort is essential for achieving a livable and functional urban space and creating a thermally comfortable environment, so designers must think about developing solutions for landscape and urban design. The main problem is that urban developments in Egypt often overlook green design strategies, leading to an outdoor thermal discomfort environment for users. This paper introduces a simulation workflow utilizing the grasshopper interface with honeybee and ladybug plugins to determine the correlation between optimal tree shading ratios and the changing dimension proportions of a hypothetical central courtyard within the Cairo region. The Cassia nodosa tree model with maximum foliage (Seasonal leaf factor 1.0) has been simulated for a typical summer week from July 24th to July 30th to assess the impact of this correlation on outdoor thermal comfort. The simulation results indicate that the optimal tree shading percentage correlates with varying courtyard dimension proportions, keeping the height constant. This correlation leads to an optimum reduction in Mean Radiant Temperature (MRT) and Universal Thermal Climate Index (UTCI) values, as well as an enhancement in Outdoor Thermal Comfort Percentage (OTCP%) for the square-shaped hypothetical courtyards. Accordingly, a curve graph represents the correlation between the courtyard dimension proportions and the corresponding optimal tree shading ratio obtained. This curve enables both graphical and math"
W4407284061,B7,1,2025,16,Geon Kang,How to plant trees on an elevated road to improve thermal comfort in a street canyon,https://doi.org/10.1016/j.scs.2025.106207,Sustainable Cities and Society,,"• Investigated the effects of trees on elevated roads on airflow and thermal comfort. • Implemented a tree-induced cooling parameterization in the CFD model. • Elevated roads significantly affect airflow and temperature in street canyons. • Trees on elevated roads improve thermal comfort through cooling and shading. • Trees over 6 m in height are recommended for improving UTCI. This study investigates the impact of trees planted on an elevated road on airflow and thermal comfort in a street canyon using a computational fluid dynamics (CFD) model, incorporating parameterization schemes for tree drag, shading, and evapotranspiration. To systematically assess the effects of trees on in-canyon airflows and temperatures, varying tree heights and locations were evaluated for three solar altitudes: morning, noon, and afternoon. The elevated road reduced surrounding wind speeds and increased air temperatures due to surface heating. When trees were planted on the elevated road, their drag and cooling effects further decreased wind speeds and temperatures. Specifically, trees taller than 6 m reduced average temperatures by -1.7 °C on the elevated road and -0.6 °C beneath it in pedestrian areas. Thermal comfort was assessed using the Universal Thermal Climate Index (UTCI). Shrubs under 1 meter showed high cooling efficiency but limited shading, whereas trees taller than 4 m improved UTCI by 2–8 °C. Central tree planting on the elevated road provided the most significant UTCI improvement"
W7134270486,B7,1,2026,2,H B Wang,A Machine Learning-Based Multi-Objective Optimization and Decision Support Framework for Age-Friendly Outdoor Activity Spaces,https://doi.org/10.3390/buildings16051088,Buildings,,"Thermal comfort and adequate sunlight exposure are essential for maintaining the health of older adults. Although multi-objective optimization (MOO) has been increasingly applied to improve environmental performance in spatial design, most existing studies still rely on computationally expensive physical simulations, and their optimization results often lack interpretability and operability in early design decision-making. To address these issues, this study proposes a collaborative optimization framework that integrates machine learning surrogate models with neural visualization tools to support performance-driven design of age-friendly outdoor spaces at the early stage. Based on survey data from 46 typical Beijing communities, we constructed a parametric model with three objectives: minimizing summer UTCI, maximizing winter UTCI, and maximizing sunlight duration. An XGBoost model is adopted as a surrogate to accelerate performance prediction, while a self-organizing map (SOM) was applied to cluster and visualize Pareto-optimal solutions. The results indicate that the surrogate model achieves high predictive accuracy and reduces overall computational time by approximately 45% compared with conventional physical simulations. Moreover, the SOM-based visual decision process compresses the high-dimensional solution space and reduces candidate schemes by more than 90%, enabling rapid identification of design solutions that balance environmental performance and spatial morphology."
W2312484363,B7,1,2006,3,Martina Petralli,RUOLO DELLE AREE VERDI NELLA MITIGAZIONE DELL'ISOLA DI CALORE URBANA: UNO STUDIO NELLA CITTÀ DI FIRENZE ROLE OF GREEN AREAS IN URBAN HEAT ISLAND MITIGATION: A CASE STUDY IN FLORENCE (ITALY),,,,"The Urban heat Island (UHI) it’s a phenomenon that matters several subjects, from phenology to human health. City green areas have an UHI mitigation role that is much more important during summer, when air temperatures in the cities remain high during the evening. The air temperature distribution in the city of Florence was studied in this work according to three different settings: street, garden and courtyard, that is little garden (less than 500 m2) surrounded by walls. Furthermore, air temperature was analysed according to the distance from the center of the city, the mean number of buildings per km2 and their mean high. As a result of this study, higher air temperatures were found in the center of the city and just near of it. These zones are even characterizad by a smaller quantity of green areas, by a higher urban density and by higher mean height of buildings. Moreover, it is in these areas that the higher air temperature differences between streets and gardens were found. It is important to underline that green areas inside the city behaves, as to air temperature, as rural areas surrounding the city do: in fact, at the beginning of the day (up to 8 am), air temperature keeps hight fast in the gardens than in the street, to maintain the same value or nearly lower during the afternoon and to reduce suddenly in the evening, when in the street they keep high for many hours."
W3210385808,B7,1,2020,0,Marco Morabito,Surface urban heat island of metropolitan Italian cities: tree cover and impervious surface influences - Supplementary materials,https://doi.org/10.5281/zenodo.3975513,Zenodo (CERN European Organization for Nuclear Research),,"Based on the 2018 population census, around 70% of the Italian population lives in urban areas and just over 30% lives in the 10 metropolitan cities of the Italian peninsula. The knowledge of processes that regulate the urban microclimate is a priority in order to design acceptable thermal environments for urban living spaces. Studies investigating the right trade-off between the amount of important land surface temperature (LST) predictors, such as impervious and vegetated surfaces, are strongly encouraged. These LST-predictors strongly influence the urban landscape mosaic, also changing microclimate conditions and exacerbating the surface urban heat island (SUHI) phenomenon. The aim of this study was to lead an investigation of the summer daytime SUHI phenomenon and the role played by impervious and tree cover surfaces in the 10 peninsular metropolitan cities located in several Italian regions. Daytime summer LST values were assessed by using MODIS data referred to the months of June, July and August from 2016 to 2018. High spatial resolution (10 m) of impervious surface and tree cover layers were calculated based on open-data developed in this study by the Italian National Institute for Environmental Protection and Research. A novel informative urban surface landscape layer was implemented combining impervious surfaces and tree cover densities and its mapping for metropolitan cities were provided. The summer daytime SUHI significantly increased especially in inland cities "
W4400268195,B7,1,2024,107,Tamara Iungman,"The impact of urban configuration types on urban heat islands, air pollution, CO2 emissions, and mortality in Europe: a data science approach",https://doi.org/10.1016/s2542-5196(24)00120-7,The Lancet Planetary Health,,"BackgroundThe world is becoming increasingly urbanised. As cities around the world continue to grow, it is important for urban planners and policy makers to understand how different urban configuration patterns affect the environment and human health. However, previous studies have provided mixed findings. We aimed to identify European urban configuration types, on the basis of the local climate zones categories and street design variables from Open Street Map, and evaluate their association with motorised traffic flows, surface urban heat island (SUHI) intensities, tropospheric NO2, CO2 per person emissions, and age-standardised mortality.MethodsWe considered 946 European cities from 31 countries for the analysis defined in the 2018 Urban Audit database, of which 919 European cities were analysed. Data were collected at a 250 m × 250 m grid cell resolution. We divided all cities into five concentric rings based on the Burgess concentric urban planning model and calculated the mean values of all variables for each ring. First, to identify distinct urban configuration types, we applied the Uniform Manifold Approximation and Projection for Dimension Reduction method, followed by the k-means clustering algorithm. Next, statistical differences in exposures (including SUHI) and mortality between the resulting urban configuration types were evaluated using a Kruskal–Wallis test followed by a post-hoc Dunn's test.FindingsWe identified four distinct urban configuration types characte"
W4392282423,B7,1,2024,47,Dirk Lauwaet,High resolution modelling of the urban heat island of 100 European cities,https://doi.org/10.1016/j.uclim.2024.101850,Urban Climate,,"In urban areas across Europe, high air temperatures and urban heat islands (UHIs) greatly affect public health, with climate change further increasing the mortality risks. This study presents a validated high resolution (100 m) hourly air temperature dataset for 100 European cities for a 10-year period (2008–2017) that is made available for urban climate research. The data is used to analyse the UHI (as defined in this study) of these 100 cities, using a dedicated indicator that is suitable for comparison across Europe. The UHI indicator is found to be correlated to both meteorological and urban characteristics. Using a statistical model, the current and potential cooling of green infrastructure and soil unsealing in the 100 cities is quantified. The Europe-wide current impact of these climate adaptation measures on the UHI indicator is found to range between 0.03 and 1.82 °C (with an average value of 0.45 °C), which is significant compared to the UHI indicator values ranging between 0.57 and 2.54 °C (with an average value of 1.43 °C). Nevertheless, a large potential for extra cooling from such measures is found to remain in many cities, ranging between 0 and 1 °C, with the Europe-wide average value being 0.49 °C, slightly higher than the estimated current cooling."
W7140161595,B7,2,2026,2,Xiaoou Chen,"Street Orientation, Aspect Ratio, and Tree Species Interactions on Heat Exposure in Temperate Monsoon Climate",https://doi.org/10.3390/su18073177,Sustainability,,"Rapid urbanization has intensified microclimatic deterioration in temperate monsoon cities, directly affecting human thermal comfort. This study investigates the regulatory effects of common street tree species under varying street aspect ratios (H/W) and orientations in Shenyang, China, a representative temperate monsoon city characterized by cold winters. Field surveys and questionnaire data were combined with ENVI-met simulations to quantify thermal comfort responses using the Universal Thermal Climate Index (UTCI). Results demonstrate that street geometry strongly constrains microclimate regulation: streets with H/W = 1.2 and a SE–NW orientation achieved the most favorable balance between shading and ventilation, yielding the lowest UTCI values. Significant interspecies variability was observed: Golden Elm and Chinese Willow provided the greatest cooling benefits, whereas Ginkgo exhibited limited adaptability, particularly in enclosed or highly open canyons. A comparison with subjective thermal comfort votes confirmed strong model reliability, though discrepancies emerged in dense commercial areas due to non-meteorological factors. Based on these findings, a spatially driven, species-adaptive, and human-centered framework is proposed to optimize street greening strategies in a temperate monsoon city characterized by cold winters. This research provides quantitative evidence for urban greening design, highlights the necessity of integrating spatial form with tree-species s"
W4411554387,B7,2,2025,38,Michael Alonzo,Urban Trees and Cooling: A Review of the Recent Literature (2018 to 2024),https://doi.org/10.48044/jauf.2025.023,Arboriculture & Urban Forestry,https://auf.isa-arbor.com/content/isa/early/2025/06/12/jauf.2025.023.full.pdf,"Abstract Urban trees mitigate extreme heat through shading and evapotranspiration, but cooling effectiveness varies with tree traits, spatial configurations, and climate. This systematic mapping review synthesizes findings from 115 studies (2018 to 2024) using RepOrting standards for Systematic Evidence Syntheses (ROSES) protocols. Studies were categorized based on geographic location, climate zone, and heat metric (e.g., land surface temperature or air temperature), highlighting a geographic skew toward North America and Asia and underrepresentation of arid and tropical zones. Findings show that urban trees consistently outperform other vegetation types in cooling, particularly in hotter, drier climates when water is available. Dense, tall canopies provide broad-scale cooling, while mixed plantings with shrubs or grass enhance local effects. However, conflicting conclusions arise from using land surface versus air temperature, as these metrics respond differently to tree canopy. Key knowledge gaps include the role of native versus non-native species in arid climates, the effect of urban morphology on cooling, and tree performance during extreme heat. Most studies remain small-scale and limited in generalizability, emphasizing the continued need for city-specific knowledge. This review highlights urban trees as vital for heat mitigation and the importance of harmonizing research objectives and methods to inform planning and practice effectively."
W2181338717,B7,2,2015,170,Fanhua Kong,Retrieval of three-dimensional tree canopy and shade using terrestrial laser scanning (TLS) data to analyze the cooling effect of vegetation,https://doi.org/10.1016/j.agrformet.2015.11.005,Agricultural and Forest Meteorology,,
W4409598730,B7,2,2025,27,Christoph Bachofen,High transpirational cooling by urban trees despite extreme summer heatwaves,https://doi.org/10.1016/j.ufug.2025.128819,Urban forestry & urban greening,,"Urban trees cool their environment by shading and transpiration (latent heat, LE ), thereby alleviating urban heat. LE may be critically reduced during heatwaves, when trees reduce stomatal conductance ( g S ) to prevent hydraulic dysfunctions. Recent observations indicate that g S may still be maintained during heatwaves, but implications for urban heat stress mitigation remain elusive. We recorded sap flow on eight Platanus x acerifolia trees in Geneva to assess LE during 2023, which had two record-breaking summer heatwaves. We repeatedly assessed leaf water potentials at pre-dawn and midday (Ψ pre , Ψ mid ), g S , and leaf, canopy, and ground surface temperatures in shaded and sunlit parts (T leaf , T can , T surf ). Using ecohydrological modelling (UT&C), we determined the energy budget of the urban square and assessed whether LE and g S predictions match measurements. Despite air temperatures (T air ) reaching 39.1 ºC, trees continued transpiring up to 37.1 kg h −1 ( LE of 25.3 kW). LE was similar during heatwaves (T air > 30 ºC) as during cooler periods and compensated approximately 33.3 % of the urban heating by solar radiation (R S ). In contrast, the model predicted a higher decrease of g S , and LE to 22.8 % of R S during heatwaves, thereby underestimating actual tree cooling. Despite unprecedented heatwaves, Platanus x acerifolia trees efficiently cooled the urban environment. Measured LE largely surpassed model estimations during heatwaves, hence actual cooling ef"
W2912090903,B7,2,2019,110,Mehdi Aminipouri,Modelling the impact of increased street tree cover on mean radiant temperature across Vancouver’s local climate zones,https://doi.org/10.1016/j.ufug.2019.01.016,Urban forestry & urban greening,,
W4404243165,B7,2,2024,10,Jamil Binabid,Optimizing Outdoor Thermal Comfort for Educational Buildings: Case Study in the City of Riyadh,https://doi.org/10.3390/buildings14113568,Buildings,,"In hot, arid climates, educational buildings often face the challenge of limited outdoor space usage. This research, through comprehensive simulation, aims to propose practical solutions to enhance outdoor thermal comfort, particularly during school break times and student dismissal periods, thereby fostering more comfortable and functional outdoor school environments. That will happen through achieving the main objective of the study, which is evaluating the suggested passive strategies. Riyadh was selected as the case study, and four representative schools were analyzed through simulation and optimization processes to identify key areas for improvement. The research leveraged simulation tools such as Ladybug and Grasshopper in Rhino, highlighting the practicality and impact of this approach. Simulations were performed to assess the existing outdoor thermal conditions using the universal thermal climate index (UTCI) and to pinpoint regions with elevated thermal discomfort. Passive design interventions, such as shading devices and vegetation, were explored and optimized using the Galapagos in Grasshopper. This methodology supports the originality of this research in its integration of simulation tools, such as Ladybug and Grasshopper, with optimization techniques using the Galapagos plugin, specifically applied to the unique site-specific context of educational outdoor environments in a hot, dry climate in Riyadh. Additionally, insights for urban planners and architects demon"
W7160848618,B7,2,2026,1,Huafei Huang,Pedestrian-Oriented Microclimate Optimization for Urban Plazas: Integrating Movement Patterns with Thermal Comfort Simulation,https://doi.org/10.3390/buildings16101874,Buildings,,"Urban plazas in hot-humid climates face severe heat exposure risks due to high sky view factors and limited shading, yet conventional thermal mitigation strategies predominantly rely on plaza-wide performance metrics that misalign with actual pedestrian exposure patterns. This study proposes a pedestrian-oriented microclimate optimization framework that integrates agent-based pedestrian movement simulation (PedSim) with coupled CFD microclimate modeling to enhance outdoor thermal comfort precisely where people walk and congregate. A representative urban plaza (32,300 m2) in a hot-humid climate was analyzed under extreme summer design conditions. Three scenarios were systematically compared: (1) baseline configuration, (2) plaza-wide greening optimization (uniform distribution), and (3) pedestrian-oriented optimization guided by exposure-weighted movement hotspots. Microclimatic variables were simulated using urbanMicroclimateFoam (OpenFOAM), incorporating coupled airflow, heat/moisture transport, radiation, and vegetation modules. Thermal comfort was quantified using Mean Radiant Temperature (MRT) and the Universal Thermal Climate Index (UTCI) at both plaza-wide and pedestrian hotspot scales. Winter simulations were further conducted to assess seasonal trade-offs. Results demonstrate that under identical green coverage ratio (6.6%), the pedestrian-oriented strategy achieves substantially greater thermal comfort improvements in high-use areas. Compared to the baseline, hotspot"
W7165367712,B7,2,2026,1,Yuanben Gao,"Photovoltaic shading design for outdoor sports spaces: An optimization framework integrating thermal comfort, energy performance, and economic efficiency",https://doi.org/10.1016/j.buildenv.2026.114900,Building and Environment,,"Outdoor sports environments often experience severe thermal stress, while sports buildings are energy-intensive. The coupling between dynamic human metabolism and complex outdoor microclimates makes thermal regulation difficult, and effective design tools remain limited. This study proposes a photovoltaic (PV) shading retrofit for semi-outdoor sports spaces and establishes a multi-objective optimization framework integrating thermal comfort, energy performance, and economic efficiency. Future climate data were generated with the Future Weather Generator. Wind simulations provided airflow distributions, followed by Physiologically Equivalent Temperature (PET), Predicted Mean Vote (PMV), and Universal Thermal Climate Index (UTCI) evaluation under different metabolic conditions. Energy performance was assessed with EnergyPlus, covering PV generation and summer cooling demand. Multiple machine-learning surrogate models were compared, and the best (TabPFN) was coupled with the Non-dominated Sorting Genetic Algorithm III (NSGA-III) to obtain Pareto-optimal solutions, interpreted via SHAP and sensitivity analysis. PV shading reduces PET by up to 2.3 °C in core shaded areas; across the Pareto front, PET and UTCI stay tightly clustered (28.1–28.8 °C and 27.2–28.5 °C), while PMV serves for metabolic zoning. Appropriate configurations cut summer cooling demand by about 11,000 kWh, and the optimal design generates roughly 170,000 kWh annually. A 25-year life-cycle evaluation gives a payb"
W7214165784,B7,2,2026,0,Giulia Guerri,"Counteracting Urban Thermal Hot Spots in Florence, Italy: The Combined Effects of Vegetation and High-Albedo Surfaces",https://doi.org/10.3390/app16199509,Applied Sciences,,"As cities increasingly face extreme heat, urban planning plays a crucial role in mitigating the urban heat island effect through sustainable cooling strategies. This study investigates the combined potential of vegetation and high-albedo surfaces to reduce urban heat while providing additional ecological benefits in a public square in Florence (Italy). Currently dominated by asphalt, the square represents a summer thermal hot spot, with surface temperatures reaching 50 °C. Using QGIS, ENVI-met, and i-Tree Eco, existing conditions were compared with a redesign scenario including 87 new deciduous broadleaf trees (resulting in a total of 90 trees in the design scenario), 37% permeable green surfaces, 12% semi-permeable parking areas, and 51% high-albedo pavements. Simulations show summer average reductions of about 0.7 °C in air temperature and 6 °C in surface temperature, with maximum reductions of 1.3 °C and ~13 °C on average across the square (up to 20 °C locally under tree canopies and over high-albedo surfaces), reducing “strong” thermal stress areas by 50–60%. Additionally, the new trees provide ecological benefits, including pollutant removal, oxygen production, carbon sequestration, and stormwater interception. This study highlights the importance of predictive microclimatic assessment to optimize urban design and prevent unintended consequences."
W4320919240,B7,2,2023,53,Paolo Semenzato,Urban Heat Island Mitigation and Urban Green Spaces: Testing a Model in the City of Padova (Italy),https://doi.org/10.3390/land12020476,Land,https://www.mdpi.com/2073-445X/12/2/476/pdf?version=1676439291,"The urban heat island (UHI) is a critical issue in most urbanised areas. Spatial variation of urban air temperature and humidity influences human thermal comfort, the settling rate of atmospheric pollutants, and the energy demand for cooling. UHIs can be particularly harmful to human health and there are numerous studies that link mortality and morbidity with extreme thermal events, that can be worsened by UHIs. The temperature difference between city centres and the surrounding countryside, which is accentuated in the summer months and at night, is the result not only of a greater production of anthropogenic heat but is mainly due to the properties of urban surfaces. The use of vegetation, and in particular urban tree planting, is one of possible strategies to contrast the heat island effects. In order to analyse the mitigation effects produced by green spaces in the city of Padova, a municipality in the northeast of Italy, simulations of the air temperature variations and their spatial distribution were carried out using the i-Tree Cool Air model. High-resolution RGBir aerial photos were processed to produce a tree canopy and a permeability map and the model was applied on a 10 m × 10 m grid over the entire city, producing a raster map of the aboveground air temperatures. A particularly hot July day with recorded air temperatures of 35 °C at 3 p.m. and 28 °C at 10 p.m. at a reference weather station was chosen for the test. In the daytime, the results show temperature diffe"
W3157203066,B7,2,2021,137,Helen L. Macintyre,The winter urban heat island: Impacts on cold-related mortality in a highly urbanized European region for present and future climate,https://doi.org/10.1016/j.envint.2021.106530,Environment International,https://www.sciencedirect.com/science/article/pii/S0160412021001550/pdf,"Exposure to heat has a range of potential negative impacts on human health; hot weather may exacerbate cardiovascular and respiratory illness or lead to heat stroke and death. Urban populations are at increased risk due to the Urban Heat Island (UHI) effect (higher urban temperatures compared with rural ones). This has led to extensive investigation of the summertime UHI and its effects, whereas far less research focuses on the wintertime UHI. Exposure to low temperature also leads to a range of illnesses, and in fact, in the UK, annual cold-related mortality outweighs heat-related mortality. It is not clearly understood to what extent the wintertime UHI may protect against cold related mortality. In this study we quantify the UHI intensity in wintertime for a heavily urbanized UK region (West Midlands, including Birmingham) using a regional weather model, and for the first time, use a health impact assessment (HIA) to estimate the associated impact on cold-related mortality. We show that the population-weighted mean winter UHI intensity was +2.3 °C in Birmingham city center, and comparable with that of summer. Our results suggest a potential protective effect of the wintertime UHI, equivalent to 266 cold-related deaths avoided (~15% of total cold-related mortality over ~11 weeks). When including the impacts of climate change, our results suggest that the number of heat-related deaths associated with the summer UHI will increase from 96 (in 2006) to 221 in the 2080s, based on"
W7201968410,B7,3,2026,0,Aowei Liu,Healthier is not always better: Trade-offs between thermal comfort and PM₂.₅ along avenue tree health gradients,https://doi.org/10.1016/j.scs.2026.107806,Sustainable Cities and Society,,
W2972871014,B7,3,2019,46,Tatsuro Nakaji,Estimation of six leaf traits of East Asian forest tree species by leaf spectroscopy and partial least square regression,https://doi.org/10.1016/j.rse.2019.111381,Remote Sensing of Environment,https://www.sciencedirect.com/science/article/pii/S0034425719304006,
W2990001605,B7,3,2019,67,Puay Yok Tan,Transpiration and cooling potential of tropical urban trees from different native habitats,https://doi.org/10.1016/j.scitotenv.2019.135764,The Science of The Total Environment,,
W7165376362,B7,3,2026,0,Todi Daelman,The influence of urban and tree morphology on modeled daytime mean radiant temperature,https://doi.org/10.1016/j.uclim.2026.103000,Urban Climate,,"Street trees are important climate adaptation tools to combat urban overheating, an issue that an increasing number of cities face. To address this, the high-resolution microclimate model SOLWEIG is a valuable tool to simulate Mean Radiant Temperature (Tmrt) exposure for pedestrians. In this parametric study, we quantify how urban street trees reduce outdoor radiant heat exposure across a range of street canyon aspect ratios. We introduce the Radiative Cooling Efficiency (RCE) metric, which normalizes the Tmrt reduction by relative canopy cover, to standardize the comparisons of tree-induced reductions in Tmrt across urban morphologies. This workflow is applied to the city of Ghent, Belgium, of which we collected a dataset of street canyon geometries (building height, canyon width, street orientation) and urban tree characteristics (canopy height, trunk height, shortwave transmissivity). Within these representative parameter ranges, simulations of Tmrt were performed at a 1-meter resolution under clear-sky conditions on the hottest day of 2024 in Belgium. The results show that canyon width and orientation dominated the tree’s cooling efficiency: trees in east-west canyons had up to 2.8 times higher impact than those in north-south canyons. Regarding tree modeling parameters, a sensitivity analysis revealed that lowering the trunk height had 2.3 times the effect of increasing canopy height. In addition, each 1% rise in tree shortwave transmissivity reduced cooling by approxima"
W7135042431,B7,3,2026,1,Zan Peng,A workflow for climate-adaptive tree planting design to optimize outdoor thermal environment through evolutionary algorithm,https://doi.org/10.1007/s10980-026-02324-z,Landscape Ecology,,"Urban areas are increasingly exposed to heat stress, underscoring the need for adaptive, performance-oriented green infrastructure. Tree shading and canopy dynamics play a crucial role in regulating urban microclimates and improving outdoor thermal comfort. This study aims to develop a generative planting design workflow that optimizes tree configurations across seasons. It integrates vegetation parameters, particularly leaf area index (LAI), into a radiation model and explores trade-offs between thermal comfort and the initial purchase cost of trees. The workflow combines Grasshopper and Ladybug Tools with an evolutionary algorithm as an optimizer to generate planting layouts. Field measurements of mean radiant temperature (MRT) were used to validate solar radiation simulations before optimization. The validation improved prediction accuracy in shaded areas by approximately 3 °C. The evolutionary algorithm search revealed multiple planting configurations rather than a single optimal layout. Seasonal differences showed that higher LAI and denser canopies were more effective at summer cooling, whereas sparser structures enhanced winter comfort. Conical-shaped deciduous trees (height = 12 m; trunk diameter = 30 cm) emerged as optimal for both seasons, with LAI values decreasing from 4.6 to 0.6 or 2.8 to 0.0, reflecting seasonal foliage variation. A spacing of 6–12 m further supported adaptability across seasonal contexts. The framework integrates an LAI-revised thermal comfort "
W4416784008,B7,3,2025,4,Samah Elkhateeb,Parametric Optimization of Urban Street Tree Placement: Computational Workflow for Dynamic Shade Provision in Hot Climates,https://doi.org/10.3390/urbansci9120504,Urban Science,https://www.mdpi.com/2413-8851/9/12/504/pdf?version=1764321692,"Urban streets in hot climates often suffer from inadequate shade, exacerbating pedestrian discomfort, urban heat island effects, and energy demands for cooling. Traditional tree-planting approaches overlook dynamic solar paths, building-induced shadows, and spacing requirements, resulting in suboptimal shade coverage and resource inefficiency. This study introduces a computational workflow in Rhino/Grasshopper to optimize tree placement and canopy radii through analysis of solar radiation and shadow patterns. By prioritizing sun-exposed zones, minimizing shadow overlaps, and ensuring growth-appropriate distances, the tool enhances shade distribution. Integration of parametric modeling and environmental simulations improved thermal comfort, reduced energy use, and evidence-based urban planning strategies. Across ten optimization runs, the workflow achieved a 68% increase in shade coverage, an 11.5 °C reduction in mean radiant temperature (MRT), and a 72% decrease in the spatial extent of high-risk heat-exposure zones, demonstrating its potential for climate-adaptive street design in hot-arid environments."
W4412508751,B7,3,2025,1,Mohammed Lamine,Review on the Integration of Artificial Intelligence in Parametric Urban Design and Outdoor Thermal Comfort,https://doi.org/10.38027/smart.v2n1-4,Smart Design Policies,https://smartdpj.com/sdp/article/download/15/14,"Artificial Intelligence (AI) is increasingly recognised for its ability to accelerate physics-based simulation tasks, making it particularly promising in urban design processes, where simulation often hinders iterative development. This review explores the intersection of AI, parametric urban design (PUD), and outdoor thermal comfort (OTC), assessed using the Universal Thermal Climate Index (UTCI) or other indices. We identify emerging methods and tools used to optimise comfort outcomes through intelligent design frameworks. By systematically analysing 40 studies from 2018 to 2025 and leveraging bibliometric analysis, the review categorises contributions into predictive modelling, generative design, parametric optimisation, and integration strategies. The limitation is the niche and novel nature of the subject, which reduces the number of eligible studies. We highlight how AI, particularly machine learning, acts as both a surrogate for environmental simulation and a driver for design generation. Although full integration of AI with parametric and comfort modelling remains limited, recent progress suggests strong potential. This paper presents a conceptual pipeline for integrating AI into PUD to support comfort optimisation, emphasising the need for open datasets, interpretable models, and design tool interoperability. This review establishes the first interdisciplinary synthesis of parametric urban design, artificial intelligence, and outdoor thermal comfort research, providi"
W2807007945,B7,3,2018,593,Subhanil Guha,"Analytical study of land surface temperature with NDVI and NDBI using Landsat 8 OLI and TIRS data in Florence and Naples city, Italy",https://doi.org/10.1080/22797254.2018.1474494,European Journal of Remote Sensing,https://www.tandfonline.com/doi/pdf/10.1080/22797254.2018.1474494?needAccess=true,"The present study focuses on determining the relationship of estimated land surface temperature (LST) with normalized difference vegetation index (NDVI) and normalized difference built-up index (NDBI) for Florence and Naples cities in Italy using Landsat 8 data. The study also classifies different land use/land cover LU–LC) types using NDVI and NDBI threshold values, iterative self-organizing data analysis technique and maximum likelihood classifier, and analyses the relationship built by LST with the built-up area and bare land. Urban thermal field variance index was applied to determine the thermal and ecological comfort level of the city. Several urban heat islands (UHIs) were extracted as the most heated zones within the city boundaries due to increasing anthropogenic activities. The difference between the mean LST of UHI and non-UHI is 3.15°C and 3.31°C, respectively, for Florence and Naples. LST build a strong correlation with NDVI (negative) and NDBI (positive) for both the cities as a whole, especially for the non-UHIs. But, the strength of correlation becomes much weaker within the UHIs. Moreover, most of the UHIs (85.21% in Naples and 76.62% in Florence) are developed within the built-up area or bare land and are demarcated as an ecologically stressed zone."
W2928772980,B7,3,2019,159,Helen L. Macintyre,Potential benefits of cool roofs in reducing heat-related mortality during heatwaves in a European city,https://doi.org/10.1016/j.envint.2019.02.065,Environment International,https://www.sciencedirect.com/science/article/pii/S0160412018319627/pdf,"Hot weather can exacerbate health conditions such as cardiovascular and respiratory diseases, and lead to heat stroke and death. In built up areas, temperatures are commonly observed to be higher than those in surrounding rural areas, due to the Urban Heat Island (UHI) effect. Climate change and increasing urbanisation mean that future populations are likely to be at increased risk of overheating in cities, although building and city scale interventions have the potential to reduce this risk. We use a regional weather model to assess the potential effect of one type of urban intervention - reflective 'cool' roofs - to reduce local ambient temperatures, and the subsequent impact on heat-related mortality in the West Midlands, UK, with analysis undertaken for the summer of 2006, as well as two shorter heatwave periods in 2006 and 2003. We show that over a summer season, the population-weighted UHI intensity (the difference between simulated urban and rural temperature) was 1.1 °C on average, but 1.8 °C when including only night times, and reached a maximum of 9 °C in the West Midlands. Our results suggest that the UHI contributes up to 40% of heat related mortality over the summer period and that cool roofs implemented across the whole city could potentially offset 18% of seasonal heat-related mortality associated with the UHI (corresponding to 7% of total heat-related mortality). For heatwave periods, our modelling suggests that cool roofs could reduce city centre daytime 2 m "
W7134269129,B7,4,2026,2,Erna Vaštag,Leaf Functional Traits and Water-Use Strategies of Two Riparian Tree Species in an Urban Environment,https://doi.org/10.3390/f17030339,Forests,https://www.mdpi.com/1999-4907/17/3/339/pdf?version=1773042713,"Urban roadside environments are characterized by altered microclimate and soil conditions that impose recurrent drought stress on trees, affecting their physiological performance and adaptive capacity. Understanding species-specific physiological and structural responses to drought stress is crucial for selecting tree species that are suitable for urban environments. In the present study, we investigated the species-specific and temporal (monthly) patterns of the in situ leaf physiological status and structural traits of two riparian tree species, Quercus robur L. and Carpinus betulus L., cultivated as urban roadside trees in Novi Sad, Serbia, throughout the growing season (from June to September). This was achieved by assessing leaf gas exchange and rapid light curves of chlorophyll a fluorescence together with leaf structural traits. Under drought stress, Q. robur exhibited sustained photosynthetic activity and transpiration rates due to reduced stomatal sensitivity, indicative of a more anisohydric behavior with respect to its water relations strategy. In contrast, C. betulus exhibited tighter stomatal regulation and showed lower assimilation rates accompanied by reduced cooling capacity, indicating stricter, more conservative water-balance management indicative of isohydric species. Fluorescence indices revealed contrasting behavior: C. betulus showed enhanced NPQ values accompanied by a decline in photosynthetic efficiency, while Q. robur exhibited lower NPQ, suggesting "
W4402688128,B7,4,2024,3,Lai Fern Ow,Enhancing outdoor comfort in urban hot climates: investigating the cooling impact of two tropical trees through shade provision and transpiration,https://doi.org/10.1080/03071375.2024.2403288,Arboricultural Journal,,"One key ecosystem service widely known and attributed to trees in the urban environment is their ability to provide shade through their canopies and undertake evapotranspiration cooling. These in turn contribute to reduced atmospheric temperatures. A lesser-known aspect with little quantitative data is the heterogeneous temperature environment beneath the canopies at pedestrian or street level where the cooling will benefit thermal comfort. This study was conducted throughout 2022. It collected data where air temperature was measured under the canopies of two urban tropical tree species, Samanea saman and Peltophotum pterocarpum, at three different heights, which were 1, 3 and 5 m, respectively, from the ground. This was to investigate whether crown architectures and the associated shade and cooling effects via transpiration can have a significant change in the surrounding temperature. The study observed surface and air temperatures coupled with meteorological data across cool, warm, and hot periods of the year. It was observed that soil temperature increased alongside increases in atmospheric temperatures with a more significant rise observed for P. pterocarpum despite the observation of greater wind speeds for both night and day at the site where this species was situated. The soil moisture potential data indicated the reverse where S. saman showed more negative values with the greatest increase under warm conditions. Interestingly, sap flow rates also indicated that P. pte"
W2952764533,B7,4,2019,110,Xia Chen,"Canopy transpiration and its cooling effect of three urban tree species in a subtropical city- Guangzhou, China",https://doi.org/10.1016/j.ufug.2019.126368,Urban forestry & urban greening,,
W2184273084,B7,4,2012,0,Loyde Vieira de Abreu-Harbich,Reduction of Mean Radiant Temperature by Cluster of Trees In Urban and Architectural Planning In Tropical Climates,,,,"This paper presents thermal bioclimate analyses using air temperature, mean radiant temperature and physiologically equivalent temperature conditions in tropical climate of Campinas, Brazil, and also, the influence of solar radiation attenuated by shade clusters in mean radiant temperature . Six homogeneous clusters of trees were chosen: Caesalpinia pluviosa, Spathodea campanulata, Tipuana tipu, Lafoensia glyptocarpa, Delonix indica, Senna siamea. The data collected in field measurement were: solar radiation, air temperatures, relative humidity and wind speed, for the period 2007 to 2010. The simulation of shade variation were done for the period 2003 to 2010 over to verify the influence on urban climate changes in mean temperature due modifications tree canopy. The results shows not only that solar radiation can influence air temperature, but also mean radiant temperature as well. Furthermore, the simulation of shade variation conditions demonstrates that the shade clusters of trees can reduce the mean radiant temperature. Percentages of solar radiation reduction by cluster of trees as Caesalpinia peltophoroides (deciduous) have the best results, shows that canopy provides shadow, reduces the mean radiant temperature and also, improve the thermal bioclimate in micro scale conditions."
W4410343527,B7,4,2025,7,Ahmed Maged,Generative design optimization of tree distribution for enhanced thermal comfort in communal spaces with special reference to hot arid climates,https://doi.org/10.1038/s41598-025-96763-4,Scientific Reports,https://www.nature.com/articles/s41598-025-96763-4.pdf,"The quality of the communal outdoor environment is crucial for enhancing the urban quality and the well-being of its residents. These spaces are essential for providing more opportunities for social interaction and leisure. However, in hot arid climates like Egypt, achieving optimal outdoor thermal comfort remains a challenge. Accordingly, more comprehensive methodologies are highly needed to improve the research-based design of landscape parameters and components for developing outdoor thermal comfort performance using an iterative design exploration process that employs AI-driven software. These applications, help designers in solving multi-objective design quandaries through the generation and evaluation of numerous design options. Therefore, this study explores the efficiency of generative design tools in optimizing tree distribution based on mutation evolution to enhance outdoor thermal comfort, providing a dynamic, iterative approach that adapts to diverse urban morphologies. The methodology adopts a simulation-based analysis for framing this study, which is classified into three main phases. Firstly, analyze the current environment for specific outdoor spaces with different settings in Madinaty, New Cairo (fully clustered with buildings neighborhood, semi-clustered neighborhood, fully open neighborhood). Secondly, a generative design tool with a Dynamo evolutionary algorithm is utilized to optimize the tree distribution across the communal areas of these three spaces c"
W7128792732,B7,4,2026,3,Nan Yang,Optimizing park landscape configurations for microclimate regulation and outdoor thermal comfort in arid cities,https://doi.org/10.1016/j.applthermaleng.2026.130130,Applied Thermal Engineering,,
W7163559016,B7,4,2026,0,Alireza Karimi,Planning cities for extreme heat: a methodological framework for urban resilience in residential building blocks,https://doi.org/10.3389/fbuil.2026.1838891,Frontiers in Built Environment,https://www.frontiersin.org/journals/built-environment/articles/10.3389/fbuil.2026.1838891/pdf,"The escalating frequency and intensity of extreme heatwaves (HWs) pose a critical challenge for densifying residential building blocks, creating a conflict between minimizing building energy demand and maintaining outdoor thermal safety. While optimizing morphology for resilience is a priority, current research predominantly relies on static analyses that assume a fixed climatic baseline. This overlooks the non-linear evolution of performance trade-offs, leaving designers trapped in a “stationarity trap.” This study addresses this gap by developing and validating a computational framework for the longitudinal, multi-objective optimization of residential building blocks under non-stationary climatic pressures. The methodology is demonstrated through an empirical application to a representative district in Stuttgart, Germany. The workflow integrates high-resolution climate projections (RCP8.5) with parametric modeling of distinct building block archetypes. A stacked ensemble of machine learning surrogate models is trained on physics-based simulation data and validated, achieving high predictive fidelity ( R 2 > 0.93). This predictive core drives a multi-objective optimization engine to balance Energy Use Intensity (EUI), Photovoltaic Potential (PVEG), and the Universal Thermal Climate Index (UTCI). Finally, SHAP-based interpretability is employed to quantify the shifting hierarchies of morphological influence across Historical, Mid-Future, and Far-Future horizons. Application o"
W2120904307,B7,4,2009,3,Martina Petralli,"Solar radiation exposure of shielded air temperature sensors and measurement error evaluation in an urban environment: a preliminary study in Florence, Italy",https://doi.org/10.5194/asr-3-9-2009,Advances in science and research,https://asr.copernicus.org/articles/3/9/2009/asr-3-9-2009.pdf,"Abstract. Particularly in summer, thermal conditions in urban areas are influenced by solar radiation and human health can be strongly affected by the higher temperature regime increased by the Urban Heat Island effect (UHI). Many studies have been carried out to estimate the temperature distribution in urban areas and some of these use or are based on data collected by meteorological instruments placed within the cities. At microscale, temperature collected by sensors can be influenced by the underlying surface characteristics and the closeness to warm surfaces. The aim of this study is to investigate how different exposure to solar radiation can affect air temperature measurement in streets and gardens. The study was carried out on two different areas in Florence during summer 2007. Shielded air temperature sensors were placed in a street of a high density built-up area and in a green area. Each area was monitored by two sensors, sited in different solar radiation exposure: one in a sunny area and the other in a shaded one. A preliminary data analysis showed a difference in every site between the air temperature values collected by the two sensors especially from the morning to the afternoon. The relationship between air temperature differences and synoptic meteorological conditions were also analyzed. In conclusion, the solar radiation exposure of a monitoring station is an important parameter that must be considered both during the instruments siting and the analysis of d"
W4297241638,B7,4,2022,20,Rocco Pace,Integrating Copernicus land cover data into the i-Tree Cool Air model to evaluate and map urban heat mitigation by tree cover,https://doi.org/10.1080/22797254.2022.2125833,European Journal of Remote Sensing,,"Cities host more than half of the world’s population and due to global warming and land use change their vulnerability to deadly heat waves has increased. A healthy vegetated landscape can abate heat wave severity and diminish the related urban heat island through the process of evapotranspiration. This research aimed to develop a methodology for cities to use publicly available Copernicus land cover maps within the i-Tree Cool Air water and energy balance model to map air temperature and humidity. The manuscript presents proof of concept using Naples, Italy with its Mediterranean climate characterized by limited soil water for cooling via evapotranspiration. The approach achieved strong correlations between predicted and observed air temperatures across the city (r ≥ 0.89). During the warm season of 2020, forested land cover was 5°C cooler than land cover dominated by impervious cover. Simulated land cover change, limited to a 10% increase or decrease in tree cover, generated an inverse change of 0.2°C in maximum hourly air temperature, with more trees obtaining cooler air. Soil water limited the cooling, with the generally wetter spring season enabling greater cooling of air temperatures, and summer droughts without irrigation had constrained cooling. Sustainable urban design will likely require an increase in plant cover along with a reduction of impervious surfaces that absorb and reradiate heat in order to improve community resilience to heat waves."
W7204193301,B7,4,2026,0,Ming Hao,Asymmetric effects of the urban heat island–population aging compound factor on future temperature-related mortality,https://doi.org/10.1016/j.eiar.2026.108690,Environmental Impact Assessment Review,,
W4416607763,B7,4,2025,0,Vassilis D. Litskas,Hand in hand for urban food security: Feed4Food's living labs and knowledge hubs in European cities,https://doi.org/10.3389/fsufs.2025.1707753,Frontiers in Sustainable Food Systems,https://public-pages-files-2025.frontiersin.org/journals/sustainable-food-systems/articles/10.3389/fsufs.2025.1707753/pdf,"Food insecurity has resurged as a policy concern within European cities, where affordability pressures and climate-related extremes intersect with social vulnerability. EU risk assessments in 2024-2025 flagged food affordability as a persistent concern for low-income groups despite easing inflation, while climate services and public-health briefings documented record summer heat and widening heat-health risks that disproportionately affect disadvantaged urban residents (Daalen et al., 2024;European Commission, 2024;European Environment Agency, 2024). These dynamics sharpen the case for urban agriculture (UA) as part of city-region food strategies; not as a substitute for regional production, but as a complementary, place-based lever that can expand access to fresh, nutritious foods, cool neighborhoods, and build local capabilities where needs are greatest. World Food Day (WFD) 2025 (Food and Agriculture Organization, 2025)-coinciding with FAO's 80th anniversary-calls for actors to work ""hand in hand"" toward ""better foods and a better future,"" emphasising practical, cooperative solutions that advance a sustainable, inclusive, and resilient food future. Positioning UA within this frame highlights its dual contribution to food security (access, availability, utilisation) and to equitable, climate-resilient urban development. In this opinion paper, we align our argument with WFD 2025's cooperation ethos and propose UA as a social infrastructure that tangibly connects municipal se"
W4411508430,B7,5,2025,1,Dorine Canonne,Urban tree architectural modifications over the growing season and water restriction significantly contribute to variations in climate services,https://doi.org/10.1016/j.agrformet.2025.110694,Agricultural and Forest Meteorology,,"Street trees have gained attention for improving thermal comfort in cities, yet seasonal changes in tree services in relation to the evolution of tree architecture are not well understood. This study hypothesizes that over a growing season and for sunny days, changes in climate services primarily rely on tree architecture influence on cast-shadow, especially during summer droughts. Two alignments of ornamental apple trees were grown in a reduced-scale street canyon, with a non-vegetated control zone. All trees were well watered until July 5th, 2022, after which one alignment experienced moderate water restriction while the other remained well-watered. The street microclimate was characterized, the universal thermal climate index (UTCI) calculated, and tree architecture at the organ and crown scales was measured. On sunny days, well-watered trees improved thermal comfort from 5.8°C UTCI in mid-May to 7.9°C in late August, while water restriction reduced this benefit by up to 2.7°C UTCI after 8 weeks. The changes in thermal comfort were primarily linked to tree architectural development and cast-shadow, although these effects were moderate due to leaf area index high enough in May to ensure 87.5 % of interception of radiation. Increases in crown projected area and volume enhanced tree services, with larger effects on the side than just below the tree canopy. Water restriction diminished thermal comfort by inhibiting stem growth and accelerating leaf fall, thus reducing light in"
W7220009033,B7,5,2024,0,Zemba Ambrose A,ANALYSIS OF URBAN TREE SPECIES’ TRAITS AND MICROCLIMATIC CONDITIONS FOR NATURE-BASED SOLUTION TO URBAN HEAT ISLAND IN JIMETA. NIGERIA,,"BENIN JOURNAL OF GEOGRAPHY, PLANNING AND ENVIRONMENT",https://benjgeoplenv.com/index.php/bjgpe/article/download/4/5,"Urban heat island (UHI) mitigation through nature-based solutions is vital for sustainable planning in rapidly urbanizing tropical cities. This study investigated the cooling effects of selected urban tree species in Jimeta, Nigeria, in relation to their structural traits and microclimatic influences. Data on species type, diameter at breast height (DBH), canopy size, height, and estimated age were collected across 18 sampled trees, alongside climatic parameters including canopy and ambient temperatures (recorded at 06:00, 14:00, and 22:00 hours) and relative humidity. Correlation and regression analyses revealed significant differences in cooling efficiency among species. Gmelina arborea and Azadirachta indica exhibited the most substantial canopy cooling. Tree biometric traits showed strong negative correlations with canopy temperatures at 14:00 hrs—DBH (r = –0.661), canopy size (r = –0.699), and height (r = –0.732), all p < 0.01—suggesting that larger, taller trees provide enhanced cooling. Regression analysis identified DBH as the most significant predictor of cooling performance (β = 1.144, p = 0.002), with the model explaining 93.4% of variance (R² = 0.934). These results confirm the critical role of tree structure in modulating urban microclimates, echoing findings from similar tropical studies. The study concludes that tree traits significantly influence microclimatic regulation and recommends incorporating structurally robust, climate-adaptive species into urban fore"
W2995277096,B7,5,2019,482,Mohammad A. Rahman,Traits of trees for cooling urban heat islands: A meta-analysis,https://doi.org/10.1016/j.buildenv.2019.106606,Building and Environment,,
W3185875137,B7,5,2021,32,Pui Kwan Cheung,Preliminary study on the temperature relationship at remotely-sensed tree canopy and below-canopy air and ground surface,https://doi.org/10.1016/j.buildenv.2021.108169,Building and Environment,,
W7134266303,B7,5,2026,1,Payam Majidi,Microclimate modeling of urban residential courtyard geometry and outdoor thermal comfort in a mediterranean climate using multiple machine-learning approaches,https://doi.org/10.1016/j.csite.2026.107916,Case Studies in Thermal Engineering,,"Courtyards, characterized as semi-enclosed and centralized outdoor spaces, serve as essential design elements in indigenous urban landscapes across the globe. The thermal conditions prevalent in these areas significantly impact their quality and functionality. This study aims to predict how the geometric parameters of urban courtyards influence outdoor thermal comfort for users. Climatic parameters were measured to validate the software utilized in this research. Subsequently, thermal comfort simulations based on Universal Thermal Climate Index (UTCI) were conducted for eight urban courtyard samples, each analyzed under ten distinct geometric configuration scenarios across winter and summer seasons, employing Ladybug and Honeybee plugins within the Grasshopper framework. Additionally, three supervised machine learning models were developed to evaluate the significance of geometric parameters. The model exhibiting the highest predictive accuracy, a decision tree, elucidated the importance and optimal ranges of geometric parameters affecting changes in UTCI temperature. Analysis indicates that wide yards with a height-to-width ratio (H/W) of less than 0.5 and vegetation coverage between 15% and 32% demonstrate the highest levels of thermal comfort. Conversely, deep yards with a H/W ratio exceeding 1.5 and vegetation cover ranging from 15% to 45% exhibit the lowest levels of thermal comfort during the summer months. Two optimal configurations were identified for both seasons: on"
W4410608645,B7,5,2025,12,Reham A. Abdelwahab,The effective landscape design parameters with high reflective hardscapes: guidelines for optimizing human thermal comfort in outdoor spaces by design -a case on hot arid climate weather,https://doi.org/10.1007/s43762-025-00186-w,Computational Urban Science,https://link.springer.com/content/pdf/10.1007/s43762-025-00186-w.pdf,"Abstract Effective landscape design, which optimizes solar irradiation and absorbed heat to reduce mean radiant temperature (MRT), is critically important for enhancing outdoor thermal comfort, particularly given the ongoing global decline in vegetated areas. Using Cairo, Egypt as a case study, it examines how variations in design layouts and surface materials influence reflected solar energy and, consequently, the urban thermal climate. The research introduces a novel approach by integrating generative design and parametric modeling to optimize urban park microclimates, offering a structured methodology for sustainable and climate-resilient urban spaces. A parametric modeling approach was employed to test various landscape configurations, adjusting paving size, material distribution, Rotation angle for Landscape, and tree placement. Over 1,500 design cases were simulated and analyzed using the Climate Studio plugin for Grasshopper 3D. Through generative design algorithms, an optimized framework was developed to identify effective strategies for urban cooling. Findings indicate that smaller, scattered hardscape patterns with maximum 6% divided ratio, combined with light and dark surfaces, wood, and softscape areas, significantly reduce reflected solar energy. Tree placement over light-colored hardscapes proved effective in lowering solar reflection, while optimal hardscape tile rotations towards to northern orientation. Multi-variable scenarios optimization incorporating tree"
W7171429161,B7,5,2026,0,Alireza Karimi,Planning cities for extreme heat : a methodological framework for urban resilience in residential building blocks,https://doi.org/10.18419/opus-18738,OPUS Publication Server of the University of Stuttgart (University of Stuttgart),,"The escalating frequency and intensity of extreme heatwaves (HWs) pose a critical challenge for densifying residential building blocks, creating a conflict between minimizing building energy demand and maintaining outdoor thermal safety. While optimizing morphology for resilience is a priority, current research predominantly relies on static analyses that assume a fixed climatic baseline. This overlooks the non-linear evolution of performance trade-offs, leaving designers trapped in a “stationarity trap.” This study addresses this gap by developing and validating a computational framework for the longitudinal, multi-objective optimization of residential building blocks under non-stationary climatic pressures. The methodology is demonstrated through an empirical application to a representative district in Stuttgart, Germany. The workflow integrates high-resolution climate projections (RCP8.5) with parametric modeling of distinct building block archetypes. A stacked ensemble of machine learning surrogate models is trained on physics-based simulation data and validated, achieving high predictive fidelity ( R 2 > 0.93). This predictive core drives a multi-objective optimization engine to balance Energy Use Intensity (EUI), Photovoltaic Potential (PVEG), and the Universal Thermal Climate Index (UTCI). Finally, SHAP-based interpretability is employed to quantify the shifting hierarchies of morphological influence across Historical, Mid-Future, and Far-Future horizons. Application o"
W4414698569,B7,5,2025,2,Fabiana Di Ciaccio,Towards Sustainable Heritage Conservation: Transformer-Based temperature forecasting in the city of Florence,https://doi.org/10.5194/isprs-archives-xlviii-m-9-2025-399-2025,"The international archives of the photogrammetry, remote sensing and spatial information sciences/International archives of the photogrammetry, remote sensing and spatial information sciences",,"Abstract. Urban Heat Islands (UHIs) are intensifying under climate change, posing serious threats to the conservation of cultural heritage in historic cities. This study presents a deep learning framework for forecasting land surface temperature (LST) at high temporal resolution, aimed at supporting thermal risk mitigation in heritage-sensitive urban environments. Using hourly LST data from the Copernicus Land Monitoring Service (CLMS), we developed a custom autoregressive Transformer model capable of predicting 72 future hourly temperature values based on the previous 168 hours of satellite observations. The model follows an encoder-decoder architecture: the encoder processes the full input sequence with spatial and temporal embeddings, while the decoder generates the forecast step-by-step, leveraging past predictions. We applied our approach to the city of Florence, Italy, using available data from the years 2021, 2022, 2023, and 2024. The model was evaluated on the four summer months (June 2021, July 2022, August 2023 and September 2024) achieving a minimum MAE of 0.81 °C and confirming its applicability for extreme heat forecasting."
W4415583705,B7,5,2025,0,Sofia Tagliaferro,"Assessment of Thermal Regulation before Urban Tree Cover Restoration in Verona, Italy",https://doi.org/10.54103/2282-0930/29235,Epidemiology Biostatistics and Public Health,,"Background Green spaces offer various essential regulating ecosystem services, with trees playing a significant role in mitigating urban heat island effects. In the éVRgreen project, we evaluated the potential of greenness to reduce air temperatures in Verona, Northern Italy, to serve as a baseline assessment before implementing an intervention of tree-cover restoration. Methods In the municipality area, we assessed blue/green cover (water, grass/agriculture, trees) and grey cover (bare soil, impervious surfaces) at >200,000 random locations (points) using i-Tree Canopy software. We installed 50 stations that monitored temperatures 2.5 m above ground. We estimated the percentage of blue/green spaces in 200-m radial buffers around each station by determining the proportion of sampled locations in the corresponding land cover classes. We retrieved data of land surface temperatures (LST) from the Landsat 8 satellite and spatially associated it with the sampled locations. We analysed whether land cover can mitigate summer LST (16 July 2024) and winter air temperatures (January 2025). Results On 16 July 2024, the median (1st-3rd quartiles) LST was 37 (35-40) degrees Celsius in 61,335 locations covered by trees and 45 (43-47) degrees Celsius in 44,458 locations covered by impervious surfaces (p<0.001) (Table 1). In January 2025, daily temperatures were on average 0.49 degrees Celsius lower in areas with a percentage of blue/green cover within 200-m buffers greater than 49% (the med"
W2982993777,B7,5,2019,1,Helen L. Macintyre,Potential benefits of cool roofs in reducing heat-related mortality during heatwaves in a European city,https://doi.org/10.1097/01.ee9.0000608692.75541.67,Environmental Epidemiology,,"OPS 32: Health impact of interventions 1, Room 315, Floor 3, August 27, 2019, 1:30 PM - 3:00 PM Background: Heatwaves are associated with a range of adverse health effects, which can lead to emergency hospitalisations and increased mortality. In towns and cities, air temperatures are often higher than in surrounding rural areas, particularly at night. This Urban Heat Island (UHI) effect can exacerbate health impacts associated with heat exposure. The UHI is often amplified during summer heatwave periods, and heatwaves are likely to become more frequent, intense, and longer, due to climate change. Birmingham in the West Midlands is a highly urbanised area with a distinct UHI. Recent work suggests that up to half of heat-related mortality in the West Midlands during the 2003 heatwave could be attributed to the UHI. High temperatures and excess-mortality also occurred in July 2006 in this region. Actions or interventions to reduce the intensity of the UHI could potentially reduce heat-risk. Retrofitting of buildings, for example installing cool (reflective) roofs, or interventions such as increasing urban vegetation, are possible ways to reduce the UHI, and thus reduce population exposure to heat. Methods: In this study we use a regional weather model with detailed representation of urban areas to study the UHI across the West Midlands. We present results of the impact of interventions such as cool roofs and greenspace on reducing exposure to high ambient temperatures for a summ"
W7125515243,B7,5,2025,0,Gencay Serter,A Study On The Deficiencies Of The Turkish Urban Legislation System Regarding Urban Climate: The Case Of Open And Green Spaces Of Istanbul,https://doi.org/10.4305/metu.jfa.2025.2.5,METU Journal of the Faculty of Architecture,https://doi.org/10.4305/metu.jfa.2025.2.5,"Urban areas play a dual role in the climate crisis, both as victims and contributors.Reports from the United Nations and the World Bank emphasize cities as key arenas for both climate action and exposure (UN-Habitat, 2011; World Bank, 2010).Notably, the Mediterranean Basin (including Turkey) has been identified as one of the regions most vulnerable to the effects of climate change (1) (Wilby, 2007; WWF, 2021).Recent data from Turkey indicate a continuous rise in summer temperatures and a sharp increase in meteorological disasters (TSMS, 2020), underscoring the urgency of urban climate adaptation (2).Despite this, the relationship between climate and urban space has not been adequately addressed in Turkey's planning practice or academic discourse.International consensus is growing around the importance of nature-based solutions such as green and blue infrastructure as essential tools for climate adaptation, particularly in urban areas (McPhearson et al., 2018;Andersson et al., 2019).Green infrastructure, especially urban open and green spaces (OGS), plays a crucial role in mitigating heat stress and enhancing resilience to a range of climate-related hazards.However, Turkish planning regulations continue to treat these functionally distinct spaces under a single classification.This approach assumes uniform environmental performance across all types of open and green spaces, disregarding critical differences in vegetation density, surface materials, and cooling potential.This cr"
W4402905447,B7,6,2024,20,Adrien Rodriguez,Optimal representation of tree foliage for local urban climate modeling,https://doi.org/10.1016/j.scs.2024.105857,Sustainable Cities and Society,,"• Starting with terrestrial LiDAR data from trees of different species, ages, and forms, we propose a systematic evaluation of the optimal representation of arboreal configurations in terms of local urban comfort. • Comparing four species and three maturity level of trees with this method, the paper shows that the size of the zone shadowed by a tree is the parameter with the largest impact on thermal comfort, as the ability of trees to absorb solar radiation is the main asset to improve thermal comfort. • Polyhedron shape rhombicuboctahedron (RBC) produces accurate shadowed zones. • RBC shape, thanks to its simple but flexible geometry, is an efficient and accurate methodological approach to model trees and allows savings in computational time (up to 15% faster than the convex envelope) and costs. Trees impact the local urban climate, notably at street level by intercepting solar radiation and providing shading. Evapotranspiration in foliage may reduce the air temperature although it may increase relative humidity and leaf drag may reduce wind speed, affecting thermal comfort. To document and quantify this impact, microclimate modeling with Computational Fluid Dynamics (CFD) simulations requires explicit information of the urban configuration, including trees. However, trees are complex individuals with a variety of shapes and a variety of foliage distribution. This study aims to investigate the sensibility to the tree modeling of the urban climate simulations. Starting with "
W7214617721,B7,6,2026,0,Kamlesh Verma,Beyond canopy targets: a performance- and risk-aware framework for urban tree species selection,https://doi.org/10.3389/frsc.2026.1861981,Frontiers in Sustainable Cities,https://www.frontiersin.org/journals/sustainable-cities/articles/10.3389/frsc.2026.1861981/pdf,"Cities are adopting ambitious tree canopy targets and large-scale planting programs to mitigate urban heat, air pollution, biodiversity loss, stormwater runoff, and climate-related risks (Jim & Chen, 2009;Pincetl et al., 2013;Yao et al., 2019). Canopy cover targets are attractive policy instruments because they are measurable, reportable, and verifiable, easily communicated, and facilitate the monitoring of urban greening commitments. However, canopy expansion is fundamentally a quantitative measure and does not necessarily indicate tree survival, long-term functionality under changing climatic conditions, or sustained net benefits for urban residents (Kenney et al., 2011). Consequently, canopy expansion alone does not ensure appropriate species composition or adaptation to local environmental conditions.Urban forestry research has recognized these limitations through concepts such as the right tree, right place principle (Langenheim et al., 2020), climate-ready tree selection (Tabassum et al., 2023), functional and taxonomic diversity (Paquette et al., 2021), and ecosystem servicedisservice assessments (Escobedo et al., 2011). Studies have demonstrated that inappropriate species selection can increase exposure to allergenic pollen and biogenic volatile organic compounds (BVOCs) (Calfapietra et al., 2013;Escobedo et al., 2023), intensify infrastructure conflicts (Randrup et al., 2001), while inadequate post-planting stewardship can reduce establishment success (Roman et al., "
W4411979242,B7,6,2025,18,Yichen Wu,Evaluating the effectiveness of tree canopy and building shade in urban heat mitigation using solar radiation transmittance,https://doi.org/10.1016/j.uclim.2025.102522,Urban Climate,,
W3037560999,B7,6,2020,198,Joy B. Winbourne,"Tree Transpiration and Urban Temperatures: Current Understanding, Implications, and Future Research Directions",https://doi.org/10.1093/biosci/biaa055,BioScience,https://academic.oup.com/bioscience/article-pdf/70/7/576/33476096/biaa055.pdf,"Abstract The expansion of an urban tree canopy is a commonly proposed nature-based solution to combat excess urban heat. The influence trees have on urban climates via shading is driven by the morphological characteristics of trees, whereas tree transpiration is predominantly a physiological process dependent on environmental conditions and the built environment. The heterogeneous nature of urban landscapes, unique tree species assemblages, and land management decisions make it difficult to predict the magnitude and direction of cooling by transpiration. In the present article, we synthesize the emerging literature on the mechanistic controls on urban tree transpiration. We present a case study that illustrates the relationship between transpiration (using sap flow data) and urban temperatures. We examine the potential feedbacks among urban canopy, the built environment, and climate with a focus on extreme heat events. Finally, we present modeled data demonstrating the influence of transpiration on temperatures with shifts in canopy extent and irrigation during a heat wave."
W1976332049,B7,6,2014,4,Chun-Seok Lee,The Comparison of the Solar Radiation and the Mean Radiant Temperature (MRT) under the Shade of Landscaping Trees in Summertime,https://doi.org/10.9715/kila.2014.42.5.022,Journal of the Korean Institute of Landscape Architecture,http://koreascience.or.kr:80/article/JAKO201434438338577.pdf,"조경용 녹음수가 하절기 옥외공간에서 인간이 느끼는 열쾌적성에 미치는 효과를 객관적으로 검증하기 위하여 수형이 서로 다른 미국참나무, 배롱나무, 참느릅나무 등 세 종의 수목를 선정하여 일사차단율과 평균복사온도 저감 효과를 비교분석하였다. 또한, 주기적으로 수관부 사진을 촬영하여 수관부의 변화특성도 비교 검토하였다. 일사량과 건구온도, 흑구온도를 현장에서 자동으로 계측 기록할 수 있는 시스템을 구축하여 각 수목의 수관 하부에 지면으로부터 1.1m 위치에 설치하고, 2013년 4월 1일부터 동년 11월 30일까지 매 분 단위로 기록될 수 있도록 설정하였다. 수관의 천공차폐율 분석결과, 비교적 일정한 상태를 유지한 것으로 나타난 2013년 6월 1일부터 동년 8월 30일까지의 자료 중, 우천과 이상 기상일 자료를 제외한 오전 10시에서 오후 2시까지의 자료를 통계 분석에 이용하였다. 10분 단위 평균값으로 환산된 총 6,640건의 흑구온도와 건구온도를 바탕으로 평균복사온도를 환산하였으며, 이를 각 시험구의 일사량과 비교 분석하였다. 분석 대상 기간 중 미국참나무와 배롱나무, 참느릅나무 수관부의 평균 천공차폐율은 각각 99%, 98%, 97%였으며, 각 수관하부에 도달한 평균 태양 복사량은 $106W/m^2$ , $163W/m^2$ , $202W/m^2$ 로 대조구의 $823W/m^2$ 와 비교했을 때, 최소 75%이상이 차단된 것으로 나타났다. 또한, 평균복사온도의 경우, 각각 $30.34^{\circ}C$ , $33.34^{\circ}C$ , $34.77^{\circ}C$ 로 계산되어 대조구의 $46.0^{\circ}C$ 와 비교했을 때, 적게는 $10^{\circ}C$ 에서 많게는 $16^{\circ}C$ 까지 수목의 수관부에 의해서 저감된 것으로 나타났다. 일사량과 평균복사온도의 관계를 회귀분석한 결과, 매우 밀접한 선형관계를 형성하고 있었으며, 설명력도 매우 높게 분석되었다. 결론적으로 본 연구를 통해서 하절기 옥외공간에서 녹음수의 수관은 일사량의 상당부분을 차단함으로써 인간이 체감하는 열쾌적성을 개선하는데 매우 중요한 역할을 하고 있다는 점을 객관적으로 확인할 수 있었다. 따라서, 옥외공간에 더 많은 녹음수와 숲을 조성하여 그늘 지역을 증가시킴으로써 인간의 하절기 옥외활동에 부정적 영향을 주고 있는 불필요한 열에너지를 현격하게 저감시켜 쾌적한 열환경을 효과적으로 조성할 수 있을 것이다. The purpose of this study was to compare the Solar Radiation(SR) and the Mean Radiant Temperature(MRT) under the shades of the three landscaping trees in clear summer daytimes. The trees were Lagerstroemia indica, Quercus palustris and Ulmus parvifolia. The solar radiation, the globe temperature and the air tem"
W7155607367,B7,6,2026,2,Ruobing Zhang,"A data-driven approach to cluster-specific greening strategies: Optimizing outdoor thermal comfort in traditional village lanes with field measurement, parametric simulation, and interpretable machine learning",https://doi.org/10.1016/j.buildenv.2026.114664,Building and Environment,,
W2269993870,B7,6,2016,194,Marco Morabito,The impact of built-up surfaces on land surface temperatures in Italian urban areas,https://doi.org/10.1016/j.scitotenv.2016.02.029,The Science of The Total Environment,,
W4409598858,B7,6,2025,3,Gennaro Albini,Investigation of the Surface Urban Heat Island (SUHI) by two remote sensing-based approaches in Italian regional capitals,https://doi.org/10.1016/j.rsase.2025.101567,Remote Sensing Applications Society and Environment,,"This study investigates the Surface Urban Heat Island (SUHI) phenomenon in the twenty Italian regional capitals for the 2013–2023 period by analyzing summer surface temperatures and urban features. Using open data from remote sensing products (such as Landsat-8 and 9 and Sentinel-1 and 2) as well as the Italian Revenue Agency database, this research examines surface temperature differences between central and peripheral urban areas. Two methodological approaches were employed: 1) the Real Estate Market Observatory classification provided by the Italian Revenue Agency (OMI approach) and 2) urbanization levels as defined by the Italian Institute for Environmental Protection and Research (urbanization level approach). High SUHI values were observed in cities with different geographical characteristics, including mountainous areas, with the highest values in L'Aquila, as well as both coastal and inland cities across plain and hilly altitudes. The highest SUHI intensities ranged from 5 °C to nearly 8 °C, with the urbanization level approach highlighting the most pronounced differences. Additionally, central urban areas in most regional capitals were characterized by over 60 % impervious surface coverage and minimal vegetation. Differences in tree cover percentages between urban belts showed significant positive relationships with SUHI intensity in both plain and hilly/mountainous cities. In particular, a highly significant (p < 0.001) positive linear relationship was found in plai"
W2782740505,B7,6,2018,80,Stevan M. Savić,"Heat wave risk assessment and mapping in urban areas: case study for a midsized Central European city, Novi Sad (Serbia)",https://doi.org/10.1007/s11069-017-3160-4,Natural Hazards,,
W4307252771,B7,6,2022,17,Patrick John Harris,Infrastructure and health: laying down the big connections for well-being,https://doi.org/10.1093/ooih/ouac002,Oxford Open Infrastructure and Health,https://academic.oup.com/ooih/advance-article-pdf/doi/10.1093/ooih/ouac002/46616343/ouac002.pdf,"Humanity strives to and achieves progress through infrastructure. Infrastructure has become such a powerful force in our existence that our health and well-being are now, more than ever, dependent upon the infrastructures we imagine and build. This introductory article sets out what we are calling ‘connections’ between infrastructure and health that the journal and its authors will enable. By using ‘connections’, we emphasize the abstract here—epistemological, conceptual, ontological, paradigmatic—as ideas for future readers and contributors to build on, both in thought and in practice. In this piece, we first straddle disciplinary worlds and tensions to, hopefully, inspire future readers and authors. We then offer up some specific big connections for future scholarship. The idea of infrastructure has taken hold in society dramatically since the late 1970s (see Fig. 1). The political popularity of neoliberalism follows a similar trajectory. Historically, of course, infrastructure and human development, both social and material, have been inextricably intertwined (Hitchner, 2012; Diamond, 2013). ‘Public works’ was the term that historically captured attention in emerging Western industrializing market economy nations (White, 2012) and the colonialism on which that emergence was built (Ramesh and Raveendranathan, 2020). When people think of infrastructure today, ‘built things’ come to mind, especially mobility hardware—road, rail, aviation, shipping hardware, digital networks—a"
W1559717823,B7,7,2013,2,Angeline Martini,A periodicidade diária do índice de conforto térmico na arborização de ruas de Curitiba-PR,,Scientia Plena,,"The aim of this research was analyze the daily periodic variation of the thermal comfort index between streets with and without tree in Curitiba city. Thereunto, three sample containing a street stretch with and without trees were selected, being the street with trees were composed of different species. To  monitoring the meteorological variables, mini-stations Kestrel® and heat stress monitor TGD-400 were  used.  The data collection daily period was from 9 AM to 3 PM and the monitoring interval was every 1 minute, in the four seasons, starting in winter 2011. The influence on thermal comfort was analyzed using  the UTCI. The results indicated that the  street with trees showed better thermal comfort than the street without trees in all seasons, demonstrating the importance of streets trees to the Curitiba. It was concluded that streets with trees provides an urban microclimate more thermally comfortable along the day, in all seasons."
W4414883486,B7,7,2025,2,Nicole Dziedzic,Street Planted Trees Alter Leaf Functional Traits to Maintain Their Photosynthetic Activity,https://doi.org/10.3390/environments12100361,Environments,https://www.mdpi.com/2076-3298/12/10/361/pdf?version=1759810203,"Urban expansion alters environmental conditions, influencing tree physiology and performance. Urban trees provide cooling, sequester carbon, support biodiversity, filter contaminants, and enhance human health. This study examines how two common urban trees—Norway Maple (Acer platanoides L.) and Little-leaved Linden (Tilia cordata Mill.)—respond to urban site conditions by assessing leaf morphology, stomatal, and gas exchange traits across street and urban park sites in Chicago, IL. Street trees exhibited structural trait adjustments, including smaller leaf area, reduced specific leaf area, and increased stomatal density, potentially reflecting acclimation to more compact and impervious conditions. Norway Maple showed stable photosynthetic assimilation (A), stomatal conductance (gs), and transpiration (E) across sites, alongside higher intrinsic water-use efficiency (iWUE), indicating a conservative water-use strategy. In contrast, Little-leaved Linden maintained A and gs but showed elevated E and iWUE at street sites, suggesting adaptive shifts in water-use dynamics under street microenvironments. These findings highlight how species-specific physiological strategies and local site conditions interact to shape tree function in cities and underscore the importance of incorporating functional traits into urban forestry planning to improve ecosystem services and climate resilience."
W2794046993,B7,7,2018,192,Mohammad A. Rahman,Vertical air temperature gradients under the shade of two contrasting urban tree species during different types of summer days,https://doi.org/10.1016/j.scitotenv.2018.03.168,The Science of The Total Environment,,
W2602100124,B7,7,2017,3,Keita Yamazaki,DEVELOPMENT OF A METHOD FOR ESTIMATIING RADIANT TEMPERATURE AND RADIANT EXERGY WITHIN OUTDOOR SPACE,https://doi.org/10.3130/aije.82.205,Journal of Environmental Engineering (Transactions of AIJ),https://www.jstage.jst.go.jp/article/aije/82/733/82_205/_pdf,"This paper describes a method for estimating radiant temperature and its associated with radiant exergy within outdoor space, which is one of the key factors in micro-climatic design of park space in summer. Measurements of outdoor air temperature (To) and humidity, wind velocity (Va), globe temperature (Tg) and surface temperature (Tei) were carried out for one day during daytime of a hot summer day in August, 2015 at Sapporo Art Park. The radiant exergies emitted from outdoor ground, buildings, trees, grassy plane, water surface of the pond and sky, were evaluated for quantifying the radiant environmental characteristics outdoors. The globe temperatures measured were compared with those obtained theoretically using solar radiation (I), long-wavelength mean radiant temperature (Tmr-photo) taken from infra-red thermal image camera, To and Va. On the basis of the measured results together with the theoretical investigation, we discussed the “coolness” to be available from park space. In the open space at Sapporo on 1st day August, which was sunny with patchy clouds, the Tei of concrete pavement (CP) of plaza at the point S1, and S5, ranged from 43 to 50 °C. At the point S1 and S5, whose form factor (fi) of CP were larger than 0.3, the rate of warm radiant exergy (WX) were larger than 900 mW/m2 during daytime, those were much larger than the rate of cool radiant exergy (CX). This contributes to Tmr-photo being 1 to 3 °C higher than To. The WX caused by the absorption of short-w"
W4410038142,B7,7,2025,11,Amr Sayed Hassan Abdallah,"Optimizing Urban Spaces: A Parametric Approach to Enhancing Outdoor Recreation Between Residential Areas in Riyadh, Saudi Arabia",https://doi.org/10.3390/buildings15091527,Buildings,,"Improvement of recreational areas between the residential areas to achieve human behavior and the concept of humanization is urgently needed to achieve the 2030 vision of Saudi Arabia. This study aims to develop a parametric urban optimization framework to optimize the outdoor thermal comfort in outdoor recreational areas between residential buildings in Riyadh City, Saudi Arabia, based on the 2030 vision of Saudi Arabia to achieve a high standard of quality of life with thermal comfort. Measurement was conducted inside the sports walking path with walk-through observation and interviews. Then, case study geometry was generated computationally, using Rhinoceros software and its plug-in Grasshopper to implement the set of development scenarios. Then, the optimization process for the case study was integrated with 192 proposed development solutions to assess the solutions’ influence in reducing the Universal Thermal Comfort Index (UTCI) and average solar irradiance, besides increasing energy generated by PV panels. EnergyPlus engine and Ladybug plug-in are used to integrate PV panels with shading scenarios, to utilize the high solar irradiation, and to calculate the generated electrical energy. The results concluded that trees with diameters between 10 and 15 m could achieve thermal comfort and reduction UTCI by 11.26 K and average solar irradiance by 642.77 W/m2 with average energy generation of PV panel and optimum inclination angle of 20°. The integration of PV with shading "
W4307056318,B7,7,2022,92,Jacob A. Lachapelle,Maximizing the pedestrian radiative cooling benefit per street tree,https://doi.org/10.1016/j.landurbplan.2022.104608,Landscape and Urban Planning,,"Outdoor heat stress is a growing problem in cities during hot weather. City planners and designers require more pedestrian-centered approaches to understand sidewalk microclimates. Radiation loading, as quantified by mean radiant temperature (TMRT), is a key factor driving poor thermal comfort. Street trees provide shade and consequently reduce pedestrian TMRT. However, placement of trees to optimize the cooling they provide is not yet well understood. We apply the newly-developed TUF-Pedestrian model to quantify the impacts of sidewalk tree coverage on pedestrian TMRT during summer for a lowrise neighbourhood in a midlatitude city. TUF-Pedestrian captures the detailed spatio-temporal variation of direct shading and directional longwave radiation loading on pedestrians resulting from tree shade. We conduct 190 multi-day simulations to assess a full range of sidewalk street tree coverages for five high heat exposure locations across four street orientations. We identify street directions that exhibit the largest TMRT reductions during the hottest periods of the day as a result of tree planting. Importantly, planting a shade tree on a street where none currently exist provides approximately 1.5–2 times as much radiative cooling to pedestrians as planting the same tree on a street where most of the sidewalk already benefits from tree shade. Thus, a relatively equal distribution of trees among sun-exposed pedestrian routes and sidewalks within a block or neighbourhood avoids mutu"
W4393981535,B7,7,2023,0,Corinna Del Bianco,Towards a nature-culture relationship in historic centres. Evidence of public spaces beyond tourism in Florence (Italy),https://doi.org/10.35784/odk.3568,Protection of cultural heritage,https://ph.pollub.pl/index.php/odk/article/download/3568/4255,"Historic centres globally are facing issues they have never encountered before, such as climate change and, for some, mass tourism. Over time, the relationship between nature and culture is one of conflict, with nature seen as a threat to the conservation of tangible heritage; at the same time, tourism has upset the reality of historic centres, compromising their fruition for both residents and tourists. In this context of great changes, the public space role of historic centres has been overturned. These public spaces, conceived as a set of elements that make up the urban scene and represent the identity of a community, have already changed significantly; on the one hand, they must respond to the needs of users who are mainly tourists and who arrive in larger numbers than originally envisaged, while on the other hand, they are experiencing the effects of climate change, with rising temperatures, heat islands, variations in the distribution and consistency of rainfall, and other site-specific issues. Historic centres and culture can contribute to sustainable development goals, and conservation plays an important role in creating projects in synergistic relationships with the natural environment. Following an overview of the themes and current literature on tourism in historic centres and on experiences with nature-based solutions applied to conservation, this paper reports two positive instances of conservation and the regeneration of public space in the UNESCO Historic Centr"
W4408388501,B7,7,2025,6,Matteo Clemente,"A “Street Tree” Master Plan for the Strategic Management of Linear Reforestation and Urban Landscape Enhancement in Rome, Italy",https://doi.org/10.3390/land14030606,Land,,"Trees in urban environments play a crucial ecological role, helping to mitigate air pollution, reduce urban heat islands, improve stormwater drainage, and provide essential ecosystem services such as biodiversity conservation. Street trees, in particular, form an interconnected network within the urban fabric, offering the potential to link various green spaces across the city. Several cities have implemented dedicated Street Tree Master Plans (STMPs) to manage street trees effectively. A STMP thus serves as both a vital tool for the management and conservation of urban tree heritage and an opportunity to enhance public spaces and the quality of life for citizens. This case study of Rome (Italy) presents a particularly complex challenge, partly due to the city’s rich historical heritage, where street trees contribute to the identity of places and the urban environment in the context of climate change. The tree heritage of Rome requires ongoing maintenance, the improvement of growing conditions, the replacement of hazardous or aging trees along street rows, and the addition of new trees to enhance and diversify the urban tree population. Starting from a new census of street trees and a spatial analysis using GIS methodologies, this study examines the approach taken by Rome’s STMP. It focuses on the different strategies proposed for various types of streets, classified on the specific role that trees play in each context. Specifically, the plan offers a strategic vision for the"
W4385518097,B7,8,2023,20,Samain Sabrin,"The cooling potential of various vegetation covers in a heat-stressed underserved community in the deep south: Birmingham, Alabama",https://doi.org/10.1016/j.uclim.2023.101623,Urban Climate,,
W4400520222,B7,8,2024,6,Anthea Challis,Environmental and genetic drivers of physiological and functional traits in a key canopy species,https://doi.org/10.1016/j.envexpbot.2024.105904,Environmental and Experimental Botany,,"The resilience of forests worldwide is challenged by climate change. Large-scale tree mortality and dieback events have been documented across continents in recent decades. The adaptive capacity of forests is important for predicting forest resistance and resilience to future climates yet remains largely unknown. We grew 12 populations of a widespread foundation tree species (Corymbia calophylla), originating from different temperature and rainfall regimes, in two common garden trials in Western Australia that had similar temperature but contrasting rainfall conditions. We quantified intraspecific trait variation at these two sites to estimate genetically determined trait variation with climate origin (genetic adaptation) and trait variation associated with environment (phenotypic plasticity). We aimed to determine the 1) contribution of genetic and environmental factors on growth, functional, and physiological trait variation; 2) coordination of leaf traits within the context of the leaf economic spectrum (LES) in variable rainfall conditions; and 3) role of local or regional climate adaptation influencing tree growth and water use efficiency. Growth and physiological traits were differentially expressed across populations and sites, highlighting the importance of genetic adaptation and phenotypic plasticity. Leaf traits reflected a more water conservative strategy with higher water use efficiency, high foliar nitrogen content, and low specific leaf area, as predicted by the"
W4353095435,B7,8,2023,56,Mahmuda Sharmin,Tree crown traits and planting context contribute to reducing urban heat,https://doi.org/10.1016/j.ufug.2023.127913,Urban forestry & urban greening,,
W3030279110,B7,8,2020,31,Kai Gao,On the Efficiency of Using Transpiration Cooling to Mitigate Urban Heat,https://doi.org/10.3390/cli8060069,Climate,https://www.mdpi.com/2225-1154/8/6/69/pdf?version=1593417070,"Trees are considered to be effective for the mitigation of urban overheating, and the cooling capacity of trees mainly comes from two mechanisms: transpiration and shading. This study explores the transpiration cooling of large trees in urban environments where the sea breeze dominates the climate. In the experiment, sap flow sensors were used to measure the transpiration rate of two large trees located in Sydney over one year. Also, the temperature difference between the inside and outside of the canopy, as well as the vertical temperature distribution below the canopy, were measured during summer. In this experiment, the temperature under the canopies decreased by about 0.5 degrees from a 0.5 m height to a 3.5 m height, and the maximum temperature difference between the inside and outside of the canopy was about 2 degrees. After applying a principal component analysis of multiple variables, we found that when a strong sea breeze is the primary cooling mechanism, the sap flow still makes a considerable contribution to cooling. Further, the sea breeze and the transpiration cooling of trees are complementary. In conclusion, the characteristics of synoptic conditions must be fully considered when planting trees for mitigation purposes. Since the patterns of sea breeze and sap often do not coincide, the transpiration cooling of trees is still effective when the area is dominated by sea breeze."
W3033754149,B7,8,2020,56,Zhuodi Huang,"Impacts of Tree Canopy Cover on Microclimate and Human Thermal Comfort in a Shallow Street Canyon in Wuhan, China",https://doi.org/10.3390/atmos11060588,Atmosphere,https://www.mdpi.com/2073-4433/11/6/588/pdf?version=1593323623,"Increasing the number of street trees can be a promising method to reduce impacts of climate change currently impacting urban public health. However, the quantitative relationships between tree canopy cover and thermal comfort remains unclear, particularly in areas with high temperature and high humidity. This study aims to provide a better understanding of the effects of different degrees of tree canopy cover on human thermal comfort in shallow street canyons in a high temperature, high humidity area of China. Microclimatic measurements and qualitative surveys were conducted on sunny summer days in a shallow street canyon in Wuhan. The results suggest that microclimate benefits are greater for areas with a high-percentage tree canopy cover compared to medium- and low-percentage tree canopy cover—especially at noon. In streets with a high-percentage tree canopy cover, afternoon air temperatures and mean radiant temperatures can be reduced by up to 3.3 °C and 13.9 °C, respectively, compared to a similar street with no tree shade. The thermal sensation prediction formula is proposed and the relationship between human thermal sensation and microclimate factors is established. Blocking solar radiation and increasing wind speed are more feasible than controlling air temperature and humidity as ways to improve human thermal comfort."
W4411127575,B7,8,2025,4,Simona Mannucci,A parametric integrated workflow to assess multi-domain heat- and flood-related performance of small outdoor urban spaces in a changing climate: A case study in the mediterranean region,https://doi.org/10.1016/j.cacint.2025.100215,City and Environment Interactions,,"• An integrated workflow is proposed for multi-domain resilience of outdoor urban space. • Runoff assessment highlights inefficiencies in impermeable greenery designs. • Thermal comfort assessment reveals higher discomfort in impermeable unshaded areas. • With the proposed integrated workflow, simultaneous heat stress and runoff is assessed. • The workflow supports resilient design of the built environment. Urban areas face increasing exposure to climate-induced hazards, including extreme heat and urban flooding, challenges exacerbated by limited green and blue areas. This study presents an integrated parametric workflow for the preliminary evaluation of multi-domain performance of small outdoor spaces, at early design stages, as adaptive interventions for mitigating these issues at the neighborhood scale. Using parametric modelling in Grasshopper with Ladybug Tools and Kangaroo plugins, the novel methodology assesses thermal comfort and surface runoff dynamics in a heat- and flood-prone outdoor space. Thermal stress was evaluated using Ladybug tools via the Universal Thermal Climate Index and the Mediterranean Outdoor Comfort Index, and compared with ENVI-met simulations results to test the reliability of the proposed workflow. Results highlighted significant thermal discomfort during peak summer hours, especially in unshaded areas. Irrigated vegetation, including trees and grass, effectively reduced heat stress, even if in some regions, due to water scarcity, irrigation ent"
W7171461174,B7,8,2026,0,Zhe Tan,Surrogate-assisted multi-objective optimization of micro-scale urban tree configurations for heat-stress mitigation with ecological co-benefits,https://doi.org/10.1016/j.scs.2026.107726,Sustainable Cities and Society,,
W7161493363,B7,8,2026,0,Mattia Niccoli,Mapping Local Climate Zones and ExplorMapping Local Climate Zones and Exploring Temperature Dynamics in the Metropolitan Area of Florenceing Temperature Dynamics in the Metropolitan Area of Florence,https://doi.org/10.36253/bsgi-7621,Bollettino della Società Geografica Italiana,https://www.bsgi.it/index.php/bsgi/article/download/7621/6903,"This paper investigates the temperature dynamics within the Metropolitan Area of Florence, and particularly in the “Piana Fiorentina”. It focuses on the Urban Heat Island (UHI) effect by utilising Local Climate Zones (LCZs), Land Surface Temperature (LST), and crowdsourced air temperature data. The study aims to map LCZs and explore temperature variations across urban and peri-urban landscapes. A supervised classification combining remote sensing data from Sentinel-2 and geospatial urban morphology parameters was employed to generate an LCZ map of the Florence-Prato-Pistoia area. LST data were used to analyse temperature differences across LCZs, highlighting seasonal and spatial variations. Additionally, the study incorporated air temperature measurements from Citizen Weather Stations (CWS) to assess intra-urban temperature dynamics, representing the first use of such data in this context. The results revealed significant thermal contrasts between urban and natural LCZs, demonstrating the UHI effect, its seasonal variability, and the diurnal-to-nocturnal cycle. This work contributes to the understanding of urban climate behaviour in and around Florence and highlights the usefulness of LCZs mapping and CWS data for urban climate studies."
W4413165112,B7,8,2025,4,Desirée Muscas,Urban Tree CO2 Compensation by Albedo,https://doi.org/10.3390/land14081633,Land,,"Urban form and surface properties significantly influence city liveability. Material choices in urban infrastructure affect heat absorption and reflectivity, contributing to the urban heat island (UHI) effect and residents’ thermal comfort. Among UHI mitigation strategies, urban parks play a key role by modifying the microclimate through albedo and evapotranspiration. Their effectiveness depends on their composition, such as tree cover, herbaceous layers, and paved surfaces. The selection of tree species affects the radiation dynamics via foliage color, leaf persistence, and plant morphology. Despite their ecological potential, park designs often prioritize aesthetics and cost over environmental performance. This study proposes a novel approach using CO2 compensation as a decision-making criterion for surface allocation. By applying the radiative forcing concept, surface albedo variations were converted into CO2-equivalent emissions to allow for a cross-comparison with different ecosystem services. This method, applied to four parks in two Italian cities, employed reference data, drone surveys, and satellite imagery processed through the Greenpix software v1.0.6. The results showed that adjusting the surface albedo can significantly reduce CO2 emissions. While dark-foliage trees may underperform compared to certain paved surfaces, light-foliage trees and lawns increase the reflectivity. Including evapotranspiration, the CO2 compensation benefits rose by over fifty times, supp"
W2046957268,B7,8,2010,247,Bénédicte Dousset,Satellite monitoring of summer heat waves in the Paris metropolitan area,https://doi.org/10.1002/joc.2222,International Journal of Climatology,,"Abstract Summer warming trends in Western Europe are increasing the incidence, intensity and duration of heat waves. They are especially deadly in large cities owing to population density, physical surface properties, anthropogenic heat and pollutants. In August 2003, for 9 consecutive days, the Paris metropolitan area experienced an extreme heat wave that caused 4867 estimated heat‐related deaths. A set of 61 NOAA‐AVHRR (advanced very high‐resolution radiometer) images and one SPOT‐high resolution visible (HRV) image were used to analyse the spatial variations of land surface temperature (LST) over the diurnal cycle during the heat wave. The LST patterns were markedly different between daytime and night‐time. A heat island was centred downtown at night, whereas multiple temperature anomalies were scattered in the industrial suburbs during the day. The heat wave corresponded to elevated nocturnal LST compared to normal summers. The highest mortality ratios matched the spatial distribution of the highest night‐time LSTs, but were not related to the highest daytime LSTs. LSTs were sampled from images at the addresses of 482 elderly people (half were deceased persons and half were control ones) to produce daily and cumulative minimal, maximal and mean thermal indicators, over various periods of time. These indicators were integrated into a conditional logistic regression model to test their use as heat exposure indicators, based on risk factors. Over the period 1–13 August, ther"
W4413160001,B7,9,2025,12,Abdulrazzaq Shaamala,Algorithmic urban greening for thermal resilience: AI-optimised tree placement and species selection,https://doi.org/10.1016/j.cities.2025.106356,Cities,,"Recent advances in artificial intelligence (AI) and metaheuristic optimisation have created new opportunities to address the growing challenges of urban heat and thermal discomfort. Among these, the strategic placement of urban trees has emerged as a promising intervention due to their capacity to moderate microclimatic extremes. However, existing approaches often rely on generic planting schemes that overlook the spatial complexity of urban morphology and the functional diversity of tree species. This study introduces a novel AI-based framework that combines Ant Colony Optimisation (ACO) with species-specific thermal traits and high-resolution simulations of the Universal Thermal Climate Index (UTCI) to optimise both tree placement and species selection at the neighbourhood scale. To evaluate the cumulative physiological benefits of these interventions, a new metric—the Bio-Thermal Gain Index (BTGI)—was developed to capture diurnal variations in thermal stress. Applied to a real-world suburban site and validated under extreme summer conditions, the framework achieved notable improvements: a 22 % reduction in areas exceeding 39 °C, an 18 % increase in thermally comfortable zones, and cooling benefits of up to 3.5 °C. This research advances a replicable, performance-oriented model for climate-responsive urban greening by uniting algorithmic intelligence with ecological precision. The proposed framework provides planners, designers, and policymakers with a scalable tool to enha"
W4414303278,B7,9,2025,3,Xiaohui Lu,"Effect of pavement watering under tree shade in a hot and humid area: a case study in Guangzhou, China",https://doi.org/10.1016/j.scs.2025.106818,Sustainable Cities and Society,,
W2939432878,B7,9,2019,197,Chenghao Wang,Environmental cooling provided by urban trees under extreme heat and cold waves in U.S. cities,https://doi.org/10.1016/j.rse.2019.03.024,Remote Sensing of Environment,,
W4386960215,B7,9,2023,29,Zhixing Li,Multi-objective optimization design of residential area based on microenvironment simulation,https://doi.org/10.1016/j.jclepro.2023.138922,Journal of Cleaner Production,,"In current research on old communities, less attention is given to the comfort and greenhouse gas emissions of the indoor and outdoor physical environment. Only a few studies focus on optimization strategies for these environments in old communities. Thus, the absence of suitable theoretical guidance in specific engineering practices can lead to issues. Renovated old communities still face challenges such as overheating in summer, overcooling in winter, and high energy consumption. In this article, based on the optimization of low- and medium-rise old communities in five typical cities in China, corresponding strategies such as geometric and envelope design parameters are proposed in terms of building greenhouse gas emission and indoor and outdoor thermal environment comfort. Several methods are employed in this study, including parametric simulation using Grasshopper with the Ladybug and Honeybee plugins for data collection. This research conduct sensitivity analysis using Random Forest Regressor (RFR), Gradient Boosting Regressor (GBR) and Decision Tree Regressor (DTR) to explore the relationship between design variables and environmental objectives. Predictive modeling with ensemble models and multi-objective optimization using the NSGA-2 algorithm help identify optimal design parameters for varied urban climates . The results demonstrated indoor and outdoor comfort of communities can be improved to a greater extent while reducing carbon emissions . Quantitatively, compare"
W7164371331,B7,9,2025,0,Somayyeh Taheri,Measuring the impact of microclimatic changes of planting vegetation on comfort indicators,https://doi.org/10.22091/wrcc.2024.11315.1002,DOAJ (DOAJ: Directory of Open Access Journals),,"Abstract Objective: With the expansion of urbanization in recent years, the climate of various regions has undergone significant changes and consequences. One effective strategy for mitigating the impacts of microclimatic alterations involves evaluating the influence of vegetation cover on key microclimatic parameters. This study aims to investigate the planting patterns of various tree species along an east-west-oriented corridor between two residential building blocks in the climate of Sabzevar, Iran. Method: To achieve the research objectives, different tree planting scenarios were modeled using ENVI-met software, and the key microclimatic variables, as well as the thermal comfort index—Physiological Equivalent Temperature (PET)—were analyzed. Results: The results indicate that a planting configuration consisting of two outer rows of deciduous trees (10 meters in height and 5 meters crown width) and one middle row of evergreen trees (18 meters in height and 11 meters crown width) provides favorable summer conditions. In winter, a combination of one upper row of deciduous trees (11 meters in height and 9 meters in crown width) and one lower row of low leaf-density coniferous evergreens (15 meters in height and 7 meters in crown width) provides optimal thermal comfort in the Sabzevar climate. Conclusion: The supply of required moisture and greater shading in the first pattern is due to planting one additional row of trees compared to the second pattern, as well as the enviro"
W2214041104,B7,9,2015,24,Giada Brandani,Urban Soil: Assessing Ground Cover Impact on Surface Temperature and Thermal Comfort,https://doi.org/10.2134/jeq2014.12.0521,Journal of Environmental Quality,,"The urban population growth, together with the contemporary deindustrialization of metropolitan areas, has resulted in a large amount of available land with new possible uses. It is well known that urban green areas provide several benefits in the surrounding environment, such as the improvement of thermal comfort conditions for the population during summer heat waves. The purpose of this study is to provide useful information on thermal regimes of urban soils to urban planners to be used during an urban transformation to mitigate surface temperatures and improve human thermal comfort. Field measurements of solar radiation, surface temperature (), air temperature (), relative humidity, and wind speed were collected on four types of urban soils and pavements in the city of Florence during summer 2014. Analysis of days under calm, clear-sky condition is reported. During daytime, sun-to-shadow differences for , apparent temperature index (ATI), and were significantly positive for all surfaces. Conversely, during nighttime, differences among all surfaces were significantly negative, whereas ATI showed significantly positive differences. Moreover, was significantly negative for grass and gravel. Relative to the shaded surfaces, was higher on white gravel and grass than gray sandstone and asphalt during nighttime, whereas gray sandstone was always the warmest surface during daytime. Conversely, no differences were found during nighttime for ATI and measured over surfaces that were "
W4309722361,B7,9,2022,33,Ribeiro de Oliveira,Socioeconomic and Environmental Benefits of Expanding Urban Green Areas: A Joint Application of i-Tree and LCA Approaches,https://doi.org/10.3390/land11122106,Land,https://www.mdpi.com/2073-445X/11/12/2106/pdf?version=1669351647,"Green infrastructures deliver countless functions for counteracting climate change, air pollution, floods, and heat islands, contributing at the same time to water and carbon recycling as well as to renewable energies and feedstock provisioning. Properly addressing such environmental problems would require huge investments that could be decreased thanks to the further implementation of urban forests. Local administrations are designing participative projects to improve territories and their living conditions. The i-Tree Canopy modelling tool and the life cycle assessment method are jointly applied to evaluate the potential benefits of increasing tree coverage within the boundaries of the Metropolitan City of Naples, Southern Italy. Results highlighted that tree coverage could increase by about 2.4 million trees, thus generating 51% more benefits in pollutants removal, carbon sequestration and stormwater management. The benefits are also explored and confirmed by means of the life cycle assessment method. The potential tree cover is expected to provide a total annual economic benefit of USD 55 million, purchasing power parity value adjusted, representing USD 18 per citizen and USD 99,117 per square kilometre of implemented urban forest. These results can support a potential replication elsewhere and provide a reference for the sustainable improvement of cities by expanding urban green areas."
W7212028448,B7,9,2026,0,Nambi Namusisi H.,"Urban Heat Inequality: Social Stratification, Policy Responses, and Health Implications",https://doi.org/10.59298/idosr/jst/26/122.122131,IDOSR JOURNAL OF SCIENCE AND TECHNOLOGY,,"Climate change and rapid urbanization have significantly intensified urban heat exposure, creating unequal health risks across socially stratified populations. This review critically examines the mechanisms through which social inequality influences urban heat exposure and evaluates policy interventions aimed at reducing heat-related health disparities. The analysis integrates evidence on urban heat island dynamics, socioeconomic determinants, neighborhood characteristics, housing quality, occupational exposure, and access to environmental resources such as urban green space. Particular attention is given to vulnerable populations that experience disproportionately high rates of heat-related morbidity and mortality due to limited adaptive capacity and unequal access to cooling infrastructure. The review further assesses governance approaches, including equitable urban planning, housing policy, public health preparedness, stakeholder engagement, and climate adaptation strategies that seek to reduce environmental and social inequalities simultaneously. Comparative evidence from cities in North America, Europe, and the Global South demonstrates that successful heat mitigation depends not only on technological or environmental interventions but also on inclusive governance and socially responsive policymaking. The review identifies persistent research gaps regarding causal mechanisms, equity-focused evaluation metrics, and long-term policy effectiveness. It concludes that future "
W7168418504,B7,9,2026,0,Ana Isabel Ribeiro,"Interwoven urban crises: how health, housing, and climate change intersect",https://doi.org/10.3389/phrs.2026.1609638,Public health reviews,https://www.ssph-journal.org/journals/public-health-reviews/articles/10.3389/phrs.2026.1609638/pdf,"Climate extremes are intensifying, and housing is becoming increasingly unaffordable. Today, 1.6 billion people still live without adequate shelter, and climate change is expected to cause 250,000 deaths each year by 2050. Cities are at the forefront of an interwoven crisis, facing severe housing shortages, widening health disparities, and escalating climate threats. Addressing these interconnected challenges requires a cohesive urban policy agenda that places climate-resilient, healthy, and affordable housing at its core.Climate change has become one of the most pressing public health challenges of the 21 st century [1]. Between 2000 and 2020, 3.39 million people died due to climate-related disasters, with heatwaves, tropical cyclones and floods being the top three deadliest [2]. The joint call for papers of IJPH and PHR ""MITIGATING AND ADAPTING TO CLIMATE CHANGE: EVIDENCE FOR PUBLIC HEALTH"" pointed to a wide range of global public health issues amplified by and interlinked with climate change. While Schulte et al. [3] addressed the direct impact of heat waves in a wealthy country, Gobena & Mengistu [4] reviewed the indirect links between climate variability and food-borne diseases. Expanding the scope further, Amekpor et al. explored integrated initiatives to mitigate climate change with a focus on maternal and child health [5].In parallel, Akthar & Reid [6], along with Traoré and Tetka [7], investigated the broader challenges that climate change poses to health systems. Ho"
W3203613620,B7,10,2021,4,Zafar Siddiq,Cool-dry season depression in gas exchange of canopy leaves and water flux of tropical trees at the northern limit of Asian tropics,https://doi.org/10.1007/s11258-021-01197-3,Plant Ecology,,
W3095654146,B7,10,2020,24,Kaluarachichi T.U.N.,Temperature Reduction in Urban Surface Materials through Tree Shading Depends on Surface Type Not Tree Species,https://doi.org/10.3390/f11111141,Forests,https://www.mdpi.com/1999-4907/11/11/1141/pdf?version=1603881256,"Trees play a vital role in urban cooling. The present study tested if key canopy characteristics related to tree shade could be used to predict the cooling potential across a range of urban surface materials. During the austral summer of 2018–2019, tree and canopy characteristics of 471 free-standing trees from 13 species were recorded across Greater Sydney, Australia. Stem girth and tree height, as well as leaf area index and ground-projected crown area was measured for every tree. Surface temperatures were recorded between noon (daylight saving time) and 3:00 p.m. under the canopy of each tree in the shade and in full sun to calculate the temperature differential between adjacent sunlit and shaded surfaces (∆Ts). The limited control over environmental parameters was addressed by using a large number of randomly selected trees and measurement points of surface temperatures. Analyses revealed that no systematic relationship existed among canopy characteristics and ∆Ts for any surface material. However, highly significant differences (p < 0.001) in ∆Ts existed among surface materials. The largest cooling potential of tree shade was found by shading bark mulch (∆Ts = −24.8 °C ± 7.1), followed by bare soil (∆Ts = −22.1 °C ± 5.5), bitumen (∆Ts = −20.9 °C ± 5.8), grass (∆Ts = −18.5 °C ± 4.8) and concrete pavers (∆Ts = −17.5 °C ± 6.0). The results indicate that surface material, but not the tree species, matters for shade cooling of common urban surfaces. Shading bark mulch, bare s"
W3045579507,B7,10,2020,66,Zhao Dan,Role of Species and Planting Configuration on Transpiration and Microclimate for Urban Trees,https://doi.org/10.3390/f11080825,Forests,https://www.mdpi.com/1999-4907/11/8/825/pdf,"Research Highlights: To demonstrate the effectiveness of configuration modes and tree types in regulating local microclimate. Background and Objectives: Urban trees play an essential role in reducing the city’s heat load. However, the influence of urban trees with different configurations on the urban thermal environment has not received enough attention. Herein we show how spatial arrangement and foliage longevity, deciduous versus evergreen, affect transpiration and the urban microclimate. Materials and Methods: We analyzed the differences between physiological parameters (transpiration rate, stomatal conductance) and meteorological parameters (air temperature, relative humidity, vapor pressure deficit) of 10 different species of urban trees (five evergreen and five deciduous tree species), each of which had been planted in three configuration modes in a park and the campus green space in Xi’an. By manipulating physiological parameters, crown morphology, and plant configurations, we explored how local urban microclimate could be altered. Results: (1) Microclimate regulation capacity: group planting (GP) > linear planting (LP) > individual planting (IP). (2) Deciduous trees (DT) regulated microclimate better than evergreen trees (ET). Significant differences between all planting configurations during 8 to 16 h were noted for evergreen trees whereas for deciduous trees, all measurement times were significantly different. (3) Transpiration characteristics: GP > LP > IP. The tr"
W4400127180,B7,10,2024,11,Ali Alzahrani,Assessment of Modeled Mean Radiant Temperature in Hot and Dry Environments: A Case Study in Saudi Arabia,https://doi.org/10.3390/cli12070091,Climate,,"Envi-met is the most-used simulation tool to assess outdoor thermal comfort in urban microclimates. Considering reported disparities between modeled and observed mean radiant temperature (MRT), failing to accurately predict the MRT may have a negative impact on the conclusions drawn by urban designers and policy makers. Therefore, this study aims to validate the Envi-met model’s efficiency for predicting MRT in the hot arid climate of Mecca city. Sensitivity analyses were conducted to investigate the settings and inputs of Envi-met, including two- and six-directional methods for calculating MRT, shortwave radiation projection factors, Indexed View Sphere (IVS), Advanced Canopy Radiation Transfer (ACRT), and the localization of materials and vegetation. Two statistical metrics (RMSE and MAE) were employed to assess Envi-met’s performance for the two evaluation points. Envi-met produced the best results with the 6-directional, ƒp-RayM (in winter) and ƒp-City (in summer), IVS on and ACRT on mode, and localized soil condition, materials, and vegetation inputs. An analysis of the modeled MRT results illustrated that error magnitudes were decreased significantly as a result of sufficient settings and inputs; for example, RMSE was improved by 2.31 and 8.48 K in the winter and summer open site results, respectively, and by 7.30 K in the summer under-tree site. Overall, the results of winter and summer analyses demonstrate average RMSE of 4.99 K and MAE of 4.02 K. The findings illustr"
W4405847252,B7,10,2024,22,Yu Chen,Impact of environmental elements in classical Chinese gardens on microclimate and their optimization using ENVI-MET simulations,https://doi.org/10.1016/j.enbuild.2024.115238,Energy and Buildings,,
W4294225360,B7,10,2022,5,Cristina Piselli,Microclimate Assessment at Real Experimental Conditions for Green Energy Urban Policy,https://doi.org/10.18280/ijsdp.170501,International Journal of Sustainable Development and Planning,https://www.iieta.org/download/file/fid/79346,"The incoming transformation of urban built-up areas, surroundings morphology, and local climate due to global warming connected to the necessity of renewable energy use maximization is the fundamental to the main aim of the present research. Indeed, urban policies can benefit from the accurate monitoring of microclimate variables in order to ensure fine living standards in cities, while improving the energy performance of the built environment. In this view, a systemic experimental approach was implemented. A monitoring campaign using dynamic experimental measurements under real conditions was carried out at an inter-urban scale taking into account different building-plant systems forms and urban configuration. In detail, two innovative portable monitoring systems were used for monitoring key multi-domain parameters at hyperlocal, urban, and intra-urban scale. The monitoring campaign was carried out in summer and winter in the city center of Florence, Italy. Research findings highlighted that urban microclimate control can be a potential factor for urban heat island (UHI) mitigation and sustainable green energy solutions, which involve social, economic, and energy policy beyond environment. The analysis of real microclimate conditions may support the green energy urban policy development in terms of renewable energy integration and urban areas design and management."
W7130505516,B7,10,2026,1,Andrea Cecilia,"The impact of tree canopy cover and imperviousness on air temperature during summer using low cost sensors on public transportation in Rome, Italy",https://doi.org/10.1016/j.uclim.2026.102832,Urban Climate,,"This study investigates the relationship between Air Temperature (AT), tree canopy cover, and imperviousness in Rome, Italy, using a novel approach based on low-cost sensors mounted on public buses. The system operates autonomously, requiring no on-site personnel, and provides continuous measurements across the entire urban area and at all hours of the day. Data were collected over 53 clear-sky summer days under stable meteorological conditions and aggregated onto a 500 m grid after quality control and normalization. Results show a statistically significant cooling associated with canopy cover only during the early morning hours, before the onset of the sea-breeze circulation, highlighting the role of mesoscale ventilation in suppressing local daytime cooling in coastal cities. At night, AT exhibits a strong linear increase with imperviousness, with differences up to 3.6 °C between fully urbanized and non-urbanized areas. The diurnal cycle of Urban Heat Island (UHI) intensity, derived from the imperviousness-based method, shows negligible values during daytime and peaks of 3–4 °C at night. Unlike previous assessments in Rome based on fixed monitoring stations, the dense spatial coverage provided by mobile measurements allows a more robust reconstruction of the diurnal UHI cycle and reveals that previously reported daytime UHI signals were likely influenced by sea-breeze-induced thermal gradients. By leveraging automated, citywide measurements with low-cost sensors, this study"
W3095687597,B7,10,2020,62,Hans‐Guido Mücke,"Heat Extremes, Public Health Impacts, and Adaptation Policy in Germany",https://doi.org/10.3390/ijerph17217862,International Journal of Environmental Research and Public Health,https://www.mdpi.com/1660-4601/17/21/7862/pdf?version=1603872012,"Global warming with increasing weather extremes, like heat events, is enhancing impacts to public health. This essay focuses on unusual extreme summer heat extremes occurring in Germany at higher frequency, longer duration, and with new temperature records. Large areas of the country are affected, particularly urban settlements, where about 77% of the population lives, which are exposed to multiple inner-city threats, such as urban heat islands. Because harm to public health is directly released by high ambient air temperatures, local and national studies on heat-related morbidity and mortality indicate that vulnerable groups such as the elderly population are predominantly threatened with heat-related health problems. After the severe mortality impacts of the extreme summer heat 2003 in Europe, in 2008, Germany took up the National Adaptation Strategy on Climate Change to tackle and manage the impacts of weather extremes, for example to protect people's health against heat. Public health systems and services need to be better prepared to improve resilience to the effects of extreme heat events, e.g., by implementing heat health action plans. Both climate protection as well as adaptation are necessary in order to be able to respond as adequate as possible to the challenges posed by climate change."
W7142731855,B7,10,2026,8,Jihui Yuan,Urban Heat Island mitigation strategies: a comprehensive review of recent advances,https://doi.org/10.1016/j.cacint.2026.100351,City and Environment Interactions,,"• Green infrastructure reduces UHI by 1–4 °C (up to 5 °C in optimal cases), enhances biodiversity. • Cool roofs cut temperatures by 2–4 °C, save 20–40% cooling energy (building-scale, hot climates. • ML achieves high predictive accuracy (up to ∼95% for LST/hotspot mapping in specific contexts). • Low-income areas face 2–3 °C higher UHI, need targeted fixes. • Hybrid blue-green systems cool by 2–3 °C in tropical cities. Urban Heat Islands (UHIs) represent a pressing challenge in contemporary cities, exacerbating energy demand, public health risks, and climate vulnerability. This comprehensive review synthesizes recent advancements in UHI mitigation, critically evaluating a spectrum of strategies, including green infrastructure, high-albedo and reflective materials, urban design modifications, and emerging technological interventions. Quantitative evidence demonstrates that green roofs and vegetated façades typically reduce local temperatures by 1–4 °C, though evidence from arid cities indicates limited cooling or potential net warming from certain low-evapotranspiration vegetation types due to reduced albedo effects, while reflective surface enhancements may lower urban ozone concentrations by up to 7% (modeling estimates under widespread adoption in specific regions). Innovative tools, such as machine learning (ML) for predictive modeling, remote sensing for high-resolution monitoring, and geographic information systems (GIS) for spatial analysis, are highlighted for their ab"
W2169011134,B7,11,2014,373,Christian Zang,Patterns of drought tolerance in major European temperate forest trees: climatic drivers and levels of variability,https://doi.org/10.1111/gcb.12637,Global Change Biology,,"The future performance of native tree species under climate change conditions is frequently discussed, since increasingly severe and more frequent drought events are expected to become a major risk for forest ecosystems. To improve our understanding of the drought tolerance of the three common European temperate forest tree species Norway spruce, silver fir and common beech, we tested the influence of climate and tree-specific traits on the inter and intrasite variability in drought responses of these species. Basal area increment data from a large tree-ring network in Southern Germany and Alpine Austria along a climatic cline from warm-dry to cool-wet conditions were used to calculate indices of tolerance to drought events and their variability at the level of individual trees and populations. General patterns of tolerance indicated a high vulnerability of Norway spruce in comparison to fir and beech and a strong influence of bioclimatic conditions on drought response for all species. On the level of individual trees, low-growth rates prior to drought events, high competitive status and low age favored resilience in growth response to drought. Consequently, drought events led to heterogeneous and variable response patterns in forests stands. These findings may support the idea of deliberately using spontaneous selection and adaption effects as a passive strategy of forest management under climate change conditions, especially a strong directional selection for more tolerant "
W4411299557,B7,11,2025,10,Yu Wei,The influence of trees shade level on human thermal comfort and the development of applied assessment tools,https://doi.org/10.1016/j.landurbplan.2025.105436,Landscape and Urban Planning,,
W4405248627,B7,11,2024,254,Haiwei Li,"Cooling efficacy of trees across cities is determined by background climate, urban morphology, and tree trait",https://doi.org/10.1038/s43247-024-01908-4,Communications Earth & Environment,,"Abstract Urban planners and other stakeholders often view trees as the ultimate panacea for mitigating urban heat stress; however, their cooling efficacy varies globally and is influenced by three primary factors: tree traits, urban morphology, and climate conditions. This study analyzes 182 studies on the cooling effects of urban trees across 17 climates in 110 global cities or regions. Tree implementation reduces peak monthly temperatures to below 26 °C in 83% of the cities. Trees can lower pedestrian-level temperatures by up to 12 °C through large radiation blockage and transpiration. In tropical, temperate, and continental climates, a mixed-use of deciduous and evergreen trees in open urban morphology provides approximately 0.5 °C more cooling than a single species approach. In arid climates, evergreen species predominate and demonstrate more effective cooling within compact urban morphology. Our study offers context-specific greening guidelines for urban planners to harness tree cooling in the face of global warming."
W3117670617,B7,11,2020,119,Samain Sabrin,Effects of Different Urban-Vegetation Morphology on the Canopy-level Thermal Comfort and the Cooling Benefits of Shade Trees: Case-study in Philadelphia,https://doi.org/10.1016/j.scs.2020.102684,Sustainable Cities and Society,,
W4412452797,B7,11,2025,5,Fuhao Sun,"Assessing the mitigating effects of clustered small green spaces on urban canyon heatwaves: A case study of the Tsukiji-Gawa, Tokyo",https://doi.org/10.1016/j.buildenv.2025.113373,Building and Environment,,
W7204953429,B7,11,2026,0,Cecilia Ciacci,Microclimate Modeling of UHI Mitigation Scenarios in a Historical Urban District,https://doi.org/10.3390/atmos17090848,Atmosphere,,"The study investigates the efficacy of various Urban Heat Island (UHI) mitigation measures within the United Nations Educational, Scientific and Cultural Organization UNESCO-listed historical center of Florence. Increasingly frequent and severe heatwaves during the summer season represent significant challenges for urban sustainability and public health in the outdoor urban environment. Using ENVI-met as a simulation tool, the research assesses the current microclimate conditions of a district within a historical center and simulates alternative mitigation scenarios. It quantifies the benefits in terms of microclimate characteristics (Potential Air Temperature-Ta and Mean Radiant Temperature-MRT) and human comfort indexes (Physiological Equivalent Temperature-PET and Universal Thermal Climate Index-UTCI). The proposed interventions include blue and green infrastructures as well as shading systems installed across the district. Current climate conditions are characterized by an average Ta of approximately 32 °C and MRT exceeding 59 °C; consequently, the analyzed area falls into the very strong heat stress category for both the calculated comfort indexes. All evaluated mitigation measures result in improving microclimate conditions as well as enhancing human thermal wellbeing within the outdoor environment. The most effective district-level intervention is the installation of shading fabrics, which reduces average Ta by 0.2 °C and MRT by up to 14 °C compared to the current scen"
W7165008507,B7,11,2026,0,Thomas Martinoli,Individual Urban Tree Detection from Multispectral Satellite Imagery via Point-Supervised Deep Learning,https://doi.org/10.3390/rs18122021,Remote Sensing,,"Monitoring urban biodiversity is essential for designing resilient and sustainable cities. Urban trees provide a wide range of ecosystem services (ESs), including air pollution reduction, urban heat island mitigation, and psychological benefits for citizens. Accurate and updated tree inventories are therefore essential tools for urban environmental monitoring. However, existing urban tree inventories are often incomplete or outdated, especially in private areas, limiting accurate ES assessment and urban planning. Earth observation satellite missions, particularly very-high-resolution multispectral (VHR-MS) imagery, offer a valuable alternative to field surveys for gathering information on urban environments. This work proposes a deep learning (DL) framework based on VHR-MS satellite imagery for the automatic generation of accurate urban tree inventories. DL models reduce human effort and save operational time by automatically learning complex representations and patterns from satellite imagery. The proposed encoder–decoder architecture extends prior point-based detection approaches by integrating a ResNet-50 backbone and a percentile-based threshold calibration procedure. Given the lack of suitable training data covering heterogeneous and densely vegetated urban environments, a dedicated dataset was constructed from VHR-MS satellite imagery acquired over the Lombardy region (Italy). The dataset encompasses a wide range of land uses and land covers, including residential and i"
W2749592506,B7,11,2017,207,Helen L. Macintyre,Assessing urban population vulnerability and environmental risks across an urban area during heatwaves – Implications for health protection,https://doi.org/10.1016/j.scitotenv.2017.08.062,The Science of The Total Environment,,
W7216528760,B7,11,2026,0,Olga Mašić,"The Economic Benefits of Parks in Urban Spaces - Global Evidence and Implications for Belgrade, Serbia",https://doi.org/10.62907/eemr250402048m,Economics Entrepreneurship and Management Research,https://eemr.unionnikolatesla.edu.rs/index.php/eemr/article/download/38/36,"Urban parks are increasingly recognized as economic infrastructure that affect health, property markets, tourism and climate resilience, but transition‑economy cities rarely assess these benefits systematically. This paper synthesizes international evidence on the economic benefits of urban parks and develops a research and policy framework for Belgrade, Serbia. Using a Total Economic Value and ecosystem‑services lens, the paper distinguishes four benefit domains: (i) health and avoided healthcare costs; (ii) property values and municipal finance; (iii) tourism and local economic development; and (iv) ecosystem services and avoided infrastructure costs. Systematic reviews, hedonic pricing studies and cost-benefit analyses show consistent evidence that proximity to parks raises housing values, increases physical activity and reduces obesity, supports tourism and small and medium enterprises, and provides cooling, flood mitigation and air‑quality improvements whose annual value often exceeds park operating budgets. The paper then applies this framework to Belgrade. Drawing on recent Serbian studies of urban green space and health, indicative real‑estate statistics and observed visitor flows to flagship parks such as Kalemegdan and Ada Ciganlija, it outlines how hedonic pricing, health‑impact valuation, tourism impact assessment and ecosystem‑service benefits transfer could be combined into an integrated valuation of the city’s park system. The contribution is conceptual and str"
W7162459909,B7,12,2026,1,Qilong Hao,Assessment of the ecological functions of primary greening tree species in arid and semi-arid urban areas of northern China: a field and UAV-based approach,https://doi.org/10.1088/2515-7620/ae7308,Environmental Research Communications,,"Abstract In arid and semi-arid regions with limited water, evaluating the ecological functions of urban trees is essential to improve quality greening. This study evaluated the core ecological functions based on the physical traits of arbor species (cooling, species diversity maintenance, and carbon sequestration) of 261 trees from five species ( Salix matsudana, Styphnolobium japonicum, Populus alba, Pinus sylvestris var. mongholica , and Ulmus pumila ) across three arid and semi-arid urban areas: Hohhot, Baotou, and Yinchuan. (1) Among the evaluated morphological traits, crown width (Pearson r = 0.77, P < 0.001) was the significant driver of cooling. Salix matsudana ( EMM : 12.43 °C) and Styphnolobium japonicum ( EMM : 10.48 °C) exhibited the greatest cooling benefits. (2) Compared to morphological traits, tree species identity was identified by random forest (RF) analysis as an important factor influencing understory species diversity maintenance (% IncMSE = 27.84%). Baseline observations showed that Pinus sylvestris var. mongholica provided the highest understory species richness ( EMM : 3.91), Shannon index ( EMM : 1.02), and Simpson index ( EMM : 0.56). (3) Fast-growing Populus alba exhibited the highest individual carbon sequestration ( EMM : 130.86 ± 15.98 kg) and carbon sequestration efficiency ( EMM : 3.95 ± 0.29 kg cm −1 ). Furthermore, within the spatial context of Hohhot, Baotou, and Yinchuan, the functional divergence highlighted significant ecological trade-off"
W3033301515,B7,12,2020,68,Ruzana Sanusi,"London Plane trees (Platanus x acerifolia) before, during and after a heatwave: Losing leaves means less cooling benefit",https://doi.org/10.1016/j.ufug.2020.126746,Urban forestry & urban greening,,
W3131005467,B7,12,2021,47,Senlin Zheng,Experimental and theoretical study of urban tree instantaneous and hourly transpiration rates and their cooling effect in hot and humid area,https://doi.org/10.1016/j.scs.2021.102808,Sustainable Cities and Society,,
W7162533084,B7,12,2026,1,Rui Yang,Shading inequality and mean radiant temperature exposure in high-density tropical and subtropical urban areas: A Delhi–Singapore comparison,https://doi.org/10.1016/j.buildenv.2026.114808,Building and Environment,,
W7164198787,B7,12,2026,0,Luca Gallia,Microclimate monitoring and modelling in a regenerating urban environment: Milano (Italy),https://doi.org/10.1016/j.uclim.2026.102961,Urban Climate,,"Urban regeneration projects in densely populated areas often involve limited, small-scale interventions. The present study provides a data-driven evaluation of solutions to mitigate the urban heat island effect at microscale, integrating densely distributed multisensory and multitemporal monitoring, material characterization, and microscale modelling. A dedicated monitoring system was utilized to measure microclimatic variables during the various phases of regeneration of a compact public square in Milan (Italy). The observations were utilized to establish boundary conditions and to calibrate and validate a microclimatic numerical model for a typical summer day. Three configurations representing different stages of regeneration were analyzed: pre-regeneration conditions, post-regeneration, and a future planned condition. The results obtained from the study indicate that changes in near ground air temperature were limited, whereas surface temperatures and radiative conditions exhibited clearer contrasts linked to the optical and thermal properties of materials and to shading. Reflective paving reduced surface heating in some locations but did not improve mean radiant temperature under peak solar exposure, with local increases that may penalize pedestrian comfort. The findings of this study suggest that the most significant reductions in radiative heat load and the most marked improvements in thermal comfort are produced by mature tree shading. This highlights the importance of"
W7138285949,B7,12,2026,2,Michele Baia,LUCIDiT: A Lean Urban Comfort Intelligent Digital Twin for Quick Mean Radiant Temperature Assessment,https://doi.org/10.3390/atmos17030305,Atmosphere,https://www.mdpi.com/2073-4433/17/3/305/pdf?version=1773754224,"The intensification of Global Warming and Urban Heat Island phenomena necessitates advanced, computationally effective tools for evaluating outdoor thermal comfort and microclimatic dynamics by means of Mean Radiant Temperature assessment. However, existing high-resolution physical models often suffer from prohibitive computational costs. This research proposes LUCIDiT (Lean Urban Comfort Intelligent Digital Twin), a physically based modeling framework implemented for a quick mean radiant temperature assessment inside complex urban morphologies. The method integrates a simplified balance of mutual radiative heat exchanges with recursive time-series filtering to account for the thermal inertia of different urban materials, alongside greenery heat exchange due to evapotranspiration. This architecture creates an operational urban comfort digital twin that reduces computational times by orders of magnitude for large-scale mappings, without sacrificing physical accuracy. Validation against drone-acquired thermographic data and the established Urban Multi-scale Environmental Predictor model demonstrates high reliability and coherence with the real physical phenomena and context. The application to an urban pilot site in Florence reveals that strategic interventions, such as substituting impervious surfaces with irrigated greenery and arboreal canopies, can mitigate radiant loads by up to 20 °C. Findings show that the proposed urban comfort digital twin can be a robust, scalable ins"
W4223542544,B7,12,2022,0,Thomas M. Hinckley,Jan Čermák’s lifetime contribution to tree water relations,https://doi.org/10.1093/treephys/tpac039,Tree Physiology,https://academic.oup.com/treephys/article-pdf/42/8/1517/45328465/tpac039.pdf,"One of the giants in Czechoslovakia – now the Czech Republic – in plant water relations, Professor Jan Čermák, passed away on December 23, 2021, in Brno, Czech Republic. Following in the footsteps of earlier noted Czech physiological ecologists – Jiří Čatský, Pavol Eliáš, Josef Huzulák, Zdeněk Šesták and Bohdan Slavík – Jan Čermák carved a reputation in plant water relations. Unlike the others, Čermák collaborated globally in his research endeavors, and these collaborations spanned almost four decades. Jan Čermák was born on July 23, 1938 in Prague, Czechoslovakia as the second son in the medical family of Doctor Václav Čermák. He grew up in Prague in an intellectually stimulating environment and his personality was strongly influenced by his years in scouting. For his entire life, he remained very fond of the capital city and of Central Bohemia. He started exploring nature as a high school student and was soon accepted in the Czech Ornithological Society, where he cooperated with the recording of observations of banded birds by the National Museum in Prague. In June 1957, he completed, with honors, high school in Říčany, a small town just southeast of Prague. Until September 1958, he worked as a forest laborer at the Jílové forest plant and two years later, in 1960, he graduated from the forest technical school in the town of Písek. He decided to enroll for Master studies in the Faculty of Forestry of the Agricultural University of Brno in 1960. Brno became his new, beloved "
W7135195028,B7,12,2026,2,Alexandra Elisabeth Schneider,Heat stress and cardiovascular health: a multi-faceted and under-recognized emergency,https://doi.org/10.1093/eurheartj/ehag084,European Heart Journal,,"Climate change is not only transforming natural ecosystems and accelerating biodiversity loss, it is increasingly threatening human health. Among its most direct and deadly manifestations are extreme temperatures. Heatwaves have grown markedly in frequency, intensity, and duration since the 1950s, a trend strongly driven by anthropogenic climate change and projected to accelerate throughout the 21st century. Global assessments underscore the magnitude of this threat: the Global Burden of Disease 2023 study estimated 17.5 million healthy life-years lost worldwide as a consequence of high temperatures.1 Nowhere is this problem more acute than in Europe, the world’s fastest-warming continent, where more than 60 000 heat-related deaths occurred in the summer of 2022,2 despite nearly two decades of heat-health action plans implemented after the catastrophic 2003 events. A substantial share of this heat-related burden is cardiovascular in nature. While respiratory mortality often dominates the early peak of extreme heat events, cardiovascular disease (CVD) contributes heavily to both mortality and morbidity across all world regions. A comprehensive meta-analysis of 266 studies3 showed that each 1°C increase above local heat thresholds raised all-cause cardiovascular mortality by 2.1%, with extreme increases for stroke (3.8%) and acute coronary syndrome (3.5%). Heat exposure also elevates the risk of arrhythmias, out-of-hospital cardiac arrest, and non-fatal ACS, underscoring that t"
W4405089183,B7,12,2024,0,Jyoti Bajpai,Climate change and its impact on respiratory health and disease,https://doi.org/10.4103/ijaai.ijaai_36_24,Indian Journal of Allergy Asthma and Immunology,,"Sir, Climate change, a once-distant concern of extreme temperatures and weather events, and disappearing ecosystems now loom large in our collective consciousness, impacting countless lives on a global scale. The National Geographic addresses climate change as the long-term alteration of temperature and typical weather patterns in a place. Climate change often interchangeably refers specifically to the rise in global temperatures from the mid-20th century to the present.[1] Climate change has caused weather patterns to be less predictable, and thus, expected temperature and rainfall levels can no longer be relied on. Climate change has led to mass devastation in the short span of a few decades and has been connected with more frequent and more intense loss of sea ice, melting glaciers, sea level rise causing increased floods, and more intense heat waves.[2] Natural calamities and harsh weather dominated global news headlines for the greater part of the past decade. From Hurricane Maria (2017) devastating Puerto Rico and causing widespread damage to the ravaging Amazon wildfire spanning across weeks and months and catastrophic floods in South Asia and multitude of cyclones, tornadoes, and dust storms across the United States of America, have plagued the world, posing severe threats to ecosystems, wildlife, and human settlements. The UN described the year 2023 as pivotal in the climate crisis, as it witnessed unprecedented wildfires, fueled by extreme heat waves and exacerbated"
W7166717969,B7,13,2026,0,António M. Rochette Cordeiro,Tree canopy structure and phenology as drivers of microclimate regulation in Mediterranean urban ecosystems,https://doi.org/10.1016/j.scitotenv.2026.181983,The Science of The Total Environment,,"Urban trees constitute a fundamental biotic component of urban ecosystems, mediating local climate through shading, evapotranspiration and modification of radiative and aerodynamic processes. While their cooling role is widely acknowledged, the ecological mechanisms governing vertical and seasonal microclimatic regulation within urban tree canopies remain insufficiently quantified, particularly in Mediterranean cities. This study investigates how tree functional traits, canopy structure and phenology interact with urban ecosystem typologies to regulate near-surface air temperature. Continuous air temperature measurements were conducted at two vertical levels (3 m and 6 m above ground) beneath four representative urban tree species-Tilia europaea, Platanus × hispanica, Quercus robur (deciduous broadleaf) and Cupressus sempervirens (evergreen conifer)-across contrasting urban ecosystems in Coimbra, Portugal, including open parks, a street canyon and a densely built square. Results demonstrate that dense deciduous canopies function as effective ecological regulators during summer, reducing pedestrian-level air temperature by approximately 1-5 °C and generating consistent daytime vertical thermal stratification, with warmer air retained in the upper canopy and cooler air maintained below. This stratification vanished during winter leaf-off conditions, highlighting the dominant role of phenology in seasonal ecosystem functioning. Urban ecosystem typology strongly mediated canopy p"
W3007516058,B7,13,2020,235,Mohammad A. Rahman,Tree cooling effects and human thermal comfort under contrasting species and sites,https://doi.org/10.1016/j.agrformet.2020.107947,Agricultural and Forest Meteorology,,
W2748117317,B7,13,2017,149,Min Jiao,Patch size of trees affects its cooling effectiveness: A perspective from shading and transpiration processes,https://doi.org/10.1016/j.agrformet.2017.08.013,Agricultural and Forest Meteorology,,
W4388153474,B7,13,2023,44,Taihan Chen,Effects of tree plantings with varying street aspect ratios on the thermal environment using a mechanistic urban canopy model,https://doi.org/10.1016/j.buildenv.2023.111006,Building and Environment,,
W4409666143,B7,13,2024,18,S.J. Hendriks,Heat stress amelioration for pasture-based dairy cattle: challenges and opportunities,https://doi.org/10.1093/af/vfae043,Animal Frontiers,,"The mental effects of heat stress in dairy cattle are poorly understood. Providing effective heat abatement while allowing cows to engage in highly motivated behaviors is important to maintain good welfare. On-animal sensors will help understand, monitor, and predict individual cow heat load. Mitigation now and in future should use known strategies, while research into novel mitigations continues. Advancing adaptation using genetic selection requires novel phenotypes for heat tolerance to be identified. Societal scrutiny of animal welfare in food production systems is intensifying. In the dairy sector, the impact of heat stress on cow productivity, health, and welfare is a growing global concern, particularly with increasing temperatures and weather variability predicted to become more extreme (Nguyen et al., 2016). Excessive heat can negatively impact biological functioning including milk production, health, and reproduction (Kadzere et al., 2002), and in severe circumstances, it can cause suffering, reduce quality of life, or even lead to death (Polsky and von Keyserlingk, 2017). The cost of unmitigated heat stress to the global dairy industry could reach $30 billion (USD) by 2050 (Allen, 2024). This global challenge requires locally tailored solutions due to variations in animal characteristics, farm systems, locations, and climatic drivers. Dairy farming occurs across the Northern and Southern Hemispheres, encompassing temperate, cold, and hot climates. Temperate climates"
W4401549765,B7,13,2024,23,Roberta Jacoby Cureau,On urban microclimate spatial-temporal dynamics: Evidence from the integration of fixed and wearable sensing and mapping techniques,https://doi.org/10.1016/j.envres.2024.119795,Environmental Research,,
W4417265648,B7,13,2025,0,Giacomo Toffol,Ambiente e Salute News n.33 - maggio - giugno 2025,https://doi.org/10.53141/peqacp.2025.4.as1,QUADERNI ACP,https://doi.org/10.53141/peqacp.2025.4.as1,"Over the past year, a worrying rise in summer temperatures has been recorded in Italian cities, a trend amplified by a well-known phenomenon called the Superficial Urban Heat Island (SUHI). A recent investigation, carried out by CNR and ISPRA [1] as part of the MIRIFICUS project, analysed twenty Italian regional capitals using satellite data collected between 2013 and 2023. The study found that central urban areas can be up to 8°C warmer than surrounding peripheral and rural zones. This thermal gap has direct consequences for public health. Vulnerable urban populations - such as children, older adults, and individuals with cardiovascular or respiratory diseases- are the first to suffer from rising temperatures, particularly during increasingly frequent heatwaves. The combined effects of urban cementification, limited availability of green spaces, and high population density exacerbate thermal stress, dehydration, and the worsening of chronic symptoms, and in extreme cases, can lead to excess mortality. The study also highlighted the protective role of trees: greater urban tree cover was associated with a significant reduction in land surface temperatures. Local administrations are urged to take prompt action by implementing urban reforestation strategies, protecting existing greenery, and reducing impermeable surfaces, with particular attention to densely populated and socially vulnerable neighbourhoods. A city that cares for its green spaces is a city that cares for its peop"
W4392388516,B7,13,2024,117,Mark J Nieuwenhuijsen,"The Superblock model: A review of an innovative urban model for sustainability, liveability, health and well-being",https://doi.org/10.1016/j.envres.2024.118550,Environmental Research,,"INTRODUCTION: Current urban and transport planning practices have significant negative health, environmental, social and economic impacts in most cities. New urban development models and policies are needed to reduce these negative impacts. The Superblock model is one such innovative urban model that can significantly reduce these negative impacts through reshaping public spaces into more diverse uses such as increase in green space, infrastructure supporting social contacts and physical activity, and through prioritization of active mobility and public transport, thereby reducing air pollution, noise and urban heat island effects. This paper reviews key aspects of the Superblock model, its implementation and initial evaluations in Barcelona and the potential international uptake of the model in Europe and globally, focusing on environmental, climate, lifestyle, liveability and health aspects. METHODS: We used a narrative meta-review approach and PubMed and Google scholar databases were searched using specific terms. RESULTS: The implementation of the Super block model in Barcelona is slow, but with initial improvement in, for example, environmental, lifestyle, liveability and health indicators, although not so consistently. When applied on a large scale, the implementation of the Superblock model is not only likely to result in better environmental conditions, health and wellbeing, but can also contribute to the fight against the climate crisis. There is a need for further e"
W4378189173,B7,13,2023,3,Johannes Burtscher,Reduced mortality in cooler surroundings,https://doi.org/10.1016/s0140-6736(23)00636-0,The Lancet,http://www.thelancet.com/article/S0140673623006360/pdf,
W2991666019,B7,14,2019,42,Jelena Lange,Moisture‐driven shift in the climate sensitivity of white spruce xylem anatomical traits is coupled to large‐scale oscillation patterns across northern treeline in northwest North America,https://doi.org/10.1111/gcb.14947,Global Change Biology,https://onlinelibrary.wiley.com/doi/pdfdirect/10.1111/gcb.14947,"Tree growth at northern treelines is generally temperature-limited due to cold and short growing seasons. However, temperature-induced drought stress was repeatedly reported for certain regions of the boreal forest in northwestern North America, provoked by a significant increase in temperature and possibly reinforced by a regime shift of the pacific decadal oscillation (PDO). The aim of this study is to better understand physiological growth reactions of white spruce, a dominant species of the North American boreal forest, to PDO regime shifts using quantitative wood anatomy and traditional tree-ring width (TRW) analysis. We investigated white spruce growth at latitudinal treeline across a >1,000 km gradient in northwestern North America. Functionally important xylem anatomical traits (lumen area, cell-wall thickness, cell number) and TRW were correlated with the drought-sensitive standardized precipitation-evapotranspiration index of the growing season. Correlations were computed separately for complete phases of the PDO in the 20th century, representing alternating warm/dry (1925-1946), cool/wet (1947-1976) and again warm/dry (1977-1998) climate regimes. Xylem anatomical traits revealed water-limiting conditions in both warm/dry PDO regimes, while no or spatially contrasting associations were found for the cool/wet regime, indicating a moisture-driven shift in growth-limiting factors between PDO periods. TRW reflected only the last shift of 1976/1977, suggesting different "
W4378364419,B7,14,2023,34,Limor Shashua‐Bar,Do urban tree hydraulics limit their transpirational cooling? A comparison between temperate and hot arid climates,https://doi.org/10.1016/j.uclim.2023.101554,Urban Climate,,
W7168492367,B7,14,2026,0,Yapeng Shao,Optimized 3D hierarchical canopy Modeling of urban street trees for enhanced microclimate regulation,https://doi.org/10.1016/j.enbuild.2026.117946,Energy and Buildings,,"Street trees are a key element of urban green infrastructure and play an important role in improving street-canyon microclimates and livability. However, existing studies often oversimplify individual tree morphology, and a standardized method for representing hierarchical canopy structures in ENVI-met is still lacking. To overcome this limitation, this study develops a fine-scale hierarchical model in ENVI-met to systematically evaluate the effects of leaf vertical distribution pattern, crown morphology, and tree height. A total of 100 simulation scenarios were designed to explore their combined impacts on the thermal and wind environments within street canyons. Results show that, compared with the conventional single-layer uniform model, the hierarchical street tree model achieves smaller deviations from in-situ observations; the two modeling approaches produce a systematic difference of up to 12.65 °C in simulated mean radiant temperature, indicating that the representation of canopy vertical structure has a substantial impact on radiation simulation. A strong coupling is identified between leaf distribution and crown morphology. For umbrella-shaped and ellipsoidal trees, a top-heavy pattern showed the strongest cooling and ventilation performance among the tested profiles, with T mrt reductions up to 1.81 °C. In contrast, conical trees performed strongest under a bottom-heavy pattern. Within the tested heights and the baseline scenario configuration, ellipsoidal trees sho"
W2956058790,B7,14,2019,3,Trịnh Lê Hùng,Comparison of Single-channel and Split-window Methods for Estimating Land Surface Temperature from Landsat 8 Data,https://doi.org/10.25073/2588-1094/vnuees.4374,VNU Journal of Science Earth and Environmental Sciences,https://js.vnu.edu.vn/EES/article/download/4374/3965,"Abstract: Landsat 8 is the eighth satellite in the Landsat program, which provides images at 11 spectral channels, including 2 thermal infrared bands at a spatial resolution of 100 m (band 10 (10,30÷11,30 µm) and band 11 (11,50÷12,50 µm)). Until now, most studies have used only band 10 of Landsat 8 image to calculate land surface temperature. In this paper, we compare the results of determining a land surface temperature from Landsat 8 thermal infrared data when using a single band (single-channel method) and using both thermal infrared bands (split-window method). 02 Landsat 8 scenes in the dry season 2015 - 2016 in Loc Ninh district (Binh Phuoc province) and Lam Ha district (Lam Dong province) were used to calculate the land surface temperature according to the SC and SW methods. The results obtained in both experiments showed that the land surface temperature, determined from band 10 of Landsat 8 images was significantly higher than using band 11. Meanwhile, the method using both thermal infrared bands of Landsat 8 data (SW method) to calculate land surface temperature has higher accuracy when compared with the method using band 10 or band 11 only (SC method). Keywords: Landsat 8, thermal infrared, land surface temperature, split-window algorithm, single-channel algorithm. References: [1] T. Alipour, M.R. Sarajian, A. Esmaseily, Land surface temperature estimation from thermal band of LANDSAT sensor, case study: Alashtar city, The International Archives of the Photogrammet"
W4403816652,B7,14,2024,1,G Dyer,Urban burden of disease estimation for policy making,https://doi.org/10.1093/eurpub/ckae144.1354,European Journal of Public Health,,"Abstract Introduction The Urban Burden of Disease Estimation for Policy Making (UBDPolicy) project aims to estimate the health impacts resulting from urban and transport planning related exposures in nearly 1000 European cities. So far, quantitative burden of disease assessments have estimated premature mortality attributable to the environmental stressors of air pollution, noise, urban heat islands and lack of green space for the year 2015. Regular reporting and trend monitoring of the health impacts associated with urban environments is crucial for assessing the wider impacts of urban and transport planning. Methods For almost 1000 European cities, quantitative Health Impact Assessments (HIAs) will be conducted that employ the comparative risk assessment methodology. Baseline exposure levels of air pollution, noise, urban heat islands and green space will be estimated and preventable health impacts modelled using counterfactual exposure scenarios. Analysis will comprise two components: firstly, the 2018 HIA will incorporate multiple environmental exposures for that year, while the second component will monitor trends at three-yearly reporting intervals covering the years of 2015, 2018, 2021 and 2024. Results Results are intended to shape evidence-informed urban planning and policies throughout Europe. By ranking cities according to environmental exposures and health impacts, cities are encouraged to address challenges and learn from successful urban design and planning poli"
W3186482003,B7,14,2021,23,İbrahim Dinçer,Hydrogen farm concept: A Perspective for Turkey,https://doi.org/10.1002/er.7086,International Journal of Energy Research,,"Climate change mitigation and implementing the necessary rules and regulations are terribly needed to make the global commitment stronger than ever before. On the energy side which is closely linked to these, energy market is and will be more struggling to afford turning away from fossil fuels and move into decarbonization era. Since the industrial revolution, a drastic increase in the anthropogenic carbon dioxide concentrations in the atmosphere has been observed and affected the human health and human welfare, and such anthropological effects cannot be gainsaid, despite all political-based denials and traditional fossils fuels lobbies' enforcements. An outcome of this enactment is to employ carbon-free fuels in various energy market sections, and one key solution for such a sustainable fuel is, in this regard, hydrogen which can be used as an energy carrier, a fuel, and a feedstock. Scalable hydrogen production from renewable energy resources facilitates the road for replacing carbon-based fuels with renewable energies. Hydrogen widely exists in many things, including water, biomass, fossil fuels, but cannot be found alone in the universe. A critical question is that how to produce it in a more efficient, effective and environmentally benign manner. Considering the processing cost for hydrogen production, fossil fuel-based methods, such as steam methane reforming (SMR) appears to be less expensive than the electrolysis methods. This makes SMR much more widely used one than "
W2801175817,B7,15,2018,52,Jordi Voltas,Ecotypic variation and stability in growth performance of the thermophilic conifer Pinus halepensis across the Mediterranean basin,https://doi.org/10.1016/j.foreco.2018.04.058,Forest Ecology and Management,,
W7164037310,B7,15,2026,0,Sinéad Nicholson,Cooling under pressure: The capacity of the urban forest to reduce air temperature during extreme heat,https://doi.org/10.1016/j.ufug.2026.129555,Urban forestry & urban greening,,"The urban forest provides cooling through shade and transpiration, but extreme heat can alter tree physiological processes and impact cooling capacity. While tree cooling under typical summer conditions is well established, studies of extreme heat events are limited. This review synthesises twenty-eight studies that report cooling of urban trees during extreme heat events, covering field observations, physical modelling and statistical modelling at micro- and meso-scales. Two research questions were addressed: (1) By how many degrees Celsius can urban trees reduce maximum air temperatures during an extreme heat event? (2) Which factors influence urban tree cooling during an extreme heat event most? Localised cooling reached up to 4.8°C beneath trees in parks and 3.9°C under street trees, though mean daytime cooling frequently below 1°C. Water availability was the most important factor determining cooling capacity during extreme heat. Also, peak tree cooling benefit occurred earlier in the day than maximum air temperatures. Other factors impacting tree cooling included leaf area index (LAI), vapour pressure deficit (VPD) and spatial configuration. Key knowledge gaps include limited field observations during extreme heat events, poor understanding of tree cooling under hot-humid conditions and insufficient research on cumulative tree stress responses to multi-day heat events. Addressing these gaps and improving reporting standards across the discipline would help support the us"
W2520666935,B7,15,2016,88,Jenny Lindén,"Temporal variations in microclimate cooling induced by urban trees in Mainz, Germany",https://doi.org/10.1016/j.ufug.2016.09.001,Urban forestry & urban greening,https://www.dora.lib4ri.ch/wsl/dload/wsl:5733/PDF2/view,
W1949841688,B7,15,2015,147,Ruzana Sanusi,Street Orientation and Side of the Street Greatly Influence the Microclimatic Benefits Street Trees Can Provide in Summer,https://doi.org/10.2134/jeq2015.01.0039,Journal of Environmental Quality,,"Maintaining human thermal comfort (HTC) is essential for pedestrians because people outside can be more susceptible to heat stress and heat stroke. Modification of street microclimates using tree canopy cover can provide important benefits to pedestrians, but how beneficial and under what circumstances is not clear. On sunny summer days, microclimatic measures were made in residential streets with low and high percentages of tree canopy cover in Melbourne, Australia. Streets with east-west (E-W) and streets with north-south (N-S) orientation were repeatedly measured for air temperature, relative humidity, wind speed, solar radiation, and mean radiant temperature on both sides of the street between early morning and midafternoon. Physiological equivalent temperature was estimated to indicate HTC throughout the day. In streets with high-percentage canopy cover, air temperature, relative humidity, solar radiation, and mean radiant temperature were significantly lower than in streets with low-percentage canopy cover. The reductions in air temperature under high-percentage canopy cover were greater for E-W streets (2.1°C) than for N-S streets (0.9°C). For N-S streets, air temperature, mean radiant temperature, and solar radiation were greater on the east pavement in the early morning and greatest on the west pavement in the midafternoon. The midday thermal benefits are restricted to E-W streets, which are oriented in the same direction as the summer sun's zenith. High-percentage c"
W4415037017,B7,15,2025,3,Lucia Mondanelli,Coupling remote sensing data and local meteorological measurements to predict thermal stress and its potential mitigation by urban forests,https://doi.org/10.1016/j.ufug.2025.129113,Urban forestry & urban greening,,"Urban areas face complex challenges including air pollution, land use changes, and rising temperatures driven by Urban Heat Island (UHI) effects. UHIs heighten heat stress risks, impacting human health and well-being. Urban green spaces, particularly urban forests, are key ecosystems to address these challenges by providing cooling effects and enhancing thermal comfort. In this context, monitoring the role of trees in mitigating the temperature is crucial. Remote sensing optical data may represent a powerful tool for this aim, but available sensors generally provide temperature at a very low spatial resolution that is not effective in the urban context. The primary aims of this study are to (i) develop and test a model for assessing thermal comfort in urban settings with an enhanced spatial resolution and (ii) investigate how urban green spaces contribute to increasing thermal comfort. Remote sensing Landsat 8 and Sentinel 2 data were combined to increase the spatial resolution of land surface temperature maps from 30 m to 10 m. The model was validated with ground data. Air temperature, global temperature, and thermal comfort maps were then created for the city of Florence. The results show significantly lower thermal comfort in areas lacking vegetation cover, while tree-lined streets and green spaces exhibit higher thermal comfort. Even vegetation traits such as height and fresh-wood volume positively correlate with thermal comfort, emphasizing the cooling effects of urban t"
W7213553415,B7,15,2026,0,Purna Durga Geesupalli,Multi-scale assessment of heat stress indices in the Lyon metropolis using geo-environmental datasets and clustering analysis,https://doi.org/10.1016/j.rsase.2026.102246,Remote Sensing Applications Society and Environment,,"Heat stress represents a major impact of extreme heat events, affecting human health through heat-related illnesses, reduced productivity, and increased mortality. In Europe, the rising frequency and intensity of heatwaves are driven by both natural climate variability and anthropogenic climate change, with rapid urbanization further amplifying local temperature extremes through urban heat islands (UHIs). The Lyon metropolitan region in France has experienced several severe heatwaves since the 2000s, leading to significant socio-environmental and health impacts. This study investigates the spatiotemporal variability of heat stress in Lyon during the summer months (June–August) over 2000–2023 (with station-based trend analysis extended to 1950–2023 and MODIS-based surface analysis covering 2003–2023) by integrating ground-based observations, ERA5 reanalysis, and satellite-derived land surface temperature (LST) datasets. Three complementary indices are analyzed: (1) Steadman’s Heat Index (HI) from in-situ temperature and humidity, (2) the Universal Thermal Climate Index (UTCI) from ERA5, and (3) Surface Urban Heat Index (SUHI) intensity derived from MODIS LST using single-channel algorithms with NDVI-based emissivity corrections. Multi-temporal satellite imagery was fused to enhance spatial coverage and consistency. In addition, K-means clustering of temperature–humidity conditions was applied to identify dominant summer thermal regimes. Comparative analyses reveal distinct spa"
W3024302239,B7,16,2018,0,Charles J. W. Carroll,The future of Colorado forests: assessing seedling performance under climate change,https://doi.org/10.25675/3.023783,Digital Collections of Colorado (Colorado State University),,"Warming temperatures as a primary manifestation of climate change will dramatically alter the forests of the Rocky Mountain region as species will either adapt in place, migrate to suitable habitats, or face extirpation. Due to high levels of seedling local adaptation and covariance between temperature and precipitation in the Rocky Mountains, predictions of future tree performance are plagued by confounding variables leading to large uncertainties about how the principal drivers of climate will shape the forests of the future. To address this concern, I established three experimental gardens along a consistent temperature gradient with similar precipitation patterns at each garden in an effort to control the water inputs to these systems and address the role of temperature on seedling performance. This allowed me draw inference about how climate change will impact one of the most vulnerable age-classes of trees under real-world conditions. My dissertation focuses on the impacts of rising temperature on four of the dominant tree species of the Colorado Rocky Mountains, specifically focusing on how performance assessed from the physiological to the whole-plant level will be affected by investigating three main questions: (1) how are three critical anatomical, physiological, and phenological leaf traits impacted by 3°C to 6°C of warming? (2) How will warming impact whole-plant growth, prioritization of resources, and survivorship? (3) How will warming temperatures exacerbate wa"
W4393229130,B7,16,2024,8,Rachel Torres,Exploring potential trade-offs in outdoor water use reductions and urban tree ecosystem services during an extreme drought in Southern California,https://doi.org/10.3389/fclim.2024.1280615,Frontiers in Climate,,"In Southern California cities, urban trees play a vital role in alleviating heat waves through shade provision and evaporative cooling. Trees in arid to semi-arid regions may rely on irrigation, which is often the first municipal water use to be restricted during drought, causing further drought stress. Finding a balance between efficient water use and maintaining tree health will be crucial for long-term urban forestry and water resources management, as climate change will increase drought and extreme heat events. This study aimed to quantify how urban tree water and carbon fluxes are affected by irrigation reductions, and how that relationship changes with tree species and temperature. We used an ecohydrologic model that mechanistically simulates water, carbon, and energy cycling, parameterized for 5 common tree species in a semi-arid urban area. We simulated a range of irrigation reductions based on average outdoor water use data from the city for a recent extreme drought as well as with warmer temperatures. We then analyzed the response of model outcomes of plant carbon fluxes, leaf area index (LAI), and water use. Results show that reducing irrigation up to 25%, a comparable amount as the California state mandate in 2014, has minimal effects on tree primary productivity and water use efficiency. We found that transpiration was linearly related to irrigation input, which could lead to a short-term loss of evaporative cooling with irrigation reductions during drought. Howe"
W2287789805,B7,16,2016,914,Stephen J. Livesley,"The Urban Forest and Ecosystem Services: Impacts on Urban Water, Heat, and Pollution Cycles at the Tree, Street, and City Scale",https://doi.org/10.2134/jeq2015.11.0567,Journal of Environmental Quality,https://onlinelibrary.wiley.com/doi/pdfdirect/10.2134/jeq2015.11.0567,"Many environmental challenges are exacerbated within the urban landscape, such as stormwater runoff and flood risk, chemical and particulate pollution of urban air, soil and water, the urban heat island, and summer heat waves. Urban trees, and the urban forest as a whole, can be managed to have an impact on the urban water, heat, carbon and pollution cycles. However, there is an increasing need for empirical evidence as to the magnitude of the impacts, both beneficial and adverse, that urban trees can provide and the role that climatic region and built landscape circumstance play in modifying those impacts. This special section presents new research that advances our knowledge of the ecological and environmental services provided by the urban forest. The 14 studies included provide a global perspective on the role of trees in towns and cities from five continents. Some studies provide evidence for the cooling benefit of the local microclimate in urban green space with and without trees. Other studies focus solely on the cooling benefit of urban tree transpiration at a mesoscale or on cooling from canopy shade at a street and pedestrian scale. Other studies are concerned with tree species differences in canopy interception of rainfall, water uptake from biofilter systems, and water quality improvements through nutrient uptake from stormwater runoff. Research reported here also considers both the positive and the negative impacts of trees on air quality, through the role of tre"
W7117719211,B7,16,2025,2,Giacomo Pierucci,Urban Area Sustainability Analysis by Means of Integrated Microclimatic Measurement Techniques Combined with Thermal Comfort Modelling—A Pilot Project Application,https://doi.org/10.3390/en19010217,Energies,https://www.mdpi.com/1996-1073/19/1/217/pdf?version=1767173669,"Although the literature is rich in studies of indoor thermal comfort, there is a lack of research on outdoor thermal comfort, despite its importance in response to global warming and the rise of urban heat islands. Physics models addressing spatial (urban energy form, green areas) and temporal (climate variability) factors are urgently needed. This study proposes a useful method for outdoor comfort evaluation at a district scale, based on the energy form of built-up areas and hyperlocal climatic conditions. It enables the determination of distributed Physiological Environmental Temperature values at a district scale, assessing the greenery effect and mutual radiative exchanges. Applied to a case study in Florence, Italy, it integrates multiple measurement techniques. The main results highlight the model’s ability to evaluate outdoor thermal perception through the new identified indicator of Virtual Physiological Environmental Temperature (PET*) spread, ranging from 23.5 to 101.0 °C, specifically referring to the worst climatic conditions inside an urban canyon in relation to different real scenarios. The results confirm the method’s effectiveness as a tool for thermodynamics and planning for the well-being of an urban built-up environment. It offers useful support for sustainability and human-centric design, oriented to UHI mitigation and climate change adaptation strategies."
W4286007961,B7,17,2022,30,Vı́ctor L. Barradas,(Re)Designing Urban Parks to Maximize Urban Heat Island Mitigation by Natural Means,https://doi.org/10.3390/f13071143,Forests,https://www.mdpi.com/1999-4907/13/7/1143/pdf?version=1658302720,"Urban trees play a key role in mitigating urban heat by cooling the local environment. However, the cooling benefit that trees can provide is influenced by differences in species traits and site-specific environmental conditions. Fifteen dominant urban tree species in parks from Mexico City were selected considering physiological traits (i.e., transpiration and stomatal conductance) and aesthetic and morphological characteristics. Species’ physiological performance was measured to explore the potential of trees to reduce urban heat load. Data were collected over a 4-week period in the months of April and May 2020, the warmest and driest months of the year in Mexico City. We used the Thermal UrbaN Environment Energy (TUNEE) balance model to calculate the cooling benefit of each species and the number of individuals necessary to reduce local air temperature. The highest midday transpiration was registered for Liquidambar styraciflua L. (0.0357 g m−2 s−1) and the lowest for Buddleja cordata H.B.K (0.0089 g m−2 s−1), representing an energy consumption and cooling potential of 87.13 and 21.69 J m−2 s−1, respectively. Similarly, the highest stomatal conductance was recorded for L. styraciflua., whereas the lowest was recorded for B. cordata. Based on the species transpiration rates and aesthetic characteristics, we developed a proposal and outline for a 50 × 50 m urban park (i.e., park community) consisting of six species with 19 individuals, and according to the TUNEE model, the p"
W4403280103,B7,17,2024,21,Maassoumeh Barghchi,Park thermal comfort and cooling mechanisms in present and future climate scenarios,https://doi.org/10.1016/j.ufug.2024.128533,Urban forestry & urban greening,,"Extreme heat is Australia’s most perilous natural hazard, and increasing urban temperatures due to climate change are a growing concern. Consequently, there is growing interest in developing nature-based solutions (i.e., greenery and vegetated surfaces) to cool urban areas. Appropriately designed urban parks are anticipated to be crucial for maintaining thermal comfort as temperatures rise. The two main diurnal cooling mechanisms of urban parks are shade provision and vegetation transpiration. However, limited studies have examined the cooling performance of vegetation through transpiration, especially in the southern hemisphere . This study addresses this gap by examining the microclimatic conditions, cooling benefits, and thermal performance of a typical neighbourhood park in Perth, Western Australia, with a focus on the cooling performance of vegetation through shade and transpiration. Present and future microclimates were modelled and simulated for average and hottest summer days based on 25 years of local weather data and projections for 2090 under the Representative Concentration Pathway (RCP) 8.5 scenario. The findings reveal that trees provided diurnal cooling benefits for park users by lowering the Universal Thermal Comfort Index (UTCI) by up to 17°C, with this benefit persisting in projected 2090 conditions. This cooling benefit was predominantly achieved through shade provision, with marginal contributions from transpiration. Additionally, on hot days, as leaf temp"
W7208705442,B7,17,2026,0,Kyeongjoo Park,Disentangling the relative importance of tree-cast shadows and transpiration in mitigating urban extreme heat,https://doi.org/10.1038/s41598-026-68979-5,Scientific Reports,https://www.nature.com/articles/s41598-026-68979-5_reference.pdf,"Abstract This study quantifies and compares the relative importance of tree-cast shadows and transpiration in mitigating urban extreme heat through online numerical simulations using the Weather Research and Forecasting (WRF) model coupled with an urban canopy model that represents street trees and a factor-separation method. During the extreme heat event, tree-cast shadows and transpiration by street trees with a crown radius of 1 m reduce urban canyon air temperature by 0.43 ± 0.06 °C and 1.15 ± 0.09 °C in the daytime, respectively, the tree transpiration effect being much greater than the tree-cast shadow effect. The warming associated with the interception of direct shortwave radiation by street trees is greater than the cooling associated with tree-cast shadows in the daytime. In the nighttime, the mean cooling effects due to tree-cast shadows and transpiration are 0.09 ± 0.02 °C and 0.15 ± 0.03 °C, respectively, the two cooling effects being comparably small. The relative importance of the two effects is found to be similar under differing urban geometry and tree-crown size. This study provides quantitative evidence highlighting the importance of managing tree soil moisture to sustain tree-induced cooling benefits."
W2039196723,B7,17,2013,186,Hyunjung Lee,Modification of Human-Biometeorologically Significant Radiant Flux Densities by Shading as Local Method to Mitigate Heat Stress in Summer within Urban Street Canyons,https://doi.org/10.1155/2013/312572,Advances in Meteorology,https://downloads.hindawi.com/journals/amete/2013/312572.pdf,"Increasing heat will be a significant problem for Central European cities in the future. Shading devices are discussed as a method to mitigate heat stress on citizens. To analyze the physical processes, which are characteristic of shading in terms of urban human-biometeorology, experimental investigations on the thermal effects of shading by a building and shading by tree canopies were conducted in Freiburg (Southwest Germany) during typical Central European summer weather. Urban human-biometeorology stands for the variables air temperature Ta , mean radiant temperature Tmrt , and physiologically equivalent temperature PET, that is the human-biometeorological concept to assess the thermal environment which was applied. The measuring setup consists of specific human-biometeorological stations, which enable the direct or indirect determination of Ta , Tmrt , and PET. With respect to both shading devices, the Ta reduction did not exceed 2°C, while PET as a measure for human heat stress was lowered by two thermal sensation steps according to the ASHRAE scale. As Tmrt has the role of a key variable for outdoor thermal comfort during Central European summer weather, all radiant flux densities relevant to the determination of Tmrt were directly measured and analyzed in detail. The results show the crucial significance of the horizontal radiant flux densities for Tmrt and consequently PET."
W4303650255,B7,17,2022,76,Jacopo Iaria,Analytic Hierarchy Processes (AHP) evaluation of green roof- and green wall- based UHI mitigation strategies via ENVI-met simulations,https://doi.org/10.1016/j.uclim.2022.101293,Urban Climate,,"The present study investigates by Analytic Hierarchy Processes (AHP) approach—a structured technique for organizing and analyzing complex decisions—the effect, at pedestrian level, of urban heat island (UHI) mitigation scenarios in Mediterranean climate densely urbanized areas. AHP has been developed using the temperature outputs of 18 ENVI-met-baseline and 99 ENVI-met-mitigation scenarios applied to one urban area in Rome , one in Bari, and one in Florence. The mitigation scenarios are based on extensive green roof, living wall and green façade deployment varying building heights, coverage percentage, and leaf area index (LAI). AHP results showcase that augmenting coverage percentage linearly increases UHI mitigation potential for all the green envelope technologies and augmenting LAI from 3 to 5 increases the UHI mitigation potential by 10%, 20% and 30% for green roofs, living walls, and green façades, respectively. Besides, the UHI mitigation increases by 70% and 90% augmenting LAI from 1.5 to 3 for green roofs and living walls, respectively. Extensive green roof UHI mitigation decreases increasing building height, reaches an inflection point at 20 m becoming negligible at 40 m. Conversely, living wall and green façade cooling performances increase augmenting the building height until 20 m is reached."
W4409737630,B7,17,2025,19,Zorana Jovanovic Andersen,Air pollution inequalities in Europe: A deeper understating of challenges in Eastern Europe and pathways forward towards closing the gap between East and West,https://doi.org/10.1097/ee9.0000000000000383,Environmental Epidemiology,,"What this study adds: In this commentary, we address the environmental inequalities in Europe, specifically related to air pollution exposure and related health burden disparities between Western and Eastern Europe. We first, provide a background for the causes of these inequalities and links with socioeconomic and demographic circumstances. We showcase, in more detail, air quality levels, monitoring, health research, and burden situation in four Eastern European countries (Serbia, Poland, Latvia, and Bulgaria), and briefly explain links with road traffic noise and climate change challenges in the region. At the end, we summarize several pathways and recommendations for going forward and overcoming air pollution exposure and the health burden gap in Europe.Background Air pollution is the biggest environmental stressor responsible for over 420,000 premature deaths in Europe in 2022,1 from cardiovascular diseases, chronic and infectious respiratory diseases, lung cancer, and type-2 diabetes.2 Air pollution levels in Europe have declined in the last decades, which has, at least in part, been attributed to successful European Union (EU) legislation. Ambient Air Quality Directive (AAQD)3 in 2008 set air quality standards (annual mean 25 µg/m3 for particulate matter with diameter <2.5 µm [PM2.5] and 40 µg/m3 for nitrogen dioxide [NO2]). These declines are most prominent in Western and Northern Europe, and there are still notable disparities in air pollution levels within and across"
W4295778212,B7,18,2022,104,Claire Farrell,Can we integrate ecological approaches to improve plant selection for green infrastructure?,https://doi.org/10.1016/j.ufug.2022.127732,Urban forestry & urban greening,,
W3091923948,B7,18,2020,143,Taihan Chen,Integrated impacts of tree planting and aspect ratios on thermal environment in street canyons by scaled outdoor experiments,https://doi.org/10.1016/j.scitotenv.2020.142920,The Science of The Total Environment,,
W2589503745,B7,18,2017,306,Ling Kong,Regulation of outdoor thermal comfort by trees in Hong Kong,https://doi.org/10.1016/j.scs.2017.01.018,Sustainable Cities and Society,,
W2887841201,B7,18,2006,22,Martina Petralli,RUOLO DELLE AREE VERDI NELLA MITIGAZIONE DELL'ISOLA DI CALORE URBANA: UNO STUDIO NELLA CITTÀ DI FIRENZE,,Florence Research (University of Florence),,"The Urban heat Island (UHI) it’s a phenomenon that matters several subjects, from phenology to human health. City green areas have an UHI mitigation role that is much more important during summer, when air temperatures in the cities remain high during the evening. The air temperature distribution in the city of Florence was studied in this work according to three different settings: street, garden and courtyard, that is little gardens (less than 500 m2) surrounded by walls. Furthermore, air temperature was analysed according to the distance from the center of the city, the mean number of buildings per km2 and their mean high. As a result of this study, the higher air temperatures were found in the center of the city and just near of it. These zones are even characterized by a smaller quantity of green areas, by a higher urban density and by higher mean high of buildings. Moreover, it is in these areas that the higher air temperature differences between streets and gardens were found. It is important to underline that green areas inside the city behaves, as to air temperature, as rural areas surrounding the city do: in fact, at the beginning of the day (up to 8 am), air temperature keeps high fast in the gardens than in the street, to maintain the same value or nearly lower during the afternoon and to reduce suddenly in the evening, when in the street they keep high for many hours."
W2508835236,B7,18,2016,20,Haneen Khreis,Commentary,https://doi.org/10.1097/ede.0000000000000550,Epidemiology,,"The city is now regarded as the primary form of settlement, accommodating over half the world’s population and almost 75% of the European population.1–3 Urbanization is continuing at rapid rates worldwide4 and the world is currently witnessing its largest surge of urban growth in human history.5 Cities have long been known to be society’s predominant engine of innovation and wealth creation, yet they are also society’s main source of crime, pollution, and disease.6 In recent years, evidence has been emerging that urban and transport planning indicators such as roadway density and green space could explain large proportions of the variability in urban environmental exposures, such as air pollution and noise. This suggests that these indicators, and the decisions and practices behind them, are potentially responsible for a large burden of associated adverse health impacts.7 This insight also provides a window of opportunity: if current urban and transport planning practices are responsible for a substantial but modifiable burden of disease, then improved practices within both fields could lead to new solutions for creating healthier and more sustainable communities.1 In their current form in many cities, urban and transport planning practices are not only causing a self-reinforcing cycle of urban sprawl and motor vehicle-reliant travel but also, importantly, continue to discount the numerous health impacts associated with them. New paradigms, such as sustainable cities, resilie"
W4403990762,B7,19,2024,11,Suneja Manavvi,Chasing cool: Unveiling the influence of green-blue features on outdoor thermal environment in Roorkee (India),https://doi.org/10.1016/j.buildenv.2024.112238,Building and Environment,,
W3121071061,B7,19,2021,45,Tom Grylls,"Tree model with drag, transpiration, shading and deposition: Identification of cooling regimes and large-eddy simulation",https://doi.org/10.1016/j.agrformet.2020.108288,Agricultural and Forest Meteorology,,
W7160497936,B7,19,2026,0,Chenghao Wang,"Analytical view factors in urban canopy models with trees: Model development and case study in Brooklyn, New York City",https://doi.org/10.1016/j.buildenv.2026.114710,Building and Environment,,
W2298812078,B7,19,2011,1,Gian Camillo Cortemiglia,Analisi climatica della serie termopluviométrica storica (1813-2008)rilevata nell'Osservatorio Meteorologico Ximeniano di Firenze,,RIVISTA GEOGRAFICA ITALIANA,,"italianoClimatic analys of the historical thermopluviometric series (1813-2006) recorded at the Ximenian Meteorological Observatory in Florence.- The reconstruction of Florence historical pluviometric series based on daily data concering amount of rainfall as well as minimum (Tmin) and maximum temperature (Tmax), recorded during the period 1808-2008 in the Ximenian Observatory thanks to the application of strong statistical tests, showed the presence in Florence local climate of a thermic heating that, harring started in 1941, in the period 1941-2008 produced an incrcase of annual average temperature of 0.7 C in 68 years (mecdium gradient of 0,01 C per year). In particular, the application of Mann-Kendall and Pettitt test to the same time intenrval 1941-2008 proved that, within the frame of such thermic heating, to the increasing trend of minimum temperatures, started in 1941 , we must also add, dating from the year 1981, an increasing trend of marimum tenlpcr-atlrrcs. Participation to therrlic heaiing of the Urban Heat Island produced in town becausc of anthropic activities is to be considered as having no quantitative influence on the above described trend, or at least not so significant as to upset the increasing trend as it has been recorded, since the thermometric sensors of the Ximenian Observatory are placed at 27.53 m ground level, that is above average roofs level, and consequently within the so-called The thermic heating recorded in this Ximeniana thernometric serie"
W2969481434,B7,19,2019,3,Ana  Maria Vicedo-Cabrera,Living in a highly polluted and warmer environment: Challenges for cardiovascular prevention,https://doi.org/10.1177/2047487319871708,European Journal of Preventive Cardiology,,"Exposure to ambient air pollution increases mortality and morbidity, shortens life expectancy and is one of the mean leading causes of the global disease burden.1 In parallel, an extensive body of literature provides evidence of excess mortality and morbidity associated with extreme episodes such as heatwaves, and more generally, to ambient heat.2 Both have been shown as important triggers for short-term cardiovascular mortality and hospital admissions due to specific cardiovascular diseases (e.g. myocardial infarction, stroke, hypertension).3,4 High temperatures and poor air quality are two inter-related environmental stressors that usually coexist in urban environments. Urban elements such as build-up surfaces, traffic and limited green spaces boost the so-called “heat island effect” (HIE), by which cities are considerably warmer than the surrounding areas. Urban settlements also concentrate the major air pollution emission sources, such as traffic and industrial activities, leading to high levels of particulate matter, nitrogen dioxide and ozone, among others. Besides this, some urban features and specific meteorological conditions can accelerate the creation of air pollutants and attenuate their dispersion.5 Altogether, this eventually creates a potentially harmful environment for population health, increases their vulnerability for specific health outcomes, including cardiovascular diseases, and amplifies the burden associated to heat and air pollution. The poor quality "
W2088871259,B7;B7,0,2015,427,Andrew Coutts,Temperature and human thermal comfort effects of street trees across three contrasting street canyon environments,https://doi.org/10.1007/s00704-015-1409-y,Theoretical and Applied Climatology,,
W2799768766,B7;B7,1,2018,75,RICHARD J. SMITHERS,Comparing the relative abilities of tree species to cool the urban environment,https://doi.org/10.1007/s11252-018-0761-y,Urban Ecosystems,,
W7134900607,B7;B7,4,2026,2,Lingye Yao,Beyond summer cooling: Evaluating winter thermal performance of urban trees in subtropical coastal region,https://doi.org/10.1016/j.buildenv.2026.114471,Building and Environment,,"Urban trees are widely recognized as effective nature-based solutions for urban heat mitigation, yet current design strategies focus predominantly on optimizing summer cooling, leaving their potential for winter thermal regulation understudied. This oversight raises a question: Do tree configurations optimized for summer cooling remain thermally beneficial in winter? To address this issue, this study conducted a parametric study using ENVI-met to evaluate the seasonal thermal performance of urban trees in subtropical coastal city Hong Kong under extreme summer and winter conditions. Multi-scenario simulations were run, incorporating eight urban canyons characterized by discrete sky view factors (SVF=0.1–0.8) from typical morphological categories in previous research, two street orientations (N-S, E-W), and two tree species (evergreen Ficus microcarpa , deciduous Lagerstroemia speciose ). Results indicate that both evergreen and deciduous trees provided comparable cooling in summer, with mean differences of 0.21 °C in PET and 0.35 °C in UTCI. A consistent peak cooling of up to 8 °C in PET and 5 °C in UTCI was observed at SVF = 0.7 for both species. In winter, evergreen trees improved comfort by wind shielding in deep, low-SVF canyons (up to 1 °C in PET; 6 °C in UTCI), while deciduous trees enhanced comfort through solar access in shallow, high-SVF canyons (over 0.3 °C PET; 1 °C in UTCI). For subtropical coastal context, our findings suggest that tree selection and placement sh"
W2937600137,B7;B7,5,2019,170,Mohammad A. Rahman,Comparing the transpirational and shading effects of two contrasting urban tree species,https://doi.org/10.1007/s11252-019-00853-x,Urban Ecosystems,,
W7168239389,B7;B7,7,2026,0,Mahadev Bera,Global research trends on Urban Heat Island effects on environment and human health based on bibliometric analysis,https://doi.org/10.1007/s44274-026-00895-x,Discover Environment,https://link.springer.com/content/pdf/10.1007/s44274-026-00895-x.pdf,"Urban Heat Island (UHI) is an important urban climate phenomenon in which cities experience higher temperatures than surrounding rural areas. Rapid urbanisation, land use change, loss of vegetation, and increasing energy consumption have intensified UHI effects over the last two and a half decades. This review analyses the global research trend on UHI and its combined impacts on the environment and human health from 2000 to 2025. A systematic bibliometric approach was followed using the Scopus database, and 667 research articles were analysed with R Studio and the Biblioshiny package. The results indicate a substantial increase in global UHI-related publications, particularly after 2015, with more than 60% of the total publications produced during 2015–2025. China contributed the highest number of publications, followed by the United States and several European countries, reflecting a strong geographical concentration of research output. Bibliometric analysis identified “land surface temperature”, “climate change”, “heat stress”, “air pollution”, and “mortality” as the most frequently occurring research keywords. The reviewed studies revealed that UHI intensity in major metropolitan regions commonly ranges between 1 and 7 °C compared to surrounding rural areas, depending on urban density and land-cover characteristics. Environmental impacts associated with UHI include increased cooling energy demand, deterioration of air quality, altered precipitation patterns, and ecosystem "
W2906911985,B7;B7,14,2013,120,David Armson,"A Comparison of the Shading Effectiveness of Five Different Street Tree Species in Manchester, UK",https://doi.org/10.48044/jauf.2013.021,Arboriculture & Urban Forestry,https://joa.isa-arbor.com/request.asp?JournalID=1&ArticleID=3278&Type=2,"One major benefit of urban trees is the shade they provide on sunny days; this reduces the heat stored in engineered surfaces and lowers the heat load on people, increasing their comfort. This study compared the shading effectiveness of five small street tree species within the urban landscape of Manchester, UK. The area of shade produced by each tree during early and midsummer 2012 was calculated from morphological measurements, such as canopy height, width, and aspect ratio. The effect of tree shade on air, mean radiant and surface temperatures was also compared and related to the leaf area index (LAI) of the canopy. It was found that tree shade reduced mean radiant temperatures by an average of 4°C, though neither tree species nor LAI had a significant effect. Tree shade reduced surface temperatures by an average of 12°C, and the tree species and LAI both had significant effects. Tree species with higher LAI, Crataegus laevigata and Pyrus calleryana, provided significantly more cooling than the other species, and surface temperature reduction was positively correlated with LAI. This study has shown that trees are useful in improving both human thermal comfort and reducing surface temperatures in urban areas, and that selection of tree species with high LAI can maximize the benefits they provide."
W3203930322,B7;B7,14,2021,60,Niki Frantzeskaki,Mainstream Nature-Based Solutions for Urban Climate Resilience,https://doi.org/10.1093/biosci/biab105,BioScience,,"Global urbanization over the last century has concentrated people, infrastructure, and economic activity in cities, pushing them to the front lines of damaging impacts of climate change and other social and economic shocks, including COVID-19. Extreme natural disasters in the last 3 years, such as Typhoon Mangkhut (in 2018) in the Philippines, Hurricane Maria (in 2017) and Florence (in 2018) in the United States, the reoccurring extreme floods in Jakarta, and droughts and fires in California and several regions in Australia (in 2020), are expected to become regular occurrences as climate change accelerates. Cities are already vulnerable to such extremes and may become the most severely threatened global locations, given the projections of continued urban expansion that further concentrates people in high-density locations, including in low-elevation coastal zones. With US$90 trillion expected to be invested in infrastructure (IDB 2017), these new buildings, roads, rail lines, electrical grids, and other critical infrastructure may also be at risk from climate-driven extreme events. The current and future urban risks represent a pressing need for putting the same level of global political will and economic investment in climate adaptation as there is in climate mitigation. The current levels of adaptation are not enough, despite leadership and increasing resilience and adaptation investments in both Global South and North cities. Cities need new innovative strategies to build "
W2608749496,B7;B7,16,2017,17,Nguyễn Văn Thành,Shifting challenges for coastal green cities,https://doi.org/10.15625/0866-7187/39/2/9373,Vietnam Journal of Earth Sciences,http://vjs.ac.vn/index.php/jse/article/download/9373/pdf,"“Green cities” offer a systematic approach to a significant part of the nowadays urban complexity. The concept dovetails in the “healthy city” idea launched by the World Health Organization, but is equally associated with “sustainable” and “smart cities”. During the past decades planning for “green cities” shifted, incorporating new ideas as sustainable development and IT-driven management instruments for smart cities. Contemporary cities continue to face major environmental challenges. Replying to this dynamic context is a main task for cities during the coming decades of the millennium. As most of the (major) cities worldwide are located at the edge of the continents, supporting water-bound activities, they show a significant “blue economy” aspect. This paper reviews the historical context of the science aspects of “green cities” and the related approaches. Four main challenges for livable (coastal) cities today are discussed, taking into account the continuous changes and the almost permanent transition cities face. Climate change effects as sea level rise and extreme weather conditions, affect directly coastal cities; providing enough drinking water is a long standing and increasing problem; ports face particular and specific environmental problems which are in need of a tailored management; and sufficient accessible green areas remain of primary concern for any green city. Cross cutting through these issues are among others mobility and sustainable urban design.These maj"
W7134074286,B7;B7;B8;B8,19,2026,0,Alexandra D. Solomou,Monitoring the performance of urban green infrastructure: biodiversity challenges and assumptions in Greek Mediterranean cities,https://doi.org/10.3389/frsc.2026.1793315,Frontiers in Sustainable Cities,https://public-pages-files-2025.frontiersin.org/journals/sustainable-cities/articles/10.3389/frsc.2026.1793315/pdf,"In Mediterranean cities, high population density inhibits urban sprawl and lowers transportation emissions. However, it may also amplify existing risks, such as extreme heat, short, heavy rainfall, and persistent summer water shortages. Recent studies in Greece highlight rising impacts from heatwaves (Galanaki et al., 2023) and increased attention to severe weather events, such as intense precipitation, drought, and combined extreme events (Kotrononi et al., 2025). In dense neighbourhoods, imperviousness and constrained drainage convert these hazards into exposure. Urban green areas-trees, shrub layers, green roofs, rain gardens-remain among the few interventions that can simultaneously cool, store stormwater, and deliver biodiversity and health co-benefits (Dodman et al., 2022;WHO Regional Office for Europe, 2017).Recent Greek studies on urban green spaces show that their contribution to both regulating the local microclimate and enhancing biodiversity is not ""automatic"". It depends on evidence-based planning and targeted management, as well as systematic, continuous monitoring, so that ecosystem services are maintained even in heatwave and drought conditions (Proutsos & Solomou, 2025). However, 'more plants' is not a strategy. In Greece (and across the Mediterranean), poorly specified greening can fail under heat and root-zone thermal stress, become irrigation-dependent, or default to imported ornamentals with invasion risk and high maintenance costs. The question 'can a ci"
W3090915317,B7;B9,3,2020,72,Carola Helletsgruber,Identifying Tree Traits for Cooling Urban Heat Islands—A Cross-City Empirical Analysis,https://doi.org/10.3390/f11101064,Forests,https://www.mdpi.com/1999-4907/11/10/1064/pdf?version=1602333233,"Research Highlights: This paper presents a cross-city empirical study on micro-climatic thermal benefits of urban trees, using machine-learning analysis to identify the importance of several in situ measured tree physiognomy traits for cooling. Background and Objectives: Green infrastructure and trees in particular play a key role in mitigating the urban heat island (UHI) effect. A more detailed understanding of the cooling potential of urban trees and specific tree traits is necessary to support tree management decisions for cooling our progressively hot cities. The goal of this study was to identify the influence and importance of various tree traits and site conditions. Materials and Methods: Surface temperature, air temperature at 1.1 m and at tree crown height, as well as wet bulb globe-temperature of shaded and fully sun-exposed reference areas, were used to study the cooling effect of seven different urban tree species. For all 100 individuals, tree height, crown base, trunk circumference, crown volume, crown area, leaf area index (LAI) and leaf area density (LAD) were measured. Measurements were conducted in the cities of Dresden, Salzburg, Szeged, and Vienna as representatives for middle European cities in different climate zones. Results: Beside site conditions, tree species, height, height of crown base, as well as trunk circumference, have a great influence on the cooling effect for city dwellers. The trunk circumference is a very valuable indicator for estimating"
W2903235937,B7;B9,3,2018,241,Federica Marando,"Regulating Ecosystem Services and Green Infrastructure: assessment of Urban Heat Island effect mitigation in the municipality of Rome, Italy",https://doi.org/10.1016/j.ecolmodel.2018.11.011,Ecological Modelling,,
W2922607956,B8,0,2018,0,James Francis Canning,"Sustainability analysis of distributed, green stormwater infrastructure",,Illinois Digital Environment for Access to Learning and Scholarship (University of Illinois at Urbana-Champaign),http://hdl.handle.net/2142/101216,"As urban areas continue to grow in population and density of development, stormwater management has become a higher priority for municipal leaders, civil engineers, and residents. Traditional gray infrastructure, i.e., large, piped conveyance networks, effectively removed stormwater runoff and all its associated problems (especially water quality issues) from urban areas beginning in the early 20th century and was heralded as a public health breakthrough. However, gray infrastructure networks have not kept pace with the growth of cities, resulting in a variety of issues including increased peak runoff flow and volume, flooding, increased pollutant loading, degraded water quality, and enhanced urban heat island effect. Green stormwater infrastructure (GSI) mimics pre-development conditions in urban areas attempting to manage excess stormwater runoff. GSI can take many different forms, but its primary functions are to infiltrate stormwater and treat the water on-site, thus reducing runoff volume and pollutant loading downstream. Rain gardens, permeable pavement, green roofs, bioretention cells, street trees, swales, and grass strips are all examples of GSI. Distributed, green networks can provide additional environmental benefits beyond hydrologic improvements, including economic and social co-benefits. GSI networks present an attractive opportunity for decision makers to achieve necessary hydrologic improvements and possibly provide residents with additional co-benefits. In th"
W4400742520,B8,0,2024,12,Rui Figueiredo,A semi-quantitative multi-hazard risk assessment framework for European coastal urban areas,https://doi.org/10.1080/19475705.2024.2378994,Geomatics Natural Hazards and Risk,,"Coastal cities are increasingly exposed to a wide range of hydro-meteorological and climate-related hazards and their negative consequences. Developing disaster risk assessments to support risk management activities in these areas is therefore a critically important but challenging task, due to the diversity of processes involved and associated data requirements. Semi-quantitative, i.e. index-based assessments can be instrumental in addressing these issues: by trading off some detail in the representation of risk for simplicity in the underlying data and methods, it becomes possible to assess, compare, and easily communicate risk for various sectors, hazards, and locations. In this context, the present article presents a new semi-quantitative, GIS-based multi-hazard risk assessment framework for coastal urban areas. The framework uses various large-scale datasets and state-of-the-art risk modelling concepts to provide risk scores for six perils in European coastal cities: fluvial flooding, coastal flooding, extreme precipitation, landslide, heat wave, and coastal erosion. An application is presented for the risk assessment of ten case-study areas, illustrating the potential of the proposed framework for identifying the most pressing risks for each area and supporting the prioritization of more detailed quantitative risk assessments for specific cities, sectors and/or hazards, based on which risk mitigation measures can be defined."
W4410799308,B8,1,2025,33,Kyaw Zabu Tun,Cooling the cities: A comprehensive review of urban heat island mitigation strategies in Southeast Asia,https://doi.org/10.1016/j.hssust.2025.05.002,Human Settlements and Sustainability,,"This systematic review synthesizes 27 peer-reviewed studies (2020–2023) on urban heat island (UHI) mitigation in Southeast Asia, focusing on cooling effectiveness and implementation feasibility. In dense cities like Singapore and Kuala Lumpur, green infrastructure—urban forests, green roofs, and street-tree networks—proves most effective, reducing air temperatures by up to 2.6°C and surface temperatures by 11°C. Engineered solutions, such as high-albedo coatings and permeable pavements, offer 4–9 K of surface cooling and added benefits like stormwater control, though tropical humidity, glare, and maintenance pose challenges. Informal settlements demonstrate the value of low-cost, community-led cooling efforts using shade structures and vegetation. Despite these benefits, barriers persist: high costs, limited urban land, and fragmented governance systems hamper the scalability of hybrid green-grey solutions. Evaporation-based strategies are further constrained by complex urban geometries and monsoonal climates. Fewer than 20% of Southeast Asian cities incorporate UHI mitigation into formal planning frameworks, limiting systemic uptake. To advance climate-resilient urbanism, interdisciplinary collaboration is needed. Future priorities should include long-term monitoring in tropical climates, integrated trials of hybrid interventions, and cost–benefit models that capture health, energy, and flood resilience co-benefits. Embedding these approaches into planning systems, as seen i"
W7111417815,B8,1,2025,0,Ricardo Riveros,Proposal for Mitigation of Heat Waves in Cities through Sustainable Urban Cooling and Humidification Systems / Propuesta de Mitigación de Olas de Calor en Ciudades mediante Sistemas de Humidificación y Enfriamiento Urbano Sostenible,https://doi.org/10.6084/m9.figshare.30816458,Figshare,,"Propuesta de Mitigación de Olas de Calor en Ciudades mediante Sistemas de Humidificación y Enfriamiento Urbano SostenibleResumenEl aumento de la temperatura urbana y la disminución de la humedad relativa generan estrés hídrico, degradación de vegetación urbana y aumento del consumo energético por sistemas de refrigeración. Esta propuesta plantea un enfoque sostenible, de bajo costo, basado en la captura y aprovechamiento de agua disponible, sistemas de riego estratégico de vegetación urbana, y la optimización de microclimas para reducir el impacto de olas de calor extremas.ObjetivosMantener la humedad del suelo y la vegetación urbana durante olas de calor prolongadas.Reducir la temperatura superficial y ambiental en áreas urbanas mediante la evapotranspiración de plantas estratégicamente ubicadas.Favorecer la formación y precipitación de nubes locales al incrementar la humedad en microclimas urbanos.Proponer un modelo replicable para otras ciudades con condiciones mediterráneo-tropicales y semiáridas.Metodología propuestaCinturones verdes estratégicosSelección de parques, plazas y avenidas como puntos clave.Preparación de planteras y zonas verdes con suelo que retenga humedad.Riego con microaspersión usando agua potable o capturada de condensación de aires acondicionados.Uso de agua condensada de sistemas de climatizaciónRecolección de agua de condensación en edificios residenciales y comerciales.Redirección hacia planteras, jardines urbanos y zonas verdes estratégicas.Optimi"
W1665859420,B8,1,2015,58,Radley Horton,New York City Panel on Climate Change 2015 ReportChapter 1: Climate Observations and Projections,https://doi.org/10.1111/nyas.12586,Annals of the New York Academy of Sciences,,"1.1 The global climate system 1.2 Observed climate 1.3 Climate projections 1.4 Conclusions and recommendations During 2013 and 2014, numerous international (IPCC, 2013) and national (Melillo et al., 2014; Gordon, 2014) reports have concluded that human activities are changing the climate, leading to increased vulnerability and risk. Since the industrial revolution, fossil fuel burning, industrial activity, and land use changes have led to a 40% increase in heat-trapping carbon dioxide (CO2), and an approximately 150% increase in methane (CH4), another powerful greenhouse gas (GHG), has been observed. Global temperatures have increased by close to 1°C since 1880 as the upper oceans have warmed and polar ice has retreated. These and other climate changes are projected to accelerate as greenhouse gas concentrations continue to rise. In the coming decades, climate change is extremely likely to bring warmer temperatures in the New York metropolitan region (see Box. 1.1 and Fig.1.1 for key definitions and terms). Heat waves are very likely to increase; total annual precipitation will likely increase and brief, intense rainstorms are very likely to increase. Because of incomplete knowledge about exactly how much climate change will occur, choosing among policies for reducing future damages requires prudent risk management (Yohe and Leichenko, 2010; Kunreuther et al., 2013). Given differing risk tolerances among stakeholders, a risk management approach allows for a range of possible "
W4414616658,B8,2,2025,0,Zixuan Zhang,Assessing the ecobenefits of a single tree at Urban HeatIsland (UHI) hotspots in major U.S. cities,https://doi.org/10.54254/2977-3903/2025.27478,Advances in Engineering Innovation,https://www.ewadirect.com/journal/aei/article/view/27478/pdf,"Urban Heat-Island (UHI) hotspots concentrate heat risk and may offer outsized returns from strategic greening. This study evaluates the eco-benefits of planting a single street tree at the maximum UHI hotspot in 20 U.S. cities. Hotspots are identified using a composite UHI index and per-tree services are estimated for their eco-benefits. Results show relatively uniform UHI levels across cities (mean 12 F) but large variability in co-benefits. Hydrological services vary most (stormwater interception spanning an order of magnitude), and energy savings separate along climate lines: hot-summer cities are cooling-dominated (higher electricity savings), whereas colder cities are heating-dominated (greater therm savings, sometimes offsetting cooling gains in warm regions). CO reduction and pollutant removal track interception, and total monetary benefits range widely from a few hundred to several thousand dollars per tree. Multivariate analyses group cities into high-benefit coastal hubs, temperate cooling-dominant sites, and warm-climate locations with winter penalties. Overall, targeted tree planting at UHI hotspots consistently mitigates heat, but realized hydrologic, energy, and carbon returns are strongly place dependent."
W7114787238,B8,2,2025,0,"Riveros, Ricardo",Proposal for Mitigation of Heat Waves in Cities through Sustainable Urban Cooling and Humidification Systems / Propuesta de Mitigación de Olas de Calor en Ciudades mediante Sistemas de Humidificación y Enfriamiento Urbano Sostenible,https://doi.org/10.6084/m9.figshare.30816458.v4,Figshare,,"Propuesta de Mitigación de Olas de Calor en Ciudades mediante Sistemas de Humidificación y Enfriamiento Urbano SostenibleResumenEl aumento de la temperatura urbana y la disminución de la humedad relativa generan estrés hídrico, degradación de vegetación urbana y aumento del consumo energético por sistemas de refrigeración. Esta propuesta plantea un enfoque sostenible, de bajo costo, basado en la captura y aprovechamiento de agua disponible, sistemas de riego estratégico de vegetación urbana, y la optimización de microclimas para reducir el impacto de olas de calor extremas.ObjetivosMantener la humedad del suelo y la vegetación urbana durante olas de calor prolongadas.Reducir la temperatura superficial y ambiental en áreas urbanas mediante la evapotranspiración de plantas estratégicamente ubicadas.Favorecer la formación y precipitación de nubes locales al incrementar la humedad en microclimas urbanos.Proponer un modelo replicable para otras ciudades con condiciones mediterráneo-tropicales y semiáridas.Metodología propuestaCinturones verdes estratégicosSelección de parques, plazas y avenidas como puntos clave.Preparación de planteras y zonas verdes con suelo que retenga humedad.Riego con microaspersión usando agua potable o capturada de condensación de aires acondicionados.Uso de agua condensada de sistemas de climatizaciónRecolección de agua de condensación en edificios residenciales y comerciales.Redirección hacia planteras, jardines urbanos y zonas verdes estratégicas.Optimi"
W7155703480,B8,2,2026,0,Swati Bawankar,"Climate change and urban sustainability: A review on resilience strategies, adaptive governance, and sustainable development pathways",https://doi.org/10.70593/deepsci.0202047,International Journal of Applied Resilience and Sustainability,https://deepscipub.com/ijars/article/download/81/105,"Urban areas are at the epicentre of climate change impacts, contributing over 70% of global greenhouse gas (GHG) emissions while simultaneously being the most vulnerable to climate-induced hazards such as urban heat islands, flooding, drought, and air pollution. This comprehensive review examines the intersection of climate change and urban sustainability, synthesising evidence from 120 peer-reviewed studies published between 2015 and 2025. The review explores four interrelated dimensions: (1) climate change vulnerabilities in urban environments; (2) resilience strategies and adaptive infrastructure; (3) adaptive governance frameworks and policy pathways; and (4) technological innovations enabling sustainable urban transitions. Assumed datasets from 45 cities across Asia, Europe, Africa, and the Americas are analysed to identify patterns in urban temperature rise (average +1.8°C above rural baselines), flood frequency (increase of 37% over the decade), and the effectiveness of green infrastructure interventions (up to 42% reduction in surface runoff). The review finds that integrated, multi-scalar governance models paired with nature-based solutions (NbS) and smart city technologies offer the most robust pathways toward climate-resilient urban futures. Key barriers include inadequate financing, siloed governance, and inequitable distribution of climate risk. Recommendations are provided for policymakers, urban planners, and researchers to accelerate urban climate resilience t"
W7172267576,B8,3,2026,0,Mohd Firoz Anwar,Reframing Urban Trees as Microclimate Infrastructure: A spatial Morphological Approach to Building Environment Interaction,https://doi.org/10.70917/ijcisim-2026-3939,International Journal of Computer Information Systems and Industrial Management Applications,https://cspub-ijcisim.org/index.php/ijcisim/article/download/3939/3166,"Rapid urbanisation and climate change have intensified urban thermal stress. It has increased the importance of climate, responsive strategies for improving urban environment, performance and thermal comfort. Among various mitigation processes, urban trees have emerged as critical components of urban micro climate regulation. This is due to their ability to modify thermal conditions through shading, evapotranspiration, radiative exchange and air flow interaction. Existing urban green practises frequently emphasise vegetation quantity. It should also emphasise on the spatial and morphological relationship, relationships between trees and the build environment. This review Paper critically examine the role of urban trees in shaping urban micro climate and evaluate how special configuration, canopy, morphology, urban geometry, and climatic context influence their environmental performance.This study synthesises findings from recent literature on urban heat, island, mitigation, outdoor, thermal comfort, building, energy, performance, environmental quality, and climate, responsive urban planning. Main attention is given to the interaction between tree systems and urban morphology. This also includes Canyon geometry, canopy density, tree spacing, and species characteristics. This paper further explores stimulation based approaches. ENVI-met modelling and discusses the integration of vegetation within broad urban climate adaptation frameworks.The findings shows that the cooling effe"
W3173879571,B8,3,2021,2,Julia F. Irwin,Our Climatic Moment: Hazarding a History of the United States and the World,https://doi.org/10.1093/dh/dhab017,Diplomatic History,,"Academic lectures and scholarly articles do not ordinarily open with an autobiographical reflection. But then, there’s not much that feels normal or ordinary lately. Though it’s not all that customary, I hope you’ll forgive my decision to begin with a brief preface, a personal account of how this Bernath Lecture came to be. Or, to paraphrase Daniel Defoe, an explanatory prologue for this “journal [article] of the plague year.” In early December 2019, I received some very happy news: I had been selected to deliver the Bernath Lecture in January 2021. Eleven days later, I left my home in Florida for a two-week trip to Taiwan and Japan, traveling there to celebrate my sister-in-law’s wedding, to meet my new extended family, and to enjoy a post-semester holiday. On a series of flights from Tampa to Taipei to Tokyo, I read every previous Bernath Lecture, seeking inspiration and helpful models from the thirty-odd SHAFRites who had held this honor before me. By the time I returned to the United States in late December, I had settled on the topic for my own lecture. I would speak on catastrophes, climate change, and their relevance to us as international historians. Four days later, still a bit jetlagged, I boarded a plane for New York City to attend the American Historical Association Annual Meeting. There, I listened to Kelly Shannon deliver the 2020 Bernath Lecture and spent a delightful few days confabulating with some of my favorite SHAFR colleagues. I returned home energized an"
W7212113664,B8,4,2026,0,Elena Carroway,CLIMATE-RESILIENT URBAN GREEN INFRASTRUCTURE AS A STRATEGY FOR REDUCING HEAT EXPOSURE AND ENHANCING ECOSYSTEM SERVICES IN CANADIAN CITIES,https://doi.org/10.5281/zenodo.22696255,Zenodo (CERN European Organization for Nuclear Research),,"AbstractClimate warming is intensifying the thermal vulnerability of cities by increasing the frequency, duration, and severity of hot-weather conditions while interacting with the urban heat island effect, extensive impervious surfaces, fragmented vegetation, and unequal access to cooling resources. Canadian cities face particularly complex adaptation challenges because rapid warming, urban expansion, ageing infrastructure, demographic change, and large intra-urban differences in vegetation and land cover occur across highly diverse climatic regions. Urban green infrastructure offers a multidimensional adaptation strategy capable of reducing local heat exposure while simultaneously supporting stormwater regulation, biodiversity, air-quality improvement, recreational opportunities, carbon storage, and social well-being. This article examines the role of climate-resilient green infrastructure in reducing urban heat and strengthening ecosystem-service provision in Canadian cities. Green infrastructure is treated as a spatially interconnected system including urban forests, street trees, parks, vegetated corridors, green roofs, rain gardens, wetlands, riparian zones, and other nature-based elements rather than as isolated ornamental interventions. Evidence from systematic research demonstrates that urban greening can reduce local temperatures, although cooling performance varies substantially according to vegetation structure, scale, moisture availability, surrounding built form"
W7160038280,B8,4,2026,0,Dan Harris,Weather News,https://doi.org/10.1002/wea.70074,Weather,,"Severe Tropical Cyclone Narelle was a historic event in March this year, becoming the first storm to make landfall across three different Australian states since Tropical Cyclone Ingrid in 2005. The only other system to pass all three regions was Steve in 2000. Narelle stands out for its longevity and distance travelled. First forming in the Coral Sea on 17 March, Narelle initially made landfall in Queensland before returning to the sea, crossing the Northern Territory and moving into Western Australia, reaching Category 4 equivalent strength at its peak. Torrential rain lashed the Cape York Peninsula and the Top End, triggering widespread flooding, particularly around the Daly River. By 24 March, Narelle had weakened to a tropical low as it exited Northern Territory. However, upon re-entering the warm Timor Sea, it restrengthened to a Category 3 equivalent system, bringing further destructive conditions to Western Australia two days later. Heavy rainfall and damaging winds then affected the North West Cape, whilst large waves and abnormally high tides caused extensive damage to western towns and communities. Narelle was notable for its longevity, eventually dissipating in southwestern Australia on 28 March, 11 days after forming, having travelled approximately 6500km (Figure 1). A total of 103 Tropical Cyclone Advice messages were issued by the Bureau of Meteorology during Narelle's lifetime, a number comparable to long-lived systems such as Severe Tropical Cyclone Nathan in"
W4200152867,B8,5,2021,137,Chiara Cortinovis,Scaling up nature-based solutions for climate-change adaptation: Potential and benefits in three European cities,https://doi.org/10.1016/j.ufug.2021.127450,Urban forestry & urban greening,https://www.sciencedirect.com/science/article/pii/S1618866721004775/pdf,"Many exemplary projects have demonstrated that Nature-based Solutions (NBS) can contribute to climate change adaptation, but now the challenge is to scale up their use. Setting realistic policy goals requires knowing the amount of different NBS types that can fit in the urban space and the benefits that can be expected. This research aims to assess the potential for a full-scale implementation of NBS for climate-change adaptation in European cities, the expected benefits and co-benefits, and how these quantities relate to the urban structure of the cities. We selected three case studies: Barcelona (Spain), Malmö (Sweden), and Utrecht (the Netherlands), and developed six scenarios that simulate the current condition, the full-scale implementation of different NBS strategies (i.e., installing green roofs, de-sealing parking areas, enhancing vegetation in urban parks, and planting street trees), and a combination of them. Then we applied spatially-explicit methods to assess, for each scenario, two climate change-related benefits, i.e. heat mitigation and stormwater regulation, and three co-benefits, namely carbon storage, biodiversity potential, and overall greenness. Finally, by breaking down the results per land use class, we investigated how the potential and benefits vary depending on the urban form. Most scenarios provide multiple benefits, but each one is characterized by a specific mix. In all cities, a full-scale deployment of green roofs shows the greatest potential to "
W4412662941,B8,6,2025,0,Shanurasab K Nadaf,Urban forestry: Nature's answer to hot cities,https://doi.org/10.33545/2618060x.2025.v8.i7p.3365,International Journal of Research in Agronomy,https://www.agronomyjournals.com/archives/2025/vol8issue7/PartP/8-7-167-865.pdf,"Extreme urban heat poses escalating risks to human health, infrastructure resilience, and energy security. An expanding body of evidence demonstrates that urban forestry—the intentional conservation, expansion, and management of trees, woodlands, and allied vegetated systems—offers a potent, multifaceted response. Urban tree canopies moderate air and surface temperatures through shading, evapotranspiration, albedo modification, and wind attenuation, collectively shrinking summertime peak temperatures by 1°C-12°C in sites ranging from European city centers to South Asian megacities. They also sequester atmospheric carbon, intercept stormwater, filter pollutants, bolster biodiversity, and enhance mental and physical health, yielding documented economic returns of USD$1.37-$3.09 for every $1 spent [3, 4]. Yet benefits remain inequitably distributed, with lower-income and BIPOC communities consistently receiving the least canopy cover. This review synthesizes more than 300 recent studies and 59 primary sources to examine cooling mechanisms, ecosystem co-benefits, design guidelines, governance frameworks, and research gaps, and proposes a transdisciplinary agenda for climate-ready, equitable urban forest expansion."
W4408704201,B8,7,2025,4,Chaeri Kim,"Greening streets, gaining insights: Unpacking resident perceptions of urban greening",https://doi.org/10.1016/j.ufug.2025.128775,Urban forestry & urban greening,,"As the world becomes more urbanized, the need for managing urban stormwater runoff has increased. Cities are increasingly adopting green infrastructure (GI), such as rain gardens and street trees, to capture and treat stormwater on-site more cost-effectively than traditional gray infrastructure, such as sewers and pipes, which are designed to convey stormwater to nearby waterbodies. In addition to managing stormwater, GI offers co-benefits, including improved air quality, reduced heat, and enhanced neighborhood aesthetics. Streets are often a primary target for GI implementation, as they comprise a large portion of impervious surfaces in urban areas. Previous studies suggest that increasing public awareness of GI benefits can boost support for such projects, encourage participation, and even influence behavior change. However, misunderstanding or a lack of awareness about GI can create additional barriers, amplifying public concerns and hindering implementation progress. Addressing these misconceptions and understanding public concerns are critical steps in overcoming potential obstacles to support. This study synthesizes literature on anticipated co-benefits from GI and investigates general perceptions toward GI on streets and factors in influencing perception, the specific benefits and concerns that are valued, as well as how these relate to familiarity with GI or environmental awareness. We conducted resident surveys in two cities, New York City and Philadelphia, that have"
W7165382204,B8,8,2026,0,Ahmed Mohamed,THE ROLE OF URBAN GREEN SPACES IN CLIMATE ADAPTATION OF SOUTHEAST ASIAN TROPICAL CITIES,https://doi.org/10.70177/jsa.v3i1.3543,Journal of Selvicoltura Asean,https://research.adra.ac.id/index.php/selvicoltura/article/download/3543/2856,"Rapid urbanization in Southeast Asian tropical cities has intensified vulnerability to climate-related hazards, including urban heat islands, flooding, and reduced air quality. Limited green infrastructure exacerbates these challenges, while urban green spaces such as parks, gardens, and tree-lined streets offer potential mitigation by enhancing microclimate regulation, stormwater management, and social well-being. Despite recognition of their importance, the role of urban green spaces in climate adaptation remains insufficiently quantified and integrated into city planning. This study aims to evaluate the effectiveness of urban green spaces in supporting climate adaptation strategies in Southeast Asian tropical cities. The research focuses on their ecological, social, and infrastructural contributions to reducing urban vulnerability and enhancing resilience to climate stressors. A mixed-methods approach was employed, combining geospatial analysis of land cover and green space distribution, secondary climate and socio-economic data, and surveys of 300 residents across three major cities. Quantitative data were analyzed using statistical modeling to examine relationships between green space coverage and urban climate indicators, while qualitative data provided insights into community perceptions and adaptive practices. Results indicate that increased green space coverage correlates with reduced surface temperatures, improved stormwater absorption, and enhanced community awaren"
W7143758815,B8,9,2026,2,Carmen Díaz-López,Climate-Resilient Schoolyards: Comparative Strategies and Priorities for Urban Climate Adaptation,https://doi.org/10.3390/environments13040188,Environments,https://www.mdpi.com/2076-3298/13/4/188/pdf?version=1774958767,"Schools are increasingly recognised as critical public infrastructure for urban climate adaptation, particularly in heat-vulnerable and park-poor neighbourhoods. This study examines schoolyards as distributed cooling systems, social spaces, and educational landscapes and proposes an integrated decision support approach for programme comparison and prioritisation. A comparative review of nine international schoolyard transformation programmes (Paris, Barcelona, Madrid, Milan, Rotterdam, Los Angeles, New York, Melbourne, and Santiago de Chile) was conducted using municipal plans, reports, and implementation guidance. Design strategies, governance configurations, and monitoring approaches were synthesised through a CAME (Correct, Adapt, Maintain, Explore) framework. Building on this synthesis, a Multicriteria Analysis framework was developed to support prioritisation across four criteria families: environmental and climatic performance, social and educational equity, urban integration and accessibility, and feasibility and co-benefits. The results highlight a recurrent toolkit of interventions—depaving, tree planting, shade provision, cool and permeable surfaces, nature-based drainage systems, and monitoring practices—that is consistently associated in the reviewed evidence with improved thermal comfort, stormwater performance, biodiversity, and community use beyond school hours. It is concluded that a combined CAME–Multicriteria Analysis structure provides a transferable basis "
W7131130716,B8,10,2026,0,Yue Xing,A Framework for Designing Green Infrastructure to Maximize Co-Benefits in High-Density Industrial Districts,https://doi.org/10.3390/su18042142,Sustainability,https://www.mdpi.com/2071-1050/18/4/2142/pdf?version=1771762738,"Green infrastructure (GI) provides essential ecosystem services for urban sustainability in the face of urbanization and climate change, including stormwater management, heat mitigation, and reduction in carbon dioxide (CO2) concentration levels. Existing studies often focus on single-dimensional ecological effects, lacking a systematic investigation of their synergies and trade-offs. This study developed a coupled framework integrating scenario design, model simulation, and multi-indicator evaluation. Fifty-six scenarios, varying by GI combinations, weather conditions, and total annual runoff control rate (RCR), were applied to a high-density industrial district in Nanjing. The results showed that: (1) GI combinations enhanced comprehensive benefits, with the combination including bioretention (BR), permeable pavement (PP), and green roof (GR) performing most effectively. This was followed by the combination of BR and PP, then by BR and GR, while the use of BR alone provided the lowest effectiveness. (2) PP was a key synergistic component, improving heat mitigation and reducing CO2 concentration levels through the beneficial effects of rainfall events. (3) Exceeding the optimal RCR threshold for some GI combinations diminished tree space and three-dimensional green volume, shifting synergies into trade-offs. (4) Three-dimensional green volume was positively correlated with reductions in Physiological Equivalent Temperature (PET) and CO2 concentration, confirming its core rol"
W7144341639,B8,12,2026,0,Diogo Guedes Vidal,Beyond the binary: from probable to plausible futures in dense green urbanism,https://doi.org/10.3389/frsc.2026.1789629,Frontiers in Sustainable Cities,https://public-pages-files-2025.frontiersin.org/journals/sustainable-cities/articles/10.3389/frsc.2026.1789629/pdf,"However, the tension is technical, of course, but is more a crisis of what we consider plausible. It would seem absurd to many of us to imagine a future where GDP ceases to be the primary measure of urban success within 15 years, or where a high-rise district is governed not by property management firms but by a multispecies council. These scenarios feel ""unbearable"" or ""implausible"" because our current mental frameworks are deeply dependent on the statu quo. We are trapped in a binary logic that treats nature and the city as distinct entities, limiting our capacity to imagine truly sustainable urban futures. This article posits that the tension between density and greening is an ontopolitical challenge (Blaser, 2013;Cadena, 2015). Ontopolitics differs from the sociology of imagination in that it does not primarily concern how futures are envisioned, but how realities are constituted (Blaser, 2010). While urban political ecology interrogates the political-economic production of socio-natures (Swyngedouw and Heynen, 2003), it often retains a shared ontology of ""nature"" and ""society"" as analytical categories. An ontopolitical approach instead foregrounds conflicts over the very existence and status of entities within urban governance, asking not merely who controls green space, but whether green space is understood as infrastructure, commons, habitat, or political subject. This ontological shift has material consequences for planning instruments, institutional design, and regul"
W7213769314,B8,13,2026,0,Denis Musiige,Green infrastructure integration in informal settlements: Assessing climate resilience outcomes in sub-Saharan African cities. A systematic review,https://doi.org/10.1016/j.cacint.2026.100478,City and Environment Interactions,https://www.sciencedirect.com/science/article/pii/S2590252026001856/pdf,"Sub-Saharan Africa (SSA) is urbanising faster than any other region in the world, with approximately 60% of its urban population residing in informal settlements. These are acutely vulnerable to climate-related hazards, including flooding, extreme heat, and water scarcity. Green infrastructure (GI) includes nature-based solutions such as urban trees, rain gardens, bioswales, constructed wetlands, and permeable paving. GI is increasingly promoted to strengthen climate resilience, although its cost-effectiveness compared with conventional infrastructure remains insufficiently evaluated. Nevertheless, empirical evidence from SSA informal settlement contexts remains fragmented and geographically uneven. This study synthesised peer-reviewed and credible grey literature evidence published between 2015 and 2026 on GI integration in informal settlements across cities in SSA. It examines: (i) typologies of GI implemented; (ii) documented climate resilience outcomes, including stormwater management, urban heat island (UHI) mitigation, and flood-risk reduction; (iii) governance, institutional, and financial barriers; and (iv) community participation frameworks. Findings indicate that GI offers considerable potential for multi-scalar resilience benefits. Evidence is moderate for stormwater management, flood-risk reduction, urban heat-island mitigation, and food security. However, it is limited to moderate for drought resilience, biodiversity, and health and social cohesion outcomes. It r"
W3175723964,B8,14,2021,5,Craig Anthony Arnold,Resilience Justice and Community-Based Green and Blue Infrastructure,,The William & Mary Law School Scholarship Repository (William & Mary),https://scholarship.law.wm.edu/wmelpr/vol45/iss3/4,"The environmental conditions of marginalized communities, particularly low-income communities of color, make those communities disproportionately more vulnerable to major disturbances and changes, such as climate change, health crises, pollution releases, disasters, economic shocks, and social and political upheaval. Many of the most important movements for justice with respect to environmental conditions, including environmental justice, disaster justice, and climate justice, are connected to broader movements for racial and social justice, asserting that Black and Brown lives matter. These movements seek to confront, dismantle, and reform systems of racism, colonialism, and structural inequality. In particular, low-income communities of color have inequitably less and worse green and blue infrastructure, such as parks and green spaces, trees, restored waterways, biotic stormwater controls, food gardens, and wetlands. In general, “green and blue infrastructure” is a public-policy term that refers to the biotic and aquatic conditions on which communities depend, and is considered roughly equivalent to the more business-oriented term “natural capital” and the more science-oriented term “ecosystem services.” Having disproportionately lower quantities and quality of green and blue infrastructure makes low-income communities of color more vulnerable and less resilient to disasters, pollution, climate change, and health stressors, than residents in higher-income White neighborhood"
W4253276537,B8,15,2012,0,ESA,Dispatches,https://doi.org/10.1890/1540-9295-10.7.344,Frontiers in Ecology and the Environment,https://onlinelibrary.wiley.com/doi/pdfdirect/10.1890/1540-9295-10.7.344,"The Hyperspectral Imager for the Coastal Ocean (HICO), currently orbiting Earth on the International Space Station (ISS), uses an innovative technique to take spectrally detailed photos. These allow scientists to discern water clarity, depth, bathymetry, organic matter (eg phytoplankton), sediment load, and other features at sites along the world's coasts and in other small water bodies traditionally too complex to monitor from space. Although color satellite images have long been used to provide information about the open oceans, this new method represents a vast improvement in the way that more optically complicated areas, such as coastal waterways and small estuaries, are monitored. Daniel Korwan, a research physicist at the US Naval Research Laboratory (Washington, DC) and one of the developers of HICO, explains: “HICO images Earth from the ISS as often as once every 100-minute orbit. Unlike a normal camera's pixels, where each is made up of red, green, and blue, the HICO pixel represents a full spectrum of color shades, including those just beyond visible light into the infrared. Based on the spectral surface reflectance, the images allow us to separate the various constituents in the water and on the ocean floor. In this way, HICO can be used to monitor coastal changes like red tides and agricultural run-off.” HICO image of Pensacola Bay, FL. Since HICO was placed on the ISS in September 2009, the data it has collected have been used in a wide variety of projects focuse"
W7127416190,B8;B9,0,2026,0,Eva Singovszká,"CLIMAAX M16 Deliverable: Phase 2 – Climate risk assessment - Sustainable Climate Outcomes for People of Eastern Slovakia (SCOPE) Slovakia, Košice Region",https://doi.org/10.5281/zenodo.18468590,Zenodo (CERN European Organization for Nuclear Research),,"This deliverable presents the results of Phase 2 of the Climate Risk Assessment (CRA) carried out within the SCOPE project for the Košice and functional urban area. It builds on Phase 1 outcomes by refining datasets, integrating stakeholder input, and expanding the assessment to better reflect local climatic, social, and infrastructural conditions. The objective of this phase was to transform preliminary risk screening into a robust, locally grounded assessment that can directly inform adaptation planning and decision-making. Phase 2 presents a comprehensive assessment of present and future climate risks in the Košice Functional Urban Region (UMR), covering their spatial patterns, impacts on vulnerable population groups, and implications for critical infrastructure. It illustrates how European-scale climate projections can be systematically combined with national observations and local knowledge to underpin evidence-based climate resilience and adaptation planning. During Phase 2, the original CLIMAAX workflows for heatwaves and extreme rainfall were refined using improved local datasets and validated against measured observations from the Slovak Hydrometeorological Institute (SHMÚ). Based on stakeholder consultations and a regional survey conducted in 2025, two additional hazards—wildfires and droughts—were incorporated to reflect emerging and intensifying risks. The assessment focuses on the medium-term climate horizon (2021–2050), using EURO-CORDEX scenarios (RCP 4.5 and R"
W7124288093,B8;B9,1,2026,0,Eva Singovszká,"CLIMAAX M16 Deliverable: Phase 2 – Climate risk assessment - Sustainable Climate Outcomes for People of Eastern Slovakia (SCOPE) Slovakia, Košice Region",https://doi.org/10.5281/zenodo.18243237,Zenodo (CERN European Organization for Nuclear Research),,"This deliverable presents the results of Phase 2 of the Climate Risk Assessment (CRA) carried out within the SCOPE project for the Košice and functional urban area. It builds on Phase 1 outcomes by refining datasets, integrating stakeholder input, and expanding the assessment to better reflect local climatic, social, and infrastructural conditions. The objective of this phase was to transform preliminary risk screening into a robust, locally grounded assessment that can directly inform adaptation planning and decision-making. Phase 2 presents a comprehensive assessment of present and future climate risks in the Košice Functional Urban Region (UMR), covering their spatial patterns, impacts on vulnerable population groups, and implications for critical infrastructure. It illustrates how European-scale climate projections can be systematically combined with national observations and local knowledge to underpin evidence-based climate resilience and adaptation planning. During Phase 2, the original CLIMAAX workflows for heatwaves and extreme rainfall were refined using improved local datasets and validated against measured observations from the Slovak Hydrometeorological Institute (SHMÚ). Based on stakeholder consultations and a regional survey conducted in 2025, two additional hazards—wildfires and droughts—were incorporated to reflect emerging and intensifying risks. The assessment focuses on the medium-term climate horizon (2021–2050), using EURO-CORDEX scenarios (RCP 4.5 and R"
W7124317153,B8;B9,2,2026,0,Eva Singovszká,"CLIMAAX M16 Deliverable: Phase 2 – Climate risk assessment - Sustainable Climate Outcomes for People of Eastern Slovakia (SCOPE) Slovakia, Košice Region",https://doi.org/10.5281/zenodo.18243236,Zenodo (CERN European Organization for Nuclear Research),,"This deliverable presents the results of Phase 2 of the Climate Risk Assessment (CRA) carried out within the SCOPE project for the Košice and functional urban area. It builds on Phase 1 outcomes by refining datasets, integrating stakeholder input, and expanding the assessment to better reflect local climatic, social, and infrastructural conditions. The objective of this phase was to transform preliminary risk screening into a robust, locally grounded assessment that can directly inform adaptation planning and decision-making. Phase 2 presents a comprehensive assessment of present and future climate risks in the Košice Functional Urban Region (UMR), covering their spatial patterns, impacts on vulnerable population groups, and implications for critical infrastructure. It illustrates how European-scale climate projections can be systematically combined with national observations and local knowledge to underpin evidence-based climate resilience and adaptation planning. During Phase 2, the original CLIMAAX workflows for heatwaves and extreme rainfall were refined using improved local datasets and validated against measured observations from the Slovak Hydrometeorological Institute (SHMÚ). Based on stakeholder consultations and a regional survey conducted in 2025, two additional hazards—wildfires and droughts—were incorporated to reflect emerging and intensifying risks. The assessment focuses on the medium-term climate horizon (2021–2050), using EURO-CORDEX scenarios (RCP 4.5 and R"
W4398619665,B9,0,2024,8,Carlos T. Fernández,Analysis of the Impact of Urban Green Spaces on Mitigating the Urban Heat Island Effect,https://doi.org/10.56397/ist.2024.05.02,Innovation in Science and Technology,https://www.paradigmpress.org/ist/article/download/1127/994,"The Urban Heat Island (UHI) effect, characterized by higher temperatures in urban areas compared to their rural surroundings, poses significant challenges for energy consumption, air quality, and public health. This study examines the impact of urban green spaces on mitigating the UHI effect in four major Spanish cities: Madrid, Barcelona, Seville, and Valencia. Using high-resolution satellite imagery, ground-based temperature measurements, and advanced GIS and statistical modeling techniques, we quantified the temperature differences between green and non-green urban areas. Our findings indicate that green spaces, including parks, street trees, and green roofs, significantly reduce urban temperatures, with parks exhibiting the highest cooling effects. The spatial analysis revealed that UHI hotspots are concentrated in densely built-up areas, while green spaces effectively mitigate these effects. Seasonal variations show that the cooling benefits of green spaces are more pronounced during the summer months. This study highlights the importance of incorporating diverse and well-distributed green spaces in urban planning to enhance thermal comfort, reduce energy consumption, and improve urban livability. Policy recommendations are provided to guide the integration of green infrastructure in climate adaptation strategies for Spanish cities."
W1983676892,B9,0,2008,177,I. Zoulia,Monitoring the effect of urban green areas on the heat island in Athens,https://doi.org/10.1007/s10661-008-0483-3,Environmental Monitoring and Assessment,http://repository.edulll.gr/edulll/bitstream/10795/3475/2/3475_Urban_green-National%20Garden.pdf,
W2471341387,B9,0,2016,101,Luigi Mariani,"Climatological analysis of the mitigating effect of vegetation on the urban heat island of Milan, Italy",https://doi.org/10.1016/j.scitotenv.2016.06.111,The Science of The Total Environment,,
W1984825067,B9,0,2010,133,Roberto Fabrizi,Satellite and Ground-Based Sensors for the Urban Heat Island Analysis in the City of Rome,https://doi.org/10.3390/rs2051400,Remote Sensing,https://www.mdpi.com/2072-4292/2/5/1400/pdf?version=1403129177,"In this work, the trend of the Urban Heat Island (UHI) of Rome is analyzed by both ground-based weather stations and a satellite-based infrared sensor. First, we have developed a suitable algorithm employing satellite brightness temperatures for the estimation of the air temperature belonging to the layer of air closest to the surface. UHI spatial characteristics have been assessed using air temperatures measured by both weather stations and brightness temperature maps from the Advanced Along Track Scanning Radiometer (AATSR) on board ENVISAT polar-orbiting satellite. In total, 634 daytime and nighttime scenes taken between 2003 and 2006 have been processed. Analysis of the Canopy Layer Heat Island (CLHI) during summer months reveals a mean growth in magnitude of 3–4 K during nighttime and a negative or almost zero CLHI intensity during daytime, confirmed by the weather stations."
W4411440280,B9,0,2025,0,Eneko Barbería,Forensic intervention in the Valencia floods of October 2024,https://doi.org/10.1016/j.remle.2025.500471,Revista Española de Medicina Legal,,
W2405362953,B9,0,2016,2,Søren Hvilshøj,"COPENHAGEN CLOUDBURST CONCRETIZATION PLAN, DANMARK",,Landscape Architecture Frontiers,,
W7162453866,B9,1,2026,1,Mounia Tahiri,What heats cosmopolitan cities in summer? A remote sensing and AI study of land surface temperature drivers: Casablanca vs Barcelona,https://doi.org/10.1016/j.scs.2026.107545,Sustainable Cities and Society,,"Urbanization and climate change are increasingly intensifying the urban heat island effect, especially during summer, by changing the relationship between land cover and local thermal conditions. This study investigates how five environmental indicators (NDVI, NDMI, NDBI, NDBSI, and albedo) influence land surface temperature (LST) across Local Climate Zones (LCZs) in two cities with contrasting climates and urban forms, Casablanca and Barcelona, during the summer period (July 1–August 31) from 2014 to 2024. Landsat 8 imagery and the WUDAPT database were combined with seven machine-learning regression models. Among these, the Extra Trees Regressor demonstrated the strongest performance, achieving the highest R² values (0.96–0.98 in training and 0.59–0.85 in testing), the lowest error metrics, and the best bias, and was therefore selected to assess the contribution of each predictor by LCZ class and year. Results show that vegetation, represented by NDVI, plays a leading role in regulating LST in Barcelona, with the highest feature importance values (0.30–0.40), consistent with its Mediterranean setting. In Casablanca, thermal variability is more strongly associated with urbanization-related indicators, particularly NDBI and NDBSI, with feature importance reaching 0.57. In addition, Barcelona exhibits a statistically significant upward trend in summer LST, with mean Sen’s slopes of 0.31°C/year in built LCZs and 0.34°C/year in land-cover LCZs, according to the Mann–Kendall test."
W2042493379,B9,1,2010,100,K. Giannopoulou,"On the characteristics of the summer urban heat island in Athens, Greece",https://doi.org/10.1016/j.scs.2010.08.003,Sustainable Cities and Society,,
W4404972764,B9,1,2024,36,Antonio Esposito,Urban Morphology and Surface Urban Heat Island Relationship During Heat Waves: A Study of Milan and Lecce (Italy),https://doi.org/10.3390/rs16234496,Remote Sensing,,"The urban heat island (UHI) effect, marked by higher temperatures in urban areas compared to rural ones, is a key indicator of human-driven environmental changes. This study aims to identify the key morphological parameters that primarily contribute to the development of surface urban heat island intensity (SUHII) and investigates the relationship between SUHII and urban morphology using land surface temperature (LST) data from the Sentinel-3 satellite. The research focuses on Milan and Lecce, analyzing how urban geometry affects SUHII. Factors such as building height, aspect ratio, sky visibility, and surface cover are examined using approximately 1000 satellite images from 2022 and 2023. The study highlights seasonal and diurnal variations in SUHII, with particular emphasis on HW periods. Through multicollinearity and multiple regression analyses, the study identifies the main morphological drivers influencing SUHII in the two cities, specifically the Impervious Surface Fraction (ISF) and Mean Building Height (HM). Milan consistently exhibits higher SUHII, particularly during HWs, while Lecce experiences a negative SUHII, especially during the summer, due to lower urban density, more vegetation, and the low soil moisture around the urban area. Both cities show positive SUHII values at night, which are slightly elevated during HWs. The heat wave analysis reveals the areas most susceptible to overheating, typically characterized by high urban density, with ISF and HM values i"
W2953626691,B9,1,2019,34,Virginia Ciardini,Interconnections of the urban heat island with the spatial and temporal micrometeorological variability in Rome,https://doi.org/10.1016/j.uclim.2019.100493,Urban Climate,,
W4412187717,B9,1,2025,1,Magdalena von der Thannen,Carbon source or sink? Assessment of the most important green infrastructure of the City of Vienna in Austria – the Danube Island,https://doi.org/10.1007/s40974-025-00367-7,Energy Ecology and Environment,https://link.springer.com/content/pdf/10.1007/s40974-025-00367-7.pdf,"Abstract The increasing effects of climate change on urban areas are driving interest in green and blue infrastructure (GBI) as climate mitigation measures. Vegetation as part of GBI plays a key role in urban heat island reduction strategies through multiple ecological and physical processes. However, carbon sequestration capabilities of vegetation as part of GBI are poorly studied. The understanding of the carbon balance of GBI is crucial to holistically assess their potential in sustainably enhancing urban climatic conditions and mitigating climate change effects. In Vienna, the artificial Danube Island is the most important GBI and recreational area in the city. This study aims to provide a holistic carbon balance of its use phase and examines the climate potential of the Island’s vegetation. To achieve this, field and remote sensing data were integrated to calculate the biomass and carbon stock. The total biomass was found to be approximately 40,840 t. Assuming the carbon content is half of the vegetation biomass dry weight, the Danube Island stores 20,420 t of carbon, equivalent to about 74,940 t of CO2​. On the other side of the carbon balance, the study analysed the annual environmental burden of maintenance activities. Using the LCA method and considering the Global Warming Potential (GWP) impact category, the environmental burden was calculated with the Ecoinvent and Swiss non-road databases. Results indicate that maintaining the green infrastructure on Danube Island"
W4411895449,B9,1,2025,17,Alexander Fekete,Cascading impact chains and recovery challenges of the 2024 Valencia catastrophic floods,https://doi.org/10.1007/s43621-025-01483-4,Discover Sustainability,https://link.springer.com/content/pdf/10.1007/s43621-025-01483-4.pdf,"Abstract In the Valencia Region, in Spain, 228 lives were lost after catastrophic floods in October 2024, locally named “DANA”. Additional losses and damages occurred in the recovery phase, which were documented by a field visit two months after the flood. The methodology consisted of empirical research and theoretical impact chain frameworks. Interviews with key informants, such as experts, affected citizens, and industry, identified key focal problems, which included damaged vehicles, disaster waste management, and losses in agricultural production. Additional impact chains emerged, such as potential soil contamination, on groundwater, and ecosystems such as the Albufera Lagoon, and impacts on the food system and agriculture. The resulting conceptual frameworks allow for better cross-sectorial and sustainable cooperation to mediate those cascading impact chains in the further recovery. The examples of Valencia were also compared with other international cases, such as the German 2021 flood disaster, in terms of disaster and waste management. The main conclusions are that, next to direct flood damages, especially waste management and potential long-term contamination, are problems in the recovery process. And on the scientific and management side, gaps in cross-sectorial collaboration must be mitigated, based on a better perception of impact chains and interrelations. An international audience of researchers, policy makers, industry, and affected people can better understand"
W7135009893,B9,1,2025,0,Hanwen Xu,Progress and Implication of Copenhagen Cloudburst Management Plan Under Climate Adaptation Planning,https://doi.org/10.12193/j.laing.2025.02.0015.002,University of Southern Denmark Research Portal (University of Southern Denmark),,"With the intensification of global climate change in recent years, climate adaptation planning has become a critical topic in urban governance. Copenhagen has made significant progress in addressing urban flooding and stormwater challenges, gradually establishing a climate adaptation planning framework centered on stormwater management. This paper reviews its evolution, framework, localized theories, innovative tools, and technologies and explores its novel practices in stormwater management. Then, we summarized Copenhagen’s hierarchical control and blue-green coordinated planning strategies and illustrated how Copenhagen achieves a balanced development between the built environment and blue-green space through case studies at various scales. Finally, insights are provided from four aspects: integrating blue-green-gray infrastructure in territorial spatial planning, the multi-scale stormwater management system, the mechanism for transitioning flagship projects into regular practice, and the multi-level, multi-stakeholder participation mechanism. This study aims to provide feasible insights into goal setting, management mode, and practical approaches for climate adaptation planning and stormwater management in China"
W3034086825,B9,2,2020,81,Ana Oliveira,Local climate zones in five southern European cities: An improved GIS-based classification method based on Copernicus data,https://doi.org/10.1016/j.uclim.2020.100631,Urban Climate,,
W2752726467,B9,2,2017,445,Dimitra Founda,"Synergies between Urban Heat Island and Heat Waves in Athens (Greece), during an extremely hot summer (2012)",https://doi.org/10.1038/s41598-017-11407-6,Scientific Reports,https://www.nature.com/articles/s41598-017-11407-6.pdf,"Heat waves (HWs) are recognized as a serious threat for human health worldwide, with urban areas being more vulnerable due to the urban heat island (UHI) effect and population density. Yet, in the climate change context, HWs are becoming more frequent, stronger and longer, which, coupled with intensifying urbanization exacerbates thermal risk for urban residents. Despite the profound impact of this global phenomenon there is no clear consensus so far on possible synergies between UHIs and HWs. The study sheds light on the complex synergies between UHIs and HWs focusing on coastal sites. A quite challenging period comprising five HW episodes during summer 2012 in Athens (Greece) was selected for analysis. A positive feedback between UHIs and HWs was found, with intensification of the average UHI magnitude by up to 3.5 °C during HWs, compared to summer background conditions. Our results contribute significantly to understanding synergies between UHIs and HWs that may strongly increase thermal risk in cities and vulnerability of urban population."
W3198278086,B9,2,2021,31,Alberto Previati,"Characterization of the subsurface urban heat island and its sources in the Milan city area, Italy",https://doi.org/10.1007/s10040-021-02387-z,Hydrogeology Journal,https://link.springer.com/content/pdf/10.1007/s10040-021-02387-z.pdf,"Abstract Urban areas are major contributors to the alteration of the local atmospheric and groundwater environment. The impact of such changes on the groundwater thermal regime is documented worldwide by elevated groundwater temperature in city centers with respect to the surrounding rural areas. This study investigates the subsurface urban heat island (SUHI) in the aquifers beneath the Milan city area in northern Italy, and assesses the natural and anthropogenic controls on groundwater temperatures within the urban area by analyzing groundwater head and temperature records acquired in the 2016–2020 period. This analysis demonstrates the occurrence of a SUHI with up to 3 °C intensity and reveals a correlation between the density of building/subsurface infrastructures and the mean annual groundwater temperature. Vertical heat fluxes to the aquifer are strongly related to the depth of the groundwater and the density of surface structures and infrastructures. The heat accumulation in the subsurface is reflected by a constant groundwater warming trend between +0.1 and + 0.4 °C/year that leads to a gain of 25 MJ/m 2 of thermal energy per year in the shallow aquifer inside the SUHI area. Future monitoring of groundwater temperatures, combined with numerical modeling of coupled groundwater flow and heat transport, will be essential to reveal what this trend is controlled by and to make predictions on the lateral and vertical extent of the groundwater SUHI in the study area."
W7203908461,B9,2,2024,0,Erik Dubois,Biodiversity Metrics in Urban Landscapes,https://doi.org/10.5281/zenodo.19496476,Diversity and Biodiversity Archives,https://stanfordgroup.org/index.php/DBA/article/download/1108/1013,"Urban landscapes -- comprising 3% of global land area but housing > 55% of the world's population and expanding atapproximately 1.5% per year -- represent both the primary terrestrial habitat for most humans and a globally significantbiodiversity context where urban ecological communities are shaped by the unique stressors of heat island effects,impervious surface cover, artificial light at night, noise, invasive species, and management intensity. Measuring,monitoring, and improving urban biodiversity is increasingly central to urban planning, Nature-based Solutions policy, andthe EU Biodiversity Strategy 2030 green infrastructure targets, but standardised urban biodiversity metrics that integrateacross green space types, taxa, and the unique urban biodiversity patterns (biotic homogenisation, urban adapters vs.avoiders, heat island range expansion) are lacking. This study developed and validated an Urban Biodiversity Index(UBI) integrating species richness, functional diversity, native species proportion, and green space connectivity across 42urban green space sites in Vienna (Austria; 2,840 species-site records; plants, arthropods, birds; 2021-2023). UBIexplained 68.4% of variance in urban ecosystem service provision (pollination, urban cooling, recreation quality,stormwater retention; r = +0.84 with total ES value). High-UBI sites (> 0.70; n = 14) showed 2.84-fold higher total ESvalue than low-UBI sites (< 0.40; n = 10). Impervious surface cover was the strongest negative "
W7160269649,B9,2,2025,0,Francisco Manuel Pastor Marín,Disinformation and natural disasters. The case of the 2024 Valencia floods,https://doi.org/10.6035/dcomunica.9015,Re-Unir (International University of La Rioja),https://reunir.unir.net/bitstream/123456789/19806/1/AdComunica.pdf,"The aim of this research is to analyze the disinformation related to DANA - Isolated Depression at High Levels - in Spain in the month of October 2024. The study period was established from October 29 (date of the catastrophe) to November 17 of the same year and the verifications published by four of the main Spanish fact-checking organizations were analyzed: Newtral, Verificat, Efe Verifica and Maldita. From a methodological point of view, among the specific objectives of this research are: 1. To study the temporal evolution of disinformation narratives in the 20 days following the event. 2. To analyze the role of influential actors and creators on social networks in the dissemination of hoaxes about DANA. The methodological instrument includes variables related to temporal evolution; the formats and narratives of disinformation, as well as its intentionality; the institutions and/or people targeted by the hoaxes. The temporal evolution of disinformation during the 20 days following the catastrophe in Valencia reflects a characteristic pattern of crises, in which the highest levels of hoax and disinformation generation are concentrated in the immediate phase following the disaster occurs."
W2624891422,B9,2,2017,30,J. Ziersen,The role of Greater Copenhagen Utility in implementing the city's Cloudburst Management Plan,https://doi.org/10.2166/wpt.2017.039,Water Practice & Technology,,"This paper describes Greater Copenhagen Utility's role in planning, coordinating and implementing Copenhagen's Climate Change Adaptation Plan and Cloudburst management strategy. Detailed hydraulic modelling of the seven catchments in the city resulted in the preparation of a cloudburst management plan with more than 350 interventions, at a budget of EUR 1.3 billion. Among the planned projects are designated cloudburst boulevards, retention spaces, green roads and cloudburst tunnels. The joint efforts in coordinating climate change adaptation with city planning and infrastructure implementation, are shown to be key to succeeding with the projects. Stakeholder involvement in preparing the cloudburst management strategy is important in identifying the optimal solutions."
W3107336082,B9,3,2020,18,Ana Oliveira,Local climate zones classification method from Copernicus land monitoring service datasets: An ArcGIS-based toolbox,https://doi.org/10.1016/j.mex.2020.101150,MethodsX,http://methods-x.com/article/S2215016120303708/pdf,"Local Climate Zones (LCZ) have become a worldwide standard for identifying land cover classes, according to their climate-relevant morphological parameters. The LCZ's are mostly used to evaluate urban climate performance, particularly the relationship between the urban heat island effect (UHI) and the characteristics of the built-up environment. The World Urban Database and Access Portal Tools (WUDAPT) has provided a supervised LCZ classification method based only on moderate resolution free satellite imagery, mostly Landsat 7 or 8 (30 m pixel size, in the visible spectrum brands); however, its' results are less accurate for European cities. Conversely, alternative geographic information system (GIS)-based methods developed so far require information that is hardly available to all, such as building footprints or heights. Here, the ArcGIS based LCZ from Copernicus Toolbox (LCZC) provides an alternative classification method that uses only freely accessible information from the Copernicus Land Monitoring Service (CLMS), being possible to replicate it in 800 European urban locations. The method combines Urban Atlas (UA) and Corine Land Cover (CLC) with Tree Cover Density, Dominant Leaf Type and Grassland information, to produce a higher-resolution baseline shapefile that is classified according to each feature's dominant characteristics. The LCZC toolbox output is a LCZ raster map. It has been validated in five European cities: Athens, Barcelona, Lisbon, Marseille, and Naples.•"
W2081033440,B9,3,2013,150,Theodore Michael Giannaros,Numerical study of the urban heat island over Athens (Greece) with the WRF model,https://doi.org/10.1016/j.atmosenv.2013.02.055,Atmospheric Environment,,
W4408550125,B9,3,2024,1,Marco Lucchini,URBAN DESIGN AS A WAY TO ADDRESS CLIMATE CHANGE AND HEAT ISLANDS: THE CASES OF BARCELONA AND MILAN,https://doi.org/10.21005/pif.2024.60.c-01,space&FORM,https://doi.org/10.21005/pif.2024.60.c-01,"The climate crisis and global warming have intensified heatwaves, especially in cities, where urban heat islands make conditions unhealthy, particularly for vulnerable members of the society like the elderly persons and children. In cities like Barcelona and Milan, geographical and population factors worsen this effect. Mitigating urban heat involves strategies at three levels: urban policy, settlementscale projects, and architectural interventions, focusing on improving the urban climate, enhancing energy efficiency, and incorporating greenery. This paper compares how Barcelona and Milan address heat waves, examining not just their effectiveness but also the cultural values shaping these urban and architectural strategies."
W2742174109,B9,3,2017,139,Elena Morini,Evaluation of albedo enhancement to mitigate impacts of urban heat island in Rome (Italy) using WRF meteorological model,https://doi.org/10.1016/j.uclim.2017.08.001,Urban Climate,,
W4411089811,B9,3,2025,9,Álvaro Francisco Morote Seguido,The 2024 Floods in Valencia (Spain): Case Study of Flood Risk Education in a Primary Education Setting,https://doi.org/10.3390/geohazards6020030,GeoHazards,https://www.mdpi.com/2624-795X/6/2/30/pdf?version=1749220617,"The 2024 cut-off low-pressure (DANA) event had a devastating impact on the province of Valencia (Spain), resulting in 227 fatalities. This extreme weather event highlighted the urgent need to enhance education on flood risk and prevention, particularly through geography lessons in schools. This paper presents a didactic experience conducted during the 2024–2025 academic year at a primary school in Alicante (Valencian Community, Spain), within the sixth-grade subject of “Natural, Social, and Cultural Environment Studies”. The initiative aimed to increase knowledge of the causes of flooding and safety measures, with a particular focus on the DANA event of 29 October 2024. Through hands-on and collaborative activities, the project sought to raise awareness of the importance of risk prevention and management. Ultimately, this educational approach aspires to foster a more resilient society, one that is better prepared to face the challenges posed by current and future climate change scenarios."
W192461879,B9,3,2013,0,Neel Strøbæk,Managing Cloudbursts in Copenhagen. An opportunity to set new standards for city planning.,,Topos: European landscape magazine,,
W4307381337,B9,4,2022,0,Michele Cecchini,Rethink cities to promote an active lifestyle and tackle climate change: best practices from the OECD,https://doi.org/10.1093/eurpub/ckac129.221,European Journal of Public Health,https://academic.oup.com/eurpub/article-pdf/32/Supplement_3/ckac129.221/48593400/ckac129.221.pdf,"Abstract Background City design can have major health and environmental implications. The overall layout of cities influences air quality, as urban sprawl can encourage the use of motorised vehicles and decrease active travelling. Furthermore, lack of trees has a negative impact on particulate matter levels and contributes to the urban heat island effect. There is a growing interest for creating an urban environment conducive of healthier lifestyles. Methods The analysis uses the five OECD criteria to assess best practices in public health - Effectiveness, Efficiency, Equity, Evidence-base, and Extent of coverage - to carry out a systematic assessment of selected candidate best practices to improve the public health potential of cities. The impact of scaling up these interventions within and across countries is evaluated by using the OECD SPHeP-NCD microsimulation model. Results Interventions such as Superblocks in Barcelona, which reshapes the city layout to make them more people centric and less vehicles reliant, or Cycle Superhighways from Denmark, which develops cycling networks, have a the potential to avoid a significant number of chronic diseases by promoting an active lifestyle and decreasing transport-related pollution. Such interventions can also decrease healthcare expenditure and, if well designed, health disparities. Discussion While many urban design interventions are a good investment for countries and, in general, there is good support, a number of implementat"
W1978048134,B9,4,2015,121,Dimitra Founda,Interdecadal variations and trends of the Urban Heat Island in Athens (Greece) and its response to heat waves,https://doi.org/10.1016/j.atmosres.2015.03.016,Atmospheric Research,,
W4200110026,B9,4,2021,55,Alberto Previati,The subsurface urban heat island in Milan (Italy) - A modeling approach covering present and future thermal effects on groundwater regimes,https://doi.org/10.1016/j.scitotenv.2021.152119,The Science of The Total Environment,https://www.sciencedirect.com/science/article/pii/S0048969721071953/pdf,"Knowledge on the intensity and extension of current subsurface urban heat islands (SUHI) is not only based on the availability of spatiotemporal high-resolution and long-term groundwater monitoring data but also in-depth investigations on the role of single natural and anthropogenic factors. A holistic city-scale 3D FEM model is presented to introduce possible thermal management applications in the Milan metropolitan area such as: (1) understanding the hydro-thermal regime of the urban aquifer disentangling the thermal contribution of natural and anthropogenic heat sources, (2) quantifying the geothermal potential and (3) investigating the effects of urbanization and climate change scenarios. Focusing on the most relevant heat sources (boundaries) and transport mechanisms (parameters), this work deals with (I) the reconstruction of large-scale aquifer heterogeneities to consider the advective dominated heat transport, (II) the accurate definition of the upper thermal boundary by a coupled analytical solution and (III) the integration of natural and human-related fluid/heat sources as transient boundary conditions. The model was calibrated against 15 groundwater head and temperature time series and validated in space and time by temperature profiles at 40 additional observation wells. Thus, a fluid and heat budget analysis revealed the most relevant natural and anthropogenic sources at the city-scale. The heat flow from buildings, surface infrastructures and tunnels contribute"
W1857971016,B9,4,2008,0,Antonio Cantelli,A SUBGRID SURFACE SCHEME FOR THE ANALYSIS OF THE URBAN HEAT ISLAND OF ROME,,University of Zagreb University Computing Centre (SRCE),http://hrcak.srce.hr/64270,"This paper describes preliminary modifications to a mesoscale model to better account for urban heat-storage.The approach involves integrating the Town Energy Budget (TEB) with the Regional Atmospheric Modelling System (RAMS).The integrated system has been applied to the Urban Heat Island (UHI) of Rome, Italy, and the surrounding area (Lazio Region), including the coastal area abutting the Tyrrhenian Sea.The numerical results show a significant improvement in the simulation of the UHI of Rome compared with that obtained using the original LEAF-2 scheme incorporated in RAMS."
W7204446294,B9,4,2026,0,Ruth A. Palmer,Folk Theories of Journalistic Authority in the Wake of the 2024 Valencia Floods,https://doi.org/10.1080/21670811.2026.2722015,Digital Journalism,,"This paper uses discourse analysis to analyze folk theories of journalistic authority—that is, lay beliefs about when and why journalism should be listened to (Carlson, 2017)—that circulated on TikTok in the wake of catastrophic floods in 2024 in Valencia, Spain. Many citizens took to social media to criticize the institutional response to the crisis, including the news coverage. Our analysis of that media criticism reveals three folk theories of journalistic authority dominated this discourse: that journalists have a duty to tell the truth; a duty to hold political actors to account; and a duty to care for citizens in need. Our analysis further shows that TikTokers used these folk theories to construct their own authority—by showing that they themselves uphold these duties where professional journalists fall short—and do so in ways that comply with social media logics, thus generating engagement to the benefit of themselves and social media platforms, but at the expense of the journalistic authority of the mainstream news media."
W2602055713,B9,4,2016,0,Sarah Brudler,"Life Cycle Assessment of Cloudburst Management Plans in Adaptation to Climate Change in Copenhagen, Denmark",,,,
W2333587523,B9,5,2014,20,Michael D Brauer,Commentary,https://doi.org/10.1097/ede.0000000000000110,Epidemiology,,"Just over half of the world’s population lives in urban areas, with cities expected to absorb virtually all of the world’s future population growth.1 The way that we design our cities and interact with this “built environment” can profoundly affect our health, but empirical evidence tracing influences through specific mechanisms remains rare. In recent years, a substantial literature has developed that focuses on associations between within-city variability in air pollution concentrations and a diverse array of health effects, including birth outcomes.2 This evolution from between-city comparisons now fully integrates air pollution research into the realm of urban form, of which there are multiple (potentially spatially clustered) environmental exposures. For example, traffic and airport noise also vary over space and have been linked to health effects.3 A multidimensional approach to urban environmental quality and health is therefore needed and beginning to emerge in the literature. It has also become clear that urban form is not limited to environmental “hazards” but that influences also arise through other pathways, such as the modification of individual behaviors. Physical inactivity and obesity are at the forefront of today’s public health challenges, and changes in the design of neighborhoods and urban form can improve individual physical activity levels and reduce prevalence of obesity.4 The influences of urban form on individual behaviors and environment hazards are "
W2607266167,B9,5,2017,133,John A. Paravantis,"Mortality Associated with High Ambient Temperatures, Heatwaves, and the Urban Heat Island in Athens, Greece",https://doi.org/10.3390/su9040606,Sustainability,https://www.mdpi.com/2071-1050/9/4/606/pdf?version=1492154710,"Abstract: Climate change looms as the biggest threat of the 21st century, and its effect on urban mortality is exacerbated by urban heat islands. This study analyzes the impact of high temperatures, heatwaves, and the urban heat island on the cardiovascular and respiratory mortality of people over 65 years of age for the years 2002 to 2012. The area of application is Athens, Greece, an urban agglomeration experiencing an urban heat island of high intensity. The correlation of the daily cardiovascular and respiratory mortality count of people over 65 years of age with various temperature measures confirmed a U-shaped exposure response curve, with fewer deaths in the range of moderate temperatures. At high and very high temperatures, this mortality increased by 20 to 35% correspondingly, at a 99.9% significance level. Mortality was further investigated with ordinary least squares, Poisson, and negative binomial times series models, which, although suffering from poor fit, showed a one-day lag for the maximum temperature effect on mortality. Finally, cluster analysis for observations confined to May to September, confirmed by multiple discriminant analysis, showed the existence of six clusters, with the highest excess mortality count of 23% for the cluster that included the hottest days and 20.6% for the heatwave cluster. To this end, it is recommended that policies target high ambient temperatures and heatwaves as a priority."
W2765902663,B9,5,2017,121,Claudia Guattari,On the assessment of urban heat island phenomenon and its effects on building energy performance: A case study of Rome (Italy),https://doi.org/10.1016/j.enbuild.2017.10.050,Energy and Buildings,,
W4412939081,B9,5,2025,1,Iván Franch-Pardo,"Geospatial Technologies in Crisis Response: Analyzing the 2024 Floods in Valencia, Spain",https://doi.org/10.48088/ejg.i.fra.16.2.286.297,European Journal of Geography,https://eurogeojournal.eu/index.php/egj/article/download/897/445,"On October 29, 2024, a cut-off low (DANA) caused the most catastrophic flooding in recent history in Spain and the Mediterranean region, in Valencia, resulting in 228 deaths, more than €13 billion in damages, and the disabling of more than 140,000 vehicles. In the days following the disaster, a lack of information and a limited institutional response created a climate of uncertainty. In this context, satellite imagery became the only reliable source of information. This study adopts a systematic review methodology to reconstruct and critically analyze how geospatial technologies were used for forecasting, documenting, and managing the disaster. It draws on a compilation of meteorological datasets, satellite imagery (e.g., Sentinel, Landsat), GIS outputs, institutional maps, and academic research. The research identifies four chronological phases: First, meteorological data were employed to sound the alarm; second, satellite imagery products were used when the dis-aster already occurred; third, development of web platforms with geographic information and other institutional servers for data download; and four, new lines of research with the inputs generated in the previous points. The intervention of international coordination platforms—the Copernicus EMS rapid mapping service and the International Charter: Space and Major Disasters—allowed, in record time, the processing of the first satellite images and the expedited mapping of flooded areas. The findings demonstrate that sp"
W2952185821,B9,5,2019,94,Bernice R. Rosenzweig,Developing knowledge systems for urban resilience to cloudburst rain events,https://doi.org/10.1016/j.envsci.2019.05.020,Environmental Science & Policy,,
W7160557102,B9,6,2026,0,Vahid Javidroozi,Dense and green are not mutually exclusive: a systems view for sustainable cities,https://doi.org/10.3389/frsc.2026.1813975,Frontiers in Sustainable Cities,,"As urban populations continue to increase globally, cities face twin demands: accommodate more people through compact development while simultaneously protecting and enhancing green infrastructure that provides ecosystem services, biodiversity, and well-being benefits. Traditionally, debates about urban form and ecology frame density and green space as competing priorities: densification for efficient land use and emissions reduction versus greening for biodiversity, heat mitigation, and health. Yet, this dichotomy is increasingly challenged by research showing that dense cities can also be green cities, but only if density is integrated with multifunctional green infrastructure, governance coordination, and equitable access.In this opinion article, I argue that urban density and greenness are compatible when viewed through a systems lens that integrates planning, greenspace policy, infrastructure design, environmental services, and equity. This approach moves beyond simplistic trade-offs to emphasise dynamic synergies between urban form and ecological functionality. This article advances the current debate by arguing that the perceived incompatibility between urban density and greening is not primarily spatial, but institutional and systemic. It suggests that the persistence of this tension is rooted in fragmented governance structures, sectoral planning silos, and the absence of integrated sociotechnical-ecological frameworks. By reframing density as a potential enabler of "
W1979090444,B9,6,2006,49,Pavlos A. Kassomenos,"Mesoscale and macroscale aspects of the morning Urban Heat Island around Athens, Greece",https://doi.org/10.1007/s00703-006-0191-x,Meteorology and Atmospheric Physics,,
W3099377152,B9,6,2018,0,Ahmed Hazem Eldesoky,Urban climate modeling. Proposal for automatic retrieving key measures to assess and mitigate the urban heat island effect at the local and the city scale : the case study of Milan (Italy),,,,
W3089153805,B9,6,2020,41,Gabriele Battista,Urban Heat Island Mitigation Strategies: Experimental and Numerical Analysis of a University Campus in Rome (Italy),https://doi.org/10.3390/su12197971,Sustainability,https://www.mdpi.com/2071-1050/12/19/7971/pdf?version=1601175722,"The urban heat island (UHI) phenomenon is strictly related to climate changes and urban development. During summer, in urban areas, the lack of green zones and water sources causes local overheating, with discomfort and negative effects on buildings’ energy performance. Starting from this, an experimental and numerical investigating of the climatic conditions in a university area in Rome was achieved, also assessing the occurrence of the UHI phenomenon. The analyzed area was recently renewed, with solutions in contrast to each other: on one side, an old building was re-designed aiming at high performance; on the other hand, the neighboring areas were also refurbished leading to large paved surfaces, characterized by high temperatures during summer. A calibrated numerical model was generated through ENVI-met software and eight different scenarios were compared, to mitigate the overheating of this area and to analyze the influences of the proposed solutions in terms of air temperature reduction. The analysis of this case study provides information on potential mitigation solutions in the urban environment, showing that goals and priorities in the design phase should concern not only buildings but also external areas, also considering university areas."
W7171104521,B9,6,2026,0,Carles Beneyto,"Reconstruction of the October 2024 flood in l’Horta Sud (Valencia, Spain)",https://doi.org/10.1016/j.ejrh.2026.103793,Journal of Hydrology Regional Studies,,"Study region l'Horta Sud (Valencian Community), eastern Spain, the area most severely affected by the 29 October 2024 flash-flood event. Study focus An exceptional hydro-meteorological event produced extreme rainfall and widespread flash flooding across eastern Spain, with more than 80% of the 239 fatalities occurring in l′Horta Sud. This study presents an integrated reconstruction of the event by combining high-resolution precipitation analysis, distributed hydrological and sediment transport modelling, and two-dimensional hydraulic simulations. Rainfall fields were reconstructed from a dense rain-gauge network at daily and 10-minute resolutions to characterize the spatial and temporal evolution of the storm. Simulated hydrographs were subsequently used as boundary conditions for hydraulic modelling to reconstruct flood propagation and inundation patterns. New hydrological insights for the region Hydrological simulations reveal a highly synchronized basin response, with the combined tributary contributions corresponding to an equivalent upstream inflow on the order of 7,000 m³ /s prior to significant floodplain storage, illustrating the exceptional magnitude of the event and exceeding peak discharges documented in Spanish instrumental records. Sediment transport represented approximately 7% of the total flood volume. The agreement between simulated discharges, sediment dynamics, and observed inundation extents supports the physical consistency of the reconstruction. The resu"
W1826752706,B9,6,2014,13,Salar Haghighatafshar,Storm-water management in Malmö and Copenhagen with regard to climate change scenarios,,Lund University Publications (Lund University),https://lup.lub.lu.se/record/4731592,"The current status of storm-water management in the neighbor cities of Copenhagen and Malmö was studied with respect to present measures and the implemented systems in both cities. Application of blue-green solutions in the outer parts of Malmö started in the 1990s; hence collaboration between different departments in the municipality is more structured in the city of Malmö while in Copenhagen the process is still based on traditional pipe systems and CSO management with the exception of Ørestad. However, more blue-green solutions are to be applied in Copenhagen in the coming years. Concerning the climate adaptation plans in regard to the Three Points Approach (3PA), Copenhagen has determined the required framework for adaptation of the inner parts of the city with regard to extreme rainfalls (Cloudburst Management Plan in Copenhagen) while Malmö has focused on implementation of open systems in the suburbs taking design rain criteria into account."
W4245767931,B9,7,2020,0,,Papers Delivered in the Thematic Sessions of the 73rd Annual International Conference of the Society of Architectural Historians,https://doi.org/10.1525/jsah.2020.79.3.360,Journal of the Society of Architectural Historians,,"Architects on Stage: Alternative Sites of Discursive FormationDeniz Balik Lokce, Dokuz Eylul University, Turkey, Session Chair “Performance, Rhetoric and Demonstration in John Soane's Royal Institution Lectures on Architecture of 1817 and 1820,” Sophie Read, The Bartlett, University College London, UK“Carlo Scarpa and His Five Decades of Teaching: Learning by Drawing,” Anne-Catrin Schultz, Wentworth Institute of Technology, USA“‘The Art and Craft of the Machine’: Staging Modern Architecture in Chicago,” Joanna Merwood-Salisbury, Victoria University of Wellington, New Zealand“Plasticity: Hollein's Transatlantic Dialog on Anti-functionalism,” Sang Pil Lee, University of Pennsylvania, USA“The Showman Architect and the Mass Media in 1980s Belgrade,” Vladimir Kulic, Iowa State University, USA The Magnitude of ArchitectureMelany Park, Harvard University, USA, and Chelsea Spencer, Massachusetts Institute of Technology, USA, Session Co-Chairs “The Measurer: Quantifying Labor in the Early American Republic,” Bryan Norwood, University of Michigan, USA“Minecraft: Manual Labor, Modular Design, and Measurement in 1966,” Megan Eardley, Princeton University, USA“‘Refer to Scale Model’: On the Magnitude of John F. Kennedy's Assassination,” Edward Eigen, Harvard University, USA“‘The Largest Stone in the World,’ And Other Landmarks of Postwar Evolutionism,” Lucia Allais, Columbia University, USA Designing in the DesertsSamia Henni, Cornell University, USA, Session Chair “Architecture on Ice: A"
W2146245861,B9,7,2014,43,Theodore Michael Giannaros,"Development of an operational modeling system for urban heat islands: an application to Athens, Greece",https://doi.org/10.5194/nhess-14-347-2014,Natural hazards and earth system sciences,https://nhess.copernicus.org/articles/14/347/2014/nhess-14-347-2014.pdf,"Abstract. The urban heat island (UHI) effect is one prominent form of localized anthropogenic climate modification. It represents a significant urban climate problem since it occurs in the layer of the atmosphere where almost all daily human activities take place. This paper presents the development of a high-resolution modeling system that could be used for simulating the UHI effect in the context of operational weather forecasting activities. The modeling system is built around a state-of-the-art numerical weather prediction model, properly modified to allow for the better representation of the urban climate. The model performance in terms of simulating the near-surface air temperature and thermal comfort conditions over the complex urban area of Athens, Greece, is evaluated during a 1.5-month operational implementation in the summer of 2010. Results from this case study reveal an overall satisfactory performance of the modeling system. The discussion of the results highlights the important role that, given the necessary modifications, a meteorological model can play as a supporting tool for developing successful heat island mitigation strategies. This is further underlined through the operational character of the presented modeling system."
W2072673429,B9,7,2012,113,Manuele Pichierri,Satellite air temperature estimation for monitoring the canopy layer heat island of Milan,https://doi.org/10.1016/j.rse.2012.08.025,Remote Sensing of Environment,,
W2120426835,B9,7,2011,6,Antonio Cantelli,An investigation of the urban heat island of Rome through a canyon-based subgrid scheme,https://doi.org/10.1504/ijep.2011.047338,International Journal of Environment and Pollution,,"This paper describes some modifications to a mesoscale model surface scheme to better account for urban heat-storage. The approach involves integrating the Subgrid Town Energy Budget (STEB) with the Regional Atmospheric Modelling System (RAMS). The integrated system has been applied to the investigation of the Urban Heat Island (UHI) of Rome, Italy, and the surrounding area (Lazio Region), including the coastal area abutting the Tyrrhenian Sea. The numerical results show an improvement in the simulation of the UHI of Rome compared with that obtained using the original LEAF3 scheme incorporated in RAMS."
W7135018257,B9,7,2026,0,Carlos Lázaro,Rethinking the Guidelines for Resilient River-Crossing Bridges: Insights from the 2024 Valencia Flood,https://doi.org/10.1080/10168664.2026.2614620,Structural Engineering International,,"The devastating flood of October 29, 2024, in South-West Valencia caused widespread damage to bridge infrastructure, revealing significant vulnerabilities to extreme hydraulic events. This technical report proposes a first set of design guidelines aimed at improving the resilience of bridges in flood-prone basins, using engineering judgment and observations from the event. Key recommendations include a dual safety framework—No-Collapse Requirement and Damage Limitation Requirement—adapted from seismic design philosophy, and practical design measures related to foundation depth, pier shape, deck clearance, and flood-induced debris impacts. While the proposals are based in field evidence and preliminary analysis, they represent an initial step toward more robust bridge infrastructure. Further research is needed to refine design return periods, safety coefficients, and structural performance models under extreme hydraulic loads."
W2182728150,B9,7,2014,0,Cour JanSen,Storm-water management in malmö and Copenhagen with regard to Climate Change SCenarioS dagvattenhantering i malmö och Köpenhamn med avseende på klimatförändringsscenario,,,,"The current status of storm-water management in the neighbor cities of Copenhagen and Malmo was studied with respect to present measures and the implemented systems in both cities. Application of blue-green solutions in the outer parts of Malmo started in the 1990s; hence collaboration between different departments in the municipality is more structured in the city of Malmo while in Copenhagen the process is still based on traditional pipe systems and CSO management with the exception of Orestad. However, more blue-green solutions are to be applied in Copenhagen in the coming years. Concerning the climate adaptation plans in regard to the Three Points Approach (3PA), Copenhagen has determined the required framework for adaptation of the inner parts of the city with regard to extreme rainfalls (Cloudburst Management Plan in Copenhagen) while Malmo has focused on implementation of open systems in the suburbs taking design rain criteria into account. key wor ds – Cloudburst, BMP, Three Points Approach, Climate change, Storm-water Sammanfattning Aktuell status for dagvattenhantering i grannstaderna Kopenhamn och Malmo studerades med avseende pa befintliga atgarder och genomforda systemen i de bada staderna. Tillampning av bla-grona losningar i de yttre delarna av Malmo borjade pa 1990-talet och foljaktligen ar samarbete mellan olika avdelningar inom kommunen mer strukturerat i Malmo medan processen i Kopenhamn fortfarande ar baserad pa traditionella rorsystem och CSO-hantering me"
W2056765102,B9,8,2015,53,Konstantinos Kourtidis,A study of the hourly variability of the urban heat island effect in the Greater Athens Area during summer,https://doi.org/10.1016/j.scitotenv.2015.02.062,The Science of The Total Environment,,
W1996495362,B9,8,2014,204,Roberta Anniballe,Spatial and temporal trends of the surface and air heat island over Milan using MODIS data,https://doi.org/10.1016/j.rse.2014.05.005,Remote Sensing of Environment,,
W4388452931,B9,8,2023,14,Edoardo De Cristo,Annual Comparison of the Atmospheric Urban Heat Island in Rome (Italy): An Assessment in Space and Time,https://doi.org/10.3390/buildings13112792,Buildings,https://www.mdpi.com/2075-5309/13/11/2792/pdf?version=1699336056,"This study examined the atmospheric urban heat island (UHI) phenomenon within the city of Rome (Italy) and its effects on building energy demand. Weather data from 2020 and 2022 collected from six meteorological stations were considered. A Geographic Information System (GIS) was used to analyze the landscape, correlating the percentage of impermeable surfaces with UHI intensity values in each area. Dynamic simulations were conducted using different climatic data to estimate the heating and cooling energy demands for two representative residential buildings. The findings revealed significant differences in the climatic conditions between urban and rural areas, primarily due to temperature increases. The UHI intensities reached maximum values of 4.67 °C and 3.54 °C in 2020 and 2022. In urban areas, the UHI has positive effects on the heating energy demand but results in a significant increase in energy demand for cooling. Considering a building type constructed between 1900 and 1950, a variation of up to 33.03% in the heating energy demand in urban areas compared to rural areas was calculated, along with a variation of up to 81% for cooling. In contrast, considering a more recent building type constructed between 1991 and 2005, the corresponding values reached up to 36.47% and 75.7%."
W4411150012,B9,8,2025,0,J. Ferrer,"[Translated article] Musculoskeletal injuries treated following the flood in October 2024 in Valencia, Spain",https://doi.org/10.1016/j.recot.2025.06.002,Revista Española de Cirugía Ortopédica y Traumatología,,"Introducción: El objetivo de este estudio fue describir y analizar las lesiones musculoesqueléticas atendidas en un hospital terciario, causadas por la inundación repentina y los deslizamientos de tierra ocurridos el 29 de octubre del 2024 en la provincia de Valencia (España). Material y métodos: Se empleó un diseño de estudio retrospectivo unicéntrico, documentando todos los pacientes que requirieron tratamiento hospitalario desde el día 29 de octubre del 2024 hasta el día 30 de noviembre del 2024, ambos inclusive. Se recopilaron fecha de atención y tiempo de demora hasta el rescate y evacuación, datos demográficos, localización y gravedad de la lesión, registro de cirugías realizadas y tiempo de hospitalización requerido. Resultados: Registramos un total de 410 atenciones hospitalarias, todas ellas con entrada por urgencia. Evidenciamos una ligera dominancia en el sexo masculino (55,5%) y una edad promedio de 48 años (1-97). El tiempo medio para la atención se tasa en los 1,4 días desde el traumatismo (1-12), aunque el 47% supera las 48 h. El 60,1% de las contusiones presentaron al menos una fractura asociada. Fueron atendidas y tratadas un total de 84 heridas (20,5% de la muestra) y lesiones musculares y ligamentosas (14,4%), luxaciones articulares (2,4%). La localización predominante son los miembros inferiores (48,6%), seguidos de los superiores (36,7%). La mayoría de los casos (90,5%) se solventaron mediante tratamiento conservador necesitando revisión quirúrgica el 9,5"
W7217548472,B9,8,2025,0,Yasmine Ibrahim,Stadsplanering i ett förändrat klimat Anpassningsstrategier och åtgärder mot skyfallsöversvämningar i Göteborg och Köpenhamn,,Gothenburg University Publications Electronic Archive (Gothenburg University),,"The aim of this report explores and analyzes how Gothenburg and Copenhagen implement strategies to deal with cloudburst flooding in a changing climate. Due to the changing climate cloudburst events will happen more frequently and more intensely, this will generate challenges to urban areas. Therefore, the focus of this report is to identify the most vulnerable environment in both cities, additionally how the cities work for climate adaptations and physical planning. The method is based on a combination of qualitative and quantitative approach. Gis- analyzes is produced to illustrate the identified area with the most risk for cloudburst floodings, in both Gothenburg and Copenhagen. The use of the qualitative approach made expert interviews possible, which generated a more subtle insight of knowledge. Using documation's and planning frameworks, the information was established for the work and planning for climate adaptation in both cities. The work of the report is based on theoretical frameworks that include urban resiliens and the Three Point Approach (3PA) which is analyzed in the results. The results indicate that both Gothenburg and Copenhagen possess vulnerable areas for cloudburst floodings. With experience of cloudburst event Copenhagen has created a more effective solution of climate adaptation through their cloudburst management plan. Gothenburg strategies are based on the cooperation between different actors, a limitation is that proposed adaptations strategies are n"
W2235826151,B9,9,2016,9,Haralambos S. Bagiorgas,"On the influence of the urban heat island on the cooling load of a school building in Athens, Greece",https://doi.org/10.1016/j.jastp.2016.01.002,Journal of Atmospheric and Solar-Terrestrial Physics,,
W4413879589,B9,9,2025,0,Nicola Colaninno,A multiscale outlook of the heat islands phenomenon in the Milan area,https://doi.org/10.3280/tr2024-108025,TERRITORIO,,"Urban heat island (uhi) phenomenon, intensified by climate change, challenges cities and affects public health and well-being. This study explores the uhi in Milan from a multiscale perspective – regional, urban, and intra-urban – highlighting the impact of land use, urban morphology, and vegetation on temperature patterns. On the regional scale, the study identifies a heat island effect that is particularly responsive to variations in land cover. City-wide analysis shows the uhi intensity reaching up to 3.0°C at night. The intra-urban analysis reveals how urban geometry and vegetation shape the microclimate and reduce heat stress. The findings advocate for scalespecific urban planning strategies, emphasizing green infrastructure and climate-resilient designs to alleviate uhi effects."
W4312077421,B9,9,2022,54,Andrea Cecilia,Measuring the urban heat island of Rome through a dense weather station network and remote sensing imperviousness data,https://doi.org/10.1016/j.uclim.2022.101355,Urban Climate,,
W4411085100,B9,9,2025,0,Alfonso Colorado Casado de Amezúa,"Medical forensic response during the flood in Valencia (Spain), October 29th, 2024",https://doi.org/10.1016/j.remle.2025.500459,Revista Española de Medicina Legal,,
W4415010957,B9,9,2025,1,P C Srinivasa,"The Impact of Climate Change on Urban Infrastructure: A Comprehensive Study on Resilient Civil Engineering Design, Adaptation Strategies, and Sustainable Development",https://doi.org/10.64252/8j67x108,International Journal of Environmental Sciences,https://theaspd.com/index.php/ijes/article/download/10566/7573,"Climate change is becoming more and more unstable in terms of urban infrastructure, as floods are becoming one of the most disruptive risks. This paper explores how urban systems are affected by climate change using a mixed-method design, which combines long-term data on floods with comparative case studies. Quantitative data were used to reveal time and space trends of vulnerability using the India Flood Inventory-Impacts (1967- 2023), and qualitative data were informed by the 2015 Chennai floods and the 2016 Copenhagen Cloudburst Management Plan. The analysis of the dataset showed that the frequency of floods dramatically increased, and nowadays there are more than 2,200 floods every year, whereas in the 1960s, there were fewer than 50. District-level analysis identified Patna, Murshidabad, and Thane to be the most susceptible to floods, with high values of the District Flood Susceptibility Index (DFSI) to indicate repetition of infrastructure strains. Correlation analysis showed that higher percentages of flooded areas are linked to higher human deaths, which is a systemic vulnerability of urban drainage and transport systems. The case studies highlighted divergent paths: Chennai was the illustration of failure because of poor planning and uncontrolled growth, whereas Copenhagen was the example of the advantages of the proactive hybrid solutions that are green and grey. These results indicate that resilient civil engineering should be developed in the direction of adaptive"
W2765996682,B9,10,2017,74,Christos Giannaros,A comprehensive approach for the simulation of the Urban Heat Island effect with the WRF/SLUCM modeling system: The case of Athens (Greece),https://doi.org/10.1016/j.atmosres.2017.10.015,Atmospheric Research,,
W7127099333,B9,10,2026,0,Maddalena Buffoli,Urban Heat Exposure and Demographic Susceptibility Assessment Under Extreme Heat Conditions: The Case of Milan,https://doi.org/10.3390/cli14020044,Climate,https://www.mdpi.com/2225-1154/14/2/44/pdf?version=1770041834,"Rapid urbanization and global warming are amplifying heat-related health risks, particularly for vulnerable age groups. This study develops an open-source risk assessment framework that uses big data from remote sensing, land use, and population datasets to evaluate heat-related health risks. The framework integrates indicators of green infrastructure, Land Surface Temperature (LST), and demographic vulnerability to identify areas of increased health risk. Milan (Italy) was used as the case study for the application to test the methodology and validate its capacity to detect spatial correlations between Surface Urban Heat Island (Surface UHI) intensity and concentrations of sensitive population groups (children aged 0–5 and elderly aged 65+). The results highlight distinct spatial inequalities in heat exposure and health vulnerability, confirming the method’s potential to support climate adaptation and public health planning. By relying entirely on open-access data and tools, this approach offers a replicable and scalable model for assessing climate-related health risks and informing evidence-based strategies that can support public administrations to visualize risk, prioritize interventions, and enhance urban resilience."
W4310714441,B9,10,2022,44,Gabriele Battista,Space-time estimation of the urban heat island in Rome (Italy): Overall assessment and effects on the energy performance of buildings,https://doi.org/10.1016/j.buildenv.2022.109878,Building and Environment,,
W7155119045,B9,10,2026,0,Brigitte Nerlich,The destructive force of nature and the constructive force of community:Social representations of the 2024 Valencia floods,,University of Brighton Repository (University of Brighton),,"Extreme weather events, such as floods, are becoming more frequent and severe due to climate change and they now affect people in places that had not experienced them before. How do people cope with such events? How do they talk about them? Social scientists and linguists have studied the language, especially metaphors, used in relation to these events for some time. This study contributes to this tradition by comparing the social representations that emerged after devastating floods affected two Western European countries, Spain in 2024 and Germany in 2021. We find almost no change in overall framing of the floods. The Spanish floods, like the floods in Germany, were still framed as malevolent human or animal agents and natural forces leaving behind mud and mayhem. Social representations still portrayed people as helpless in the face of flooding. Alongside these still dominant social representations, a smaller set of metaphors mapped aspects of floods onto people (rather than the other way round), thus highlighting agency rather than the loss of it. This shifts the focus in social representations from the destructive force of nature onto the constructive force of communities. A question for ecolinguists interested in building resilience into linguistic and political responses to extreme floods remains: how can one talk about and prepare for what people in Germany and Spain still call “the unimaginable”?"
W2979446337,B9,10,2019,105,Nadia Schou Vorndran Lund,Integrated stormwater inflow control for sewers and green structures in urban landscapes,https://doi.org/10.1038/s41893-019-0392-1,Nature Sustainability,https://backend.orbit.dtu.dk/ws/files/195895438/NS_ISIC_nalu_postprint.pdf,
W2464323876,B9,11,2010,8,Ioannis A. Daglis,Results of the DUE Thermopolis Campaign with Regard to the Urban Heat Island (UHI) Effect in Athens,,ESASP,,"The Urban Heat Island (UHI) effect is a typical phenomenon of urban climate, where the temperature of central urban locations is several degrees higher than that of surrounding rural areas of similar elevation; the temperature difference is especially pronounced during night-time. Although the UHI effect has long been studied through ground-based observations, the possibility of thermal remote sensing using spacecraft and/or airborne platforms has become available only relatively recently, providing innovative ways for the observation and study of the UHI effect. Following an initiative of the European Space Agency (ESA) to improve our understanding of the complexities of how urban heat islands arise, a relevant project entitled “Urban Heat Islands and Urban Thermography” has been under way to study the UHI effect in major European cities through the combination of ground-based observations and spacecraft remote sensing. In this paper we report preliminary results of this project pertaining to the metropolitan area of Athens, Greece, where also airborne remote sensing observations became available through the ESA-funded Thermopolis 2009 campaign, coordinated by the Democritus University of Thrace and implemented by a wide consortium."
W4399321306,B9,11,2024,9,Ozge Ogut,Evaluating the Urban Heat Mitigation Potential of a Living Wall in Milan: One Year of Microclimate Monitoring,https://doi.org/10.3390/land13060794,Land,https://www.mdpi.com/2073-445X/13/6/794/pdf?version=1717492876,"Urban heat island (UHI) mitigation and adaptation are urgent needs in a built environment, which requires us to search for sustainable solutions to limit the urban heat island effect and improve the energy efficiency of building envelopes. Among these solutions, vertical green structures (VGSs) have recently attracted significant attention for their potential to mitigate adverse effects, especially in densely built areas. This study presents a comprehensive data analysis of the microclimate of a living wall in Milan, Italy. Our aim was to evaluate this VGS’s performance in mitigating temperature increases caused by the UHI effect. In the literature, similar studies are limited to shorter monitoring periods (mostly in cooling seasons) and specific orientations (mostly facing south). However, the VGS presented in this case study here faces northwest and was continuously monitored for one calendar year. During this continuous in situ monitoring campaign, air temperature data from sensors either embedded in vegetation or exposed on a bare wall were collected and analysed over a whole calendar year, which is a novelty compared to the existing literature focused on VGSs due to the long duration. The findings indicate that the studied VGS has the ability to influence the outdoor microclimate depending on the season, the precipitation events, the wall exposure, the type of vegetation, and the vegetation’s phenological attributes. The analysis showed that the VGS consistently maintain"
W4388223434,B9,11,2023,32,Annalisa Di Bernardino,"Effect of heatwaves on urban sea breeze, heat island intensity, and outdoor thermo-hygrometric comfort in Rome (Italy)",https://doi.org/10.1016/j.uclim.2023.101735,Urban Climate,,"The purpose of this study is to investigate the impact of heatwaves on sea breeze, urban heat island intensity, and outdoor thermo-hygrometric comfort analysing ground-based remote sensing and in-situ meteorological measurements collected in a Mediterranean coastal metropolitan area (Rome, Italy) during the summer of 2022. The dataset (01 May - 31 August 2022) has been divided into heatwaves and not-heatwaves days to highlight the distinctive features of extreme heat episodes. Furthermore, the year 2022 was compared to 2020, the latter having been characterised by temperatures in line with the last two-decades. The heatwaves do not significantly affect the onset time and the duration of sea breeze, while its cooling effect intensifies during the heatwaves. The urban heat island intensity (UHII) is evaluated by computing the hourly-averaged air temperature difference between two stations, one in the urban centre and the other in rural surroundings. Although the daily-averaged UHII does not show significant differences among the years under investigation and the subsets, marked differences can be identified in the urban heat island daily cycle. In fact, during daytime the highest temperatures are detected in rural inland areas while, at night, the city experiences higher temperatures, especially during the heatwaves. Finally, the Mediterranean outdoor comfort index suggests that a heatwave seems to be a not sufficient condition for human thermo-hygrometric stress, even if stron"
W4411570639,B9,11,2025,18,Ignacio Castro-Melgar,Assessment of the October 2024 Cut-Off Low Event Floods Impact in Valencia (Spain) with Satellite and Geospatial Data,https://doi.org/10.3390/rs17132145,Remote Sensing,,"The October 2024 cut-off low event triggered one of the most catastrophic floods recorded in the Valencia Metropolitan Area, exposing significant vulnerabilities in urban planning, infrastructure resilience, and emergency preparedness. This study presents a novel comprehensive assessment of the event, using a multi-sensor satellite approach combined with socio-economic and infrastructure data at the metropolitan scale. It provides a comprehensive spatial assessment of the flood’s impacts by integrating of radar Sentinel-1 and optical Sentinel-2 and Landsat 8 imagery with datasets including population density, land use, and critical infrastructure layers. Approximately 199 km2 were inundated, directly affecting over 90,000 residents and compromising vital infrastructure such as hospitals, schools, transportation corridors, and agricultural lands. Results highlight the exposure of peri-urban zones and agricultural areas, reflecting the socio-economic risks associated with the rapid urban expansion into flood-prone plains. The applied methodology demonstrates the essential role of multi-sensor remote sensing in accurately delineating flood extents and assessing socio-economic impacts. This approach constitutes a transferable framework for enhancing disaster risk management strategies in other Mediterranean urban regions. As extreme hydrometeorological events become more frequent under changing climatic conditions, the findings underscore the urgent need for integrating remote se"
W2768879285,B9,11,2017,16,Sara Maria Lerer,Integrated Hydrological Model-Based Assessment of Stormwater Management Scenarios in Copenhagen’s First Climate Resilient Neighbourhood Using the Three Point Approach,https://doi.org/10.3390/w9110883,Water,https://www.mdpi.com/2073-4441/9/11/883/pdf,"The city of Copenhagen currently pursues a very ambitious plan to make the city ‘cloudburst proof’ within the next 30 years. The cloudburst management plan has the potential to support the city’s aim to become more green, liveable, and sustainable. In this study, we assessed stormwater system designs using the Three Point Approach (3PA) as a framework, where an indicator value for each domain was calculated using state-of-the-art modelling techniques. We demonstrated the methodology on scenarios representing sequential enhancements of the cloudburst management plan for a district that has been appointed to become the first climate resilient neighbourhood in Copenhagen. The results show that if the cloudburst system is exploited to discharge runoff from selected areas that are disconnected from the combined sewer system, then the plan leads to multiple benefits. These include improved flood protection under a 100-years storm (i.e., compliance with the new demands in domain C of the 3PA), reduced surcharge to terrain under a 10-years storm (i.e., compliance with the service goal in domain B of the 3PA) and an improved yearly water balance (i.e., better performance in domain A of the 3PA)."
W2777599857,B9,12,2017,33,C. Georgakis,Determination of the Surface and Canopy Urban Heat Island in Athens Central Zone Using Advanced Monitoring,https://doi.org/10.3390/cli5040097,Climate,https://www.mdpi.com/2225-1154/5/4/97/pdf?version=1513759757,"The present study aims to present all the findings of micro-climate measurements that were performed by the University of Athens in the center of Athens, during the summer period. The extended experimental campaign aimed to collect thermal and air flow measurements, in different measuring points along a main street in the city center, in order to estimate the surface and canopy heat island intensity. In this work, the methodology of collecting the data, the experimental procedure, the equipment used, and lastly, the results are being presented. Comparison with the meteorological conditions that are recorded in the National Observatory of Athens, for the same period, lead to important conclusions about the local microclimate in the center of Athens and specifically the magnitude of the heat island effect. Particularly, in the denser area of the city after midday, air temperature increases reaching values up to 5 degrees higher than the one recorded in the suburban area. On the contrary, early in the morning the air temperature of the “green area” of the city was found to be lower up to 2 degrees than the corresponding in the suburban area."
W4399715671,B9,12,2024,18,Alexandra Hurduc,Importance of temporal dimension and rural land cover when computing surface urban Heat Island intensity,https://doi.org/10.1016/j.uclim.2024.102013,Urban Climate,,"Surface urban heat islands (SUHI) translate the difference in surface temperature between urban and surrounding rural regions. This study makes use of geostationary remote sensing data (Meteosat Second Generation) rather than polar orbiting satellites, taking advantage of its higher temporal resolution. Three cities were selected: Paris, Madrid and Milan. This allowed studying both the seasonal and diurnal cycles of SUHI. The SUHI is here computed with reference to the agricultural and forest rural land covers, and the two combined. We found that for a generic rural background, the SUHI maximum occurs at 12/20/12 UTC in spring/spring/summer with values of 3.1/1.6/4.0 °C for Paris/Madrid/Milan. Secondary peaks of SUHI are also sometimes found during the nighttime in the cities of Paris and Milan. Our results highlight the need for understanding the diurnal variability of SUHI throughout the year, considering the different city surroundings. It is found that for the same urban temperature, different SUHI intensities can occur when varying the rural cover reference. Also, for the same urban temperatures, neither SUHI intensity, nor its diurnal cycle is constant throughout the year, emphasizing the need for high temporal resolution datasets in SUHI studies. • Geostationary satellites allow the study of both seasonal and diurnal cycles of surface urban heat islands at an hourly rate. • Diurnal pattern of surface urban heat island is not constant throughout the year. • For the same"
W2045452009,B9,12,2009,0,Francesca Katherine de'Donato,A Methodological Approach for the Definition of the Urban Heat Island in Rome and Possible Use for the Evaluation of the Impact of Heat waves on Mortality,https://doi.org/10.1097/01.ede.0000362661.38620.6f,Epidemiology,,"ISEE-0666 Background: High temperatures have an impact on health however, few studies have addressed the heterogeneity in the impact within urban areas. Ambient temperatures vary considerably within cities and this phenomenon is typically known as urban heat island (UHI). The objective of the present study was to define the UHI in Rome using satellite data and ambient temperatures during summer. The UHI indicator can be used to assess the spatial variation in the impact of heat on health within the urban area of Rome. Methods: AATSR satellite data for the period 2003–2006 were used to define the UHI in Rome with a spatial resolution of 1 km × 1 km. The urban area of Rome covers about 300km2. Cloud-free days were derived combining satellite data and cloud cover observations. A regression model was developed to derive air temperatures from land surface temperatures (LST) for all the urban area. The UHI intensity was calculated as difference between rural and urban temperature values during the evening. Results: The UHI phenomenon identified in Rome was similar in all the 60 cloud-free days considered, suggesting the robustness of our indicator. The warmest areas were concentrated around the urban core extending to the east of the city, with LST values on average +2–3°C higher than the rural area. The UHI indicator accurately discriminated the cooler vegetated areas within the city. This indicator was used to analyze the differential impact of heat on mortality during heat waves"
W7206156605,B9,12,2026,0,B. López Pérez,Ocular dirofilariasis after the Valencia floods “DANA” 2024. A case report: From eyelid to conjunctiva,https://doi.org/10.1016/j.oftale.2026.502650,Archivos de la Sociedad Española de Oftalmología (English Edition),,
W3104516691,B9,12,2020,23,Charles Axelsson,Urban policy adaptation toward managing increasing pluvial flooding events under climate change,https://doi.org/10.1080/09640568.2020.1823346,Journal of Environmental Planning and Management,,"Climate change is increasing the frequency and intensity of heavy rainfall events. In urban areas, these cloudbursts cause localized flooding and disrupt urban life. However, there is no universal method for urban rainfall adaptation. Here, we demonstrate that while six developed cities; New York City, Vancouver, Sydney, Auckland, Copenhagen and Amsterdam, each present a different management approach toward cloudburst events, these six cities also use a mixture of five common policy alternatives to manage stormwater runoff. Thus, while individual cities might pursue different management approaches toward pluvial flooding, the repetition of the policy alternatives across these six cities indicates the foundation of a global consensus toward the policy adaptation techniques available. As climate change continues to impact our urban environments, it is important to identify and understand policy tools for effective adaptation, ensuring knowledge can be transferred across all cities facing an unpredictable future."
W4389264087,B9,13,2023,12,Nikolaos Roukounakis,"High Resolution WRF Modelling of Extreme Heat Events and Mapping of the Urban Heat Island Characteristics in Athens, Greece",https://doi.org/10.3390/su152316509,Sustainability,https://www.mdpi.com/2071-1050/15/23/16509/pdf?version=1701521697,"In recent decades, large-scale urbanisation has developed rapidly, resulting in significant changes in the local and regional environment and climate. Large metropolitan areas worldwide induce significant changes in local atmospheric circulation and boundary layer meteorology by modifying the underlying surface characteristics and through the emission of anthropogenic heat and pollutants into the atmosphere. We investigate the urban heat island (UHI) characteristics in the city of Athens, Greece, which is one of Europe’s largest metropolitan complexes with a population of approximately 3.7 million inhabitants. The UHI effect is intense due to the city’s size, dense construction, high incident solar radiation, and almost complete lack of natural vegetation, with previous studies suggesting a temperature rise of 4 °C on average in the city centre compared to summer background conditions. We used high-resolution WRF simulations (1-km horizontal grid) driven with ERA5 reanalysis data to produce surface temperature maps in the city of Athens and the surrounding areas (Region of Attiki) during the summer period of 1 July–20 August 2021. Different model parameterizations were tested, both with respect to urban characteristics and physical parameters. The daily minimum and maximum temperatures (Tmin and Tmax) derived from the model were validated against observational data from a dense network of weather stations covering metropolitan Athens and surrounding locations. We further inve"
W4416810091,B9,13,2025,5,Antonio Esposito,A multi-city statistical modelling of surface urban heat island: Application to Italian cities,https://doi.org/10.1016/j.uclim.2025.102717,Urban Climate,,"Surface urban heat island intensity (SUHII) is a key indicator of thermal patterns in urban environments, determined by complex interactions between land use, morphology and climate conditions. This study presents and applies a predictive framework to assess SUHII in four Italian cities (Lecce, Bari, Milan and Turin) using satellite data of land surface temperature (LST), urban morphological parameters and advanced statistical modelling. More than 1000 Sentinel-3 images of summer periods (June, July and August) for the years 2022 and 2023 were processed to assess daytime and nighttime SUHII. Multiple linear regression analyses, supported by variance inflation factor (VIF) filtering and residuals diagnostics, revealed that impervious surface fraction (ISF), leaf area index (LAI) and albedo were the most influential predictors. The results showed significant spatial and temporal variability in SUHII, with Milan and Turin showing pronounced heat accumulation, especially at night, while Lecce and Bari showed lower or negative diurnal SUHII. Generalized regression models were developed based on multidimensional scaling (MDS) and SIMPER analysis. Scenario testing in Milan indicated that increasing LAI and surface albedo can reduce SUHII by up to 1 °C. The proposed statistical model is scalable, computationally efficient and well-suited for urban-scale applications, making it a practical tool for mapping and analyzing SUHII patterns in diverse city contexts. • ISF, LAI, and albedo f"
W3113009603,B9,13,2020,48,Alessandro Sebastiani,Mismatch of regulating ecosystem services for sustainable urban planning: PM10 removal and urban heat island effect mitigation in the municipality of Rome (Italy),https://doi.org/10.1016/j.ufug.2020.126938,Urban forestry & urban greening,,
W7117113650,B9,13,2025,6,José Giner Pérez de Lucía,Harnessing social sensing for real-time flood event reconstruction: A digital autopsy of the 2024 Valencia DANA,https://doi.org/10.1016/j.ijdrr.2025.105966,International Journal of Disaster Risk Reduction,,"Extreme rainfall and flash-flood events in the Western Mediterranean pose persistent challenges for real-time monitoring and emergency response. Traditional hydrometeorological networks often provide limited spatiotemporal coverage during rapidly evolving events, leading to localized blind spots. This study reconstructs the impacts of the October 2024 catastrophic floods in Valencia using more than 156,000 geolocated messages from X (formerly Twitter) as a form of social sensing. These citizen-generated data were integrated with hydrological and hydraulic modeling to contextualize reported flood dynamics and response gaps. Advanced Natural Language Processing (NLP) techniques were applied to extract spatiotemporal patterns of public perception, emergency reactions, and infrastructure disruptions. In addition, a Retrieval-Augmented Generation (RAG) system was implemented to transform unstructured messages into structured event summaries, providing actionable insights during the disaster window. The analysis revealed a clear temporal alignment between social media activity and flood progression, with online reporting peaking shortly after critical impact thresholds. Cross-validation with hydrological simulations confirmed the potential of social sensing to detect localized effects often missed by conventional monitoring, while also exposing the limitations of relying solely on proxy digital traces. Overall, the Valencia case demonstrates the feasibility of integrating human-sen"
W2906864164,B9,13,2018,1,Claudia-Daniela ALBĂ,Urban hydrography and Bluespots map of Craiova (Romania),https://doi.org/10.2298/ijgi181009008a,Journal of the Geographical Institute Jovan Cvijic SASA,http://www.doiserbia.nb.rs/ft.aspx?id=0350-75991803321A,"The global climate change imposes new strategies of prevention and protection against the effects of urban flooding. The main goal of this paper is the identification of areas exposed to flooding risk in the Craiova city, and the study was structured in two sections. In the first part we aimed to identify the changes of the hydrography in the Craiova city from the beginning of its urban expansion and the hydrotechnical works realized for flooding protection from the 19th century until now. The reconstruction of the hydrography was based on the cartographic documents elaborated since the second half of the nineteenth century and on the previous research concerning the city’s design, water supply and sewage system. In the second part we realized a Bluespots map comprised of the areas and the buildings possibly exposed to the risk of flooding during heavy rainfall periods. The Bluespots map was automatically obtained with the Cloudburst extension of ArcGIS, being based on DEM data and the cadastral map of the city, after a method firstly applied by the Danish government to assess flood risk areas due to Cloudburst phenomena in Copenhagen."
W7163518732,B9,14,2026,0,Nikos Kordalis,Surface Urban Heat Island Effect in Athens: A Comprehensive Analysis of Spatial and Temporal Patterns,https://doi.org/10.13140/rg.2.2.20561.70249,,,
W4412806961,B9,14,2025,1,Angelly de Jesus Pugliese Viloria,Simulating the effect of Nature-based Solutions as a mitigation tool for Urban Heat Islands,https://doi.org/10.5194/isprs-archives-xlviii-g-2025-1229-2025,"The international archives of the photogrammetry, remote sensing and spatial information sciences/International archives of the photogrammetry, remote sensing and spatial information sciences",,"Abstract. The Urban Heat Island (UHI) effect is a phenomenon that typically occurs in areas with dense infrastructure and limited vegetation. Nature-based solutions (NbS) have been proposed to mitigate the effects of climate change and have been proved to reduce the frequency of its hazards. Therefore, this research examines how UHIs are influenced by the simulated implementation of NbS. The area of interest (AOI) of this study is the city of Milan in Northern Italy and the purpose of this research is two-fold. First, to train machine learning (ML) models to predict Surface UHI (SUHI) susceptibility and intensity, and their corresponding SUHI maps, based on land cover, Land Surface Temperature (LST), Normalised Difference Vegetation Index (NDVI), Normalised Difference Built-up Index (NDBI) and other ancillary data. Afterwards, the produced SUHI intensity ML model was re-evaluated to analyse the expected behaviour of simulated NbS, specifically for green roofs and parks. The NDVI, NDBI, and albedo of the simulated vegetation areas were changed to the average values of the urban vegetation in the City of Milan, 0.57, −0.17, and 0.15 respectively. The SUHI statistics of the specific areas of change were analysed pre and post simulation. The results showed that green roofs have the potential to lower SUHI intensity by 5 degrees Kelvin. The proposed methodology can be extended to simulate multiple scenarios based on specific needs."
W3194107329,B9,14,2021,1,Gabriele Battista,Analysis of the Urban Heat Island in Rome (Italy): Extent and Effects on the Building Energy Performance Simulations,https://doi.org/10.18280/ti-ijes.652-405,TECNICA ITALIANA-Italian Journal of Engineering Science,https://www.iieta.org/download/file/fid/58744,"It is well known that the building sector is one of the main responsible for energy consumption in the current global energy scenario.In this context, the concept of efficient buildings passes through newly built and retrofitted constructions.Thus, buildings energy software become essential tools for achieving energy savings, designing the so-called green buildings, and evaluating different energy retrofit solutions for the building stock.However, climate change and its effects on buildings energy performance represent a critical issue.Therefore, the aim of this study is to evaluate the climatic conditions in Rome and its surroundings, estimating the occurrence of the Urban Heat Island (UHI) phenomenon.Consequently, meteorological data obtained from two airports near the city and those recorded for two years in a densely built neighborhood of Rome were examined and compared.In addition, the differences among weather data, also taking into consideration UNI 10349, were highlighted.Then, TRNSYS software was used for creating a simple building, in order to evaluate the effects of different climatic boundary conditions on building energy performance, in terms of heating and cooling energy demands."
W7212350490,B9,14,2026,0,Leire Salazar,"Prenatal exposure to maternal stress during the 2024 floods in Valencia, Spain, and risk of prematurity",https://doi.org/10.1016/j.socscimed.2026.119828,Social Science & Medicine,,"Pregnancy is a period of heightened susceptibility to external insults. In October 2024, an unprecedented torrential rain (DANA) struck South-East Spain. Concentrated in just a few hours and specific areas, it triggered severe flooding that caused 238 casualties and extensive property damage -the most devastating natural disaster in Europe so far in the 21st century. Using a Difference-in-Differences framework and administrative microdata on pre- and post-disaster births, in this study we analyse whether pregnant mothers who were exposed to the floods were more likely than those unexposed to deliver babies with poorer health outcomes. We also analyse dose-response patterns and test whether mothers in more exposed areas experienced heightened risks. Focusing on prematurity as an indicator of perinatal health that captures key social and physiological mechanisms at work, particularly stress, we find that babies exposed to the floods in utero at the final stages of gestation experienced significantly worse outcomes. These results provide new evidence of the intergenerational consequences of maternal stress triggered by acute natural disasters."
W4291383506,B9,14,2022,28,Dominic Matte,On the Potentials and Limitations of Attributing a Small‐Scale Climate Event,https://doi.org/10.1029/2022gl099481,Geophysical Research Letters,https://onlinelibrary.wiley.com/doi/pdfdirect/10.1029/2022GL099481,"Abstract Intense convective storms can be hazardous when occurring over large populated cities. In a changing climate, decision makers and the general public increasingly need to be able to better understand if and to what extent these storms are influenced by anthropological climate change and what to expect as climate continues to warm. Unfortunately due to their limited ability to resolve small‐scale features in models, convective storms remain a challenge to the modeling community. Here, we use a forecast‐ensemble based method using a convection permitting model with full data‐assimilation, to assess the risk of exceeding certain precipitation thresholds related to a critical cloudburst event that occurred over Copenhagen, Denmark. Our results show that this set‐up is representing well the overall observed intensities. By adapting a pseudo‐global warming approach, we show that both the risk for flooding and the risk for reaching unprecedented precipitation intensity increases resulting from further warming."
W1901404526,B9,15,2015,10,Glykeria Loupa,"Energy flux parametrization as an opportunity to get Urban Heat Island insights: The case of Athens, Greece (Thermopolis 2009 Campaign)",https://doi.org/10.1016/j.scitotenv.2015.10.056,The Science of The Total Environment,,
W4416718392,B9,15,2025,0,Maria Antonia Brovelli,Remote Sensing and Machine Learning for Urban Air Quality and Heat Island Monitoring,https://doi.org/10.5194/isprs-archives-xlviii-4-w14-2025-3-2025,"The international archives of the photogrammetry, remote sensing and spatial information sciences/International archives of the photogrammetry, remote sensing and spatial information sciences",https://isprs-archives.copernicus.org/articles/XLVIII-4-W14-2025/3/2025/isprs-archives-XLVIII-4-W14-2025-3-2025.pdf,"Abstract. This study presents a dual-strategy approach to monitor urban environmental stressors, conducted within the ASI-MUR-funded Space It Up! project, focusing on atmospheric pollution and the urban heat island (UHI) effect. First, we developed a scalable machine learning (ML) framework for estimating ground-level concentrations of NO2, SO2, and CO in Milan using Sentinel-5P satellite data, ERA5 reanalysis, CAMS forecasts, and ARPA Lombardia ground measurements. Data preprocessing pipelines were optimized by switching to Google Earth Engine, reducing retrieval times and enabling operational scalability. Despite known satellite retrieval limitations in winter months for SO2, model performance remained robust, with normalized RMSE values consistently below 0.85. For CO, a Deep Attention Network achieved the best results (NRMSE = 0.4879), demonstrating the adaptability of the framework across pollutants. Additionally, a comparative analysis of low-cost air quality sensors showed high performance from AirGradient devices, particularly for PM2.5 and temperature, though significant inter-brand discrepancies were observed for CO2. Second, we implemented an advanced LCZ classification method integrating hyperspectral PRISMA imagery, Sentinel-2 data, and urban canopy parameters (UCPs). Applied to the Metropolitan City of Milan, the proposed workflow achieved substantial improvements over existing methods, with an overall accuracy increase up to 16% when utilizing PRISMA data compa"
W4380359941,B9,15,2023,46,Tiziana Susca,Building integrated vegetation effect on micro-climate conditions for urban heat island adaptation. Lesson learned from Turin and Rome case studies,https://doi.org/10.1016/j.enbuild.2023.113233,Energy and Buildings,,"The proposed study investigates the effect of urban heat island mitigation scenarios by applying extensive green roofs, green façades, and living walls to two built areas within Turin and Rome, Italy. Three mitigation scenarios and a baseline one have been developed in ENVI-met software for each built area and run for a typical winter day, summer day, and summer day with a heat wave. The simulation results show that building integrated vegetation technology-application on a single building has an irrelevant effect on local temperatures; contrariwise, building integrated vegetation technology-wide application can effectively mitigate urban warming. Furthermore, the effect of green roofs and green walls on urban temperature is negligible in winter, likely because of the limited plant activity and the reduced amount of incoming solar radiation. Results also show that green façades are more effective than green roofs in mitigating pedestrian-level air temperature when installed on high-rise buildings, and green walls are more beneficial in mitigating summer urban heat island when installed in canyons parallel to wind direction than in perpendicular ones. Depending on the mitigation scenario, average decreases in urban temperatures up to 1 °C can be reached in the whole selected built area, alleviating urban warming."
W4414309195,B9,15,2025,1,Yves Julien,Emergency mapping of mud extent in the context of October 29th 2024 flash floods in Valencia,https://doi.org/10.62880/rars25005,Recent advances in remote sensing.,https://www.recentadvancesin.com/wp-content/uploads/2025/09/rars25005.pdf,"Natural events become disasters when they affect human populations, demanding a rapid, coordinated response supported by accurate geospatial information. Satellite remote sensing (RS) is essential for providing timely and scalable data, especially during flood events where early warning systems, rapid mapping, and post-event analysis are critical. This study focuses on the flash floods that struck València on October 29, 2024. The Image Processing Laboratory and the Department of Geography at the University of València collaborated to collect and analyse data from both citizen science and remote sensing sources. Copernicus Emergency Management Service (CEMS) maps were validated and refined using ground-level reports. A novel mud mapping approach was developed using Sentinel-2 imagery to assess post-flood impacts, offering a wide-scale, synoptic view of the affected areas. The study demonstrates the value of integrating remote sensing and citizen data for effective disaster response and flood impact assessment."
W3020197462,B9,15,2020,55,Nadia Schou Vorndran Lund,CSO Reduction by Integrated Model Predictive Control of Stormwater Inflows: A Simulated Proof of Concept Using Linear Surrogate Models,https://doi.org/10.1029/2019wr026272,Water Resources Research,https://onlinelibrary.wiley.com/doi/pdfdirect/10.1029/2019WR026272,"Abstract Combined sewer overflows (CSO) of mixed stormwater and wastewater pollute nearby receiving surface waters and pose a risk to the environment and human health. We use “integrated stormwater inflow control” to mitigate CSO by dynamically controlling the inflow of stormwater to the combined sewer system in real time, expanding the physical space of traditional real‐time control. This control is carried out with model predictive control (MPC), which we base on convex optimization including a linear internal surrogate model of the controllable aboveground and belowground infrastructure. A detailed hydrodynamic model is used to evaluate the results and recursively initialize the surrogate model. MPC dynamically decides when to let stormwater enter the sewer system and when to store and convey excess stormwater in the aboveground infrastructure otherwise intended for passive cloudburst management. The performance was quantified in a simulation study in Copenhagen, Denmark, using a 1‐D distributed hydrodynamic model and 32 rain events from 2016, of which 18 caused CSO in the situation without control. Four of the 18 CSO events were avoided with MPC, and the total CSO volume was reduced by 98.4% of the potential reducible volume. For one event, stormwater was unnecessarily kept on the surface because the surrogate model wrongly predicted a CSO. The computational cost was in all cases compatible with an operational implementation. With the invention of proper actuators for con"
W3034922566,B9,16,2020,30,Tim van der Schriek,Projected Future Temporal Trends of Two Different Urban Heat Islands in Athens (Greece) under Three Climate Change Scenarios: A Statistical Approach,https://doi.org/10.3390/atmos11060637,Atmosphere,https://www.mdpi.com/2073-4433/11/6/637/pdf?version=1592373845,"This is the first study to look at future temporal urban heath island (UHI) trends of Athens (Greece) under different UHI intensity regimes. Historical changes in the Athens UHI, spanning 1971–2016, were assessed by contrasting two air temperature records from stable meteorological stations in contrasting urban and rural settings. Subsequently, we used a five-member regional climate model (RCM) sub-ensemble from EURO-CORDEX with a horizontal resolution of 0.11° (~12 × 12 km) to simulate air temperature data, spanning the period 1976–2100, for the two station sites. Three future emissions scenarios (RCP2.6, RCP4.5, and RCP8.5) were implanted in the simulations after 2005 covering the period 2006–2100. Two 20-year historical reference periods (1976–1995 and 1996–2015) were selected with contrasting UHI regimes; the second period had a stronger intensity. The daily maximum and minimum air temperature data (Tmax and Tmin) for the two reference periods were perturbed to two future periods, 2046–2065 and 2076–2095, under the three RCPs, by applying the empirical quantile mapping (eqm) bias-adjusting method. This novel approach allows us to assess future temperature developments in Athens under two UHI intensity regimes that are mainly forced by differences in air pollution and heat input. We found that the future frequency of days with Tmax > 37 °C in Athens was only different from rural background values under the intense UHI regime. Thus, the impact of heatwaves on the urban envi"
W3080450748,B9,16,2020,77,Silvia Ronchi,Which urban design parameters provide climate-proof cities? An application of the Urban Cooling InVEST Model in the city of Milan comparing historical planning morphologies,https://doi.org/10.1016/j.scs.2020.102459,Sustainable Cities and Society,,
W7200321401,B9,16,2026,0,Zaman Sumaiya,"The Urban Heat Island: Increasing Temperature Trends in Central European Cities (Vienna, Rome & Zagreb)",,University of Debrecen Electronic Archive (University of Debrecen),,
W7117407053,B9,16,2025,0,Masuma Chowdhury,Monitoring and quantifying of water turbidity in the Albufera of Valencia during the 2024 flood using a machine learning model,https://doi.org/10.7203/cguv.114-15.32257,Cuadernos de Geografía de la Universitat de València,https://turia.uv.es/index.php/CGUV/article/download/32257/34049,"Monitoring turbidity during flood events is vital for assessing the extent of water contamination, understanding sediment transport dynamics, and guiding emergency response efforts to mitigate ecological damage and health risks. In this study, we aim to evaluate the application of a global turbidity model, developed using Sentinel-2 satellite data and machine-learning techniques, to map and monitor turbidity during the October 2024 flood event in Valencia, Spain. The model has been developed based on a comprehensive dataset including hyperspectral in situ measurements, turbidity data, and Sentinel-2 observations, enabling robust estimation across a wide range of turbidity levels (0-2500 FNU). The gradient boosting model used outperformed other techniques, achieving high accuracy in turbidity prediction. The model has been validated across diverse optical water types and water bodies (rivers, lakes, estuaries, and coastal oceans), demonstrating its versatility and scalability. The proposed application of this global model to the Valencia flood provides valuable insights into the spatial extent and severity of turbidity variations, sediment transport, and water quality degradation during the event. This study highlights the potential of combining satellite observations with advanced machine-learning models for real-time environmental monitoring, offering critical tools for disaster response and water resource management."
W7162186984,B9,16,2026,0,Michael C. Agbazuruwaka,Circular Urban Planning and Climate Adaptation,https://doi.org/10.5281/zenodo.20357801,Zenodo (CERN European Organization for Nuclear Research),,"Abstract Climate change is forcing cities to rethink the relationship between infrastructure, public space, water, mobility, housing, and ecological systems. Urban planning can no longer rely on older assumptions that drainage networks, flood defenses, zoning rules, and emergency response systems are sufficient for the scale and frequency of contemporary climate risk. Heavier rainfall, rising seas, heat stress, storm surges, and urban flooding now require cities to become adaptive systems rather than fixed physical settlements. This paper examines circular urban planning and climate adaptation through a comparative case study of Copenhagen and Rotterdam. Copenhagen is studied for its cloudburst planning, blue-green infrastructure, and redesign of public space to manage extreme rainfall. Rotterdam is studied for its water-resilience tradition, flood-risk governance, spatial adaptation, and integration of urban design with water management. The paper argues that climate-adaptive urban planning becomes effective when circular design, water-sensitive infrastructure, public space, ecological function, and risk governance are integrated into one planning framework. Adaptation cannot be limited to hard infrastructure or emergency response. Cities must create landscapes, streets, parks, plazas, drainage corridors, waterfronts, and mobility systems that absorb water, reduce heat, support biodiversity, and maintain social life under changing climate conditions. Circular planning streng"
W4200289357,B9,17,2021,18,Christina Koukelli,"Kinetic Solar Envelope: Performance Assessment of a Shape Memory Alloy-Based Autoreactive Façade System for Urban Heat Island Mitigation in Athens, Greece",https://doi.org/10.3390/app12010082,Applied Sciences,https://www.mdpi.com/2076-3417/12/1/82/pdf?version=1640255864,"The paper explores the potentials of shape memory alloys (SMAs) for the design of autoreactive façade systems without using additional external energy. The exploration is conducted and assessed through the design of a façade concept for the city of Athens in Greece, aiming to improve both the indoor and outdoor environment by means of a kinetic autoreactive system featuring a dual-seasonal function, with a focus on the building’s direct and indirect impact on the urban heat island (UHI) effect. The paper covers a demonstration of the methodology followed, using a feedback-loop logic informed by environmental and energy performance evaluation studies in Grasshopper to optimize the geometry and movement of the shading component. During the façade design process, a comprehensive and systematic computational toolset is being developed, targeted on the abovementioned performance evaluation studies. Through the development and assessment of the façade concept, the objective is to explore the potentials and limitations for the application of autoreactive envelopes in the façade design. At the same time, the aim is to exploit the possibilities and optimization potentials offered through the developed iterative computational workflows, by showcasing the methodology and interoperability logic of the digital tools used for the data interchange."
W4296525220,B9,17,2022,9,Giuseppe Colangelo,A Circulation Weather Type Analysis of Urban Effects on Daily Thermal Range for Milan (Italy),https://doi.org/10.3390/atmos13091529,Atmosphere,https://www.mdpi.com/2073-4433/13/9/1529/pdf?version=1663658624,"We present a first attempt to analyse the effect of a large urban park (Parco Nord Milano—PNM) on the Urban Heat Island (UHI) of the city area of Milan. Specifically, analysis of the effect of three cyclonic and three anticyclonic circulation weather types (CWTs) on the frequency distribution of the daily thermal range (DTR) of five weather stations in Milan shows the stabilizing effect of the city on the DTR when compared with suburban and rural areas, generating a modal class of 4 °C in winter and 9 °C in summer. In parallel, a temperature transect of the urban park Parco Nord Milano was performed by bicycle during a day of anticyclonic summer weather in order to understand the effect of the park on the UHI. This investigation highlighted the homogenization effect on temperatures induced by the thermal turbulence triggered by intense sunshine."
W7154587671,B9,17,2026,1,Marina Pérez-Lara,Flood-derived sludge as a reservoir of viable opportunistic pathogens after the October 2024 DANA in Valencia (Spain),https://doi.org/10.1007/s10123-026-00821-4,International Microbiology,https://link.springer.com/content/pdf/10.1007/s10123-026-00821-4.pdf,"Extreme flooding events generate large volumes of contaminated sludge that may act as environmental reservoirs of viable microorganisms, yet their capacity to harbour viable bacteria with pathogenic potential remains poorly understood. Following the October 2024 DANA event in Valencia (Spain), flood-derived sludge was collected one month after the episode and analysed using enrichment-based culture, molecular detection, and phenotypic characterization. High loads of culturable bacteria (> 10⁶ CFU·g⁻¹ after enrichment) were recovered, with microbial communities dominated by Enterobacterales, together with Aeromonas spp. and Pseudomonas spp., consistent with contamination from sewage overflows and disturbed urban environments. Culture-based approaches did not yield Vibrio spp.; however, weak qPCR signals for Vibrio vulnificus suggest its presence at low abundance and/or in a viable but non-culturable state. Species-level identification revealed the presence of opportunistic pathogenic taxa, including Escherichia coli , Enterobacter cloacae , Salmonella spp. and Aeromonas spp. Functional characterization showed widespread proteolytic activity and biofilm formation among isolates. In selected strains, haemolytic activity, resistance to human serum, and multidrug resistance were also observed. Notably, one E. coli isolate combined multiple virulence-associated traits and antibiotic resistance, highlighting its potential clinical relevance. Overall, these results demonstrate that f"
W2599337527,B9,17,2016,0,Sarah Brudler,Environmental impacts of flood control measures in climate change adaptation strategies,,,,"Because of climatic changes, large investments are needed to keep flood risk at an acceptable level in urban areas. Increasing dimensions of underground sewer systems and retention basins are increasingly supplemented with multi-functional approaches, aimed at managing water locally and/or route it on the surface without harming assets. When evaluating different adaptation approaches, a cost assessment is typically carried out, while environmental impacts usually are not considered. To close this gap, a Life Cycle Assessment (LCA) based method is developed, which allows to quantify environmental impacts of different storm water management strategies. It is tested with two different adaptation strategies for the Nørrebro catchment in Copenhagen, Denmark: A Cloudburst Management Plan (CMP), which uses a multi-functional approach and combines green infrastructure with subsurface pipes, and a Subsurface scenario (SSA), which uses only pipes and underground retention basins. To ensure comparability, flood safety levels for different rain events are defined, which have to be met in both scenarios. The environmental impacts are calculated for eight different categories, including climate change, resource depletion, eutrophication and acidification. The case study shows significantly lower impacts for the multi-functional, green infrastructure CMP, compared to the SSA. Among the installations, those measures which are installed to ensure no water on the surface during rain events wit"
W2184198019,B9,18,2012,0,W. Klemm,"Third Int. Conf. on Countermeasures to Urban Heat Island: Integration of Microclimate-Responsive Design in the Planning of Urban Outdoor Spaces - a Case Study in Athens, Greece",,,,"In the design of outdoor urban spaces microclimate consideration are often relegated in the background compared to other functional, aesthetic and economic design purposes. Even though the necessity of mitigating urban heat and improving thermal comfort is evident, urban microclimate is hardly addressed as design criteria in planning and design processes yet. However, as a consequence of urban expansion and densification and climate change, urban heat and thermal discomfort in urban environments are likely to increase. Therefore, climateresponsive designs should be integrated in on-going urban developments to ensure comfortable living conditions for cities’ inhabitants now and in the future. The landscape architecture and urban planning project “One-step beyond. Re-Think Athens, towards a new city centre” represents such an integrative approach. The study exemplarily describes the process of redesigning urban outdoor spaces in Athens by means of climate-responsive greenery."
W4309463007,B9,18,2022,10,Valentino Sangiorgio,Comparative Analysis and Mitigation Strategy for the Urban Heat Island Intensity in Bari (Italy) and in Other Six European Cities,https://doi.org/10.3390/cli10110177,Climate,https://www.mdpi.com/2225-1154/10/11/177/pdf?version=1668683159,"The presence of higher air temperatures in the city in comparison with the surrounding rural areas is an alarming phenomenon named the urban heat island (UHI). In the last decade, the scientific community demonstrated the severity of the phenomenon amplified by the combination of heat waves. In southern Italy, the UHI is becoming increasingly serious due to the presence of a warming climate, extensive urbanization and an aging population. In order to extensively investigate such phenomenon in several cities, recent research calibrated quantitative indexes to forecast the maximum UHI intensity in urban districts by exploiting multicriteria approaches and open-source data. This paper proposes different mitigation strategy to mitigate the Urban Heat Island Intensity in Bari. Firstly, the research evaluates the absolute max UHI intensity of the 17 urban districts of Bari (a city in southern Italy, Puglia) by exploiting the recent index-based approach IUHII. Secondly, a comparative evaluation of seven European cities (Bari, Alicante, Madrid, Paris, Berlin, Milan and London) is achieved to point out the positives and negative aspects of the different urban districts. In total, the comparison required the analysis of 344 districts of 7 European cities: 17 districts in Bari (Italia); 9 districts in Alicante (Spain); 21 in Madrid (Spain); 80 in Paris (France); 96 in Berlin (Germany); 88 in Milan (Italy) and 33 in London (UK). Finally, the results emphasize some virtuous examples of UH"
W4401964916,B9,18,2024,39,Nour M. Ahmed,"Optimizing human thermal comfort and mitigating the urban heat island effect on public open spaces in Rome, Italy through sustainable design strategies",https://doi.org/10.1038/s41598-024-65794-8,Scientific Reports,https://www.nature.com/articles/s41598-024-65794-8.pdf,"The climate affects how a city's outdoor spaces are utilized. It is more likely that people will use and appreciate public areas designed for pedestrian use, such as parks, squares, streets, and foot-cycle pathways, when they provide a comfortable and healthy environment. A predicted increase in global temperature has made the climate uncomfortable, especially during the summer when heat stress is strengthened and anticipated. This phenomenon is more severe in urban areas, often affected by the Urban Heat Island (UHI) effect. Since the spatial characteristics of a city influence its climate, urban design can be deployed to mitigate the combined effects of climate change and UHI. This research is conducted to study the UHI effect on thermal comfort in an urban open space in Rome (Italy) and aims at identifying and implementing a methodology that urban designers can follow to reduce the impact of urban heat islands and increase thermal comfort in urban outdoor space. This study is based on an urban design concept adopting the Sustainable Development Goals as guidelines; it investigates how UHI's effect affects the use of public space and examines the influence of urban microclimatic conditions on the thermal perception of users through PET, PMV and PPD values, that were assessed through simulations with ENVI-MET software. The study thus proposes a redesign for the site in Rome, with a masterplan based on sustainable design principles, aimed at improving the microclimatic condit"
W7212310314,B9,18,2026,0,Priscila Espinosa,Modelling regional economic resilience to climate disasters: A recovery forecasting framework illustrated by the 2024 Valencia floods,https://doi.org/10.1007/s00168-026-01548-w,The Annals of Regional Science,https://link.springer.com/content/pdf/10.1007/s00168-026-01548-w.pdf,"Abstract The floods that struck the Valencian region (Spain) in October 2024 illustrate how climate change is intensifying extreme weather events in Mediterranean flood-prone areas, challenging regional economic resilience. This disaster, which resulted in numerous fatalities and extensive infrastructure damage, disrupted supply chains across a region already vulnerable due to decades of urban and industrial development in the area. Drawing on regional economic resilience theory and recovery curve methodologies, we present a near-real-time (early post-disaster) framework for promptly assessing climate disaster impacts on regional economic growth, based on post-event damage and administrative data and designed to be operational within weeks of the event using readily available information. Our approach combines sectoral recovery dynamics with worker-level impact data to update GDP growth forecasts, addressing a critical gap in disaster response capabilities for increasingly climate-vulnerable regions. Applied to the Valencia floods, our methodology projects differential sectoral resilience patterns: under the assumed sector-specific recovery functions, construction shows rapid recovery due to reconstruction demand, whereas agriculture shows prolonged vulnerability reflecting the sector’s exposure to climate risks. Compared to pre-flood forecasts, results indicate economic contractions of up to 0.2 percentage points in 2024 and 2025, followed by a policy-supported rebound addin"
W2092021318,B9,19,2007,176,M. Santamouris,"Estimating the ecological footprint of the heat island effect over Athens, Greece",https://doi.org/10.1007/s10584-006-9128-0,Climatic Change,,
W7212034919,B9,19,2026,0,Eleonora Filira,An Integrated Decision-Support Framework for Sustainable Retrofitting of Post-War Residential Buildings to Support Urban Heat Island Mitigation,https://doi.org/10.3390/atmos17090882,Atmosphere,,"In recent decades, the intensification of the urban heat island (UHI) phenomenon has emerged as a critical challenge for European cities, exacerbated by climate change, dense urban morphologies, and the aging performance of the existing building stock. In this context, the renovation of post-war residential heritage represents a strategic opportunity to simultaneously enhance buildings’ energy performance and contribute to urban-scale thermal mitigation. This study investigates sustainable and integrated retrofitting strategies applied to residential buildings constructed between 1945 and 1990 in the metropolitan area of Milan. The research aims to evaluate how targeted refurbishment interventions can improve building energy performance and potentially support UHI mitigation through improved envelope performance and material selection. The methodology combines field surveys, archival data from public housing authorities, energy simulations, and multiple-criteria decision-making (MCDM) analysis, integrating economic, environmental, and performance-based indicators. Several retrofit scenarios are assessed across different building typologies. Results highlight that low-invasive and cost-effective measures, such as advanced glazing systems, roof insulation, and efficient heating system upgrades, achieve a favorable balance between energy performance improvement, economic feasibility, and intervention-related criteria. For buildings with larger dispersing surfaces, envelope insul"
W4389153930,B9,19,2023,7,Gabriele Battista,"An Extensive Study of the Urban Heat Island Phenomenon in Rome, Italy: Implications for Building Energy Performance Through Data from Multiple Meteorological Stations",https://doi.org/10.18280/ijsdp.181101,International Journal of Sustainable Development and Planning,https://www.iieta.org/download/file/fid/113845,"Urban areas can be characterized by higher outdoor air temperatures than rural ones due to the well-known Urban Heat Island (UHI) phenomenon.This significantly affects buildings energy performance, thus influencing energy needs in terms of cooling and heating.Starting from this, the UHI in Rome was here investigated, providing an updated estimation through 2022 climate data.The influence of the UHI on energy efficiency in buildings has been highlighted by applying climatic data logged by different weather stations within a dynamic simulation tool.Thus, actual climate data have been used as thermal boundary conditions to simulate typical building energy needs, for cooling and heating.The findings of this study demonstrate a notable disparity in climatic conditions between the areas outside the city and the urban context.The maximum values of UHI intensities for daytime and night-time were identified as 3.1℃ and 3.5℃, respectively.Moreover, the accurate selection of reference data is a crucial factor for obtaining reliable information regarding the energy demands of buildings within the city.The findings emphasized that utilizing data from airport stations instead of weather stations within urban areas can result in disparities up to approximately -17% for heating and more than 50% for cooling requirements."
W4416768236,B9,19,2025,5,Nathalie Rombeek,"Torrential rainfall in Valencia, Spain, recorded by personal weather stations preceding and during the 29 October 2024 floods",https://doi.org/10.5194/hess-29-6715-2025,Hydrology and earth system sciences,,"On 29 October 2024, torrential rainfall locally exceeding 300 mm within less than 24 h, caused devastating floods in the province of Valencia in Spain. In this study we quantify and describe the spatial and temporal structure of the rainfall event on this day using rainfall observations from approximately 225 personal weather stations (PWSs), low-cost commercial devices primarily operated by citizens. The network density of PWSs is ∼7 times higher compared to the dedicated rain gauge network operated by the Spanish Meteorological Agency (AEMET) in the province of Valencia, allowing a more detailed analysis of the spatial and temporal rainfall dynamics. In addition, PWS observations are available in near real-time to the public with a temporal resolution of 5 min, whereas the data from AEMET are not available in real time for the public and at a lower publicly available temporal resolution (1 h). Daily rainfall sums recorded by the PWSs showed a high correlation ( r =0.94) and low bias (underestimation of 4 %) compared to rainfall reported by AEMET. In the upstream parts of the Magro catchment (1661 km 2 ), a first burst of extreme rainfall, reaching up to 180 mm of rainfall in a few hours, started in the morning, leading to the generation of a first flood wave in the upstream parts of the catchment. While the resulting flood wave was propagating downstream through the channel network, a second rainfall peak occurred, which moved downstream along with the flood wave. This spat"
W4407763574,B9;B9,5,2025,12,Angelo Campanale,Investigating urban heat islands over Rome and Milan during a summer period through the TERRA_URB parameterization in the ICON model,https://doi.org/10.1016/j.uclim.2025.102335,Urban Climate,,"The urban heat island (UHI) effect, influenced by various built environment factors, significantly impacts human wellbeing. Detailed studies and interdisciplinary collaborations are crucial for understanding and quantifying this phenomenon and developing effective and targeted strategies to address issues related to the UHI effect. Variability in UHI temporal patterns and magnitudes poses challenges for accurate atmospheric modeling. In order to reproduce UHI dynamics, numerical models account for urban features through urban canopy parameterizations. This work presents encouraging results on the implementation of the urban scheme TERRA_URB (TU) in the ICOsahedral Nonhydrostatic (ICON) atmospheric model. The results of high-resolution ICON simulations, with and without TU, are compared against observational data and COSMO model results, where TU was already well established, for the Italian cities of Rome and Milan during the month of August 2017. The main outcome of this study is the satisfactory implementation of TU in ICON, as it reasonably reproduces UHI effects and improves air temperature forecasts for the investigated urban areas. The results constitute an update of numerical weather prediction and climate simulations for urban modeling applications, while further investigations aimed at enhancing the calibration of the model parameterization and introduction of more realistic urban canopy parameters are planned. • TU implementation in ICON is completed and investigati"
