openalex,buckets,rank,year,cited,first_author,title,doi,venue,oa_pdf,abstract
W2791871469,B1,0,2018,36,Patrícia Layne Alves,Rainfall interception capacity of tree species used in urban afforestation,https://doi.org/10.1007/s11252-018-0753-y,Urban Ecosystems,,
W2740663219,B1,0,2017,36,Sybil G. Gotsch,Evaluating the effectiveness of urban trees to mitigate storm water runoff via transpiration and stemflow,https://doi.org/10.1007/s11252-017-0693-y,Urban Ecosystems,,
W1970076350,B1,0,2008,223,Julia Bartens,Can Urban Tree Roots Improve Infiltration through Compacted Subsoils for Stormwater Management?,https://doi.org/10.2134/jeq2008.0117,Journal of Environmental Quality,,"Global land use patterns and increasing pressures on water resources demand creative urban stormwater management. Strategies encouraging infiltration can enhance groundwater recharge and water quality. Urban subsoils are often relatively impermeable, and the construction of many stormwater detention best management practices (D-BMPs) exacerbates this condition. Root paths can act as conduits for water, but this function has not been demonstrated for stormwater BMPs where standing water and dense subsoils create a unique environment. We examined whether tree roots can penetrate compacted subsoils and increase infiltration rates in the context of a novel infiltration BMP (I-BMP). Black oak (Quercus velutina Lam.) and red maple (Acer rubrum L.) trees, and an unplanted control, were installed in cylindrical planting sleeves surrounded by clay loam soil at two compaction levels (bulk density = 1.3 or 1.6 g cm(-3)) in irrigated containers. Roots of both species penetrated the more compacted soil, increasing infiltration rates by an average of 153%. Similarly, green ash (Fraxinus pennsylvanica Marsh.) trees were grown in CUSoil (Amereq Corp., New York) separated from compacted clay loam subsoil (1.6 g cm(-3)) by a geotextile. A drain hole at mid depth in the CUSoil layer mimicked the overflow drain in a stormwater I-BMP thus allowing water to pool above the subsoil. Roots penetrated the geotextile and subsoil and increased average infiltration rate 27-fold compared to unplanted cont"
W4407166431,B1,0,2025,9,Rizna Rahmi,From native status to functional traits: Rethinking plant selections in global bioretention guidelines,https://doi.org/10.1016/j.ecoleng.2025.107545,Ecological Engineering,,"Bioretention systems are widely used in green stormwater infrastructures due to their cost-effectiveness and ability to reduce surface runoff and pollutants. Vegetation plays a crucial role in these systems, and many stormwater guidelines worldwide highlight the benefits of vegetation in their design. However, it remains unclear whether the guidelines adequately consider the plant selection process and whether this process reflects the current state-of-the-art knowledge of vegetation-related impacts on system performance. This study reviewed 47 stormwater guidelines globally, with most from North America (64 %) and Australia-New Zealand (23 %), and fewer from Europe (4 %), Asia (6 %) and Africa (2 %). The key findings reveal that the highest percentage of guidelines reviewed from North America and Australia-New Zealand suggested using native species in bioretention systems (55 % and 36 %, respectively). However, these guidelines often fail to address plant functional traits and planting strategies adequately. While some guidelines include vegetation lists, these are often optional and do not prioritize functional diversity, which is critical for optimizing system functions. The study concludes that plant origin is a primary consideration in bioretention system design, despite literature not necessarily supporting its significance in influencing performance. To improve bioretention systems efficiency, guidelines must emphasize plant functional traits, diversity and effective p"
W3117461025,B1,0,2020,43,Sylvia L. R. Wood,Increasing functional diversity of the urban canopy for climate resilience: Potential tradeoffs with ecosystem services?,https://doi.org/10.1016/j.ufug.2020.126972,Urban forestry & urban greening,,
W2888685606,B1,0,2018,52,Vaughn Grey,Tree pits to help mitigate runoff in dense urban areas,https://doi.org/10.1016/j.jhydrol.2018.08.038,Journal of Hydrology,,
W3199403632,B1,1,2021,0,Hye‐Mi Park,Rainfall Interception by and Quantitative Models for Urban Landscape Trees - For Seven Native Species -,https://doi.org/10.9715/kila.2021.49.4.030,Journal of the Korean Institute of Landscape Architecture,http://www.jkila.org/download/download_pdf?pid=jkila-49-4-30,"This study developed quantitative models to estimate the rainfall interception by seven native landscape tree species based on throughfall measurements. The tree species considered in this study were Abies holophylla, Acer palmatum, Ginkgo biloba, Pinus densiflora, Pinus koraiensis, Prunus yedoensis, and Zelkova serrata, which are frequently planted in the Korea. Among these species, 35.8% of the annual precipitation was intercepted by P. koraiensis, 34.1% by A. holophylla, 31.0% by Z. serrata, 27.6% by P. densiflora, 26.9% by G. biloba, 18.6% by A. palmatum, and 18.4% by P. yedoensis. All the quantitative models showed high fitness with r2 values of 0.90-0.99. The annual rainfall interception from a tree with DBH of 20 cm were greatest with Z. serrata (5.1 m3/yr), followed by P. koraiensis (4.1 m3/yr), A. holophylla (3.1 m3/yr), G. biloba (2.8 m3/yr), P. densiflora (2.1 m3/yr), P. yedoensis (1.9 m3/yr), and A. palmatum (1.8 m3/yr) in order. Thus, evergreen tree species or those with a relatively high crown density were more effective in intercepting rainfall. In particular, the annual rainfall interception by Z. serrata was the greatest because its crown area, volume, and density were higher than those of the other species. This study pioneers in quantifying annual rainfall interception for landscape tree species in Korea. The study results can be useful for evaluating rainfall interception by landscape trees in urban greenspace design for governments and corporations."
W4389309264,B1,1,2023,3,Benjamin J. Noren,Hypothesis and theory: Do trees “release the tension” in rainwater? Surface tension reduction in throughfall and stemflow from urban trees,https://doi.org/10.3389/ffgc.2023.1315936,Frontiers in Forests and Global Change,,"Knowledge of the processes and impacts associated with the canopy’s partitioning of rainfall into stemflow (water that drains to the base of tree stems) and throughfall (water that drips through gaps and from canopy surfaces) has expanded in recent years. However, the effect of canopy interactions on the fundamental physical properties of rainwater as it travels through the canopy to the soil, particularly surface tension, remains understudied. To discuss specific hypotheses within this context and their relevance to ecohydrological theory, the surface tension of rainwater samples was examined directly. Over a period of 9 months, open rainwater, throughfall and stemflow samples were collected during 20 storms from 12 study trees located in Secrest Arboretum (about 2.5 km outside Wooster, Ohio). Study trees were selected to highlight a range of canopy characteristics, with each tree being from a unique deciduous species. Surface tension was measured using pendant drop goniometry, and measurements were analyzed for variation across study trees and correlation with event air temperature and rain intensity. In general, surface tension was reduced in throughfall and stemflow compared to measurements made for event rainwater, with median surface tension changes of −0.446 mN m−1 and −0.595 mN m−1 for throughfall and stemflow, respectively. The extent of this reduction varied among study trees (with changes as great as −6.5 to −5.5 mN m−1), and storm event characteristics were direct"
W2967435988,B1,1,2019,29,Dashuai Zhang,Increase and Spatial Variation in Soil Infiltration Rates Associated with Fibrous and Tap Tree Roots,https://doi.org/10.3390/w11081700,Water,https://www.mdpi.com/2073-4441/11/8/1700/pdf?version=1565940623,"Trees play important roles in urban stormwater management; through the loosening of soils by root growth, they increase infiltration and reduce runoff, helping to mitigate flooding and recharge groundwater. Malus baccata with fibrous roots and Sophora japonica with tap roots were studied experimentally to assess their enhancement of soil infiltration. A blank test without a tree was conducted for comparison. Steady-state soil infiltration rates at the bottom of test tanks were measured as 0.28 m/d, 0.33 m/d, and 0.61 m/d for the blank test, M. baccata, and S. japonica, respectively. This represents a 19% increase in the infiltration rate by planting M. baccata and a 118% increase by planting S. japonica. A larger increase in the infiltration rate by S. japonica is consistent with the effects of deeper and more vertical roots that help loosen deeper soils. Spatial variations in soil infiltration rates were also measured. Infiltration rates for M. baccata (1.06 m/d and 0.62 m/d) were larger than those for S. japonica (0.91 m/d and 0.51 m/d) at the same depths (0.35 m and 0.70 m); this is consistent with the expected effects of the shallower and more lateral roots of M. baccata. This study furthers our understanding of the roles of trees in watersheds and urban environments."
W4295778212,B1,1,2022,104,Claire Farrell,Can we integrate ecological approaches to improve plant selection for green infrastructure?,https://doi.org/10.1016/j.ufug.2022.127732,Urban forestry & urban greening,,
W2761326131,B1,1,2017,299,Joana Vieira,Green spaces are not all the same for the provision of air purification and climate regulation services: The case of urban parks,https://doi.org/10.1016/j.envres.2017.10.006,Environmental Research,https://www.sciencedirect.com/science/article/pii/S0013935117316535/pdf,"The growing human population concentrated in urban areas lead to the increase of road traffic and artificial areas, consequently enhancing air pollution and urban heat island effects, among others. These environmental changes affect citizen's health, causing a high number of premature deaths, with considerable social and economic costs. Nature-based solutions are essential to ameliorate those impacts in urban areas. While the mere presence of urban green spaces is pointed as an overarching solution, the relative importance of specific vegetation structure, composition and management to improve the ecosystem services of air purification and climate regulation are overlooked. This avoids the establishment of optimized planning and management procedures for urban green spaces with high spatial resolution and detail. Our aim was to understand the relative contribution of vegetation structure, composition and management for the provision of ecosystem services of air purification and climate regulation in urban green spaces, in particular the case of urban parks. This work was done in a large urban park with different types of vegetation surrounded by urban areas. As indicators of microclimatic effects and of air pollution levels we selected different metrics: lichen diversity and pollutants accumulation in lichens. Among lichen diversity, functional traits related to nutrient and water requirements were used as surrogates of the capacity of vegetation to filter air pollution and t"
W2063406001,B1,2,2007,1,Hyun-O Jin,Nutrient Dynamics and Water Quantity of Throughfall and Stemflow in Natural Oak Stands in Korea,https://doi.org/10.5532/kjafm.2007.9.1.061,Korean Journal of Agricultural and Forest Meteorology,,"본 연구는 우리나라에 분포하고 있는 참나무 천연림을 대상으로 강우의 이동에 따른 임내우(수관통과우 및 수간류)의 수량변화 및 양분동태를 분석하였다. 임외우량에 대한 임내우량의 비율은 지역에 따라 차이를 보였는데 이는 수종특성 치에 입지조건이나 기상조건 등의 복합적인 요인에 크게 영향을 받고 있다고 판단된다. 따라서, 앞으로 참나무 천연림의 보육사업을 실시하는데 있어서 지역별 수자원 관리 체계를 수립할 필요가 있다고 생각된다. 지역에 따른 수관통과우의 양분 유입량을 비교한 결과, $Ca^{2+},\;Mg^{2+}$ 및 $K^+$ '는 수체로부터의 용탈과 황사발생에 의한 집적, $Na^+$ 와 $Cl^-$ 은 해염성 기원물질, $NO_3^-$ 와 $SO_4^{2-}$ 는 대기오염물질의 건성침착 등의 영향에 의한 지역적 특성을 크게 반영하고 있었다. 수간류의 양분물질량은 임내우(수관통과우+수간류) 물질량의 10% 전후의 작은 값을 나타내었다. 그러나 도시지역 참나무 천연림에 있어서는 수간류의 pH가 $3{\sim}5$ 의 범위에 분포하고 있어 이러한 수간류의 토양유입은 장기적으로는 근계 주변 토양 및 토양수의 pH와 양분동태에 크게 영향을 미칠 것이라 생각된다. This study was conducted to investigate nutrient dynamics and water quantity of throughfall and stemflow in natural oak stands in Korea. The ratio of the total throughfnll and stemflow to the amount of precipitation varied with locations. It was considered that the ratio was affected not only by the characteristics of tree species but also by regional, weather and other environmental conditions. It was, therefore, necessary to set up a water control system to launch a tending project for natural oak stands. Comparisons of nutrient amount in throughfall among regions reflected regional characteristics. $Ca^{2+},\;Mg^{2+}$ and $K^+$ ions were leached from the canopy and yellow sand accumulation. $Na^+$ and $Cl^-$ were marine-borne. $NO_3^-$ and $SO_4^{2-}$ resulted from dry deposition of air pollutants. Nutrient amount in the stemflow was as low as about 10% of that in the total throughfal"
W3135263735,B1,2,2021,5,Lai Fern Ow,Urban Stormwater Management: Can Tree Roots and Structural Soils Improve Hydraulic Conductivity into Compacted Soils?,https://doi.org/10.48044/jauf.2021.007,Arboriculture & Urban Forestry,,"Typically, surface precipitation runoff is a key source of flooding and water pollution in urban communities, and the costly and time-consuming process of installing bio-retention basins is one approach to overcoming these challenges. The implementation of structural soils in bio-retention basins designed to receive and retain stormwater provides these systems with additional functions to bear loads and facilitate tree root growth and exploration. The channels that tree roots produce as they grow can also aid in the flow of water down the soil profile. In this study, the potential for tree roots to penetrate compacted soils and increase rates of hydraulic conductivity were examined alongside the use of structural soil in the context of urban stormwater systems. For the first experiment, Pouteria obovata and Calophyllum soulattri together with a control (without tree) were placed in cylindrical planting sleeves surrounded by compacted clay loam at two compaction levels (bulk densities of 1.45 g cm−3 and 1.66 g cm−3). Roots of both species penetrated the compacted soil, and hydraulic conductivity was increased by an average of 50%. In the second experiment, the same species were grown in structural soil, and a geotextile separated the compacted soil (bulk density of 1.66 g cm−3) from the structural soil (compacted). A greater number of roots as well as larger root diameters from Pouteria obovata penetrated the geotextile, and hydraulic conductivity was enhanced twofold when com"
W2080864792,B1,2,2013,133,Claire Farrell,High water users can be drought tolerant: using physiological traits for green roof plant selection,https://doi.org/10.1007/s11104-013-1725-x,Plant and Soil,,
W4205799422,B1,2,2022,18,Jasmine K. Thom,Supporting Growth and Transpiration of Newly Planted Street Trees With Passive Irrigation Systems,https://doi.org/10.1029/2020wr029526,Water Resources Research,,"Abstract Solutions that use stormwater runoff to rapidly establish tree canopy cover in cities have received significant attention. Passive irrigation systems that direct stormwater to trees have the potential to increase growth and transpiration and may limit drought stress. However, little data from the field demonstrates this, and we lack robust and reliable designs which achieve it. Here, we quantified growth and transpiration for trees: (a) in infiltration pits receiving stormwater, with a raised underdrain and internal water storage (drained), (b) next to infiltration pits receiving stormwater but without an underdrain and internal water storage (adjacent), and (c) planted in standard pits, not receiving stormwater (control). Trees in drained pits grew twice as fast as control trees in the first 2 years, but fast initial growth rates were not sustained in years three and four. Trees outgrowing the small infiltration pits, rather than a lack of water, was most likely responsible for growth rates slowing down. Despite this, rapid initial growth for trees in drained pits meant trees were larger by year three and transpired more than twice as much (5.1 L d−1) as trees adjacent to pits (2.4 L d−1) or control trees (2.3 L d−1). No trees showed drought stress during the study. However, some trees planted adjacent to infiltration pits showed waterlogging stress, suggesting caution installing infiltration pits adjacent to establishing trees in fine‐textured soils. Overall, our r"
W3211523898,B1,3,2021,21,Jasmine K. Thom,Selecting tree species with high transpiration and drought avoidance to optimise runoff reduction in passive irrigation systems,https://doi.org/10.1016/j.scitotenv.2021.151466,The Science of The Total Environment,,
W4408928132,B1,3,2025,1,Le Phuc Chi Lang,"Impact of urban tree morphology on reducing surface flow in Hue City, Vietnam",https://doi.org/10.2166/wcc.2025.845,Journal of Water and Climate Change,,"ABSTRACT The study applies the Minimum Impact Design Standards (MIDS) calculator to assess urban trees' effectiveness in reducing surface runoff along five flood-prone streets in Hue City, analyzing evapotranspiration, rainfall interception, and infiltration, along with Leaf Area Index (LAI), Canopy Projection (CP), tree pit size, and soil structure. Results show that urban trees retain 1,132.39 m³ of stormwater, but runoff reduction is not solely dependent on tree quantity. Although tree numbers vary 1.56 to 3.8 times, runoff reduction differs only 1.39 to 1.79 times. Evapotranspiration plays the largest role, contributing 2.8 times more than interception and 2.6 times more than infiltration. Small tree pits and compacted soil limit infiltration, while pruning and height reduction decrease Pc and LAI, reducing flood mitigation benefits. Annual storm damage further weakens this capacity. To enhance effectiveness, the study suggests prioritizing storm-resistant species, increasing tree numbers, enlarging tree pits, and using structured soil. Implementing these measures can improve urban flood resilience and maximize trees' hydrological benefits. Future research should focus on optimizing tree selection and planting strategies for long-term flood management in urban areas, ensuring sustainable solutions that enhance both stormwater control and environmental resilience."
W2964245380,B1,4,2019,48,Katarina Zabret,Rainfall Interception by Urban Trees and Their Impact on Potential Surface Runoff,https://doi.org/10.1002/clen.201800327,CLEAN - Soil Air Water,,"Urbanization changes the natural environment, alters land use, and affects the hydrological cycle. Due to decreased infiltration, runoff appears faster with higher flow peaks. A nature‐based solution is to plant trees because they intercept precipitation and help to reduce water reaching the ground, forming surface runoff. Rainfall partitioning for birch (Betula pendula Roth.) and pine (Pinus nigra Arnold) trees is measured in the city of Ljubljana, Slovenia, during 2014 and 2015. The measured values for two consecutive years are used to estimate potential surface runoff reduction due to planting of the trees at a parking lot. The results demonstrate that birch and pine trees intercepted 23 and 45% of gross rainfall, respectively. Both tree species intercept more rainfall in the leafed period. Additionally, rainfall interception during wet (2014) and dry (2015) years has been compared. In 2014 rainfall interception is highly influenced by rainfall intensity, while it has a negligible impact on rainfall interception in 2015, when air temperature is more influential. The scenario of covering 10% of the parking lot area with the trees results in runoff reduction of up to 7.3% per year. In general, runoff reduction is higher in a wet rather than a dry year. The new findings about the performance of different tree species in different climate conditions can offer valuable information for the decision makers and landscape designers about the benefits of trees in urban areas."
W2970793347,B1,4,2019,3,Emma Rakestraw,Quantification of Stemflow in Three Isolated Shrub Species in an Urban Environment,https://doi.org/10.3389/fbuil.2019.00110,Frontiers in Built Environment,https://www.frontiersin.org/articles/10.3389/fbuil.2019.00110/pdf,"As precipitation falls on to vegetation, it is partitioned into throughfall, vapor and stemflow. The stemflow component is frequently neglected in water budgeting for trees and shrubs due to its presumed small volume and limited research. Studies of stemflow in shrub species are especially rare. This study focuses on stemflow in shrubs and specifically examines its relationship to plant morphology and meteorological factors. Two individuals of three species, Prunus laurocerasus (common name ‘Otto Luyken'), Hydrangea quercifolia (common name ‘Alice’), and Itea virginica (common name ‘Little Henry’), were studied in an outdoor experiment in Philadelphia, PA during the 2015 growing season. Stemflow was collected using aluminum collars which had been attached to individual branches of each plant. Vinyl tubing conveyed the stemflow from the collars into collection bottles which were weighed after rain events. To relate stemflow to plant morphology, the vertical projected canopy area of each collared branch, branch attachment angle, stem circumference, and direction of collar were evaluated. To relate stemflow to meteorological conditions, the research also quantified rain depth, rain intensity, rain event duration, wind speed, wind direction, temperature, relative humidity, gust speed, and date and time of storm. The importance of each of these independent variables were studied using a forward stepwise linear regression. Stemflow averaged 7.6% of total incident rainfall on the ca"
W3109395862,B1,4,2020,89,Yan Ting,Effects of the morphological characteristics of plants on rainfall interception and kinetic energy,https://doi.org/10.1016/j.jhydrol.2020.125807,Journal of Hydrology,,
W4404731653,B1,4,2024,0,Alexandra Lara Crosby,Visually Communicating Artificial Urban Wetlands,https://doi.org/10.5204/mcj.3113,M/C Journal,,"Introduction Urban wetlands in Australia are under threat, yet they provide benefits for climate change mitigation, pollution reduction, habitat provision, and socioecological connection. In what is now known as Sydney’s inner south and inner west, wetlands were significant places maintained by Aboriginal peoples for millennia (Foster). The violent colonial history that shaped Sydney unfolded along its extensive and dynamic wetlands and connecting waterways. Water was enclosed, drained, dammed, and channelled underground to service the city’s growth. “Unproductive swamps” were filled in for factories and housing. Today, in an era of unprecedented urban growth, wetlands are making a comeback, with urban renewal projects incorporating artificial systems into water-sensitive urban design with shallow, densely planted ponds that help filter water through physical and biological processes. Artificial wetlands in densely populated areas are increasingly recognised for their effectiveness in reducing the runoff volume and the level of pollutants before stormwater enters urban creeks, rivers and oceans. They are “a key technology in the design of water-sensitive urban centres” (Fitzgerald 171). Although some Sydney wetlands are revered and protected without question, such as the Ramsar-listed Towra Point Nature Reserve, others are undervalued as urban ecologies. Green infrastructure such as wildlife corridors, verges, rain gardens, pocket parks, and artificial wetlands are not well u"
W2147773686,B1,5,2009,111,Yeganeh Asadian,A New Approach in Measuring Rainfall Interception by Urban Trees in Coastal British Columbia,https://doi.org/10.2166/wqrj.2009.003,Water Quality Research Journal,https://iwaponline.com/wqrj/article-pdf/44/1/16/229544/wqrjc0440016.pdf,"Abstract Interception loss plays an important role in controlling the water balance of a watershed, especially where urban development has taken place. The aim of this study was to illustrate the importance of urban trees as a form of ‘green infrastructure’ where they reduce stormwater runoff and rainwater intensity. In addition, trees cause a delay in precipitation reaching the ground. Interception loss was studied in the North Shore of British Columbia. We applied a unique methodology for measuring throughfall under six different urban trees using a system of long polyvinyl chloride pipes hung beneath the canopy capturing the throughfall and draining it to a rain gauge attached to a data logger. Different tree species (Douglas-fir [Pseudotsuga menziesii] and western red cedar [Thuja plicata]) in variable landscape sites (streets, parks, and natural forested areas) and elevations were selected to ensure that the system adequately captured the throughfall variability. Interception and throughfall were monitored over a one year cycle for which the results of seven discrete storm events for coniferous trees from the District of North Vancouver during 2007 to 2008 are presented. Cumulative gross precipitation for seven selected events was 377 mm. Average canopy interception during these events for Douglas-fir and western red cedar were 49.1 and 60.9%, where it corresponded to average net loss of 20.4 and 32.3 mm, respectively. The interception loss varied depending on canopy str"
W2904196431,B1,5,2017,0,James F. Reynolds,The effects of canopy closure on precipitation throughfall,,,,"Since the 1860s the watershed of Spanish Bank Creek has experienced many ecological disturbances due to extensive old-growth logging and urban development. Most notably, these disturbances have altered the vegetative composition and hydrology throughout the watershed. The historic old-growth forest has been replaced by species typical of earlier seral stages, as well as invasive species such as English ivy (Hedera helix). This disturbed vegetation mosaic is characterized by an arrested ecological trajectory that perpetuates degraded conditions. Urban development has eliminated over a third of the historic length of Spanish Bank Creek and storm drains were installed to direct residential drainage into the stream. The combination of a disturbed forest and degraded hydrology intensifies runoff and associated sediment transport, and decreases the hydraulic retention time of the watershed. This has led to a significant decline in abundance of chum, coho, and cutthroat salmonids in Spanish Bank Creek.
Previous research has established how trees partition precipitation into throughfall, stemflow, and interception, however there are few studies examining the effects of canopy closure on throughfall within the context of ecological restoration. Thus, the objective of this paper is to determine if increasing canopy closure can be used as a restoration model to decrease throughfall, and consequently increase the hydraulic retention time of the watershed. Results indicated that greater c"
W1992005884,B1,5,2015,2,Madeline Fisher,Reducing Stormwater Runoff with Green Infrastructure,https://doi.org/10.2136/sh2015-56-2-f,Soil Horizons,,"In the late 1800s, the city of Omaha, NE did something that few other municipalities were even considering at the time. Inspired by the comprehensive plans of European cities, officials hired the renowned landscape architect, Horace Cleveland, to design a meandering network of tree-lined boulevards and leafy parks for Omaha's citizens to enjoy. Much of the proposed parkland was too wet for roads and buildings anyway, composed as it was of riparian zones, floodplains, and streams feeding into the Missouri River on Omaha's eastern border. So during the following decades, city planners, architects, and engineers filled in the wet areas and planted gardens, grass, and ornamental trees on top. They also directed many of the streams into buried pipes—pipes that later became part of Omaha's combined sewer system. This visionary system of green space remains a source of civic pride, and the city has now embarked on a major revitalization effort involving everything from preserving trees to updating street lighting. But aesthetics aren't all. As plans move forward, people are asking whether some of Omaha's historic parks can help address a modern concern: a torrent of excess stormwater that runs off the hard surfaces in Omaha's cityscape. To reduce these runoff volumes, Omaha is now investing in “green infrastructure”—systems like bioswales and rain gardens (technically, “bioretention” gardens) that manage stormwater on site, rather than collecting it in pipes and sending it all downs"
W4381597641,B1,5,2023,31,Sarah Gould Bruner,Planting design influences green infrastructure performance: Plant species identity and complementarity in rain gardens,https://doi.org/10.1002/eap.2902,Ecological Applications,https://onlinelibrary.wiley.com/doi/pdfdirect/10.1002/eap.2902,"Green infrastructure's capacity to mitigate urban environmental problems, like heat island effects and excessive stormwater runoff, is partially governed by its plant community. Traditionally, green infrastructure design has focused on engineered aspects, such as substrate and drainage, rather than on the properties of its living components. Since the functioning of these plant assemblages is controlled by ecophysiological processes that differ by species, the identity and relative abundance of the species used will influence green infrastructure performance. We used trait-based modeling to derive principles for the effective composition of green infrastructure plant assemblages, parameterizing our model using the vegetation and ecophysiological traits of the species within New York City rain gardens. Focusing on two plant traits that influence rain garden performance, leaf surface temperature and stomatal conductance, we simulated the cumulative temperature and transpiration for plant communities of differing species composition and diversity. The outcomes of the model demonstrate that plant species composition, species identity, selection effects, and interspecific complementarity increase green infrastructure performance in much the way biodiversity affects ecosystem functioning in natural systems. More diverse assemblages resulted in more consistent transpiration and surface temperatures, with the former showing a positive, saturating curve as diversity increased. While t"
W2808418314,B1,6,2018,52,Christopher J. Nytch,"Rainfall interception by six urban trees in San Juan, Puerto Rico",https://doi.org/10.1007/s11252-018-0768-4,Urban Ecosystems,https://link.springer.com/content/pdf/10.1007/s11252-018-0768-4.pdf,"Rainfall interception is an important part of the urban hydrological cycle. Understanding is limited about the role of urban trees and other vegetation in the interception process. This study quantified interception losses by six trees in the Caribbean coastal city of San Juan, Puerto Rico, three representing a broadleaf evergreen, and three representing a broadleaf deciduous species. Rainfall was partitioned into throughfall for 13 storms to compare the results between tree types. Total rainfall ranged from 2.9 to 72.4 mm, and storm duration spanned 1 h to several days. Six of the storms analyzed were characterized by maximum hourly intensity rainfall rates categorized as heavy (> 7.6 mm/h). Strong northeasterly winds brought rain in sustained gusts up to 35 km/h. Average interception losses totaled 19.7% for both tree types, 22.7% for the deciduous trees, and 16.7% for the evergreen trees. Throughfall exceeded 90% of total rainfall for each of the six trees on one or more occasions, and heavy intensity storms produced negative interception losses in one individual. The effect of tree type on interception was significant for storms of low and moderate intensity, but not heavy intensity. Differences in interception losses between storms of similar intensity and between the two tree types were influenced by leaf area and wind. Results suggest that individual urban tree canopies function as spatio-temporally dynamic storage reservoirs whose interception capacity can vary as mic"
W3008431846,B1,6,2020,23,Min-cheng Tu,When Green Infrastructure Turns Grey: Plant Water Stress as a Consequence of Overdesign in a Tree Trench System,https://doi.org/10.3390/w12020573,Water,https://www.mdpi.com/2073-4441/12/2/573/pdf?version=1583062243,"Green infrastructure (GI) systems are often overdesigned. This may be a byproduct of static sizing (e.g., accounting for a design storm’s runoff volume but not exfiltration rates) or may be deliberate (e.g., buffering against performance loss through time). In tree trenches and other GI systems that require stormwater to accumulate in an infiltration bed before it contacts the planting medium, overdesign could reduce plant water availability significantly. This study investigated the hydrological dynamics and water relations of an overdesigned tree trench system and identified factors contributing to, compounding, and mitigating the risk of plant stress. Water in the infiltration bed reached soil pits only once in three years, with that event occurring during a hydrant release. Moreover, minimal water was retained in soil pits during the event due to the hydraulic properties of the soil media. Through a growing season, one of the two tree types frequently experienced water stress, while the other did so only rarely. These contrasting responses can likely be attributed to roots being largely confined to the soil pits vs. reaching a deeper water source, respectively. Results of this study demonstrate that, in systems where soil pits are embedded in infiltration beds, overdesign can raise the storm size required for water to reach the soil media, reducing plant water availability between storms, and ultimately inducing physiological stress."
W7155195189,B1,6,2026,1,Forough Torabi,"Effects of Wood Anatomy, Climate, Soil Type, and Plant Configuration Variables on Urban Tree Transpiration in the Context of Urban Runoff Reduction: A Systematic Metadata Analysis",https://doi.org/10.3390/su18094157,Sustainability,https://www.mdpi.com/2071-1050/18/9/4157/pdf?version=1776852432,"Urban trees are increasingly deployed as nature-based infrastructure to mitigate heat and manage stormwater, yet quantitative guidance on how species traits and site context shape transpiration remains fragmented. We conducted a systematic metadata analysis of seven field studies that measured daily transpiration rate in urban settings using heat-pulse methods. The units and spatial scales reported were harmonized with the sap flow density across active sapwood (Js, g H2O/cm2/day) by converting reported stand transpiration and the outer 2 cm of sapwood sap flux using established Gaussian radial distribution functions for angiosperms and gymnosperms, which account for the non-linear decline in sap flux from the vascular cambium to the heartwood boundary. We then summarized distributions and tested group differences with Kruskal–Wallis and Dunn post hoc comparisons across wood anatomy, climate, soil texture, and planting configuration. Conifers exhibited significantly lower median Js (39.76 g/cm2/day) than angiosperms, while the ring-porous group (median Js = 92.25 g/cm2/day) and diffuse-porous groups (median Js = 96.70 g/cm2/day) had similar distributions overall. Climate-modulated responses within wood anatomy groups differed, with diffuse-porous species exhibiting the highest median Js (152.59 g/cm2/day) in semi-arid regions, ring-porous species maintaining comparatively stable median Js across climates (varying slightly between 80.72 and 99.32 g/cm2/day), and conifers reach"
W2515591779,B1,6,2015,16,Xiang Li,A study on crown interception with four dominant tree species: a direct measurement,https://doi.org/10.2166/nh.2015.066,Hydrology research,https://iwaponline.com/hr/article-pdf/47/4/857/368131/nh0470857.pdf,"An experiment was conducted to concentrate on the rainfall interception process of individual trees for four common species in Beijing, China, which included needle species (Platycladus orientalis and Pinus tabulaeformis) and broadleaf species (Quercus variabilis and Acer truncatum). Two types of interception storages, the maximum (Cmax) and the minimum interception storage (Cmin), were examined at four simulated rainfall intensities (from 11.7 to 78.5 mm h−1). Results showed that an average of 91% of Cmax for all the species was intercepted during the first 10 minutes of rainfall, while 45% of Cmax drained off after rainfall cessation. Leaf area index (LAI) and leaf area (LA) were significantly correlated (p < 0.05) with Cmax and Cmin, while such significant correlations were not found between rainfall intensity and Cmax and Cmin. Average Cmax and Cmin across all the species corresponded to 3 and 1% of gross rainfall. Mean Cmax and Cmin of the needle species were 3.0 and 1.8 times larger than that for the broadleaf ones. Results revealed that interception was a dynamic process which encompassed three phases. In addition, LAI and LA were valid predictors of interception in small trees, and deserve further test in forest stands."
W7140249790,B1,7,2026,0,Rory Price,The Impact of Relative Humidity and Soil Moisture on Foliar Water Uptake for Urban Tree Planning,,PDXScholar  (Portland State University),,"Foliar water uptake (FWU), uptake of water into plant leaves, occurs through several pathways during fog events. Interactions between FWU and environmental conditions must be understood to predict plant survivability in water-stressed environments, such as street tree planting, and create accurate projections of water and carbon budgets as fog regimes change. Rates of FWU are assessed assuming that water vapor can be taken up through the leaves by entering the substomatal cavity and leaf cuticle, after which it condenses and is absorbed. Results show that FWU is highly sensitive to soil moisture and relative humidity (RH). Soil moisture at or above 0.4 m3/m3 can support transpiration and FWU rates of 0.15 µmol/sec, with FWU simultaneously occurring when relative humidity is high. Results showed that the same peak transpiration rate occurred with a high soil moisture and RH of 80% and 100%. But, the scenario with FWU (RH 100%) enabled carbon assimilation to increase by approximately 65%. These findings have the potential to help manage stormwater and prevent runoff. When leaves continue to uptake water during drought, soil saturation may increase, increasing hydraulic conductivity, which could alter infiltration rates. Trees that efficiently uptake water are more likely to survive drought periods. The increase in tree survival would lead to their improved ability to uptake water via their roots when storm events do occur. Having a better understanding of FWU provides a more sp"
W2901900788,B1,7,2018,22,Jun Zhang,Typhoon-induced changes in rainfall interception loss from a tropical multi-species ‘reforest’,https://doi.org/10.1016/j.jhydrol.2018.11.024,Journal of Hydrology,,"Typhoon Haiyan made landfall in the central Philippines on 8 November 2013 as one of the strongest tropical cyclones ever. It also affected a 23-year-old multi-species ‘reforest’ at Manobo near Tacloban City on Leyte Island. As part of a larger hydrological investigation of the impacts of reforestation on streamflow response in the Tacloban area, gross rainfall (P), throughfall (TF; 24 roving collectors) and stemflow (SF; 12 trees) were monitored at Manobo between June 2013 and May 2014. Leaf Area Index (LAI) above each TF collector was measured regularly. Total rainfall interception losses (I) were determined using Gash's revised analytical model for three consecutive periods:(i) pre-Haiyan (baseline), (ii) post–Haiyan (damaged canopy), and (iii) after initial canopy recovery. Modeled I was 18% of P before disturbance, 12% for the period with the most extensive canopy damage, and 17.5% after initial canopy recovery. Stemflow was low, and weighted mean values accounted for 2.7%, 1.3% and 2.0% of P for the respective periods. Contrasts in period-average values of I reflected changes in LAI as well as wet-canopy evaporation rates. Storm-based TF fractions at the 5 m × 5 m sub-plot scale were inversely related to LAI, especially for small storms and low rainfall intensities. Inferred hourly rates of wet-canopy evaporation showed a strong positive relationship to hourly rainfall intensity during large storms. The revised analytical model was also run using pre-disturbance paramet"
W7109168813,B1,8,2025,0,Rakshenda Sajeeven,"Rainfall Interception by Six Urban Tree Combination in Vijayawada, Andhra Pradesh",https://doi.org/10.63363/aijfr.2025.v06i06.2139,Advanced International Journal for Research,https://aijfr.com/papers/2025/6/2139.pdf,"Urban forests in urban environments play a crucial role in mitigating the hydrological system. They help in intercepting the rainfall, enhancing infiltration, and reducing the surface runoff, thereby contributing to stormwater management. This study examines the effect of the tree characteristics on rainfall interception losses within the campus of the School of Planning and Architecture (SPAV), Vijayawada, three representing densely packed forest conditions with different species combinations, and three representing avenue plantations, in which two scenarios consist of the same tree species on both sides and one includes different species along the avenue. The rainfall was measured in seven different locations on the campus, where rainfall measurements were manually taken under the seven different selected trees during 3 different rainfall events. Across the three rainfall events, the interception rate varied notably between the vegetation types when compared to the open condition. The mixed forest setups showed the highest interception, with rainfall reduction ranging roughly between 35–63% compared to the open area, indicating strong canopy cover and foliage density. The same plant avenue type exhibited a moderate interception range of about 4–42%, while the mixed plant avenue showed the least interception, reducing rainfall by around 10–25%. Overall, forest conditions demonstrated greater interception efficiency than avenue arrangements due to their denser and more layere"
W3092746365,B1,8,2020,12,Asia L. Dowtin,Comparisons of flux-based stemflow enrichment ratios for two Quercus spp. within the megalopolis of the eastern USA,https://doi.org/10.1007/s11252-020-01064-5,Urban Ecosystems,,
W7170071127,B1,8,2026,0,Moreen Willaredt,High-resolution pavement material data can improve estimates of water supply from precipitation to street trees,https://doi.org/10.1016/j.landurbplan.2026.105740,Landscape and Urban Planning,,"Impervious surfaces in urban landscapes strongly influence how precipitation supplies water to trees. Most data on imperviousness are satellite-derived, restricting our ability to analyze impacts of imperviousness at the scale of single tree catchments: the area covering tree roots. To address this challenge, we compiled a high-resolution dataset for Berlin, Germany, that specifies pavement materials and complemented it with hydrologic properties from the literature. Our approach aims to assess the accuracy of satellite-derived imperviousness in 71,311 tree catchments and analyze estimated infiltration reduction due to the presence of pavement at the local, fine scale. We found substantial disagreement with satellite-derived imperviousness for ≈ 99 % of tree catchments, and that satellite-derived data on average underestimate imperviousness by 13.1 %. High-resolution imperviousness correlated with reduced infiltration, yet catchments with similar imperviousness exhibited high variability and even bimodal distributions. These patterns can be explained by the dominant pavement material, highlighting the importance of high-resolution imperviousness data that capture pavement materials when assessing urban stormwater dynamics. In Berlin, the estimated mean annual infiltration reduction was 45.9 %. Applying the data in an illustrative case study suggested Tilia trees with possible annual water supply below transpiration demand during the growing season. These results indicate that"
W4404452348,B1,8,2024,10,Joel Lönnqvist,"Green roof runoff reduction of 84 rain events: Comparing Sedum, life strategy-based vegetation, unvegetated and conventional roofs",https://doi.org/10.1016/j.jhydrol.2024.132325,Journal of Hydrology,,"• 3-year monitoring of 30 green roofs with vegetation based on Grime’s CSR theory. • Green roofs retained >50 % of the 409 mm cumulative precipitation. • A stress tolerant non-succulent plant mixture had the best overall performance. • Hydrological performance of a Sedum monoculture was similar to the bare substrate. • The highest species richness did not have the best hydrological function. Green roofs have emerged as effective stormwater management systems, but understanding the contribution of their various components to hydrological performance is crucial for optimizing their design and implementation. More empirically measured data on the hydrological function of green roof vegetation is needed, especially under realistic low-maintenance, non-irrigated scenarios. Further, targeted, evidence-based plant selection based on ecological theories may improve green roof hydrological performance. Previous research has suggested that, in contrast to monocultures, mixtures of species with complementary traits could optimize provisioning of various ecosystem services. Thus, species mixtures based on their adaptive life strategy using the CSR theory (Competitor, Stress tolerator, and Ruderal) were hypothesized to have better hydrological performance than a Sedum monoculture or bare substrate under natural conditions over multiple seasons. To test this hypothesis, the runoff from thirty 2 m 2 green roof modules was measured. The retention and detention performance of different green "
W4309458585,B1,8,2022,12,Changkun Ma,"Rainfall Partitioning by Evergreen and Deciduous Broad-Leaved Xerophytic Tree Species: Influence of Rainfall, Canopy Characteristics, and Meteorology",https://doi.org/10.3390/w14223723,Water,https://www.mdpi.com/2073-4441/14/22/3723/pdf?version=1668679145,"Understanding how rainfall is partitioned into throughfall, stemflow, and interception losses by xerophytic trees is important for evaluating afforestation projects and modeling hydrological budgets in semi-arid regions. However, information regarding rainfall partitioning by xerophytic trees and the controlling factors in semi-arid regions remains underrepresented in the literature. We examined whether plant functional groups have a significant impact on rainfall partitioning in two xerophytic trees (evergreen species: Pinus tabuliformis (Pinales:Pinaceae) hereafter called P. tabuliformis, deciduous species: Robinia pseudoacacia L. (Fabales:Fabaceae) hereafter called R. pseudoacacia) commonly used for afforestation on the semi-arid Loess Plateau of China, and evaluated the effects of rainfall, canopy characteristics and meteorological variables on rainfall partitioning. The event-based gross rainfall, throughfall and stemflow were measured during both growing (May–October) and dormant (January–April and November–December) seasons in 2015 and 2016 within an afforested watershed in semi-arid Loess Plateau of China. During our study period, the average rainfall depth for growing season and dormant season was 8.4 mm (varied from 0.2 to 57.6 mm) and 5.6 mm (varied from 0.2 to 41.6 mm), respectively. On average, the measured throughfall, stemflow and interception loss for R. pseudoacacia accounted for 81.8%, 1.4% and 16.8% of gross rainfall, respectively. Corresponding values for "
W3212855180,B1,9,2021,18,Sarah Ponte,"Transpiration rates of red maple (Acer rubrum L.) differ between management contexts in urban forests of Maryland, USA",https://doi.org/10.1038/s41598-021-01804-3,Scientific Reports,https://www.nature.com/articles/s41598-021-01804-3.pdf,"Abstract The hydrological functioning of urban trees can reduce stormwater runoff, mitigate the risk of flood, and improve water quality in developed areas. Tree canopies intercept rainfall and return water to the atmosphere through transpiration, while roots increase infiltration and storage in the soil. Despite this, the amount of stormwater that trees remove through these functions in urban settings is not well characterized, limiting the use of urban forests as practical stormwater management strategies. To address this gap, we use ecohydrological approaches to assess the transpiration rates of urban trees in different management settings. Our research questions are: Do transpiration rates of trees of the same species vary among different management contexts? Do relationships between environmental drivers and transpiration change among management contexts? These management settings included single trees over turfgrass and a cluster of trees over turfgrass in Montgomery County, MD, and closed canopy forest with a leaf litter layer in Baltimore, MD. We used sap flux sensors installed in 18 mature red maple (Acer rubrum L.) trees to characterize transpiration rates during the growing season. We also measured soil volumetric water content, air temperature, relative humidity, and precipitation at each site. In agreement with our initial hypothesis, we found that single trees had nearly three times the daily sum of sap flux density (JS) of closed canopy trees. When averaged ove"
W4410705768,B1,9,2025,2,A Rougier,Plant potential to improve the pollutant treatment capacity of decentralised bioretention systems: insights and research prospects,https://doi.org/10.1007/s13762-025-06554-7,International Journal of Environmental Science and Technology,,
W2952619300,B1,9,2019,70,Changkun Ma,The modelling of rainfall interception in growing and dormant seasons for a pine plantation and a black locust plantation in semi-arid Northwest China,https://doi.org/10.1016/j.jhydrol.2019.06.021,Journal of Hydrology,,
W2995256982,B1,10,2019,27,Katarina Zabret,Evaluating the Influence of Rain Event Characteristics on Rainfall Interception by Urban Trees Using Multiple Correspondence Analysis,https://doi.org/10.3390/w11122659,Water,https://www.mdpi.com/2073-4441/11/12/2659/pdf?version=1576576830,"Urban trees play an important role in the built environment, reducing the rainfall reaching the ground by rainfall interception. The amount of intercepted rainfall depends on the meteorological and vegetation characteristics. By applying the multiple correspondence analysis (MCA), we analysed the influence of rainfall amount, intensity and duration, the number of raindrops, the mean volume diameter (MVD), wind speed and direction on rainfall interception. The analysis was based on data from 176 events collected over more than three years of observations. Measurements were taken under birch (Betula pendula Roth.) and pine (Pinus nigra Arnold) trees located in an urban park in the city of Ljubljana, Slovenia. The results indicate that rainfall interception is influenced the most by rainfall amount and the number of raindrops. In general, the ratio of rainfall interception to gross rainfall decreases with longer and more intense rainfall events. The influence of the raindrop number depends also on their size (MVD), which is evident especially for the pine tree. For example, pine tree interception increases with smaller raindrops regardless of their number. In addition, MCA gives a new insight into the influence of wind characteristics, which was not visible using previous methods of data analysis (regression analysis, correlation matrices, regression trees, boosted regression trees). According to the nearby buildings, a wind corridor is sometimes created, decreasing rainfall int"
W2782957318,B1,10,2017,0,James F. Reynolds,The Effects of Canopy Closure on Precipitation Throughfall: Ecological Restoration Considerations for Spanish Bank Creek,,Summit (Simon Fraser University),http://summit.sfu.ca/item/17624,"Since the 1860s the watershed of Spanish Bank Creek has experienced many ecological disturbances due to extensive old-growth logging and urban development. Most notably, these disturbances have altered the vegetative composition and hydrology throughout the watershed. The historic old-growth forest has been replaced by species typical of earlier seral stages, as well as invasive species such as English ivy (Hedera helix). This disturbed vegetation mosaic is characterized by an arrested ecological trajectory that perpetuates degraded conditions. Urban development has eliminated over a third of the historic length of Spanish Bank Creek and storm drains were installed to direct residential drainage into the stream. The combination of a disturbed forest and degraded hydrology intensifies runoff and associated sediment transport, and decreases the hydraulic retention time of the watershed. This has led to a significant decline in abundance of chum, coho, and cutthroat salmonids in Spanish Bank Creek.\n \nPrevious research has established how trees partition precipitation into throughfall, stemflow, and interception, however there are few studies examining the effects of canopy closure on throughfall within the context of ecological restoration. Thus, the objective of this paper is to determine if increasing canopy closure can be used as a restoration model to decrease throughfall, and consequently increase the hydraulic retention time of the watershed. Results indicated that great"
W2535681695,B1,10,2014,0,John Robert Taylor,"A multiscalar, interdisciplinary study of the social and ecological dynamics of urban agriculture in Chicago, IL",,Illinois Digital Environment for Access to Learning and Scholarship (University of Illinois at Urbana-Champaign),,"Although always a part of city life, urban agriculture has recently attracted increased attention from diverse groups in the United States, which promote it as a strategy for stimulating economic development, increasing food security and access, and combatting obesity and diabetes, among other social goals. Sites of urban food production, along with other urban landscapes, are also increasingly expected to provide additional ecosystem services, such as stormwater regulation, habitat provisioning, and biodiversity conservation, historically provided by rural areas. This research project employed a mix of quantitative and qualitative methods from the social and natural sciences to explore the spatial, social, and ecological dynamics of urban agriculture in Chicago, IL. The ultimate goal of the project was to develop a foundational understanding of those dynamics as a basis for expanding food production in the city and enhancing its contribution to urban systems at multiple scales. A first step to developing effective urban agriculture policies and programs at the city, neighborhood, or household level is the accurate mapping of existing sites of food production. Mapping efforts in major U.S. cities have been limited in their focus and methodology. Focusing on public sites of food production, such as community gardens, they have overlooked the actual and potential contribution of private spaces, including home food gardens, to local food systems. In the first phase of the resear"
W4413810866,B1,10,2025,2,Qi Chen,Effects of canopy characteristics and rainfall intensity on canopy water storage: A simulated rainfall study on the broadleaf and needleleaf species in subtropical China,https://doi.org/10.1016/j.ejrh.2025.102739,Journal of Hydrology Regional Studies,,"Jiangxi Province, China Canopy interception is influenced by both structural and rainfall characteristics. yet, the relative contributions remain unclear due to their complex interactions. A process-based experimental study was conducted to quantify rainwater storage on canopies and assess how rainfall and crown structural characteristics influence key interception metrics: maximum and minimum canopy interception weight ( S max and S min , g), interception per unit crown projected area ( C max and C min , mm), and interception to gross precipitation ratio ( R max and R min , %) for broadleaf and needleleaf species. Needleleaf species exhibit greater interception capacity than broadleaf species, due to morphological differences. Canopy interception is strongly influenced by both crown structure and rainfall parameters, with crown structure being critical for C max , C min , S max , S min , R max and R min , while rainfall characteristics primarily affect R max and R min . Three-dimensional canopy variables (leaf biomass density, leaf area density, leaf count density) have a stronger effect on C max and C min than two-dimensional variables (leaf area index, leaf biomass index, leaf count index). For R max , R min , C max and C min , leaf-related traits contributed more than branch-related traits. Within both leaf- and branch-related variables, their influence ranked as biomass, count, and area. Overall, Our findings indicate that tree characteristics exert a greater influence o"
W4402558983,B1,11,2024,2,Christopher Szota,Larger shrubs can maintain high infiltration and evapotranspiration rates in experimental biofiltration systems impacted by high sediment loads,https://doi.org/10.1016/j.ufug.2024.128520,Urban forestry & urban greening,,"Biofiltration systems can fail over time due to clogging by fine sediments in stormwater. Infiltration can be maintained by plant roots, but species selection for biofiltration to date has largely been driven by pollutant removal efficiency and tolerance of conditions. As a result, plant species diversity in biofilters is typically low and dominated by sedges and rushes. Increased use of woody species could in theory improve plant diversity, aesthetic appeal, infiltration under high sediment loads and volumetric runoff reduction via higher evapotranspiration , without jeopardising nutrient pollutant removal. We tested whether shrubs could maintain infiltration and evapotranspiration in biofiltration profiles treated with a high sediment load, by comparing them with biofilters subjected to tap water without sediment. Following sediment application, biofilter columns planted with shrubs with high total biomass and total root length showed higher infiltration and evapotranspiration than those receiving tap water. These results indicate that shrub species are likely to alleviate clogging and increase stormwater retention in biofiltration systems. However, shrubs with a high root diameter also had low total biomass and total root length and showed 33–51 % lower infiltration rates after sediment application compared with those receiving tap water. As all shrubs had higher root diameters than typical sedges and rushes, we suggest that shrubs need a combination of higher total biomas"
W3125252195,B1,11,2021,29,Décio Oscar Cardoso Ferreto,"Rainfall partitioning in young clonal plantations Eucalyptus species in a subtropical environment, and implications for water and forest management",https://doi.org/10.1016/j.iswcr.2021.01.002,International Soil and Water Conservation Research,https://www.sciencedirect.com/science/article/pii/S2095633921000034/pdf,"Different canopy characteristics of industrial eucalyptus may lead to differences in water evaporation and availability to plants. This study aims to understand rainfall partitioning in a young clonal plantation (age of 2–4.5 years) of three eucalyptus species by relating tree parameters: diameter at breast height, total height, and leaf area index. We measured rainfall, throughfall, stemflow and litter interception, along with the tree parameters. The eucalyptus trees had rainfall interception varying between 22 mm (for 178 mm of rainfall) and 42 mm (for 87 mm of te rainfall), throughfall between 106 mm (for 186 mm of rainfall) and 44 mm (for 74 mm of rainfall), and stemflow between 0.5 mm (for 92 mm of rainfall) and 1.4 mm (for 24 mm of rainfall). For the three species, rainfall interception varied between 12 and 48%, throughfall between 57 and 90%, and stemflow between 0.3 and 5.4%. The coefficient of determination between interception and rainfall was 0.76, indicating interception depends on other variables, possibly including antecedent rainfall, rainfall intensity, and seasonality. Interception decreased with a reduction in leaf area index caused by eucalyptus defoliation. The E. benthamii had 0.75 mm of throughfall per 1 mm of rainfall, whereas in E. dunnii and E. saligna, these ratios were 0.71 and 0.68, respectively. Stemflow in E. benthamii and E. dunii had a higher positive relationship with the diameter at breast height of the trees, whereas in E. saligna the high"
W4413824638,B1,12,2025,3,Chaonan Xu,Urban-Scale Quantification of Rainfall Interception Drivers in Tree Communities: Implications for Sponge City Planning,https://doi.org/10.3390/su17177793,Sustainability,https://www.mdpi.com/2071-1050/17/17/7793/pdf?version=1756476468,"Urban trees play a crucial role in regulating hydrological processes within urban ecosystems by intercepting rainfall to effectively reduce surface runoff and mitigate urban flooding. Current research lacks a systematic quantification of rainfall interception capacity and its community-level impacts at the urban scale. This study adopts a city-scale perspective, integrating field survey data with the i-Tree Eco model to systematically explore the contributions of 20 factors to the average annual rainfall interception of tree species and the average annual rainfall interception efficiency of communities. The study revealed that Deciduous broadleaf trees (1.28 m3 year−1) and Pure coniferous forests (90.7 mm year−1) exhibited substantial rainfall interception capacity. Relative Height, Average Tree Height, Average Crown Width, and Planting Density of trees significantly influence interception capacity. Urban planning can optimize the selection of tree species (e.g., Paulownia, Populus tomentosa, etc.) and community structure (e.g., mixed planting of conifers and deciduous broadleaf trees) to improve rainfall interception capacity, thereby effectively reducing stormwater runoff, mitigating the risk of urban flooding. These findings provide a scientific basis for designing urban vegetation to mitigate flooding, support water management, and advance sponge city development."
W4414287618,B1,12,2025,1,Wenqin Ji,Rainfall characteristics affected canopy rainfall redistribution more than canopy structure and leaf micromorphology in three urban forest species in China,https://doi.org/10.1016/j.ufug.2025.129068,Urban forestry & urban greening,,"Rainfall redistribution in urban forests is a critical component of urban hydrological cycle, influencing runoff regulation and rainwater utilization. This study examined three urban forest species ( Cinnamomum camphora , Sophora japonica , and Platanus orientalis ) in Hefei, China, across 20 rainfall events during 2022–2023. Canopy interception, throughfall, and stemflow were monitored, and the effects of rainfall characteristics, canopy structure, meteorological factors, and leaf functional and microstructural traits were assessed. Throughfall was the major component, averaging 17.3–17.6 mm for the three species, followed by canopy interception (4.0–4.3 mm), and stemflow was minimal (0.06–0.1 mm). Rainfall characteristics greatly affected redistribution, particularly rainfall amount, which exhibited a linear positive correlation. Redistribution tended to increase initially and then stabilize with longer rainfall duration and higher intensity. Interception and throughfall were largely independent of canopy structure and other meteorological factors, whereas stemflow was negatively related to tree dimensions. Plant storage capacity was influenced by plant size, biomass, leaf wettability and microstructure, but these effects were attenuated for rainfall redistribution under natural rainfall conditions. These findings highlighted that rainfall characteristics primarily determined redistribution, with minor contributions from leaf and canopy traits, providing valuable insights i"
W2799768766,B1,12,2018,75,RICHARD J. SMITHERS,Comparing the relative abilities of tree species to cool the urban environment,https://doi.org/10.1007/s11252-018-0761-y,Urban Ecosystems,,
W1801795689,B1,13,2014,70,Richard G. Benyon,"Comparison of interception, forest floor evaporation and transpiration in Pinus radiata and Eucalyptus globulus plantations",https://doi.org/10.1002/hyp.10237,Hydrological Processes,,"Abstract Studies of evapotranspiration (ET) processes in forests often only measure one component of total ET, most commonly interception. This study examined all three components of annual ET (interception, evaporation from the forest floor and transpiration) and the correlations between them at 18 plantation forest sites in two species. All plantations had closed canopies, and sparse or no understorey. Single‐sided leaf area index averaged 3.5 (standard deviation ±0.5) in Eucalyptus globulus Labill. and 6.1 (±0.8) in Pinus radiata D.Don. Measurements included annual totals of rainfall in the open and under the canopy, stem flow (four sites only), evaporation from the forest floor and transpiration by the overstorey. Interception (I) averaged 19% (±4.9) of annual rainfall in E. globulus compared with 31% (±11.1) in P. radiata. However, higher annual interception in P. radiata did not result in higher total ET because annual evaporation from the forest floor (E) averaged 29% (±4.9) of rainfall in E. globulus but only 15% (±3.5) in P. radiata. Hence, the relative contribution of annual I plus E to ET did not differ significantly between the two species, averaging 48% (±7.3) of annual rainfall in E. globulus compared with 46% (±11.8) in P. radiata. As reported previously, transpiration did not differ significantly between the two species either, but was strongly related to depth‐to‐groundwater. In closed canopy plantations, mean annual ET did not differ between the two species."
W4388750221,B1,14,2023,7,Ali Norozi,Estimation of bark water storage capacity of broad- and needle-leaved trees planted in a semi-arid climate zone,https://doi.org/10.1016/j.jaridenv.2023.105100,Journal of Arid Environments,,"In forest ecosystems, measurement of bark water storage capacity (BWSC) is required for determining the amount of rainfall interception and understanding throughfall and stemflow processes. We compared the bark roughness coefficient (BRC) and BWSC of even-aged, widely-planted, broad-leaved and needle-leaved species in the Chitgar Forest Park, near Tehran, Iran. Bark samples (n = 10 per species) were extracted from three needle-leaved species ( Cupressus arizonica , Thuja orientalis , and Pinus eldarica ) and two broad-leaved species ( Acer velutinum and Robinia pseudoacacia ). The highest and lowest BWSC was found to be for A. velutinum and P. eldarica trees, respectively (0.63 vs . 0.32 g cm −3 ). Among the studied species, R. pseudoacacia had the highest BRC (0.69), and the lowest was found to be for A. velutinum species (0.03). The whole tree bole BWSC ranged from 156.8 L for P. eldarica to 14.6 L for A. velutinum . The results suggested that A. velutinum may provide more stemflow to the forest floor due to its small size, low BRC and subsequent low whole tree bole BWSC. These findings significantly contribute to our understanding of rainfall partitioning dynamics and ecohydrological processes associated with stemflow from trees. This improved understanding will help managers in selecting tree hydrologic characteristics that align with their objectives in forestry treatments, afforestation plans and establishment of vegetation in urban park settings within drylands."
W4387125430,B1,14,2023,1,Claudia Bolaños-Sánchez,"Canopy rainfall interception by pine (Pinus hartwegii Lindl) and oyamel [Abies religiosa ( Kunth ) Schltdl. y Cham.] at the Zoquiapan Experimental Forest Station, Mexico",https://doi.org/10.32854/agrop.v16i8.2614,Agro Productividad,https://revista-agroproductividad.org/index.php/agroproductividad/article/download/2614/2132,"Objective: To quantify and characterize the canopy rainfall interception of twodominant forest species of a coniferous forest in Mexico, in order to determine its magnitude and importance in the hydrological cycle and have a source of estimation of interception to improve the accuracy of water balance calculation.Methodology: Twenty-one rainfall events in the period May-June 2018 were analyzed in two 0.25-ha experimental plots, one with pine (Pinus hartwegii) and theother with oyamel (Abies religiosa), at the Zoquiapan Experimental Forest Station (EFEZ), located in the Sierra Nevada in the State of Mexico. Rainfall was measured with an automated weather station and interception was recorded by placing collectors under the canopy and collars on the trunks.Results: The pine tree P. hartwegii intercepted 16.37% of the precipitation, 79.86% of the throughfall, and 3.74% of the stemflow. For A. religiosa, recorded interception was 24.68%, throughfall 72.42%, and stemflow 2.90%. Precipitation had a linear relationship with both throughfall and stemflow, and an exponential one with canopy rainfall interception.Implications: The analysis should be extended to other rainy periods to strengthen the study.Conclusions: The intercepted volume depends on the forest measurement characteristics and leaf area index (LAI) of the species, and the rainfall amount. The fraction of rainfall intercepted is considerable and should be included in hydrological balances."
W4388832182,B1,15,2023,5,Benyao Wang,The Rainwater Interception Process and Capacity of Urban Tree Organs in Shanghai,https://doi.org/10.3390/atmos14111701,Atmosphere,https://www.mdpi.com/2073-4433/14/11/1701/pdf?version=1700445558,"The process of rainwater interception by tree organs is crucial in mitigating the impact of intense rainfall on urban drainage systems, particularly in the context of climate change. For this study, we selected ten commonly found tree species in Shanghai, and the main parts of trees, including their leaves, branches, and bark, were collected to analyze their ability to intercept rainwater. The optimized Artificial Rainfall Simulation System (ARSS) was applied to simulate rainfall. The time-changing process of rainwater interception in three organs was measured during a 180 min rainfall event under four different rainfall intensities (4, 8, 12, and 16 mm/h, respectively). Process models of rainwater interception in different organs were fitted with adsorption kinetic equations. The rainwater interception process of tree organs complied with the quasi second-order adsorption kinetic equation. The rainwater interception capacity values of the leaves, branches, and bark of the ten urban tree species ranged from 0.05 to 0.34 mm, 0.13 to 0.24 mm, and 0.29 to 1.22 mm, respectively. The rainwater interception capacity values of the three organs significantly differ (p < 0.05). The results of this study reveal that bark exhibits the greatest rainwater interception ability. Coniferous tree species have a greater ability to intercept rainwater than broad-leaved tree species. There are also differences in the rainwater interception ability of trees in urban and natural areas."
W1973854637,B1,15,2012,52,Weijun Shen,Atmospheric deposition and canopy exchange of anions and cations in two plantation forests under acid rain influence,https://doi.org/10.1016/j.atmosenv.2012.10.015,Atmospheric Environment,,
W2607563115,B1,15,2017,13,Agung Sri Darmayanti,The Canopy Structure and Its Impact on Hydrological Performance of Five Local Trees Species Grown in the Purwodadi Botanic Garden,https://doi.org/10.11594/jtls.07.01.07,Journal of Tropical Life Science,https://jtrolis.ub.ac.id/index.php/jtrolis/article/download/659/pdf,"The hydrological performance of individual tree can be estimated by measuring the stem flow, throughfall and rainfall interception. Water distribution through tree canopy is affected by tree architectural model and another treeâ€™s morphology. This research was done in order to predict the most appropriate tree species that is suitable on soil and water conservation. This research was conducted in Purwodadi Botanic Garden during the rainy season on January 2014 to March 2015, in order to examine the interception rate, throughfall and stemflow on some selected local plants i.e Syzygium polyanthum, Diospyros blancoi, Schleichera oleosa, Madhuca longifolia, and Canarium vulgare. Other observation that support the data, was also measured i.e. Leaf Area Index (LAI), crown depth, leaf size, Diameter of Breast Height (DBH), and height of tree on each species. Results showed that Diospyros blancoi has the highest interception value, which is 53 %, followed by C. vulgare 47.4%, S. oleosa 46.9 %, M. longifolia 38.6%, and S. polyanthum 35.6% respectively. Under the heavy rain, D. blancoi, which has the highest LAI value, also showed the best performance in the rainfall interception value and showed significantly different among others. Canopy interception and stem flow is related to rainfall, the higher the rainfall, the higher the throughfall and the stemflow among species. Morphology on each species, gives the different effect on their partitioning rainfall value. Â Â"
W7110851129,B1,16,2025,0,"Bolaños-Sánchez, Claudia","Canopy rainfall interception by pine (Pinus hartwegii Lindl) and oyamel [Abies religiosa (Kunth) Schltdl. y Cham.] at the Zoquiapan Experimental Forest Station, Mexico",https://doi.org/10.32854/agrop.vi.2379,"AgEcon Search (University of Minnesota, USA)",,"Objective: To quantify and characterize the canopy rainfall interception of two dominant forest species of a coniferous forest in Mexico, in order to determine its magnitude and importance in the hydrological cycle and have a source of estimation of interception to improve the accuracy of water balance calculation. Methodology: Twenty-one rainfall events in the period May-June 2018 were analyzed in two 0.25-ha experimental plots, one with pine (Pinus hartwegii) and the other with oyamel (Abies religiosa), at the Zoquiapan Experimental Forest Station (EFEZ), located in the Sierra Nevada in the State of Mexico. Rainfall was measured with an automated weather station and interception was recorded by placing collectors under the canopy and collars on the trunks. Results: The pine tree P. hartwegii intercepted 16.37% of the precipitation, 79.86% of the throughfall, and 3.74% of the stemf low. For A. religiosa, recorded interception was 24.68%, throughfall 72.42%, and stemf low 2.90%. Precipitation had a linear relationship with both throughfall and stemf low, and an exponential one with canopy rainfall interception. Implications: The analysis should be extended to other rainy periods to strengthen the study.Conclusions: The intercepted volume depends on the forest measurement characteristics and leaf area index (LAI) of the species, and the rainfall amount. The fraction of rainfall intercepted is considerable and should be included in hydrological balances."
W2043236293,B1,17,2008,193,ANDREW W. PARK,The influence of canopy traits on throughfall and stemflow in five tropical trees growing in a Panamanian plantation,https://doi.org/10.1016/j.foreco.2007.12.025,Forest Ecology and Management,,
W2884681536,B1,18,2018,18,Nejc Bezak,Application of Copula Functions for Rainfall Interception Modelling,https://doi.org/10.3390/w10080995,Water,https://www.mdpi.com/2073-4441/10/8/995/pdf?version=1533202149,"Rainfall interception is an important process of the water cycle that can have significant influence on surface runoff and groundwater storage. Since rainfall interception measurements are rare and time consuming, rainfall interception estimation can be made indirectly using different meteorological variables. Experimental data of rainfall interception for birch and pine trees was measured at an experimental plot located in an urban area of Ljubljana, Slovenia in this study. A copula model was applied to predict the rainfall interception using meteorological variables, namely air temperature and vapour pressure deficit data. The copula model performance was compared to some other models such as decision trees, multiple linear regressions, and exponential functions. Using random sampling, we found that the copula model where Khoudraji-Liebscher copula functions were used yielded slightly smaller root mean square error (RMSE) and mean absolute error (MAE) values than other tested methods (i.e., RMSE and MAE results for birch trees were 24.2% and 18.2%, respectively and RMSE and MAE results for pine trees were 25.0% and 19.6%, respectively). The results demonstrate that the copula-based proposed method and other tested models could be used for the prediction of rainfall interception at the considered plot and in the wider surroundings. Furthermore, these models could also be applied for the prediction of rainfall interception for these two tree species in other locations under s"
W4214896152,B1,18,2022,26,Shulan Sun,Higher canopy interception capacity of forests restored to the climax stage in subtropical China,https://doi.org/10.1002/hyp.14538,Hydrological Processes,,"Abstract Canopy interception loss is an important hydrological process that affects rainfall redistribution, nutrient cycling, and soil and water conservation in forest ecosystems. However, the manner in which interception loss is affected in forests that are in restoration stages dominated by different tree species has not been fully understood. In this study, interception loss, throughfall, and stemflow were measured consecutively for 2 years (May 2017 through April 2019) in three secondary forests in subtropical China: a coniferous and broadleaved mixed forest (Pinus massoniana, Lithocarpus glaber, PM) in early restoration stage, a deciduous broadleaved forest (Choerospondias axillaris, CA) in middle restoration stage, and an evergreen broadleaved forest (L. glaber–Cyclobalanopsis glauca, LG) in late restoration stage. For a given amount of rainfall, the relative interception loss in the CA was significantly lower than that in the evergreen forests in summer, spring, or winter. The amount of interception loss during light rain, moderate rain, or heavy storms was also significantly lower in CA as compared to that in evergreen forests, owing to the lesser leaf area and phenology of deciduous tree species as well as a higher leaf area index (LAI) and stand density in PM and LG. Meanwhile, the highest relative interception loss, interception loss amount, canopy storage capacity, canopy cover fraction, and mean evaporation rate was observed in the climax forest (LG), which has "
W3014026144,B1,19,2020,0,Akram Ahmed,Estimation of Net Rainfall through Guava Tree for In-Situ Soil Moisture Conservation in Guava Based Hortipasture System in Central India,,UKnowledge (University of Kentucky),https://uknowledge.uky.edu/cgi/viewcontent.cgi?article=1809&context=igc,"Rainfall (R) falling on any vegetation can be partitioned in Stemflow (SF), Throughfall (TF) and Interception loss (I). Stemflow is that part of rainfall which flows down to the ground via leaves, stem, branches and trunk (above ground vegetative part). Throughfall is the part of rainfall which drips down through the canopy to the ground. Interception is the part of the rainfall after absorption by different parts of tree which remains with the above ground vegetative part and later on lost by the process of evaporation. Thus, SF and TF are combined termed as net rainfall and flow as runoff after meeting the infiltration demand of the soil. The water balance equation of rainfall falling on vegetation is written as, R=SF+TF+I. In wooded ecosystem, SF and TF are most important which account about 70-90% of the incident rainfall and rest goes to interception loss (Bryant et al., 2005). Proportion of the rainfall partitioned components depends on different climatic factors and Plant canopy architecture properties. These climatic factors include rainfall amount, intensity, duration, wind speed and its temporal distribution whereas canopy properties are canopy structure, leaf area index (LAI), leaf branch properties etc. Levia et al. (2010) showed that SF volume depends on tree species, crown size, leaf shape and orientation, branch angle, and bark roughness. Throughfall yield depends on canopy density (Bouten et al., 1992), rainfall amount and intensity (Weiqing et al., 2007), win"
W2955583604,B1;B1,2,2019,81,Byungsun Yang,The effects of tree characteristics on rainfall interception in urban areas,https://doi.org/10.1007/s11355-019-00383-w,Landscape and Ecological Engineering,https://link.springer.com/content/pdf/10.1007/s11355-019-00383-w.pdf,"Trees in urban areas have significant effects on the urban ecosystem. They can be used to improve the water cycle in urban areas by increasing evaporation and reducing runoff through rainfall interception. Street trees placed in planters on impervious areas reduce runoff by intercepting rainfall and by temporarily storing raindrops on leaves. Therefore, understanding tree canopy geometry and the effect of rainfall interception is important in urban hydrology. In this study, we assessed the effect of tree canopy morphology on rainfall interception using four major street tree species, Sophora japonica L., Ginkgo biloba L., Zelkova serrata (Thunb.) Makino, and Aesculus turbinata Blume, in Seoul, South Korea. We measured throughfall for each tree and also derived three-dimensional data of tree canopy morphology with a terrestrial laser scanner. Tree height, canopy crown width, leaf area index (LAI), leaf area density, mean leaf area, and mean leaf angle were used to determine canopy morphology. The interception rate was mostly affected by the LAI; a higher LAI tended to result in a higher interception rate. Leaf area affected the rainfall interception rate when trees had similar LAIs. These findings on individual tree canopy rainfall interception can help us to understand the importance of rainfall interception in hydrology and for ecological restoration when planning urban green spaces."
W4317254690,B1;B1,3,2023,48,Didier Técher,Supporting evidences for vegetation-enhanced stormwater infiltration in bioretention systems: a comprehensive review,https://doi.org/10.1007/s11356-023-25333-w,Environmental Science and Pollution Research,,
W7131210141,B1;B1,4,2026,0,Xuexiu Zhao,Benefits of an urban isolated tree combined with ground covers for stormwater management through interception–infiltration–runoff processes,https://doi.org/10.1016/j.ufug.2026.129366,Urban forestry & urban greening,,"Urban trees contribute to stormwater management through crown interception loss and root-enhanced infiltration that reduces surface runoff. However, the effects of tree crowns and roots on surface runoff are often simplified in simulation models such as the Storm Water Management Model (SWMM). This study aimed to evaluate the benefits of an urban isolated tree combined with different ground covers for stormwater management through interception–infiltration–runoff (IIR) processes using SWMM. The crown interception processes for an isolated tree (i.e., Zelkova tree, 6.4 m height) were measured for three years using a weighing lysimeter to obtain the net rainfall reaching the ground surface beneath the tree crown. Additionally, the root-influenced infiltration process was modeled using an optimal set of parameters that were validated using irrigation-drainage experiment data. By applying the set of parameters to SWMM, surface runoff reduction for different combinations of 15 rainfall events was estimated. The results revealed that the target tree reduced surface runoff by 4.6% during heavy rains. Additionally, when combined with the tree, the impermeable and water-retaining pavements achieved 65.5% and 12% reductions during the 15 rainfall events. From the estimation results of annual surface runoff in Tokyo, similar results were observed for permeable pavement with and without trees. However, the presence of trees reduced annual surface runoff by approximately 2%, 70%, and 8% c"
W4395043617,B1;B1,7,2024,14,Markus Anys,Rainfall interception by urban trees: Event characteristics and tree morphological traits,https://doi.org/10.1002/hyp.15146,Hydrological Processes,,"Abstract The rapid expansion of impermeable surfaces in cities has a major impact on urban hydrology by reducing rainwater infiltration and increasing runoff rates and peaks. The use of urban trees as stormwater management tools is gaining recognition for their potential to mitigate flood risk and provide additional ecosystem services. We conducted an in‐situ field experiment to measure throughfall on Norway maple (Acer platanoides) and small‐leaved lime (Tilia cordata) to assess the interception capacity of solitary urban trees under different degrees of surface sealing in the city of Freiburg, Germany. We examined the relationships between rainfall characteristics, tree morphological traits, and the interception behaviour, analysing eight trees per species over 76 recorded rainfall events from April to September 2021. Average interception values were higher for small‐leaved lime trees (70.3% ± 6.6%) than for Norway maple (54.8% ± 10.3%) surpassing those in typical forested environments. The average interception loss of all recorded events was 2.6 ± 0.6 mm for Norway maple and 3.7 ± 0.3 mm for small‐leaved lime. For both tree species, significant linear correlations were found between the relative interception and factors such as rainfall depths, the leaf area index (LAI), and the plant area index (PAI) (adj. R2 >0.45). Unlike Norway maple, small‐leaved lime demonstrated significant relationships between several tree morphological parameters and interception (adj. R2 >0.43)."
W2082591294,B1;B1,9,2013,202,Stephen J. Livesley,Rainfall interception and stem flow by eucalypt street trees – The impacts of canopy density and bark type,https://doi.org/10.1016/j.ufug.2013.09.001,Urban forestry & urban greening,,
W2887239176,B1;B1,11,2018,73,Mariana Dias Baptista,Variation in leaf area density drives the rainfall storage capacity of individual urban tree species,https://doi.org/10.1002/hyp.13255,Hydrological Processes,,"Abstract A rapid rise of urban population is making cities denser. Consequently, the proportion of impervious surface cover has enlarged, increasing the amount and speed of run‐off reaching urban catchment areas, which may cause flash flooding. Trees play a key role to reduce run‐off in the city, as they intercept rainfall and store part of it on their leaves and branches, reducing the amount and speed of water running onto impervious surfaces. Storage capacity will depend on the rainfall event, the climate conditions and tree characteristics and canopy density. These canopy characteristics vary greatly among different species and their phenology. Furthermore, these canopy characteristics can vary greatly among individual trees of the same age, size, and species. This study tested how canopy density and leaf characteristics of three different tree species affect storage capacity under simulated rainfall conditions. Three species were selected (Ulmus procera, Platanus × acerifolia, and Corymbia maculata), each being of the same height and similar canopy dimensions. Storage capacity was measured using a mass balance approach during a 15‐min indoor, simulated rainfall event (2.5 mm/hr). Canopy metrics were estimated using a terrestrial laser scanner. Canopy surface area was measured through destructive harvest and leaf/twig/branch scanning. To investigate variations in the canopy leaf density, leaves were systematically removed to create four treatments: full, half, quarter, and"
W3210370409,B1;B1,13,2021,29,Zhi‐Yun Jiang,Rainfall partitioning and associated chemical alteration in three subtropical urban tree species,https://doi.org/10.1016/j.jhydrol.2021.127109,Journal of Hydrology,,
W4297372932,B1;B1,14,2022,24,M. Howard,Quantifying urban tree canopy interception in the southeastern United States,https://doi.org/10.1016/j.ufug.2022.127741,Urban forestry & urban greening,,
W2782737977,B1;B1,16,2018,126,Katarina Zabret,Influence of meteorological variables on rainfall partitioning for deciduous and coniferous tree species in urban area,https://doi.org/10.1016/j.jhydrol.2018.01.025,Journal of Hydrology,,
W2648619478,B1;B1,19,2017,84,Janez Kermavnar,Canopy precipitation interception in urban forests in relation to stand structure,https://doi.org/10.1007/s11252-017-0689-7,Urban Ecosystems,https://link.springer.com/content/pdf/10.1007/s11252-017-0689-7.pdf,"Urban forests provide important ecosystem services. In terms of hydrological benefits, forest ecosystems in urban environments represent qualitative and quantitative filter for rainwater. We quantified the canopy interception in relation to urban forest stand structure and rainfall intensity in an urban transect of the mixed (upland) forest in the city centre, towards a riparian pine forest and a floodplain hardwood forest in the City of Ljubljana, Slovenia. Bulk precipitation in open areas and throughfall were measured with fixed rainfall collectors in each forest. Stemflow was estimated from a review of relevant literature. We found that canopy interception in selected urban forests was mainly affected by tree species composition and other stand structure variables, such as canopy cover and tree dimensions. Average annual canopy interception was highest in the mixed forest (18.0% of bulk precipitation), while the riparian pine forest had the lowest level (3.9% of bulk precipitation) and the floodplain hardwood forest had the intermediate level for interception (7.1% of bulk precipitation). The mixed forest exhibited the stand structure factors that contributed to the highest canopy interception among the studied forests: high assemblage of dominant coniferous trees, denser canopy cover and the highest growing stock. Furthermore, rainfall intensity has proven to be an important factor for the seasonal partitioning (comparing the leafed and leafless period) of canopy intercep"
W2757950917,B1;B1;B2,3,2017,31,Jie Huang,Modelling rainfall interception by urban trees,https://doi.org/10.1080/07011784.2017.1375865,Canadian Water Resources Journal / Revue canadienne des ressources hydriques,https://www.tandfonline.com/doi/pdf/10.1080/07011784.2017.1375865?needAccess=true&role=button,"Trees in the urban environment have significant effects on the hydrological cycle by aiding in the reduction of stormwater runoff through rainfall interception. Factors such as wind exposure, relative humidity and leaf area index in the urban environment differ from those in a forest and affect the processes occurring within the canopy of conifers and deciduous tree species differently. This study focused on the interception losses of trees in an urban setting with a view to providing some information on tree selection in urban environments. An analytical model was formulated based on a rainfall interception model developed for sparse canopy forests and preliminary data on water losses from tree canopy interception. The model was validated using empirical data, and an assessment of the performance of the model for four deciduous tree species (white oak, Norway maple, green ash and Prunus sp.). Model-calculated values of interception losses and throughfall were congruent with measured empirical values. Sensitivity analysis with respect to model parameter values revealed that evaporation and rainfall rates were the most sensitive parameters for model output. The ratio of evaporation rate to rainfall rate used in the model was identified as the most dynamic parameter. To measure independently the two components requires further analysis, and a more reliable measurement of leaf area index."
W2604659266,B1;B1;B2,17,2017,18,Jiankang Guo,"Predicted models for potential canopy rainfall interception capacity of landscape trees in Shanghai, China",https://doi.org/10.1007/s10342-017-1039-2,European Journal of Forest Research,,
W7202026296,B1;B1;B3;B6,12,2026,0,Mohammad A. Rahman,Multi-layered Urban Forests: can a City be dense and green?,https://doi.org/10.3389/frsc.2026.1842594,Frontiers in Sustainable Cities,https://www.frontiersin.org/journals/sustainable-cities/articles/10.3389/frsc.2026.1842594/pdf,"Cities can be both dense and green, but achieving this depends strongly on how and where urbanisation occurs. Debates around how to achieve urbanisation that reduces impacts on biodiversity often centre on the strategies of land sparing or land sharing (Fischer et al., 2014).Land sparing concentrates development to preserve large green areas for biodiversity elsewhere, whereas land sharing distributes greenery to support biodiversity throughout the urban fabric. In practice, urban regions often implement hybrid configurations in which compact development at the metropolitan scale is combined with distributed vegetation at neighbourhood and parcel scales, mediated by diverse public and private ownership arrangements (e.g. street trees, pocket parks, communal courtyards and private gardens) (Hansen et al., 2019). Land sparing is an important consideration at the point of planning new cities or as cities expand. However, within the city, land sharing is imperative regardless of the density of the built form (Selinske et al., 2023); particularly when the vision is for dense, green and biodiverse cities. These approaches are not neutral with respect to management: decisions about irrigation, pruning, pesticide use and access all interact with spatial configuration to shape biodiversity outcomes and ecosystem service delivery in dense urban contexts.In this opinion, we argue, drawing exclusively on published evidence and conceptual advances rather than new empirical data that dense"
W4409015318,B1;B2,9,2025,10,Mark Bryan Alivio,An evaluation of the stormwater runoff reduction of two distinct tree species to support urban greening as nature-based solutions,https://doi.org/10.1016/j.ufug.2025.128792,Urban forestry & urban greening,,"Trees, as a vital element of urban greening, have been increasingly recognized for their hydrologic contributions to stormwater management. However, the representation of tree canopy hydrological processes is often simplified or overlooked in existing stormwater models. This study modelled and evaluated the stormwater runoff reduction potential of birch ( Betula pendula ) and pine ( Pinus nigra ) trees in three scenarios (i.e., birch, pine, and mixed planting) on a storm event basis using the updated Storm Water Management Model (SWMM) tree canopy module. The model effectively represents the rainfall interception process of both tree species during different phenoseasons, demonstrating strong correlations between simulated and observed throughfall ( r = 0.97–0.99) and interception values ( r = 0.72) across all storm events. The results indicate that implementing urban trees in the study area led to an average reduction of 20–25 % in runoff volume and 16–25 % in peak flow, depending on the scenarios and phenoseasons. The most significant runoff reduction benefits were observed in a mixed-species planting scenario and during the leafed season. This interplay between species highlights the advantages of mixed-species plantings in urban environments, where diverse tree characteristics can enhance hydrological performance. However, the effectiveness of trees is limited during intense, high-volume storm events, although they still provide tangible benefits of up to 13.2 % reduction"
W1980154827,B1;B3,4,2013,7,Caroline E. Ridley,Debate: Can Bioenergy Be Produced in a Sustainable Manner That Protects Biodiversity and Avoids the Risk of Invaders?,https://doi.org/10.1890/0012-9623-94.3.277,Bulletin of the Ecological Society of America,,"Weighing contrasting evidence is an integral element of science (Osborne 2010). The dominant forum for doing this and for scientific exchange in general is the peer-review and publication process. It tends to be slow because of the time required to conduct critical reviews. Rapid exchange and discourse, in the form of a live debate, can also move science forward. Whether fast or slow, debate and discourse are particularly important in sustainability research when novel human activities with unknown consequences are introduced. For example, whether bioenergy can become a sustainable future source of energy is a contentious issue. Topics of disagreement include the relative importance of different aspects of sustainability, regional variation in benefits, the validity of methods used to perform environmental assessments, choices of sustainability targets, and the reliability of sustainability certification (Acosta-Michlik et al. 2011, Jorgensen and Andersen 2012). We held a modified Oxford-style debate at the 2012 ESA Annual Meeting in Portland, Oregon. Here, we summarize the key arguments advanced by opposing debate positions on the thesis that Producing bioenergy can be sustainable for habitat availability and biodiversity and can avoid the risk of new invaders. We gauged audience reactions to arguments made by representatives of both sides. We highlight the salient uncertainties in the debate, describe effective rhetorical strategies, and discuss purposes and appropriate con"
W4380422834,B1;B3,10,2023,5,Meghan L. Avolio,The unexplored effects of artificial selection on urban tree populations,https://doi.org/10.1002/ajb2.16187,American Journal of Botany,https://onlinelibrary.wiley.com/doi/pdfdirect/10.1002/ajb2.16187,"Cities nationwide are pursuing ambitious tree canopy cover goals and tree planting initiatives because of the numerous perceived and quantified benefits of urban trees including urban heat island mitigation, stormwater runoff reduction, and beautification (Morgenroth et al., 2016; Doroski et al., 2020). Management priorities for cities include creating diverse urban tree communities to offer protection against pest outbreaks, climate change, and other stressors (Kendal et al., 2014). A common rule of thumb for minimizing risk from tree threats, such as pest outbreaks, is the ""10-20-30 rule"" in tree diversity selection, which recommends no more than 10% of individuals in a city's forest should be of a single species, 20% from a single genus, and 30% from a single family (Santamour, 1990). This rule is a means to enhance the resilience of urban forests to pest outbreaks and other disturbances by increasing taxonomic and phylogenetic diversity. Having a rule about how to plant trees to maintain species diversity highlights the fact that urban forests contain many trees that are planted (Nowak, 2012) and that interspecific diversity is a recognized goal to prevent catastrophic urban tree loss to invasive pests and diseases. While there are guidelines and research on taxonomic and phylogenetic diversity in cities (Morgenroth et al., 2016), surprisingly little is known about intraspecific genetic diversity of urban tree populations and its effect on urban forest sustainability. In "
W7161544476,B1;B3;B3;B6,3,2026,0,Víctor L. Barradas,Planting for the sake of planting: a denser city can be greener,https://doi.org/10.3389/frsc.2026.1811484,Frontiers in Sustainable Cities,https://www.frontiersin.org/journals/sustainable-cities/articles/10.3389/frsc.2026.1811484/pdf,"Urbanization began ~10,000 years ago with agricultural settlements. The earliest urban centers arose in Mesopotamia, the Nile Valley, and the Indus Valley, functioning as political, religious, and commercial centers (Mumford, 1961). However, large-scale urbanization did not occur until the 18th century, when the Industrial Revolution in Europe triggered rapid migration from rural to urban areas (OECD, 2020, UN-Habitat, 2020). Global urbanization then accelerated from ~30% in 1950 to >55% today, projected to reach 68-70% by 2050, primarily in Africa and Asia (UN DESA, 2019, UN-Habitat, 2022;OECD, 2020).This continuing migration drives urban densification and intensifies demand for housing, transportation, and other basic services. It also intensifies pressure on infrastructure, resulting in informal settlements, congestion, and strain on resources (UN-Habitat, 2020; UN DESA, 2019). Urban growth increases energy and water consumption, pollution, and waste generation, while accelerating the loss of green spaces, factors that amplify climate change and environmental vulnerability (Seto et al., 2012;UNEP, 2021).Cities therefore face two critical challenges: increasing density and declining green space. To address these, many local governments have implemented urban greening and reforestation initiatives, such as the ""Greening of London"" project in the UK, the ""Urban Forest Fund"" in Melbourne, Australia, and ""The Smart City"" in Kuala Lumpur, Malaysia (City of Melbourne, 2025;Intern"
W7214617721,B1;B3;B6,7,2026,0,Kamlesh Verma,Beyond canopy targets: a performance- and risk-aware framework for urban tree species selection,https://doi.org/10.3389/frsc.2026.1861981,Frontiers in Sustainable Cities,https://www.frontiersin.org/journals/sustainable-cities/articles/10.3389/frsc.2026.1861981/pdf,"Cities are adopting ambitious tree canopy targets and large-scale planting programs to mitigate urban heat, air pollution, biodiversity loss, stormwater runoff, and climate-related risks (Jim & Chen, 2009;Pincetl et al., 2013;Yao et al., 2019). Canopy cover targets are attractive policy instruments because they are measurable, reportable, and verifiable, easily communicated, and facilitate the monitoring of urban greening commitments. However, canopy expansion is fundamentally a quantitative measure and does not necessarily indicate tree survival, long-term functionality under changing climatic conditions, or sustained net benefits for urban residents (Kenney et al., 2011). Consequently, canopy expansion alone does not ensure appropriate species composition or adaptation to local environmental conditions.Urban forestry research has recognized these limitations through concepts such as the right tree, right place principle (Langenheim et al., 2020), climate-ready tree selection (Tabassum et al., 2023), functional and taxonomic diversity (Paquette et al., 2021), and ecosystem servicedisservice assessments (Escobedo et al., 2011). Studies have demonstrated that inappropriate species selection can increase exposure to allergenic pollen and biogenic volatile organic compounds (BVOCs) (Calfapietra et al., 2013;Escobedo et al., 2023), intensify infrastructure conflicts (Randrup et al., 2001), while inadequate post-planting stewardship can reduce establishment success (Roman et al., "
W2936435999,B2,0,2019,16,David E. Bautista,"Simulating the Hydrological Impact of Green Roof Use and an Increase in Green Areas in an Urban Catchment with i-Tree: A Case Study with the Town of Fontibón in Bogotá, Colombia",https://doi.org/10.3390/resources8020068,Resources,https://www.mdpi.com/2079-9276/8/2/68/pdf?version=1554793217,"Urbanization has produced various social, environmental, and hydrological impacts, such as reduced biodiversity, increased urban temperatures, ecosystem degradation, air and water pollution, changes to hydrological processes, groundwater recharge alterations, increased prevalence of floods, vegetation removal, and potential increases in unstable soils. Finding solutions to mitigate the impacts of urbanization is of vital importance in the development and planning of cities, and particularly so for developing countries. One strategy gaining momentum is the use of green roofs and larger green areas (greater green cover under trees, with the purpose of increasing the permeable area) for runoff control. In this study, a simulation was carried out using the i-Tree Hydro software that involved the urban basin in the Fontibón area of Bogotá, Colombia, with the aim of observing the hydrological benefits of trees, green areas, and permeable zones. Five scenarios were proposed in which green roof coverage was implemented (20% and 50% increases in green areas in Scenarios 1 and 2), coverage under existing trees was enhanced (50% and 100% increase in Scenarios 4 and 5), and finally a complete removal of green zones in Fontibón was simulated (Scenario 3). The town is relatively susceptible to a reduction in its existing green areas, with an increase in total flow of more than 50% for one scenario considered. Thus, an increase in the permeable coverage under trees (50% and 100% increased c"
W4322155220,B2,0,2023,0,Tae Jin Kim,Evaluating the Impact of Urban Stormwater Runoff by Street Tree Canopy,https://doi.org/10.9798/kosham.2023.23.1.209,Korean Society of Hazard Mitigation,http://www.j-kosham.or.kr/upload/pdf/KOSHAM-2023-23-1-209.pdf,"Impervious area increase by urbanization and flash flood by climate change lead to abrupt increase in urban stormwater, unlike in the past. Currently, street trees play a significant role in urban environmental improvement such as green space, urban heat reduction, and air pollution reduction. In addition, transpiration from leaf canopy in an urban water cycle significantly impacts the decrease in urban stormwater runoff. In this study, leaf canopy, as in earlier areas, was evaluated for the impact of decreasing urban stormwater. US Environmental Protection Agency (EPA) Storm Water Management Model (SWMM) for urban stormwater runoff, Geographic Information System (GIS) for its input extraction, and image process for calculating the leaf canopy area were utilized. The simulation results indicated that flood runoff peak based on 20 frequency of sewer facility standard and 80 frequency of local river design standard decreased by 1.08% and 1.44%, respectively."
W7213402936,B2,0,2026,0,Raghad Awad,Machine Learning Surrogate Modelling in R for Rapid Screening of Green Infrastructure Hydrological Performance in Urban Stormwater Management: A Proof-of-Concept Study Using Synthetic Data,https://doi.org/10.5281/zenodo.22794459,Water,,"This repository contains the complete synthetic dataset and reproducible code supporting the manuscript and you need to unzip it inorder to see the files. contents of the file include the following ; A 2000-scenario synthetic dataset of catchment, storm, and green infrastructure (GI) typology-coverage combinations, generated from parameterized, non-linear analytical relationships (peak-flow attenuation and total-suspended-solids event-mean-concentration reduction as functions of imperviousness, storm return period, and coverage of four GI typologies: bioretention, green roofs, permeable pavement, vegetated swales). R scripts implementing the full modelling pipeline described in the manuscript: dataset generation; an 80/20 stratified train–test split; 5-fold cross-validated hyperparameter tuning; training of a linear regression baseline, a random forest model, and an XGBoost model; computation of R², RMSE, and MAE; feature-importance analysis (node-impurity for random forest, gain-based for XGBoost); and indicative runtime benchmarking. A Python implementation (scikit-learn, xgboost) used to produce the exact numbers and figures reported in the revised manuscript's Tables 1–4 and Figures 2–3, run under a fixed, documented random seed for full reproducibility. Precomputed results (model metrics, feature importances, test-set predictions) and the two main results figures as published"
W2554992163,B2,0,2016,152,Eric A. Kuehler,Quantifying the benefits of urban forest systems as a component of the green infrastructure stormwater treatment network,https://doi.org/10.1002/eco.1813,Ecohydrology,,"Abstract The use of green infrastructure for reducing stormwater runoff is increasingly common. One under‐studied component of the green infrastructure network is the urban forest system. Trees can play an important role as the “first line of defense” for restoring more natural hydrologic regimes in urban watersheds by intercepting rainfall, delaying runoff, infiltrating, and transpiring captured stormwater. However, inadequate research quantifying the urban tree contribution to rainfall/runoff processes limits their promotion by stormwater managers. The purpose of this literature review is to highlight the limited research performed, document areas of need for quantifying the benefits of urban trees for stormwater management, and provide a basis for providing credits for trees in stormwater designs. Recent research has shown that urban trees can retain a sizable volume of annual rainfall in their crowns, delay the flow of stormwater runoff, substantially increase the infiltration capacity of urban soils, and provide transpiration of sequestered runoff for additional stormwater storage. Tree canopy effectiveness is highest during short, low‐intensity storms and lower as rainfall volume and intensity increases. While soils are the best medium to store and filter stormwater, trees may be integrated with other runoff reduction strategies to bring more natural hydrologic processes to urban watersheds by taking advantage of multiple points of retention. Gaps remain in the body of "
W2809609345,B2,1,2018,189,Chunlin Li,Effects of urbanization on direct runoff characteristics in urban functional zones,https://doi.org/10.1016/j.scitotenv.2018.06.211,The Science of The Total Environment,,
W7141424024,B2,1,2026,0,"Eslami, Ali",Looking under the canopy: Modelling how single trees contribute to runoff reduction in cities,https://doi.org/10.71573/zhbx9v70,OJS-Service ULBT,,"Urban trees provide a wide range of ecosystem services, including urban cooling, flood control, biodiversity, and air quality improvement. However, their impact depends on their physical attributes, seasonality, placement, and distribution in urban settings. This study focuses on the role of trees in stormwater management. Using the modified Gash and Rutter formulation, we developed a spatially distributed model to simulate individual tree’s interception capacity and throughfall. The model was applied to individual trees with time varying leaf area index (LAI) under different rainfall intensity, and canopy saturation conditions. Model validation against measurements showed strong agreement for total throughfall (R² ≃ 0.83) and interception (R² ≃ 0.61). At the urban scale, applying the model to a pilot area in Copenhagen, Denmark, resulted in a total runoff reduction of 15.2%, with local contributions varying between 2% and 43% based on tree characteristics. However, tree effectiveness was primarily driven by rainfall intensity and tree seasonality. Further research is needed to refine species-specific interception capacity and improve LAI-based parameterization in tree interception. Integrating this approach with hydrodynamic simulations could enhance understanding of trees’ local flood control contributions, supporting urban planning and tree-planting strategies to optimize city resilience."
W7214580753,B2,1,2026,0,Raghad A. Awad,Machine Learning Surrogate Modeling in R for Rapid Screening of Green Infrastructure Hydrological Performance in Urban Stormwater Management: A Proof-of-Concept Study Using Synthetic Data,https://doi.org/10.3390/w18192413,Water,,"Background: Physically-based, coupled hydrological–low-impact-development (LID) models, such as the U.S. EPA Storm Water Management Model (SWMM), estimate green infrastructure (GI) performance in detail but are computationally expensive to run across many catchment, storm, and typology combinations. Methods: This methodological proof-of-concept develops an open-source R workflow (randomForest, xgboost, caret) on a synthetic dataset of 2000 catchment–storm–typology scenarios generated from prescribed non-linear equations of imperviousness, storm return period, and the coverage of four GI typologies. None of the scenarios were generated by SWMM-LID simulation or field monitoring. Random forest, XGBoost, and a linear baseline were trained to predict synthetic peak-flow attenuation and suspended-solid (TSS) removal. Results: On the held-out synthetic test set, XGBoost and random forest reached R2 values of 0.96 and 0.92 for peak-flow attenuation (linear baseline: 0.90) and 0.94 and 0.89 for TSS reduction (linear baseline: 0.79). These values show that the models learned the synthetic response surface; they do not measure predictive skill for real GI systems. Feature importance reproduced the typology weighting embedded in the data-generating equations. Surrogate inference took about 2–4 ms (measured), compared with tens of minutes typically reported in the literature for SWMM-LID runs (not measured here); this is an indicative comparison, not a controlled benchmark. Conclusions: "
W4385471707,B2,1,2023,82,Asia L. Dowtin,"Towards optimized runoff reduction by urban tree cover: A review of key physical tree traits, site conditions, and management strategies",https://doi.org/10.1016/j.landurbplan.2023.104849,Landscape and Urban Planning,,"In this study, we conducted a systematic literature review to determine the physical tree traits, site conditions, and urban forest management strategies that provide optimal stormwater runoff mitigation through the interception of precipitation or enhanced infiltration of water routed toward the ground by urban tree cover. Our review found that foliar characteristics such as high leaf area index, low hydrophobicity, low inclination angles, and high surface roughness promote rainfall retention by the canopy, as do high bark water storage capacity and a denser crown. In addition, when soil conditions are suitable, infiltration can be enhanced by urban tree cover and promoted through efficient funneling of stemflow through the tree canopy, with this process facilitated by erectophile branching structure, bark of low microrelief and morphology conducive to water transport, and multi-leader canopies. Consideration of these traits should be made when selecting trees to enhance stormwater mitigation by urban tree cover. Applications related to the establishment, maintenance, and management of urban tree cover to maximize stormwater management benefits are also explored. Strategic selection and management of urban trees may significantly increase their collective capacity to reduce runoff volumes at a landscape scale."
W2536164979,B2,2,2016,12,T. V. Ramachandra,"Environmental Flow Assessment in a Lotic Ecosystem of Central Western Ghats, India",https://doi.org/10.4172/2157-7587.1000248,Hydrology Current Research,https://doi.org/10.4172/2157-7587.1000248,"Environmental/Ecological flow refers to the minimum flow of water to be maintained in a water body (river, lake, etc.) to sustain ecosystem services.Understanding environmental flow is important to ensure the local ecological and social (people, agriculture and horticulture, etc.) needs in a sustained and balanced way, while designing large scale projects (such as hydro-electric, river diversion, etc.).Western Ghats are the mountain ranges extending from southern tip of India (Tamil Nadu-Kanyakumari) to Gujarat.These mountain ranges are rich in biodiversity with diverse and endemic flora and fauna, and is birth place to numerous perennial rivers namely Netravathi, Sita, Sharavathi, Aghanashini, Krishna, Cauvery, etc.Western Ghats is often referred as water tower of peninsular India, due to the water and food security provided by the ecosystem through array of services.The region is also one among 35 global biodiversity hotspots.However, deforestation due to large scale land cover changes has affected the water sustenance in the region evident from the quantity and duration of water availability during post monsoon period.Forests in the Western Ghats along with the soil characteristics and precipitation plays a major role in storing water in sub-surface (vadoze and groundwater) zones during monsoon, and releases to the streams during post monsoon periods catering to the needs of the dependent biota including humans.Some of these undisturbed/ unaltered natural flow conditions i"
W1992659379,B2,2,2015,155,Lei Yao,Potential reduction in urban runoff by green spaces in Beijing: A scenario analysis,https://doi.org/10.1016/j.ufug.2015.02.014,Urban forestry & urban greening,,
W4386706791,B2,2,2023,34,Xinran Luo,Machine learning-based surrogate model assisting stochastic model predictive control of urban drainage systems,https://doi.org/10.1016/j.jenvman.2023.118974,Journal of Environmental Management,,
W4410524656,B2,2,2025,1,Jalayna Antoine,Tapping the urban forest: Integrating tree canopy runoff (stemflow) into blue-green infrastructure,https://doi.org/10.1016/j.ufug.2025.128876,Urban forestry & urban greening,,"As urbanization accelerates and climate change intensifies, cities increasingly turn to green infrastructure to manage stormwater and enhance resilience. Urban trees not only sequester carbon and reduce heat island effects but also partition rainfall into interception, throughfall, and stemflow. Stemflow (the water channeled down tree trunks) is often voluminous and nutrient-rich in urban settings, yet remains largely overlooked in conventional stormwater management. In this paper, we propose that repurposing stemflow can complement blue-green infrastructure by reducing runoff and providing supplemental irrigation for urban agriculture. We offer a brief review of stemflow’s contribution to the city surface, its nutrient composition (which often features elevated concentrations of nitrogen and potassium relative to open rainfall), and compare these values to runoff water and nutrient reduction targets. Using 1‑m resolution land cover data from EPA EnviroAtlas and a GIS-based methodology, we pair theory with a first-order feasibility assessment to identify “prime” canopy areas in four metropolitan regions: Philadelphia, Cleveland, Tampa, and Phoenix. Results indicate that prime canopy areas for stemflow capture, or diversion to other low impact development structures, range from 16.63% in Philadelphia to 8.4% in Phoenix, reflecting each city’s unique urban forestry and stormwater challenges. Ultimately, with minimal retrofits, stemflow harvesting appears to offer a low‑cost, sc"
W4410349390,B2,3,2025,0,Merve Eminel Kutay,Investigation of the effects of different plant groups on surface runoff,https://doi.org/10.17474/artvinofd.1636744,Artvin Çoruh Üniversitesi Orman Fakültesi Dergisi,http://ofd.artvin.edu.tr/en/download/article-file/4595696,"Runoff is defined as the infiltration of water into the soil due to urbanisation, and it directly affects the natural water cycle, especially in urban areas and regions with intensive anthropogenic development. The present study aims to assess the impact of various vegetation groups, especially tree and shrub cover, on runoff. The 'Curve Number' method was utilised to calculate runoff amounts for Istanbul, Sariyer region, employing NDVI data for the purpose. The findings of this study demonstrate that the presence of tree cover has a beneficial effect on runoff. The study emphasises the importance of prioritising tree groups in urban areas for effective water management and the protection of existing groups."
W4408335115,B2,3,2025,34,Fatemeh Rezaei Aderyani,A surrogate machine learning modeling approach for enhancing the efficiency of urban flood modeling at metropolitan scales,https://doi.org/10.1016/j.scs.2025.106277,Sustainable Cities and Society,,
W2522529223,B2,3,2016,90,Alexander Joseph Reisinger,Nitrogen-cycling process rates across urban ecosystems,https://doi.org/10.1093/femsec/fiw198,FEMS Microbiology Ecology,https://academic.oup.com/femsec/article-pdf/92/12/fiw198/16736480/fiw198.pdf,"Nitrogen (N) pollution of freshwater, estuarine, and marine ecosystems is widespread and has numerous environmental and economic impacts. A portion of this excess N comes from urban watersheds comprised of natural and engineered ecosystems which can alter downstream N export. Studies of urban N cycling have focused on either specific ecosystems or on watershed-scale mass balances. Comparisons of specific N transformations across ecosystems are required to contextualize rates from individual studies. Here we reviewed urban N cycling in terrestrial, aquatic, and engineered ecosystems, and compared N processing in these urban ecosystem types to native reference ecosystems. We found that net N mineralization and net nitrification rates were enhanced in urban forests and riparian zones relative to reference ecosystems. Denitrification was highly variable across urban ecosystem types, but no significant differences were found between urban and reference denitrification rates. When focusing on urban streams, ammonium uptake was more rapid than nitrate uptake in urban streams. Additionally, reduction of stormwater runoff coupled with potential decreases in N concentration suggests that green infrastructure may reduce downstream N export. Despite multiple environmental stressors in urban environments, ecosystems within urban watersheds can process and transform N at rates similar to or higher than reference ecosystems."
W2937766367,B2,4,2019,22,Chunlin Li,Characteristics of impervious surface and its effect on direct runoff: a case study in a rapidly urbanized area,https://doi.org/10.2166/ws.2019.064,Water Science & Technology Water Supply,,"Abstract In recent years, many cities have experienced serious urban flood and non-point pollution issues due to hydrological process changes in rapidly urbanizing areas. Understanding the relationship between impervious surface and direct runoff is important for urban planning to protect the urban hydrological system. In this study, we used a mixed spectral decomposition method to interpret the long-term series of impervious surface of Shenyang, China. Direct runoff was evaluated by an improved SCS-CN (Soil Conservation Service curve number) model, and the relative influences of five underlying surface factors on the direct runoff of each period were analyzed by boosted regression trees. The overall impervious area was significantly increased in both the study area and built-up area from 1984 to 2015. The impervious ratio showed a decreasing trend in the built-up area and increasing trend in the whole study area. The runoff coefficient of the built-up area showed a significantly decreasing trend. The runoff ratio of the built-up area to the whole study area was increased dramatically, reaching 0.26 by 2015. NDVI (normalized distribution vegetation index), vegetation, and impervious surface were the most important urban surface conditions in the study area for direct runoff generation. The relative influence of impervious surface showed a rapidly increasing trend and then gradually decreased from 2000."
W7167726890,B2,4,2026,0,Martin Oberascher,Evaluation of the explainability and reliability of two surrogate models for predicting outflow of combined sewer systems,https://doi.org/10.2166/wst.2026.296,Water Science & Technology,https://iwaponline.com/wst/article-pdf/doi/10.2166/wst.2026.296/1628426/wst2026296.pdf,"Urban drainage networks (UDNs) are designed to reliably discharge wastewater and stormwater, with machine learning (ML) increasingly leveraged for a wide range of applications. A legal assessment of the European 'Artificial Intelligence Act' (AI Act) indicates that, while UDNs are considered part of critical infrastructure, ML applications in this field are generally not classified as high-risk AI systems, being subject to specific implementation requirements. Nevertheless, aspects such as model explainability are important to align with best practices in ML model development. In this context, two ML models (i.e., purely data-driven and physics-leveraged) used herein as surrogates for hydrodynamic modelling to predict combined sewer flow, were adapted from the authors' previous work and enhanced with various explainable AI techniques such as SHapley Additive exPlanations and robustness scores for a comprehensive understanding of the models' decision-making processes. The analysis revealed that the engineered classification into dry or wet flow is the most important feature for both ML models, followed by historical rainfall features for the purely data-driven ML model and hydrodynamic model outputs for the physics-leveraged ML model. Additionally, the achievable accuracy of both utilised ML models was highly sensitive to deviations in rainfall data, further limiting their reliability and trustworthiness."
W4416627966,B2,4,2025,1,Krishna Mondal,"Urban Green Infrastructure for Climate Change Adaptation and Mitigation: Roles, Innovations, and Challenges in Sustainable Cities",https://doi.org/10.9734/ijecc/2025/v15i125144,International Journal of Environment and Climate Change,,"Urban green spaces have become increasingly recognized as essential components in the adaptation and mitigation of climate change impacts within rapidly urbanizing environments. This review critically examines the multifaceted roles of urban green infrastructure-encompassing parks, urban forests, green roofs, vertical gardens, and permeable landscapes-in enhancing urban resilience to climate extremes. The paper synthesizes recent advances in the understanding of how urban vegetation and landscape interventions contribute to reducing the urban heat island effect through evapotranspiration, shading, and albedo modification, with empirical evidence demonstrating local temperature reductions of up to 4°C. Additionally, the review explores the effectiveness of green spaces in managing stormwater runoff via bio-swales, rain gardens, and permeable pavements, which collectively reduce peak flow rates and improve groundwater recharge. The carbon sequestration potential of urban green infrastructure is assessed, highlighting the capacity of mature urban forests and innovative green roof systems to capture and store atmospheric carbon. The integration of smart technologies, such as IoT-based soil moisture sensors and remote sensing for vegetation health monitoring, is discussed as a means to optimize the management and performance of urban green spaces. The review also addresses the socio-economic co-benefits, including improved air quality, enhanced public health, increased property va"
W2046370438,B2,5,2011,23,Joseph A. Reistetter,"High-resolution land cover datasets, composite curve numbers, and storm water retention in the Tampa Bay, FL region",https://doi.org/10.1016/j.apgeog.2010.12.005,Applied Geography,,
W3047006813,B2,5,2020,6,Mariana Dias Baptista,The economic benefits of reductions in nitrogen loads from stormwater runoff by street trees,https://doi.org/10.2166/bgs.2020.006,Blue-Green Systems,https://iwaponline.com/bgs/article-pdf/2/1/267/743264/bgs0020267.pdf,"Abstract It is increasingly recognised that urban trees can contribute to reducing stormwater runoff by intercepting and retaining a fraction of rainfall received. What is less studied is the translation of this to reduced pollutant loads being transferred to receiving streams, rivers, and water bodies. In this paper, we assess interception of two tree species (Eucalyptus microcorys and Ulmus procera) in an urban park. These data are used in simple water balance modelling to predict the environmental and economic benefit of reducing nitrogen loads to receiving waterways as a function of reduced runoff volume resulting from rainfall interception by urban trees on public land (21% of the catchment area). We use a highly urbanized catchment in Melbourne, Australia to demonstrate the impact of an urban forest dominated by deciduous trees, evergreen trees or a mixed tree canopy cover. We found that doubling the urban canopy cover in the catchment, while keeping the current mix ratio of deciduous and evergreen trees, could reduce annual runoff volume by 30 mm (92 MLyr−1). Using the prescribed values that developers must pay the local water authority for nitrogen treatment as a condition of new development, we calculate that this would deliver a nitrogen load removal benefit of AUD$ 200/tree. If only deciduous trees are planted, the annual runoff reduction would decrease to 24 mm (73 MLyr−1) and increases to 37 mm (112 MLyr−1) if only evergreen trees are planted. This study highligh"
W4200073116,B2,5,2021,27,Haochen Li,A CFD-ML augmented alternative to residence time for clarification basin scaling and design,https://doi.org/10.1016/j.watres.2021.117965,Water Research,,
W1575006188,B2,5,2007,37,Leonard J. Hopper,Landscape architectural graphic standards,,,,"Publisher's Note. Foreword. Preface. Acknowledgments. User Guide. Part 1: PRACTICE OF LANDSCAPE ARCHITECTURE. GENERAL. Overview of the Profession. History of the Profession. CONSTRUCTION DOCUMENTATION. Overview of Construction Documentation. Construction Drawing Layout. Symbols. Landscape Surveys. Landscape Planning. Landscape Modeling. Computer-Aided Design (CAD). Geographic Information Systems (GIS). ENVIRONMENTAL AND LEGAL. Environmental Review. Legal: Permits and Regulations. PROJECT ADMINISTRATION. Project Management. Business Administration: Records, Legal, Liability. Project Manual. Cost Estimating. Bidding. Construction Observation. Postoccupancy Evaluation. Part 2: STANDARDS AND GUIDELINES. HUMAN FACTORS. Human Dimensions. Human Nature and Spatial Relationships. Community Participation. ENVIRONMENTAL FACTORS. Modifying Solar Radiation. Modifying Wind. Regional Climate. Modifying Microclimates. Modifying Air Quality. Brownfields Evaluation. Environmental Hazards. Wetlands Evaluation. Resource Inventory and Conservation. Sustainable Site Design. Applying Visual Resource Assessment for Highway Planning. CULTURAL FACTORS. Historic Landscapes. Cultural Districts. SECURITY CONSIDERATIONS. Crime Prevention through Environmental Design. Site Security Planning and Landscape Design Criteria. SITE PLANNING. Commercial Site Development. The Town Planning Process. Environmental Site Analysis. Rural Village Design. Elements of Urbanism. Regional Types. Plan Types. Block Types. Ope"
W7215485405,B2,6,2019,0,Jacopo Cinosi,Impact of territory management on urban flood: a test case,,Italian journal of engineering geology and environment,https://rosa.uniroma1.it/rosa02/engineering_geology_environment/article/download/1135/1001,"The maintenance of the territory, through the recovery of the water courses even at the scale of small canals, from any type of obstruction, in particular weeds, tree trunks, all kinds of debris that prevent the natural and correct drainage of rainwater, constitutes an important need for flood prevention, even for small urban scale located in small hydrological basins. For a correct evaluation of the actions to be implemented, the application of advanced computational tools, beside expert judgment, appear to be not only useful, but also necessary. For this purpose, different numerical tools have been proposed. Among these, the mathematical approach of the 'Shallow water', based on the Finite Element Method and the Godunov-Riemann technique, used in the commercial computational code, selected in this paper, is very popular within the international context. Moreover, the selected commercial software is based on the Graphical Processing Unit (GPU), which can reduce the calculation times even by 80 times. The case study used in this article concerns a rainy event that occurred between April 26th and May 2nd, 2014 that caused flooding between May 2nd and 3rd in the Pianello di Ostra district in the province of Ancona (Marche, Italy). After an opportune site inspection and the relative useful interview of the inhabitants of the place, a topographic high resolution survey (30 cm x 30 cm) was carried out by means of a drone. Then GIS and the available cartography were used, while the"
W4417401119,B2,6,2025,0,Tan Zi,From site-scale to landscape-scale: stormwater benefits of urban trees with SWMM-Canopy,https://doi.org/10.1080/1573062x.2025.2598435,Urban Water Journal,,"Urban trees can reduce stormwater runoff through canopy interception and enhanced infiltration, yet their benefits are often underrepresented in conventional models. This study introduces Storm Water Management Model-Canopy (SWMM-Canopy), a process-based tool that simulates diverse tree types and tree well designs to quantify stormwater runoff reduction. Sensitivity analyses highlight its flexibility across various conditions. To address key research gaps, limited tree hydrology representation and lack of integrated planning tools, we applied SWMM-Canopy with the GreenPlan-IT toolkit in a case study in California. The analysis quantified stormwater benefits from trees, scaled results from site to landscape, and compared the cost-effectiveness of trees and green stormwater infrastructure (GSI). SWMM-Canopy offers a practical approach for integrating urban trees into stormwater management, supporting multi-benefit planning and climate resilience. This work helps inform urban greening strategies and policy decisions by providing a flexible tool to evaluate the hydrologic and economic performance of trees alongside GSI."
W298181550,B2,7,2008,0,Ahmed Al-Wadaey,"2008 USDA-CSREES National Water Conference Sparks, NV Effects of management practices on nutrients and sediment in runoff determined with SWAT for Wahoo Creek Watershed of southeastern Nebraska",,,,"Text: Nutrients and sediment loss from watersheds contributes to water quality pollution. A study was conducted to determine the impact of agricultural practices on nutrients and suspended sediment loss from Wahoo Creek watershed. Runoff and loading of sediment and nutrients were assessed using SWAT simulation. The Wahoo Creek watershed area is approximately 93,000 ha. Land use is 34% corn, 32% soybean, and 24% pasture. The rest of area consists of alfalfa, trees, other crops, and low urban density. Aksarben and Judson are the dominant soil series. Eight years (1996-2003) of weather data, Ssurgo soil data, and land use data were used for model simulation. SWAT divided the watershed into 28 sub-basins to investigate the most susceptible areas in the watershed based on the flow at the watershed outlet, P, nitrogen, and sediments concentration. The result of the analysis indicated that hydrologic response unit within sub-basins affected stream flow and nutrients outputs. The upland areas, in corn and soybean production, and with diverse soil series including Sharpsburg, Aksarben, Morril, Steinauer, and Judson were the most susceptible subbasins to nutrients and sediment loss. Current conservation practices, including terraces and dams, are estimated to decrease stream flow, nutrients and sediment loss at the watershed outlet by 60 % compare with if no conservation practices were in place. Physical parameters such as soil curve number (CN), soil K factor, and soil root depth (SOI"
W4282945512,B2,7,2022,9,Robert C. Coville,Loss of street trees predicted to cause 6000 L/tree increase in leaf-on stormwater runoff for Great Lakes urban sewershed,https://doi.org/10.1016/j.ufug.2022.127649,Urban forestry & urban greening,,"Urban forests are recognized as a nature-based solution for stormwater management. This study assessed the underlying processes and extent of runoff reduction due to street trees with a paired-catchment experiment conducted in two sewersheds of Fond du Lac, Wisconsin. Computer models are flexible, fast, and low-cost options to generalize and assess the hydrologic processes determined in field studies. A state-of-the-art, public-domain model, which explicitly simulates urban tree hydrology, i-Tree Hydro, was used to simulate the paired-catchment experiment, and results from field observations and simulation predictions were compared to assess model validity and suitability as per conditions in the broader Great Lakes basin. Model parameters were aligned with observed conditions using automatic and manual calibration. Model performance metrics were used to quantify the weekly performance of calibration and to validate predictions. Those calibration metrics differed substantially between the two periods simulated, but most calibration metrics remained positive, indicating the model was not fitting only the period used for calibration. Predicted avoided runoff for a five-month leaf-on period was 64 L/m2 of canopy, 4 % lower than the field-estimated avoided runoff of 66 L/m2 of canopy. Interception was the most directly comparable process between the model and field observations. Based on 5 storms sampled, field estimation of precipitation intercepted and retained on trees average"
W2127795702,B2,8,2009,0,D. S. Mackay,Integrated Ecohydrologic Research and Hydro‐Informatics,https://doi.org/10.1111/j.1936-704x.2009.00047.x,Journal of Contemporary Water Research & Education,https://onlinelibrary.wiley.com/doi/pdfdirect/10.1111/j.1936-704X.2009.00047.x,"The purpose of this paper is to offer our view of where ecohydrologic research will be going in the next 20 years and suggest how enabling technologies from hydro-informatics will support this research. Two decades ago Klemeš (1986) suggested that the hydrologist's “efforts expended on the fitting of flood and drought frequency curves would be better spent in acquiring deeper knowledge of climatology, meteorology, geology, and ecology.” Klemeš was of course calling for interdisciplinary hydrology. Recently, a number of community reports have proposed a more interdisciplinary approach to hydrology, including the development of community infrastructure such as large scale hydrologic observatories with integrated, multi-scale monitoring and advanced informatics tools to enable this research (Band et al. 2002, Gupta et al. 1999, Hornberger et al. 2000, Maidment 2008). Specific calls were included to integrate the more physically or statistically oriented approaches in hydrology with ecosystem sciences including biogeochemical cycling and population ecology. The emergence of ecohydrologic research is one example of how hydrologic science has begun to move in this direction. Ecohydrologic research seeks to understand how hydrological processes affect biological communities, and in turn how such communities affect water cycling (Newman et al. 2006, Rodriguez-Iturbe 2000). With this marriage of ecology and hydrology new avenues of research are opening up, and with these come new scie"
W2972202920,B2,10,2020,192,Naika Meili,An urban ecohydrological model to quantify the effect of vegetation on urban climate and hydrology (UT&C v1.0),https://doi.org/10.5194/gmd-13-335-2020,Geoscientific model development,https://gmd.copernicus.org/articles/13/335/2020/gmd-13-335-2020.pdf,"Increasing urbanization is likely to intensify the urban heat island effect, decrease outdoor thermal comfort, and enhance runoff generation in cities. Urban green spaces are often proposed as a mitigation strategy to counteract these adverse effects, and many recent developments of urban climate models focus on the inclusion of green and blue infrastructure to inform urban planning. However, many models still lack the ability to account for different plant types and oversimplify the interactions between the built environment, vegetation, and hydrology. In this study, we present an urban ecohydrological model, Urban Tethys-Chloris (UT&C), that combines principles of ecosystem modelling with an urban canopy scheme accounting for the biophysical and ecophysiological characteristics of roof vegetation, ground vegetation, and urban trees. UT&C is a fully coupled energy and water balance model that calculates 2 m air temperature, 2 m humidity, and surface temperatures based on the infinite urban canyon approach. It further calculates the urban hydrological fluxes in the absence of snow, including transpiration as a function of plant photosynthesis. Hence, UT&C accounts for the effects of different plant types on the urban climate and hydrology, as well as the effects of the urban environment on plant well-being and performance. UT&C performs well when compared against energy flux measurements of eddy-covariance towers located in three cities in different climates (Singapore, Melbo"
W4399807420,B2,11,2024,8,Xi Wu,Integrated Assessment of the Runoff and Heat Mitigation Effects of Vegetation in an Urban Residential Area,https://doi.org/10.3390/su16125201,Sustainability,,"Urban vegetation has an essential role in maintaining the hydrological and energy balance. These processes in urban areas have been long overlooked due to the fragmentation and uneven feature of land use and vegetation distribution. Recent advances in remote sensing and the ease of data acquisition have allowed a more precise mapping of vegetation and land cover, making it possible to simulate the above processes at micro scales. This research selects a small typical residential catchment in Japan as the study area and the purpose of this research is to investigate the impact of urban vegetation on mitigating urban runoff and the heat island effect. The remote-sensed Normalized Difference Vegetation Index (NDVI) data were used to represent vegetation spatial distribution and seasonal variation. A single layer canopy model and the Storm Water Management Model were coupled to simulate interception, evapotranspiration, and runoff generation processes. The effects of vegetation amount and landscape patterns on the above processes were also considered. The results showed that the coupled model had a satisfactory performance in the modeling of these processes. When the vegetation amount was set to 1.4 times its original value, the summer total runoff had a 10.7% reduction and the average surface temperature had a 2.5 °C reduction. While the vegetation amount was 0.8 times its original value, the total runoff increased by 6%, and the average surface temperature in summer increased b"
W7122603330,B2,12,2026,4,Nichaphan Kasikam,Effects of long term canopy change on regulating ecosystem services in a tropical urban park,https://doi.org/10.1038/s41598-026-36098-w,Scientific Reports,https://www.nature.com/articles/s41598-026-36098-w_reference.pdf,"Long-term management of urban parks is critical to maintaining urban sustainability. Regular examination of tree attributes is essential to maintain healthy tree growth, enabling them to deliver regulating ecosystem services (RES). Here, we examined the five-year changes, from 2019 to 2024, in RES and the monetary values provided by urban trees in Chulalongkorn University Centenary Park in Bangkok, Thailand. Using the i-Tree Eco model, we evaluated changes in canopy attributes and three RES: carbon sequestration, air purification, and stormwater runoff reduction. While the total monetary value of RES increased by 126% to 3,491 USD y − 1 in 2024, 37% of the original trees were lost due to mortality and management practices, resulting in an annual monetary loss of 886 USD y − 1 . Evergreen trees showed greater increases in canopy attributes and RES compared to deciduous trees. The study revealed that the mortality rate was more than double the default rate assumed in common forecasting models, primarily due to human management rather than natural causes. The findings point out the need to consider human intervention in urban forest management and emphasize that while urban parks have substantial potential for providing ecosystem services, improper management can significantly impair their long-term ecological and economic benefits."
W3182836367,B2,13,2021,50,Charity Nyelele,A multi-objective decision support framework to prioritize tree planting locations in urban areas,https://doi.org/10.1016/j.landurbplan.2021.104172,Landscape and Urban Planning,,
W4396930211,B2,14,2024,2,Duong Thi Bich Ngoc,"Assessing environmental services and economic values of urban tree species in open public green spaces at Ecopark, Hung Yen province, Vietnam: An application of i-Tree Eco model",https://doi.org/10.55250/jo.vnuf.9.1.2024.086-095,Journal of Forestry Science and Technology,https://journal.vnuf.edu.vn/en/article/download/1650/1546,"Urban trees have been widely acknowledged providing a wide range of environmental services. They help to improve air quality by absorbing pollutants, crucial roles in magaging stormwater runoff etc., in urban environments. This study applied i-Tree Eco model to assess the structure of community trees and quantifies the environmental services and economic values in open public green spaces in Eco Park, Hung Yen province, Vietnam. To run the model, we collected profiles of 942 trees in the study area, including: location; species name; diameter at beast height (DBH, 1.3 m above ground); tree height values (crown tree height, canopy length, etc.); height under canopy (canopy width of East-West, South-North directions); canopy missing percentage; and crown light exposure. The result showed that all the tree species contributed to 990kg PM2.5 reduction (equal to 231,660 $/year); 1,338.4 (ton/year) carbon sequestration (equal to 13,384 $/year) and 26,772.1 (ton) carbon storage (equal to 267721 $/year); and 37,600.2 (m3) avoided runoff (equal to 79,712 $/year). Overall, Khaya senegalensis (Desr.) A. Juss. species was providing the most environmental services; Ficus subpisocarpa Gagnep. species was the most economically valuable with nearly 75 $/tree. Urban landscape design should consider these superior tree species into green infrustructure projects to maximize the environmental services and economic values."
W7128000332,B2,15,2026,0,Mina Rahmani,Investigating the benefits of green infrastructure using i-Tree canopy software: A case study of the 2500-year gardens of Qazvin,https://doi.org/10.1007/s11869-026-01898-6,Air Quality Atmosphere & Health,,
W2943739033,B2,16,2019,89,Charity Nyelele,"Present and future ecosystem services of trees in the Bronx, NY",https://doi.org/10.1016/j.ufug.2019.04.018,Urban forestry & urban greening,,
W4414208863,B2,19,2025,1,Min Xu,Ecosystem Service Assessment of Campus Street Trees for Urban Resilience: A Case Study from Guangxi Arts University,https://doi.org/10.3390/f16091465,Forests,https://www.mdpi.com/1999-4907/16/9/1465/pdf?version=1758009754,"Ecosystem-based adaptation (EbA) provides a practical framework for enhancing urban resilience. This study had three objectives: (i) to quantify the structural attributes and ecosystem services (ESs) of campus street trees, (ii) to integrate LiDAR-derived metrics with the i-Tree Eco model to improve assessment accuracy, and (iii) to evaluate how quantified ESs contribute to climate resilience and inform localized EbA strategies. Field surveys were complemented with LiDAR data to enhance estimation of leaf area index (LAI), canopy dimensions, and tree height. Results show that 2643 street trees representing 29 species provide substantial ESs, including carbon storage of 508,230 kg, annual carbon sequestration of 48,580.5 kg, removal of major air pollutants totaling 2132 kg/year, and stormwater runoff reduction of 2351.8 m3/year, with a combined annual economic value of USD 202,822.10. A small number of species dominated ES delivery, with C. camphora and M. indica contributing disproportionately to canopy structure and ecological benefits. These findings highlight the critical role of urban vegetation in carbon mitigation, air-quality regulation, and flood adaptation at the parcel scale. The study provides a replicable framework for integrating LiDAR-enhanced i-Tree assessments into urban greening policies. It also emphasizes the need for species diversification and the inclusion of omitted services (e.g., biodiversity support, microclimate regulation) in future work to deliver"
W3014690112,B2;B2,0,2020,132,Chao Xu,Surface runoff in urban areas: The role of residential cover and urban growth form,https://doi.org/10.1016/j.jclepro.2020.121421,Journal of Cleaner Production,,
W3049291179,B2;B2,1,2020,31,Peihao Song,"Hydrological Effects of Urban Green Space on Stormwater Runoff Reduction in Luohe, China",https://doi.org/10.3390/su12166599,Sustainability,https://www.mdpi.com/2071-1050/12/16/6599/pdf?version=1597415598,"This paper reveals the role of urban green space (UGS) in regulating runoff and hence on urban hydrological balance. The modeling software i-Tree Hydro was used to quantify the effects of UGS on surface runoff regulation and canopy interception capacity in four simulated land-cover scenarios. The results showed that the existing UGS could mitigate 15,871,900 m3 volume of runoff (accounting for 9.85% of total runoff) and intercept approximately 9.69% of total rainfall by the vegetation canopy. UGS in midterm goal and final goal scenarios could retain about 10.74% and 10.89% of total rainfall that falls onto the canopy layer, respectively. The existing UGS in the Luohe urban area had a positive but limited contribution in runoff regulation, with similar responses in future scenarios with increased UGS coverage. UGS rainfall interception volume changed seasonally along with changing leaf area index (LAI) and precipitation, and the interception efficiency was distinctly different under various rain intensities and durations. The UGS had a relatively high interception performance under light and long duration rain events but performed poorly under heavy and short rain events due to limited surface storage capacities. Our study will assist urban planners and policy-makers regarding UGS size and functionality in future planning in Luohe, particularly regarding future runoff management and Sponge City projects."
W4411980341,B2;B6,17,2025,15,Theodore A. Endreny,Neighborhood-scale reductions in heatwave burden projected under a 30% minimum tree cover scenario,https://doi.org/10.1038/s42949-025-00219-7,npj Urban Sustainability,https://www.nature.com/articles/s42949-025-00219-7.pdf,"Cities pursuing nature-based solutions to mitigate heatwaves need tools to estimate cooling benefits from increased tree canopy cover. This study applied the i-Tree Cool Air model and a heatwave degree day (HW DD ) metric to quantify reductions in heatwave severity if neighborhoods in 10 Italian cities achieved the recommended minimum 30% tree cover. The scenario focused on establishing functional urban forests, with additional canopy placed over permeable surfaces to enhance stormwater infiltration and evapotranspiration-based cooling. Despite dry summer conditions, the 30% tree cover scenario reduced HW DD by a median of 34% (range: 16–84%), translating into comparable reductions (median 36%) in heatwave-related mortality for those aged 65 + . The tree cover generated new ecosystem service benefits valued at $10 million per city (range: $2–$62 million) through avoided stormwater runoff, air pollution removal, and carbon sequestration. Results consider drought constraints and potential irrigation trade-offs, including exacerbation of humid heat extremes."
W4407398260,B2;B6,18,2025,20,Rocco Pace,"Mitigation potential of urban greening during heatwaves and stormwater events: a modeling study for Karlsruhe, Germany",https://doi.org/10.1038/s41598-025-89842-z,Scientific Reports,https://www.nature.com/articles/s41598-025-89842-z.pdf,"Climate change is increasing the frequency and intensity of urban heat islands and stormwater flooding. In order to mitigate these threats cities are turning toward green infrastructure to restore the hydrologic cycle in a way that increases the ecosystem services provided by trees. Strategically designed green infrastructure can mitigate runoff volume by rainfall interception through tree canopies and redirect impervious runoff into bioswales that promote infiltration. In addition, urban greens mitigate extreme heat via evapotranspiration and shading. Here we applied the i-Tree HydroPlus model to the German city of Karlsruhe and its twenty-seven districts with varying initial conditions of tree cover to analyze the potential for both runoff and heat mitigation during dry and wet periods throughout a 5-year period. After analyzing initial tree cover and drainage conditions, we used the model to simulate a green infrastructure scenario for each district with restored hydrology and tree cover at 30%. Regarding trade-offs between runoff and heat mitigation, the results confirm that dry soils before storm events lead to greater runoff reduction by 10%, and wet soils prior to heatwaves resulted in a greater evaporative cooling. Compared to current conditions, the green infrastructure scenarios resulted in decreasing the number of extreme heat hours (Heat Index > 31 °C) per year on average by 64.5%, and to reduce runoff in average by 58% across all city districts. Thus, our simulat"
W4391752929,B3,0,2024,12,Neelesh Yadav,Decision Support Systems in Forestry and Tree-Planting Practices and the Prioritization of Ecosystem Services: A Review,https://doi.org/10.3390/land13020230,Land,https://www.mdpi.com/2073-445X/13/2/230/pdf?version=1707729172,"In this study, tree-selection/plantation decision support systems (DSSs) were reviewed and evaluated against essential objectives in the available literature. We verified whether existing DSSs leverage multiple data sources and available online resources such as web interfaces. We compared the existing DSSs, and in this study mainly focused on five main objectives that DSSs can consider in tree selection, including (a) climate resilience, (b) infrastructure/space optimization, (c) agroforestry, (d) ecosystem services, and (e) urban sustainability. The climate resilience of tree species and urban sustainability are relatively rarely taken into account in existing systems, which can be integrated holistically in future DSS tools. Based on this review, deep neural networks (DNNs) are recommended to achieve trade-offs between complex objectives such as maximizing ecosystem services, the climate resilience of tree species, agroforestry conservation, and other benefits."
W7204444208,B3,0,2026,0,Anastazija Dimitrova,"Towards resilient forest establishment in Europe: functional traits, genetic diversity and multifunctional design",https://doi.org/10.1007/s11056-026-10205-1,New Forests,https://link.springer.com/content/pdf/10.1007/s11056-026-10205-1.pdf,"Abstract Forest restoration and afforestation across Europe are accelerating, yet the decision-making processes governing forest establishment remain unevenly examined, especially from a biodiversity perspective. Considering this and the global environmental changes of climate shifts, land-use transitions, and biological invasions, the present review provides guidance for planning and establishment of multifunctional forests that enhance biodiversity outcomes without compromising long-term forest productivity or resilience. Aiming to assist both practitioners and researchers, we have particularly focused on tree species selection, plant production and management of forest reproductive material, and on-field establishment practices. Literature revision and expert observations indicate that tree species selection must integrate functional traits, provenance performance, and ecological impact assessments alongside species distribution models, since climatic suitability alone does not predict performance under future conditions. Genetic diversity remains severely underutilized in operational forestry but can be advanced through assisted migration, provenance mixing, and traceable seed sources as practices that need to be better supported and monitored. Concurrently, the plant production chain contains multiple points where genetic diversity is eroded, along with advancement opportunities explored through pan-European projects focusing on diversity standards, regional seed-exchang"
W3113271840,B3,0,2020,286,Mamatha Tomson,Green infrastructure for air quality improvement in street canyons,https://doi.org/10.1016/j.envint.2020.106288,Environment International,https://www.sciencedirect.com/science/article/pii/S0160412020322431?via%3Dihub,"Street canyons are generally highly polluted urban environments due to high traffic emissions and impeded dispersion. Green infrastructure (GI) is one potential passive control system for air pollution in street canyons, yet optimum GI design is currently unclear. This review consolidates findings from previous research on GI in street canyons and assesses the suitability of different GI forms in terms of local air quality improvement. Studies on the effects of various GI options (trees, hedges, green walls, green screens and green roofs) are critically evaluated, findings are synthesised, and possible recommendations are summarised. In addition, various measurement methods used for quantifying the effectiveness of street greening for air pollution reduction are analysed. Finally, we explore the findings of studies that have compared plant species for pollution mitigation. We conclude that the influences of different GI options on air quality in street canyons depend on street canyon geometry, meteorological conditions and vegetation characteristics. Green walls, green screens and green roofs are potentially viable GI options in existing street canyons, where there is typically a lack of available planting space. Particle deposition to leaves is usually quantified by leaf washing experiments or by microscopy imaging techniques, the latter of which indicates size distribution and is more accurate. The pollutant reduction capacity of a plant species largely depends on its macro"
W7159858125,B3,1,2026,0,Shilong Wang,"Multi-Criteria Selection of Urban Trees Integrating Ecosystem Services, Ecological Adaptability, and Ornamental Value: A Case Study in Kaifeng, China",https://doi.org/10.3390/f17050529,Forests,,"This study developed a comprehensive framework integrating ecosystem services (ESs), ecological adaptability, and ornamental value to guide tree species selection in historic cities constrained by soil salinization and subsurface heritage conservation. Taking Kaifeng, Henan Province, as a case study, we employed field surveys, i-Tree Eco, the Analytic Hierarchy Process, and K-means clustering to evaluate trees across protective, park, attached, and square green spaces. Results showed that carbon-related services dominated Kaifeng’s urban ES profile, with carbon storage (CS) and sequestration (CSE) value densities of 9.09 ¥·m−2 and 0.84 ¥·m−2·y−1, respectively. Air pollutant removal (AR) (0.21 ¥·m−2·y−1) and P (0.009 ¥·m−2·y−1) values remained comparatively low. Camphora officinarum Nees ex Wall delivered the highest annual ES value per tree (33.24 ¥·y−1). Plaza greenery outperformed other space types in overall service provision, and deciduous broadleaf species generated greater ES value than evergreen conifers. Cluster analysis identified four functional groups: stress-tolerant pioneers, balanced adapters, high-efficiency carbon sinks, and ornamental specialists—each suited to specific green space contexts. This integrated framework offers a transferable approach for evidence-based tree selection in saline historic cities, supporting nature-based solutions in urban green space (UGS) planning."
W7128076630,B3,1,2026,1,Davide Stucchi,"An individual, mechanistic and dynamical model to simulate urban tree growth and ecosystem services supply under future scenarios",https://doi.org/10.1016/j.scitotenv.2026.181466,The Science of The Total Environment,,"Urban trees represent a key nature-based solution and an essential component of green infrastructure, providing multiple ecosystem services but increasingly subjected to environmental stressors. We present a dynamic, mechanistic, and individual-based model designed to simulate growth of urban trees and associated ecosystem services supply under varying climate conditions. The model is modular, runs at daily temporal resolution and incorporates key biological processes including photosynthesis, water limitation and biomass allocation. It simulates single-tree growth and quantifies ecosystem services, e.g., carbon sequestration, air filtration, local climate regulation, using species-specific parameters and climate forcing. The model was calibrated and tested in a pilot application in Milan, simulating long-term growth of three common broadleaved species (Platanus x acerifolia, Populus nigra and Robinia pseudoacacia) across different planting ages and climate scenarios. This approach advances urban tree modelling by combining individual-based daily simulation of mechanistic processes with operational calibration using standard inventory data. A multi-objective calibration was used to fit stem diameter and crown width, and sensitivity analyses assessed parameter robustness and uncertainty propagation. Results show realistic growth trajectories with clear species-age contrasts. Tree growth declines under stronger climate forcing, and ecosystem service provision scales non-linearl"
W3208244848,B3,1,2021,5,DM Jacklin,A phyto-guide to species selection for optimized South African green infrastructure,https://doi.org/10.17159/wsa/2021.v47.i4.3875,Water SA,https://watersa.net/article/download/12675/17616,"In South Africa, rapid environmental degeneration caused by anthropogenic pollution poses a major ecological engineering problem, demanding proper resource mitigation strategies. For the treatment of polluted water and degraded soil systems, green infrastructure (GI) offers an effective, sustainable and affordable nature-based alternative to grey infrastructure. An additive benefit within GI, plant species provide enormous potential to treatment; however, species vary substantially in their pollutant removal and hydrologic performance. South African civil engineers tasked with designing GI often lack expertise and knowledge of plant behaviour and ecosystem dynamics. Therefore, this paper proposes a decision framework to facilitate selection for designing local GI in the form of a phyto-guide, based on existing recommendations and knowledge of removal processes and plant behaviour. Interdisciplinarity at the core of the phyto-guide relies on continuous specialist collaboration with each selection criteria, whilst efficiency and sustainability are considered equally important contributors to successful GI functioning. The spread of invasive alien plants, whether accidental or deliberate, negatively impacts an ecosystem’s capacity to deliver goods and services. Thus, the desire to optimize GI by incorporating effective phytoremediators cannot be prioritised over conservation concerns. In addition, this paper seeks to advance the GI limitation of relying solely on previously iden"
W7136086432,B3,2,2026,0,Janina Haupt,"Urban trees for ultraviolet protection. A 440-tree, multi-species field study in Hanover, Germany",https://doi.org/10.1016/j.scitotenv.2026.181664,The Science of The Total Environment,,"This study investigates solar ultraviolet (UV) reduction by urban trees to mitigate the risks posed by increasingly harmful UV radiation in urban areas. To date, there is a lack of comprehensive comparisons in terms of UV reduction with different species. In this study 440 individuals from 52 genera were systematically measured to quantify UV-A and UV-B reduction. All trees were planted simultaneously in 1998 at the same age, share identical site and tree-pit conditions, at the same city location in Hanover, Germany and have received uniform arboricultural care. Additional data (crown shape, leaf shape, deciduous/coniferous, canopy openness, luminance [luma], origin, vitality) were collected and analysed for each individual. Tree canopies reduced UV by up to 96.5%. Tilia has one of the highest levels of UV reduction at the genus, species, and variety levels. Even when compared with climate-resilient trees, Tilia trees were among the highest-performing. This work identifies criteria to inform new tree plantings. Healthy trees with low canopy openness generally provide greater UV reduction. Cordate leaves and round crowns were also associated with higher UV reduction. New plantings in urban spaces should be selected not only for their design qualities and site requirements, but also for their UV-reduction potential. Additionally, appropriate maintenance to preserve tree health is essential to sustain high vitality and canopy density, thereby maximising UV reduction. Findings of"
W4229838538,B3,2,2015,0,Carol A. Ayer,Forestry Reports,https://doi.org/10.5849/jof.15-898,Journal of Forestry,https://academic.oup.com/jof/article-pdf/113/5/512/23180993/0512.pdf,
W3096372669,B3,2,2020,56,Andrew D. Hirons,Using botanic gardens and arboreta to help identify urban trees for the future,https://doi.org/10.1002/ppp3.10162,Plants People Planet,https://onlinelibrary.wiley.com/doi/pdfdirect/10.1002/ppp3.10162,"Societal Impact Statement Diversification of urban forests is essential to enhance their resilience to future biotic threats as well as those posed by a changing climate. Arboreta and botanic gardens host a wide range of plant material that can be evaluated to inform tree selection policy. This study demonstrates that plant functional traits, such as the water potential at leaf turgor loss, can be highly instructive when developing evidence‐based recommendations for urban environments. However, if botanic collections are to fulfil a critical role in understanding plant response to environment, they should not be managed solely as visitor attractions but must have scientific objectives at the forefront of management policy. Summary Arboreta and botanic gardens host a multitude of species that can be utilized in research focused on improving diversity within urban forests. Higher tree species diversity will enhance the resilience of urban forests to abiotic and biotic threats and help deliver strategies that foster sustainable communities. Consequently, this study aims to demonstrate the value of botanic collections as a resource for research into tree species selection for more resilient urban landscapes. As water stress is a major constraint for trees in urban environments, understanding the drought tolerance of species is essential for urban tree selection. This study evaluates a key functional trait relating to drought tolerance. Using vapor pressure osmometry, the water po"
W2973990238,B3,2,2019,61,Veljko Prodanović,Assessing water retention and correlation to climate conditions of five plant species in greywater treating green walls,https://doi.org/10.1016/j.watres.2019.115092,Water Research,,
W4408620585,B3,3,2025,4,Qiutan Ren,"Multi-Criteria Plant Clustering for Carbon-Centric Urban Forestry: Enhancing Sequestration Potential Through Adaptive Species Selection in the Zhengzhou Metropolitan Area, China",https://doi.org/10.3390/f16030536,Forests,,"As global climate change and urban issues worsen, increasing carbon offsets is crucial, with urban plants playing a key role. However, research on assessing plant carbon sequestration (CSE) capacity at the regional scale, selecting urban plants, and optimizing CSE capacity-based scenarios is still limited. A total of 272 plant species were surveyed in the nine cities of the Zhengzhou Metropolitan Area (ZMA). The i-Tree and biomass models estimated the average carbon storage (CS) density at 9.32 kg C m−2 and the CSE density at 0.55 kg C y−2 m−2 in the ZMA. The highest CS density (13.58 kg C m−2) was observed in Pingdingshan, while the lowest CSE density (0.36 kg C y−1 m−2) was observed in Xuchang. Hierarchical and cluster analyses identified plant species with balanced CSE capacity, adaptability, and ornamental value, such as Populus tomentosa Carr. and Salix babylonica L., as well as shrubs like Abelia biflora Turcz and Kerria japonica (L.) DC. Vegetation regeneration modeling indicated that CS could increase by 37%–41% along roads, 28%–43% in amenity areas, and 17%–30% near waterfronts over the next 50 years. These findings serve as a reference for urban regeneration and planning aimed at enhancing the carbon reduction potential of urban green spaces (UGS)."
W4415699633,B3,3,2025,1,Nitin Joshi,Seasonal variation of biochemical and morphological traits of selected tree species in polluted urban areas of Delhi City,https://doi.org/10.1007/s11252-025-01843-y,Urban Ecosystems,,
W7220238842,B3,3,2026,0,Ravshan Asamov Bakhodirovich Mirziyo Xolimov Miralimovich,THE CONCEPT OF GREEN INFRASTRUCTURE IN LANDSCAPE DESIGN AND ITS ENVIRONMENTAL EFFICIENCY,,International journal of technology and academic research,,"This article scientifically analyzes the ecological effectiveness of the green infrastructure concept in landscape design, its role in the sustainable development of urban ecosystems, and its potential for adaptation to climate change. The study examined the functional capabilities of the main elements of green infrastructure - urban parks, green corridors, groves, green roofs, water-based landscape solutions, and ecological corridors. Based on international scientific literature, data from FAO, UNEP, European Environment Agency, World Bank, and other official organizations, the role of green infrastructure in regulating microclimate, improving air quality, managing water resources, preserving biodiversity, and improving the quality of life of urban residents was assessed. The results of the study showed that green infrastructure is not only an aesthetic component of modern landscape design, but also a complex system that provides ecological services. Increased tree and plant cover reduces the urban heat island effect, expands storm-water management capabilities, and helps restore ecological balance. At the same time, it was determined that in developing green infrastructure in regions with a dry climate such as Uzbekistan, special attention should be paid to water-saving technologies, the use of local plant species, and the principles of ecological planning. The article analyzes international experience and the conditions of Uzbekistan and develops practical recommendations "
W7171461174,B3,4,2026,0,Zhe Tan,Surrogate-assisted multi-objective optimization of micro-scale urban tree configurations for heat-stress mitigation with ecological co-benefits,https://doi.org/10.1016/j.scs.2026.107726,Sustainable Cities and Society,,
W4241201836,B3,4,2016,0,Carol A. Ayer,Forestry Reports,https://doi.org/10.5849/jof.15-798,Journal of Forestry,https://academic.oup.com/jof/article-pdf/114/1/77/23181739/3229.pdf,
W4386687072,B3,4,2023,5,Anna-Kate Goodall,Evaluation of an Incentive Programme for Increasing Green Infrastructure on Vineyards,https://doi.org/10.3390/land12091765,Land,https://www.mdpi.com/2073-445X/12/9/1765/pdf?version=1694499496,"Wine grape ecosystems with low species richness and reliance on agrichemicals have weak resilience to environmental impacts. Increasing biodiversity through green infrastructure (GI) not only helps mitigate some of these impacts but can provide additional benefits to growers and the public. Despite this, many vineyards have limited GI. While scholars suggest incentive programmes may help to encourage GI implementation, few studies have evaluated their effectiveness. We surveyed winegrowers and their vineyards in the Waipara Valley sub-region, New Zealand, to evaluate an incentive programme aimed at increasing GI on vineyards, particularly indigenous vegetation. The results indicated the programme was effective in encouraging growers to plant indigenous plants in areas incapable or unsuitable for growing grapes, largely in support of nature conservation, aesthetics, branding, and sales. It was less successful in encouraging growers to plant them in productive areas. While substantial GI, primarily in the form of inter-row cover crops, was managed in these areas, most were exotic plants seen by growers to provide superior services (especially erosion control, weed suppression and pest regulation) at lower management complexity and cost. Growers identified six GI enablers: (1) promoting GI types that provide greater grower services than disservices and costs of implementation and management; (2) implementing GI where biophysical conditions support success; (3) providing assistan"
W7220428109,B3,5,2026,0,Saeed Sharafi,"Integrated assessment of carbon sequestration, air-pollution mitigation, and BVOC-induced atmospheric trade-offs of urban trees in a semi-arid industrial city",https://doi.org/10.1007/s11252-026-02142-w,Urban Ecosystems,,
W7172530272,B3,5,2026,0,Naeem Bin Mohammad,Climate variability and air pollution threaten urban tree growth in a tropical city,https://doi.org/10.1007/s11252-026-02086-1,Urban Ecosystems,,
W7125680922,B3,5,2025,0,Maria Raquel Kanieski,How to diversify native trees in cities: a trait-based approach in the Atlantic Forest in southern Brazil,https://doi.org/10.1590/1519-6984.298476,Brazilian Journal of Biology,,"Enhancing tree diversity is a key strategy for building climate-resilient cities. In Brazil, however, urban forests, except in urban forest remnants, are often dominated by a few species, mostly exotic, despite the country's immense native biodiversity. This study presents a rapid and simple method to support planners in designing functionally diverse urban forests using native trees. We grouped 77 native species from the Dense Ombrophilous Forest (DOF) in southern Brazil into six functional groups based on four traits: seed mass, wood density, height, and leaf persistence. These groups represent distinct ecological strategies and can guide tree selection tailored to local conditions. By offering a low-cost, replicable tool grounded in functional ecology, this approach promotes the use of native species, enhances ecosystem resilience, and fosters a stronger local ecological identity. The method can be adapted for use in other formations and biomes and is particularly relevant for small and mid-sized cities that usually lack the technical capacity for ecological planning."
W4295025079,B3,5,2022,13,Didier Técher,Using superpixel- or pixel-based segmentation for efficient green roof digital image classification and rapid estimation of plant species cover,https://doi.org/10.1016/j.ufug.2022.127722,Urban forestry & urban greening,,
W4416388479,B3,6,2025,4,Luke J. Potgieter,An evidence-based protocol for developing lists for tree planting,https://doi.org/10.3897/neobiota.104.156206,NeoBiota,https://neobiota.pensoft.net/article/156206/download/pdf/,"Tree-planting is increasingly being promoted for urban greening, carbon sequestration, and to enhance biodiversity. However, poorly planned and executed tree-planting schemes can inadvertently contribute to biological invasions with detrimental effects on local ecosystems, economies, and human well-being. Therefore, sustainable, rigorous, repeatable, and transparent species selection strategies are needed. We developed a strategic decision protocol for identifying tree taxa suitable for planting schemes, using a multi-criterion approach that integrates national lists of regulated invasive plant species, global evidence of invasiveness, and susceptibility to key pests. Using the Polyphagous Shot Hole Borer (PSHB) invasion in the City of Cape Town, South Africa as a case study, we illustrate the protocol’s application and potential for informing planting decisions. 444 tree taxa currently planted in Cape Town were assessed. Of these, 85 are regulated nationally as invasive species (and are prohibited from use), while 49 met all suitability criteria and were identified as candidates for a planting list (i.e., a safe list). This protocol provides evidence-based guidance for tree-planting to mitigate the risk of tree invasions and to reduce the spread and impact of associated pests and pathogens. This protocol is replicable and adaptable for use in other regions and can support environmental planners and managers in making informed decisions to safeguard ecosystems and optimise ec"
W2955502448,B3,6,2019,2,Theresa B. Jain,The 21st Century Silviculturist,https://doi.org/10.1093/jofore/fvz027,Journal of Forestry,https://academic.oup.com/jof/article-pdf/117/4/417/28888270/fvz027.pdf,"As a discipline, silviculture has a long legacy of practitioners who mentored the next generation, passing their knowledge—and vision for the future—onward. For example, silviculturists in the northern Rocky Mountains such as Julies Larson, Irvine Haig, Chuck Wellner, and Russ Graham (Graham 2009) followed this mentoring process, leaving a legacy of knowledge and irreplaceable experiences that many others have been privileged to incorporate into their own careers. Along these lines, we offer this discussion. The unique opinions and perspectives of this group of silviculturists from across the United States are intended to contribute to the mentoring process by offering our thoughts on the promises and challenges facing 21st century silviculturists, beginning with my own insights concerning the future of our profession. Theresa Beneavidez Jain In the early 1980s, silviculture was defined as the art and science of controlling the establishment, growth, competition, health, and quality of forest vegetation and could only be applied in a given forest cover and locality if there was a clearly defined management objective (Helms 1998). In a recent silviculture textbook by Nyland et al. (2016, p. 16), the authors expanded the definition. “Silviculturists apply different treatments to make forests more productive and more useful to a landowner and society on a sustainable basis,” and the discipline requires “integrating biologic and economic concepts to devise and carry out treatment"
W7203855747,B3,6,2026,0,Vivek Kumar Dhiman,Integration of biological and engineering technologies for systems design in urban forestry,https://doi.org/10.3389/frsc.2026.1866595,Frontiers in Sustainable Cities,https://www.frontiersin.org/journals/sustainable-cities/articles/10.3389/frsc.2026.1866595/pdf,"Urbanization represents one of the most consequential environmental transformations of the 21st century, necessitating a fundamental re-evaluation of biological capital within rapidly expanding anthropogenic systems. Within this burgeoning anthropogenic environment, the traditional concept of the natural tree is no longer a viable solitary unit for environmental management. As urbanization concentrates people, materials, and energy, it replaces resilient natural landscapes with surfaces that generate heat, combustion byproducts, and persistent chemical emissions (Fineschi and Loreto, 2020). As a result, urban forestry must be reimagined as an integrated systems approach rather than solely as a biological intervention. Future urban forests should function as engineered biological infrastructure that combines advances in biotechnology, computational design, sensor-based monitoring, and environmental engineering to optimize ecosystem service delivery under highly modified urban conditions. Within this systems framework, biotechnology serves as one component of a broader strategy for designing resilient, adaptive, and measurable urban green infrastructure (Wolf et al., 2020).A critical limitation of conventional urban forestry lies in its reliance on canopy cover as a proxy for ecosystem performance. While canopy metrics quantify spatial extent, they fail to capture functional outputs such as pollutant removal efficiency, thermal regulation, and survivability under stress. This d"
W4317033797,B3,6,2022,0,Kateryna Husieva,Prospects for green infrastructure development to improve the living comfort for the population of Odesa,https://doi.org/10.31481/uhmj.30.2022.05,Ukrainian hydrometeorological journal,https://uhmj.org.ua/index.php/journal/article/download/199/193,"The paper is aimed at identification of the prospects for development of green infrastructure as an element of the comfort of living for the urban population of Odesa. The authors briefly described the natural and climatic characteristics of the city. An overview of the research into the development of green infrastructure in urban areas and its connection with the comfort of living for the population in the latest papers of Ukrainian and foreign scientists, such as Bonetskyi, Carter, Cuthbert, Fisher, Henriquez, Huang, Liu, Martins, Nazaruk, Newell, Ocheretnyi, Pryshchepa, Rendekova, Rahman, Sakieh, Sholok, Vasylieva, Zheng, Zibtseva, etc., was performed. The percentage of the city's green space area per resident was calculated and compared to the normative value, a map of the provision of Odesa residents with green spaces was given, and the city districts with maximum and minimum green areas were identified. The paper characterized the species composition of the city’s flora, including the species of native woody, shrubby and herbaceous plants and those imported from other countries and continents. During identification of promising ways to develop green infrastructure within the territory of Odesa, the authors found that for improvement of the comfort of living in the city it is necessary to increase the share of green infrastructure, in particular, to form the green belt of Odesa and create green roofs and walls. The authors gave recommendations for the future expansion o"
W7129011644,B3,7,2026,0,Sajitha Siril,Food forests as a nature-based solution for achieving urban sustainability: Possibilities and challenges,https://doi.org/10.1016/j.nbsj.2026.100313,Nature-Based Solutions,,"Urban food forests (UFFs) represent innovative nature-based solutions that address multiple urban challenges while creating sustainable food systems in cities worldwide. These multi-layered ecosystems mimic natural forest structures through seven distinct vertical layers, from canopy trees to ground cover. Drawing from traditional agroforestry practices that have sustained communities for millennia, modern urban food forests combine indigenous wisdom with contemporary urban planning approaches to create resilient food production systems. This comprehensive review examines how urban food forests align with the IUCN Global Standard for Nature-based Solutions, demonstrating their capacity to tackle societal challenges, including food insecurity, climate change impacts, and urban biodiversity loss. Beyond environmental benefits, urban food forests strengthen community social cohesion through collaborative governance models and educational opportunities. Due to their multifaceted functionalities, urban food forests demonstrate measurable sustainability outcomes and contribute to achieving the United Nations Sustainable Development Goals. However, implementation faces challenges, including land tenure security, regulatory barriers, and the need for long-term community stewardship. The review synthesizes an integrated assessment framework taking insights from existing literature for evaluating UFF performance across environmental, social, and economic dimensions while addressing spa"
W4234259435,B3,7,2013,1,ESA,Dispatches,https://doi.org/10.1890/1540-9295-11.8.400,Frontiers in Ecology and the Environment,,"Some salamander populations may have an invisible microbial shield protecting them from the deadly chytridiomycosis disease that is currently devastating amphibian populations worldwide, according to new research presented at the 2013 Ecological Society of America conference in Minneapolis, MN, in August. Researchers at the University of Maryland hypothesized that salamander declines along the US east coast may be due to Batrachochytrium dendrobatidis, the fungus that causes chytridiomycosis. However, field surveys revealed that only 1% of the salamanders tested harbored B dendrobatidis, even though they are susceptible to the fungal infection in lab experiments. The researchers therefore shifted their focus to determining whether something in nature was protecting the salamanders from infection. Carly Muletz, a PhD student at the University of Maryland, presented initial results comparing the skin microbiome composition – the cutaneous bacterial communities – of two species of terrestrial salamanders (Plethodon cinereus and Plethodon cylindraceus) in the Shenandoah, Catoctin, and Mt Rogers National Parks in the Appalachian Mountains of the eastern US. Skin swabs of salamanders reveal disease-fighting bacteria. To identify antifungal bacteria, Muletz pursued two approaches. First, she swabbed the salamanders' skin and cultured bacteria to determine which individuals could inhibit B dendrobatidis. Then she amplified the 16S rDNA sequences – the conserved genetic region of prok"
W3013768458,B3,7,2020,366,Yendle Barwise,Designing vegetation barriers for urban air pollution abatement: a practical review for appropriate plant species selection,https://doi.org/10.1038/s41612-020-0115-3,npj Climate and Atmospheric Science,https://www.nature.com/articles/s41612-020-0115-3.pdf,"Abstract Vegetation can form a barrier between traffic emissions and adjacent areas, but the optimal configuration and plant composition of such green infrastructure (GI) are currently unclear. We examined the literature on aspects of GI that influence ambient air quality, with a particular focus on vegetation barriers in open-road environments. Findings were critically evaluated in order to identify principles for effective barrier design, and recommendations regarding plant selection were established with reference to relevant spatial scales. As an initial investigation into viable species for UK urban GI, we compiled data on 12 influential traits for 61 tree species, and created a supplementary plant selection framework. We found that if the scale of the intervention, the context and conditions of the site and the target air pollutant type are appreciated, the selection of plants that exhibit certain biophysical traits can enhance air pollution mitigation. For super-micrometre particles, advantageous leaf micromorphological traits include the presence of trichomes and ridges or grooves. Stomatal characteristics are more significant for sub-micrometre particle and gaseous pollutant uptake, although we found a comparative dearth of studies into such pollutants. Generally advantageous macromorphological traits include small leaf size and high leaf complexity, but optimal vegetation height, form and density depend on planting configuration with respect to the immediate physica"
W3187903702,B3,8,2021,23,Simone Valeri,Ecological Connectivity in Agricultural Green Infrastructure: Suggested Criteria for Fine Scale Assessment and Planning,https://doi.org/10.3390/land10080807,Land,https://www.mdpi.com/2073-445X/10/8/807/pdf,"In promoting biodiversity conservation and ecosystem service capacity, landscape connectivity is considered a critical feature to counteract the negative effects of fragmentation. Under a Green Infrastructure (GI) perspective, this is especially true in rural and peri-urban areas where a high degree of connectivity may be associated with the enhancement of agriculture multifunctionality and sustainability. With respect to GI planning and connectivity assessment, the role of dispersal traits of tree species is gaining increasing attention. However, little evidence is available on how to select plant species to be primarily favored, as well as on the role of landscape heterogeneity and habitat quality in driving the dispersal success. The present work is aimed at suggesting a methodological approach for addressing these knowledge gaps, at fine scales and for peri-urban agricultural landscapes, by means of a case study in the Metropolitan City of Rome. The study area was stratified into Environmental Units, each supporting a unique type of Potential Natural Vegetation (PNV), and a multi-step procedure was designed for setting priorities aimed at enhancing connectivity. First, GI components were defined based on the selection of the target species to be supported, on a fine scale land cover mapping and on the assessment of land cover type naturalness. Second, the study area was characterized by a Morphological Spatial Pattern Analysis (MSPA) and connectivity was assessed by Numbe"
W3136398723,B3,8,2021,1,Owen T. Lewis,Some like it hot: Tropical ant community responses to rainforest modification and conversion are shaped by thermal tolerances,https://doi.org/10.1111/1365-2435.13776,Functional Ecology,,"Forest fragmentation, degradation and conversion to agroforestry or plantations are ongoing threats to forests across the humid tropics. Biodiversity invariably suffers from habitat modification (Gibson et al., 2011), but the consequences for individual species are highly variable: there are winners and losers. In insects, for example, certain taxa such as butterflies appear to do relatively well overall, at least at moderate levels of disturbance; others such as ants and termites are reduced in diversity and abundance (Barlow et al., 2007; Lawton et al., 1998). Even within an apparently homogeneous taxon such as ants, highly variable trends are often seen for individual species. It is the number and identity of ‘winner’ and ‘loser’ species that will ultimately shape the structure and function of ecological communities in human-modified tropical forest landscapes. What factors influence the relative success of different taxa as tropical forest habitats are modified? Particular traits tend to be associated with resilience to change (e.g. Newbold et al., 2013), providing clues about the underlying mechanisms. One likely driver of varying biotic responses is a change to microclimatic conditions arising from altered vegetation structure. Logging, fragmentation and conversion to agriculture are associated with pronounced changes to vegetation structure that tend to increase mean temperatures and the frequency of high thermal extremes (Jucker et al., 2018). We expect tropical ectot"
W4416420302,B3,8,2025,3,Prashant Kumar,Overlooked considerations in prescribing green and blue infrastructure solutions for urban environments,https://doi.org/10.1016/j.xinn.2025.101184,The Innovation,,"Green and blue infrastructure (GBI) is emerging as a key strategy for climate adaptation and urban resilience, yet its implementation often faces critical contextual barriers. This review initially screened over 29,000 publications, ultimately synthesizing more than 500 relevant studies supplemented by diverse expert input. The result is a novel integrative framework that connects previously siloed knowledge and consolidates 21 underexplored barriers across four key domains of GBI implementation: environmental, social, economic, and governance/policy. Environmental barriers include conflicts between GBI and renewable energy goals, specifically photovoltaics, unintended consequences of GBI (such as allergenic pollen production), urban ventilation disruption, and vulnerability of plant species to multiple urban stressors. Effective responses include thoughtful allocation and integration of photovoltaics and GBI, developing context-specific frameworks combining ecological knowledge with technological innovation, fostering cross-disciplinary collaboration across technical and social domains, science-based species selection and implementing multi-scalar strategies that enhance ecological connectivity. Social barriers encompass environmental injustice, cultural disconnection, limited public adoption, safety concerns, and esthetic preferences favoring manicured over ecologically functional landscapes. These challenges highlight the need for participatory design, culturally responsiv"
W2895286350,B3,9,2018,12,Emma C. Underwood,Global Change and the Vulnerability of Chaparral Ecosystems,https://doi.org/10.1002/bes2.1460,Bulletin of the Ecological Society of America,https://esajournals.onlinelibrary.wiley.com/doi/pdfdirect/10.1002/bes2.1460,"The Mediterranean-type climate (MTC) regions of the world—the Mediterranean Basin, southwestern South Africa, southwest Australia, coastal central Chile, and the California Floristic Province—support remarkable plant diversity and convergent vegetation communities that share similar physiognomies and functional characteristics (Rundel 2018). In California, chaparral vegetation, typified by evergreen sclerophyllous shrubs that are ubiquitous in the MTC regions, dominates the wildland vegetation of the southern coastal region of California, accounting for approximately 70% of the vegetation cover on federal national forest lands in the region. Like the world's other Mediterranean-type ecosystems, California is a global biodiversity hotspot (Cowling et al. 1996, Myers et al. 2000). Much of this diversity is centered in sage- and chaparral-dominated shrublands found in the coastal and interior mountains. Since Euro-American settlement, these shrubland types have been undervalued and underappreciated, and repeated attempts have been made to ""improve"" them via clearing or afforestation. For decades, science focused on how chaparral might be most efficiently transformed to grasslands that were more useful for grazing and providing water runoff, or to forests that might be more profitably harvested. Today, public underappreciation of chaparral continues, largely as a byproduct of the unfortunate insertion of poorly planned housing developments in landscapes dominated by chaparral's h"
W7133504653,B3,9,2025,0,Anna Briefer,High-Performance Climbing Plants for Urban Climate Improvement: Maintenance Strategies for Climbing Plants in Vertical Greening Systems,https://doi.org/10.34749/jfm.2025.4776,reposiTUm (TU Wien),,"Vertical Greening Systems (VGS) in urban areas play a crucial role in urban climate adaptation, energy efficiency, and biodiversity, but their sustaining benefits depend on species-specific care and maintenance. This study focuses on ground- and planter-based VGS with climbing aids for woody, deciduous plants, introducing the concept of High-Performance Climbing Plants (HPCP): species with superior growth, resilience and greening efficiency. Tailored interventions from planting through preservation maintenance are essential to optimise Plant Coverage (PC) and Wall Leaf Area Index (WLAI), enabling effective cooling and bioshading that directly impact these ecosystem services. Maintenance strategies were systematically developed, tested, and demonstrated under real-site conditions, integrating species selection, structural design, plant training, and pruning techniques. Practical recommendations and checklists, based on national and international guidelines, support the sustainable management of VGS. The study underscores the link between maintenance quality and Green Infrastructure (GI) performance, providing a practical framework for building owners, planners, and facility managers to maximise environmental, economic, and aesthetic benefits."
W2604039748,B3,10,2016,6,Luka Božič,"Numbers, distribution and nest site characteristics of Jackdaw Corvus monedula in Slovenia and its conservation status",https://doi.org/10.1515/acro-2016-0007,Acrocephalus,https://content.sciendo.com/downloadpdf/journals/acro/37/170-171/article-p123.pdf,"Abstract In 2008, a coordinated census of Jackdaw Corvus monedula was carried out to assess breeding population, distribution and nest site selection in Slovenia. Data collection continued for unsurveyed areas in the 2009-2011 period, including information on former colonies and threats. A total of 663-794 Jackdaw pairs were recorded at 86 sites, while total Slovene breeding population was estimated to be in the range of 700-900 pairs. Over one third of pairs were recorded in Central Slovenia, notably the largest city Ljubljana (20.8%), followed by almost a quarter in the Podravje region. Most colonies numbered between 2 and 5 pairs, the largest occupying the Bežigrad district of Ljubljana (82-87 pairs). Large-scale density in geographically more or less uniform areas ranged from 3.65 pairs/10 km 2 in the Sava plain to 0.15 pairs/10 km 2 in mostly mountainous area in northern Slovenia. The majority of Jackdaws selected buildings for nesting (82.2% of pairs), while nesting in trees occurred less frequently (14.7%) and was almost entirely confined to the two easternmost regions of Slovenia. Nesting in cliffs was recorded at just two sites in Slovene Istria (3.1%). Average colony size differed significantly in relation to nest site type, with colonies in rock walls being on average the largest (median = 9.5 pairs), followed by colonies on buildings (6) and those in trees the smallest (3). Among pairs nesting on buildings, multi-storey residential buildings predominated (34.2%). "
W7155157775,B3,10,2026,0,Katie J. Field,From innovation to integration: Plant and soil sciences for people and planet,https://doi.org/10.1002/ppp3.70182,Plants People Planet,,"Global environmental crises and food insecurity demand a paradigm shift in terrestrial ecosystem management. Seeking to leverage the synergies between plants, soils and societies, the research, opinion and review articles within this special issue provide an innovative framework for sustainable land use. Together, this collection of papers aims to inform and encourage policymakers, farmers and urban planners to implement adaptive strategies that could safeguard global food security, restore biodiversity and mitigate climate change, supporting a resilient future for our planet. This Special Issue, inspired by the Plants, People, Planet symposium “Innovation in plant and soil sciences to tackle critical global challenges” held at the University of Sheffield, UK in August 2024, arrives at a pivotal moment for Earth's terrestrial systems. Human activities, including land clearing for agriculture, rapid urban sprawl, and the heavy use of chemical inputs, have pushed biogeochemical cycles of carbon, nitrogen and phosphorus well beyond their safe operating limits (Mitchell-Innes et al., 2025; Nielsen et al., 2025; Yu et al., 2025). Simultaneously, climate change is escalating the frequency of extreme weather events, such as heatwaves and prolonged droughts, which threaten global food security and the stability of native ecosystems (Hill et al., 2025; Johnson et al., 2025; Keyser-Gibson et al., 2025; Myrans et al., 2024). The contributions brought together here reflect the breadth of"
W7167788805,B3,10,2026,0,Vitalii Ploskyi,GREEN PLANTINGS AS AN ELEMENT OF EXPLOSION PROTECTION IN THE URBAN ENVIRONMENT,https://doi.org/10.32347/2519-8661.2026.35-36.290-294,Architectural Bulletin of KNUCA,,"This article examines the issue of finding innovative methods to protect the urban environment from explosive threats caused by industrial accidents, terrorist acts, or military conflicts. Traditional protective structures, despite their effectiveness, tend to have an aggressive visual appearance and create psychological pressure, which contradicts the principles of a modern open society. Therefore, it is important to implement solutions that combine security functions with the ecological and aesthetic regeneration of protective measures based on green spaces. This article is an analytical review of research aimed at systematizing knowledge on the given topic. In this review, the authors analyze studies that examine the physics of shock wave interactions with both conventional protective structures and vegetation. The review covers a wide range of studies—from the UN’s concept of “green infrastructure” as protection against natural disasters to highly specialized works on the dynamic response of specific plant species. It is noted that the introduction of the concept of “biophilic resilience” allows green spaces to be viewed not merely as decoration, but as effective blast-absorbing systems, especially near hospitals, schools, and residential neighborhoods. The protective effect is achieved through a complex set of physical processes, including the reflection of the shock wave at the “vegetation-air” interface, diffraction, energy dissipation through the inelastic deformation"
W4409084994,B3,11,2024,0,Yu. S. Yukhymenko,THE INFLUENCE OF CLIMATE CHANGES ON THE FLOWERING START OF WOODY PLANTS IN THE STEPPE ZONE OF UKRAINE,https://doi.org/10.18524/2077-1746.2024.2(55).320487,Odesa National University Herald Biology,,"Introduction. According to well-known climatologists, the Earth’s air temperature increased by 0.3–0.6 °C in the 20th century, and this period of warming is quite long-term. Air temperature changes in the Steppe zone of Ukraine occur approximately as they do on the planet as a whole. An increase in air temperature causes shifts in the seasonal rhythm of development in plants of various natural habitats, which can be considered as one of the bioindicators of climate change. Spring phenological processes are more sensitive to changes in the temperature regime, so they experience the strongest transformation compared to other seasons. The most informative phenophase regarding the impact of climate change on plants is the phase of the beginning of flowering. Woody plants are an important component of optimizing urban landscapes and maintaining their diversity in the presence of climate change requires adaptation based on their genetic and phenotypic variability. Based on this, it is relevant to study the peculiarities of the adaptation of their phenorhythms to the modern climatic factors of the Steppe zone of Ukraine, which are aggravated by the action of air pollutants from the enterprises of the Kryvyi Rih region. Aim. To study of the influence of global climate changes at the beginning of the flowering of woody plants in the conditions of an industrial city in the Steppe zone of Ukraine. Methods. Fixation of the date of the beginning of flowering was carried out according to t"
W4391964316,B3,11,2024,18,Jan Winkler,Nature-Based Management of Lawns—Enhancing Biodiversity in Urban Green Infrastructure,https://doi.org/10.3390/app14051705,Applied Sciences,https://www.mdpi.com/2076-3417/14/5/1705/pdf?version=1708431054,"Urban green areas have multifunctional benefits that may mitigate unfavorable health and ecological effects. Green areas represent important biodiversity hideouts in anthropogenic regions. Lawns are the most common elements of urban greenery, covering a considerable number of green areas in cities. The aim of this analysis was to gain knowledge on urban greenery and elaborate recommendations related to management that favors grass lawn biodiversity. The established working hypothesis is that the limited intensity of management in urban grass areas is reflected in the modification of their species composition, as well as their potential ecological functions. An experiment on the management of city lawns was conducted in 2010 (still ongoing). There are three lawn variants under different management methods: ornamental, city, and permaculture lawns. Vegetation was assessed using the method of phytocoenological relevés. The coverage values of the individual plant species were processed using multidimensional analysis of ecological data. The results showed that human decisions and activities affected the species composition of these grassy areas. There were 46 plant taxa found during the monitoring: 12 in ornamental lawn variants, 24 in city lawn variants, and 31 in permaculture lawn variants. Permaculture lawns with extensive management represent the most environmentally friendly variant with respect to biodiversity and soil moisture content. However, changes in species compositi"
W2968559727,B3,12,2019,1,Yin-Ying Fang,Feature identification using acoustic signature of Ocean Researcher III (ORIII) of Taiwan,https://doi.org/10.21914/anziamj.v59i0.12655,ANZIAM Journal,https://journal.austms.org.au/ojs/index.php/ANZIAMJ/article/download/12655/2160,"Underwater acoustic signature identification has been employed as a technique for detecting underwater vehicles, such as in anti-submarine warfare or harbour security systems. The underwater sound channel, however, has interference due to spatial variations in topography or sea state conditions and temporal variations in water column properties, which cause multipath and scattering in acoustic propagation. Thus, acoustic data quality control can be very challenging. One of challenges for an identification system is how to recognise the same target signature from measurements under different temporal and spatial settings. This paper deals with the above challenges by establishing an identification system composed of feature extraction, classification algorithms, and feature selection with two approaches to recognise the target signature of underwater radiated noise from a research vessel, Ocean Researcher III, with a bottom mounted hydrophone in five cruises in 2016 and 2017. The fundamental frequency and its power spectral density are known as significant features for classification. In feature extraction, we extract the features before deciding which is more significant from the two aforementioned features. The first approach utilises Polynomial Regression (PR) classifiers and feature selection by Taguchi method and analysis of variance under a different combination of factors and levels. The second approach utilises Radial Basis Function Neural Network (RBFNN) selecting the"
W3198095972,B3,12,2021,22,Yendle Barwise,"The co-development of HedgeDATE, a public engagement and decision support tool for air pollution exposure mitigation by green infrastructure",https://doi.org/10.1016/j.scs.2021.103299,Sustainable Cities and Society,,"There is a lack of clear guidance regarding the optimal configuration and plant composition of green infrastructure (GI) for improved air quality at local scale. This study aimed to co-develop (i.e. with feedback from end-users) a public engagement and decision support tool, to facilitate effective GI design and management for air pollution abatement. The underlying model uses user-directed input data (e.g. road type) to generate output recommendations (e.g. plant species) and pollution reduction projections. This model was computerised as a user-friendly tool named HedgeDATE (Hedge Design for Abatement of Traffic Emissions). A workshop generated feedback on HedgeDATE, which we also discuss. We found that data from the literature can be synthesised to predict air pollutant exposure and abatement in open road environments. However, further research is required to describe pollutant decay profiles under more diverse roadside scenarios (e.g. split-level terrain) and to strengthen projections. Workshop findings validated the HedgeDATE concept and indicated scope for uptake. End-user feedback was generally positive, although potential improvements were identified. For HedgeDATE to be made relevant for practitioners and decision-makers, future iterations will require enhanced applicability and functionality. This work sets the foundation for the development of advanced GI design tools for reduced pollution exposure."
W3111228668,B3,13,2020,10,Derek Lee,Spotted owls and forest fire: Reply,https://doi.org/10.1002/ecs2.3310,Ecosphere,https://onlinelibrary.wiley.com/doi/pdfdirect/10.1002/ecs2.3310,"In response to US Fish and Wildlife Service and USDA Forest Service planning documents that emphasized fire as a primary threat to spotted owl (Strix occidentalis) population persistence (e.g., USFWS 2017, USDA 2018), I performed a detailed multifaceted meta-analysis of all published studies of spotted Owls and forest fire (Lee 2018). I found significant positive effects on foraging habitat selection and recruitment from mixed-severity forest fires, and significant positive effects on reproduction from high-severity fire. My meta-analysis examined key life history parameters in response to fires as they have burned through spotted owl habitat in recent decades under existing forest structural, fire regime, and climate conditions, including multiple ""megafires"" with large patches of high-severity burn. The absence of any widespread, consistent, and significant negative fire-induced effects and the presence of significant positive effects indicated forest fire is not a serious threat to owl populations. Therefore, fuel-reduction treatments intended to mitigate fire severity in spotted owl habitat are unnecessary and perhaps counterproductive to the species' recovery. Planning documents claiming that forest fires currently, or will in future, pose the greatest risk to owl habitat and are a primary threat to population viability are either outdated or highly speculative in light of the Lee (2018) review. Jones et al. (2020; hereafter Jones et al.) agreed with my most important as"
W7203771673,B3,14,2026,0,Ralph Fares,Can urban green infrastructure influence the urban heat island effect and air quality nexus?,https://doi.org/10.1016/j.envpol.2026.128960,Environmental Pollution,https://www.sciencedirect.com/science/article/pii/S0269749126013308/pdf,"Global warming and urban densification are leading to intensified urban heat island effects (UHIE) and degraded air quality (AQ), both with significant public health consequences. Urban green infrastructure (UGI), including ground-level plantings, vertical greening systems and green roofs, has been increasingly deployed to address both challenges, while delivering co-benefits such as habitat restoration and aesthetic appeal. Yet, despite growing evidence of UGI's efficacy, its thermal and AQ benefits have rarely been assessed together. This comprehensive review explores the two-fold role of UGI in mitigating the urban heat island effect and air quality nexus (UHIE-AQ). The interactions between thermal and AQ-mitigative traits are discussed: shading and evapotranspiration lowered leaf surface temperatures, promotion of thermophoresis and deposition of particulate matter, the foliar sequestration of gaseous pollutants, and the inhibition of secondary aerosol formation. Mechanistic and qualitative evidence on the dual-mitigation potential across UGI types are synthesised, indicating that well-maintained urban greenspaces offer comparatively greater potential for managing the UHIE-AQ nexus, while engineered UGI tend to deliver more localised effects. Limitations of UGI are discussed, such as biogenic volatile organic compound emissions, small effect sizes, species selection, climate zone variability and tree canopy-induced night-time warming. Recommendations are made for the comb"
W2318234336,B3,15,2013,1,Maxine J. Levin,Green Economy and Infrastructure Contributions of USDA Urban and Nonfarm Soil Projects in the U.S.,https://doi.org/10.2136/sh2013-54-5-gc,Soil Horizons,,"This commentary expresses the author's views alone and does not represent those of the USDA Natural Resources Conservation Service. These views are based on the author's experiences as the project leader of the Soil Survey of Baltimore City, MD and as a national leader in the Soil Survey Division, USDA-NRCS, Washington, DC. Over the last 25 years, there has been growing demand for soil information to strengthen green economy initiatives and community adaptation strategies to climate change. Despite this, USDA's funding and technical support of soil surveys in urban and nonfarm areas has been inconsistent and, in some places, nonexistent. There is plenty of evidence to support the continuing collection of urban and nonfarm soil information and increase focus for these activities. Urban soil science has progressed and pushed pedology forward to meet the needs of the increasingly complex anthropogenic ecological network. It has developed new venues for the soil survey program that complement the most recent political demands for carbon footprint analysis and emerging data needs for broad community adaptation strategies to climate change. There is a vital role for an evolving modern soil survey to address the most pressing needs of our time through open data, new technologies, digital and remote-sensing tools, outreach to new audiences, and involvement of multidisciplinary networks of scientists and practitioners. In times of financial stress for government spending, an urban/non"
W3055158926,B3,16,2020,18,Iana F. Grullón‐Penkova,Green roofs in the tropics: design considerations and vegetation dynamics,https://doi.org/10.1016/j.heliyon.2020.e04712,Heliyon,http://www.cell.com/article/S2405844020315553/pdf,"Green roofs (GR) have been proposed as a possible solution for urban stressors that, integrated with other remediation and mitigation actions, can lead the way to a more sustainable society. Even when some aspects of green roof design are well established and known (i.e. depth arrangements, materials, structural components, etc.) there is a need for further development on ecological attributes. This study is a descriptive analysis of suitable plant species for their possible incorporation in green roof designs with tropical climate conditions. Green roof research has been mostly led by temperate climate countries and has neglected to address tropical areas; this study aims to move research towards this knowledge gap. The evaluation of the vegetation dynamics in these novel ecosystems was done through a case study in the renovated facilities of the International Institute of Tropical Forestry in Río Piedras, Puerto Rico, which incorporated a set of green roofs in their infrastructure. We also sampled an older green roof built in the Social Sciences Faculty at the University of Puerto Rico at Río Piedras. A three-dimensional approach, the Point-Intercept Method, was taken in the vegetation surveys to capture as much as possible the green infrastructure of the roofs. Most of the originally planted species did not appear in these surveys. On the contrary, mainly new species dominated the areas. Along with the findings of these surveys and those in other tropical countries, a list"
W4400981343,B3,17,2024,23,Serena Vitaliano,Mitigating Built Environment Air Pollution by Green Systems: An In-Depth Review,https://doi.org/10.3390/app14156487,Applied Sciences,,"Air pollution is a critical issue impacting urban environments, leading to severe health problems and environmental degradation. This comprehensive review examines the potential of green systems—specifically green walls, active green walls, and urban greenery systems—to mitigate atmospheric pollutants such as particulate matter (PM), volatile organic compounds (VOCs), and carbon dioxide (CO2). By systematically analyzing 44 recent studies, this review highlights the pollutant capture efficiency of various green technologies and plant species in both indoor and outdoor settings. Active green walls, particularly those utilizing plant species such as Chlorophytum comosum and Sansevieria trifasciata, were found to be highly effective, with VOC reduction efficiencies of up to 96.34%, PM reductions of 65.42%, and CO2 reduction rates reaching 4.8% under optimal conditions. This review identifies key strengths in current research, including diverse experimental setups and the use of sophisticated measurement techniques, but also notes significant limitations such as variability in experimental conditions and a lack of long-term performance data. This study underscores the importance of proper maintenance to sustain green systems’ efficacy and highlights the potential issue of pollutant resuspension, which remains under-researched. Practical implications for urban planning are discussed, advocating for the integration of effective green systems into urban infrastructure to enhance air"
W7139108947,B3,18,2025,0,I Myronova,Ways to improve the efficiency of functioning of urban recreational park infrastructure,https://doi.org/10.33271/crpnmu/83.352,Collection of Research Papers of the National Mining University,,"Purpose. To carry out an ecological assessment of the condition of the urban green area – Gagarin Park – and to provide justification of ways to improve its functioning as a component of the urban green system. The methodology of research. An inventory of trees and shrubs was carried out in accordance with the “Instructions for the inventory of green spaces in populated areas of Ukraine.” The level of damage to trees and shrubs was estimated based on a visual inspection in accordance with the generally accepted methodology and scale for evaluating the condition of trees (deciduous and coniferous) and shrubs separately. Findings. It was discovered that the park's dendroflora consists of 48 species of trees, shrubs, and vines belonging to 24 family groups. It was discovered that the park's flora consists mainly of introduced species, with only 13 species being native. Analysis of data on the condition of tree plantings revealed that the majority of trees are in satisfactory or weakened condition. The tree stand damage index was calculated. Analysis of data on the condition of shrubs showed that 51.23% of shrubs are characterized by a good level of viability, while 33.95% are in satisfactory condition. When assessing damage to coniferous plantations, 26 cases of needle necrosis (23.42% of all conifers) and 68 cases (61.26%) of needle desiccation of varying degrees were recorded. A map of problem areas in the park was created. It has been found that Gagarin Park has significant e"
W2356157191,B3,19,2012,0,Liu Hui,Investigation and Analysis of Plant Landscape on CaoZhou Peony Garden in Heze,,,,"The city parks are an important part of the garden green,also be ecological infrastructure that people must have in life.Garden plant landscape plays a vital role in regulating the ecological balance of the city,improving the environment of the city,and prominenting the features of the urban landscape.By searching the relevant information of Caozhou Peony Garden in Heze,investigating the status quo of the park's botanical landscape and combing the basic theory of plant arrangement with the designing of plant landscape,comprehensive analyzing the plant species in the park,the form of plant configuration,the type of plant space,and co-ordination of other gardening elements,we summarized the features of the plant landscape in Caozhou Peony Garden and pointed out the problems of plant applications,and made some specific recommendations,believing it will play a vital practical significance in improving the ecological environment of the Heze,improving the quality of urban green spaces,and keeping sustainable use of the city."
W4415666435,B3;B3,3,2025,3,Ángel Enrique Salvo Tierra,Why urban greening requires more than just species biodiversity,https://doi.org/10.20935/acadenvsci7981,Academia Environmental Sciences and Sustainability,,"Over the past decades, a noticeable shift has taken place in the relationship between humans and nature. There is a growing interest in re-naturalizing urban environments by increasing vegetation cover as a means to foster more resilient cities and enhance environmental comfort for urban dwellers. Numerous policy recommendations emphasize vague targets such as increasing urban biodiversity or expanding tree canopy cover. While these indicators are indeed relevant and contribute to ecosystem service provision, they remain insufficient as standalone goals, failing to account for the complexity of factors involved in the design and planning of green urban infrastructure. This article places particular emphasis on the role of trees as the core unit of green infrastructure. Other vegetative strata, such as herbaceous layers or vertical greening systems, are acknowledged but regarded as secondary or complementary to tree-based systems. We highlight the conceptual ambiguity surrounding terms like “biodiversity” or “canopy increase” and argue that these metrics, although widely used, must be subordinated to a more integrative and function-driven planning paradigm. Urban forestry strategies should not aim merely to boost biodiversity indices but rather to develop evidence-based planting proposals that consider plant functional traits, optimize ecosystem service delivery, minimize disservices, and ensure species selection aligns with future climate conditions. This also involves maximi"
W4392272401,B4,0,2024,48,Chiara Arrighi,Brief communication: On the environmental impacts of the 2023 floods in Emilia-Romagna (Italy),https://doi.org/10.5194/nhess-24-673-2024,Natural hazards and earth system sciences,,"Abstract. The impacts of floods on environmental assets are often not assessed. In this communication, we reflect on this issue by analysing the reported environmental consequences of the 2023 Emilia-Romagna floods. The information on the environmental impacts is constructed by collecting data from reports, press releases, and interviews in the aftermath of the events. The most frequently reported damage involves water resources and water-related ecosystems, with cultural and supporting ecosystem services particularly affected. Indirect effects in time and space, intrinsic recovery capacity, cascade impacts on socio-economic systems, and the lack of established monitoring activities appear to be the most challenging aspects for future research."
W2096830894,B4,0,2014,6,Francesco Dottori,Analysis of flash flood scenarios in an urbanized catchment using a two-dimensional hydraulic model,https://doi.org/10.5194/piahs-364-198-2014,Proceedings of the International Association of Hydrological Sciences,https://www.proc-iahs.net/364/198/2014/piahs-364-198-2014.pdf,"Abstract. In Italy, growing urbanization is leading to a higher risk of flooding of small water courses, especially in steep catchments of limited area, where severe flash flood events can occur. The assessment of flash flood hazard requires new modelling tools that can reproduce both the rainfall–runoff processes in the catchment, and the flow processes in the drainage network. In this paper we propose the use of a simple two-dimensional hydraulic model for analysing a flood scenario in a small valley within the urban area of the city of Bologna, Italy. Historically this area has been prone to severe flood events, the most recent of which occurred in 1955 and 1932. Since then there has been a significant increase in urbanization of the lower portion of the catchment, while the natural stream bed has been partially replaced by a culvert. The two-dimensional hydraulic model was therefore applied at catchment scale, in order to simulate the possible effects of historical scenarios in the present catchment configuration. Rainfall and runoff data measured during recent rainfall events were used to calibrate model parameters. Model results show that the current culvert section would be insufficient to drain the runoff produced by intense rainfall events, with potential inundation of surrounding urban areas."
W4223637388,B4,0,2022,60,Tommaso Pacetti,Planning Nature Based Solutions against urban pluvial flooding in heritage cities: A spatial multi criteria approach for the city of Florence (Italy),https://doi.org/10.1016/j.ejrh.2022.101081,Journal of Hydrology Regional Studies,,"City of Florence, central Italy Aiming at defining a nature-based strategy to mitigate pluvial flood risk, a two-tiered methodology is proposed. Firstly, the areas prone to pluvial flood are identified by a spatial multi-criteria analysis that combines five criteria (imperviousness, slope, hydrologic soil groups, density of sewer system and social vulnerability) to build a Pluvial Flood Index (PFI). The PFI is validated by the comparison with historical pluvial flood events in the city and it is used for the identification of high priority areas for intervention. Then, this information is merged with the analysis of urban planning and NBS design constraints to identify the suitable areas for NBS installation. Results allow the definition of a NBS implementation strategy against pluvial flooding in the city of Florence, identifying for each pluvial flood hotspot the set of measures that can be implemented to solve the problem. The proposed approach represents a flexible assessment technique that can be reproduced in other urban context and provide useful support for NBS adoption in urban flood risk management for heritage cities."
W3095475548,B4,0,2020,20,Francesco Pagliacci,Mitigation of Urban Pluvial Flooding: What Drives Residents’ Willingness to Implement Green or Grey Stormwater Infrastructures on Their Property?,https://doi.org/10.3390/w12113069,Water,https://www.mdpi.com/2073-4441/12/11/3069/pdf?version=1604304959,"As a consequence of climate change, the impact of pluvial flooding is expected to increase in the next decades. Despite citizens’ poor knowledge, several types of stormwater infrastructure can be implemented to mitigate the impact of future events. This paper focuses on the implementation of green and grey stormwater interventions (i.e., with or without vegetation) on private properties. Framed by the Protection Motivation Theory, a survey-based case study analysis, carried out in a pluvial flooding-prone area of the Veneto Region (Italy), highlights the main factors driving people’s willingness to implement these interventions. The analysis shows that the implementation of grey stormwater infrastructures is driven by the perceived threat and the amount of past pluvial flooding damage (i.e., the direct experience as a proxy of prior knowledge) while the implementation of green stormwater infrastructures is driven also by additional factors (awareness of these interventions, age and education level of the citizens). Based on these results, lack of knowledge on innovative stormwater interventions represents a critical barrier to their implementation on private properties, and it confirms the need for specific dissemination and information activities."
W7140213170,B4,0,2026,3,Moreen Willaredt,The effects of extreme climatic events on urban trees in Mediterranean regions: A review,https://doi.org/10.1016/j.cpb.2026.100605,Current Plant Biology,,"Mediterranean cities are home to more than 10% of the global population and more than 1298 urban tree species. These regions are highly vulnerable to climate change and are facing extreme climatic events such as droughts, heat waves, and flash floods. Urban trees play a key role in mitigating and reducing the effects of these events; however, it remains poorly understood how urban trees might cope with them. This review synthesizes the existing literature evaluating the effects of climatic and weather-related extremes on urban trees in Mediterranean cities. We screened more than 3000 studies, yet only 13 met the criteria of this review. Among the analyzed studies, most focused on drought and heat waves, with only one addressing the effects of extreme wind on tree mortality. Most studies employed remote sensing data and analytical methods, while a smaller number used experimental, field-based, or dendrochronological approaches. Since ten studies addressed droughts, the Standardized Precipitation–Evapotranspiration Index (SPEI) was calculated to contextualize and compare drought characteristics and outcomes across the analyzed cases. Our synthesis reveals that climatic extremes consistently impaired urban tree functioning across multiple scales and methods: remote sensing analyses detected declines in canopy greenness and cover, field-based studies documented reductions in leaf area and photosynthesis and simulation approaches highlighted the loss of evaporative cooling in irri"
W4403945739,B4,1,2024,26,Letizia Cremonini,Causes and Impacts of Flood Events in Emilia-Romagna (Italy) in May 2023,https://doi.org/10.3390/land13111800,Land,,"On 1–3 May 2023, severe hydro-meteorological events occurred in the Italian Emilia-Romagna region. Such events caused extensive flooding, landslides, isolation of many areas, evacuation of many families, and severe damage to infrastructure, agriculture, buildings, and essential services. Several municipalities were affected, thousands of civilians had to be evacuated, and losses of life occurred. The consequences beyond the recorded immediate impacts on infrastructure and life were impressive, and extended to the regional economy, specifically in the Fruit Valley, where, in addition to immediate yield losses, long-term damage to orchard production is expected due to persistent flooding. The civil and cultural building heritage has also been heavily affected, both in the countryside and in inhabited centers. Some of the damage, direct and indirect, caused by flooding on buildings will also see an evolution in the medium- to long-term that needs to be addressed. This paper analyzes the manifold aspects of such an atmospheric phenomenon and its impacts to understand the potential increasing occurrence of similar events in the climate change context."
W2048121281,B4,1,2010,2,Marco Casaioli,Evaluating the improvements of the BOLAM model of the ISPRA Sistema Idro-Meteo-Mare on the December 2008 flood event in Rome,https://doi.org/10.5194/adgeo-25-135-2010,Advances in geosciences,https://adgeo.copernicus.org/articles/25/135/2010/adgeo-25-135-2010.pdf,"Abstract. The Sistema Idro-Meteo-Mare is an integrated meteo-marine forecasting chain for the Mediterranean basin. The recent update of the meteorological segment, based on the hydrostatic BOlogna Limited Area Model (BOLAM), gives the opportunity for a comparative verification study on a Mediterranean cyclone. The 10–12 December 2008 flood event in Rome has been chosen as case study. This disastrous event was claimed to be an extreme one by mass-media; however, its return time is shown here to be about 5 years. The Mediterranean cyclone responsible for the flood offers a tough case study in order to verify the model's ability in reproducing the evolution of meso-synoptic features in the Mediterranean environment. A qualitative comparison, employing satellite data and derived products, is performed. Results suggest that the upgraded model provides a more realistic representation of the cyclone warm sector – where the main rainfall peak took place – whereas the error in the cyclone trajectory and shape evolution is less affected by the BOLAM improvement."
W3015100253,B4,1,2020,20,Marco Tedesco,Exposure of real estate properties to the 2018 Hurricane Florence flooding,https://doi.org/10.5194/nhess-20-907-2020,Natural hazards and earth system sciences,https://nhess.copernicus.org/articles/20/907/2020/nhess-20-907-2020.pdf,"Quantifying the potential exposure of property to damages associated with storm surges, extreme weather and hurricanes is fundamental to developing frameworks that can be used to conceive and implement mitigation plans as well as support urban development that accounts for such events. In this study, we aim at quantifying the total value and area of properties exposed to the flooding associated with Hurricane Florence that occurred in September 2018. To this aim, we implement an approach for the identification of affected areas by generating a map of the maximum flood extent obtained from a combination of the flood extent produced by the Federal Emergency Management Agency's (FEMA's) water marks with those obtained from spaceborne radar remote-sensing data. The use of radar in the creation of the flood extent allows for those properties commonly missed by FEMA's interpolation methods, especially from pluvial or non-fluvial sources, and can be used in more accurately estimating the exposure and market value of properties to event-specific flooding. Lastly, we study and quantify how the urban development over the past decades in the regions flooded by Hurricane Florence might have impacted the exposure of properties to present-day storms and floods. This approach is conceptually similar to what experts are addressing as the “expanding bull's eye effect”, in which “targets” of geophysical hazards, such as people and their built environments, enlarge as populations grow and sprea"
W7214074491,B4,1,2026,0,Liviana Sciuto,"Retrofitting interventions with Sustainable urban Drainage Solutions for the hydraulic risk mitigation: the case study of Catania (Sicily, Italy)",https://doi.org/10.5281/zenodo.22913242,Zenodo (CERN European Organization for Nuclear Research),,"Over the last decade, Nature-Based Solutions (NBS) and related measures such as Green Urban Infrastructures (GUIs) and water-sensitive urban design have emerged as win-win solutions for climate resilience that contribute to both climate adaptation and mitigation while providing a wide range co-benefits for societal challenges. More recently, the increasingly evident climate change impacts have stressed the urgent need for the large-scale development and mainstreaming of NBS, as they can simultaneously support human health, reduce disaster risk, mitigate heat waves, improve surface water quality and promote sustainability of natural resources. In particular, five types of drivers can be identified: ecosystem services, climate change, economy, politics of urban densification, and knowledge of new municipal employees. Notwithstanding these numerous drivers, critical barriers must be overcome in order to enhance the spreading of the NBS implementation. The main barriers stem from uncertainties related to (i) planning for climate adaptation at local-regional scales, (ii) the interdependencies of NBS design, cost, and performance with local environmental conditions, (iii) the lack of knowledge of policy-makers, communities and professionals about NBS and (iv) the receptivity of NBS as viable alternatives of, or complementary upgrade for grey infrastructure. In this context, CARDIMED will introduce a framework to build Climate Resilience in the Mediterranean biogeographical region, "
W7155156085,B4,1,2026,1,Giacomo Guzzon,Evaluating leaf water potential at turgor loss to assess drought tolerance in temperate and Mediterranean shrub species for dry urban environments,https://doi.org/10.1016/j.ufug.2026.129463,Urban forestry & urban greening,,"Shrubs represent a substantial proportion of the plant material used in urban plantings, owing to their compact size, variety of forms, and diverse habitat requirements. These elements serve as effective design components within urban green spaces, especially in sites where space for large trees is severely limited. Urban sites are characterised by stress for plants, due to limited space and challenging, often arid, growing conditions. Water stress is a significant limiting factor for plant growth in urban areas. Consequently, practitioners require reliable, quantitative data on shrub drought tolerance to guide their decisions. In this study, leaf water potential at turgor loss ( Ψ P 0 ) has been selected as a screening trait. The Ψ P 0 It is a highly instructive plant trait and a quantifiable metric of physiological drought tolerance. The objective of this study is to ascertain the Ψ P 0 of 20 temperate and 20 Mediterranean shrub species cultivated within the Royal Botanic Gardens, Kew, in London. Moreover, this study aims to determine whether Ψ P 0 is a reliable screening trait for evaluating drought tolerance across distinct shrub species from different biomes. The findings indicate that the values ranged from -3.80 MPa ( Bupleurum fruticosum ) to -1.61 MPa ( Phlomis fruticosa ). This study demonstrates that there is no significant difference between Mediterranean and temperate species overall. Still, there is considerable variation in drought-coping mechanisms among speci"
W4387077515,B4,2,2023,20,Martina Valente,"Health System Response to the 2023 Floods in Emilia-Romagna, Italy: A Field Report",https://doi.org/10.1017/s1049023x23006404,Prehospital and Disaster Medicine,https://www.cambridge.org/core/services/aop-cambridge-core/content/view/923FB238255C4AA5BA9EBDFF100A8FFF/S1049023X23006404a.pdf/div-class-title-health-system-response-to-the-2023-floods-in-emilia-romagna-italy-a-field-report-div.pdf,"In May 2023, the Italian region Emilia-Romagna was hit by intense rainfall, which caused extensive floods in densely populated areas. On May 4, 2023, a 12-month state of emergency was declared in the region with the activation of response and recovery plans. This field report provides an overview of the health response to the floods, paying particular attention to the measures put in place to ensure care for displaced populations and raising interesting points of discussion regarding the role of the health system during extreme weather events (EWEs). The considerations that emerge from this report underline the need for a primary care approach to disasters, especially when these occur in areas with a high prevalence of elderly resident population, and underscore the importance of integration of different levels of care."
W2900424264,B4,2,2018,2,Rémy Roca,Preface to the Special Collection “Advances in Remote Sensing of Rainfall and Snowfall”,https://doi.org/10.1002/qj.3420,Quarterly Journal of the Royal Meteorological Society,https://rmets.onlinelibrary.wiley.com/doi/pdfdirect/10.1002/qj.3420,"The scientific community of both the International Precipitation Working Group (IPWG) and the International Working group on Space-Based Snowfall Measurements (IWSSM) gathered in October 2016 in Bologna, Italy for a unique workshop on the remote sensing of precipitation. This well-attended event showcased the progress in these communities and represented the first time the two communities organized the same event with the intent of sharing results aiming at improving measurement of precipitation from space and fostering the applications in a growing number of areas. The workshop topics were: new and ongoing satellite programs; retrieval algorithms; validation of instantaneous and gridded precipitation products over land, mountainous terrain, and oceans; precipitation science in meteorology, hydrology, oceanography, climate; upcoming applications such as health, flood and drought monitoring, and risk assessments. The workshop triggered the present collection of papers sharing recent developments with the wider scientific community. The Special Collection «Advances in Remote Sensing of Rainfall and Snowfall» consists of 28 papers dealing with various aspects of solid and liquid precipitation measurements from space. The paper by Levizzani et al. addressed the structure of the International Precipitation Working Group (IPWG) as the community dealing with precipitation measurements from space within the Coordination Group for Meteorological Satellites (CGMS) sponsored by the Worl"
W1976797545,B4,2,2013,83,Chiara Arrighi,Urban micro-scale flood risk estimation with parsimonious hydraulic modelling and census data,https://doi.org/10.5194/nhess-13-1375-2013,Natural hazards and earth system sciences,https://nhess.copernicus.org/articles/13/1375/2013/nhess-13-1375-2013.pdf,"Abstract. The adoption of 2007/60/EC Directive requires European countries to implement flood hazard and flood risk maps by the end of 2013. Flood risk is the product of flood hazard, vulnerability and exposure, all three to be estimated with comparable level of accuracy. The route to flood risk assessment is consequently much more than hydraulic modelling of inundation, that is hazard mapping. While hazard maps have already been implemented in many countries, quantitative damage and risk maps are still at a preliminary level. A parsimonious quasi-2-D hydraulic model is here adopted, having many advantages in terms of easy set-up. It is here evaluated as being accurate in flood depth estimation in urban areas with a high-resolution and up-to-date Digital Surface Model (DSM). The accuracy, estimated by comparison with marble-plate records of a historic flood in the city of Florence, is characterized in the downtown's most flooded area by a bias of a very few centimetres and a determination coefficient of 0.73. The average risk is found to be about 14 € m−2 yr−1, corresponding to about 8.3% of residents' income. The spatial distribution of estimated risk highlights a complex interaction between the flood pattern and the building characteristics. As a final example application, the estimated risk values have been used to compare different retrofitting measures. Proceeding through the risk estimation steps, a new micro-scale potential damage assessment method is proposed. This is"
W3090718985,B4,2,2020,0,Libera Amenta,Climate resilient cities. Introducing two complementary projects’ approaches to mitigate the negative impacts of climate change,https://doi.org/10.6092/2531-9906/7036,Università degli Studi di Napoli Federico II,,"The risks related to climate change for urban settlements are referred, among others, to extreme weather phenomena as pluvial flooding and heat weaves. In the urban context, certain areas suffer more than others when an extreme climate event happens, having negative effects on the built environment and human health. Thus, exploring solutions to mitigate negative impacts of climate change is an urgent need for urban planners, architects and decision makers. This paper is aiming to introduce possible approaches and tools to identify adaptive solutions to reduce climate change risks, and also to increase the preparedness of decision makers to cope with these challenges. To do so, this paper, at first, introduces the problem, looking at it through the developing paradigm of Ecosystem Services and Blue and Green Infrastructures positively impacting on urban systems and human health; then it stresses the potentialities of the methodology of Urban Living Labs as innovative environments for learning, where to produce and share knowledge about the topic and developing related solutions. Then, it introduces two complementary projects’ approaches belonging to the ongoing research program of the Department of Architecture of the University of Naples Federico II, in Italy, to cope with climate change issues. Finally, together with the identification of the strengths of the two experiences, this paper discusses to what extent the Urban Living Lab approach could be implemented in the furthe"
W4412494704,B4,2,2025,4,Antonio M. Cachinero-Vivar,Climate drivers of dieback in Mediterranean urban pine forests,https://doi.org/10.1016/j.ufug.2025.128970,Urban forestry & urban greening,,"Droughts trigger forest dieback worldwide, but these events are still understudied in cities. However, conditions of urban forests can aggravate drought stress due to heat island effects, poor growing conditions or lack of management. We investigated a recent dieback event affecting four Pinus halepensis Mediterranean forests located in Málaga, south eastern Spain. We sampled declining (D) and non-declining (ND) trees showing high and low defoliation levels, respectively, and measured their diameter, stem water content (SWC) and radial growth. We used dendrochronology to obtain basal area increment (BAI) series in 40 trees per forest corresponding to D and ND trees growing in N- and S-oriented slopes. These data were correlated with climate variables, teleconnection indices such as the North Atlantic Oscillation (NAO) index and a drought index. Remote sensing indices were used to evaluate changes in cover and greenness. We found that D trees significantly grew more than ND trees in three out of four forests, regardless slope orientation. However, D trees showed a stronger growth decline in the past 10 years and lower SWC than ND trees. Growth was enhanced by high precipitation in the prior December and high minimum temperatures in April. Long winter droughts constrained growth. The dieback was triggered by very warm and dry conditions starting in the winter 2021−2022 and leading to sharp declines in cover and growth from 2022 to 2024. Such dry winter conditions were linked to"
W7160877146,B4,3,2024,0,Teodoro Georgiadis,Causes and Impacts of Flood Events in Emilia-Romagna (Italy) in May 2023,https://doi.org/10.5281/zenodo.20085180,Zenodo (CERN European Organization for Nuclear Research),,"On 1–3 May 2023, severe hydro-meteorological events occurred in the Italian Emilia-Romagna region. Such events caused extensive flooding, landslides, isolation of many areas, evacuation of many families, and severe damage to infrastructure, agriculture, buildings, and essential services. Several municipalities were affected, thousands of civilians had to be evacuated, and losses of life occurred. The consequences beyond the recorded immediate impacts on infrastructure and life were impressive, and extended to the regional economy, specifically in the Fruit Valley, where, in addition to immediate yield losses, long-term damage to orchard production is expected due to persistent flooding. The civil and cultural building heritage has also been heavily affected, both in the countryside and in inhabited centers. Some of the damage, direct and indirect, caused by flooding on buildings will also see an evolution in the medium- to long-term that needs to be addressed. This paper analyzes the manifold aspects of such an atmospheric phenomenon and its impacts to understand the potential increasing occurrence of similar events in the climate change context."
W2127290410,B4,3,2005,90,Giorgio Camorani,Effects of land-use changes on the hydrologic response of reclamation systems,https://doi.org/10.1016/j.pce.2005.07.010,Physics and Chemistry of the Earth Parts A/B/C,,
W3113662382,B4,3,2020,46,Bo Peng,Urban Flood Mapping With Bitemporal Multispectral Imagery Via a Self-Supervised Learning Framework,https://doi.org/10.1109/jstars.2020.3047677,IEEE Journal of Selected Topics in Applied Earth Observations and Remote Sensing,https://ieeexplore.ieee.org/ielx7/4609443/9314330/09309354.pdf,"Near realtime flood mapping in densely populated urban areas is critical for emergency response. The strong heterogeneity of urban areas poses a big challenge for accurate near realtime flood mapping. However, previous studies on automatic methods for urban flood mapping perform infeasible in near realtime or fail to generalize well to other floods, for several reasons. First, multitemporal pixel-wise flood mapping requires accurate image registration, hindering the efficiency of large-scale processing. Although automatic image registration has been investigated, precisely coregistered multitemporal image sequence requires time-consuming fine tuning. Additionally, the floods may lead to the loss of many corresponding image points across multitemporal images for accurate coregistration. Second, existing unsupervised methods generally rely on hand-crafted features for floodwater detection. Such features may not well represent the patterns of floodwaters in different areas due to inconsistent weather conditions, illumination, and floodwater spectra. This article proposes a self-supervised learning framework for patch-wise urban flood mapping using bitemporal multispectral satellite imagery. Patch-wise change vector analysis is used with patch features learned through a self-supervised autoencoder to produce patch-wise change maps showing potentially flood-affected areas. Postprocessing including spectral and spatial filtering is applied to these patch-wise change maps to remove "
W4297241638,B4,3,2022,20,Rocco Pace,Integrating Copernicus land cover data into the i-Tree Cool Air model to evaluate and map urban heat mitigation by tree cover,https://doi.org/10.1080/22797254.2022.2125833,European Journal of Remote Sensing,,"Cities host more than half of the world’s population and due to global warming and land use change their vulnerability to deadly heat waves has increased. A healthy vegetated landscape can abate heat wave severity and diminish the related urban heat island through the process of evapotranspiration. This research aimed to develop a methodology for cities to use publicly available Copernicus land cover maps within the i-Tree Cool Air water and energy balance model to map air temperature and humidity. The manuscript presents proof of concept using Naples, Italy with its Mediterranean climate characterized by limited soil water for cooling via evapotranspiration. The approach achieved strong correlations between predicted and observed air temperatures across the city (r ≥ 0.89). During the warm season of 2020, forested land cover was 5°C cooler than land cover dominated by impervious cover. Simulated land cover change, limited to a 10% increase or decrease in tree cover, generated an inverse change of 0.2°C in maximum hourly air temperature, with more trees obtaining cooler air. Soil water limited the cooling, with the generally wetter spring season enabling greater cooling of air temperatures, and summer droughts without irrigation had constrained cooling. Sustainable urban design will likely require an increase in plant cover along with a reduction of impervious surfaces that absorb and reradiate heat in order to improve community resilience to heat waves."
W4405469935,B4,4,2024,20,Martina Valente,"The 2023 floods in the Emilia-Romagna Region, Italy: A retrospective qualitative investigation into response strategies and criticalities",https://doi.org/10.1016/j.ijdrr.2024.105089,International Journal of Disaster Risk Reduction,,"In May 2023, the Emilia-Romagna Region experienced two unprecedented rainfall episodes, leading to severe flooding and landslides especially in its southernmost part, the Romagna area. This study aimed to assess the health response to the May 2023 floods in this area, by identifying the main actions undertaken in response to the floods and by highlighting criticalities and lessons learned. To achieve this objective, a retrospective qualitative case study design was chosen, and semi-structured interviews were carried out to gather in-depth information on the experiences and perspectives of 25 key informants (authorities and public administration, health management, public health, primary care, social services, hospital and emergency care system, communication, and third sector) involved in the response. The findings highlight the strain on the local health system, including service and infrastructure disruptions. The response strategies have been analysed and clustered in phases (alert and activation, coordination, communication, identification of vulnerable individuals, evacuations management, surge capacity, health service delivery, logistics, and the role of volunteers), offering a comprehensive overview of local disaster response strategies. Recommendations include enhancing interoperability of health information systems for disaster management, improving the coordination of evacuations for at-risk populations, and strengthening spontaneous volunteers’ management. This stu"
W2158260560,B4,4,2006,169,Stefano Alvisi,Water level forecasting through fuzzy logic and artificial neural network approaches,https://doi.org/10.5194/hess-10-1-2006,Hydrology and earth system sciences,https://hess.copernicus.org/articles/10/1/2006/hess-10-1-2006.pdf,"Abstract. In this study three data-driven water level forecasting models are presented and discussed. One is based on the artificial neural networks approach, while the other two are based on the Mamdani and the Takagi-Sugeno fuzzy logic approaches, respectively. All of them are parameterised with reference to flood events alone, where water levels are higher than a selected threshold. The analysis of the three models is performed by using the same input and output variables. However, in order to evaluate their capability to deal with different levels of information, two different input sets are considered. The former is characterized by significant spatial and time aggregated rainfall information, while the latter considers rainfall information more distributed in space and time. The analysis is made with great attention to the reliability and accuracy of each model, with reference to the Reno river at Casalecchio di Reno (Bologna, Italy). It is shown that the two models based on the fuzzy logic approaches perform better when the physical phenomena considered are synthesised by both a limited number of variables and IF-THEN logic statements, while the ANN approach increases its performance when more detailed information is used. As regards the reliability aspect, it is shown that the models based on the fuzzy logic approaches may fail unexpectedly to forecast the water levels, in the sense that in the testing phase, some input combinations are not recognised by the rule syst"
W2901953189,B4,4,2018,176,Chiara Arrighi,Preparedness against mobility disruption by floods,https://doi.org/10.1016/j.scitotenv.2018.11.191,The Science of The Total Environment,https://ars.els-cdn.com/content/image/1-s2.0-S0048969718345388-ga1_lrg.jpg,"Civil responders currently have limited information available to them to support flood incident planning. A new generation of tools are emerging that produce more detailed understanding of flood impacts on people and accessibility during floods. These are typically applied in isolation, proving only a partial assessment of impacts. This paper integrates analysis of flood hydraulics, transport accessibility and human safety to explore the impact of flooding on pedestrians and drivers, and its implications on emergency routes and service areas. A reference scenario, developed and used by the local Civil Protection Agency, is applied to Galluzzo in Florence (Italy). Results shows that 37% of inhabitants live close to roads where they can be swept away, and 78% live in locations where parked vehicles can be transported by floodwaters. Furthermore, at its worst 22.5% of road extension is inaccessible; and all hospitals, fire and police stations cannot be reached, highlighting the need to take preventative action from the outset of an event that is predicted to lead to substantial inundation. Integration of multiple indicators of flood impacts, especially those most relevant to human safety, is fundamental to civil responders if they are to successfully planning and implement emergency response operations in urban environments."
W2081725048,B4,4,2013,50,Barbara De Lucia,"Effect of different rates of composted organic amendment on urban soil properties, growth and nutrient status of three Mediterranean native hedge species",https://doi.org/10.1016/j.ufug.2013.07.008,Urban forestry & urban greening,,
W4403815468,B4,5,2024,0,Maria Giuseppina Monti,The role of Public Health during an emergency: the 2023 flood in the Emilia-Romagna Region,https://doi.org/10.1093/eurpub/ckae144.1380,European Journal of Public Health,https://academic.oup.com/eurpub/article-pdf/34/Supplement_3/ckae144.1380/60115937/ckae144.1380.pdf,"Abstract Issue Major meteorological events like floods are a primary issue for public health. In May 2023, the Emilia-Romagna Region (Italy) was hit by a major rainfall: more than 4.5 billion m3 of rainwater, more than 30 rivers overflowed, 36.000 displaced people, 17 casualties. Public health is called upon to mitigate health consequences with an epidemiological approach in the pre-disaster phase to better address the population; through rapid need assessment during the response phase; and through health surveillance and tracking systems in the post-disaster phase. Description of the problem A continuous epidemiological approach throughout the emergency was applied. Rescue: coordination for rescue and sheltering of displaced people (especially from flooded healthcare structures); veterinarian intervention for livestock assistance; carcass removal. Assistance: hygienic controls in shelters; distribution of a handbook with instructions for flooded residents and volunteers to prevent potential injuries and infectious disease outbreaks; immunization campaigns, primarily against tetanus and HAV. Health surveillance: monitoring of ER accesses and hospitalizations, notification of communicable diseases, syndromic surveillance. Post-emergency management: VBDs monitoring and preventive treatment, waste management, bathing water surveillance. Results A rapid need assessment was critical for the coordinated effort with other intervention forces, like the Civil Protection. A prompt risk"
W4405041335,B4,5,2024,8,Ming Cheng,Establishing correlations between time series of wastewater parameters under extreme and regular weather conditions,https://doi.org/10.1016/j.jhydrol.2024.132455,Journal of Hydrology,,"This study investigates the correlations between key wastewater parameters – water level, turbidity, and electrical conductivity – under varying weather conditions, including extreme rainfall events such as the May 2023 flood event in Bologna, Italy. Data collected via IoT-based sensors are analyzed using Detrended Cross-Correlation Analysis and Autoregressive Distributed Lag (ARDL) models. The results highlight significant correlations between water level and other parameters, with distinct patterns emerging during extreme and regular weather periods. Notably, water level correlates negatively with electrical conductivity, particularly during flood events, due to the dilution effect of rainwater. Turbidity shows a complex relationship with water level, influenced by weather conditions and the opposing effects of different factors. ARDL models further demonstrate the potential to predict turbidity and electrical conductivity from water level data, offering valuable insights for wastewater management in urban areas."
W2981810834,B4,5,2019,90,Bo Peng,Patch Similarity Convolutional Neural Network for Urban Flood Extent Mapping Using Bi-Temporal Satellite Multispectral Imagery,https://doi.org/10.3390/rs11212492,Remote Sensing,,"Urban flooding is a major natural disaster that poses a serious threat to the urban environment. It is highly demanded that the flood extent can be mapped in near real-time for disaster rescue and relief missions, reconstruction efforts, and financial loss evaluation. Many efforts have been taken to identify the flooding zones with remote sensing data and image processing techniques. Unfortunately, the near real-time production of accurate flood maps over impacted urban areas has not been well investigated due to three major issues. (1) Satellite imagery with high spatial resolution over urban areas usually has nonhomogeneous background due to different types of objects such as buildings, moving vehicles, and road networks. As such, classical machine learning approaches hardly can model the spatial relationship between sample pixels in the flooding area. (2) Handcrafted features associated with the data are usually required as input for conventional flood mapping models, which may not be able to fully utilize the underlying patterns of a large number of available data. (3) High-resolution optical imagery often has varied pixel digital numbers (DNs) for the same ground objects as a result of highly inconsistent illumination conditions during a flood. Accordingly, traditional methods of flood mapping have major limitations in generalization based on testing data. To address the aforementioned issues in urban flood mapping, we developed a patch similarity convolutional neural ne"
W7134074286,B4,5,2026,0,Alexandra D. Solomou,Monitoring the performance of urban green infrastructure: biodiversity challenges and assumptions in Greek Mediterranean cities,https://doi.org/10.3389/frsc.2026.1793315,Frontiers in Sustainable Cities,https://public-pages-files-2025.frontiersin.org/journals/sustainable-cities/articles/10.3389/frsc.2026.1793315/pdf,"In Mediterranean cities, high population density inhibits urban sprawl and lowers transportation emissions. However, it may also amplify existing risks, such as extreme heat, short, heavy rainfall, and persistent summer water shortages. Recent studies in Greece highlight rising impacts from heatwaves (Galanaki et al., 2023) and increased attention to severe weather events, such as intense precipitation, drought, and combined extreme events (Kotrononi et al., 2025). In dense neighbourhoods, imperviousness and constrained drainage convert these hazards into exposure. Urban green areas-trees, shrub layers, green roofs, rain gardens-remain among the few interventions that can simultaneously cool, store stormwater, and deliver biodiversity and health co-benefits (Dodman et al., 2022;WHO Regional Office for Europe, 2017).Recent Greek studies on urban green spaces show that their contribution to both regulating the local microclimate and enhancing biodiversity is not ""automatic"". It depends on evidence-based planning and targeted management, as well as systematic, continuous monitoring, so that ecosystem services are maintained even in heatwave and drought conditions (Proutsos & Solomou, 2025). However, 'more plants' is not a strategy. In Greece (and across the Mediterranean), poorly specified greening can fail under heat and root-zone thermal stress, become irrigation-dependent, or default to imported ornamentals with invasion risk and high maintenance costs. The question 'can a ci"
W7154400010,B4,6,2026,1,Riccardo Bentivogli,Short-term recovery of inland and marine environments after the 2023 Emilia-Romagna flood,https://doi.org/10.1038/s43247-026-03501-3,Communications Earth & Environment,https://www.nature.com/articles/s43247-026-03501-3.pdf,"Extreme floods can strongly affect connected inland and marine environments, yet their short-term recovery remains poorly resolved. Here we use an integrated multidisciplinary approach to assess the short- and medium-term effects of the 2023 Emilia-Romagna flood in Italy on aquatic environments and their recovery capacity. We combined three monitoring campaigns conducted immediately after the flood, about one month later, and after five months with in-situ measurements of abiotic and biotic variables, environmental DNA community assessment, pharmaceutical residue analyses, and satellite-derived data across rivers, drainage canals and marine waters. Despite the large spatial extent and intensity of the disturbance, most parameters showed partial to near-complete recovery within five months. However, this reflected movement toward post-event trajectories rather than full return to pre-flood conditions. The lack of pre-event baselines limits precise before-after impact assessment and highlights the need for long-term, standardized monitoring frameworks. Despite substantial alterations in water chemistry and biological communities, inland and marine environments showed rapid short-term recovery within five months, trending toward pre-flood conditions and seasonal dynamics after the 2023 Emilia-Romagna flood in Italy."
W7130981749,B4,6,2024,0,Ming Cheng,Establishing correlations between time series of wastewater parameters under extreme and regular weather conditions,https://doi.org/10.5281/zenodo.18728643,Journal of Hydrology,,"This study investigates the correlations between key wastewater parameters – water level, turbidity, andelectrical conductivity – under varying weather conditions, including extreme rainfall events such as theMay 2023 flood event in Bologna, Italy. Data collected via IoT-based sensors are analyzed using DetrendedCross-Correlation Analysis and Autoregressive Distributed Lag (ARDL) models. The results highlight significantcorrelations between water level and other parameters, with distinct patterns emerging during extreme andregular weather periods. Notably, water level correlates negatively with electrical conductivity, particularlyduring flood events, due to the dilution effect of rainwater. Turbidity shows a complex relationship withwater level, influenced by weather conditions and the opposing effects of different factors. ARDL modelsfurther demonstrate the potential to predict turbidity and electrical conductivity from water level data, offeringvaluable insights for wastewater management in urban areas."
W4213058861,B4,6,2022,4,Marco Lompi,Impacts of Rainfall Data Aggregation Time on Pluvial Flood Hazard in Urban Watersheds,https://doi.org/10.3390/w14040544,Water,https://www.mdpi.com/2073-4441/14/4/544/pdf?version=1644999784,"Pluvial floods occur when heavy rainstorms cause the surcharge of the sewer network drainage, representing one of the most impacting natural hazard in urban watersheds. Pluvial flood hazard is usually assessed considering the effect of annual maxima rainfall of short duration, comparable with the typical concentration times of small urban watersheds. However, short duration annual maxima can be affected by an error of underestimation due to the time resolution as well as the aggregation time of the rainfall time series. This study aims at determining the impact of rainfall data aggregation on pluvial flood hazard assessment. Tuscany region (Central Italy) is selected as a case study to perform the assessment of the annual maxima rainfall underestimation error, since the entire region has the same temporal aggregation of rainfall data. Pluvial flood hazard is then evaluated for an urban watershed in the city of Florence (Tuscany) comparing the results obtained using observed (uncorrected) and corrected annual maxima rainfall as meteorological forcing. The results show how the design of rainfall events with a duration of 30 min or shorter is significantly affected by the temporal aggregation, highlighting the importance of correcting annual maxima rainfall for a proper pluvial flood hazard evaluation."
W2981211730,B4,6,2019,22,Cecilia Brunetti,An integrated overview of physiological and biochemical responses of Celtis australis to drought stress,https://doi.org/10.1016/j.ufug.2019.126480,Urban forestry & urban greening,,
W4402241449,B4,7,2024,15,Joshua Dorrington,Precursors and pathways: dynamically informed extreme event forecasting demonstrated on the historic Emilia-Romagna 2023 flood,https://doi.org/10.5194/nhess-24-2995-2024,Natural hazards and earth system sciences,,"The ever-increasing complexity and data volumes of numerical weather prediction demand innovations in the analysis and synthesis of operational forecast data. Here we show how dynamical thinking can offer directly applicable forecast information, taking as a case study the extreme northern Italy flooding of May 2023. We compare this event with long-lasting historical northern Italy rainfall events in order to determine (a) why it was so extreme, (b) how well it was predicted, and (c) how we may improve our predictions of such extremes. Lagrangian analysis shows, in line with previous work, that 48-hourly extreme rainfall in Italy can be caused by moist air masses originating from the North Atlantic; North Africa; and, to a lesser extent, eastern Europe, with compounding moisture contributions from all three regions driving the May 2023 event. We identify the large-scale precursors of typical northern Italy rainfall extremes based on geopotential height and integrated vapour transport fields. We show in European Centre for Medium-Range Weather Forecasts (ECMWF) operational forecasts that a precursor perspective was able to identify the growing possibility of the Emilia-Romagna extreme event 8 d beforehand – 4 d earlier than the direct precipitation forecast. Such dynamical precursors prove to be well suited for identifying and interpreting predictability barriers and could help build forecasters' understanding of unfolding extreme scenarios in the medium range. We conclude by "
W7130940979,B4,7,2024,0,Ming Cheng,Establishing correlations between time series of wastewater parameters under extreme and regular weather conditions,https://doi.org/10.5281/zenodo.18728644,Journal of Hydrology,,"This study investigates the correlations between key wastewater parameters – water level, turbidity, andelectrical conductivity – under varying weather conditions, including extreme rainfall events such as theMay 2023 flood event in Bologna, Italy. Data collected via IoT-based sensors are analyzed using DetrendedCross-Correlation Analysis and Autoregressive Distributed Lag (ARDL) models. The results highlight significantcorrelations between water level and other parameters, with distinct patterns emerging during extreme andregular weather periods. Notably, water level correlates negatively with electrical conductivity, particularlyduring flood events, due to the dilution effect of rainwater. Turbidity shows a complex relationship withwater level, influenced by weather conditions and the opposing effects of different factors. ARDL modelsfurther demonstrate the potential to predict turbidity and electrical conductivity from water level data, offeringvaluable insights for wastewater management in urban areas."
W2892231090,B4,7,2018,10,Cosimo Peruzzi,Three‐dimensional hydraulic characterisation of the Arno River in Florence,https://doi.org/10.1111/jfr3.12490,Journal of Flood Risk Management,https://flore.unifi.it/bitstream/2158/1138937/2/J%20Flood%20Risk%20Management%20-%202018%20-%20Peruzzi%20-%20Three%e2%80%90dimensional%20hydraulic%20characterisation%20of%20the%20Arno%20River%20in%20Florence.pdf,"Rivers in historical cities, such as the Arno River in Florence, are typically characterised by unique complex‐shaped hydraulic structures (such as bridges and weirs). The flow interaction with these structures can lead to a fully 3D flow field which cannot be properly investigated with commonly employed 1D, and even 2D, hydraulic models. Nowadays, 3D computational fluid dynamics (CFD) tools can be successfully used in river management context. Florence is characterised by a high risk of flooding and the disastrous consequences of such events being greatly increased due to its inestimable artistic heritage. The main cause of flooding is the limited hydraulic conveyance capacity of the Arno River in Florence due to several complex hydraulic structures along the reach. The present work represents the first 3D hydraulic model of the Arno River in the urban reach of Florence. The geometric model was created using the 3D bed topography of the river surveyed in 2015. The hydraulic model was calibrated and validated using discharge and water stage field data measured in 2016. The 3D model can be used as a more realistic tool for exploring mitigation solutions for the reduction of hydraulic risk."
W4411786344,B4,7,2025,1,J. Julio Camarero,"Riparian field elm (Ulmus minor) is sensitive to drought, and fast-growing trees are susceptible to Dutch elm disease",https://doi.org/10.1016/j.foreco.2025.122948,Forest Ecology and Management,,"Dutch elm disease (DED) is decimating field elm ( Ulmus minor ) populations in Europe. The species is subjected to periodic DED outbreaks leading to a loss of vigor (canopy dieback, radial growth, mortality rate), but drought could also stress these riparian stands and interact with DED. However, we lack a quantitative characterization on the impacts of DED and drought on the vigor of elm populations. To assess how river geomorphology, growth rate and intrinsic water-use efficiency (iWUE) influence elm vulnerability to DED, we measured tree-ring, wood anatomy and δ 13 C in non-declining (ND) and declining (D) trees in an urban site. We also assessed the elm vigor status in 13 elm stands experiencing different geomorphological (river sinuosity index) and stand structural features along the middle Ebro basin (North Eastern Spain). Tree-ring and wood-anatomy series were correlated with climate variables (temperature, precipitation), a drought index and river flow data. Elm was more abundant at sites with lower river sinuosity and where Populus alba was abundant. On average, 64 ± 12 % (mean ± SE) of the elm basal area corresponded to dead trees. The probability of death was above 50 % for elms with diameter > 21 cm. Dry-warm conditions from the prior to the current summer and low spring river flow decreased elm growth. During the severe drought of 2012, the mean ring width was 36 % lower than the long-term average (2.74 mm). However, elm showed a rapid post-drought growth recover"
W7125695770,B4,8,2025,0,Hei Tung Wu,Performance of the operational ECMWF ensemble in predicting heavy rain associated with the Emilia-Romagna flood in May 2023,https://doi.org/10.3929/ethz-c-000790794,Repository for Publications and Research Data (ETH Zurich),,"A devastating flood occurred in May 2023 in the Emilia-Romagna region in northern Italy following a 2-day period with widespread accumulated precipitation exceeding 150mm. The event was associated with a quasi-stationary upper-level cutoff cyclone. This study investigates the performance of the operational ECMWF ensemble prediction system in capturing the cutoff formation and the occurrence of intense precipitation. The key results are that forecasts with a 1-day lead time were highly accurate and that a predictability jump occurred for lead times larger than 4 days, when the ensemble failed in representing the formation of the cutoff."
W131285714,B4,8,2009,0,Gianluca Gottardi,Dimensionamento di invasi per il controllo dei deflussi nei bacini urbanizzati,https://doi.org/10.6092/unibo/amsdottorato/1767,Università degli Studi di Bologna,,"Urbanization is a continuing phenomenon in all the world. Grasslands, forests, etc. are being continually changed to residential, commercial and industrial complexes, roads and streets, and so on. One of the side effects of urbanization with which engineers and planners must deal with, is the increase of peak flows and volumes of runoff from rainfall events. As a result, the urban drainage and flood control systems must be designed to accommodate the peak flows from a variety of storms that may occur. Usually the peak flow, after development, is required not to exceed what would have occurred from the same storm under conditions existing prior to development. In order to do this it is necessary to design detention storage to hold back runoff and to release it downstream at controlled rates. In the first part of the work have been developed various simplified formulations that can be adopted for the design of stormwater detention facilities. In order to obtain a simplified hydrograph were adopted two approaches: the kinematic routing technique and the linear reservoir schematization. For the two approaches have been also obtained other two formulations depending if the IDF (intensity-duration-frequency) curve is described with two or three parameters. Other formulations have been developed taking into account if the outlet have a constant discharge or it depends on the water level in the pond. All these formulations can be easily applied when are known the characteristics of t"
W4409845177,B4,8,2025,2,Paolo Tamagnone,Preserving the Past in a Changing Climate: An Approach to Assess the Impact of Urban Flooding in Cultural Heritage Cities,https://doi.org/10.1111/jfr3.70043,Journal of Flood Risk Management,https://onlinelibrary.wiley.com/doi/pdfdirect/10.1111/jfr3.70043,"ABSTRACT Urban floods are increasing due to the intensification of precipitation extremes in a changing climate and to the intensive expansion of urbanscapes. Therefore, flood hazards can potentially increase losses to historical buildings and cultural heritage. In this context, this study proposes a methodology to assess the impact of climate change on urban flooding at the district and building scale. The methodology is applied in the Santa Croce District, where an extensive collection of masterpieces of the city of Florence (Italy) is preserved and exposed, especially in the National Central Library. The flood hazard assessment is obtained by using a dual drainage hydraulic model to quantify the flooded area within the buildings due to the overflow of sewer systems. An ensemble of 34 climate model projections based on output from Phase 6 of the Climate Model Intercomparison Project (CMIP6) in two emission scenarios, or Shared Socioeconomic Pathways (SSP245 and SSP585) and two time windows (2021–2050, Near Future, and 2071–2100, Far Future) are considered as input of the model. The results show that the flood hazard will increase in all climate scenarios, especially in the SSP585 at the end of the century."
W4388678321,B4,8,2023,29,Justin M. Valliere,Functional traits and drought strategy predict leaf thermal tolerance,https://doi.org/10.1093/conphys/coad085,Conservation Physiology,https://academic.oup.com/conphys/article-pdf/11/1/coad085/53364532/coad085.pdf,"Heat stress imposes an important physiological constraint on native plant species-one that will only worsen with human-caused climate change. Indeed, rising temperatures have already contributed to large-scale plant mortality events across the globe. These impacts may be especially severe in cities, where the urban heat island effect amplifies climate warming. Understanding how plant species will respond physiologically to rising temperatures and how these responses differ among plant functional groups is critical for predicting future biodiversity scenarios and making informed land management decisions. In this study, we evaluated the effects of elevated temperatures on a functionally and taxonomically diverse group of woody native plant species in a restored urban nature preserve in southern California using measurements of chlorophyll fluorescence as an indicator of leaf thermotolerance. Our aim was to determine if species' traits and drought strategies could serve as useful predictors of thermotolerance. We found that leaf thermotolerance differed among species with contrasting drought strategies, and several leaf-level functional traits were significant predictors of thermotolerance thresholds. Drought deciduous species with high specific leaf area, high rates of transpiration and low water use efficiency were the most susceptible to heat damage, while evergreen species with sclerophyllous leaves, high relative water content and high water use efficiency maintained photo"
W4417457093,B4,9,2025,0,Hei Tung Wu,Performance of the operational ECMWF ensemble in predicting heavy rain associated with the Emilia‐Romagna flood in May 2023,https://doi.org/10.1002/wea.70017,Weather,https://onlinelibrary.wiley.com/doi/pdfdirect/10.1002/wea.70017,"Abstract A devastating flood occurred in May 2023 in the Emilia‐Romagna region in northern Italy following a 2‐day period with widespread accumulated precipitation exceeding 150mm. The event was associated with a quasi‐stationary upper‐level cutoff cyclone. This study investigates the performance of the operational ECMWF ensemble prediction system in capturing the cutoff formation and the occurrence of intense precipitation. The key results are that forecasts with a 1‐day lead time were highly accurate and that a predictability jump occurred for lead times larger than 4 days, when the ensemble failed in representing the formation of the cutoff."
W2326353089,B4,9,2011,0,Ryoko KAITA,THE JURISDICTION OF THE ARCHITECT GIUSEPPE POGGI IN THE PROJECT OF ENLARGEMENT OF FLORENCE,https://doi.org/10.3130/aija.76.1701,Journal of Architecture and Planning (Transactions of AIJ),https://www.jstage.jst.go.jp/article/aija/76/667/76_667_1701/_pdf,"Giuseppe Poggi was a Florentine architect who directed city planning in mid-nineteenth century Florence, after it became the Capital of the Kingdom of Italy in 1865. During this period, while executing flood prevention projects, constructing piazzas, residence areas and creating paesaggio, he sought to create a modern city of Florence that was appropriate to its role as capital. Since his projects were profoundly influenced by the Italian political situation, the projects represent not only the ideal figure of Florence but also the ideal figure of Italy during that period. In this research, Poggi's role and the limitations imposed on the jurisdiction of his decision-making will be clarified in order to analyze his projects precisely and to understand urban modernization in Florence."
W3217447788,B4,9,2021,46,David L. Miller,Seasonal and interannual drought responses of vegetation in a California urbanized area measured using complementary remote sensing indices,https://doi.org/10.1016/j.isprsjprs.2021.11.002,ISPRS Journal of Photogrammetry and Remote Sensing,https://www.sciencedirect.com/science/article/pii/S092427162100294X/pdf,"The effects of drought can manifest in vegetation across an array of physiological responses and time scales. In metropolitan areas, vegetation provides shading and cooling during hot and dry conditions, but these benefits can be reduced with drought. While many studies have evaluated interannual vegetation drought responses, these responses to drought can be expressed diversely across seasons, especially in cities that regularly experience seasonal drought (e.g., in Mediterranean climates). Here, we evaluated seasonal and interannual drought responses across the dominant types of urban trees and grasses in the Santa Barbara, California, USA metropolitan area, primarily using Landsat imagery acquired from 2010 to 2019 as well as repeat Airborne Visible Infrared Imaging Spectrometer - Classic (AVIRIS-C) imagery acquired 2013–2015. To track vegetation types, we produced a random forest classification from 4 m AVIRIS-Next Generation (AVIRIS-NG) imagery acquired in June 2014 (overall accuracy = 86%; kappa = 0.85), thresholding to >90% pure pixels for most vegetation types in the coarser time series imagery. We monitored drought response from Landsat imagery using the Normalized Difference Vegetation Index (NDVI) and the difference in land surface temperature (ΔLST) between vegetation and developed/impervious surfaces. We used AVIRIS-C to measure equivalent water thickness (EWT), comparing it with NDVI. During drought years, NDVI was lower and ΔLST was closer to zero. Changes in E"
W7118769273,B4,10,2026,0,Francesco Di Paola,The May 2023 flood in Emilia-Romagna and 50-year trends in extreme precipitation based on ERA5-Land,https://doi.org/10.1016/j.ejrh.2025.103070,Journal of Hydrology Regional Studies,,"Study region Emilia-Romagna, northern Italy. Study focus This study analyses the extreme precipitation events of May 2023 in Emilia-Romagna, which caused fatalities and widespread damage, including flooding and landslides, with economic losses exceeding €8 billion. These events are characterised using rain gauge observations together with ERA5 and ERA5-Land reanalyses, and long-term (1974–2023) precipitation trends are derived from ERA5-Land to provide a multi-decadal context. New hydrological insights for the region At the scale of individual ERA5-Land grid points, over the 50-year reference period, statistical evidence indicates mean increases of 5 % for accumulations lasting up to 2 h and of 10 % for 1-h extreme accumulations, the latter consistent with the thermodynamic Clausius–Clapeyron rate given a concurrent 2-m air-temperature increase of 1.3 °C. In terms of frequency, statistical evidence indicates a 12 % reduction for 1-h accumulations and an average increase of 26 % for extreme accumulations with durations up to 3 h. The analysis also reveals a reduction in wet hours and a more fragmented distribution of precipitation in time and space. For events defined as extreme in terms of regional spatiotemporal extent, duration, persistence and accumulated precipitation, the mean values of these characteristics decrease by 16 % without significant changes in frequency, whereas events defined as extreme only in terms of mean precipitation increase by 9 % in magnitude and 61 "
W4412830433,B4,10,2025,4,Grazia Tucci,Integrated Geomatic Solutions for the Digital Twin of Florence: Protecting the Arno River and its Historic Urban Landscape from Climate Risks,https://doi.org/10.5194/isprs-archives-xlviii-g-2025-1463-2025,"The international archives of the photogrammetry, remote sensing and spatial information sciences/International archives of the photogrammetry, remote sensing and spatial information sciences",https://isprs-archives.copernicus.org/articles/XLVIII-G-2025/1463/2025/isprs-archives-XLVIII-G-2025-1463-2025.pdf,"Abstract. The interplay between urban environments and waterways is a critical aspect of sustainable city planning, particularly in historic settings vulnerable to climate change. This study presents the Digital City & River Twin (DiC&RT) framework, focusing on the historic urban fabric of Florence and its interaction with the Arno River. Unlike conventional Urban Digital Twins (UDTs), which often address isolated domains, DiC&RT intends to analyse the complex relationship between the river and the historic city by means of integrated geomatic techniques. The project addresses flood risks, structural stability, and environmental dynamics by creating a comprehensive multi-layered model. DiC&RT employs diverse data acquisition techniques, including static and kinematic LiDAR scanning, unmanned aerial and surface vehicles for photogrammetry and bathymetry, and ground-penetrating radar for subsurface analysis. A geodetic control network ensures high-precision data integration, supporting long-term monitoring. The study assesses the effectiveness of these methods in capturing the geometric and environmental characteristics of the riverbanks, bridges, and urban infrastructure. The results demonstrate the necessity of combining multiple surveying technologies to obtain a holistic representation of the study area. By integrating spatial and predictive modeling, DiC&RT enables real-time risk assessment and scenario simulations for climate change adaptation. This framework offers a sca"
W7127196630,B4,10,2026,0,Milena Godoy-Veiga,"Growth and climate sensitivity of native and non-native urban trees under varying soil conditions in Santiago, Chile",https://doi.org/10.1016/j.ufug.2026.129334,Urban forestry & urban greening,,
W7117780094,B4,11,2025,0,Filippo Bocchino,Crop flood damage assessment integrating Sentinel-2 imagery and in situ data: the 2023 Emilia-Romagna case,https://doi.org/10.1016/j.rsase.2025.101852,Remote Sensing Applications Society and Environment,,"Floods are among the most severe consequences of climate change, causing significant damage across multiple sectors, including agriculture. Nevertheless, the assessment of agricultural flood damage remains limited, particularly in agriculturally intensive regions where timely support is crucial. This work proposes a data-driven approach for assessing crop flood damage through a machine learning classification framework applied to features derived from Earth Observation (EO) data, trained and tested on field-level damage data collected by agronomists. Specifically, we applied a Random Forest model to classify fields into three damage classes by integrating Sentinel-2–derived indices, topographic information, and flood extent maps. The analysis focused on the flood event that struck the Emilia-Romagna region (Italy) in May 2023, one of the costliest floods globally that year. The model was trained and tested on 412 fields, achieving an overall accuracy of 0.74, with a precision, recall, and F1 score of 0.75, 0.74, and 0.74, respectively. The model accurately identified high-damage fields, which were characterized by greater flood exposure, lower elevations, and pronounced declines in vegetation indices. However, it struggled to distinguish between no-damage and medium-damage fields, particularly for permanent crops, where damage often occurs beneath the canopy and flooded areas may be partially occluded. The main novelty of this work lies in the use of in situ crop damage asses"
W7130410590,B4,11,2026,0,Francesco De Pascale,Hydrogeological risk in Florence: memory and perception in the context of climate change,https://doi.org/10.1016/j.ijdrr.2026.106060,International Journal of Disaster Risk Reduction,,"This study investigates the relationship between memory and the perception of hydrogeological risk in the context of climate change, focusing on the metropolitan area of Florence, Italy. Adopting a mixed-methods approach that combines historical–literary analysis with a large-scale questionnaire survey (734 respondents) and statistical modelling, the research provides an original contribution to the understanding of how collective and individual memory shape risk perception, preparedness, and institutional trust. The results show that direct memory of past events reduces panic and enhances preparedness but weakens trust in institutions, while the absence of memory increases reliance on authorities but limits operational knowledge. Socio-demographic factors such as age, education, and degree of urbanization selectively influence risk perception, with floods and heatwaves perceived more strongly in urban areas and landslides in rural ones. By explicitly integrating memory as an analytical dimension within risk perception studies, the paper highlights a persistent gap between awareness and adaptive behaviour and underscores the need for territorially differentiated communication and governance strategies in local climate risk management. • There is evidence of persistent gaps in Florence between risk perception, preparedness, and adaptive behaviour in the context of climate change. • Direct memory of past events reduces panic and improves preparedness but weakens institutional t"
W4382129678,B4,11,2023,0,Ana Triano-Cornejo,"LAND USE CHANGES AND EFFECTS OF RAINFALL ON VEGETATION COVER IN TWO MEDITERRANEAN BASINS (MÁLAGA, SPAIN)",https://doi.org/10.46909/alse-554077,Journal of Applied Life Sciences and Environment,https://doi.org/10.46909/alse-554077,"The western Mediterranean is an area particularly affected by the effects of climate change, which makes it a hotspot, and it is also an area where there is particular competition for land use, where subtropical crops coexist with traditional crops including vines, olives, and almond trees, and where there is growing demand for urban development and tourism. It is one of the most sensitive to the effects of climate change because of the markedly contrasting extreme events, including heat waves, torrential rains and drought. In this study we analysed changes in land use, torrential events and the effect of rainfall on vegetation cover and soils in two basins, the main objective being to analyse the evolution of land use and water erosion in recent decades. The two basins are similar but have different configurations and contrasting uses. One has steep slopes and is characterized by more typical Mediterranean crops, such as vineyards, while the other has been subject to clearing that has modified the steep slopes, and where there has been a change to more competitive crops, including subtropical crops. The results highlight the continuous increase of irrigated crops and urban areas and a gradual disappearance of rainfed crops, the occurrence between torrential events and the correlation between monthly rainfalls and vegetation cover."
W4410839408,B4,12,2025,0,Barbara Zanuttigh,MODELLING THE CATASTROPHIC MAY 2023 FLOODS ALONG THE EMILIA ROMAGNA LITTORAL WITH THE COASTS GIS-BASED TOOL,https://doi.org/10.9753/icce.v38.papers.69,Coastal Engineering Proceedings,,"Planning eco-compatible, cost-efficient management strategies ensuring the continuity-of-daily-life and promoting adaptation to climate change can be efficiently supported by GIS-based tools, that allow risk assessment for a number of scenarios and for a variety of clusters of solutions. In this paper the recent flood events along the Emilia Romagna littoral are modeled with the COASTS GIS-based decision support system including different hydraulic models, specifically X-Beach and Mike21. The flooding model results are compared with the available inundation limits recorded after the flood. The hydraulic load considered the combination of rainfall, storm surge, waves and river discharges in the specific area of Cesenatico, a seaside town close to Cesena in northern part of Italy. The inundation modelling restitutes cautious inundation area and therefore the economic damage is also overestimated with respect to the registered damage compensation."
W849051713,B4,12,2014,0,Ecaterina Patrascu,Feminism and Femininity in Salman Rushdie's the Enchantress of Florence,,Journal of Research in Gender Studies,,"1. Locating Love ... IdeologicallyThe Enchantress of Florence is structured on the story-within-story pattern, involving historical and imaginary characters - a narrator: Niccolo Vespucci, an enchantress: Qara Koz, an emperor: Akbar the Great, a Florentine, a disabused Republican turned a political philosopher: Niccolo Machiavelli, a first minister, pirates, explorers, queens. stories, however, are pretexts to discuss essential questions of power, love and, more than anything, the meanings of the self, beyond the geographical and temporal delimitations within which the above characters live - the Mughal Emperor's court at Fatehpur Sikri and the urban space of Renaissance Florence. Assessing the topic of secular humanism and its origins, Justin Newman refers to Enchantress of Florence:In several important ways, Rushdie's novel conforms to mainline accounts of secularization (as entailing the retreat of religion from public life paired with the decline of individual belief) and of humanism (epitomized by a commitment to beauty as the ultimate aesthetic value, a commitment paired with a recentering of life around worldly affairs and individual reason).1However, the atemporality of the themes discussed is doubled by the presence of veridical historical details - Rushdie attaches an ample bibliography at the end of his novel in order to sustain the credibility of many hypostases in the book - and also by the presence of fantastic embodiments, imagined characters and incidents. As "
W1561307433,B4,12,2020,70,Reginald W. Herschy,Encyclopedia Of Hydrology And Water Resources,,,,"Foreword. Preface. Selected international journals in hydrology and water resources. Units, symbols and conversion factors. Access to and accountability of water resources. Accuracy. Accuracy of hydrodynamic approximations in hydrology: non-uniform, steady flow. Accuracy of hydrodynamic approximations in hydrology: unsteady, uniform flow. Acidic deposition: acidification of surface waters. Acid rain. Activated sludge process: historical. Activated sludge process. Africa: climate. Agroclimatology. Albedo and reflectivity. Algal growth on lakes. Alluvial valley engineering. Amazon River. Antarctic ozone hole. Antecedent precipitation. Aquifer. Aral Sea. Arid climates. Aridity indices. Arid lands. Arid zone hydrology. Asia: climate. Atmosphere. Atmospheric processes associated with water in the atmosphere. Atmospheric water vapor. Australia: climate and water resources. Australian flood studies. Bernoulli energy equation. Biosphere. Black Sea environment. Bottled water. Caspian Sea. Central America and West Indies: climate. Channelization and bank stabilization. Chezy formula. Chilgrove House well, UK. Climate and climate change. Climate change and ancient civilization. Climate change and the greenhouse effect. Climate data: sources. Climate forecasting: monthly and seasonal. Clouds (cloud seeding). Colebrook-White equation. Computer models. Conveyance. Correlation coefficient. Current metering. Cyanobacteria (blue-green algae). Dams. Dams: failure. Dams: world. Danube River: hy"
W4411081723,B4,13,2025,6,Claudio Ascione,"How floods may affect the spatial spread of respiratory pathogens: the case of Emilia-Romagna, Italy in May 2023",https://doi.org/10.1140/epjds/s13688-025-00560-y,EPJ Data Science,https://epjdatascience.springeropen.com/counter/pdf/10.1140/epjds/s13688-025-00560-y,"The negative impact of floods on public health has been increasing, as climate change makes these events more frequent and intense. Floods are known to cause direct injury and favor the spread of many waterborne and vector-borne pathogens. Their effect on the circulation of respiratory pathogens, like influenza and SARS-CoV-2, is, however, still unclear. In this study, we quantify this effect through the analysis of large-scale behavioral data coupled to mathematical models of epidemic spread. We focus on the devastating floods occurred in Italy in 2023 and measure how they impacted human contact patterns within and between communities. We find a substantial increase in contacts occurring 3 weeks after the floods, both among residents of the affected areas and between them and those living in distant, unaffected areas of Italy. Then, through mathematical simulations, we determine that these disrupted contact patterns can carry a circulating pathogen to previously unaffected geographic areas, as well as increasing infection counts across the country. Our findings may help set up protocols to use large-scale human contact data to contain epidemic outbreaks before, during and in the aftermath of floods."
W7214694417,B4,13,2010,0,Pasquino Pallecchi,The water in the development of Florence (central Italy) between the Roman and the Renaissance ages: the resource and the hazard,,Alpine and Mediterranean Quaternary,,"Pallecchi P. et al., The water in the development of Florence (central Italy) between the Roman and the Renaissance ages:the resource and the hazard. (IT ISSN 0394-3356, 2010)The early geomorphological events occurring in the mid valley of the Arno River have determined a suitable setting for the foundationof Florence. Fluvial processes shaped the future area where Bronze Age people settled down possibly on a seasonal base, followedby the Etruscans and the Romans that selected the same location as a suitable place for the early Florence town. A network of shorttributaries north of the Arno River represented transverse physiographic barriers and sources of additional water for a stable settlement. Since those times the Florentine people experienced the advantages and risks of such a riverine setting. As for other ancient urban centres, the rises and falls of Florence have been largely driven by the changing political and socio-economic scenarios. The late Middle Age and the Renaissance re-flourishing of the town, following the late Roman Age-early Middle Age depopulation, led to increase in land demand for urban expansion and a growing need of hydropower for the industry. This expansion progressively impacted on the cross-section of the Arno River narrowing it and thus increasing the flooding risk. Two tributaries, Mugnone and S.Gervasio creeks, were diverted several times as moats along the city walls as they were rebuilt around the expanding town. A comparison of the frequen"
W4413069561,B4,13,2025,0,Mesfin Boja,"Challenges and Management Strategies for Mediterranean Cork Oak Forests: Impacts of Climate Change, Human Activities, and Invasive Species – A Review",https://doi.org/10.55168/ssr2809-6029.2025.8005,Sustainability Science and Resources,,"The Mediterranean cork oak (Quercus suber) forests, crucial for maintaining biodiversity and supporting local economies, are experiencing severe and multifaceted declines driven by an array of environmental and anthropogenic factors. These unique ecosystems are increasingly threatened by climate change, which is manifesting through more frequent and severe droughts, elevated temperatures, and unpredictable precipitation patterns. Such climatic shifts are not only affecting cork production but are also compromising the overall health and resilience of these forests. Concurrently, human activities, including extensive deforestation, overharvesting, and the conversion of forested lands into agricultural or urban areas, have intensified habitat fragmentation and disrupted natural processes essential for forest regeneration. The spread of invasive species, particularly Aleppo pine (Pinus halepensis), exacerbates these challenges by encroaching on traditional cork oak habitats. This intrusion alters forest composition, reduces biodiversity, and affects ecosystem functionality. Furthermore, diseases such as Phytophthora cinnamomi are playing a critical role in forest decline by attacking cork oak roots, impairing water and nutrient uptake, and contributing to soil degradation. The combined effects of these pressures result in a diminished capacity for natural regeneration and increased vulnerability of these forests to further disturbances. To counteract these threats, adaptive fore"
W4402616045,B4,14,2024,9,Valeria Satriano,A First Extension of the Robust Satellite Technique RST-FLOOD to Sentinel-2 Data for the Mapping of Flooded Areas: The Case of the Emilia Romagna (Italy) 2023 Event,https://doi.org/10.3390/rs16183450,Remote Sensing,https://www.mdpi.com/2072-4292/16/18/3450/pdf,"Extreme meteorological events hit our planet with increasing frequency, resulting in an ever-increasing number of natural disasters. Flash floods generated by intense and violent rains are among the most dangerous natural disasters that compromise crops and cause serious damage to infrastructure and human lives. In the case of such a kind of disastrous events, timely and accurate information about the location and extent of the affected areas can be crucial to better plan and implement recovery and containment interventions. Satellite systems may efficiently provide such information at different spatial/temporal resolutions. Several authors have developed satellite techniques to detect and map inundated areas using both Synthetic Aperture Radar (SAR) and a new generation of high-resolution optical data but with some accuracy limits, mostly due to the use of fixed thresholds to discriminate between the inundated and unaffected areas. In this paper, the RST-FLOOD fully automatic technique, which does not suffer from the aforementioned limitation, has been exported for the first time to the mid–high-spatial resolution (20 m) optical data provided by the Copernicus Sentinel-2 Multi-Spectral Instrument (MSI). The technique was originally designed for and successfully applied to Advanced Very High Resolution Radiometer (AVHRR), Moderate Resolution Imaging Spectroradiometer (MODIS), and Visible Infrared Imaging Radiometer Suite (VIIRS) satellite data at a mid–low spatial resolution "
W4415899652,B4,14,2025,2,Beatrice Carlini,"Enhancing climate resilience in urban areas through satellite data: A case study of flood mapping during a rainfall event in Tuscany, Italy",https://doi.org/10.1016/j.heliyon.2025.e44108,Heliyon,,"Climate change has increased the frequency and intensity of extreme weather events, leading to greater risks for vulnerable urban areas. Urban sprawl and inadequate infrastructure exacerbate the vulnerability of the territory, resulting in significant socioeconomic losses from climate-related hazards and in particular flooding. Cities in small size watersheds with short response time are particularly vulnerable also because effects of floods must be detected very quickly and effectively monitored to implement effective interventions to mitigate their impact on humans, properties, infrastructures, and environment. To enhance climate resilience in cities, smart technologies such as GIS-based Digital Twin help to simulate and monitor flooding scenarios to support urban planning and decision-making. The validation of the outputs of these virtual systems relies on flood maps from past events generated from satellite-based data and mainly Synthetic Aperture Radar (SAR) images, which are effective in various meteorological conditions. Although SAR-based methods are effective for flood detection, their application in urban areas is challenging due to the complexity of radar backscattering effects caused by built environments. The under-detection caused by the limitations of using intensity data alone, can be reduced by InSAR coherence but not always interferometric imagery is available. This study focuses on developing and validating flood maps basically obtained from single intensit"
W3133855797,B4,14,2021,66,Marina Palmero‐Iniesta,"Recent forest area increase in Europe: expanding and regenerating forests differ in their regional patterns, drivers and productivity trends",https://doi.org/10.1007/s10342-021-01366-z,European Journal of Forest Research,,
W4404261894,B4,15,2024,3,Mauro De Feudis,Negative impact of alluvial sediments on physical properties of agricultural soils affected by flooding in May 2023 in Emilia Romagna Region (Northern Italy),https://doi.org/10.1007/s11368-024-03931-6,Journal of Soils and Sediments,,
W1863278039,B4,15,2007,5,Mariaelena Fedi,"Radiocarbon Dating in Late-Roman and Medieval Contexts: An Archaeological Excavation in the Center of Florence, Italy",https://doi.org/10.1017/s0033822200042508,Radiocarbon,https://www.cambridge.org/core/services/aop-cambridge-core/content/view/D3542724FC7F7FCE8CA2BA09AF03094D/S0033822200042508a.pdf/div-class-title-radiocarbon-dating-in-late-roman-and-medieval-contexts-an-archaeological-excavation-in-the-center-of-florence-italy-div.pdf,"A series of samples for radiocarbon dating were collected in 2005 from the Biblioteca Magliabechiana archaeological excavation area in the center of Florence, Italy, in a project directed by the Dipartimento di Archeologia e Storia delle Arti of the University of Siena, in cooperation with the Soprintendenza per i Beni Architettonici e per il Paesaggio per le province di Firenze e Prato. This area is located near the Uffizi Galleries, close to the Roman town, the Arno River and one of its former tributaries. The area is peculiar for the Florentine urban context because it was free from urban development until the 12th century AD. The exposed stratigraphy showed the presence of several layers composed of natural sediments, partly the result of historical floods. Here, we report a series of 14C measurements on charcoal and seed samples collected on this excavation. 14C dating has been performed in the LABEC laboratory in Florence, on the accelerator mass spectrometry (AMS) beam line of the AMS-IBA 3MV Tandetron accelerator. We also had the opportunity to compare the 14C dates obtained with several series of samples previously collected in nearby archaeological areas. Results were consistent with the data obtained previously and, moreover, offer interesting new aspects to the interpretation of the archaeological findings."
W7111417815,B4,15,2025,0,Ricardo Riveros,Proposal for Mitigation of Heat Waves in Cities through Sustainable Urban Cooling and Humidification Systems / Propuesta de Mitigación de Olas de Calor en Ciudades mediante Sistemas de Humidificación y Enfriamiento Urbano Sostenible,https://doi.org/10.6084/m9.figshare.30816458,Figshare,,"Propuesta de Mitigación de Olas de Calor en Ciudades mediante Sistemas de Humidificación y Enfriamiento Urbano SostenibleResumenEl aumento de la temperatura urbana y la disminución de la humedad relativa generan estrés hídrico, degradación de vegetación urbana y aumento del consumo energético por sistemas de refrigeración. Esta propuesta plantea un enfoque sostenible, de bajo costo, basado en la captura y aprovechamiento de agua disponible, sistemas de riego estratégico de vegetación urbana, y la optimización de microclimas para reducir el impacto de olas de calor extremas.ObjetivosMantener la humedad del suelo y la vegetación urbana durante olas de calor prolongadas.Reducir la temperatura superficial y ambiental en áreas urbanas mediante la evapotranspiración de plantas estratégicamente ubicadas.Favorecer la formación y precipitación de nubes locales al incrementar la humedad en microclimas urbanos.Proponer un modelo replicable para otras ciudades con condiciones mediterráneo-tropicales y semiáridas.Metodología propuestaCinturones verdes estratégicosSelección de parques, plazas y avenidas como puntos clave.Preparación de planteras y zonas verdes con suelo que retenga humedad.Riego con microaspersión usando agua potable o capturada de condensación de aires acondicionados.Uso de agua condensada de sistemas de climatizaciónRecolección de agua de condensación en edificios residenciales y comerciales.Redirección hacia planteras, jardines urbanos y zonas verdes estratégicas.Optimi"
W4408408180,B4,16,2025,32,Matteo Berti,RER2023: the landslide inventory dataset of the May 2023 Emilia-Romagna meteorological event,https://doi.org/10.5194/essd-17-1055-2025,Earth system science data,,"Landslide inventories play a vital role in assessing susceptibility, hazards, and risks and are essential for developing resilience strategies in mountainous areas. This importance is amplified in the context of climate change as existing inventories might not adequately reflect changing stability conditions. In May 2023, the Emilia-Romagna region of Italy was hit by two major rainfall events, leading to widespread flooding and the triggering of thousands of landslides. Predominantly, these were shallow debris slides and debris flows, occurring on slopes previously deemed to be stable based on historical data, with no prior landslides recorded. Our team supported the Civil Protection Agency through field surveys and mapping efforts to pinpoint and record these landslides, prioritizing areas critical to immediate public safety and focusing on thorough mapping for future recovery planning. The outcome is a detailed map of all landslides induced by these events, manually identified using high-resolution aerial photography (0.2 m pixel resolution; four bands – RGB and near-infrared (NIR)) and categorized with the help of a 3D viewer. This comprehensive landslide inventory, comprising 80997 landslide polygons, has been made openly accessible to the scientific community (https://doi.org/10.5281/zenodo.13742643, Pizziolo et al., 2024)."
W3105351029,B4,16,2021,74,Chiara Arrighi,Indirect flood impacts and cascade risk across interdependent linear infrastructures,https://doi.org/10.5194/nhess-21-1955-2021,Natural hazards and earth system sciences,https://nhess.copernicus.org/articles/21/1955/2021/nhess-21-1955-2021.pdf,"Floods are one of the most frequent and damaging natural threats worldwide. Whereas the assessment of direct impacts is well advanced, the evaluation of indirect impacts is less frequently achieved. Indirect impacts are not due to the physical contact with flood water but result, for example, from the reduced performance of infrastructures. Linear critical infrastructures (such as roads and pipes) have an interconnected nature that may lead to failure propagation, so that impacts extend far beyond the inundated areas and/or period. This work presents the risk analysis of two linear infrastructure systems, i.e. the water distribution system (WSS) and the road network system. The evaluation of indirect flood impacts on the two networks is carried out for four flooding scenarios, obtained by a coupled 1D–quasi-2D hydraulic model. Two methods are used for assessing the impacts on the WSS and on the road network: a pressure-driven demand network model and a transport network disruption model respectively. The analysis is focused on the identification of (i) common impact metrics, (ii) vulnerable elements exposed to the flood, (iii) similarities and differences of the methodological aspects for the two networks, and (iv) risks due to systemic interdependency. The study presents an application to the metropolitan area of Florence (Italy). When interdependencies are accounted for, results showed that the risk to the WSS in terms of population equivalent (PE/year) can be reduced by 71"
W7114787238,B4,16,2025,0,"Riveros, Ricardo",Proposal for Mitigation of Heat Waves in Cities through Sustainable Urban Cooling and Humidification Systems / Propuesta de Mitigación de Olas de Calor en Ciudades mediante Sistemas de Humidificación y Enfriamiento Urbano Sostenible,https://doi.org/10.6084/m9.figshare.30816458.v4,Figshare,,"Propuesta de Mitigación de Olas de Calor en Ciudades mediante Sistemas de Humidificación y Enfriamiento Urbano SostenibleResumenEl aumento de la temperatura urbana y la disminución de la humedad relativa generan estrés hídrico, degradación de vegetación urbana y aumento del consumo energético por sistemas de refrigeración. Esta propuesta plantea un enfoque sostenible, de bajo costo, basado en la captura y aprovechamiento de agua disponible, sistemas de riego estratégico de vegetación urbana, y la optimización de microclimas para reducir el impacto de olas de calor extremas.ObjetivosMantener la humedad del suelo y la vegetación urbana durante olas de calor prolongadas.Reducir la temperatura superficial y ambiental en áreas urbanas mediante la evapotranspiración de plantas estratégicamente ubicadas.Favorecer la formación y precipitación de nubes locales al incrementar la humedad en microclimas urbanos.Proponer un modelo replicable para otras ciudades con condiciones mediterráneo-tropicales y semiáridas.Metodología propuestaCinturones verdes estratégicosSelección de parques, plazas y avenidas como puntos clave.Preparación de planteras y zonas verdes con suelo que retenga humedad.Riego con microaspersión usando agua potable o capturada de condensación de aires acondicionados.Uso de agua condensada de sistemas de climatizaciónRecolección de agua de condensación en edificios residenciales y comerciales.Redirección hacia planteras, jardines urbanos y zonas verdes estratégicas.Optimi"
W4415611801,B4,17,2025,2,Enrico Scoccimarro,A cul-de-sac effect makes Emilia-Romagna more prone to floods in a changing climate,https://doi.org/10.1038/s41598-025-24486-7,Scientific Reports,https://www.nature.com/articles/s41598-025-24486-7.pdf,"The disastrous flood of May 2023 in Emilia-Romagna, Italy, displaced thousands of residents and had severe impacts on the economy, with extensive damage to infrastructure-roads, buildings, bridges-and losses in agriculture and livestock. The flood was caused by two consecutive precipitation events, during which no hourly rainfall extremes were recorded, but for which accumulated rainfall over several days produced nonetheless extreme flooding, with a return period of over 500 years. The persistent, long-lasting precipitation was fueled by an uninterrupted vertically integrated water flux from the Adriatic Sea over the Po Valley, driven by a cyclonic circulation over Italy that remained stationary for several days. A ""cul-de-sac"" effect, due to mountains that blocked moisture fluxes from the Adriatic Sea, amplified rainfall and was a root cause of the disaster. In this study, we analyze the dynamics of this case study in the context of the large-scale atmospheric circulation, focusing on the role of the stationary cyclonic structure over Italy, a feature that also characterized a similar event over the same area in 2024. Furthermore, by examining the frequency of stationary cyclones in the Mediterranean region over recent decades, we are able to suggest that the persistent, dangerous configuration observed during the 2023 and 2024 events should be of concern to other Mediterranean areas that share similar conditions. A preliminary analysis also suggests that this class of even"
W7140561045,B4,17,2026,0,Victor Faria,Routing Optimization Framework for Exploring Time-Varying Urban Road Network Vulnerability under Floods,https://doi.org/10.1061/jitse4.iseng-2788,Journal of Infrastructure Systems,,"This work investigates the problem of vehicle routing and assessment of road network vulnerability during extreme flood conditions by considering inundation levels and their effects on road availability and travel speeds. A stormwater model is used to estimate street-level inundation during three major hurricanes that passed through Wilmington, North Carolina—Florence, Matthew, and Dorian—to determine how different storms can affect the road network system. Toward this, an optimization model was developed that uses flood versus speed reduction functions to integrate flood levels to estimate decreasing the number of available arcs and reducing the interconnectivity of different regions over time. A comparison of the road network analysis using flood estimates from the stormwater model and the 100-year flood maps from the Federal Emergency Management Agency of the United States was performed, and overall results indicate the importance of storm-specific flood estimates to assist emergency planners in the definition of critical roads and affected areas. The paper also explores how different regions are affected during various flood severity levels and identifies areas of vulnerability. It introduces severity scenarios based on route feasibility, shedding light on the dynamic nature of flood impact, and concludes by highlighting the influence of flood changes on the importance of specific road segments in network planning and operation."
W4206073351,B4,17,2021,1,Evan Enayat Mohammad,Effect of two organic fertilizers on some anatomical features of Pinus pinea L. seedlings grown in field and lathe house,https://doi.org/10.21271/zjpas.33.6.9,ZANCO Journal of Pure and Applied Sciences,,"Pinus pinea L. cultivated in open field and lath house treated with 0, 12g. plant-1 local compost and 9 g.plant-1 Bamboo biochar was studied by using Factorial Complete Randomized Design and carried out during 4th October-2020 to 5th May-2021. Cultivation of the seedlings in open field without fertilizers gave best values of epidermis, mesophyll and vascular bundle thickness (11.333, 39.000 and 55.000um respectively), the highest value of hypoderm thickness (14.000um) was recorded from combination of open field condition and Bamboo biochare fertilizer. While, the best stomata density was with application of Bamboo biochar under lath house condition (113.667.mm-2). Epidermis thickness (23.667 um) was obtained from the treatment of 12(g. plant-1) local compost and lath house condition. However, the treatment of 12g. Plant-1 local compost gave the best vascular bundle thickness (176.667um) and the beast result of cortex thickness (91.000 um) was in the treatment of open field combined with 9 g.plant-1 Bamboo biochar. References 1-Luomala, E.M., Laitinen, K., Sutinen, S., Kellomäki, S. and Vapaavuori, E., 2005. Stomatal density, anatomy and nutrient concentrations of Scots pine needles are affected by elevated CO2 and temperature. Plant, Cell & Environment, 28(6), pp.733-749. 2-Kilpeläinen, A., Gerendiain, A.Z., Luostarinen, K., Peltola, H. and Kellomäki, S., 2007. Elevated temperature and CO2 concentration effects on xylem anatomy of Scots pine. Tree Physiology, 27(9), pp.1329-1"
W7161060831,B4,18,2026,0,Cecilia Biancalana,Climate change and attribution in Italian TV news coverage of the Emilia-Romagna flood: a missing story?,https://doi.org/10.1080/23248823.2026.2673164,Contemporary Italian Politics,https://www.tandfonline.com/doi/pdf/10.1080/23248823.2026.2673164?needAccess=true,"While extreme weather events may make climate change feel more immediate and personally relevant, this potential depends largely on how such events are framed in the media. This article examines how Italian prime-time television news covered the May 2023 floods in Emilia-Romagna, focusing on the salience of climate change, the framing of causal attribution, the visibility of political and scientific actors, and the presence of obstructionist narratives. Drawing on a mixed-methods content analysis informed by framing theory, the study analyzes 1,017 television news reports broadcast on Italy’s main channels in 2023. The findings show that climate change was rarely mentioned in coverage of the floods and even less frequently framed as a causal factor. Explicit discussions of causality were generally limited and, when present, were more likely to attribute responsibility to failures in land or emergency management than to climate change. Political actors dominated the coverage, whereas scientists appeared mainly in segments explicitly addressing climate change. A qualitative analysis of the 29 news items that identified climate change as a cause of the floods further reveals the presence of obstructionist frames that downplay systemic responsibility and discourage climate action. The study contributes to research on climate communication, climate and attribution framing, and climate delay discourse, while also providing new evidence from a media context that remains highly influ"
W4382136985,B4,18,2023,19,Jirapa Vongkusolkit,Near Real-Time Flood Mapping with Weakly Supervised Machine Learning,https://doi.org/10.3390/rs15133263,Remote Sensing,https://www.mdpi.com/2072-4292/15/13/3263/pdf?version=1687758579,"Advances in deep learning and computer vision are making significant contributions to flood mapping, particularly when integrated with remotely sensed data. Although existing supervised methods, especially deep convolutional neural networks, have proved to be effective, they require intensive manual labeling of flooded pixels to train a multi-layer deep neural network that learns abstract semantic features of the input data. This research introduces a novel weakly supervised approach for pixel-wise flood mapping by leveraging multi-temporal remote sensing imagery and image processing techniques (e.g., Normalized Difference Water Index and edge detection) to create weakly labeled data. Using these weakly labeled data, a bi-temporal U-Net model is then proposed and trained for flood detection without the need for time-consuming and labor-intensive human annotations. Using floods from Hurricanes Florence and Harvey as case studies, we evaluated the performance of the proposed bi-temporal U-Net model and baseline models, such as decision tree, random forest, gradient boost, and adaptive boosting classifiers. To assess the effectiveness of our approach, we conducted a comprehensive assessment that (1) covered multiple test sites with varying degrees of urbanization, and (2) utilized both bi-temporal (i.e., pre- and post-flood) and uni-temporal (i.e., only post-flood) input. The experimental results showed that the proposed framework of weakly labeled data generation and the bi-tem"
W4410791927,B4,18,2025,4,Yuka Kotozaki,The increase of wildfires and their impact: the importance of prevention and measures through the example of Ofunato,https://doi.org/10.3389/ffgc.2025.1589796,Frontiers in Forests and Global Change,https://www.frontiersin.org/journals/forests-and-global-change/articles/10.3389/ffgc.2025.1589796/pdf,"Wildfires are natural disturbances that play an essential role in ecosystem dynamics. However, in some forest ecosystems, wildfire plays a natural role in ecosystem regeneration. Rather than insisting on preventing wildfires altogether, it is important to consider ways to minimize wildfire damage while allowing natural fire cycles to function where appropriate. This perspective allows for a more balanced discussion of wildfire management strategies. When they occur in wildland-urban interface (WUI) areas or threaten human lives and infrastructure, they may have disastrous consequences (Omi, 2005;Pyne, 2010;Kalogiannidis et al., 2023). While there is evidence of increasing wildfire frequency or severity in certain regions (e.g., the Mediterranean), satellite data suggest that the global burned area has actually declined by approximately 25% over the past two decades (Andela et al., 2017). Therefore, global trends are heterogeneous and influenced by both natural and anthropogenic drivers. Once wildfires start to cause damage may result in long-term or irreversible environmental damage, including biodiversity loss, degradation of soil fertility, and destruction of mature forest ecosystems (Diaz, 2014). Although wildfires are caused by a variety of factors, from natural to man-made, they can be prevented by taking appropriate countermeasures.Wildfires are particularly prone to occur in dry seasons and regions. Recent years have seen an increase in the frequency and severity of wi"
W4412584081,B4,19,2025,7,Alessia Ferrari,"Brief communication: Hydrological and hydraulic investigation of the extreme September 2024 flood on the Lamone River in Emilia-Romagna, Italy",https://doi.org/10.5194/nhess-25-2473-2025,Natural hazards and earth system sciences,https://nhess.copernicus.org/articles/25/2473/2025/nhess-25-2473-2025.pdf,"In September 2024, several European countries experienced extreme and prolonged record-breaking rainfall that induced severe flooding and caused widespread damage, casualties, and disruptions. In this context, the Emilia-Romagna region in northern Italy suffered heavy precipitation primarily affecting the Lamone River basin, where a levee breach occurred near the village of Traversara, causing the flooding of urban settlements, vineyards, orchards, and crops. Since the same area was severely impacted by devastating floods no later than May 2023, it is relevant to understand whether this area indeed faced extreme precipitation events in 2 consecutive years and to explore how the hydrological–hydraulic modelling can support the preparedness against these recurring events."
W7160082134,B4,19,2026,1,Chiara Arrighi,Building‐Scale Flood Hazard Modelling for Risk Assessment of Cultural Heritage,https://doi.org/10.1111/jfr3.70220,Journal of Flood Risk Management,,"ABSTRACT Flooding is among the most frequent natural hazards threatening cultural heritage sites, yet current flood hazard studies often operate at urban or regional scales. While building‐scale damage models exist, they generally rely on flood depth inputs from large‐scale inundation models, inputs that may fail to capture the internal complexity of heritage buildings. This paper presents a 2D building‐scale flood hazard modelling approach designed to improve risk assessment, management, and adaptation for cultural heritage buildings. The method incorporates detailed architectural and structural features—such as basements; openings; uneven floor levels; and interior spatial layout—to simulate internal flood dynamics. The methodology is applied to the Marini Museum in Florence, Italy. An offline‐coupled hydraulic model is used in conjunction with a 2D urban‐scale flood model to simulate floodwater ingress, internal flow patterns, and the effects of mitigation measures. Our results indicate that relying solely on urban‐scale flood maps leads to substantial overestimation of internal flood depths, whereas the building‐scale model represents inundation processes within exhibition spaces. Such approach provides a more robust foundation for risk assessment and mitigation planning that supports heritage managers in the correct placement and display mode for vulnerable artworks, thanks to a risk classification of exhibition spaces. Future work will address model validation and exten"
W2343094166,B4,19,2016,2,Tibor Standovár,Forests in a Changing World,https://doi.org/10.1111/cobi.12714,Conservation Biology,,"Forests in Our Changing World: New Principles for Conservation and Management. Landsberg, J., and R. Waring. 2014. Island Press, Washington, D.C., U.S.A. 224 pp. $35.00 (paperback). ISBN 978-1-610-91496-3. Forests and Global Change. Coomes, D.A., D.F. R.P. Burslem, and W.D. Simonson, editors. 2014. Cambridge University Press, Cambridge, U.K. 473 pp. £39.99 (paperback). ISBN 978-1-107-61480-2. Large Scale Forest Restoration. Lamb, D. 2014. Routledge, Abingdon, U.K. 256 pp. £84.99 (hardcover). ISBN 978-0-415-66318-2. The importance of Earth's forests cannot be overemphasized because they are the world's largest repositories of terrestrial biodiversity. They also play a vital role in people's lives by providing many different goods and services. The socioeconomic benefits of forests are mostly derived from consumption. Forest products make a significant contribution to the shelter of at least 1.3 billion people (18% of the world's population), about 2.4 billion people cook with wood fuel, and edible nonwood products collected in forests contribute to the food security of millions of people (FAO 2014). In addition to their direct contributions, forests also provide soil and water conservation, protection against landslides and avalanches, and play an important role in global climate-change mitigation. The use of forests and forest products has as long a history as human societies. However, the magnitude of direct and indirect human impacts on forests has increased to a frightenin"
W2884546574,B5,0,2021,1,Newton Célio Becker de Moura,"Intelligent Landscapes: Application of Parametric Modeling for a New Generation of Flood Risk Management Reservoirs in São Paulo City, Brazil",https://doi.org/10.20365/disegnarecon.20.2018.11,DOAJ (DOAJ: Directory of Open Access Journals),,"A retention facility is presented as a prototype evaluated not only for its volume capacity but also for its performance as a water landscape and a Stormwater Best Management Practice. Computer aided parametric modeling, using CAD software Rhinoceros© and its algorithmic modeling plugin, Grasshopper, offered new ways of investigating performance combined with design. This functionality allowed a greater freedom of design, which returns to the water landscapes of the anastomosed rivers, adapted to the dynamics of the different water flows, slowness and phytoremediation. This experiment has demonstrated the capacity of the parametric model to calculate the retention volume, as well as to represent the new 3D morphology, reaching a prospective language for landscape architecture in balance with hydraulic engineering requirements. DOI: https://doi.org/10.20365/disegnarecon.20.2018.11"
W4318945414,B5,0,2023,87,Yifei Zhu,Spatial layout optimization of green infrastructure based on life-cycle multi-objective optimization algorithm and SWMM model,https://doi.org/10.1016/j.resconrec.2023.106906,Resources Conservation and Recycling,,
W4385778667,B5,0,2023,31,Carlotta Quagliolo,Pluvial flood adaptation using nature-based solutions: An integrated biophysical-economic assessment,https://doi.org/10.1016/j.scitotenv.2023.166202,The Science of The Total Environment,,"Globally, flood events are considered the costliest natural hazard. Changes in precipitation patterns and large areas of impervious surfaces in urban environments are increasing the sensitivity of these systems to runoff production. At the same time, projected global sea-level rise may further increase the frequency of compound flooding due to simultaneous storm surge, sea-level rise and pluvial runoff that cause vast socio-economic and ecological impacts to coastal cities. In this context, over the last decade, the role of Nature-Based Solutions (NBS) has been recognised to support climate change adaptation by addressing ideas of multi-functionality, non-linearity and heterogeneity in urban design. Thus, increasing awareness about NBS benefits increases the willingness to accept these solutions. However, empirical evidence of NBS effectiveness at the urban catchment scale is still subject to debate. This study develops a spatial biophysical-economic framework that allows for the integrated assessment of NBS flood risk mitigation impacts, costs and benefits in the face of climate change, combining the Integrated Valuation of Ecosystem Services and Tradeoffs (InVEST) model, benefit transfer methods and Geographic Information System (GIS) tools. Specifically, the InVEST Urban Flood Risk Mitigation model was used to assess the biophysical impacts of NBS on urban pluvial flood risk, benefit-transfer methods were used to evaluate the economic implications of such solutions, and GI"
W7120586594,B5,1,2018,0,Newton Célio Backer de Moura,"Paisagens Inteligentes: Aplicação de Modelagem Paramétrica para uma Nova Geração de Reservatórios de Controle de Enchentes em SP, Brasil",,LA Referencia (Red Federada de Repositorios Institucionales de Publicaciones Científicas),,"A retention facility is presented as a prototype evaluated not only for its volume capacity but also for its performance as a water landscape and a Stormwater Best Management Practice. Computer aided parametric modeling, using CAD software Rhinoceros© and its algorithmic modeling plugin, Grasshopper, offered new ways of investigating performance combined with design. This functionality allowed a greater freedom of design, which returns to the water landscapes of the anastomosed rivers, adapted to the dynamics of the different water flows, slowness and phytoremediation. This experiment has demonstrated the capacity of the parametric model to calculate the retention volume, as well as to represent the new 3D morphology, reaching a prospective language for landscape architecture in balance with hydraulic engineering requirements."
W7214165549,B5,1,2026,0,Hao Liu,Green infrastructure layout optimization and screening for stormwater management in dense urban catchments under short-return-period rainfall scenarios,https://doi.org/10.2166/wst.2026.349,Water Science & Technology,https://iwaponline.com/wst/article-pdf/doi/10.2166/wst.2026.349/1639397/wst2026349.pdf,"ABSTRACT Green infrastructure (GI) optimization typically focuses on extreme storms and yields a single compromise layout, overlooking frequent rainfall conditions and diverse stakeholder preferences. This study proposes a GI layout optimization and screening framework coupling SWMM with NSGA-II and a two-stage clustering-decision approach. Taking a dense urban catchment in Ningbo's Sponge City pilot zone as a case study, high-dimensional GI optimization targeting short-return-period rainfall was implemented with 520 configuration variables. Synthetic design rainfall return period greatly affected cost–runoff–pollutant trade-offs. As return period increased from 0.25 to 1 year, the cost range narrowed from 59.59–152.24 to 61.29–140.60 million CNY, and runoff reduction rates declined from 31.04–48.92% to 26.32–45.77%. Integrated pollutant removal remained relatively stable, varying from 35.49–51.80% to 33.30–51.05%. Three representative schemes were identified: environment-prioritized, cost-driven, and balanced. Their hydrological responses were rainfall-sensitive, whereas pollutant removal remained stable among the investigated scenarios, with averages of 47.3% for total suspended solids, 47.0% for chemical oxygen demand, 49.9% for total nitrogen, and 44.6% for total phosphorus. Sensitivity analysis confirmed their rankings remained stable under ±20% unit cost fluctuations. This framework offered a generalized methodology to generate practical GI layouts for dense urban catch"
W3134930405,B5,1,2021,66,Sandra Costa,Effectiveness of Nature-Based Solutions on Pluvial Flood Hazard Mitigation: The Case Study of the City of Eindhoven (The Netherlands),https://doi.org/10.3390/resources10030024,Resources,https://www.mdpi.com/2079-9276/10/3/24/pdf?version=1615287081,"Urbanization leads to changes in the surface cover that alter the hydrological cycle of cities, particularly by increasing the impervious area and, thereby, reducing the interception, storage and infiltration capacity of rainwater. Nature-based solutions (NBS) can contribute to flood risk mitigation in urbanized areas by restoring hydrological functions. However, the effects of NBS on flood risk mitigation are complex and can differ substantially with the type of the NBS. Therefore, the effectiveness of NBS at the urban catchment scale is still subject to much debate, especially at the scale of urban catchments. In this study, the effects of different NBS on urban flood mitigation were evaluated for the city of Eindhoven in The Netherlands, as it has a history of urban flood events. To this end, various NBS scenarios were defined by municipal stakeholders and their impacts modelled with the numerical model Infoworks ICM. This was done for design storms with short, medium and long return periods (5, 10 and 100 years). Overall, the simulated NBS were effective in flood risk mitigation, reducing the flooded area as well as flood depth. The effectiveness of the individual NBS scenarios, however, depended strongly on the location and extension of the NBS, as well as on storm intensity. The effectiveness tended to increase with the increase in NBS surface area, while it tended to decrease with increasing storm intensity and, hence, return period. The NBS solution increasing street "
W4412722909,B5,2,2025,33,Jin You,Comparative hydrologic performance of cascading and distributed green-gray infrastructure: experimental evidence for spatial optimization in urban waterlogging mitigation,https://doi.org/10.1016/j.jhydrol.2025.133979,Journal of Hydrology,,
W4417071019,B5,2,2025,1,Ana Córdova y Vázquez,"Design and Assessment of Integrated Urban Nature‐Based Solutions Under Flow Data Scarcity: Flood Mitigation and Co‐Benefit Analysis in Ipswich, Australia",https://doi.org/10.1002/adsu.202500707,Advanced Sustainable Systems,,"Abstract This paper assesses the potential of urban Nature‐based Solutions (NbS) to mitigate pluvial flooding in the context of accelerated urbanization and recorded flow data scarcity in Ipswich, Australia. Storm Water Management Model (SWMM) is used to simulate the flood impact of a comprehensive set of NbS (rainwater tanks, green roofs, permeable pavements, increased permeability of residential driveways, bioretention cells, wicking fields, and urban wetlands) in a 26 km 2 catchment within the urban footprint. To overcome absent recorded flow data in the target urban catchment, the SWMM model is calibrated using a Soil and Water Assessment Tool (SWAT) model from the larger Bremer basin, demonstrating an innovative approach to link a catchment hydrological model with an urban hydrological model to addressing hydrometric data scarcity applicable worldwide. The hydrological model reveals tangible reductions in both major and minor flood peaks (19.2% and 19.9% flood peak reduction respectively). The designed strategies also contribute to local government goals including water quality improvement and heat island mitigation efforts. These results suggest that NbS are both scalable and adaptable for urban flood management, providing environmental and social co‐benefits, supporting long‐term urban resilience to both nuisance floods and major storms, and contributing to SDG 11 local disaster risk reduction. Co‐benefits and implementation issues are discussed."
W4406972981,B5,3,2025,1,Yongxin Yu,"Monitoring, Analysis, and Evaluation of Sponge City under the Background of Urban Space Governance",https://doi.org/10.18494/sam5317,Sensors and Materials,https://sensors.myu-group.co.jp/sm_pdf/SM3910.pdf,"The rapid urbanization in China has led to an increasing conflict between urban construction and ecological preservation, making the implementation of sponge city concepts essential.In this paper, we explore the monitoring, analysis, and evaluation techniques for sponge city construction within the framework of urban space governance.By leveraging urban territorial space monitoring, we established a comprehensive monitoring system for the underlying surfaces of sponge cities.The urban spatial information obtained through sensors serves as the data foundation for sponge city governance, enabling the precise tracking and management of critical urban factors.The methodology involves developing a multi-factor analysis model for assessing the status of sponge cities, surface runoff estimation, and the spatial layout optimization of impervious surfaces using an improved ant colony algorithm.The research highlights innovations such as integrating national spatial information technology with sponge city construction and establishing a correlation model between rainfall runoff coefficients and underlying surface variations.The findings demonstrate the effectiveness of the proposed methods through a case study in Beijing's urban subcenter, which showed significant improvements in urban water management, green infrastructure, and ecological resilience.This study provides a replicable and scalable framework for sponge city construction that can be adapted for other regions."
W7134943767,B5,3,2022,0,Ama Serwaa Mensah,Integrating Nature-Based Solutions and Hydraulic Modelling for Coastal Urban Drainage Resilience in Ghana: A Case Study,https://doi.org/10.5281/zenodo.18968029,Zenodo (CERN European Organization for Nuclear Research),,"{ ""background"": ""Coastal urban centres in West Africa face escalating flood risks due to climate-induced sea-level rise and intensified rainfall, compounded by conventional drainage systems that are often inadequate. This creates an urgent need for resilient infrastructure designs that synergise grey and green engineering approaches."", ""purpose and objectives"": ""This case study aimed to develop and evaluate a climate-resilient urban drainage design for a coastal municipality, integrating nature-based solutions (NBS) with detailed hydraulic modelling to mitigate compound flooding from pluvial and tidal sources."", ""methodology"": ""A coupled 1D-2D hydrodynamic model was built and calibrated using local topographical, rainfall, and tidal data. The performance of the existing drainage network was simulated under projected climate scenarios. Subsequently, a hybrid design incorporating bioswales, retention basins, and upgraded conduit capacity was modelled. A generalised linear model, $\\log(E(Y)) = \\beta0 + \\beta1 X{\\text{rain}} + \\beta2 X{\\text{tide}} + \\beta3 X{\\text{NBS}}$, was used to quantify the impact of predictors on flood extent (Y). Uncertainty was addressed through Monte Carlo simulation, with results reported with 95% confidence intervals."", ""findings"": ""The hybrid NBS-grey infrastructure design reduced the extent of combined flooding by approximately 40% under a 10-year storm surge coincident with a 1-in-10-year rainfall event, compared to the baseline convention"
W4320039968,B5,4,2023,15,Yuan Zhou,Identification of priority areas for green stormwater infrastructure based on supply and demand evaluation of flood regulation service,https://doi.org/10.1016/j.envdev.2023.100815,Environmental Development,,
W4411542810,B5,4,2025,0,Iago Longue Martins,Technical feasibility analysis of text-to-image generated nature-based urban interventions,https://doi.org/10.1177/14780771251352952,International Journal of Architectural Computing,,"This study explores the potential of text-to-image generative AI tools in supporting early-stage urban adaptation design through nature-based solutions (NBS). Focusing on Vila Velha, Brazil, five participants used these tools to visualize adaptive strategies against pluvial flooding at building, street, and city scales. Participants first generated images with basic prompts, then with technically detailed ones based on established NBS guidelines. The results revealed that while all tools could represent NBS elements conceptually, their technical accuracy and contextual responsiveness varied significantly depending on the intervention scale. The study demonstrates generative AI’s promise as a co-creative agent in resilient urban design, though limitations in ecological and functional understanding remain."
W7117164290,B5,5,2025,0,Yuchang Shang,Low-Carbon Layout Optimization and Scheme Comparison of LID Facilities in Arid Regions Based on NSGA-III,https://doi.org/10.3390/w18010050,Water,https://www.mdpi.com/2073-4441/18/1/50/pdf?version=1766500804,"In arid regions, rainfall is scarce, summer-concentrated, and prone to extreme events, while evaporation exceeds precipitation, creating fragile ecosystems that need scientific stormwater management for flood resilience. Sponge cities, through the implementation of green infrastructure, can alleviate urban flooding, improve rainwater utilization, and enhance the urban ecological environment. Under the “dual carbon” target, sponge city construction has gained new developmental significance. It must not only ensure core functions and minimize construction costs but also fully leverage its carbon reduction potential, thereby serving as a crucial pathway for promoting urban green and low-carbon development. Therefore, this study focused on Xining, a typical arid city in Northwest China, and couples the Non-dominated Sorting Genetic Algorithm-III (NSGA-III) with the Storm Water Management Model (SWMM) to construct a multi-objective optimization model for Low Impact Development (LID) facilities. The layout optimization design of LID facilities is conducted from three dimensions: life cycle cost (LCC), rainwater utilization rate (K), and carbon emission intensity (CI). Hydrological simulations and scheme optimizations were performed under different design rainfall events. Subsequently, the entropy-weighted TOPSIS method was utilized to evaluate and compare these optimized schemes. It is shown by the results that: (1) The optimized LID schemes achieved a K of 76.2–80.43%, an LCC of 2"
W7134247475,B6,0,2026,0,Taihan Chen,Machine learning-based design optimization of urban greening for cooling in tropical cities,https://doi.org/10.1016/j.buildenv.2026.114468,Building and Environment,,
W7155646302,B6,0,2026,0,Giouli K. Mihalakakou,From simulation to surrogates: optimizing green roofs for sustainable urban performance,https://doi.org/10.1016/j.scs.2026.107439,Sustainable Cities and Society,,"Green roofs (GRs) constitute a key nature-based solution for mitigating the adverse effects of urbanization, including heat accumulation, stormwater runoff, and biodiversity loss. Over the past two decades, research has progressed from empirical evaluations of GR performance toward computational frameworks that optimize their multifunctional behavior. This review systematically synthesizes and critically examines Multi-Objective Optimization methodologies applied to GR systems, with emphasis on Simulation-Based Optimization and Surrogate-Assisted Optimization approaches that enable efficient exploration of complex, high-dimensional, and multi-criteria design spaces. An extensive review of the available research identified 21 studies that explicitly applied optimization methodologies to GR systems, are analyzed according to their optimization objectives, methodological configurations, and spatial scale of application. Although recent advances have improved the analytical rigor of GR research, most optimization-oriented studies remain fragmented, prioritizing a limited subset of objectives—most frequently building energy performance and stormwater management. Thermal comfort and microclimate regulation are often treated as secondary objectives or embedded within energy- or spatial-cooling metrics, and cross-domain feedback between thermal, hydrological, and ecological processes remains insufficiently explored. A systematic synthesis of reviewed optimization frameworks reveals t"
W7128366958,B6,2,2026,1,Fei DAI,"A Review of the Synergistic Enhancement of “Carbon Reduction, Pollution Control, Green Expansion, and Growth” from the Perspective of Landscape Architecture",https://doi.org/10.3724/j.fjyl.la20250567,Landscape Architecture,https://www.sciengine.com/doi/pdf/C34F7813C4464A578C6E8FF7347F0E96,"Objective Against the backdrop of China’s ecological civilization construction and comprehensive green transition, the national strategy of “synergistic promotion of carbon reduction, pollution reduction, greening expansion, and growth” has become a core policy orientation. How to foster effective synergies among these four objectives—carbon reduction, pollution reduction, greening expansion, and growth—have consequently emerged as a key research agenda across multiple disciplines. As the primary research object of landscape architecture, green space constitutes a crucial spatial carrier for “greening expansion” and offers a distinctive spatial planning and design perspective for simultaneously advancing carbon reduction, pollution mitigation, and high-quality development. This study aims to clarify the policy evolution, disciplinary research patterns, and spatial mechanisms underlying such synergies, and to explore how landscape architecture can contribute more systematically to this national strategic framework. Methods The study first reviews major national policies issued since 2005 that relate to carbon reduction, pollution control, ecological conservation, greening expansion, and green growth. It outlines their advancement pathways, summarizes evolving objectives and conceptual connotations, and identifies linkage mechanisms among “carbon reduction, pollution reduction, greening expansion, and growth”. Second, based on literature statistics and disciplinary mapping, the"
W3136039617,B6,3,2021,29,Chen Liang,"A land-use decision approach integrating thermal regulation, stormwater management, and economic benefits based on urbanization stage identification",https://doi.org/10.1016/j.scitotenv.2021.146415,The Science of The Total Environment,,
W4405247153,B6,5,2024,4,George Darrel Jenerette,Resilient urbanization for water limited environments,https://doi.org/10.1017/dry.2024.7,Cambridge Prisms Drylands,,"Abstract Dryland cities are important locations for human–environmental interactions and differ in many key characteristics from cities in wetter environments. Defined by chronic water deficit, these cities face challenges that include securing essential resources, reducing vulnerability to hazards and conserving threatened species. The resilience of dryland cities depends on interactions across the entire urban continuum, from urban cores and suburban areas to teleconnected zones and wildland–urban interfaces. Resilience solutions must enhance the well-being of residents and institutions while fostering adaptive capacity throughout the urban continuum. Key axes of solutions include hydrologic integration, including stormwater capture and reuse, nature-based solutions, including expanding urban tree cover for cooling and health benefits, and landscape sustainability, including the incorporation of spatial heterogeneity into planning and development. Addressing the large uncertainties in ensuring more resilient cities requires convergence research, the integration of theoretically driven science that brings researchers and stakeholders together to identify problems, solutions and opportunities for action. While convergence approaches look to address pressing scientific uncertainties, they also are inherently place-based and address compelling case studies to understand system dynamics and improve decision-making and land management. New research is needed to address the trade-"
W7160557102,B6,7,2026,0,Vahid Javidroozi,Dense and green are not mutually exclusive: a systems view for sustainable cities,https://doi.org/10.3389/frsc.2026.1813975,Frontiers in Sustainable Cities,,"As urban populations continue to increase globally, cities face twin demands: accommodate more people through compact development while simultaneously protecting and enhancing green infrastructure that provides ecosystem services, biodiversity, and well-being benefits. Traditionally, debates about urban form and ecology frame density and green space as competing priorities: densification for efficient land use and emissions reduction versus greening for biodiversity, heat mitigation, and health. Yet, this dichotomy is increasingly challenged by research showing that dense cities can also be green cities, but only if density is integrated with multifunctional green infrastructure, governance coordination, and equitable access.In this opinion article, I argue that urban density and greenness are compatible when viewed through a systems lens that integrates planning, greenspace policy, infrastructure design, environmental services, and equity. This approach moves beyond simplistic trade-offs to emphasise dynamic synergies between urban form and ecological functionality. This article advances the current debate by arguing that the perceived incompatibility between urban density and greening is not primarily spatial, but institutional and systemic. It suggests that the persistence of this tension is rooted in fragmented governance structures, sectoral planning silos, and the absence of integrated sociotechnical-ecological frameworks. By reframing density as a potential enabler of "
W7131130716,B6;B6,4,2026,0,Yue Xing,A Framework for Designing Green Infrastructure to Maximize Co-Benefits in High-Density Industrial Districts,https://doi.org/10.3390/su18042142,Sustainability,https://www.mdpi.com/2071-1050/18/4/2142/pdf?version=1771762738,"Green infrastructure (GI) provides essential ecosystem services for urban sustainability in the face of urbanization and climate change, including stormwater management, heat mitigation, and reduction in carbon dioxide (CO2) concentration levels. Existing studies often focus on single-dimensional ecological effects, lacking a systematic investigation of their synergies and trade-offs. This study developed a coupled framework integrating scenario design, model simulation, and multi-indicator evaluation. Fifty-six scenarios, varying by GI combinations, weather conditions, and total annual runoff control rate (RCR), were applied to a high-density industrial district in Nanjing. The results showed that: (1) GI combinations enhanced comprehensive benefits, with the combination including bioretention (BR), permeable pavement (PP), and green roof (GR) performing most effectively. This was followed by the combination of BR and PP, then by BR and GR, while the use of BR alone provided the lowest effectiveness. (2) PP was a key synergistic component, improving heat mitigation and reducing CO2 concentration levels through the beneficial effects of rainfall events. (3) Exceeding the optimal RCR threshold for some GI combinations diminished tree space and three-dimensional green volume, shifting synergies into trade-offs. (4) Three-dimensional green volume was positively correlated with reductions in Physiological Equivalent Temperature (PET) and CO2 concentration, confirming its core rol"
