openalex,tier,buckets,year,cited,first_author,title,doi,venue,oa_pdf,abstract,status,file
W2791871469,2,B1,2018,36,Patrícia Layne Alves,Rainfall interception capacity of tree species used in urban afforestation,https://doi.org/10.1007/s11252-018-0753-y,Urban Ecosystems,,,manual,
W2740663219,2,B1,2017,36,Sybil G. Gotsch,Evaluating the effectiveness of urban trees to mitigate storm water runoff via transpiration and stemflow,https://doi.org/10.1007/s11252-017-0693-y,Urban Ecosystems,,,manual,
W1970076350,1,B1,2008,223,Julia Bartens,Can Urban Tree Roots Improve Infiltration through Compacted Subsoils for Stormwater Management?,https://doi.org/10.2134/jeq2008.0117,Journal of Environmental Quality,,"Global land use patterns and increasing pressures on water resources demand creative urban stormwater management. Strategies encouraging infiltration can enhance groundwater recharge and water quality. Urban subsoils are often relatively impermeable, and the construction of many stormwater detention best management practices (D-BMPs) exacerbates this condition. Root paths can act as conduits for water, but this function has not been demonstrated for stormwater BMPs where standing water and dense subsoils create a unique environment. We examined whether tree roots can penetrate compacted subsoils and increase infiltration rates in the context of a novel infiltration BMP (I-BMP). Black oak (Quercus velutina Lam.) and red maple (Acer rubrum L.) trees, and an unplanted control, were installed in cylindrical planting sleeves surrounded by clay loam soil at two compaction levels (bulk density = 1.3 or 1.6 g cm(-3)) in irrigated containers. Roots of both species penetrated the more compacted soil, increasing infiltration rates by an average of 153%. Similarly, green ash (Fraxinus pennsylvanica Marsh.) trees were grown in CUSoil (Amereq Corp., New York) separated from compacted clay loam subsoil (1.6 g cm(-3)) by a geotextile. A drain hole at mid depth in the CUSoil layer mimicked the overflow drain in a stormwater I-BMP thus allowing water to pool above the subsoil. Roots penetrated the geotextile and subsoil and increased average infiltration rate 27-fold compared to unplanted cont",manual,
W4407166431,1,B1,2025,9,Rizna Rahmi,From native status to functional traits: Rethinking plant selections in global bioretention guidelines,https://doi.org/10.1016/j.ecoleng.2025.107545,Ecological Engineering,,"Bioretention systems are widely used in green stormwater infrastructures due to their cost-effectiveness and ability to reduce surface runoff and pollutants. Vegetation plays a crucial role in these systems, and many stormwater guidelines worldwide highlight the benefits of vegetation in their design. However, it remains unclear whether the guidelines adequately consider the plant selection process and whether this process reflects the current state-of-the-art knowledge of vegetation-related impacts on system performance. This study reviewed 47 stormwater guidelines globally, with most from North America (64 %) and Australia-New Zealand (23 %), and fewer from Europe (4 %), Asia (6 %) and Africa (2 %). The key findings reveal that the highest percentage of guidelines reviewed from North America and Australia-New Zealand suggested using native species in bioretention systems (55 % and 36 %, respectively). However, these guidelines often fail to address plant functional traits and planting strategies adequately. While some guidelines include vegetation lists, these are often optional and do not prioritize functional diversity, which is critical for optimizing system functions. The study concludes that plant origin is a primary consideration in bioretention system design, despite literature not necessarily supporting its significance in influencing performance. To improve bioretention systems efficiency, guidelines must emphasize plant functional traits, diversity and effective p",manual,
W2888685606,2,B1,2018,52,Vaughn Grey,Tree pits to help mitigate runoff in dense urban areas,https://doi.org/10.1016/j.jhydrol.2018.08.038,Journal of Hydrology,,,manual,
W2967435988,1,B1,2019,29,Dashuai Zhang,Increase and Spatial Variation in Soil Infiltration Rates Associated with Fibrous and Tap Tree Roots,https://doi.org/10.3390/w11081700,Water,https://www.mdpi.com/2073-4441/11/8/1700/pdf?version=1565940623,"Trees play important roles in urban stormwater management; through the loosening of soils by root growth, they increase infiltration and reduce runoff, helping to mitigate flooding and recharge groundwater. Malus baccata with fibrous roots and Sophora japonica with tap roots were studied experimentally to assess their enhancement of soil infiltration. A blank test without a tree was conducted for comparison. Steady-state soil infiltration rates at the bottom of test tanks were measured as 0.28 m/d, 0.33 m/d, and 0.61 m/d for the blank test, M. baccata, and S. japonica, respectively. This represents a 19% increase in the infiltration rate by planting M. baccata and a 118% increase by planting S. japonica. A larger increase in the infiltration rate by S. japonica is consistent with the effects of deeper and more vertical roots that help loosen deeper soils. Spatial variations in soil infiltration rates were also measured. Infiltration rates for M. baccata (1.06 m/d and 0.62 m/d) were larger than those for S. japonica (0.91 m/d and 0.51 m/d) at the same depths (0.35 m and 0.70 m); this is consistent with the expected effects of the shallower and more lateral roots of M. baccata. This study furthers our understanding of the roles of trees in watersheds and urban environments.",manual,
W4295778212,2,B1,2022,104,Claire Farrell,Can we integrate ecological approaches to improve plant selection for green infrastructure?,https://doi.org/10.1016/j.ufug.2022.127732,Urban forestry & urban greening,,,manual,
W2080864792,2,B1,2013,133,Claire Farrell,High water users can be drought tolerant: using physiological traits for green roof plant selection,https://doi.org/10.1007/s11104-013-1725-x,Plant and Soil,,,manual,
W3211523898,2,B1,2021,21,Jasmine K. Thom,Selecting tree species with high transpiration and drought avoidance to optimise runoff reduction in passive irrigation systems,https://doi.org/10.1016/j.scitotenv.2021.151466,The Science of The Total Environment,,,manual,
W2964245380,1,B1,2019,48,Katarina Zabret,Rainfall Interception by Urban Trees and Their Impact on Potential Surface Runoff,https://doi.org/10.1002/clen.201800327,CLEAN - Soil Air Water,,"Urbanization changes the natural environment, alters land use, and affects the hydrological cycle. Due to decreased infiltration, runoff appears faster with higher flow peaks. A nature‐based solution is to plant trees because they intercept precipitation and help to reduce water reaching the ground, forming surface runoff. Rainfall partitioning for birch (Betula pendula Roth.) and pine (Pinus nigra Arnold) trees is measured in the city of Ljubljana, Slovenia, during 2014 and 2015. The measured values for two consecutive years are used to estimate potential surface runoff reduction due to planting of the trees at a parking lot. The results demonstrate that birch and pine trees intercepted 23 and 45% of gross rainfall, respectively. Both tree species intercept more rainfall in the leafed period. Additionally, rainfall interception during wet (2014) and dry (2015) years has been compared. In 2014 rainfall interception is highly influenced by rainfall intensity, while it has a negligible impact on rainfall interception in 2015, when air temperature is more influential. The scenario of covering 10% of the parking lot area with the trees results in runoff reduction of up to 7.3% per year. In general, runoff reduction is higher in a wet rather than a dry year. The new findings about the performance of different tree species in different climate conditions can offer valuable information for the decision makers and landscape designers about the benefits of trees in urban areas.",manual,
W3109395862,2,B1,2020,89,Yan Ting,Effects of the morphological characteristics of plants on rainfall interception and kinetic energy,https://doi.org/10.1016/j.jhydrol.2020.125807,Journal of Hydrology,,,manual,
W2147773686,2,B1,2009,111,Yeganeh Asadian,A New Approach in Measuring Rainfall Interception by Urban Trees in Coastal British Columbia,https://doi.org/10.2166/wqrj.2009.003,Water Quality Research Journal,https://iwaponline.com/wqrj/article-pdf/44/1/16/229544/wqrjc0440016.pdf,"Abstract Interception loss plays an important role in controlling the water balance of a watershed, especially where urban development has taken place. The aim of this study was to illustrate the importance of urban trees as a form of ‘green infrastructure’ where they reduce stormwater runoff and rainwater intensity. In addition, trees cause a delay in precipitation reaching the ground. Interception loss was studied in the North Shore of British Columbia. We applied a unique methodology for measuring throughfall under six different urban trees using a system of long polyvinyl chloride pipes hung beneath the canopy capturing the throughfall and draining it to a rain gauge attached to a data logger. Different tree species (Douglas-fir [Pseudotsuga menziesii] and western red cedar [Thuja plicata]) in variable landscape sites (streets, parks, and natural forested areas) and elevations were selected to ensure that the system adequately captured the throughfall variability. Interception and throughfall were monitored over a one year cycle for which the results of seven discrete storm events for coniferous trees from the District of North Vancouver during 2007 to 2008 are presented. Cumulative gross precipitation for seven selected events was 377 mm. Average canopy interception during these events for Douglas-fir and western red cedar were 49.1 and 60.9%, where it corresponded to average net loss of 20.4 and 32.3 mm, respectively. The interception loss varied depending on canopy str",manual,
W4381597641,1,B1,2023,31,Sarah Gould Bruner,Planting design influences green infrastructure performance: Plant species identity and complementarity in rain gardens,https://doi.org/10.1002/eap.2902,Ecological Applications,https://onlinelibrary.wiley.com/doi/pdfdirect/10.1002/eap.2902,"Green infrastructure's capacity to mitigate urban environmental problems, like heat island effects and excessive stormwater runoff, is partially governed by its plant community. Traditionally, green infrastructure design has focused on engineered aspects, such as substrate and drainage, rather than on the properties of its living components. Since the functioning of these plant assemblages is controlled by ecophysiological processes that differ by species, the identity and relative abundance of the species used will influence green infrastructure performance. We used trait-based modeling to derive principles for the effective composition of green infrastructure plant assemblages, parameterizing our model using the vegetation and ecophysiological traits of the species within New York City rain gardens. Focusing on two plant traits that influence rain garden performance, leaf surface temperature and stomatal conductance, we simulated the cumulative temperature and transpiration for plant communities of differing species composition and diversity. The outcomes of the model demonstrate that plant species composition, species identity, selection effects, and interspecific complementarity increase green infrastructure performance in much the way biodiversity affects ecosystem functioning in natural systems. More diverse assemblages resulted in more consistent transpiration and surface temperatures, with the former showing a positive, saturating curve as diversity increased. While t",manual,
W2808418314,2,B1,2018,52,Christopher J. Nytch,"Rainfall interception by six urban trees in San Juan, Puerto Rico",https://doi.org/10.1007/s11252-018-0768-4,Urban Ecosystems,https://link.springer.com/content/pdf/10.1007/s11252-018-0768-4.pdf,"Rainfall interception is an important part of the urban hydrological cycle. Understanding is limited about the role of urban trees and other vegetation in the interception process. This study quantified interception losses by six trees in the Caribbean coastal city of San Juan, Puerto Rico, three representing a broadleaf evergreen, and three representing a broadleaf deciduous species. Rainfall was partitioned into throughfall for 13 storms to compare the results between tree types. Total rainfall ranged from 2.9 to 72.4 mm, and storm duration spanned 1 h to several days. Six of the storms analyzed were characterized by maximum hourly intensity rainfall rates categorized as heavy (> 7.6 mm/h). Strong northeasterly winds brought rain in sustained gusts up to 35 km/h. Average interception losses totaled 19.7% for both tree types, 22.7% for the deciduous trees, and 16.7% for the evergreen trees. Throughfall exceeded 90% of total rainfall for each of the six trees on one or more occasions, and heavy intensity storms produced negative interception losses in one individual. The effect of tree type on interception was significant for storms of low and moderate intensity, but not heavy intensity. Differences in interception losses between storms of similar intensity and between the two tree types were influenced by leaf area and wind. Results suggest that individual urban tree canopies function as spatio-temporally dynamic storage reservoirs whose interception capacity can vary as mic",manual,
W2995256982,2,B1,2019,27,Katarina Zabret,Evaluating the Influence of Rain Event Characteristics on Rainfall Interception by Urban Trees Using Multiple Correspondence Analysis,https://doi.org/10.3390/w11122659,Water,https://www.mdpi.com/2073-4441/11/12/2659/pdf?version=1576576830,"Urban trees play an important role in the built environment, reducing the rainfall reaching the ground by rainfall interception. The amount of intercepted rainfall depends on the meteorological and vegetation characteristics. By applying the multiple correspondence analysis (MCA), we analysed the influence of rainfall amount, intensity and duration, the number of raindrops, the mean volume diameter (MVD), wind speed and direction on rainfall interception. The analysis was based on data from 176 events collected over more than three years of observations. Measurements were taken under birch (Betula pendula Roth.) and pine (Pinus nigra Arnold) trees located in an urban park in the city of Ljubljana, Slovenia. The results indicate that rainfall interception is influenced the most by rainfall amount and the number of raindrops. In general, the ratio of rainfall interception to gross rainfall decreases with longer and more intense rainfall events. The influence of the raindrop number depends also on their size (MVD), which is evident especially for the pine tree. For example, pine tree interception increases with smaller raindrops regardless of their number. In addition, MCA gives a new insight into the influence of wind characteristics, which was not visible using previous methods of data analysis (regression analysis, correlation matrices, regression trees, boosted regression trees). According to the nearby buildings, a wind corridor is sometimes created, decreasing rainfall int",manual,
W4413824638,2,B1,2025,3,Chaonan Xu,Urban-Scale Quantification of Rainfall Interception Drivers in Tree Communities: Implications for Sponge City Planning,https://doi.org/10.3390/su17177793,Sustainability,https://www.mdpi.com/2071-1050/17/17/7793/pdf?version=1756476468,"Urban trees play a crucial role in regulating hydrological processes within urban ecosystems by intercepting rainfall to effectively reduce surface runoff and mitigate urban flooding. Current research lacks a systematic quantification of rainfall interception capacity and its community-level impacts at the urban scale. This study adopts a city-scale perspective, integrating field survey data with the i-Tree Eco model to systematically explore the contributions of 20 factors to the average annual rainfall interception of tree species and the average annual rainfall interception efficiency of communities. The study revealed that Deciduous broadleaf trees (1.28 m3 year−1) and Pure coniferous forests (90.7 mm year−1) exhibited substantial rainfall interception capacity. Relative Height, Average Tree Height, Average Crown Width, and Planting Density of trees significantly influence interception capacity. Urban planning can optimize the selection of tree species (e.g., Paulownia, Populus tomentosa, etc.) and community structure (e.g., mixed planting of conifers and deciduous broadleaf trees) to improve rainfall interception capacity, thereby effectively reducing stormwater runoff, mitigating the risk of urban flooding. These findings provide a scientific basis for designing urban vegetation to mitigate flooding, support water management, and advance sponge city development.",manual,
W2955583604,1,B1;B1,2019,81,Byungsun Yang,The effects of tree characteristics on rainfall interception in urban areas,https://doi.org/10.1007/s11355-019-00383-w,Landscape and Ecological Engineering,https://link.springer.com/content/pdf/10.1007/s11355-019-00383-w.pdf,"Trees in urban areas have significant effects on the urban ecosystem. They can be used to improve the water cycle in urban areas by increasing evaporation and reducing runoff through rainfall interception. Street trees placed in planters on impervious areas reduce runoff by intercepting rainfall and by temporarily storing raindrops on leaves. Therefore, understanding tree canopy geometry and the effect of rainfall interception is important in urban hydrology. In this study, we assessed the effect of tree canopy morphology on rainfall interception using four major street tree species, Sophora japonica L., Ginkgo biloba L., Zelkova serrata (Thunb.) Makino, and Aesculus turbinata Blume, in Seoul, South Korea. We measured throughfall for each tree and also derived three-dimensional data of tree canopy morphology with a terrestrial laser scanner. Tree height, canopy crown width, leaf area index (LAI), leaf area density, mean leaf area, and mean leaf angle were used to determine canopy morphology. The interception rate was mostly affected by the LAI; a higher LAI tended to result in a higher interception rate. Leaf area affected the rainfall interception rate when trees had similar LAIs. These findings on individual tree canopy rainfall interception can help us to understand the importance of rainfall interception in hydrology and for ecological restoration when planning urban green spaces.",manual,
W4317254690,2,B1;B1,2023,48,Didier Técher,Supporting evidences for vegetation-enhanced stormwater infiltration in bioretention systems: a comprehensive review,https://doi.org/10.1007/s11356-023-25333-w,Environmental Science and Pollution Research,,,manual,
W7131210141,2,B1;B1,2026,0,Xuexiu Zhao,Benefits of an urban isolated tree combined with ground covers for stormwater management through interception–infiltration–runoff processes,https://doi.org/10.1016/j.ufug.2026.129366,Urban forestry & urban greening,,"Urban trees contribute to stormwater management through crown interception loss and root-enhanced infiltration that reduces surface runoff. However, the effects of tree crowns and roots on surface runoff are often simplified in simulation models such as the Storm Water Management Model (SWMM). This study aimed to evaluate the benefits of an urban isolated tree combined with different ground covers for stormwater management through interception–infiltration–runoff (IIR) processes using SWMM. The crown interception processes for an isolated tree (i.e., Zelkova tree, 6.4 m height) were measured for three years using a weighing lysimeter to obtain the net rainfall reaching the ground surface beneath the tree crown. Additionally, the root-influenced infiltration process was modeled using an optimal set of parameters that were validated using irrigation-drainage experiment data. By applying the set of parameters to SWMM, surface runoff reduction for different combinations of 15 rainfall events was estimated. The results revealed that the target tree reduced surface runoff by 4.6% during heavy rains. Additionally, when combined with the tree, the impermeable and water-retaining pavements achieved 65.5% and 12% reductions during the 15 rainfall events. From the estimation results of annual surface runoff in Tokyo, similar results were observed for permeable pavement with and without trees. However, the presence of trees reduced annual surface runoff by approximately 2%, 70%, and 8% c",manual,
W4395043617,1,B1;B1,2024,14,Markus Anys,Rainfall interception by urban trees: Event characteristics and tree morphological traits,https://doi.org/10.1002/hyp.15146,Hydrological Processes,,"Abstract The rapid expansion of impermeable surfaces in cities has a major impact on urban hydrology by reducing rainwater infiltration and increasing runoff rates and peaks. The use of urban trees as stormwater management tools is gaining recognition for their potential to mitigate flood risk and provide additional ecosystem services. We conducted an in‐situ field experiment to measure throughfall on Norway maple (Acer platanoides) and small‐leaved lime (Tilia cordata) to assess the interception capacity of solitary urban trees under different degrees of surface sealing in the city of Freiburg, Germany. We examined the relationships between rainfall characteristics, tree morphological traits, and the interception behaviour, analysing eight trees per species over 76 recorded rainfall events from April to September 2021. Average interception values were higher for small‐leaved lime trees (70.3% ± 6.6%) than for Norway maple (54.8% ± 10.3%) surpassing those in typical forested environments. The average interception loss of all recorded events was 2.6 ± 0.6 mm for Norway maple and 3.7 ± 0.3 mm for small‐leaved lime. For both tree species, significant linear correlations were found between the relative interception and factors such as rainfall depths, the leaf area index (LAI), and the plant area index (PAI) (adj. R2 >0.45). Unlike Norway maple, small‐leaved lime demonstrated significant relationships between several tree morphological parameters and interception (adj. R2 >0.43).",ok,Anys 2024 - Rainfall interception by urban trees Event characteristics a.pdf
W2082591294,2,B1;B1,2013,202,Stephen J. Livesley,Rainfall interception and stem flow by eucalypt street trees – The impacts of canopy density and bark type,https://doi.org/10.1016/j.ufug.2013.09.001,Urban forestry & urban greening,,,manual,
W2887239176,1,B1;B1,2018,73,Mariana Dias Baptista,Variation in leaf area density drives the rainfall storage capacity of individual urban tree species,https://doi.org/10.1002/hyp.13255,Hydrological Processes,,"Abstract A rapid rise of urban population is making cities denser. Consequently, the proportion of impervious surface cover has enlarged, increasing the amount and speed of run‐off reaching urban catchment areas, which may cause flash flooding. Trees play a key role to reduce run‐off in the city, as they intercept rainfall and store part of it on their leaves and branches, reducing the amount and speed of water running onto impervious surfaces. Storage capacity will depend on the rainfall event, the climate conditions and tree characteristics and canopy density. These canopy characteristics vary greatly among different species and their phenology. Furthermore, these canopy characteristics can vary greatly among individual trees of the same age, size, and species. This study tested how canopy density and leaf characteristics of three different tree species affect storage capacity under simulated rainfall conditions. Three species were selected (Ulmus procera, Platanus × acerifolia, and Corymbia maculata), each being of the same height and similar canopy dimensions. Storage capacity was measured using a mass balance approach during a 15‐min indoor, simulated rainfall event (2.5 mm/hr). Canopy metrics were estimated using a terrestrial laser scanner. Canopy surface area was measured through destructive harvest and leaf/twig/branch scanning. To investigate variations in the canopy leaf density, leaves were systematically removed to create four treatments: full, half, quarter, and",manual,
W2782737977,2,B1;B1,2018,126,Katarina Zabret,Influence of meteorological variables on rainfall partitioning for deciduous and coniferous tree species in urban area,https://doi.org/10.1016/j.jhydrol.2018.01.025,Journal of Hydrology,,,manual,
W2648619478,2,B1;B1,2017,84,Janez Kermavnar,Canopy precipitation interception in urban forests in relation to stand structure,https://doi.org/10.1007/s11252-017-0689-7,Urban Ecosystems,https://link.springer.com/content/pdf/10.1007/s11252-017-0689-7.pdf,"Urban forests provide important ecosystem services. In terms of hydrological benefits, forest ecosystems in urban environments represent qualitative and quantitative filter for rainwater. We quantified the canopy interception in relation to urban forest stand structure and rainfall intensity in an urban transect of the mixed (upland) forest in the city centre, towards a riparian pine forest and a floodplain hardwood forest in the City of Ljubljana, Slovenia. Bulk precipitation in open areas and throughfall were measured with fixed rainfall collectors in each forest. Stemflow was estimated from a review of relevant literature. We found that canopy interception in selected urban forests was mainly affected by tree species composition and other stand structure variables, such as canopy cover and tree dimensions. Average annual canopy interception was highest in the mixed forest (18.0% of bulk precipitation), while the riparian pine forest had the lowest level (3.9% of bulk precipitation) and the floodplain hardwood forest had the intermediate level for interception (7.1% of bulk precipitation). The mixed forest exhibited the stand structure factors that contributed to the highest canopy interception among the studied forests: high assemblage of dominant coniferous trees, denser canopy cover and the highest growing stock. Furthermore, rainfall intensity has proven to be an important factor for the seasonal partitioning (comparing the leafed and leafless period) of canopy intercep",manual,
W2757950917,1,B1;B1;B2,2017,31,Jie Huang,Modelling rainfall interception by urban trees,https://doi.org/10.1080/07011784.2017.1375865,Canadian Water Resources Journal / Revue canadienne des ressources hydriques,https://www.tandfonline.com/doi/pdf/10.1080/07011784.2017.1375865?needAccess=true&role=button,"Trees in the urban environment have significant effects on the hydrological cycle by aiding in the reduction of stormwater runoff through rainfall interception. Factors such as wind exposure, relative humidity and leaf area index in the urban environment differ from those in a forest and affect the processes occurring within the canopy of conifers and deciduous tree species differently. This study focused on the interception losses of trees in an urban setting with a view to providing some information on tree selection in urban environments. An analytical model was formulated based on a rainfall interception model developed for sparse canopy forests and preliminary data on water losses from tree canopy interception. The model was validated using empirical data, and an assessment of the performance of the model for four deciduous tree species (white oak, Norway maple, green ash and Prunus sp.). Model-calculated values of interception losses and throughfall were congruent with measured empirical values. Sensitivity analysis with respect to model parameter values revealed that evaporation and rainfall rates were the most sensitive parameters for model output. The ratio of evaporation rate to rainfall rate used in the model was identified as the most dynamic parameter. To measure independently the two components requires further analysis, and a more reliable measurement of leaf area index.",manual,
W4409015318,2,B1;B2,2025,10,Mark Bryan Alivio,An evaluation of the stormwater runoff reduction of two distinct tree species to support urban greening as nature-based solutions,https://doi.org/10.1016/j.ufug.2025.128792,Urban forestry & urban greening,,"Trees, as a vital element of urban greening, have been increasingly recognized for their hydrologic contributions to stormwater management. However, the representation of tree canopy hydrological processes is often simplified or overlooked in existing stormwater models. This study modelled and evaluated the stormwater runoff reduction potential of birch ( Betula pendula ) and pine ( Pinus nigra ) trees in three scenarios (i.e., birch, pine, and mixed planting) on a storm event basis using the updated Storm Water Management Model (SWMM) tree canopy module. The model effectively represents the rainfall interception process of both tree species during different phenoseasons, demonstrating strong correlations between simulated and observed throughfall ( r = 0.97–0.99) and interception values ( r = 0.72) across all storm events. The results indicate that implementing urban trees in the study area led to an average reduction of 20–25 % in runoff volume and 16–25 % in peak flow, depending on the scenarios and phenoseasons. The most significant runoff reduction benefits were observed in a mixed-species planting scenario and during the leafed season. This interplay between species highlights the advantages of mixed-species plantings in urban environments, where diverse tree characteristics can enhance hydrological performance. However, the effectiveness of trees is limited during intense, high-volume storm events, although they still provide tangible benefits of up to 13.2 % reduction",manual,
W7214617721,2,B1;B3;B6,2026,0,Kamlesh Verma,Beyond canopy targets: a performance- and risk-aware framework for urban tree species selection,https://doi.org/10.3389/frsc.2026.1861981,Frontiers in Sustainable Cities,https://www.frontiersin.org/journals/sustainable-cities/articles/10.3389/frsc.2026.1861981/pdf,"Cities are adopting ambitious tree canopy targets and large-scale planting programs to mitigate urban heat, air pollution, biodiversity loss, stormwater runoff, and climate-related risks (Jim & Chen, 2009;Pincetl et al., 2013;Yao et al., 2019). Canopy cover targets are attractive policy instruments because they are measurable, reportable, and verifiable, easily communicated, and facilitate the monitoring of urban greening commitments. However, canopy expansion is fundamentally a quantitative measure and does not necessarily indicate tree survival, long-term functionality under changing climatic conditions, or sustained net benefits for urban residents (Kenney et al., 2011). Consequently, canopy expansion alone does not ensure appropriate species composition or adaptation to local environmental conditions.Urban forestry research has recognized these limitations through concepts such as the right tree, right place principle (Langenheim et al., 2020), climate-ready tree selection (Tabassum et al., 2023), functional and taxonomic diversity (Paquette et al., 2021), and ecosystem servicedisservice assessments (Escobedo et al., 2011). Studies have demonstrated that inappropriate species selection can increase exposure to allergenic pollen and biogenic volatile organic compounds (BVOCs) (Calfapietra et al., 2013;Escobedo et al., 2023), intensify infrastructure conflicts (Randrup et al., 2001), while inadequate post-planting stewardship can reduce establishment success (Roman et al., ",ok,Verma 2026 - Beyond canopy targets a performance- and risk-aware framewor.pdf
W2554992163,1,B2,2016,152,Eric A. Kuehler,Quantifying the benefits of urban forest systems as a component of the green infrastructure stormwater treatment network,https://doi.org/10.1002/eco.1813,Ecohydrology,,"Abstract The use of green infrastructure for reducing stormwater runoff is increasingly common. One under‐studied component of the green infrastructure network is the urban forest system. Trees can play an important role as the “first line of defense” for restoring more natural hydrologic regimes in urban watersheds by intercepting rainfall, delaying runoff, infiltrating, and transpiring captured stormwater. However, inadequate research quantifying the urban tree contribution to rainfall/runoff processes limits their promotion by stormwater managers. The purpose of this literature review is to highlight the limited research performed, document areas of need for quantifying the benefits of urban trees for stormwater management, and provide a basis for providing credits for trees in stormwater designs. Recent research has shown that urban trees can retain a sizable volume of annual rainfall in their crowns, delay the flow of stormwater runoff, substantially increase the infiltration capacity of urban soils, and provide transpiration of sequestered runoff for additional stormwater storage. Tree canopy effectiveness is highest during short, low‐intensity storms and lower as rainfall volume and intensity increases. While soils are the best medium to store and filter stormwater, trees may be integrated with other runoff reduction strategies to bring more natural hydrologic processes to urban watersheds by taking advantage of multiple points of retention. Gaps remain in the body of ",manual,
W7141424024,2,B2,2026,0,"Eslami, Ali",Looking under the canopy: Modelling how single trees contribute to runoff reduction in cities,https://doi.org/10.71573/zhbx9v70,OJS-Service ULBT,,"Urban trees provide a wide range of ecosystem services, including urban cooling, flood control, biodiversity, and air quality improvement. However, their impact depends on their physical attributes, seasonality, placement, and distribution in urban settings. This study focuses on the role of trees in stormwater management. Using the modified Gash and Rutter formulation, we developed a spatially distributed model to simulate individual tree’s interception capacity and throughfall. The model was applied to individual trees with time varying leaf area index (LAI) under different rainfall intensity, and canopy saturation conditions. Model validation against measurements showed strong agreement for total throughfall (R² ≃ 0.83) and interception (R² ≃ 0.61). At the urban scale, applying the model to a pilot area in Copenhagen, Denmark, resulted in a total runoff reduction of 15.2%, with local contributions varying between 2% and 43% based on tree characteristics. However, tree effectiveness was primarily driven by rainfall intensity and tree seasonality. Further research is needed to refine species-specific interception capacity and improve LAI-based parameterization in tree interception. Integrating this approach with hydrodynamic simulations could enhance understanding of trees’ local flood control contributions, supporting urban planning and tree-planting strategies to optimize city resilience.",manual,
W4385471707,1,B2,2023,82,Asia L. Dowtin,"Towards optimized runoff reduction by urban tree cover: A review of key physical tree traits, site conditions, and management strategies",https://doi.org/10.1016/j.landurbplan.2023.104849,Landscape and Urban Planning,,"In this study, we conducted a systematic literature review to determine the physical tree traits, site conditions, and urban forest management strategies that provide optimal stormwater runoff mitigation through the interception of precipitation or enhanced infiltration of water routed toward the ground by urban tree cover. Our review found that foliar characteristics such as high leaf area index, low hydrophobicity, low inclination angles, and high surface roughness promote rainfall retention by the canopy, as do high bark water storage capacity and a denser crown. In addition, when soil conditions are suitable, infiltration can be enhanced by urban tree cover and promoted through efficient funneling of stemflow through the tree canopy, with this process facilitated by erectophile branching structure, bark of low microrelief and morphology conducive to water transport, and multi-leader canopies. Consideration of these traits should be made when selecting trees to enhance stormwater mitigation by urban tree cover. Applications related to the establishment, maintenance, and management of urban tree cover to maximize stormwater management benefits are also explored. Strategic selection and management of urban trees may significantly increase their collective capacity to reduce runoff volumes at a landscape scale.",manual,
W4417401119,1,B2,2025,0,Tan Zi,From site-scale to landscape-scale: stormwater benefits of urban trees with SWMM-Canopy,https://doi.org/10.1080/1573062x.2025.2598435,Urban Water Journal,,"Urban trees can reduce stormwater runoff through canopy interception and enhanced infiltration, yet their benefits are often underrepresented in conventional models. This study introduces Storm Water Management Model-Canopy (SWMM-Canopy), a process-based tool that simulates diverse tree types and tree well designs to quantify stormwater runoff reduction. Sensitivity analyses highlight its flexibility across various conditions. To address key research gaps, limited tree hydrology representation and lack of integrated planning tools, we applied SWMM-Canopy with the GreenPlan-IT toolkit in a case study in California. The analysis quantified stormwater benefits from trees, scaled results from site to landscape, and compared the cost-effectiveness of trees and green stormwater infrastructure (GSI). SWMM-Canopy offers a practical approach for integrating urban trees into stormwater management, supporting multi-benefit planning and climate resilience. This work helps inform urban greening strategies and policy decisions by providing a flexible tool to evaluate the hydrologic and economic performance of trees alongside GSI.",manual,
W4282945512,1,B2,2022,9,Robert C. Coville,Loss of street trees predicted to cause 6000 L/tree increase in leaf-on stormwater runoff for Great Lakes urban sewershed,https://doi.org/10.1016/j.ufug.2022.127649,Urban forestry & urban greening,,"Urban forests are recognized as a nature-based solution for stormwater management. This study assessed the underlying processes and extent of runoff reduction due to street trees with a paired-catchment experiment conducted in two sewersheds of Fond du Lac, Wisconsin. Computer models are flexible, fast, and low-cost options to generalize and assess the hydrologic processes determined in field studies. A state-of-the-art, public-domain model, which explicitly simulates urban tree hydrology, i-Tree Hydro, was used to simulate the paired-catchment experiment, and results from field observations and simulation predictions were compared to assess model validity and suitability as per conditions in the broader Great Lakes basin. Model parameters were aligned with observed conditions using automatic and manual calibration. Model performance metrics were used to quantify the weekly performance of calibration and to validate predictions. Those calibration metrics differed substantially between the two periods simulated, but most calibration metrics remained positive, indicating the model was not fitting only the period used for calibration. Predicted avoided runoff for a five-month leaf-on period was 64 L/m2 of canopy, 4 % lower than the field-estimated avoided runoff of 66 L/m2 of canopy. Interception was the most directly comparable process between the model and field observations. Based on 5 storms sampled, field estimation of precipitation intercepted and retained on trees average",manual,
W4399807420,2,B2,2024,8,Xi Wu,Integrated Assessment of the Runoff and Heat Mitigation Effects of Vegetation in an Urban Residential Area,https://doi.org/10.3390/su16125201,Sustainability,,"Urban vegetation has an essential role in maintaining the hydrological and energy balance. These processes in urban areas have been long overlooked due to the fragmentation and uneven feature of land use and vegetation distribution. Recent advances in remote sensing and the ease of data acquisition have allowed a more precise mapping of vegetation and land cover, making it possible to simulate the above processes at micro scales. This research selects a small typical residential catchment in Japan as the study area and the purpose of this research is to investigate the impact of urban vegetation on mitigating urban runoff and the heat island effect. The remote-sensed Normalized Difference Vegetation Index (NDVI) data were used to represent vegetation spatial distribution and seasonal variation. A single layer canopy model and the Storm Water Management Model were coupled to simulate interception, evapotranspiration, and runoff generation processes. The effects of vegetation amount and landscape patterns on the above processes were also considered. The results showed that the coupled model had a satisfactory performance in the modeling of these processes. When the vegetation amount was set to 1.4 times its original value, the summer total runoff had a 10.7% reduction and the average surface temperature had a 2.5 °C reduction. While the vegetation amount was 0.8 times its original value, the total runoff increased by 6%, and the average surface temperature in summer increased b",manual,
W3182836367,1,B2,2021,50,Charity Nyelele,A multi-objective decision support framework to prioritize tree planting locations in urban areas,https://doi.org/10.1016/j.landurbplan.2021.104172,Landscape and Urban Planning,,It is concluded that multi-objective prioritization frameworks can identify optimal locations for greater total benefits from urban greening and that the proposed framework has the potential to inform decision making in different cities.,manual,
W3049291179,1,B2;B2,2020,31,Peihao Song,"Hydrological Effects of Urban Green Space on Stormwater Runoff Reduction in Luohe, China",https://doi.org/10.3390/su12166599,Sustainability,https://www.mdpi.com/2071-1050/12/16/6599/pdf?version=1597415598,"This paper reveals the role of urban green space (UGS) in regulating runoff and hence on urban hydrological balance. The modeling software i-Tree Hydro was used to quantify the effects of UGS on surface runoff regulation and canopy interception capacity in four simulated land-cover scenarios. The results showed that the existing UGS could mitigate 15,871,900 m3 volume of runoff (accounting for 9.85% of total runoff) and intercept approximately 9.69% of total rainfall by the vegetation canopy. UGS in midterm goal and final goal scenarios could retain about 10.74% and 10.89% of total rainfall that falls onto the canopy layer, respectively. The existing UGS in the Luohe urban area had a positive but limited contribution in runoff regulation, with similar responses in future scenarios with increased UGS coverage. UGS rainfall interception volume changed seasonally along with changing leaf area index (LAI) and precipitation, and the interception efficiency was distinctly different under various rain intensities and durations. The UGS had a relatively high interception performance under light and long duration rain events but performed poorly under heavy and short rain events due to limited surface storage capacities. Our study will assist urban planners and policy-makers regarding UGS size and functionality in future planning in Luohe, particularly regarding future runoff management and Sponge City projects.",manual,
W4407398260,1,B2;B6,2025,20,Rocco Pace,"Mitigation potential of urban greening during heatwaves and stormwater events: a modeling study for Karlsruhe, Germany",https://doi.org/10.1038/s41598-025-89842-z,Scientific Reports,https://www.nature.com/articles/s41598-025-89842-z.pdf,"Climate change is increasing the frequency and intensity of urban heat islands and stormwater flooding. In order to mitigate these threats cities are turning toward green infrastructure to restore the hydrologic cycle in a way that increases the ecosystem services provided by trees. Strategically designed green infrastructure can mitigate runoff volume by rainfall interception through tree canopies and redirect impervious runoff into bioswales that promote infiltration. In addition, urban greens mitigate extreme heat via evapotranspiration and shading. Here we applied the i-Tree HydroPlus model to the German city of Karlsruhe and its twenty-seven districts with varying initial conditions of tree cover to analyze the potential for both runoff and heat mitigation during dry and wet periods throughout a 5-year period. After analyzing initial tree cover and drainage conditions, we used the model to simulate a green infrastructure scenario for each district with restored hydrology and tree cover at 30%. Regarding trade-offs between runoff and heat mitigation, the results confirm that dry soils before storm events lead to greater runoff reduction by 10%, and wet soils prior to heatwaves resulted in a greater evaporative cooling. Compared to current conditions, the green infrastructure scenarios resulted in decreasing the number of extreme heat hours (Heat Index > 31 °C) per year on average by 64.5%, and to reduce runoff in average by 58% across all city districts. Thus, our simulat",ok,Pace 2025 - Mitigation potential of urban greening during heatwaves and.pdf
W7214580753,2,B2,2026,0,Raghad A. Awad,Machine Learning Surrogate Modeling in R for Rapid Screening of Green Infrastructure Hydrological Performance in Urban Stormwater Management: A Proof-of-Concept Study Using Synthetic Data,https://doi.org/10.3390/w18192413,Water,,"Background: Physically-based, coupled hydrological–low-impact-development (LID) models, such as the U.S. EPA Storm Water Management Model (SWMM), estimate green infrastructure (GI) performance in detail but are computationally expensive to run across many catchment, storm, and typology combinations. Methods: This methodological proof-of-concept develops an open-source R workflow (randomForest, xgboost, caret) on a synthetic dataset of 2000 catchment–storm–typology scenarios generated from prescribed non-linear equations of imperviousness, storm return period, and the coverage of four GI typologies. None of the scenarios were generated by SWMM-LID simulation or field monitoring. Random forest, XGBoost, and a linear baseline were trained to predict synthetic peak-flow attenuation and suspended-solid (TSS) removal. Results: On the held-out synthetic test set, XGBoost and random forest reached R2 values of 0.96 and 0.92 for peak-flow attenuation (linear baseline: 0.90) and 0.94 and 0.89 for TSS reduction (linear baseline: 0.79). These values show that the models learned the synthetic response surface; they do not measure predictive skill for real GI systems. Feature importance reproduced the typology weighting embedded in the data-generating equations. Surrogate inference took about 2–4 ms (measured), compared with tens of minutes typically reported in the literature for SWMM-LID runs (not measured here); this is an indicative comparison, not a controlled benchmark. Conclusions: ",manual,
W4408335115,2,B2,2025,34,Fatemeh Rezaei Aderyani,A surrogate machine learning modeling approach for enhancing the efficiency of urban flood modeling at metropolitan scales,https://doi.org/10.1016/j.scs.2025.106277,Sustainable Cities and Society,,,manual,
W4391752929,1,B3,2024,12,Neelesh Yadav,Decision Support Systems in Forestry and Tree-Planting Practices and the Prioritization of Ecosystem Services: A Review,https://doi.org/10.3390/land13020230,Land,https://www.mdpi.com/2073-445X/13/2/230/pdf?version=1707729172,"In this study, tree-selection/plantation decision support systems (DSSs) were reviewed and evaluated against essential objectives in the available literature. We verified whether existing DSSs leverage multiple data sources and available online resources such as web interfaces. We compared the existing DSSs, and in this study mainly focused on five main objectives that DSSs can consider in tree selection, including (a) climate resilience, (b) infrastructure/space optimization, (c) agroforestry, (d) ecosystem services, and (e) urban sustainability. The climate resilience of tree species and urban sustainability are relatively rarely taken into account in existing systems, which can be integrated holistically in future DSS tools. Based on this review, deep neural networks (DNNs) are recommended to achieve trade-offs between complex objectives such as maximizing ecosystem services, the climate resilience of tree species, agroforestry conservation, and other benefits.",manual,
W7159858125,1,B3,2026,0,Shilong Wang,"Multi-Criteria Selection of Urban Trees Integrating Ecosystem Services, Ecological Adaptability, and Ornamental Value: A Case Study in Kaifeng, China",https://doi.org/10.3390/f17050529,Forests,,"This study developed a comprehensive framework integrating ecosystem services (ESs), ecological adaptability, and ornamental value to guide tree species selection in historic cities constrained by soil salinization and subsurface heritage conservation. Taking Kaifeng, Henan Province, as a case study, we employed field surveys, i-Tree Eco, the Analytic Hierarchy Process, and K-means clustering to evaluate trees across protective, park, attached, and square green spaces. Results showed that carbon-related services dominated Kaifeng’s urban ES profile, with carbon storage (CS) and sequestration (CSE) value densities of 9.09 ¥·m−2 and 0.84 ¥·m−2·y−1, respectively. Air pollutant removal (AR) (0.21 ¥·m−2·y−1) and P (0.009 ¥·m−2·y−1) values remained comparatively low. Camphora officinarum Nees ex Wall delivered the highest annual ES value per tree (33.24 ¥·y−1). Plaza greenery outperformed other space types in overall service provision, and deciduous broadleaf species generated greater ES value than evergreen conifers. Cluster analysis identified four functional groups: stress-tolerant pioneers, balanced adapters, high-efficiency carbon sinks, and ornamental specialists—each suited to specific green space contexts. This integrated framework offers a transferable approach for evidence-based tree selection in saline historic cities, supporting nature-based solutions in urban green space (UGS) planning.",manual,
W4416388479,2,B3,2025,4,Luke J. Potgieter,An evidence-based protocol for developing lists for tree planting,https://doi.org/10.3897/neobiota.104.156206,NeoBiota,https://neobiota.pensoft.net/article/156206/download/pdf/,"Tree-planting is increasingly being promoted for urban greening, carbon sequestration, and to enhance biodiversity. However, poorly planned and executed tree-planting schemes can inadvertently contribute to biological invasions with detrimental effects on local ecosystems, economies, and human well-being. Therefore, sustainable, rigorous, repeatable, and transparent species selection strategies are needed. We developed a strategic decision protocol for identifying tree taxa suitable for planting schemes, using a multi-criterion approach that integrates national lists of regulated invasive plant species, global evidence of invasiveness, and susceptibility to key pests. Using the Polyphagous Shot Hole Borer (PSHB) invasion in the City of Cape Town, South Africa as a case study, we illustrate the protocol’s application and potential for informing planting decisions. 444 tree taxa currently planted in Cape Town were assessed. Of these, 85 are regulated nationally as invasive species (and are prohibited from use), while 49 met all suitability criteria and were identified as candidates for a planting list (i.e., a safe list). This protocol provides evidence-based guidance for tree-planting to mitigate the risk of tree invasions and to reduce the spread and impact of associated pests and pathogens. This protocol is replicable and adaptable for use in other regions and can support environmental planners and managers in making informed decisions to safeguard ecosystems and optimise ec",ok,Potgieter 2025 - An evidence-based protocol for developing lists for tree pla.pdf
W7171461174,2,B3,2026,0,Zhe Tan,Surrogate-assisted multi-objective optimization of micro-scale urban tree configurations for heat-stress mitigation with ecological co-benefits,https://doi.org/10.1016/j.scs.2026.107726,Sustainable Cities and Society,,,manual,
W4392272401,2,B4,2024,48,Chiara Arrighi,Brief communication: On the environmental impacts of the 2023 floods in Emilia-Romagna (Italy),https://doi.org/10.5194/nhess-24-673-2024,Natural hazards and earth system sciences,,"Abstract. The impacts of floods on environmental assets are often not assessed. In this communication, we reflect on this issue by analysing the reported environmental consequences of the 2023 Emilia-Romagna floods. The information on the environmental impacts is constructed by collecting data from reports, press releases, and interviews in the aftermath of the events. The most frequently reported damage involves water resources and water-related ecosystems, with cultural and supporting ecosystem services particularly affected. Indirect effects in time and space, intrinsic recovery capacity, cascade impacts on socio-economic systems, and the lack of established monitoring activities appear to be the most challenging aspects for future research.",ok,Arrighi 2024 - Brief communication On the environmental impacts of the 2023.pdf
W4223637388,1,B4,2022,60,Tommaso Pacetti,Planning Nature Based Solutions against urban pluvial flooding in heritage cities: A spatial multi criteria approach for the city of Florence (Italy),https://doi.org/10.1016/j.ejrh.2022.101081,Journal of Hydrology Regional Studies,,"City of Florence, central Italy Aiming at defining a nature-based strategy to mitigate pluvial flood risk, a two-tiered methodology is proposed. Firstly, the areas prone to pluvial flood are identified by a spatial multi-criteria analysis that combines five criteria (imperviousness, slope, hydrologic soil groups, density of sewer system and social vulnerability) to build a Pluvial Flood Index (PFI). The PFI is validated by the comparison with historical pluvial flood events in the city and it is used for the identification of high priority areas for intervention. Then, this information is merged with the analysis of urban planning and NBS design constraints to identify the suitable areas for NBS installation. Results allow the definition of a NBS implementation strategy against pluvial flooding in the city of Florence, identifying for each pluvial flood hotspot the set of measures that can be implemented to solve the problem. The proposed approach represents a flexible assessment technique that can be reproduced in other urban context and provide useful support for NBS adoption in urban flood risk management for heritage cities.",ok,Pacetti 2022 - Planning Nature Based Solutions against urban pluvial floodi.pdf
W7140213170,2,B4,2026,3,Moreen Willaredt,The effects of extreme climatic events on urban trees in Mediterranean regions: A review,https://doi.org/10.1016/j.cpb.2026.100605,Current Plant Biology,,"Mediterranean cities are home to more than 10% of the global population and more than 1298 urban tree species. These regions are highly vulnerable to climate change and are facing extreme climatic events such as droughts, heat waves, and flash floods. Urban trees play a key role in mitigating and reducing the effects of these events; however, it remains poorly understood how urban trees might cope with them. This review synthesizes the existing literature evaluating the effects of climatic and weather-related extremes on urban trees in Mediterranean cities. We screened more than 3000 studies, yet only 13 met the criteria of this review. Among the analyzed studies, most focused on drought and heat waves, with only one addressing the effects of extreme wind on tree mortality. Most studies employed remote sensing data and analytical methods, while a smaller number used experimental, field-based, or dendrochronological approaches. Since ten studies addressed droughts, the Standardized Precipitation–Evapotranspiration Index (SPEI) was calculated to contextualize and compare drought characteristics and outcomes across the analyzed cases. Our synthesis reveals that climatic extremes consistently impaired urban tree functioning across multiple scales and methods: remote sensing analyses detected declines in canopy greenness and cover, field-based studies documented reductions in leaf area and photosynthesis and simulation approaches highlighted the loss of evaporative cooling in irri",manual,
W4403945739,1,B4,2024,26,Letizia Cremonini,Causes and Impacts of Flood Events in Emilia-Romagna (Italy) in May 2023,https://doi.org/10.3390/land13111800,Land,,"On 1–3 May 2023, severe hydro-meteorological events occurred in the Italian Emilia-Romagna region. Such events caused extensive flooding, landslides, isolation of many areas, evacuation of many families, and severe damage to infrastructure, agriculture, buildings, and essential services. Several municipalities were affected, thousands of civilians had to be evacuated, and losses of life occurred. The consequences beyond the recorded immediate impacts on infrastructure and life were impressive, and extended to the regional economy, specifically in the Fruit Valley, where, in addition to immediate yield losses, long-term damage to orchard production is expected due to persistent flooding. The civil and cultural building heritage has also been heavily affected, both in the countryside and in inhabited centers. Some of the damage, direct and indirect, caused by flooding on buildings will also see an evolution in the medium- to long-term that needs to be addressed. This paper analyzes the manifold aspects of such an atmospheric phenomenon and its impacts to understand the potential increasing occurrence of similar events in the climate change context.",manual,
W7214074491,2,B4,2026,0,Liviana Sciuto,"Retrofitting interventions with Sustainable urban Drainage Solutions for the hydraulic risk mitigation: the case study of Catania (Sicily, Italy)",https://doi.org/10.5281/zenodo.22913242,Zenodo (CERN European Organization for Nuclear Research),,"Over the last decade, Nature-Based Solutions (NBS) and related measures such as Green Urban Infrastructures (GUIs) and water-sensitive urban design have emerged as win-win solutions for climate resilience that contribute to both climate adaptation and mitigation while providing a wide range co-benefits for societal challenges. More recently, the increasingly evident climate change impacts have stressed the urgent need for the large-scale development and mainstreaming of NBS, as they can simultaneously support human health, reduce disaster risk, mitigate heat waves, improve surface water quality and promote sustainability of natural resources. In particular, five types of drivers can be identified: ecosystem services, climate change, economy, politics of urban densification, and knowledge of new municipal employees. Notwithstanding these numerous drivers, critical barriers must be overcome in order to enhance the spreading of the NBS implementation. The main barriers stem from uncertainties related to (i) planning for climate adaptation at local-regional scales, (ii) the interdependencies of NBS design, cost, and performance with local environmental conditions, (iii) the lack of knowledge of policy-makers, communities and professionals about NBS and (iv) the receptivity of NBS as viable alternatives of, or complementary upgrade for grey infrastructure. In this context, CARDIMED will introduce a framework to build Climate Resilience in the Mediterranean biogeographical region, ",manual,
W4213058861,2,B4,2022,4,Marco Lompi,Impacts of Rainfall Data Aggregation Time on Pluvial Flood Hazard in Urban Watersheds,https://doi.org/10.3390/w14040544,Water,https://www.mdpi.com/2073-4441/14/4/544/pdf?version=1644999784,"Pluvial floods occur when heavy rainstorms cause the surcharge of the sewer network drainage, representing one of the most impacting natural hazard in urban watersheds. Pluvial flood hazard is usually assessed considering the effect of annual maxima rainfall of short duration, comparable with the typical concentration times of small urban watersheds. However, short duration annual maxima can be affected by an error of underestimation due to the time resolution as well as the aggregation time of the rainfall time series. This study aims at determining the impact of rainfall data aggregation on pluvial flood hazard assessment. Tuscany region (Central Italy) is selected as a case study to perform the assessment of the annual maxima rainfall underestimation error, since the entire region has the same temporal aggregation of rainfall data. Pluvial flood hazard is then evaluated for an urban watershed in the city of Florence (Tuscany) comparing the results obtained using observed (uncorrected) and corrected annual maxima rainfall as meteorological forcing. The results show how the design of rainfall events with a duration of 30 min or shorter is significantly affected by the temporal aggregation, highlighting the importance of correcting annual maxima rainfall for a proper pluvial flood hazard evaluation.",ok,Lompi 2022 - Impacts of Rainfall Data Aggregation Time on Pluvial Flood H.pdf
W7118769273,2,B4,2026,0,Francesco Di Paola,The May 2023 flood in Emilia-Romagna and 50-year trends in extreme precipitation based on ERA5-Land,https://doi.org/10.1016/j.ejrh.2025.103070,Journal of Hydrology Regional Studies,,"Study region Emilia-Romagna, northern Italy. Study focus This study analyses the extreme precipitation events of May 2023 in Emilia-Romagna, which caused fatalities and widespread damage, including flooding and landslides, with economic losses exceeding €8 billion. These events are characterised using rain gauge observations together with ERA5 and ERA5-Land reanalyses, and long-term (1974–2023) precipitation trends are derived from ERA5-Land to provide a multi-decadal context. New hydrological insights for the region At the scale of individual ERA5-Land grid points, over the 50-year reference period, statistical evidence indicates mean increases of 5 % for accumulations lasting up to 2 h and of 10 % for 1-h extreme accumulations, the latter consistent with the thermodynamic Clausius–Clapeyron rate given a concurrent 2-m air-temperature increase of 1.3 °C. In terms of frequency, statistical evidence indicates a 12 % reduction for 1-h accumulations and an average increase of 26 % for extreme accumulations with durations up to 3 h. The analysis also reveals a reduction in wet hours and a more fragmented distribution of precipitation in time and space. For events defined as extreme in terms of regional spatiotemporal extent, duration, persistence and accumulated precipitation, the mean values of these characteristics decrease by 16 % without significant changes in frequency, whereas events defined as extreme only in terms of mean precipitation increase by 9 % in magnitude and 61 ",manual,
W4415611801,1,B4,2025,2,Enrico Scoccimarro,A cul-de-sac effect makes Emilia-Romagna more prone to floods in a changing climate,https://doi.org/10.1038/s41598-025-24486-7,Scientific Reports,https://www.nature.com/articles/s41598-025-24486-7.pdf,"The disastrous flood of May 2023 in Emilia-Romagna, Italy, displaced thousands of residents and had severe impacts on the economy, with extensive damage to infrastructure-roads, buildings, bridges-and losses in agriculture and livestock. The flood was caused by two consecutive precipitation events, during which no hourly rainfall extremes were recorded, but for which accumulated rainfall over several days produced nonetheless extreme flooding, with a return period of over 500 years. The persistent, long-lasting precipitation was fueled by an uninterrupted vertically integrated water flux from the Adriatic Sea over the Po Valley, driven by a cyclonic circulation over Italy that remained stationary for several days. A ""cul-de-sac"" effect, due to mountains that blocked moisture fluxes from the Adriatic Sea, amplified rainfall and was a root cause of the disaster. In this study, we analyze the dynamics of this case study in the context of the large-scale atmospheric circulation, focusing on the role of the stationary cyclonic structure over Italy, a feature that also characterized a similar event over the same area in 2024. Furthermore, by examining the frequency of stationary cyclones in the Mediterranean region over recent decades, we are able to suggest that the persistent, dangerous configuration observed during the 2023 and 2024 events should be of concern to other Mediterranean areas that share similar conditions. A preliminary analysis also suggests that this class of even",ok,Scoccimarro 2025 - A cul-de-sac effect makes Emilia-Romagna more prone to flood.pdf
W2096830894,2,B4,2014,6,Francesco Dottori,Analysis of flash flood scenarios in an urbanized catchment using a two-dimensional hydraulic model,https://doi.org/10.5194/piahs-364-198-2014,Proceedings of the International Association of Hydrological Sciences,https://www.proc-iahs.net/364/198/2014/piahs-364-198-2014.pdf,"Abstract. In Italy, growing urbanization is leading to a higher risk of flooding of small water courses, especially in steep catchments of limited area, where severe flash flood events can occur. The assessment of flash flood hazard requires new modelling tools that can reproduce both the rainfall–runoff processes in the catchment, and the flow processes in the drainage network. In this paper we propose the use of a simple two-dimensional hydraulic model for analysing a flood scenario in a small valley within the urban area of the city of Bologna, Italy. Historically this area has been prone to severe flood events, the most recent of which occurred in 1955 and 1932. Since then there has been a significant increase in urbanization of the lower portion of the catchment, while the natural stream bed has been partially replaced by a culvert. The two-dimensional hydraulic model was therefore applied at catchment scale, in order to simulate the possible effects of historical scenarios in the present catchment configuration. Rainfall and runoff data measured during recent rainfall events were used to calibrate model parameters. Model results show that the current culvert section would be insufficient to drain the runoff produced by intense rainfall events, with potential inundation of surrounding urban areas.",ok,Dottori 2014 - Analysis of flash flood scenarios in an urbanized catchment.pdf
W4385778667,1,B5,2023,31,Carlotta Quagliolo,Pluvial flood adaptation using nature-based solutions: An integrated biophysical-economic assessment,https://doi.org/10.1016/j.scitotenv.2023.166202,The Science of The Total Environment,,"Globally, flood events are considered the costliest natural hazard. Changes in precipitation patterns and large areas of impervious surfaces in urban environments are increasing the sensitivity of these systems to runoff production. At the same time, projected global sea-level rise may further increase the frequency of compound flooding due to simultaneous storm surge, sea-level rise and pluvial runoff that cause vast socio-economic and ecological impacts to coastal cities. In this context, over the last decade, the role of Nature-Based Solutions (NBS) has been recognised to support climate change adaptation by addressing ideas of multi-functionality, non-linearity and heterogeneity in urban design. Thus, increasing awareness about NBS benefits increases the willingness to accept these solutions. However, empirical evidence of NBS effectiveness at the urban catchment scale is still subject to debate. This study develops a spatial biophysical-economic framework that allows for the integrated assessment of NBS flood risk mitigation impacts, costs and benefits in the face of climate change, combining the Integrated Valuation of Ecosystem Services and Tradeoffs (InVEST) model, benefit transfer methods and Geographic Information System (GIS) tools. Specifically, the InVEST Urban Flood Risk Mitigation model was used to assess the biophysical impacts of NBS on urban pluvial flood risk, benefit-transfer methods were used to evaluate the economic implications of such solutions, and GI",manual,
W7214165549,1,B5,2026,0,Hao Liu,Green infrastructure layout optimization and screening for stormwater management in dense urban catchments under short-return-period rainfall scenarios,https://doi.org/10.2166/wst.2026.349,Water Science & Technology,https://iwaponline.com/wst/article-pdf/doi/10.2166/wst.2026.349/1639397/wst2026349.pdf,"ABSTRACT Green infrastructure (GI) optimization typically focuses on extreme storms and yields a single compromise layout, overlooking frequent rainfall conditions and diverse stakeholder preferences. This study proposes a GI layout optimization and screening framework coupling SWMM with NSGA-II and a two-stage clustering-decision approach. Taking a dense urban catchment in Ningbo's Sponge City pilot zone as a case study, high-dimensional GI optimization targeting short-return-period rainfall was implemented with 520 configuration variables. Synthetic design rainfall return period greatly affected cost–runoff–pollutant trade-offs. As return period increased from 0.25 to 1 year, the cost range narrowed from 59.59–152.24 to 61.29–140.60 million CNY, and runoff reduction rates declined from 31.04–48.92% to 26.32–45.77%. Integrated pollutant removal remained relatively stable, varying from 35.49–51.80% to 33.30–51.05%. Three representative schemes were identified: environment-prioritized, cost-driven, and balanced. Their hydrological responses were rainfall-sensitive, whereas pollutant removal remained stable among the investigated scenarios, with averages of 47.3% for total suspended solids, 47.0% for chemical oxygen demand, 49.9% for total nitrogen, and 44.6% for total phosphorus. Sensitivity analysis confirmed their rankings remained stable under ±20% unit cost fluctuations. This framework offered a generalized methodology to generate practical GI layouts for dense urban catch",manual,
W3134930405,1,B5,2021,66,Sandra Costa,Effectiveness of Nature-Based Solutions on Pluvial Flood Hazard Mitigation: The Case Study of the City of Eindhoven (The Netherlands),https://doi.org/10.3390/resources10030024,Resources,https://www.mdpi.com/2079-9276/10/3/24/pdf?version=1615287081,"Urbanization leads to changes in the surface cover that alter the hydrological cycle of cities, particularly by increasing the impervious area and, thereby, reducing the interception, storage and infiltration capacity of rainwater. Nature-based solutions (NBS) can contribute to flood risk mitigation in urbanized areas by restoring hydrological functions. However, the effects of NBS on flood risk mitigation are complex and can differ substantially with the type of the NBS. Therefore, the effectiveness of NBS at the urban catchment scale is still subject to much debate, especially at the scale of urban catchments. In this study, the effects of different NBS on urban flood mitigation were evaluated for the city of Eindhoven in The Netherlands, as it has a history of urban flood events. To this end, various NBS scenarios were defined by municipal stakeholders and their impacts modelled with the numerical model Infoworks ICM. This was done for design storms with short, medium and long return periods (5, 10 and 100 years). Overall, the simulated NBS were effective in flood risk mitigation, reducing the flooded area as well as flood depth. The effectiveness of the individual NBS scenarios, however, depended strongly on the location and extension of the NBS, as well as on storm intensity. The effectiveness tended to increase with the increase in NBS surface area, while it tended to decrease with increasing storm intensity and, hence, return period. The NBS solution increasing street ",ok,Costa 2021 - Effectiveness of Nature-Based Solutions on Pluvial Flood Haz.pdf
W4318945414,2,B5,2023,87,Yifei Zhu,Spatial layout optimization of green infrastructure based on life-cycle multi-objective optimization algorithm and SWMM model,https://doi.org/10.1016/j.resconrec.2023.106906,Resources Conservation and Recycling,,,manual,
W3136039617,2,B6,2021,29,Chen Liang,"A land-use decision approach integrating thermal regulation, stormwater management, and economic benefits based on urbanization stage identification",https://doi.org/10.1016/j.scitotenv.2021.146415,The Science of The Total Environment,,,manual,
W7131130716,2,B6;B6,2026,0,Yue Xing,A Framework for Designing Green Infrastructure to Maximize Co-Benefits in High-Density Industrial Districts,https://doi.org/10.3390/su18042142,Sustainability,https://www.mdpi.com/2071-1050/18/4/2142/pdf?version=1771762738,"Green infrastructure (GI) provides essential ecosystem services for urban sustainability in the face of urbanization and climate change, including stormwater management, heat mitigation, and reduction in carbon dioxide (CO2) concentration levels. Existing studies often focus on single-dimensional ecological effects, lacking a systematic investigation of their synergies and trade-offs. This study developed a coupled framework integrating scenario design, model simulation, and multi-indicator evaluation. Fifty-six scenarios, varying by GI combinations, weather conditions, and total annual runoff control rate (RCR), were applied to a high-density industrial district in Nanjing. The results showed that: (1) GI combinations enhanced comprehensive benefits, with the combination including bioretention (BR), permeable pavement (PP), and green roof (GR) performing most effectively. This was followed by the combination of BR and PP, then by BR and GR, while the use of BR alone provided the lowest effectiveness. (2) PP was a key synergistic component, improving heat mitigation and reducing CO2 concentration levels through the beneficial effects of rainfall events. (3) Exceeding the optimal RCR threshold for some GI combinations diminished tree space and three-dimensional green volume, shifting synergies into trade-offs. (4) Three-dimensional green volume was positively correlated with reductions in Physiological Equivalent Temperature (PET) and CO2 concentration, confirming its core rol",manual,
W2208247983,1,B1,2015,158,Qingfu Xiao,"Surface Water Storage Capacity of Twenty Tree Species in Davis, California",https://doi.org/10.2134/jeq2015.02.0092,Journal of Environmental Quality,,"Urban forestry is an important green infrastructure strategy because healthy trees can intercept rainfall, reducing stormwater runoff and pollutant loading. Surface saturation storage capacity, defined as the thin film of water that must wet tree surfaces before flow begins, is the most important variable influencing rainfall interception processes. Surface storage capacity is known to vary widely among tree species, but it is little studied. This research measured surface storage capacities of 20 urban tree species in a rainfall simulator. The measurement system included a rainfall simulator, digital balance, digital camera, and computer. Eight samples were randomly collected from each tree species. Twelve rainfall intensities (3.5-139.5 mm h) were simulated. Leaf-on and leaf-off simulations were conducted for deciduous species. Stem and foliar surface areas were estimated using an image analysis method. Results indicated that surface storage capacities varied threefold among tree species, 0.59 mm for crape myrtle ( L.) and 1.81 mm for blue spruce ( Engelm.). The mean value across all species was 0.86 mm (0.11 mm SD). To illustrate application of the storage values, interception was simulated and compared across species for a 40-yr period with different rainfall intensities and durations. By quantifying the potential for different tree species to intercept rainfall under a variety of meteorological conditions, this study provides new knowledge that is fundamental to validati",manual,
W2593931948,1,B1,2017,658,Adam Berland,The role of trees in urban stormwater management,https://doi.org/10.1016/j.landurbplan.2017.02.017,Landscape and Urban Planning,,"The reliable use of trees for stormwater control depends on improved understanding of how and to what extent trees interact with stormwater, and the context-specific consideration of optimal arboricultural practices and institutional frameworks to maximize the stormwater benefits trees can provide.",manual,
W1999499664,1,B1,2006,472,Pilar Llorens,Rainfall partitioning by vegetation under Mediterranean conditions. A review of studies in Europe,https://doi.org/10.1016/j.jhydrol.2006.10.032,Journal of Hydrology,,,manual,
W2020685640,2,B1,2008,61,Virginia R. Stovin,STREET TREES AND STORMWATER MANAGEMENT,https://doi.org/10.1080/03071375.2008.9747509,Arboricultural Journal,,"Urban trees play an important role in the urban hydrological cycle. Yet little consideration has been given in the UK either to the increasing pressures that act to reduce urban tree cover or the opportunities that might be provided by land-use planning policies to increase it. Research in North America, particularly by American Forests (2007), suggests that urban tree cover may be directly equated to stormwater volumes and, therefore, to the costs of providing engineered structures for stormwater management. Tree planting policies have been justified on the financial benefits associated with their stormwater management function alone, notwithstanding the broader spectrum of benefits they provide within the urban environment. This paper presents preliminary research aimed at transferring these findings into a UK context. Two residential morphology units (RMUs) have been defined within the city of Sheffield, for which current levels of tree cover have been accurately quantified. Current tree cover levels are relatively low, but approaches to integrating more trees into these two landscape types are outlined.",manual,
W4404645959,1,B1,2024,14,Giacomo Marrazzo,The role of urban trees as nature-based solutions for stormwater runoff control,https://doi.org/10.1016/j.ufug.2024.128598,Urban forestry & urban greening,,"The soil cover of urban areas drastically reduces infiltration rates and increases the risk of stormwater flooding. In this context, nature-based solutions (NBS) are well-acknowledged strategies for sustainable stormwater management and water cycle restoration. As NBS, urban trees provide significant benefits to hydrological balance through rainfall interception, evapotranspiration, and water storage in the underlying soil. This paper proposes an analytical-probabilistic model to evaluate the performance of urban trees for stormwater control. The study investigates the effects on the surface runoff of the main hydrological and environmental variables involved, in particular the infiltration rate into the soil, and the impermeable contributing areas. The reliability of the analytical-probabilistic approach to estimate the surface stormwater runoff (in terms of both runoff probability and average value) was validated through its application to a case study in the city of Lecco (Italy). The results confirmed that the beneficial impact of urban trees on stormwater control is greater during leaf-on season (late spring-summer at Lecco latitude) and when a proper infiltration rate into the soil beneath the tree is ensured.",manual,
W4395444414,1,B1,2024,16,Carlos Rogério de Mello,"Deciphering global patterns of forest canopy rainfall interception (FCRI): A synthesis of geographical, forest species, and methodological influences",https://doi.org/10.1016/j.jenvman.2024.120879,Journal of Environmental Management,,"Forest canopy rainfall interception (FRCI) is an essential hydrological process that governs water and biogeochemical cycles in forest ecosystems. Identifying patterns and relationships of FCRI using a systematic review is key to improving our knowledge supporting new experiment research, modeling, and application. In this meta-analysis, we aimed to delineate the canopy interception (CI), throughfall (TF), and stemflow (SF) concerning geographical and forest variables and experimental methodologies. We leveraged peer-reviewed 170 articles across 234 sites globally, extracting TF, CI, SF, geographical, forest, and experimental aspects. We applied multivariate statistical procedures to discern the principal influences on TF, CI, and SF and examined their multicollinearity. In addition, we developed Generalized Linear Models (GLM) for CI and TF. Global TF experiments indicate that the predominant rainfall devices, number of sample trees, number of events, and monitoring length are 10-20 devices (81% fixed), 3-6 trees, 30-50 events, and 10-30 months. Predominant global values of TF, CI, and SF are 70-80% (median = 73%), 20%-30% (median = 23.9%), and <1.0% (median = 1.87%), respectively. Global models of CI and TF were responsive to T, LAI, and D (respectively, R2adj of 0.196** and 0.206**). Temperate forests mirrored the global model (R2adj of 0.274** and 0.31**, respectively). The Subtropical CI model was fitted based on P and DBH (R2adj = 0.245*), and the TF model was based on E, D, and LAI (R2adj = 0.532**); the Mediterranean CI model was based on T, Basal, and LAI (R2adj = 0.45*), while TF was based on P, Basal, and LAI (R2adj = 0.671**). The Tropical CI model was based on T and H (R2adj = 0.396*), and the TF model, LAI, and P (R2adj = 0.35*). This meta-analysis underscores the importance of comprehending the hydrological processes in forested areas as they are pivotal in mitigating climate change impacts.",manual,
W2747150830,1,B1,2017,39,Tarique Hassan,"Remote sensing upscaling of interception loss from isolated oaks: Sardon catchment case study, Spain",https://doi.org/10.1016/j.jhydrol.2017.08.016,Journal of Hydrology,https://www.sciencedirect.com/science/article/pii/S0022169417305437/pdf,"Tree interception loss from two Mediterranean oak species, Quercus ilex (Q.i.) and Quercus pyrenaica (Q.p.), was estimated during 2-year period (1 October 2011 to 30 September 2013) in sparsely vegetated Sardon catchment (∼80 km2, Spain) by: i) rainfall, throughfall and stemflow measurements; ii) Gash model temporal extrapolation; and iii) remote-sensing spatial upscaling. The annual, measured tree interception losses (Im) of Q.i. and Q.p. in the first year were 51% and 16% of P (335 mm) and in the second, 46% and 10% of P (672 mm), respectively. The revised Gash analytical model of rainfall interception loss, extrapolated well the Im temporal variability of Q.i. and Q.p., provided the throughfall-based, and not Pennman-Monteith-based, average wet canopy evaporation rates were used. Finally, a novel method of spatial upscaling of a tree-based interception loss into plot- and catchment-scale, using per-species, reference tree interception loss and object-attributes derived from satellite imagery, was proposed. The interception losses from Q.i. and Q.p. were upscaled first into two homogeneous plots (1-ha each and both with ∼20% canopy cover), one with Q.i. and the other with Q.p. oaks and then into the entire Sardon catchment with ∼7% canopy cover. The obtained annual-mean, plot interception losses were 9.5% of P in evergreen Q.i. and 2.5% of P in deciduous Q.p. plot. The annual-mean catchment interception loss was 1.4% of P. The proposed upscaling method is expected to improv",manual,
W3005226204,1,B1,2020,48,Jasmine K. Thom,Transpiration by established trees could increase the efficiency of stormwater control measures,https://doi.org/10.1016/j.watres.2020.115597,Water Research,,"Evapotranspiration is an important aspect of the hydrological cycle in natural landscapes. In cities, evapotranspiration is typically limited by reduced vegetation and extensive impervious surfaces. Stormwater control measures (SCMs) seek, among other objectives, to move the urban hydrological cycle towards pre-development conditions, promoting processes such as infiltration and evapotranspiration. Yet, evapotranspiration is generally assumed to play a minor role in the water balance of stormwater control measures. Since established urban trees can use large quantities of water, their inclusion with stormwater control measures could potentially substantially increase evapotranspiration. We installed infiltration trenches alongside established Lophostemon confertus trees in the grassed verges of a typical suburban street to assess 1) whether redirecting stormwater to trees could increase their transpiration and 2) the contribution of transpiration to the water balance of stormwater control measures. We measured stormwater retention and transpiration for two spring-summer periods and estimated an annual water balance for the infiltration trenches. Although redirecting stormwater to trees did not increase their transpiration, these trees did use large volumes of water (up to 96 L d-1), corresponding to 3.4 mm d-1 per projected canopy area. Annually, stormwater retention was 24% of runoff and tree transpiration was equivalent to 17% of runoff. Our results suggest that streetscapes fitted with tree-based stormwater control measures, could increase the volumetric reduction of stormwater runoff by increasing the proportion of evapotranspiration in the water balance. Since public space is highly contested in cities and increasing canopy cover is a priority for many planners, integrating trees with stormwater control measures could provide dual benefits for a single management intervention, enabling a greater number of distributed stormwater control measures with smaller impervious catchments in the streetscape.",manual,
W3183470465,1,B1,2021,8,R. Bean,"Urban Tree Rainfall Interception Measurement and Modeling in WinSLAMM, the Source Loading and Management Model",https://doi.org/10.14796/jwmm.c475,Journal of Water Management Modeling,https://www.chijournal.org/Content/Files/C475.pdf,"Recently, the role of urban trees in stormwater management has received increasing interest.The interception of rainfall by urban trees has been proposed to provide substantial benefits by reducing runoff rates and quantities.However, few data are available for rainfall interception of trees in typical urban settings, in contrast to research from natural forests that have dense standings of trees.Additional needed information includes:• how interception changes for different seasonal changes in urban tree canopies for different types of trees,• how these interception values vary for different rains; and• how interception affects urban stormwater for typical urban settings.This paper describes a series of direct interception (throughfall) measurements under urban trees and calibrated modeling using WinSLAMM to provide some data to address these questions.This study used a standard rain gauge located in an open area and rain gauges under deciduous water oaks (Quercus nigra) and evergreen loblollly pines (Pinus taeda) trees.A total of 85 rain events were monitored from early December 2018 through January 2020 and were statistically evaluated.It was found that tree type had the most important effect on tree canopy interception, followed by rain amount, while seasonal effects were not as important.The interception under the pine was only important for the smallest rain events, while interception under the oaks varied from about 30% to 50%, depending on the rain amount.",ok,Bean 2021 - Urban Tree Rainfall Interception Measurement and Modeling in.pdf
W4280508449,1,B1,2022,46,M. Susana Orta‐Ortiz,What variables matter when designing nature-based solutions for stormwater management? A review of impacts on ecosystem services,https://doi.org/10.1016/j.eiar.2022.106802,Environmental Impact Assessment Review,,,manual,
W2045106514,2,B1,2015,56,Julie Schooling,The influence of rainfall depth class and deciduous tree traits on stemflow production in an urban park,https://doi.org/10.1007/s11252-015-0441-0,Urban Ecosystems,,,manual,
W3130609740,2,B1,2021,48,Alireza Nooraei Beidokhti,"The effects of precipitation, tree phenology, leaf area index, and bark characteristics on throughfall rates by urban trees: A meta-data analysis",https://doi.org/10.1016/j.ufug.2021.127052,Urban forestry & urban greening,,,manual,
W3211173126,1,B2,2021,98,William R. Selbig,Quantifying the stormwater runoff volume reduction benefits of urban street tree canopy,https://doi.org/10.1016/j.scitotenv.2021.151296,The Science of The Total Environment,,"Trees in the urban right-of-way areas have increasingly been considered part of a suite of green infrastructure practices used to manage stormwater runoff. A paired-catchment experimental design (with street tree removal as the treatment) was used to assess how street trees affect major hydrologic fluxes in a typical residential stormwater collection and conveyance network. The treatment consisted of removing 29 green ash (Fraxinus pennsylvanica) and two Norway maple (Acer platanoides) street trees from a medium-density residential area. Tree removal resulted in an estimated 198 m3 increase in surface runoff volume compared to the control catchment over the course of the study. This increase accounted for 4% of the total measured runoff after trees were removed. Despite significant changes to runoff volume (p ≤ 0.10), peak discharge was generally not affected by tree removal. On a per-tree basis, 66 L of rainfall per m2 of canopy was lost that would have otherwise been intercepted and stored. Runoff volume reduction benefit was estimated at 6376 L per tree. These values experimentally document per-capita retention services rendered by trees over a growing season with 42 storm events. These values are within the range reported by previous studies, which largely relied on simulation. This study provides catchment scale evidence that reducing stormwater runoff is one of many ecosystem services provided by street trees. This study quantifies these services, based on site conditions and a mix of deciduous species, and serves to improve our ability to account for this important yet otherwise poorly constrained hydrologic service. Engineers, city planners, urban foresters, and others involved with the management of urban stormwater can use this information to better understand tradeoffs involved in using green infrastructure to reduce urban runoff burden.",manual,
W4382561865,2,B5,2023,53,Tongping Hao,Optimization of tree locations to reduce human heat stress in an urban park,https://doi.org/10.1016/j.ufug.2023.128017,Urban forestry & urban greening,,"Trees provide cooling benefits through shading and evapotranspiration; they are regarded as an important measure in heat-resilient urban planning and policies. Knowing where to plant trees for maximum cooling benefits, given practical and resource constraints, remains a challenge in both practice and research. Literature in the field of tree modeling and location optimization is limited, either by the incompleteness in accounting for tree shading, evapotranspiration, and the modifying effect of wind, or by the slow-running speed of the Computational Fluid Dynamics model, making them less applicable in practice. This paper describes a novel method to search for the optimal locations for trees to maximize their cooling benefits in an urban environment. A rapid simulation model was applied to assess on-site heat stress under the influences of trees, which was evaluated using field measurements conducted under hot, temperate, and cool weather conditions in an urban park in Hong Kong. It was then linked to a genetic algorithm in search of a near-optimal tree layout. The proposed method was tested in the same park, and it can automatically identify locations to plant new trees to minimize heat stress, subject to practical constraints such as avoiding existing buildings and utilities. It can also identify the optimal locations to rearrange the existing 55 trees, hypothetically, which can cool the park by up to 0.3 ℃ in on-site average equivalent temperature compared with the worse s",manual,
W4416784008,2,B5,2025,4,Samah Elkhateeb,Parametric Optimization of Urban Street Tree Placement: Computational Workflow for Dynamic Shade Provision in Hot Climates,https://doi.org/10.3390/urbansci9120504,Urban Science,https://www.mdpi.com/2413-8851/9/12/504/pdf?version=1764321692,"Urban streets in hot climates often suffer from inadequate shade, exacerbating pedestrian discomfort, urban heat island effects, and energy demands for cooling. Traditional tree-planting approaches overlook dynamic solar paths, building-induced shadows, and spacing requirements, resulting in suboptimal shade coverage and resource inefficiency. This study introduces a computational workflow in Rhino/Grasshopper to optimize tree placement and canopy radii through analysis of solar radiation and shadow patterns. By prioritizing sun-exposed zones, minimizing shadow overlaps, and ensuring growth-appropriate distances, the tool enhances shade distribution. Integration of parametric modeling and environmental simulations improved thermal comfort, reduced energy use, and evidence-based urban planning strategies. Across ten optimization runs, the workflow achieved a 68% increase in shade coverage, an 11.5 °C reduction in mean radiant temperature (MRT), and a 72% decrease in the spatial extent of high-risk heat-exposure zones, demonstrating its potential for climate-adaptive street design in hot-arid environments.",manual,
W7154696515,2,B5,2026,0,Gabriele Oneto,Performance‑driven optimization of nature‑based solutions for advancing urban canyon shading,https://doi.org/10.1016/j.ufug.2026.129457,Urban forestry & urban greening,,"Climate change is affecting environmental quality, especially at the urban canyon level, leading to hazards such as heat stress, and intensified heatwaves. To enhance urban resilience and mitigate rising temperatures, systemic solutions are required. Nature-Based Solutions (NBS) are recognized as promising strategies, yet their implementation often lacks proper planning and quantification of performance. Existing simulation tools remain limited by high computational demands. This study applies Machine Learning (ML) to reduce reliance on simulations, streamline workflows, all while optimizing NBS performance, specifically urban street trees. A comprehensive dataset was developed, integrating urban canyons geometries and trees characteristics representative of typical urban conditions and plant species commonly used in design. A validated real time tool for computational simulations was used to investigate correlations between site morphology and street trees shading performance, which were then generalized across the Italian territory through Machine Learning (ML) approaches. Across more than 300’000 simulated canyon-tree configurations, latitude emerged as the dominant predictor of shading performance, while wider canyons and larger crown radii consistently achieved high scores (TOPSIS Scores > 0.9), identifying single- and double-row layouts as the most effective solutions. This methodology demonstrates that urban trees shading effectiveness can be predicted and generalized ",manual,
W3003300304,1,B7,2020,252,Andrew Francis Speak,The influence of tree traits on urban ground surface shade cooling,https://doi.org/10.1016/j.landurbplan.2020.103748,Landscape and Urban Planning,,"Abstract The physical nature of the built urban environment gives rise to urban heat islands (UHI), making many cities frequently thermally uncomfortable in the summer, with potentially serious effects on human health. When climate change effects of higher summer temperatures and prolonged heatwaves are factored in, it is clear that adaptive measures are needed to ensure the liveability of cities. The shade provided by planting trees is one such adaptation measure. This study, in Bolzano, Italy, used a thermal camera to record the surface temperatures of three common urban surfaces – asphalt, porphyry, and grass – in the shade of 332 single tree crowns, of 85 different species, during the peak temperature period of summer days. By comparing with the temperature of adjacent unshaded ground, estimates of the degree of surface cooling were made. Measurements at three locations within the shadow revealed higher cooling in the centre and at the western edge. The cooling was related to a multitude of tree traits, of which Leaf Area Index estimate (LAIcept) and crown width were the most important. Median average cooling of 16.4, 12.9 and 8.5 °C was seen in the western edge of the tree shade for asphalt, porphyry and grass, respectively. Maximum temperatures were reduced by roughly 19 °C for all surface types. Coniferous trees were capable of providing high cooling, however, crown dimensions may limit the receiving surface area. Descriptive and predictive multiple linear regression models were able to predict cooling with some success from several of the predictor variables (LAIcept and gap fraction). Strategic planting of single trees in cities can have significant impacts on the absorption of solar radiation by ground surface materials thus reducing the heat storage that contributes to UHIs.",manual,
W3085972052,1,B7,2020,247,Marco Morabito,Surface urban heat islands in Italian metropolitan cities: Tree cover and impervious surface influences,https://doi.org/10.1016/j.scitotenv.2020.142334,The Science of The Total Environment,,"Land surface temperature (LST) predictors, such as impervious and vegetated surfaces, strongly influence the urban landscape mosaic, also changing microclimate conditions and exacerbating the surface urban heat island (SUHI) phenomenon. The aim of this study was to investigate the summer daytime SUHI phenomenon and the role played by impervious and tree cover surfaces in the 10 Italian peninsular metropolitan cities. Summer daytime LST values were assessed by using MODIS data referred to the months of June, July and August from 2016 to 2018. High spatial resolution (10 m) of impervious surface and tree cover layers was calculated based on open-data developed by the Italian National Institute for Environmental Protection and Research. A novel informative urban surface landscape layer was developed combining impervious surfaces and tree cover densities and its mapping for metropolitan cities was performed. Summer daytime SUHI rose significantly, increased especially in inland cities, by increasing the size of areas with low tree cover densities in the metropolitan core (or decreasing areas with low tree cover densities outside the metropolitan core), further increasing its intensity when the impervious density grew. A mitigating effect of the sea on daytime LST and SUHI was observed on coastal cities. The most intense SUHI phenomenon was observed in Turin (the largest Italian metropolitan city): for every 10% increase in areas with highly impervious surfaces and low tree cover densities in the metropolitan core, the SUHI significantly (p < 0.001) increased by 4.0 °C. Increased impervious surfaces combined with low tree cover densities represented the main driving process to increase the summer daytime SUHI intensity in most studied cities. These findings are useful to identify summer daytime LST critical areas and to implement the most efficient urban-heat-island mitigation strategies in order to safeguard the vulnerable urban environment and enhance quality of life for the population.",manual,
W4388772553,1,B7,2023,151,Wan Ting Katty Huang,Economic valuation of temperature-related mortality attributed to urban heat islands in European cities,https://doi.org/10.1038/s41467-023-43135-z,Nature Communications,https://www.nature.com/articles/s41467-023-43135-z.pdf,"As the climate warms, increasing heat-related health risks are expected, and can be exacerbated by the urban heat island (UHI) effect. UHIs can also offer protection against cold weather, but a clear quantification of their impacts on human health across diverse cities and seasons is still being explored. Here we provide a 500 m resolution assessment of mortality risks associated with UHIs for 85 European cities in 2015-2017. Acute impacts are found during heat extremes, with a 45% median increase in mortality risk associated with UHI, compared to a 7% decrease during cold extremes. However, protracted cold seasons result in greater integrated protective effects. On average, UHI-induced heat-/cold-related mortality is associated with economic impacts of €192/€ - 314 per adult urban inhabitant per year in Europe, comparable to air pollution and transit costs. These findings urge strategies aimed at designing healthier cities to consider the seasonality of UHI impacts, and to account for social costs, their controlling factors, and intra-urban variability.",ok,Huang 2023 - Economic valuation of temperature-related mortality attribut.pdf
W4318685275,1,B7,2023,574,Tamara Iungman,Cooling cities through urban green infrastructure: a health impact assessment of European cities,https://doi.org/10.1016/s0140-6736(22)02585-5,The Lancet,https://researchonline.lshtm.ac.uk/id/eprint/4668939/1/Iungman_etal_2023_Cooling-cities-through-urban-green.pdf,,ok,Iungman 2023 - Cooling cities through urban green infrastructure a health i.pdf
W4407707328,1,B7,2025,10,Tiago Silva,Heat stress mitigation by exploring UTCI hotspots and enhancing thermal comfort through street trees,https://doi.org/10.1007/s00704-025-05400-7,Theoretical and Applied Climatology,https://link.springer.com/content/pdf/10.1007/s00704-025-05400-7.pdf,"Abstract Heat stress mitigation actions must be carefully planned in order to achieve effective outcomes. By integrating urban planning guidelines with urban climate knowledge, substantial benefits can be achieved for the community. In Lisbon, the study area, urban planning guidelines are strict in relation to the tree species which should be used for planting. This study examined these species environmental contributions to the community, especially in regard to heat stress mitigation in two urban canyons previously found as UTCI hotspots. For this, microclimatic Envi-met simulations were run which allowed recalculation of the UTCI hotspot analysis and to assess individual species contribution to possible mitigation efforts. Results demonstrated the ability of these trees to lower air temperature and the Universal Thermal Climate Index (UTCI). By reducing UTCI temperatures between 3.19 °C and 6.27 °C on a hot summer’s day, these trees were also able to transform an identified UTCI hotspot into a coldspot. From the studied species, Pyrus calleryana was found to be the most effective species for mitigating thermal stress, although all three species performed well. Regarding community services, according to the iTree tool, Cercis siliquastrum had the greatest overall impact. These results give to the municipal urban planning which tree species should be prioritized in terms of climate action, as well as a methodological framework to assess at local scale which areas should be i",manual,
W4392282423,1,B7,2024,47,Dirk Lauwaet,High resolution modelling of the urban heat island of 100 European cities,https://doi.org/10.1016/j.uclim.2024.101850,Urban Climate,,"In urban areas across Europe, high air temperatures and urban heat islands (UHIs) greatly affect public health, with climate change further increasing the mortality risks. This study presents a validated high resolution (100 m) hourly air temperature dataset for 100 European cities for a 10-year period (2008–2017) that is made available for urban climate research. The data is used to analyse the UHI (as defined in this study) of these 100 cities, using a dedicated indicator that is suitable for comparison across Europe. The UHI indicator is found to be correlated to both meteorological and urban characteristics. Using a statistical model, the current and potential cooling of green infrastructure and soil unsealing in the 100 cities is quantified. The Europe-wide current impact of these climate adaptation measures on the UHI indicator is found to range between 0.03 and 1.82 °C (with an average value of 0.45 °C), which is significant compared to the UHI indicator values ranging between 0.57 and 2.54 °C (with an average value of 1.43 °C). Nevertheless, a large potential for extra cooling from such measures is found to remain in many cities, ranging between 0 and 1 °C, with the Europe-wide average value being 0.49 °C, slightly higher than the estimated current cooling.",manual,
W4411554387,1,B7,2025,38,Michael Alonzo,Urban Trees and Cooling: A Review of the Recent Literature (2018 to 2024),https://doi.org/10.48044/jauf.2025.023,Arboriculture & Urban Forestry,https://auf.isa-arbor.com/content/isa/early/2025/06/12/jauf.2025.023.full.pdf,"Abstract Urban trees mitigate extreme heat through shading and evapotranspiration, but cooling effectiveness varies with tree traits, spatial configurations, and climate. This systematic mapping review synthesizes findings from 115 studies (2018 to 2024) using RepOrting standards for Systematic Evidence Syntheses (ROSES) protocols. Studies were categorized based on geographic location, climate zone, and heat metric (e.g., land surface temperature or air temperature), highlighting a geographic skew toward North America and Asia and underrepresentation of arid and tropical zones. Findings show that urban trees consistently outperform other vegetation types in cooling, particularly in hotter, drier climates when water is available. Dense, tall canopies provide broad-scale cooling, while mixed plantings with shrubs or grass enhance local effects. However, conflicting conclusions arise from using land surface versus air temperature, as these metrics respond differently to tree canopy. Key knowledge gaps include the role of native versus non-native species in arid climates, the effect of urban morphology on cooling, and tree performance during extreme heat. Most studies remain small-scale and limited in generalizability, emphasizing the continued need for city-specific knowledge. This review highlights urban trees as vital for heat mitigation and the importance of harmonizing research objectives and methods to inform planning and practice effectively.",ok,Alonzo 2025 - Urban Trees and Cooling A Review of the Recent Literature 20.pdf
W7214165784,1,B7,2026,0,Giulia Guerri,"Counteracting Urban Thermal Hot Spots in Florence, Italy: The Combined Effects of Vegetation and High-Albedo Surfaces",https://doi.org/10.3390/app16199509,Applied Sciences,,"As cities increasingly face extreme heat, urban planning plays a crucial role in mitigating the urban heat island effect through sustainable cooling strategies. This study investigates the combined potential of vegetation and high-albedo surfaces to reduce urban heat while providing additional ecological benefits in a public square in Florence (Italy). Currently dominated by asphalt, the square represents a summer thermal hot spot, with surface temperatures reaching 50 °C. Using QGIS, ENVI-met, and i-Tree Eco, existing conditions were compared with a redesign scenario including 87 new deciduous broadleaf trees (resulting in a total of 90 trees in the design scenario), 37% permeable green surfaces, 12% semi-permeable parking areas, and 51% high-albedo pavements. Simulations show summer average reductions of about 0.7 °C in air temperature and 6 °C in surface temperature, with maximum reductions of 1.3 °C and ~13 °C on average across the square (up to 20 °C locally under tree canopies and over high-albedo surfaces), reducing “strong” thermal stress areas by 50–60%. Additionally, the new trees provide ecological benefits, including pollutant removal, oxygen production, carbon sequestration, and stormwater interception. This study highlights the importance of predictive microclimatic assessment to optimize urban design and prevent unintended consequences.",manual,
W2995277096,1,B7,2019,482,Mohammad A. Rahman,Traits of trees for cooling urban heat islands: A meta-analysis,https://doi.org/10.1016/j.buildenv.2019.106606,Building and Environment,,"Abstract A more detailed understanding of the micro-climatic thermal benefits of different urban tree species and the retrospective species characteristics is necessary to guide management decisions. In this review, we focused specifically on empirical data collected at ground level for below-canopy surface temperature (ST) and transpiration cooling (AT), using a meta-analysis method. Tree canopy density was clearly identified as the most influential driver of different mechanisms of cooling benefits. Secondly, climate of the cities where the trees were grown showed significant impacts on cooling potentials: trees grown in Oceanic and Continental climates showed a higher cooling potential compared to trees grown in Mediterranean climate for AT and sub-tropical climate for ST. Thirdly, tree growth in size and ground surface cover showed significant impact. ST decreases almost linearly with the increase of canopy density; however, the rate is significantly lower over transpiring grass surfaces. Transpiration of trees planted over grass was ten times higher (4.15 g m−2 min−1) compared to a tree planted in paved cut-out pits (0.44 g m−2 min−1). Moreover, diffuse porous wood anatomy and trees originating from temperate and resource-rich forests showed better cooling potentials. Among the leaf traits, dark green leaves,",manual,
W4411127575,1,B7,2025,4,Simona Mannucci,A parametric integrated workflow to assess multi-domain heat- and flood-related performance of small outdoor urban spaces in a changing climate: A case study in the mediterranean region,https://doi.org/10.1016/j.cacint.2025.100215,City and Environment Interactions,,"• An integrated workflow is proposed for multi-domain resilience of outdoor urban space. • Runoff assessment highlights inefficiencies in impermeable greenery designs. • Thermal comfort assessment reveals higher discomfort in impermeable unshaded areas. • With the proposed integrated workflow, simultaneous heat stress and runoff is assessed. • The workflow supports resilient design of the built environment. Urban areas face increasing exposure to climate-induced hazards, including extreme heat and urban flooding, challenges exacerbated by limited green and blue areas. This study presents an integrated parametric workflow for the preliminary evaluation of multi-domain performance of small outdoor spaces, at early design stages, as adaptive interventions for mitigating these issues at the neighborhood scale. Using parametric modelling in Grasshopper with Ladybug Tools and Kangaroo plugins, the novel methodology assesses thermal comfort and surface runoff dynamics in a heat- and flood-prone outdoor space. Thermal stress was evaluated using Ladybug tools via the Universal Thermal Climate Index and the Mediterranean Outdoor Comfort Index, and compared with ENVI-met simulations results to test the reliability of the proposed workflow. Results highlighted significant thermal discomfort during peak summer hours, especially in unshaded areas. Irrigated vegetation, including trees and grass, effectively reduced heat stress, even if in some regions, due to water scarcity, irrigation ent",manual,
W4413160001,1,B7,2025,12,Abdulrazzaq Shaamala,Algorithmic urban greening for thermal resilience: AI-optimised tree placement and species selection,https://doi.org/10.1016/j.cities.2025.106356,Cities,,"Recent advances in artificial intelligence (AI) and metaheuristic optimisation have created new opportunities to address the growing challenges of urban heat and thermal discomfort. Among these, the strategic placement of urban trees has emerged as a promising intervention due to their capacity to moderate microclimatic extremes. However, existing approaches often rely on generic planting schemes that overlook the spatial complexity of urban morphology and the functional diversity of tree species. This study introduces a novel AI-based framework that combines Ant Colony Optimisation (ACO) with species-specific thermal traits and high-resolution simulations of the Universal Thermal Climate Index (UTCI) to optimise both tree placement and species selection at the neighbourhood scale. To evaluate the cumulative physiological benefits of these interventions, a new metric—the Bio-Thermal Gain Index (BTGI)—was developed to capture diurnal variations in thermal stress. Applied to a real-world suburban site and validated under extreme summer conditions, the framework achieved notable improvements: a 22 % reduction in areas exceeding 39 °C, an 18 % increase in thermally comfortable zones, and cooling benefits of up to 3.5 °C. This research advances a replicable, performance-oriented model for climate-responsive urban greening by uniting algorithmic intelligence with ecological precision. The proposed framework provides planners, designers, and policymakers with a scalable tool to enha",manual,
W4405248627,1,B7,2024,254,Haiwei Li,"Cooling efficacy of trees across cities is determined by background climate, urban morphology, and tree trait",https://doi.org/10.1038/s43247-024-01908-4,Communications Earth & Environment,,"Abstract Urban planners and other stakeholders often view trees as the ultimate panacea for mitigating urban heat stress; however, their cooling efficacy varies globally and is influenced by three primary factors: tree traits, urban morphology, and climate conditions. This study analyzes 182 studies on the cooling effects of urban trees across 17 climates in 110 global cities or regions. Tree implementation reduces peak monthly temperatures to below 26 °C in 83% of the cities. Trees can lower pedestrian-level temperatures by up to 12 °C through large radiation blockage and transpiration. In tropical, temperate, and continental climates, a mixed-use of deciduous and evergreen trees in open urban morphology provides approximately 0.5 °C more cooling than a single species approach. In arid climates, evergreen species predominate and demonstrate more effective cooling within compact urban morphology. Our study offers context-specific greening guidelines for urban planners to harness tree cooling in the face of global warming.",ok,Li 2024 - Cooling efficacy of trees across cities is determined by bac.pdf
W3007516058,1,B7,2020,235,Mohammad A. Rahman,Tree cooling effects and human thermal comfort under contrasting species and sites,https://doi.org/10.1016/j.agrformet.2020.107947,Agricultural and Forest Meteorology,,"Abstract The potential of urban greenspaces in regulating temperature is widely known; however, in the heterogeneous urban landscape the process and the magnitude of human thermal comfort as well as the cumulative effects of natural and built surfaces are not yet well understood. We selected two ecologically contrasting species Tilia cordata Mill. and Robinia pseudoacacia L. planted in eight plots across five different sites in Wurzburg, one of the major cities in Northern Bavaria, Germany. We monitored meteorological and edaphic variables and tree sap-flow along with the air temperature, relative humidity, within tree canopy and outside, between January 1 and December 31, 2018. Additionally, we measured surface temperature, meteorological variables below the tree canopies and outside, during the hottest summer days of 2018 (July 23 to 31). With 35% higher leaf area index, T. cordata tree canopies prevented higher incoming radiation compared to R. pseudoacacia trees. Moreover, with diffuse porous wood anatomy, T. cordata trees provided four times more transpiration compared to R. pseudoacacia, therefore, up to 2.8 °C air temperature reduction (ΔAT) within the tree canopy, and increase in absolute humidity (ΔAH) up to 2.6 g m − 3 compared to the 1.9 °C of ΔAT and 1.9 g m − 3 of ΔAH for R. pseudoacacia respectively. Thus, physiological equivalent temperature reduction was up to 4 °C under the shade of a R. pseudoacacia tree compared to 11 °C under a T. cordata tree. Finally, the research showed the importance of urban topography, such as street orientation, surrounding environment such as geometry, urban design to reduce the hindrance of wind flow and proportion of greenspaces in terms of outdoor human thermal comfort.",manual,
W2088871259,1,B7;B7,2015,427,Andrew Coutts,Temperature and human thermal comfort effects of street trees across three contrasting street canyon environments,https://doi.org/10.1007/s00704-015-1409-y,Theoretical and Applied Climatology,,,manual,
W2799768766,1,B7;B7,2018,75,RICHARD J. SMITHERS,Comparing the relative abilities of tree species to cool the urban environment,https://doi.org/10.1007/s11252-018-0761-y,Urban Ecosystems,,,manual,
W3090915317,1,B7;B9,2020,72,Carola Helletsgruber,Identifying Tree Traits for Cooling Urban Heat Islands—A Cross-City Empirical Analysis,https://doi.org/10.3390/f11101064,Forests,https://www.mdpi.com/1999-4907/11/10/1064/pdf?version=1602333233,"Research Highlights: This paper presents a cross-city empirical study on micro-climatic thermal benefits of urban trees, using machine-learning analysis to identify the importance of several in situ measured tree physiognomy traits for cooling. Background and Objectives: Green infrastructure and trees in particular play a key role in mitigating the urban heat island (UHI) effect. A more detailed understanding of the cooling potential of urban trees and specific tree traits is necessary to support tree management decisions for cooling our progressively hot cities. The goal of this study was to identify the influence and importance of various tree traits and site conditions. Materials and Methods: Surface temperature, air temperature at 1.1 m and at tree crown height, as well as wet bulb globe-temperature of shaded and fully sun-exposed reference areas, were used to study the cooling effect of seven different urban tree species. For all 100 individuals, tree height, crown base, trunk circumference, crown volume, crown area, leaf area index (LAI) and leaf area density (LAD) were measured. Measurements were conducted in the cities of Dresden, Salzburg, Szeged, and Vienna as representatives for middle European cities in different climate zones. Results: Beside site conditions, tree species, height, height of crown base, as well as trunk circumference, have a great influence on the cooling effect for city dwellers. The trunk circumference is a very valuable indicator for estimating",ok,Helletsgruber 2020 - Identifying Tree Traits for Cooling Urban Heat IslandsA Cros.pdf
W2752726467,1,B9,2017,445,Dimitra Founda,"Synergies between Urban Heat Island and Heat Waves in Athens (Greece), during an extremely hot summer (2012)",https://doi.org/10.1038/s41598-017-11407-6,Scientific Reports,https://www.nature.com/articles/s41598-017-11407-6.pdf,"Heat waves (HWs) are recognized as a serious threat for human health worldwide, with urban areas being more vulnerable due to the urban heat island (UHI) effect and population density. Yet, in the climate change context, HWs are becoming more frequent, stronger and longer, which, coupled with intensifying urbanization exacerbates thermal risk for urban residents. Despite the profound impact of this global phenomenon there is no clear consensus so far on possible synergies between UHIs and HWs. The study sheds light on the complex synergies between UHIs and HWs focusing on coastal sites. A quite challenging period comprising five HW episodes during summer 2012 in Athens (Greece) was selected for analysis. A positive feedback between UHIs and HWs was found, with intensification of the average UHI magnitude by up to 3.5 °C during HWs, compared to summer background conditions. Our results contribute significantly to understanding synergies between UHIs and HWs that may strongly increase thermal risk in cities and vulnerability of urban population.",ok,Founda 2017 - Synergies between Urban Heat Island and Heat Waves in Athens.pdf
W2607266167,1,B9,2017,133,John A. Paravantis,"Mortality Associated with High Ambient Temperatures, Heatwaves, and the Urban Heat Island in Athens, Greece",https://doi.org/10.3390/su9040606,Sustainability,https://www.mdpi.com/2071-1050/9/4/606/pdf?version=1492154710,"Abstract: Climate change looms as the biggest threat of the 21st century, and its effect on urban mortality is exacerbated by urban heat islands. This study analyzes the impact of high temperatures, heatwaves, and the urban heat island on the cardiovascular and respiratory mortality of people over 65 years of age for the years 2002 to 2012. The area of application is Athens, Greece, an urban agglomeration experiencing an urban heat island of high intensity. The correlation of the daily cardiovascular and respiratory mortality count of people over 65 years of age with various temperature measures confirmed a U-shaped exposure response curve, with fewer deaths in the range of moderate temperatures. At high and very high temperatures, this mortality increased by 20 to 35% correspondingly, at a 99.9% significance level. Mortality was further investigated with ordinary least squares, Poisson, and negative binomial times series models, which, although suffering from poor fit, showed a one-day lag for the maximum temperature effect on mortality. Finally, cluster analysis for observations confined to May to September, confirmed by multiple discriminant analysis, showed the existence of six clusters, with the highest excess mortality count of 23% for the cluster that included the hottest days and 20.6% for the heatwave cluster. To this end, it is recommended that policies target high ambient temperatures and heatwaves as a priority.",manual,
W4409598858,1,B7,2025,3,Gennaro Albini,Investigation of the Surface Urban Heat Island (SUHI) by two remote sensing-based approaches in Italian regional capitals,https://doi.org/10.1016/j.rsase.2025.101567,Remote Sensing Applications Society and Environment,,"This study investigates the Surface Urban Heat Island (SUHI) phenomenon in the twenty Italian regional capitals for the 2013–2023 period by analyzing summer surface temperatures and urban features. Using open data from remote sensing products (such as Landsat-8 and 9 and Sentinel-1 and 2) as well as the Italian Revenue Agency database, this research examines surface temperature differences between central and peripheral urban areas. Two methodological approaches were employed: 1) the Real Estate Market Observatory classification provided by the Italian Revenue Agency (OMI approach) and 2) urbanization levels as defined by the Italian Institute for Environmental Protection and Research (urbanization level approach). High SUHI values were observed in cities with different geographical characteristics, including mountainous areas, with the highest values in L'Aquila, as well as both coastal and inland cities across plain and hilly altitudes. The highest SUHI intensities ranged from 5 °C to nearly 8 °C, with the urbanization level approach highlighting the most pronounced differences. Additionally, central urban areas in most regional capitals were characterized by over 60 % impervious surface coverage and minimal vegetation. Differences in tree cover percentages between urban belts showed significant positive relationships with SUHI intensity in both plain and hilly/mountainous cities. In particular, a highly significant (p < 0.001) positive linear relationship was found in plai",manual,
W4416810091,1,B9,2025,5,Antonio Esposito,A multi-city statistical modelling of surface urban heat island: Application to Italian cities,https://doi.org/10.1016/j.uclim.2025.102717,Urban Climate,,"Surface urban heat island intensity (SUHII) is a key indicator of thermal patterns in urban environments, determined by complex interactions between land use, morphology and climate conditions. This study presents and applies a predictive framework to assess SUHII in four Italian cities (Lecce, Bari, Milan and Turin) using satellite data of land surface temperature (LST), urban morphological parameters and advanced statistical modelling. More than 1000 Sentinel-3 images of summer periods (June, July and August) for the years 2022 and 2023 were processed to assess daytime and nighttime SUHII. Multiple linear regression analyses, supported by variance inflation factor (VIF) filtering and residuals diagnostics, revealed that impervious surface fraction (ISF), leaf area index (LAI) and albedo were the most influential predictors. The results showed significant spatial and temporal variability in SUHII, with Milan and Turin showing pronounced heat accumulation, especially at night, while Lecce and Bari showed lower or negative diurnal SUHII. Generalized regression models were developed based on multidimensional scaling (MDS) and SIMPER analysis. Scenario testing in Milan indicated that increasing LAI and surface albedo can reduce SUHII by up to 1 °C. The proposed statistical model is scalable, computationally efficient and well-suited for urban-scale applications, making it a practical tool for mapping and analyzing SUHII patterns in diverse city contexts. • ISF, LAI, and albedo f",manual,
W7200321401,1,B9,2026,0,Zaman Sumaiya,"The Urban Heat Island: Increasing Temperature Trends in Central European Cities (Vienna, Rome & Zagreb)",,University of Debrecen Electronic Archive (University of Debrecen),,,manual,
W3095654146,1,B7,2020,24,Kaluarachichi T.U.N.,Temperature Reduction in Urban Surface Materials through Tree Shading Depends on Surface Type Not Tree Species,https://doi.org/10.3390/f11111141,Forests,https://www.mdpi.com/1999-4907/11/11/1141/pdf?version=1603881256,"Trees play a vital role in urban cooling. The present study tested if key canopy characteristics related to tree shade could be used to predict the cooling potential across a range of urban surface materials. During the austral summer of 2018–2019, tree and canopy characteristics of 471 free-standing trees from 13 species were recorded across Greater Sydney, Australia. Stem girth and tree height, as well as leaf area index and ground-projected crown area was measured for every tree. Surface temperatures were recorded between noon (daylight saving time) and 3:00 p.m. under the canopy of each tree in the shade and in full sun to calculate the temperature differential between adjacent sunlit and shaded surfaces (∆Ts). The limited control over environmental parameters was addressed by using a large number of randomly selected trees and measurement points of surface temperatures. Analyses revealed that no systematic relationship existed among canopy characteristics and ∆Ts for any surface material. However, highly significant differences (p < 0.001) in ∆Ts existed among surface materials. The largest cooling potential of tree shade was found by shading bark mulch (∆Ts = −24.8 °C ± 7.1), followed by bare soil (∆Ts = −22.1 °C ± 5.5), bitumen (∆Ts = −20.9 °C ± 5.8), grass (∆Ts = −18.5 °C ± 4.8) and concrete pavers (∆Ts = −17.5 °C ± 6.0). The results indicate that surface material, but not the tree species, matters for shade cooling of common urban surfaces. Shading bark mulch, bare s",manual,
W7135042431,1,B7,2026,1,Zan Peng,A workflow for climate-adaptive tree planting design to optimize outdoor thermal environment through evolutionary algorithm,https://doi.org/10.1007/s10980-026-02324-z,Landscape Ecology,,"Urban areas are increasingly exposed to heat stress, underscoring the need for adaptive, performance-oriented green infrastructure. Tree shading and canopy dynamics play a crucial role in regulating urban microclimates and improving outdoor thermal comfort. This study aims to develop a generative planting design workflow that optimizes tree configurations across seasons. It integrates vegetation parameters, particularly leaf area index (LAI), into a radiation model and explores trade-offs between thermal comfort and the initial purchase cost of trees. The workflow combines Grasshopper and Ladybug Tools with an evolutionary algorithm as an optimizer to generate planting layouts. Field measurements of mean radiant temperature (MRT) were used to validate solar radiation simulations before optimization. The validation improved prediction accuracy in shaded areas by approximately 3 °C. The evolutionary algorithm search revealed multiple planting configurations rather than a single optimal layout. Seasonal differences showed that higher LAI and denser canopies were more effective at summer cooling, whereas sparser structures enhanced winter comfort. Conical-shaped deciduous trees (height = 12 m; trunk diameter = 30 cm) emerged as optimal for both seasons, with LAI values decreasing from 4.6 to 0.6 or 2.8 to 0.0, reflecting seasonal foliage variation. A spacing of 6–12 m further supported adaptability across seasonal contexts. The framework integrates an LAI-revised thermal comfort ",manual,
W4309945063,1,B7,2022,10,Zhengrong Li,STMRT: A simple tree canopy radiative transfer model for outdoor mean radiant temperature,https://doi.org/10.1016/j.buildenv.2022.109846,Building and Environment,,,manual,
W7161493363,1,B7,2026,0,Mattia Niccoli,Mapping Local Climate Zones and ExplorMapping Local Climate Zones and Exploring Temperature Dynamics in the Metropolitan Area of Florenceing Temperature Dynamics in the Metropolitan Area of Florence,https://doi.org/10.36253/bsgi-7621,Bollettino della Società Geografica Italiana,https://www.bsgi.it/index.php/bsgi/article/download/7621/6903,"This paper investigates the temperature dynamics within the Metropolitan Area of Florence, and particularly in the “Piana Fiorentina”. It focuses on the Urban Heat Island (UHI) effect by utilising Local Climate Zones (LCZs), Land Surface Temperature (LST), and crowdsourced air temperature data. The study aims to map LCZs and explore temperature variations across urban and peri-urban landscapes. A supervised classification combining remote sensing data from Sentinel-2 and geospatial urban morphology parameters was employed to generate an LCZ map of the Florence-Prato-Pistoia area. LST data were used to analyse temperature differences across LCZs, highlighting seasonal and spatial variations. Additionally, the study incorporated air temperature measurements from Citizen Weather Stations (CWS) to assess intra-urban temperature dynamics, representing the first use of such data in this context. The results revealed significant thermal contrasts between urban and natural LCZs, demonstrating the UHI effect, its seasonal variability, and the diurnal-to-nocturnal cycle. This work contributes to the understanding of urban climate behaviour in and around Florence and highlights the usefulness of LCZs mapping and CWS data for urban climate studies.",manual,
W2807007945,1,B7,2018,593,Subhanil Guha,"Analytical study of land surface temperature with NDVI and NDBI using Landsat 8 OLI and TIRS data in Florence and Naples city, Italy",https://doi.org/10.1080/22797254.2018.1474494,European Journal of Remote Sensing,https://www.tandfonline.com/doi/pdf/10.1080/22797254.2018.1474494?needAccess=true,"The present study focuses on determining the relationship of estimated land surface temperature (LST) with normalized difference vegetation index (NDVI) and normalized difference built-up index (NDBI) for Florence and Naples cities in Italy using Landsat 8 data. The study also classifies different land use/land cover LU–LC) types using NDVI and NDBI threshold values, iterative self-organizing data analysis technique and maximum likelihood classifier, and analyses the relationship built by LST with the built-up area and bare land. Urban thermal field variance index was applied to determine the thermal and ecological comfort level of the city. Several urban heat islands (UHIs) were extracted as the most heated zones within the city boundaries due to increasing anthropogenic activities. The difference between the mean LST of UHI and non-UHI is 3.15°C and 3.31°C, respectively, for Florence and Naples. LST build a strong correlation with NDVI (negative) and NDBI (positive) for both the cities as a whole, especially for the non-UHIs. But, the strength of correlation becomes much weaker within the UHIs. Moreover, most of the UHIs (85.21% in Naples and 76.62% in Florence) are developed within the built-up area or bare land and are demarcated as an ecologically stressed zone.",manual,
W4353095435,1,B7,2023,56,Mahmuda Sharmin,Tree crown traits and planting context contribute to reducing urban heat,https://doi.org/10.1016/j.ufug.2023.127913,Urban forestry & urban greening,,,manual,
W2937600137,1,B7;B7,2019,170,Mohammad A. Rahman,Comparing the transpirational and shading effects of two contrasting urban tree species,https://doi.org/10.1007/s11252-019-00853-x,Urban Ecosystems,,,manual,
W7208705442,1,B7,2026,0,Kyeongjoo Park,Disentangling the relative importance of tree-cast shadows and transpiration in mitigating urban extreme heat,https://doi.org/10.1038/s41598-026-68979-5,Scientific Reports,https://www.nature.com/articles/s41598-026-68979-5_reference.pdf,"Abstract This study quantifies and compares the relative importance of tree-cast shadows and transpiration in mitigating urban extreme heat through online numerical simulations using the Weather Research and Forecasting (WRF) model coupled with an urban canopy model that represents street trees and a factor-separation method. During the extreme heat event, tree-cast shadows and transpiration by street trees with a crown radius of 1 m reduce urban canyon air temperature by 0.43 ± 0.06 °C and 1.15 ± 0.09 °C in the daytime, respectively, the tree transpiration effect being much greater than the tree-cast shadow effect. The warming associated with the interception of direct shortwave radiation by street trees is greater than the cooling associated with tree-cast shadows in the daytime. In the nighttime, the mean cooling effects due to tree-cast shadows and transpiration are 0.09 ± 0.02 °C and 0.15 ± 0.03 °C, respectively, the two cooling effects being comparably small. The relative importance of the two effects is found to be similar under differing urban geometry and tree-crown size. This study provides quantitative evidence highlighting the importance of managing tree soil moisture to sustain tree-induced cooling benefits.",ok,Park 2026 - Disentangling the relative importance of tree-cast shadows a.pdf
W4223493553,2,B7,2022,72,Jing Huang,Transpirational cooling and physiological responses of trees to heat,https://doi.org/10.1016/j.agrformet.2022.108940,Agricultural and Forest Meteorology,,,manual,
W2907665939,2,B7,2018,181,Teresa Zölch,Designing public squares with green infrastructure to optimize human thermal comfort,https://doi.org/10.1016/j.buildenv.2018.12.051,Building and Environment,,,manual,
W4391005134,2,B7,2023,7,René van der Velde,Cool Tree Architecture: A Descriptive Framework for a Tree Architecture Typology to Temper Urban Microclimates,https://doi.org/10.15302/j-laf-1-020084,Landscape Architecture Frontiers,https://journal.hep.com.cn/laf/EN/PDF/10.15302/J-LAF-1-020084,"As the elementary unit of the urban forest, trees temper thermal extremes in urban microclimates through shading and evapotranspiration, and by altering the movement of air. Metrics on shade performances of different species, however, are currently limited, which can be remedied by the development of a method to describe the range of species and cultivars via a structured overview of physical characteristics impacting radiation reflectivity, absorptivity, and transmissivity. This paper proposes a descriptive framework based on the concept of “tree architecture,” which has developed into a recognized field of plant study from the perspective of their physiognomy, morphology, and morphogenesis. The framework describes various architectural sub-traits within the overall trait categories of Crown, Wood, and Foliage. The descriptive framework can be used to develop a “Cool Tree Architecture Typology” (C-TAT), in which trees can be organized into similar types based on common physical characteristics. Further elaboration of sub-traits using observations of trees in controlled field laboratories resulted in new derivative classes for use as key in classifications for the C-TAT. The C-TAT can be used to organize the many species and cultivars occurring in, for example, Cfb Atlantic climate zone cities, to a lesser number of architectural types. This allows for more rapid evaluation and cooling performance calculations of tree inventories and can also be of value in assisting tree man",ok,Velde 2023 - Cool Tree Architecture A Descriptive Framework for a Tree Ar.pdf
W4409598730,2,B7,2025,27,Christoph Bachofen,High transpirational cooling by urban trees despite extreme summer heatwaves,https://doi.org/10.1016/j.ufug.2025.128819,Urban forestry & urban greening,,"Urban trees cool their environment by shading and transpiration (latent heat, LE ), thereby alleviating urban heat. LE may be critically reduced during heatwaves, when trees reduce stomatal conductance ( g S ) to prevent hydraulic dysfunctions. Recent observations indicate that g S may still be maintained during heatwaves, but implications for urban heat stress mitigation remain elusive. We recorded sap flow on eight Platanus x acerifolia trees in Geneva to assess LE during 2023, which had two record-breaking summer heatwaves. We repeatedly assessed leaf water potentials at pre-dawn and midday (Ψ pre , Ψ mid ), g S , and leaf, canopy, and ground surface temperatures in shaded and sunlit parts (T leaf , T can , T surf ). Using ecohydrological modelling (UT&C), we determined the energy budget of the urban square and assessed whether LE and g S predictions match measurements. Despite air temperatures (T air ) reaching 39.1 ºC, trees continued transpiring up to 37.1 kg h −1 ( LE of 25.3 kW). LE was similar during heatwaves (T air > 30 ºC) as during cooler periods and compensated approximately 33.3 % of the urban heating by solar radiation (R S ). In contrast, the model predicted a higher decrease of g S , and LE to 22.8 % of R S during heatwaves, thereby underestimating actual tree cooling. Despite unprecedented heatwaves, Platanus x acerifolia trees efficiently cooled the urban environment. Measured LE largely surpassed model estimations during heatwaves, hence actual cooling ef",ok,Bachofen 2025 - High transpirational cooling by urban trees despite extreme.pdf
W7165376362,2,B7,2026,0,Todi Daelman,The influence of urban and tree morphology on modeled daytime mean radiant temperature,https://doi.org/10.1016/j.uclim.2026.103000,Urban Climate,,"Street trees are important climate adaptation tools to combat urban overheating, an issue that an increasing number of cities face. To address this, the high-resolution microclimate model SOLWEIG is a valuable tool to simulate Mean Radiant Temperature (Tmrt) exposure for pedestrians. In this parametric study, we quantify how urban street trees reduce outdoor radiant heat exposure across a range of street canyon aspect ratios. We introduce the Radiative Cooling Efficiency (RCE) metric, which normalizes the Tmrt reduction by relative canopy cover, to standardize the comparisons of tree-induced reductions in Tmrt across urban morphologies. This workflow is applied to the city of Ghent, Belgium, of which we collected a dataset of street canyon geometries (building height, canyon width, street orientation) and urban tree characteristics (canopy height, trunk height, shortwave transmissivity). Within these representative parameter ranges, simulations of Tmrt were performed at a 1-meter resolution under clear-sky conditions on the hottest day of 2024 in Belgium. The results show that canyon width and orientation dominated the tree’s cooling efficiency: trees in east-west canyons had up to 2.8 times higher impact than those in north-south canyons. Regarding tree modeling parameters, a sensitivity analysis revealed that lowering the trunk height had 2.3 times the effect of increasing canopy height. In addition, each 1% rise in tree shortwave transmissivity reduced cooling by approxima",ok,Daelman 2026 - The influence of urban and tree morphology on modeled daytim.pdf
W4412508751,2,B7,2025,1,Mohammed Lamine,Review on the Integration of Artificial Intelligence in Parametric Urban Design and Outdoor Thermal Comfort,https://doi.org/10.38027/smart.v2n1-4,Smart Design Policies,https://smartdpj.com/sdp/article/download/15/14,"Artificial Intelligence (AI) is increasingly recognised for its ability to accelerate physics-based simulation tasks, making it particularly promising in urban design processes, where simulation often hinders iterative development. This review explores the intersection of AI, parametric urban design (PUD), and outdoor thermal comfort (OTC), assessed using the Universal Thermal Climate Index (UTCI) or other indices. We identify emerging methods and tools used to optimise comfort outcomes through intelligent design frameworks. By systematically analysing 40 studies from 2018 to 2025 and leveraging bibliometric analysis, the review categorises contributions into predictive modelling, generative design, parametric optimisation, and integration strategies. The limitation is the niche and novel nature of the subject, which reduces the number of eligible studies. We highlight how AI, particularly machine learning, acts as both a surrogate for environmental simulation and a driver for design generation. Although full integration of AI with parametric and comfort modelling remains limited, recent progress suggests strong potential. This paper presents a conceptual pipeline for integrating AI into PUD to support comfort optimisation, emphasising the need for open datasets, interpretable models, and design tool interoperability. This review establishes the first interdisciplinary synthesis of parametric urban design, artificial intelligence, and outdoor thermal comfort research, providi",ok,Lamine 2025 - Review on the Integration of Artificial Intelligence in Para.pdf
W4410343527,2,B7,2025,7,Ahmed Maged,Generative design optimization of tree distribution for enhanced thermal comfort in communal spaces with special reference to hot arid climates,https://doi.org/10.1038/s41598-025-96763-4,Scientific Reports,https://www.nature.com/articles/s41598-025-96763-4.pdf,"The quality of the communal outdoor environment is crucial for enhancing the urban quality and the well-being of its residents. These spaces are essential for providing more opportunities for social interaction and leisure. However, in hot arid climates like Egypt, achieving optimal outdoor thermal comfort remains a challenge. Accordingly, more comprehensive methodologies are highly needed to improve the research-based design of landscape parameters and components for developing outdoor thermal comfort performance using an iterative design exploration process that employs AI-driven software. These applications, help designers in solving multi-objective design quandaries through the generation and evaluation of numerous design options. Therefore, this study explores the efficiency of generative design tools in optimizing tree distribution based on mutation evolution to enhance outdoor thermal comfort, providing a dynamic, iterative approach that adapts to diverse urban morphologies. The methodology adopts a simulation-based analysis for framing this study, which is classified into three main phases. Firstly, analyze the current environment for specific outdoor spaces with different settings in Madinaty, New Cairo (fully clustered with buildings neighborhood, semi-clustered neighborhood, fully open neighborhood). Secondly, a generative design tool with a Dynamo evolutionary algorithm is utilized to optimize the tree distribution across the communal areas of these three spaces c",ok,Maged 2025 - Generative design optimization of tree distribution for enha.pdf
W4307056318,2,B7,2022,92,Jacob A. Lachapelle,Maximizing the pedestrian radiative cooling benefit per street tree,https://doi.org/10.1016/j.landurbplan.2022.104608,Landscape and Urban Planning,,"Outdoor heat stress is a growing problem in cities during hot weather. City planners and designers require more pedestrian-centered approaches to understand sidewalk microclimates. Radiation loading, as quantified by mean radiant temperature (TMRT), is a key factor driving poor thermal comfort. Street trees provide shade and consequently reduce pedestrian TMRT. However, placement of trees to optimize the cooling they provide is not yet well understood. We apply the newly-developed TUF-Pedestrian model to quantify the impacts of sidewalk tree coverage on pedestrian TMRT during summer for a lowrise neighbourhood in a midlatitude city. TUF-Pedestrian captures the detailed spatio-temporal variation of direct shading and directional longwave radiation loading on pedestrians resulting from tree shade. We conduct 190 multi-day simulations to assess a full range of sidewalk street tree coverages for five high heat exposure locations across four street orientations. We identify street directions that exhibit the largest TMRT reductions during the hottest periods of the day as a result of tree planting. Importantly, planting a shade tree on a street where none currently exist provides approximately 1.5–2 times as much radiative cooling to pedestrians as planting the same tree on a street where most of the sidewalk already benefits from tree shade. Thus, a relatively equal distribution of trees among sun-exposed pedestrian routes and sidewalks within a block or neighbourhood avoids mutu",ok,Lachapelle 2022 - Maximizing the pedestrian radiative cooling benefit per stre.pdf
W3033301515,2,B7,2020,68,Ruzana Sanusi,"London Plane trees (Platanus x acerifolia) before, during and after a heatwave: Losing leaves means less cooling benefit",https://doi.org/10.1016/j.ufug.2020.126746,Urban forestry & urban greening,,,manual,
W7166717969,2,B7,2026,0,António M. Rochette Cordeiro,Tree canopy structure and phenology as drivers of microclimate regulation in Mediterranean urban ecosystems,https://doi.org/10.1016/j.scitotenv.2026.181983,The Science of The Total Environment,,"Urban trees constitute a fundamental biotic component of urban ecosystems, mediating local climate through shading, evapotranspiration and modification of radiative and aerodynamic processes. While their cooling role is widely acknowledged, the ecological mechanisms governing vertical and seasonal microclimatic regulation within urban tree canopies remain insufficiently quantified, particularly in Mediterranean cities. This study investigates how tree functional traits, canopy structure and phenology interact with urban ecosystem typologies to regulate near-surface air temperature. Continuous air temperature measurements were conducted at two vertical levels (3 m and 6 m above ground) beneath four representative urban tree species-Tilia europaea, Platanus × hispanica, Quercus robur (deciduous broadleaf) and Cupressus sempervirens (evergreen conifer)-across contrasting urban ecosystems in Coimbra, Portugal, including open parks, a street canyon and a densely built square. Results demonstrate that dense deciduous canopies function as effective ecological regulators during summer, reducing pedestrian-level air temperature by approximately 1-5 °C and generating consistent daytime vertical thermal stratification, with warmer air retained in the upper canopy and cooler air maintained below. This stratification vanished during winter leaf-off conditions, highlighting the dominant role of phenology in seasonal ecosystem functioning. Urban ecosystem typology strongly mediated canopy p",manual,
W2887841201,2,B7,2006,22,Martina Petralli,RUOLO DELLE AREE VERDI NELLA MITIGAZIONE DELL'ISOLA DI CALORE URBANA: UNO STUDIO NELLA CITTÀ DI FIRENZE,,Florence Research (University of Florence),,"The Urban heat Island (UHI) it’s a phenomenon that matters several subjects, from phenology to human health. City green areas have an UHI mitigation role that is much more important during summer, when air temperatures in the cities remain high during the evening. The air temperature distribution in the city of Florence was studied in this work according to three different settings: street, garden and courtyard, that is little gardens (less than 500 m2) surrounded by walls. Furthermore, air temperature was analysed according to the distance from the center of the city, the mean number of buildings per km2 and their mean high. As a result of this study, the higher air temperatures were found in the center of the city and just near of it. These zones are even characterized by a smaller quantity of green areas, by a higher urban density and by higher mean high of buildings. Moreover, it is in these areas that the higher air temperature differences between streets and gardens were found. It is important to underline that green areas inside the city behaves, as to air temperature, as rural areas surrounding the city do: in fact, at the beginning of the day (up to 8 am), air temperature keeps high fast in the gardens than in the street, to maintain the same value or nearly lower during the afternoon and to reduce suddenly in the evening, when in the street they keep high for many hours.",manual,
W2906911985,2,B7;B7,2013,120,David Armson,"A Comparison of the Shading Effectiveness of Five Different Street Tree Species in Manchester, UK",https://doi.org/10.48044/jauf.2013.021,Arboriculture & Urban Forestry,https://joa.isa-arbor.com/request.asp?JournalID=1&ArticleID=3278&Type=2,"One major benefit of urban trees is the shade they provide on sunny days; this reduces the heat stored in engineered surfaces and lowers the heat load on people, increasing their comfort. This study compared the shading effectiveness of five small street tree species within the urban landscape of Manchester, UK. The area of shade produced by each tree during early and midsummer 2012 was calculated from morphological measurements, such as canopy height, width, and aspect ratio. The effect of tree shade on air, mean radiant and surface temperatures was also compared and related to the leaf area index (LAI) of the canopy. It was found that tree shade reduced mean radiant temperatures by an average of 4°C, though neither tree species nor LAI had a significant effect. Tree shade reduced surface temperatures by an average of 12°C, and the tree species and LAI both had significant effects. Tree species with higher LAI, Crataegus laevigata and Pyrus calleryana, provided significantly more cooling than the other species, and surface temperature reduction was positively correlated with LAI. This study has shown that trees are useful in improving both human thermal comfort and reducing surface temperatures in urban areas, and that selection of tree species with high LAI can maximize the benefits they provide.",ok,Armson 2013 - A Comparison of the Shading Effectiveness of Five Different.pdf
W4200152867,2,B8,2021,137,Chiara Cortinovis,Scaling up nature-based solutions for climate-change adaptation: Potential and benefits in three European cities,https://doi.org/10.1016/j.ufug.2021.127450,Urban forestry & urban greening,https://www.sciencedirect.com/science/article/pii/S1618866721004775/pdf,"Many exemplary projects have demonstrated that Nature-based Solutions (NBS) can contribute to climate change adaptation, but now the challenge is to scale up their use. Setting realistic policy goals requires knowing the amount of different NBS types that can fit in the urban space and the benefits that can be expected. This research aims to assess the potential for a full-scale implementation of NBS for climate-change adaptation in European cities, the expected benefits and co-benefits, and how these quantities relate to the urban structure of the cities. We selected three case studies: Barcelona (Spain), Malmö (Sweden), and Utrecht (the Netherlands), and developed six scenarios that simulate the current condition, the full-scale implementation of different NBS strategies (i.e., installing green roofs, de-sealing parking areas, enhancing vegetation in urban parks, and planting street trees), and a combination of them. Then we applied spatially-explicit methods to assess, for each scenario, two climate change-related benefits, i.e. heat mitigation and stormwater regulation, and three co-benefits, namely carbon storage, biodiversity potential, and overall greenness. Finally, by breaking down the results per land use class, we investigated how the potential and benefits vary depending on the urban form. Most scenarios provide multiple benefits, but each one is characterized by a specific mix. In all cities, a full-scale deployment of green roofs shows the greatest potential to ",manual,
W4404972764,2,B9,2024,36,Antonio Esposito,Urban Morphology and Surface Urban Heat Island Relationship During Heat Waves: A Study of Milan and Lecce (Italy),https://doi.org/10.3390/rs16234496,Remote Sensing,,"The urban heat island (UHI) effect, marked by higher temperatures in urban areas compared to rural ones, is a key indicator of human-driven environmental changes. This study aims to identify the key morphological parameters that primarily contribute to the development of surface urban heat island intensity (SUHII) and investigates the relationship between SUHII and urban morphology using land surface temperature (LST) data from the Sentinel-3 satellite. The research focuses on Milan and Lecce, analyzing how urban geometry affects SUHII. Factors such as building height, aspect ratio, sky visibility, and surface cover are examined using approximately 1000 satellite images from 2022 and 2023. The study highlights seasonal and diurnal variations in SUHII, with particular emphasis on HW periods. Through multicollinearity and multiple regression analyses, the study identifies the main morphological drivers influencing SUHII in the two cities, specifically the Impervious Surface Fraction (ISF) and Mean Building Height (HM). Milan consistently exhibits higher SUHII, particularly during HWs, while Lecce experiences a negative SUHII, especially during the summer, due to lower urban density, more vegetation, and the low soil moisture around the urban area. Both cities show positive SUHII values at night, which are slightly elevated during HWs. The heat wave analysis reveals the areas most susceptible to overheating, typically characterized by high urban density, with ISF and HM values i",manual,
W4411895449,2,B9,2025,17,Alexander Fekete,Cascading impact chains and recovery challenges of the 2024 Valencia catastrophic floods,https://doi.org/10.1007/s43621-025-01483-4,Discover Sustainability,https://link.springer.com/content/pdf/10.1007/s43621-025-01483-4.pdf,"Abstract In the Valencia Region, in Spain, 228 lives were lost after catastrophic floods in October 2024, locally named “DANA”. Additional losses and damages occurred in the recovery phase, which were documented by a field visit two months after the flood. The methodology consisted of empirical research and theoretical impact chain frameworks. Interviews with key informants, such as experts, affected citizens, and industry, identified key focal problems, which included damaged vehicles, disaster waste management, and losses in agricultural production. Additional impact chains emerged, such as potential soil contamination, on groundwater, and ecosystems such as the Albufera Lagoon, and impacts on the food system and agriculture. The resulting conceptual frameworks allow for better cross-sectorial and sustainable cooperation to mediate those cascading impact chains in the further recovery. The examples of Valencia were also compared with other international cases, such as the German 2021 flood disaster, in terms of disaster and waste management. The main conclusions are that, next to direct flood damages, especially waste management and potential long-term contamination, are problems in the recovery process. And on the scientific and management side, gaps in cross-sectorial collaboration must be mitigated, based on a better perception of impact chains and interrelations. An international audience of researchers, policy makers, industry, and affected people can better understand",ok,Fekete 2025 - Cascading impact chains and recovery challenges of the 2024.pdf
W4408550125,2,B9,2024,1,Marco Lucchini,URBAN DESIGN AS A WAY TO ADDRESS CLIMATE CHANGE AND HEAT ISLANDS: THE CASES OF BARCELONA AND MILAN,https://doi.org/10.21005/pif.2024.60.c-01,space&FORM,https://doi.org/10.21005/pif.2024.60.c-01,"The climate crisis and global warming have intensified heatwaves, especially in cities, where urban heat islands make conditions unhealthy, particularly for vulnerable members of the society like the elderly persons and children. In cities like Barcelona and Milan, geographical and population factors worsen this effect. Mitigating urban heat involves strategies at three levels: urban policy, settlementscale projects, and architectural interventions, focusing on improving the urban climate, enhancing energy efficiency, and incorporating greenery. This paper compares how Barcelona and Milan address heat waves, examining not just their effectiveness but also the cultural values shaping these urban and architectural strategies.",ok,Lucchini 2024 - URBAN DESIGN AS A WAY TO ADDRESS CLIMATE CHANGE AND HEAT ISL.pdf
W3104516691,2,B9,2020,23,Charles Axelsson,Urban policy adaptation toward managing increasing pluvial flooding events under climate change,https://doi.org/10.1080/09640568.2020.1823346,Journal of Environmental Planning and Management,,"Climate change is increasing the frequency and intensity of heavy rainfall events. In urban areas, these cloudbursts cause localized flooding and disrupt urban life. However, there is no universal method for urban rainfall adaptation. Here, we demonstrate that while six developed cities; New York City, Vancouver, Sydney, Auckland, Copenhagen and Amsterdam, each present a different management approach toward cloudburst events, these six cities also use a mixture of five common policy alternatives to manage stormwater runoff. Thus, while individual cities might pursue different management approaches toward pluvial flooding, the repetition of the policy alternatives across these six cities indicates the foundation of a global consensus toward the policy adaptation techniques available. As climate change continues to impact our urban environments, it is important to identify and understand policy tools for effective adaptation, ensuring knowledge can be transferred across all cities facing an unpredictable future.",manual,
W4416768236,2,B9,2025,5,Nathalie Rombeek,"Torrential rainfall in Valencia, Spain, recorded by personal weather stations preceding and during the 29 October 2024 floods",https://doi.org/10.5194/hess-29-6715-2025,Hydrology and earth system sciences,,"On 29 October 2024, torrential rainfall locally exceeding 300 mm within less than 24 h, caused devastating floods in the province of Valencia in Spain. In this study we quantify and describe the spatial and temporal structure of the rainfall event on this day using rainfall observations from approximately 225 personal weather stations (PWSs), low-cost commercial devices primarily operated by citizens. The network density of PWSs is ∼7 times higher compared to the dedicated rain gauge network operated by the Spanish Meteorological Agency (AEMET) in the province of Valencia, allowing a more detailed analysis of the spatial and temporal rainfall dynamics. In addition, PWS observations are available in near real-time to the public with a temporal resolution of 5 min, whereas the data from AEMET are not available in real time for the public and at a lower publicly available temporal resolution (1 h). Daily rainfall sums recorded by the PWSs showed a high correlation ( r =0.94) and low bias (underestimation of 4 %) compared to rainfall reported by AEMET. In the upstream parts of the Magro catchment (1661 km 2 ), a first burst of extreme rainfall, reaching up to 180 mm of rainfall in a few hours, started in the morning, leading to the generation of a first flood wave in the upstream parts of the catchment. While the resulting flood wave was propagating downstream through the channel network, a second rainfall peak occurred, which moved downstream along with the flood wave. This spat",manual,
W4407763574,2,B9;B9,2025,12,Angelo Campanale,Investigating urban heat islands over Rome and Milan during a summer period through the TERRA_URB parameterization in the ICON model,https://doi.org/10.1016/j.uclim.2025.102335,Urban Climate,,"The urban heat island (UHI) effect, influenced by various built environment factors, significantly impacts human wellbeing. Detailed studies and interdisciplinary collaborations are crucial for understanding and quantifying this phenomenon and developing effective and targeted strategies to address issues related to the UHI effect. Variability in UHI temporal patterns and magnitudes poses challenges for accurate atmospheric modeling. In order to reproduce UHI dynamics, numerical models account for urban features through urban canopy parameterizations. This work presents encouraging results on the implementation of the urban scheme TERRA_URB (TU) in the ICOsahedral Nonhydrostatic (ICON) atmospheric model. The results of high-resolution ICON simulations, with and without TU, are compared against observational data and COSMO model results, where TU was already well established, for the Italian cities of Rome and Milan during the month of August 2017. The main outcome of this study is the satisfactory implementation of TU in ICON, as it reasonably reproduces UHI effects and improves air temperature forecasts for the investigated urban areas. The results constitute an update of numerical weather prediction and climate simulations for urban modeling applications, while further investigations aimed at enhancing the calibration of the model parameterization and introduction of more realistic urban canopy parameters are planned. • TU implementation in ICON is completed and investigati",manual,
W2269993870,2,B7,2016,194,Marco Morabito,The impact of built-up surfaces on land surface temperatures in Italian urban areas,https://doi.org/10.1016/j.scitotenv.2016.02.029,The Science of The Total Environment,,,manual,
W2287789805,2,B7,2016,914,Stephen J. Livesley,"The Urban Forest and Ecosystem Services: Impacts on Urban Water, Heat, and Pollution Cycles at the Tree, Street, and City Scale",https://doi.org/10.2134/jeq2015.11.0567,Journal of Environmental Quality,https://onlinelibrary.wiley.com/doi/pdfdirect/10.2134/jeq2015.11.0567,"Many environmental challenges are exacerbated within the urban landscape, such as stormwater runoff and flood risk, chemical and particulate pollution of urban air, soil and water, the urban heat island, and summer heat waves. Urban trees, and the urban forest as a whole, can be managed to have an impact on the urban water, heat, carbon and pollution cycles. However, there is an increasing need for empirical evidence as to the magnitude of the impacts, both beneficial and adverse, that urban trees can provide and the role that climatic region and built landscape circumstance play in modifying those impacts. This special section presents new research that advances our knowledge of the ecological and environmental services provided by the urban forest. The 14 studies included provide a global perspective on the role of trees in towns and cities from five continents. Some studies provide evidence for the cooling benefit of the local microclimate in urban green space with and without trees. Other studies focus solely on the cooling benefit of urban tree transpiration at a mesoscale or on cooling from canopy shade at a street and pedestrian scale. Other studies are concerned with tree species differences in canopy interception of rainfall, water uptake from biofilter systems, and water quality improvements through nutrient uptake from stormwater runoff. Research reported here also considers both the positive and the negative impacts of trees on air quality, through the role of tre",manual,
W4400268195,2,B7,2024,107,Tamara Iungman,"The impact of urban configuration types on urban heat islands, air pollution, CO2 emissions, and mortality in Europe: a data science approach",https://doi.org/10.1016/s2542-5196(24)00120-7,The Lancet Planetary Health,,"BackgroundThe world is becoming increasingly urbanised. As cities around the world continue to grow, it is important for urban planners and policy makers to understand how different urban configuration patterns affect the environment and human health. However, previous studies have provided mixed findings. We aimed to identify European urban configuration types, on the basis of the local climate zones categories and street design variables from Open Street Map, and evaluate their association with motorised traffic flows, surface urban heat island (SUHI) intensities, tropospheric NO2, CO2 per person emissions, and age-standardised mortality.MethodsWe considered 946 European cities from 31 countries for the analysis defined in the 2018 Urban Audit database, of which 919 European cities were analysed. Data were collected at a 250 m × 250 m grid cell resolution. We divided all cities into five concentric rings based on the Burgess concentric urban planning model and calculated the mean values of all variables for each ring. First, to identify distinct urban configuration types, we applied the Uniform Manifold Approximation and Projection for Dimension Reduction method, followed by the k-means clustering algorithm. Next, statistical differences in exposures (including SUHI) and mortality between the resulting urban configuration types were evaluated using a Kruskal–Wallis test followed by a post-hoc Dunn's test.FindingsWe identified four distinct urban configuration types characte",ok,Iungman 2024 - The impact of urban configuration types on urban heat island.pdf
